Node,Degree,Betweenness,Closeness,Eigenvector,Harmonic
"('0036582000', 'ICES/Mathematics')",0.0002673082063619353,0.0,0.1172323023408856,1.4446428129220347e-05,0.125032699888825
"('6250004721', 'Applied Mathematics')",0.0010692328254477412,0.0,0.13307957738963394,0.0001056032126806528,0.14466970479400412
"('0013136000', 'Computer Science')",0.0018711574445335472,0.001603277455912014,0.11245040278946736,4.3663525851990626e-06,0.12161466580601829
"('0001479000', 'Eduational Psychology')",0.0005346164127238706,0.0,0.09915186853962364,9.915433269131585e-07,0.10566255775050844
"('0017756000', 'Crop Sciences')",0.0010692328254477412,0.0,0.14953233671756336,0.0008527812387594673,0.1681543818838034
"('0027110000', 'Sibley School of Mechanical and Aerospac')",0.0010692328254477412,0.0,0.08393914916532041,1.1834365109390241e-07,0.08894988231277574
"('0025684000', 'Journalism')",0.0005346164127238706,0.0,0.12289750328515112,0.0005145071289431333,0.135218330622595
"('0021998000', 'Network Science Institute')",0.0002673082063619353,0.0,0.0921723704634489,2.843268298428192e-08,0.09783123752532565
"('0015354000', 'Academic Affairs/UF CPET')",0.0005346164127238706,0.0,0.11830371260514831,0.0014211736659733704,0.12810959091208185
"('0023259000', 'Anthropology and Linguistics')",0.0002673082063619353,0.0,0.14274812073110238,0.00014608526786205622,0.15938393242793855
"('0028381000', 'Physics and Astronomy')",0.003475006682705159,0.004805115164094361,0.09088921282798834,9.75344841570767e-07,0.09748260348111593
"('0010819000', 'Chemistry & Biochemistry')",0.0024057738572574178,0.026037858998811326,0.15225265556957387,0.07881867972888505,0.17365722058985825
"('0038950000', 'Computer Science')",0.0021384656508954825,0.003948896048160192,0.14380718074882756,0.002048143057434153,0.15981776505680978
"('7203576514', 'Instruction & Teacher Education')",0.0010692328254477412,0.0,0.08632545689496031,1.0332540598939143e-07,0.0908564380341834
"('7203577490', 'Computer Science')",0.0010692328254477412,0.0,0.09814518456331821,9.309281976120828e-08,0.10456482792382897
"('0020107000', 'Museum of Natural Science')",0.0005346164127238706,0.0,0.10481634025384551,2.456250433614869e-05,0.11374745297810664
"('0017400000', 'Mechanical Engineering')",0.0013365410318096765,0.0010689469343179423,0.09450788197251414,1.0876835992023126e-07,0.10097233779296579
"('7203595688', 'Unknown Dept')",0.0005346164127238706,0.0,0.10171841861982707,4.1196686512205015e-07,0.11000548158302502
"('0025650000', 'Computer Science and Engineering')",0.0018711574445335472,0.008044733071919196,0.14195188586172877,0.001016898226834381,0.1573490507532213
"('0029231000', 'Mathematics, Science and Instructional T')",0.0002673082063619353,0.0,0.12399323854032017,0.0005253392399526009,0.13422883358375662
"('0013169000', 'Education')",0.0002673082063619353,0.0,0.10987106816646598,1.4516304088503707e-06,0.12039044277285889
"('0036046000', 'School Mathematics Project (RUSMP)')",0.0010692328254477412,0.0,0.13730959809139293,0.00014682989797286218,0.1511746680516439
"('0023259000', 'Youth Policy Lab')",0.0008019246190858059,0.0,0.11830745390721356,0.0002151393248226348,0.1308449701451725
"('0036525000', 'Physics')",0.0024057738572574178,0.005914466801194212,0.11459992647959809,1.1374642957254313e-06,0.12400516076337985
"('6250002767', 'Unknown Dept')",0.0005346164127238706,0.0,0.10159411237541754,5.255145104035194e-07,0.1079583654407493
"('0036327000', 'Industrial and Systems Engineering')",0.0013365410318096765,0.00546082060753921,0.1437298294144767,0.06801171775228727,0.16249511277578665
"('0011536001', 'Biology')",0.0005346164127238706,0.0,0.09836970812516434,1.7490509406801033e-07,0.10576292166448925
"('0039552000', 'Intelligent Systems and Robotics')",0.0002673082063619353,0.0,0.11678581462866419,3.1931635788980802e-06,0.12487506014841566
"('0022905000', 'Statistics & Probabilty')",0.0002673082063619353,0.0,0.13165581559035722,0.0017985295446077648,0.1473775753399792
"('0010512000', 'Center for Advanced Public Safety')",0.0010692328254477412,0.0,0.11140559857057772,0.001180773158976379,0.12022492011642393
"('0500744000', 'Unknown Dept')",0.0008019246190858059,0.0,0.13637854981590172,0.0005108774481978134,0.1506968683993549
"('0037549000', 'Interdisciplinary Ctr for Applied Math')",0.0002673082063619353,0.0,0.1265604384451436,0.00015371248456053435,0.1375740108298256
"('0035352000', 'Electrical Engineering and Computer Scie')",0.002673082063619353,0.0069294292040648,0.10678503125624411,3.03110990279696e-05,0.11658743095413947
"('4062600000', 'Research Applications Laboratory')",0.0016038492381716118,0.00020914760285140047,0.1301760734915443,0.00020259236149530355,0.14310229535640542
"('0013136000', 'Department of Evolution and Ecology')",0.0008019246190858059,0.0,0.09329875052996484,2.758152519062132e-08,0.09870876097926116
"('0035691000', 'Jindal School of Management')",0.0008019246190858059,0.0,0.13883322199955467,0.0006714237807757518,0.1539219683165154
"('0018259000', 'School of Mechanical Engineering')",0.002673082063619353,0.005771622619300478,0.14693059974078002,0.0018122256512167392,0.16612722232857646
"('0011429001', 'Criminal Justice')",0.0010692328254477412,0.0,0.11621621621621622,6.126409359155886e-05,0.12576615185877413
"('0026211000', 'Department of Biological Sciences')",0.0010692328254477412,0.0,0.12784061784506032,0.00022679250883872703,0.13980807870142337
"('0013706000', 'Vice Chancellor for Research')",0.0013365410318096765,0.0,0.13166044907439994,0.000115603036004081,0.14418099456839567
"('0028373000', 'Urban and Regional Planning')",0.0010692328254477412,0.0,0.123424612339162,2.462288259287118e-05,0.13374409827898262
"('0020396000', 'Computer Science')",0.0005346164127238706,0.0,0.1190529230181714,0.00019074910287006721,0.13111840120838153
"('0011080000', 'Sociology and Criminal Justice')",0.0010692328254477412,0.0,0.08893590718904526,1.4228907167288295e-06,0.09420453000195965
"('0034900000', 'Life and Physical Sciences')",0.0016038492381716118,0.0,0.09651204788194624,5.772366323724846e-06,0.10379235507000205
"('0036327000', 'Unknown Dept')",0.0048115477145148355,0.027827046808935968,0.13708318065225358,0.00033360982108849175,0.15563823965989185
"('0015354000', 'Schl of Forest Resources & Conservation')",0.0008019246190858059,0.0,0.13062150837988826,0.0001847574140618637,0.14399037984289711
"('0036327040', 'Ecosystem Science and Management')",0.0010692328254477412,0.0,0.09517873044141967,8.547401583798133e-07,0.10212614148294905
"('0013706000', 'CIRES')",0.002673082063619353,0.01674211522370893,0.12430223285486443,7.0730306390345985e-06,0.13816566871899696
"('0013136000', 'Center for Neuroscience')",0.0002673082063619353,0.0,0.1385914866817323,0.0020385111188685693,0.15176474631814596
"('0034256000', 'Mechanical Engineering')",0.0021384656508954825,0.0016888223108007417,0.13700285651505165,0.0028164451930639753,0.15847641584409797
"('0029728000', 'Crop Science')",0.0010692328254477412,0.0,0.14953233671756336,0.0008527812387594673,0.1681543818838034
"('0037549000', 'VT Carilion Research Institute')",0.0005346164127238706,0.0,0.1352299016772701,0.00015307922515002284,0.1476071383248616
"('0020081000', 'Engineering')",0.0010692328254477412,0.0,0.10758965804837364,1.1035198528904928e-05,0.11615739473408887
"('0026575000', 'Department of Computer Science')",0.0008019246190858059,0.0,0.10877213386444916,2.4520809128447637e-06,0.1170651026009761
"('0039206000', 'Unknown Dept')",0.0013365410318096765,0.0,0.13559752075102396,0.0029443722917978595,0.1491355591460553
"('0037051000', 'William & Mary Law School')",0.0008019246190858059,0.0005346164127238706,0.12266378123155616,2.054792016680977e-05,0.13209428824552283
"('0014894000', 'Center for Ocean-Atmospheric Prediction')",0.0005346164127238706,0.0,0.11415232515562065,6.588957606164318e-06,0.12238954751560892
"('0020107000', 'Educational Psychology')",0.0013365410318096765,0.0,0.08695753236791334,1.2017050020871213e-07,0.092708368931644
"('0023879000', 'Surgery')",0.0010692328254477412,0.0,0.09839040555467887,4.055378851830791e-07,0.10488543151376555
"('0047415000', 'Unknown Dept')",0.002673082063619353,0.0029415338345004836,0.0885653409090909,4.585392278211892e-09,0.09572197891166344
"('0013177010', 'Inst. of Geophysics & Planetary Physics')",0.0008019246190858059,0.0005346164127238706,0.13307957738963394,4.8284006723099515e-05,0.1469766042427433
"('0020537000', 'Climate Change Institute/School of Earth')",0.0002673082063619353,0.0,0.06386465677655052,1.82647411292874e-11,0.067484069117158
"('0018259000', 'Agricultural Economics')",0.0008019246190858059,0.0,0.13408121572703488,0.0010628611440253834,0.14757515750546166
"('7203580862', 'Mathematisches Institut')",0.0008019246190858059,0.0,0.129913876927351,0.00037204164617536293,0.14326552223504951
"('0018697000', 'Veterinary Pathology')",0.0005346164127238706,0.0,0.11200934159705381,6.69413779512176e-05,0.12308654539478998
"('0036327000', 'Materials Science and Engineering')",0.0002673082063619353,0.0,0.10728727523014712,3.8545121240660165e-06,0.11393918967035477
"('4062600000', 'NCAR/CGD')",0.0010692328254477412,0.0,0.13275843713403598,0.00021822095929663056,0.1460838687146538
"('0013136000', 'Chemistry')",0.0021384656508954825,0.006085148017728803,0.1442674790790945,0.0027499596450446377,0.16054008025386413
"('4012746000', 'Multiscale Computational Modeling')",0.0005346164127238706,0.0,0.12706769471145682,0.00040067927344371686,0.1379439952079002
"('0032656000', 'Physics and Astronomy')",0.0010692328254477412,0.0,0.09651204788194624,4.9166692763637174e-06,0.1036281514575226
"('7203597160', 'Unknown Dept')",0.0010692328254477412,0.0,0.12226289299954245,0.0003558801116798841,0.13624802128387228
"('0026294000', 'WINLAB, Electrical & Computer Eng.')",0.0005346164127238706,0.0,0.08846272080209984,3.551569559508715e-09,0.09358351326076812
"('6250012383', 'Education')",0.0005346164127238706,0.0,0.10903208883448456,5.021547874781205e-05,0.11887291015787485
"('0038950000', 'Chemistry')",0.0010692328254477412,0.0005346164127238706,0.139605179684293,0.0023877888205892867,0.1539801450451719
"('0025692000', 'Mathematical Sciences')",0.0010692328254477412,0.0,0.10949161471595399,0.00010560673538239282,0.1183764730612451
"('0001016000', 'Earth and Environmental Sciences')",0.0002673082063619353,0.0,0.14274812073110238,0.00014608526786205622,0.15938393242793855
"('0029504000', 'Information Technology Services')",0.0021384656508954825,3.8118817306514835e-07,0.11284046692607004,1.3428672286152738e-05,0.12103020441444362
"('0010819000', 'School of Sustainable Engineering and Th')",0.0008019246190858059,0.0,0.1426991150442478,0.0798724408443015,0.16071678996699063
"('0013284000', 'School of International Relations')",0.0005346164127238706,0.0,0.11768221711912925,4.555509624222292e-06,0.1265896891886265
"('0031849000', 'Communication')",0.0008019246190858059,0.0,0.0920091492658452,4.79162810567961e-07,0.09850006114691345
"('0012948000', 'Chemistry, School of Math, Science and E')",0.0010692328254477412,0.0,0.11401316591490918,5.446430224625879e-06,0.12150886087203214
"('0023259000', 'Electrical Engr & Computer Sci')",0.0002673082063619353,0.0,0.11490263529700842,1.0584484867915011e-05,0.12386358394176519
"('5300004653', 'Department of Computing Sciences')",0.0008019246190858059,0.0,0.1077011659709227,7.0476371127195435e-06,0.11587421016226522
"('0014803000', 'Chemistry')",0.0010692328254477412,0.0,0.06915227919701283,5.7064394354910495e-12,0.07295087161769259
"('0015693000', 'Materials Characterization Facility')",0.0010692328254477412,0.0,0.11098914139915741,1.9052743117940454e-06,0.12038214095150702
"('7203591180', 'Engineering and Computer Science')",0.0010692328254477412,0.0,0.12063072359086804,4.772316095484003e-05,0.13220928103646665
"('6250004721', 'Unknown Dept')",0.004276931301790965,0.005927386895660714,0.13141993957703926,0.00037974420852867295,0.14425679758478574
"('0019893001', 'Biochemistry')",0.0010692328254477412,0.0,0.11832242148211405,3.111062458246856e-06,0.12877195181595705
"('0010512000', 'Electrical and Computer Engineering')",0.0021384656508954825,0.014882205707244623,0.14301005390114302,0.08335497269657982,0.16221530704289333
"('0027854000', 'Mechanical and Aerospace Engineering')",0.0010692328254477412,0.0,0.12784061784506032,0.00022679250883872703,0.13980807870142337
"('0014266000', 'Department of Epidemiology of Microbial')",0.0010692328254477412,0.0,0.11699765441751368,0.0001974316724560747,0.12931725768121294
"('0011015000', 'Unknown Dept')",0.0010692328254477412,0.007989227622229178,0.1210836354220611,0.0003539951227702691,0.13208023075351785
"('0018093000', 'Department of Physics')",0.0018711574445335472,0.0010689469343179423,0.1382074774641643,0.00019426737323618437,0.1520233315506688
"('0014175000', 'Mechanical Engineering')",0.0010692328254477412,0.0037371688487307145,0.11211004225478738,6.893142884067901e-05,0.12405776521123842
"('0036566000', 'Computer Science and Engineering')",0.0037423148890670943,0.021350557553466577,0.14961007798440312,0.019292906163453537,0.1684770822601614
"('0018697000', 'Geological & Atmospheric Sciences')",0.0016038492381716118,0.0006360744098373295,0.11206974027141188,9.103756247813379e-05,0.12417805390410128
"('0013706000', 'EBIO')",0.0002673082063619353,0.0,0.10388492405098441,5.462649927522503e-07,0.11010226096197012
"('0038000000', 'Math and Statistics')",0.0010692328254477412,0.0,0.12549059072154573,1.2052516978977118e-05,0.14027970599389067
"('0022301000', 'Geology & Geophysics')",0.0013365410318096765,0.0017291836715752251,0.10206531525386735,4.807438709214336e-07,0.11113869064290482
"('0036426000', 'Department of Engineering')",0.0005346164127238706,0.0,0.10023310023310024,2.267002360115141e-07,0.10617002941156652
"('0021550000', 'Linguistics')",0.0002673082063619353,0.0,0.11582401931948358,1.5050451345856778e-06,0.12412798222388222
"('0023879000', 'Physics')",0.0005346164127238706,0.0,0.11557711319822046,4.501270726425053e-06,0.12428635764570789
"('0032102000', 'Fisheries and Wildlife')",0.0013365410318096765,0.001689437053815022,0.12617200674536255,4.339927992062749e-06,0.14154734632528385
"('0036756000', 'Chemical Engineering')",0.0008019246190858059,0.0,0.11943681757231339,6.393139411172234e-06,0.12875733947175394
"('0013706000', 'LASP')",0.0013365410318096765,0.0005346164127238706,0.12734452122408688,4.265550745810658e-05,0.14064757479528892
"('0015354000', 'Food and Resource Economics')",0.0008019246190858059,0.0,0.13062606934599671,0.00017830119718674137,0.1440349312106241
"('0023259000', 'Aerospace Engineering')",0.0024057738572574178,0.001671322286979537,0.13251859723698192,5.685089670498633e-05,0.1459239162491684
"('0025692000', 'Electrical and Computer Engineering')",0.0008019246190858059,0.0,0.0871012805587893,1.90474683302451e-08,0.09238603920465667
"('0032102000', 'School of Psychological Science')",0.0013365410318096765,0.0016029915647822151,0.11543089882440064,0.0001746720004395159,0.12360663256460197
"('0037283001', 'Electrical & Computer Engineering')",0.0010692328254477412,0.0,0.08647511615542867,4.8317171742189274e-08,0.0906596162321349
"('0001024000', 'Mechanical and Aerospace Engineering')",0.0002673082063619353,0.0,0.10012043356081894,0.0001228487039978722,0.10581975744483219
"('0023259000', 'Mechanical Engineering/Applied Mechanics')",0.0002673082063619353,0.0,0.10655084021646255,1.5133143939384924e-06,0.11325450131985121
"('0039693000', 'Forest Resources')",0.0010692328254477412,0.0,0.09533396192757575,8.608035254469584e-07,0.10271440275685584
"('0010835000', 'Unknown Dept')",0.0029403902699812884,0.009794335319447105,0.11110451130052568,4.435341061492892e-06,0.12227773598344606
"('0025650000', 'School of Biological Sciences')",0.0005346164127238706,0.0,0.08661927805691264,2.1863362223449473e-08,0.09146642775621566
"('0035097000', 'Physics')",0.0010692328254477412,0.0,0.10761441762793775,1.2447741233891777e-05,0.1163445104785422
"('0029504000', 'Mathematics and Physics')",0.0008019246190858059,0.0,0.10140134984956496,1.2040068161817085e-06,0.10678148503871226
"('0020537000', 'Computer Science')",0.0008019246190858059,0.0,0.07426302729528536,2.275576515020754e-09,0.08060117920677957
"('0037275000', 'Math, Science, Engineering')",0.0008019246190858059,0.0,0.08359963351136339,6.015192716578851e-09,0.08847896986520604
"('0015370000', 'School of Geosciences')",0.0008019246190858059,0.0005346164127238706,0.10965207960840637,8.319872820622104e-07,0.11845654075581674
"('0036525000', 'Natural Science and Mathematics')",0.0008019246190858059,0.0,0.10986138846470105,1.0123966308336914e-06,0.11689166924732201
"('0021303000', 'Center for Space Physics')",0.0005346164127238706,0.0,0.11137906395141121,1.958594838502156e-06,0.12164129989427602
"('0036301000', 'Computer Science')",0.0008019246190858059,0.0,0.09326386118867172,2.8406936260167573e-08,0.09808176967771576
"('0021055000', 'Graduate School')",0.0013365410318096765,0.0,0.09555311486296646,1.338976928929904e-07,0.1012243129505654
"('0080010000', 'Department of Computer Science')",0.0002673082063619353,0.0,0.08841254460804009,3.374195217906341e-07,0.09252818937362031
"('0025650000', 'Architectural Engineering')",0.0005346164127238706,0.0,0.11072305916476752,3.6466802327423465e-06,0.11850315704094126
"('0013128000', 'Integrative Biology')",0.0016038492381716118,0.002219848389693436,0.14345425262673517,0.09399789452252019,0.16318716330745217
"('0013706000', 'Electrical, Computer & Energy Engr')",0.0016038492381716118,0.00011685342645946754,0.13363577909552046,0.00012119045670717994,0.14591876425276684
"('0010827000', 'SICCS')",0.0032076984763432237,0.004361613294987859,0.10214892280807143,8.172953041595633e-07,0.11055494021053978
"('0020255000', 'Mechanical Engineering')",0.0021384656508954825,0.0008012813640437584,0.08696359663396717,1.2877956524014687e-07,0.09310933124118688
"('0018259000', 'Aeronautics & Astronautics Engineering')",0.0005346164127238706,0.0,0.12219899392434834,0.00034865380191896947,0.1322212659486833
"('0017590000', 'Geography')",0.0016038492381716118,0.0,0.09814003515307328,1.0207804525361622e-07,0.10452027655610195
"('0013169000', 'Department of Sociology')",0.0010692328254477412,0.0,0.0992518306271888,1.4904552959378318e-07,0.10539018395145365
"('0029728000', 'PowerAmerica')",0.0005346164127238706,0.0,0.13038477624424927,0.00012406363552405287,0.14156464799655608
"('0010512000', 'Unknown Dept')",0.0032076984763432237,0.005338730957863936,0.09124390243902439,2.067676679715542e-05,0.09786460925302405
"('0021998000', 'Mathematics')",0.0005346164127238706,0.0005346164127238706,0.1371786879835723,0.0004036291001733159,0.14972560699953597
"('0011379001', 'Physics')",0.0010692328254477412,0.0,0.09715621347876899,4.4412588414359585e-07,0.10260124544217332
"('0015370000', 'College of Pharmacy')",0.0005346164127238706,0.0,0.1096456519827662,8.239659889286753e-07,0.11827833528490879
"('0013177010', 'SIO CASPO')",0.0008019246190858059,0.0,0.12387827411503692,0.0004174989745751278,0.13393454754368062
"('0018697000', 'Department of Chemical Engineering')",0.0005346164127238706,0.0,0.1008654857235299,8.423578574452109e-06,0.1093316856482808
"('0036756000', 'School of Computing')",0.003475006682705159,0.011433758168831902,0.13562209976798145,5.295411168296905e-05,0.15047658609855002
"('0033795000', 'Chemistry/Arts and Sciences')",0.0010692328254477412,0.0010689469343179423,0.13072192326507792,0.00028125615216308895,0.1461875066490856
"('0020107000', 'Department of Geology and Geophysics')",0.0002673082063619353,0.0,0.12156760796802392,4.439635179852883e-05,0.1306409598363232
"('0036756000', 'Department of Biochemistry')",0.0008019246190858059,0.0,0.10470193115029387,2.430123406133709e-05,0.11315046465056507
"('0038273001', 'Unknown Dept')",0.0008019246190858059,0.0,0.09395720313441833,3.238040315892936e-06,0.09869261338719804
"('4062600000', 'Mesoscale & Microscale Meterology')",0.0002673082063619353,0.0,0.05664920197462067,2.0364324373976852e-13,0.059255274939593254
"('0036327001', 'University Telecommunications')",0.0013365410318096765,0.0007808930567215177,0.13951667039606175,0.00014977861881636142,0.15358864234164982
"('0037986000', 'Dept. of Computer Science & Engineering')",0.0002673082063619353,0.0,0.10062131848624223,3.952061554767088e-07,0.10699909876509471
"('0013706000', 'Electrical, Computer & Energy Engineerin')",0.0018711574445335472,0.007518995152643814,0.13950626491646778,0.00027619342144600406,0.15317028897622367
"('0032235000', 'Unknown Dept')",0.0056134723336006415,0.03268185389348976,0.14326197679316816,0.00023736951943268634,0.16225033802219008
"('0017756000', 'National Center for Supercomputing Appli')",0.0037423148890670943,0.03551085660363816,0.1654943596549436,0.004012051309117833,0.19181283939350333
"('0013706000', 'Cognitive and Computer Science')",0.0008019246190858059,0.0,0.1097872340425532,5.270894103684613e-06,0.11720775215161652
"('7203589803', 'Unknown Dept')",0.0002673082063619353,0.0,0.11535615171137835,1.2165180250064343e-05,0.1227827651732017
"('0016915000', 'Chemical and Biological Engineering')",0.0002673082063619353,0.0,0.09180593388794817,5.6141238584821785e-09,0.0965431321860422
"('0021055000', 'Education')",0.0002673082063619353,0.0,0.0771499278201691,7.545661173389211e-10,0.08081448172257383
"('0034140000', 'Graduate School of Oceanography')",0.0024057738572574178,0.016982647837876858,0.1432181003790054,0.09644365042288258,0.16304364425856016
"('7203588577', 'Unknown Dept')",0.0005346164127238706,0.0,0.11924266088674976,0.0010244864368825681,0.12861256072138738
"('0025171000', 'Materials Science & Engineering')",0.0010692328254477412,0.0,0.10115458453884217,2.612942140705564e-07,0.10907655458105808
"('0015941000', 'Unknown Dept')",0.0016038492381716118,0.0016037062926067124,0.08190476190476191,9.980849470443233e-10,0.08682486511722427
"('0010819000', 'Sch. of Human Evol. and Social Change')",0.0010692328254477412,0.0,0.1385093857603021,0.00014515777163296424,0.15379011002153647
"('0017749000', 'Unknown Dept')",0.0048115477145148355,0.016005069049375285,0.15304995295176532,0.0017217179788518884,0.1741166470682019
"('0021303000', 'Electrical and Computer Engineering')",0.0010692328254477412,0.0,0.1003056628056628,3.6760316952226807e-07,0.10847360987139056
"('0037549000', 'Civil & Environmental Engineering')",0.0005346164127238706,0.0,0.1352299016772701,0.00015160733742805547,0.1476071383248616
"('0011098000', 'Unknown Dept')",0.0016038492381716118,0.0,0.12052967330369224,7.65724617258188e-05,0.13303494605147986
"('0018093000', 'Electrical & Computer Engineering')",0.0018711574445335472,8.025028671371341e-05,0.12855670103092784,0.0003877399458659675,0.1416866976775468
"('0021998000', 'Communication Studies')",0.0013365410318096765,0.002418742388155606,0.1310745944430819,1.8427875465276108e-05,0.14366075980597975
"('0027854000', 'Linguistics')",0.0013365410318096765,0.0005346164127238706,0.12425269031486648,4.86822016972604e-05,0.13487136248764248
"('0014811000', 'Psychology')",0.0016038492381716118,0.0,0.08782308613282626,5.265964143268269e-07,0.09318824964253108
"('0025734000', 'Education')",0.0005346164127238706,0.0,0.09656934871834585,1.8007920545512444e-08,0.1014040317672734
"('0011643000', 'Biological Sciences')",0.0002673082063619353,0.0,0.09094445119727726,6.307326802605875e-08,0.09635278152769551
"('0036616000', 'Department of Electrical & Computer Eng.')",0.0013365410318096765,0.0,0.12458787091617544,1.385144682708622e-05,0.1342994125637184
"('0032102000', 'Computer Science')",0.0016038492381716118,0.002136750304116689,0.1154380226494276,0.00017992941447834775,0.12378483803550991
"('6250035115', 'Unknown Dept')",0.0008019246190858059,0.0,0.12220298565968706,0.00039065416589608657,0.13235492005186425
"('0023879000', 'Computer Science')",0.002673082063619353,0.021733979826345576,0.13761265403715284,0.00031347243979484553,0.15414666635243165
"('0015982001', 'Mathematics and Science Education')",0.0005346164127238706,0.0,0.1261379728909569,0.0005154058840927805,0.1404021551675923
"('0035352000', 'Unknown Dept')",0.0002673082063619353,0.0,0.12492903656703958,1.5954088978775242e-05,0.13550322109439966
"('0027110000', 'Cornell Tech')",0.0005346164127238706,0.0005346164127238706,0.11072961373390558,1.786828496093564e-06,0.11814930746896846
"('0037549000', 'Architecture + Design')",0.0008019246190858059,0.0,0.1265690022668065,0.00019353735492416352,0.13784131903618746
"('0036582000', 'Jackson School of Geosciences')",0.0008019246190858059,0.0,0.1188864524740204,3.149963739460583e-05,0.12815179039765104
"('0010827000', 'School of Earth & Sustainability')",0.0013365410318096765,0.0010689469343179423,0.11141223420096492,3.553152062588406e-05,0.1192298745820073
"('0021030000', 'Hearing and Speech Sciences')",0.0016038492381716118,0.0005346164127238706,0.1302758044295863,0.0017907890104267837,0.14210559884825344
"('0021303000', 'Faculty of Computing and Data Sciences')",0.0008019246190858059,0.0,0.1003056628056628,3.264733399203365e-07,0.10838450713593659
"('0035097000', 'Computer Science')",0.0013365410318096765,0.0010689469343179423,0.10761751337667567,9.999940056926228e-06,0.11629995911081524
"('0029058000', 'Computer Science')",0.002673082063619353,0.0021374650319411865,0.09305044274201572,2.1456781905001367e-05,0.09976411180821779
"('0033290000', 'Dept. of Materials Science & Engineering')",0.0005346164127238706,0.0,0.12655615696887687,3.171270603596141e-05,0.13737482848997684
"('0034256000', 'School of Computing')",0.0021384656508954825,0.004803828654010266,0.12585365853658537,0.0008140051808484689,0.14200995923305965
"('0036525000', 'Mathematics')",0.0008019246190858059,0.006121999001557522,0.13157709622960045,6.53165707798753e-05,0.14285549461973007
"('0029769000', 'Division of Student Success')",0.0010692328254477412,0.0,0.10631767414101799,5.553863001368253e-05,0.11555111718739593
"('0013136000', 'Physics Department')",0.0002673082063619353,0.0,0.10804332129963899,3.587327111659368e-06,0.11426368863027919
"('0034256000', 'Department of Materials Science and Engi')",0.0002673082063619353,0.0,0.10753708175232839,2.9812921096349823e-05,0.11635235640082435
"('0013201000', 'MCDB')",0.0018711574445335472,0.0003387522295253792,0.12301065368933316,8.532955700619226e-05,0.1328912845151825
"('5300004653', 'School of Engineering and Computer Sci.')",0.0008019246190858059,0.0,0.1077011659709227,7.0476371127195435e-06,0.11587421016226522
"('0027854000', 'Mech. & Aero. Eng., Civil & Urban Eng.')",0.0010692328254477412,0.0005346164127238706,0.11211004225478738,7.205173513279236e-05,0.12092948187575209
"('0021998000', 'College of Computer Science')",0.0005346164127238706,0.0023463441466220233,0.12897776245474918,4.0990433238091905e-05,0.13925703847162552
"('0015693000', 'Literature, Media & Culture')",0.0005346164127238706,0.0,0.09324294010617881,4.2392621538405306e-08,0.09879320919496423
"('0015354000', 'Animal Sciences')",0.0005346164127238706,0.0,0.13061694773227192,0.00015893642463380887,0.14385672573971617
"('6250004409', 'Conservation Medicine')",0.0010692328254477412,0.0,0.1003056628056628,3.6760316952226807e-07,0.10847360987139056
"('0035303000', 'Electrical Engineering & Computer Scienc')",0.0013365410318096765,0.013288370442276534,0.14303739389768297,0.0743027470687606,0.16227927007798706
"('0011551000', 'Department of Geography & Envir. Studies')",0.0013365410318096765,0.0,0.09009464634058233,2.6498643825347823e-06,0.09637648824148287
"('0021303000', 'Unknown Dept')",0.005078855920876771,0.01543268907767233,0.11147531213683363,2.6318259561032716e-06,0.12415845217085093
"('0035303040', 'Forestry, Wildlife, and Fisheries')",0.0010692328254477412,0.0,0.10482515131136516,3.156369939743476e-05,0.11405931255219554
"('7203583249', 'Process Research and Development')",0.0002673082063619353,0.0,0.13324073084731275,8.26020051955551e-05,0.14600213023298467
"('0024232000', 'Industrial and Systems Engineering')",0.0016038492381716118,0.0002672367335794856,0.1330606437844567,0.0007096046395915015,0.14706797178376083
"('0036368000', 'Mathematics')",0.0008019246190858059,0.0,0.10621805792163544,1.2272230788576335e-05,0.1146612366527149
"('0014316000', 'Department of Geography & Spatial Scienc')",0.0008019246190858059,0.0,0.10658726992991054,2.1873716701417543e-06,0.11508363368002857
"('0013169000', 'Political Science')",0.0018711574445335472,0.0010689469343179423,0.09925709737330857,1.6522299821062352e-07,0.10556838942236164
"('0014456000', 'Department of Computer Science')",0.0010692328254477412,0.0,0.13157709622960045,0.00027649325050028414,0.14275288924447022
"('6250003653', 'Teaching & Learning, Science')",0.0010692328254477412,0.0,0.12400556881463802,0.0007411119008638283,0.13462979589329951
"('0034017000', 'Epidemiology')",0.0010692328254477412,0.0,0.1006510977184675,5.897103769069914e-07,0.10766736928099953
"('0025171000', 'Dept. of Electrical & Computer Engineer')",0.0008019246190858059,0.0,0.10108625162127108,7.126082281918282e-08,0.10785084547690535
"('0028381000', 'Division of Information Technology')",0.0008019246190858059,0.0,0.08332219697982093,1.1749586157946483e-07,0.08767917671142926
"('0017756000', 'Department of Physics')",0.0010692328254477412,0.0,0.10855434971853055,3.7906997899388555e-05,0.11597927371713192
"('0026880000', 'Economics and Business')",0.0010692328254477412,0.0,0.10083286164793402,1.0322921669040307e-05,0.10719859262655959
"('0016105000', 'Hawai?i Institute of Marine Biology')",0.0002673082063619353,0.0,0.10014991701022648,2.685210219190481e-07,0.10592911498167558
"('0023259000', 'Ecology and Evolutionary Biology')",0.0008019246190858059,0.0005346164127238706,0.10637511373976342,2.163647148863097e-05,0.11470700488578539
"('0033290000', 'Architectural Engineering and School of')",0.0005346164127238706,0.0,0.13058959053304012,5.929515486531006e-05,0.14135773856751355
"('0036327060', 'Mechanical Engineering')",0.0021384656508954825,0.0021374412076803698,0.1201773266086286,3.9599784698141214e-05,0.13062976487725342
"('0015354000', 'CISE')",0.0005346164127238706,0.0,0.12623586974860806,0.0018429590197656573,0.13740183191513494
"('0023259000', 'AOSS')",0.0005346164127238706,0.0,0.10413361169102296,8.610254433887618e-06,0.11082692184512909
"('0096354000', 'CIARA - Center for Internet Augmented Re')",0.0005346164127238706,0.0,0.09716630736863978,1.0762418437885259e-06,0.10320708102976724
"('0017392000', 'Industrial Eng. & Mgmt. Sciences')",0.0005346164127238706,0.0,0.10426712004236462,3.576302452722403e-06,0.11065956662328974
"('0014316000', 'Information Technologies')",0.0008019246190858059,0.0,0.1065751239245627,2.1737934775550656e-06,0.11490542820912061
"('0013284000', 'Occupational Therapy')",0.0008019246190858059,0.0,0.13068539090337455,3.765951610931497e-05,0.14370610970096886
"('0022681000', 'Annis Water Resources Institute')",0.0005346164127238706,0.0,0.11943681757231339,5.861209504409549e-05,0.1288793832184971
"('0023879000', 'Chemistry')",0.0016038492381716118,0.005531129064741142,0.13462645746365337,3.105906230398801e-05,0.14861845061972515
"('0033795000', 'Mechanical Engineering')",0.0002673082063619353,0.0,0.11856993439193686,0.0001691022930273276,0.12714580182149415
"('0013706000', 'Inst of Cognitive Science')",0.0013365410318096765,0.0010689469343179423,0.10979367827898923,5.3794531222251514e-06,0.11747506035797846
"('0012492000', 'Biology Department')",0.0002673082063619353,0.0,0.11137906395141121,3.223652937972005e-06,0.11870956947670373
"('0024232000', 'Unknown Dept')",0.0005346164127238706,0.0,0.11744207948766246,0.00013169736981226513,0.12649213534207496
"('0013151000', 'Civil & Environmental Engineering')",0.0008019246190858059,0.0,0.11739416951705527,1.436284607502009e-06,0.1257963456404416
"('5300004653', 'College of Science and Engineering')",0.0008019246190858059,0.0,0.09726483282200614,1.0413823116329818e-06,0.10337337653130682
"('0015354000', 'Research Computing - UFIT')",0.0002673082063619353,0.0,0.14268822946067586,0.064369998293832,0.1604494817606287
"('0037986000', 'Applied Physics Laboratory')",0.0016038492381716118,0.0069142099032600286,0.13058959053304012,7.436308314426688e-05,0.14476853891095176
"('0001057000', 'Civil & Environmental Engineering')",0.0005346164127238706,0.0,0.11121681481701698,2.6796090867808584e-06,0.1196922480690508
"('0032565000', 'Educational Technology & Psychology')",0.0008019246190858059,0.0,0.10908613751676678,3.673636218444019e-06,0.11600060958167391
"('0013706000', 'Mechanical Engineering')",0.0013365410318096765,0.0008017816735209065,0.11592451426977782,5.624208785726635e-06,0.12552399410859644
"('0058891000', 'Biostatistics and Epidemiology')",0.0010692328254477412,0.0,0.09215647632655072,5.493360905433074e-07,0.09950278514482586
"('0026575000', 'Computer Science')",0.0024057738572574178,0.009798761760841105,0.12189638318670577,2.0153053935232242e-05,0.13373337356544154
"('0022335000', 'Computer Science')",0.0002673082063619353,0.0,0.11288813784362835,1.2157073095982124e-06,0.12064645009359262
"('0013482000', 'Civil and Environmental Engineering')",0.00400962309542903,0.014471753597506956,0.13668749314918338,0.00018761704914063983,0.15280496771722873
"('7203587587', 'Unknown Dept')",0.0002673082063619353,0.0,0.1273098519652884,2.9764786987188872e-05,0.13995702859552064
"('0025890000', 'Electrical Engineering')",0.0010692328254477412,0.0,0.07830455259026688,1.2425580743501884e-08,0.08501945167462495
"('0010819000', 'Physics')",0.0005346164127238706,0.0,0.1426936720448564,0.07301774703575357,0.16058313586380968
"('0001057000', 'Department of Philosophy')",0.0002673082063619353,0.0,0.1014535987416608,1.6945973782026216e-07,0.10692998914423688
"('0027110000', 'Cornell Jeb E Brooks School of Public Po')",0.0005346164127238706,0.0,0.12415784408084697,1.592312887707019e-05,0.13421124447234203
"('0011510001', 'Psychology')",0.0008019246190858059,0.00896534409694366,0.13638849392978233,0.00010937828294464125,0.15033762366230338
"('0026633000', 'Biology')",0.0024057738572574178,0.01100384094150212,0.11593529193008553,9.029390550173445e-06,0.12646293532420155
"('0028381000', 'History / Africana Studies')",0.0005346164127238706,0.0,0.11082802547770701,6.003024163903e-05,0.1187141973830015
"('0025692000', 'Civil and Environmental Engineering')",0.0021384656508954825,0.002136750304116689,0.12293789023989483,0.0007686824783724167,0.13619846071258887
"('5300004653', 'Computing and Mathematical Sciences')",0.0002673082063619353,0.0,0.10769496502288627,5.6752999553785946e-06,0.11560690195590331
"('0038950000', 'Educational Psychology')",0.0010692328254477412,0.0004289139808598518,0.1456435412286849,0.0035679049171370857,0.16216626822728533
"('0013508000', 'Center for Collaborative Conservation')",0.0013365410318096765,0.0,0.09896301782974445,1.9765609445618613e-05,0.106916787421794
"('4003045000', 'Unknown Dept')",0.0021384656508954825,0.0122269918392377,0.10530612244897959,3.0027841701573243e-07,0.11427902146201811
"('0037986000', 'Bioengineering')",0.0008019246190858059,0.0,0.12587483176312247,3.90028810626515e-05,0.1392233579046637
"('0036616000', 'Unknown Dept')",0.0056134723336006415,0.01638733124648033,0.12204351939451277,4.531581172265206e-06,0.13599651224952033
"('0015693000', 'Biomedical Engineering')",0.0021384656508954825,0.025439060744568254,0.15245120013040467,0.0007842199804014812,0.17359765149460413
"('0039545000', 'Physics')",0.002673082063619353,0.006934003462141581,0.07428367188896169,4.108497915754907e-11,0.07960304348724445
"('0035451000', 'Unknown Dept')",0.0008019246190858059,0.0005346164127238706,0.12663755458515283,0.0016474814904706213,0.1403087375137947
"('0016162000', 'Electrical and Computer Engineering')",0.0021384656508954825,0.003736311175341318,0.11498739779922543,2.7084037402700932e-05,0.1252434577868552
"('0023879000', 'Department of Fisheries, Wildlife & CB')",0.0002673082063619353,0.0,0.11671658554848371,3.103865040797515e-05,0.124815728183098
"('0013177000', 'Electrical & Computer Engineering')",0.0013365410318096765,1.253714596753934e-05,0.13815133498282803,0.00016826977807650307,0.15386870453901352
"('P269984332', 'Unknown Dept')",0.0005346164127238706,0.0,0.09843441652414156,1.1039207733713615e-06,0.10438943362842941
"('0026633000', 'Department of Economics')",0.0008019246190858059,0.0,0.09921761039649914,3.9653319502936813e-07,0.1066509762833863
"('0016105000', 'Department of Oceanography')",0.0008019246190858059,1.4294556489943064e-07,0.1112929136669245,2.695864652569262e-06,0.11962791648362023
"('0014480000', 'Radiology')",0.0008019246190858059,0.0,0.1261422261186229,7.343046304629626e-05,0.13617768521537665
"('0035097000', 'Leadership')",0.0010692328254477412,0.0,0.10761441762793775,1.2447741233891777e-05,0.1163445104785422
"('4100756000', 'Science Education')",0.0010692328254477412,0.0,0.1116816431322208,0.002266491529957844,0.12016679193078976
"('0027078000', 'Marine Geology and geophysics')",0.0005346164127238706,0.0,0.11054637865311309,4.19327053007966e-07,0.11946107744835718
"('0015792001', 'Chemistry and Biochemistry')",0.0005346164127238706,0.0,0.1096456519827662,8.239659889286753e-07,0.11827833528490879
"('0018697000', 'Industrial & Manufacturing Systems Engin')",0.0010692328254477412,0.0,0.08733308432159866,1.2434398637316494e-07,0.09367377392672017
"('0017392000', 'Molecular Biosciences')",0.0016038492381716118,0.0026702231523213645,0.11363222161472572,3.556439068371841e-06,0.12420162398435282
"('4002995000', 'Plant Biology and Conservation')",0.0008019246190858059,0.0,0.12576903681290974,0.0004551973293071696,0.140584315465796
"('0022301000', 'Geology and Geophysics')",0.0018711574445335472,0.0018086329620791532,0.10670888242341263,2.710396782466879e-06,0.1161453017836498
"('0026997000', 'Chemistry')",0.0002673082063619353,0.0,0.07729019462005703,2.603220821340806e-07,0.08070085797690849
"('0010819000', 'Civil, Environmental and Sustainable Eng')",0.0010692328254477412,0.0,0.13215812343236655,0.010803239856289417,0.14496696871396225
"('0015511000', 'School of Education')",0.0008019246190858059,0.0,0.1234083261859207,3.233674408888122e-05,0.13387762030150874
"('4000600000', 'Unknown Dept')",0.0008019246190858059,0.0,0.12500417683028703,0.010867841110927198,0.13666858884380972
"('0014266000', 'Mechanical Engineering')",0.0010692328254477412,0.0010689469343179423,0.09752854684811513,7.124948272010879e-06,0.10478643877280387
"('7203576416', 'Community Environmental Health Program')",0.0005346164127238706,0.0,0.08955116696588869,7.393993901129932e-07,0.0948685662010321
"('0029728000', 'Department of Entomology & Plant Patholo')",0.0010692328254477412,0.0,0.1401701075349395,0.0009233415628214866,0.15609050498432153
"('0022335000', 'Global School')",0.0002673082063619353,0.0,0.1080090079685876,4.464068899687772e-05,0.11712049444256767
"('0026294000', 'Human Ecology')",0.0010692328254477412,0.0,0.08136323104025751,6.249424286276047e-10,0.08627768457843508
"('0023879000', 'Mathematics')",0.0016038492381716118,0.012607371704915236,0.12617200674536255,4.079994427740969e-05,0.13964251595436494
"('0013201000', 'Psychology')",0.0002673082063619353,0.0,0.11875813466239167,1.8892274198527292e-05,0.12735760954060765
"('0013151000', 'Bioengineering')",0.0002673082063619353,0.0,0.10443886097152429,7.824003457404868e-07,0.11104740539709398
"('0013144000', 'Department of Mathematics')",0.0002673082063619353,0.0,0.08960908306984766,8.771805341753429e-08,0.09383311038670766
"('0036566000', 'Computer Science & Engineering')",0.0008019246190858059,0.0005346164127238706,0.13015795699672952,0.0020934635952419662,0.14166885079723074
"('0500330000', 'Computer Science')",0.0008019246190858059,0.0,0.08707492493540954,4.6156400485044715e-09,0.09226046698475728
"('0031252000', 'Engineering Education')",0.002673082063619353,0.020682538319220966,0.1447811447811448,0.0008899891116004555,0.16259761355992347
"('0013144000', 'Department of Chemical & Biomolecular En')",0.0002673082063619353,0.0,0.12856995566553253,7.1513852238027875e-06,0.1402064284145993
"('6250038251', 'Unknown Dept')",0.0005346164127238706,0.0,0.12233886000196213,2.2941784796314875e-05,0.13192765783559662
"('4006680000', 'Infrastruture Security Environment')",0.0024057738572574178,0.003736311175341318,0.10054289400129005,0.0001911993452577103,0.10882335858395858
"('0028829000', 'Physics')",0.0021384656508954825,0.0032045536739154362,0.1076051314502675,3.718175417575782e-06,0.11562725642693962
"('0034710000', 'Research Computing Services')",0.0037423148890670943,0.0053368726655202425,0.1094531730009655,2.200193550317149e-06,0.11868902391438146
"('6250027514', 'Information Technolgoy Services - Cyberi')",0.0037423148890670943,0.007463592955833154,0.13762784195423441,9.406099851206312e-05,0.15305933184488793
"('0020776000', 'Earth and Planetary Sciences')",0.0002673082063619353,0.0,0.1273098519652884,2.9764786987188872e-05,0.13995702859552064
"('0013201000', 'Earth Research Institute')",0.0005346164127238706,0.0,0.1090829566992273,1.5875206555238106e-06,0.1196394592231584
"('0096354000', 'University of Graduate School')",0.0013365410318096765,0.0,0.13624444606307815,0.015201669008785659,0.15180090076842293
"('0018697000', 'Computer Science Department')",0.0002673082063619353,0.0,0.0774951319550897,1.8246044758949314e-08,0.08145002226848148
"('0029751000', 'Political Science')",0.0005346164127238706,0.0,0.10410173642030277,6.692170303140601e-06,0.11058188932263063
"('0013177000', 'Center for Memory and Recording Research')",0.0008019246190858059,0.0,0.13728944181437852,0.00014430108272594385,0.1524026173872809
"('5300010311', 'Environmental genomics and systems biolo')",0.0008019246190858059,0.0,0.12599353361174728,0.00035353905727125647,0.1369158214451632
"('0025171000', 'English')",0.0010692328254477412,0.0,0.10115458453884217,2.612942140705564e-07,0.10907655458105808
"('0032102000', 'COAS')",0.0008019246190858059,0.0,0.12341646872525733,5.265093744905221e-06,0.13736842061468257
"('0103648000', 'Science')",0.0002673082063619353,0.0,0.11137574801274226,2.8320646805791047e-06,0.11866501810897673
"('0017756000', 'Electrical & Computer Engineering')",0.0010692328254477412,0.0010690898798828418,0.09795758051846033,8.170137098891946e-06,0.10372473130196774
"('0013151000', 'Electrical Engineering Department')",0.0008019246190858059,0.0005346164127238706,0.10444760867744367,8.757766996788296e-07,0.11135926497118291
"('0016162000', 'Micron Schools of Materials Science and')",0.0008019246190858059,0.0,0.10314878129480534,3.280721500092773e-06,0.11021025298101264
"('0029728000', 'Crop and Soil Sciences')",0.0005346164127238706,0.0,0.11950931220649778,5.7945319670205185e-05,0.12942818396777878
"('0016162000', 'Unknown Dept')",0.0018711574445335472,0.0010690898798828418,0.12047145203361995,5.3286576231290864e-05,0.13244686799748365
"('4062600000', 'Unknown Dept')",0.0056134723336006415,0.01035265618902259,0.14961606143017117,0.0012669720001503388,0.17064809165497916
"('0020107000', 'Mechanical Engineering')",0.0010692328254477412,0.0,0.08001283285210138,3.140440996193212e-08,0.08445223500942298
"('0010827000', 'Educational Specialities')",0.0005346164127238706,0.0,0.09268618998067489,8.8288505727464e-08,0.09822726951501495
"('0028381000', 'SoMAS')",0.0002673082063619353,0.0,0.09977596415426468,5.88836938411325e-06,0.10515799793359942
"('6250014191', 'Unknown Dept')",0.0008019246190858059,0.0,0.11137906395141121,0.0014445650772905475,0.11987275216201057
"('0037457000', 'Graduate Arts & Sciences')",0.0005346164127238706,0.0,0.10469900086759397,3.4464261042050235e-06,0.11063663931121541
"('0018259000', 'Technology Leadership and Communication')",0.0008019246190858059,0.0,0.14333333333333334,0.0007799752072437613,0.1604138725193965
"('0023259000', 'Civil & Environmental Engineering')",0.0010692328254477412,0.0,0.1328291435875586,0.0005996060779428779,0.1492884539360795
"('0018408000', 'Dept. of Computer Science & Engineering')",0.0008019246190858059,0.0,0.10669975186104218,5.7527382543212864e-06,0.11301288088093342
"('0025163000', 'Dept. of Fisheries and Wildlife Sciences')",0.0010692328254477412,0.0,0.09533396192757575,8.608035254469584e-07,0.10271440275685584
"('0021030000', 'Electrical and Computer Engineering')",0.0013365410318096765,0.002195381155361524,0.11570938108935697,1.987333956243351e-06,0.12561269030442043
"('0032169000', 'Applied Linguistics')",0.0008019246190858059,0.0,0.09009681614565772,2.2723353552671447e-06,0.09617600708671142
"('0010835000', 'department of Soil, Water and Environmen')",0.0008019246190858059,0.0,0.14274812073110238,0.08679469286656538,0.16094400194239825
"('0013706000', 'Astrophysical and Planetary Sciences')",0.0002673082063619353,0.0,0.11296313071836217,4.171202290094044e-06,0.12154453026871878
"('0001065000', 'Unknown Dept')",0.0005346164127238706,0.0,0.08802560060236711,5.456716193762812e-07,0.0931571295233547
"('0025650000', 'Agricultural Economics')",0.0013365410318096765,0.0,0.08663131324826899,3.3601117391079154e-08,0.09200104416893955
"('0023259000', 'Institute for Social Research')",0.0018711574445335472,0.0,0.14276991184215548,0.00026714170548769174,0.1599185488406624
"('0029744000', 'RENCI')",0.0010692328254477412,0.0,0.09866807332190426,3.034248244972642e-07,0.10488345416556911
"('0038950000', 'Department of Biomedical Engineering')",0.0002673082063619353,0.0,0.13556803768798695,0.0017963343106584728,0.14851183999787743
"('4091876000', 'Merit Research')",0.0010692328254477412,0.0016029915647822151,0.11397148427979527,1.0748309228784793e-06,0.12122751384909337
"('0010819000', 'Sustainability and the Built Environment')",0.0008019246190858059,0.0,0.1426991150442478,0.0798724408443015,0.16071678996699063
"('0035295000', 'Computational Engineering')",0.0010692328254477412,0.0,0.10506066052572456,0.00018379834765161043,0.11412059832621999
"('0010553000', 'Space Science')",0.0010692328254477412,0.0,0.14407301856273588,0.00022141091027713477,0.16260793747632188
"('0016162000', 'Materials Science and Engineering')",0.00400962309542903,0.02259615680896402,0.13689757382808213,0.00037171894374996765,0.1559578671211299
"('0017756000', 'Biochemistry')",0.0005346164127238706,0.0,0.14200576981475857,0.0004318349550387152,0.15705180051257753
"('0022301000', 'Unknown Dept')",0.0018711574445335472,0.004279295224705796,0.10271546635182999,2.351339674246015e-06,0.1109774981595511
"('0017590000', 'Unknown Dept')",0.0010692328254477412,0.0,0.10879427674053394,6.296998243815081e-07,0.1175995237507563
"('0023879000', 'Civil Engineering Department')",0.0010692328254477412,0.0,0.12529725022607763,0.0003146328142714946,0.135864066834868
"('4025938000', 'Unknown Dept')",0.0013365410318096765,0.004268926350156597,0.1301217391304348,1.7532079014319414e-05,0.14297235216087628
"('0017756000', 'Discovery Partners Institute')",0.0016038492381716118,0.0010689469343179423,0.13851964305550413,0.00014801354734926585,0.1540574182278984
"('0037549000', 'Mechanical Engineering')",0.0018711574445335472,0.0073719976128078625,0.1387920160273058,0.0001559154365625753,0.1520145270245514
"('0026575000', 'Chemical and Materials Engineering')",0.002673082063619353,0.002136750304116689,0.09830508474576272,4.2971413328327086e-07,0.10589409802272788
"('0028381000', 'Yang Institute for Theoretical Phys. Sto')",0.0010692328254477412,0.0,0.08332405283203778,1.3359026043460346e-07,0.08781283081461022
"('P270033622', 'Unknown Dept')",0.0002673082063619353,0.0,0.11923886020271562,1.527793128638664e-05,0.12905136677838225
"('0035691000', 'Electrical and Computer Engineering')",0.0005346164127238706,0.0,0.0975132937128558,2.810951225541166e-07,0.10382320370880967
"('0016162000', 'Anthropology')",0.0005346164127238706,0.0,0.09351798615103868,3.6391655315087926e-07,0.09868393332297873
"('0001057000', 'Human Computer Interaction Institute')",0.0029403902699812884,0.009062319977929206,0.12724922616415524,1.2466451173959904e-05,0.14009734766197443
"('0015354000', 'Department of Computer & Information Sci')",0.0008019246190858059,0.0,0.12457127634777397,0.001578563804391733,0.13546430138899196
"('0013284000', 'Civil Engineering')",0.0005346164127238706,0.0,0.1130177336032144,2.565508398364798e-06,0.11981039167934789
"('0023879000', 'Speech-Language-Hearing Sciences')",0.0002673082063619353,0.0,0.08438218974150764,2.301167509838443e-09,0.08763781018967362
"('0025692000', 'School of Life Sciences')",0.0024057738572574178,0.0023155055157479147,0.09540446801999387,1.5712584770338243e-07,0.10315936128108115
"('0020107000', 'School of Education')",0.0013365410318096765,0.002136750304116689,0.12688237688237688,0.0021405410296780605,0.13927982412993567
"('0036327060', 'Chemical Engineering')",0.0013365410318096765,1.2865100840948758e-06,0.12063461352423334,5.103908526773367e-05,0.13234293513964762
"('0026633000', 'Civil Engineering')",0.0021384656508954825,0.0010689469343179423,0.12042491549975858,3.676204194919736e-05,0.13149472504795318
"('0014316000', 'College of Marine and Earth Studies')",0.0010692328254477412,0.0,0.10103438031706592,1.3792047433065925e-06,0.10698376597239641
"('0022301000', 'Marine Chemistry and Geochemistry')",0.002673082063619353,0.006349357247987344,0.1106608294385612,2.2370097359512436e-06,0.12292594819529308
"('0010512000', 'Physics and Astronomy')",0.0010692328254477412,0.0,0.1397407642598334,0.0002680831158524172,0.15418380287713757
"('0031849000', 'Management Information Systems')",0.0008019246190858059,0.0,0.0920091492658452,4.79162810567961e-07,0.09850006114691345
"('0036616000', 'Civil Engineering')",0.0021384656508954825,0.005604333029811923,0.11704890335095898,3.740037951185936e-05,0.12643046386029458
"('7203590731', 'Technology')",0.0010692328254477412,0.0,0.09086934343802376,8.801103243730254e-07,0.09627971655248727
"('0013128000', 'Environmental Science, Policy & Managem')",0.0005346164127238706,0.0,0.12901334620822844,0.010213687135134559,0.14162440999850878
"('0026864000', 'Unknown Dept')",0.0018711574445335472,0.002136750304116689,0.11212684330416017,7.537754294625589e-05,0.12141954692074897
"('0027078000', 'Psychology')",0.0016038492381716118,0.009070555996676279,0.1252008032128514,1.1711852022795465e-05,0.13741142275553758
"('0036582000', 'Architecture')",0.0010692328254477412,0.0,0.09724966205677446,5.227144300347761e-07,0.1032995485505021
"('0021030000', 'Unknown Dept')",0.006682705159048383,0.03410902348916546,0.14975980784627702,0.013254239555902478,0.16995680557228215
"('0027110000', 'Chemical Engineering')",0.0002673082063619353,0.0,0.11616208663251049,4.329653117708921e-05,0.1250043234706426
"('0018093000', 'IUCF')",0.0010692328254477412,0.0,0.12143344045184536,2.3320597239035303e-05,0.13031182405609928
"('0013169000', 'Unknown Dept')",0.0005346164127238706,0.0005346164127238706,0.09030124553442116,1.6320278599889534e-08,0.09486396801535085
"('0013144000', 'Urban Planning and Public Policy')",0.0008019246190858059,0.0,0.128578793607149,8.88353998321828e-06,0.14047373662096121
"('0010819000', 'Unknown Dept')",0.019780807270783213,0.14056058034254437,0.16642939763324138,0.6632996193458409,0.20166446535732802
"('7203576416', 'Unknown Dept')",0.0005346164127238706,0.0,0.08955116696588869,7.393993901129932e-07,0.09486856620103211
"('5300004653', 'Physical and Environmental Sciences')",0.0018711574445335472,0.0005346164127238706,0.09727494929533517,2.3951099456268418e-06,0.1037075117892592
"('0029207000', 'Radiology')",0.0002673082063619353,0.0,0.12702454925129877,2.0777410702257923e-05,0.1371422597866074
"('0030908000', 'Center of Healthy Aging, Self-Management')",0.0005346164127238706,0.0,0.08092323000713837,7.98296495655755e-08,0.08505392650762503
"('0037986000', 'Mechanical Engineering')",0.002673082063619353,0.005185887335110256,0.13455382512678488,0.0004785942885089254,0.14877309712561446
"('0033290000', 'Penn State Harrisburg')",0.0013365410318096765,0.0,0.14666562120202298,0.0010774575773859014,0.1630158003955117
"('0010819000', 'School of Public Affairs')",0.0008019246190858059,0.0,0.14270455845889757,0.08073993662587171,0.16076134133471762
"('0015644000', 'Computer Science')",0.0005346164127238706,0.010557933110870218,0.1388229182128544,6.753279385825378e-05,0.1527638133356571
"('0034256000', 'School of Mathematical and Statistical S')",0.0010692328254477412,0.0005346164127238706,0.11861128725428027,0.0001906739460680898,0.12772942473871773
"('0027078000', 'Electrical Engineering')",0.0024057738572574178,0.004226301054990822,0.12065795839380745,1.9960937006876847e-06,0.1327337399363202
"('0013177010', 'Geosciences Research Division')",0.0029403902699812884,0.020872424201784937,0.14785392459094143,0.0004233724776459688,0.16741385299572
"('0026278000', 'Geosciences')",0.0005346164127238706,0.0005346164127238706,0.103462580894961,4.234565780705872e-08,0.11125389819667711
"('0036327000', 'Sociology')",0.0005346164127238706,0.0,0.1322889776866226,0.0014052275028223304,0.1500569573497544
"('7203587408', 'Unknown Dept')",0.0010692328254477412,0.0,0.11618373241405013,6.068566666834363e-05,0.12547656796854867
"('0096354000', 'Biological Sciences')",0.0010692328254477412,0.0,0.12685226001152894,0.0024884031407295753,0.1387006563494849
"('0017749000', 'University Research Administration')",0.0013365410318096765,0.0005346164127238706,0.14277536065949165,0.0002085791162420364,0.15996310020838936
"('0010827000', 'Mechanical Engineering')",0.0010692328254477412,0.0,0.14358088658606794,0.09764851682707307,0.16217486365842446
"('6250026896', 'Unknown Dept')",0.0010692328254477412,0.0,0.14263926487970413,0.0007256292979831169,0.15715779619796358
"('0037549000', 'Institute for Creativity, Arts, and Tech')",0.0008019246190858059,7.147278244971532e-08,0.13523479015291184,0.00016668580099542452,0.14774079242804253
"('0029769000', 'Office of the Provost')",0.0016038492381716118,0.0,0.10631767414101799,6.106528424376711e-05,0.11555111718739593
"('0029751000', 'Computer Science')",0.0010692328254477412,0.0,0.11618373241405013,6.068566666834363e-05,0.12547656796854867
"('0011015000', 'STEM Education Center')",0.0016038492381716118,0.009579354086170444,0.1375974694718258,0.0029055453486650767,0.15378452552316907
"('0010827000', 'School of Earth Sci. & Env. Sustain.')",0.0008019246190858059,0.0,0.09335928726510444,1.0639834423278598e-07,0.09958916060296068
"('0036756000', 'Department of Chemistry')",0.0018711574445335472,0.004271213479194988,0.07720884155779828,7.175068406763601e-10,0.08227513013590876
"('0022301000', 'Applied Ocean Physics and Engineering')",0.0008019246190858059,0.0,0.1251924235325614,1.931045628856662e-05,0.13704342552153265
"('0029975000', 'Electrical and Computer Engineering')",0.0005346164127238706,0.0026702231523213645,0.10452056325435852,3.4275090036119126e-06,0.11123595890376581
"('0027078000', 'L-DEO')",0.0002673082063619353,0.0,0.11757865292139422,1.0645203115684068e-06,0.12798224775546152
"('0035295000', 'Computer Science and Engineering')",0.0021384656508954825,0.007263784799655691,0.11422551983145553,0.001308003526173883,0.12564346575148955
"('0028381000', 'Institute Advanced Computational Science')",0.0008019246190858059,0.0,0.08332219697982093,1.1749586157946483e-07,0.08767917671142927
"('0014266000', 'Chemical Engineering')",0.0002673082063619353,0.0,0.08161706955231696,6.96913934230592e-08,0.08555470770467773
"('0036327000', 'Department of Geography')",0.0010692328254477412,0.0,0.123424612339162,2.462288259287118e-05,0.13374409827898262
"('0010819000', 'Arts, Media, and Engineering')",0.0010692328254477412,0.0,0.1456832431169438,0.09093437031600175,0.1642271766369601
"('0025171000', 'Mechanical and Aerospace Engineering')",0.0010692328254477412,0.0016029915647822151,0.11243688386631402,5.24845073917807e-07,0.12205527531178999
"('5300001194', 'Neuroscience')",0.0016038492381716118,0.0,0.11921606118546844,2.9827263015675954e-06,0.1309949092915208
"('0035097000', 'CREP')",0.0010692328254477412,0.0,0.10761441762793775,1.2447741233891777e-05,0.1163445104785422
"('0035303000', 'Microbiology')",0.0002673082063619353,0.0,0.11923886020271562,1.527793128638664e-05,0.12905136677838225
"('0016162000', 'Civil Engineering')",0.0008019246190858059,0.0,0.1296931877275091,6.738569522333931e-05,0.14310488432027282
"('0034140000', 'Chemical Engineering')",0.0010692328254477412,0.0,0.09304118583366494,1.87819383558701e-05,0.09922949539549397
"('0014811000', 'Comp & Electr Eng and Computer Science')",0.0008019246190858059,0.0,0.13880231522707034,0.00147558462321203,0.15233083765561717
"('0032169000', 'Geography')",0.002673082063619353,0.004269641077981094,0.0990101630319712,1.8114996468869197e-05,0.10791919319565123
"('0034017000', 'Computer Science')",0.0018711574445335472,0.0032046966194803355,0.11190212676856809,4.303371514055646e-06,0.12196786396795148
"('0001057000', 'Mechanical Engineering')",0.0005346164127238706,0.0,0.12710223218836,1.1128700602863082e-05,0.13806580529362378
"('0038950000', 'School of Journalism and Mass Communicat')",0.0013365410318096765,0.0,0.11307580703663402,1.32715750271367e-05,0.12176702391747855
"('0014266000', 'Yale Quantum Institute')",0.0008019246190858059,0.0,0.09240002963914343,5.077697100154692e-08,0.09675659287687771
"('0013706000', 'University of Colorado Boulder Anthropol')",0.0002673082063619353,0.0,0.10977434783884504,4.236572510074558e-06,0.11685134120980062
"('0039545000', 'CREOL, The College of Optics & Photonics')",0.0002673082063619353,0.0,0.06468625179395847,5.686187556296472e-13,0.06748565404919886
"('0014456000', 'Biology')",0.0010692328254477412,0.0016029915647822151,0.10972605150466358,2.2678265506615787e-07,0.11818228502847355
"('0001479000', 'Educational Leadership & Policy Studies')",0.0008019246190858059,0.0,0.11195570851414036,3.841852891485056e-05,0.1197361416687792
"('0021246000', 'Unknown Dept')",0.0002673082063619353,0.0,0.12573099415204678,0.00019880635630611376,0.13561281892924965
"('0014241000', 'Physics and Mathematics')",0.0005346164127238706,0.0,0.1456378712967649,0.0002134941583605857,0.16153971584652324
"('0038000000', 'Institute of Biological Chemistry')",0.0002673082063619353,0.0,0.09488421639992899,3.166195591931921e-06,0.10124221427829849
"('0014456000', 'Computer Science')",0.0005346164127238706,0.0,0.13157709622960045,0.00025198662086245606,0.14275288924447022
"('6250028082', 'Unknown Dept')",0.0002673082063619353,0.0,0.11373240507098775,3.090029064500216e-05,0.12142010380653054
"('0015693000', 'Chemical & Biomolecular Engineering')",0.0008019246190858059,0.0008895422752315641,0.12794555217346695,2.111274638759837e-05,0.13996436227437767
"('0038000000', 'School of Biological Sciences')",0.0013365410318096765,0.0005346164127238706,0.10482808865973604,3.1850424486948496e-05,0.11419296665537652
"('0036442000', 'Educational Psychology, Leadership, and')",0.0008019246190858059,0.0,0.108984443279147,5.284565798743201e-05,0.11856996085733129
"('0026294000', 'Plant Biology and Pathology')",0.0002673082063619353,0.0,0.09701008738946659,2.518002534069292e-08,0.1036124730212816
"('0031849000', 'Institute for Quality Communities')",0.0008019246190858059,0.0,0.07795049174862477,9.08589227931597e-09,0.08270982969780187
"('0026963000', 'electrical engineering technology')",0.0010692328254477412,0.0,0.10408725411090398,2.764885687354782e-07,0.11142670542055533
"('6250006425', 'Computer Science')",0.0010692328254477412,0.0,0.13227026835908495,0.00018332755298964903,0.14419819169217876
"('0016105000', 'Institute for Astronomy')",0.0013365410318096765,0.0,0.12098965071151359,1.3303935372239585e-05,0.13058781938623013
"('0035949000', 'Mathematics')",0.0008019246190858059,0.0,0.09843441652414156,1.139957355403207e-06,0.1045008120477469
"('0020776000', 'Mechanical Engineering')",0.0005346164127238706,0.0005346164127238706,0.11209996404171162,5.799158527742656e-05,0.12061762230166315
"('0039545000', 'Florida Space Institute, University of C')",0.0010692328254477412,0.0,0.09651204788194624,4.9166692763637174e-06,0.1036281514575226
"('0013177000', 'Pediatrics')",0.0008019246190858059,0.0,0.12603173533672474,0.00042099898599216715,0.13702127414684692
"('0010819000', 'Computing, Informatics, Decision Systems')",0.0010692328254477412,0.0,0.10480459448101975,2.6724896410988028e-05,0.11376972866197019
"('0017590000', 'Civil Engineering')",0.0010692328254477412,0.0,0.09814003515307328,9.298333944138152e-08,0.10452027655610197
"('0010819000', 'The Design School')",0.0002673082063619353,0.0,0.1248915003004607,0.007826499141943012,0.13588893990858744
"('7203587855', 'Unknown Dept')",0.0002673082063619353,0.0,0.118600006340551,4.646899197858184e-05,0.1274820482972989
"('0096354000', 'Research & Economic Development')",0.0013365410318096765,0.0,0.13624444606307815,0.015201669008785659,0.15180090076842293
"('0039453000', 'UPR-MSC-Institute of Neurobiology-CREST')",0.0010692328254477412,0.0,0.10767946577629382,2.7557254137162494e-07,0.11568903219440248
"('0025197000', 'Unknown Dept')",0.0008019246190858059,0.0,0.12136253041362531,1.600097820051945e-05,0.13132155345113558
"('0001057000', 'Pittsburgh Super Computing Center')",0.0016038492381716118,0.0003469071924869834,0.15256310917173035,0.0014829834332143505,0.17261783105455036
"('0010868000', 'Unknown Dept')",0.0018711574445335472,0.0,0.09758706143211164,9.692715650941936e-06,0.10441310100715444
"('0023259000', 'School of Information')",0.0002673082063619353,0.0,0.12819985607073095,2.4613240364531453e-05,0.14005006998721467
"('0018408000', 'Department of Chemistry and Biochemistry')",0.0010692328254477412,0.0,0.12945980551614356,0.00016729368396996278,0.14145068506405797
"('7203582078', 'Mechanical Engineering')",0.0010692328254477412,0.0,0.11063792032650165,4.4846479164168545e-05,0.11802874276811637
"('0020537000', 'Frontier Institute for Research in Senso')",0.0008019246190858059,0.0,0.06821041115872004,1.679671432510274e-10,0.07300867895559925
"('0035691000', 'Mathematics')",0.0002673082063619353,0.0,0.11373240507098775,3.090029064500216e-05,0.12142010380653054
"('0025064000', 'Department of Earth and Atmospheric Scie')",0.0008019246190858059,0.002932515328172493,0.1415490559612547,0.00020041406631282667,0.15642627957831537
"('0038950000', 'Department of Computer Sciences')",0.0002673082063619353,0.0,0.13033480820820123,5.2601231624576595e-05,0.1420500359641299
"('0010835000', 'Hydrology and Atmospheric Sciences')",0.0018711574445335472,0.007718988434675255,0.1208138220571613,3.6446895231054126e-05,0.1326034243322739
"('5300002828', 'Unknown Dept')",0.0018711574445335472,0.0,0.09922813718469006,7.708652871547541e-07,0.10718559269611012
"('6250007085', 'Natural Sciences')",0.0010692328254477412,0.0,0.13713845815462444,0.0008389152912720661,0.15109364224240027
"('0025650000', 'Ag Leadership, Education & Communication')",0.0010692328254477412,0.0,0.12959883600083144,4.303982944604694e-05,0.14334291770715132
"('0035949000', 'Information Science')",0.0029403902699812884,0.0037371688487307145,0.10023310023310024,3.990528009679104e-07,0.10894267762090926
"('0021030000', 'Chemical and Biomolecular Engineering')",0.0002673082063619353,0.0,0.13025766016713092,0.0012862824511327834,0.1416600851709836
"('0023887000', 'Chemistry and Biochemistry')",0.0005346164127238706,0.0,0.09837488166614074,3.1583630776168273e-07,0.10448446920422261
"('0010819000', 'Civil and Environmental Engineering')",0.0008019246190858059,0.0,0.12375124048957989,0.00021748595949378478,0.13414993998040461
"('0020081000', 'Mechanical Engineering Program')",0.0010692328254477412,0.0,0.10758965804837364,1.1035198528904928e-05,0.11615739473408887
"('0013128000', 'Physics')",0.0002673082063619353,0.0,0.10892415198718881,4.3928219610268274e-05,0.11584377333822976
"('0025650000', 'Educational Psychology')",0.0005346164127238706,0.0,0.08661927805691264,2.1863362223449473e-08,0.09146642775621566
"('7203589348', 'Unknown Dept')",0.0008019246190858059,0.0,0.10503706199460916,3.0033730090384885e-06,0.11097469993880063
"('0018259000', 'Civil Eng/Environ & Ecological Eng')",0.0008019246190858059,0.0,0.13917410714285713,0.0030776515010961,0.15476059959820979
"('6250042415', 'Unknown Dept')",0.0005346164127238706,0.0,0.1130177336032144,2.565508398364798e-06,0.11981039167934789
"('0015982001', 'Chemical, Materials and Biomedical Engin')",0.0010692328254477412,0.0,0.12970218077176437,5.7550826962929297e-05,0.1421919748403316
"('0035303000', 'Industrial & Systems Engineering')",0.0008019246190858059,0.0,0.10481927710843374,2.7609493350695907e-05,0.1138811070812876
"('0011098000', 'Department of Physiology and Biophysics')",0.0002673082063619353,0.0,0.14237868696479544,0.0005226057996923839,0.15813814622602804
"('0022905000', 'Computational Math Sci and Engr')",0.0013365410318096765,0.0,0.14422854499190377,0.0012785924433370468,0.1615536851102204
"('0027078000', 'Marine and Large Programs')",0.0010692328254477412,0.0,0.11614405464141571,1.9007196803156084e-06,0.12635038568089044
"('0030908000', 'School of Communication')",0.0002673082063619353,0.0,0.10673323823109843,6.725446892835205e-07,0.1135971897056077
"('0020297000', 'Physics')",0.0013365410318096765,0.0,0.13819726634650906,0.00019030077649210235,0.15175602334430682
"('0018259000', 'Electrical & Computer Engineering')",0.0005346164127238706,3.973955804874076e-05,0.14524207011686144,0.019547137114172084,0.16141374255849
"('0023275000', 'Computer Science')",0.0002673082063619353,0.0,0.09110391349877019,3.892875945986402e-08,0.09663626873698684
"('0023259000', 'Mechanical Engineering')",0.0048115477145148355,0.02388812428162718,0.14704610667819662,0.00025269004331779826,0.1672521617955365
"('0022210000', 'Unknown Dept')",0.00400962309542903,0.012074107583962082,0.11637528774964226,5.040685064709292e-05,0.1274057920963427
"('0033795000', 'Biological Sciences')",0.0005346164127238706,0.0,0.12710223218836,1.1128700602863082e-05,0.13806580529362378
"('0020537000', 'Physics and Astronomy Department')",0.0010692328254477412,0.0,0.07125171415511199,9.079584366664959e-10,0.07738244452628308
"('7203583983', 'City Managers Office - Facilities')",0.0010692328254477412,0.0,0.08733308432159866,1.2434398637316494e-07,0.09367377392672019
"('0036582000', 'Department of Molecular Biosciences')",0.0010692328254477412,0.0,0.13507853403141362,0.00020506617749521775,0.14807041061050744
"('4057006000', 'Finance and Infrastructure')",0.0013365410318096765,0.030380592683977085,0.16014554794520547,0.000816946444772088,0.180412961093064
"('0027854000', 'Electrical  and Computer Engineering')",0.0008019246190858059,0.003567827039589914,0.12670618120237087,0.00024551495868518403,0.13755923381023685
"('0017749000', 'Consortium for Advanced Science and Engi')",0.0002673082063619353,0.0,0.1327395947911862,0.0001674199167263325,0.1450027605688194
"('0037986000', 'Chemical Engineering')",0.0005346164127238706,0.0016029915647822151,0.10065380579546372,5.452351804943508e-07,0.10737523959833256
"('4000032000', 'Unknown Dept')",0.0021384656508954825,0.005334585536481852,0.10679417642021125,3.5592722791563974e-05,0.11680127751922902
"('0033290000', 'Information Sciences and Technology')",0.0013365410318096765,0.0,0.10231934795689514,1.445296638569086e-07,0.10756987752588197
"('5300002735', 'Unknown Dept')",0.0008019246190858059,0.0,0.12457127634777397,0.001578563804391733,0.13546430138899196
"('0025684000', 'NRES')",0.0010692328254477412,0.0,0.11739048575373415,1.2386408851315278e-06,0.1278832015063669
"('0010512000', 'Department of Geography')",0.0010692328254477412,0.0,0.10031911185004425,0.00017016461720692236,0.10720201666590456
"('0017400000', 'Schoool of Education and Social Policy')",0.0002673082063619353,0.0,0.1385606874328679,8.813573695428439e-05,0.1537589871155141
"('0021055000', 'Unknown Dept')",0.003475006682705159,0.004803590411402101,0.10563917205545986,8.750571495837322e-07,0.11412867695875617
"('0028381000', 'Yang Institute for Theoretical Physics')",0.0010692328254477412,0.0,0.09086934343802376,8.801103243730254e-07,0.09627971655248727
"('0001289000', 'Medicine, Division of Pulmonary Sciences')",0.0010692328254477412,0.0,0.07168039854378233,9.967178949953792e-11,0.07544250326346517
"('0015693000', 'G.W. Woodruff School of Mechanical Engin')",0.0010692328254477412,0.0,0.11456132292145153,2.840399375577646e-06,0.12379818846208131
"('0015941000', 'Sociology')",0.0005346164127238706,0.0,0.08916271420740282,4.525358615550768e-09,0.09428316872889597
"('0013144000', 'Dept. of Computer Science')",0.0002673082063619353,0.0,0.1232863168995518,2.8942188032703855e-06,0.13215798980280863
"('0010819000', 'Physics Department')",0.0010692328254477412,0.0,0.11696838945689898,8.826426886292128e-06,0.12614958036781554
"('7203588757', 'Unknown Dept')",0.0010692328254477412,0.0,0.14462442494297753,0.0006284801221595217,0.1604590140175547
"('4002457000', 'Dolan DNA Learning Center')",0.0008019246190858059,0.0,0.10966493712074575,2.866325874449797e-06,0.11714514713154124
"('0026575000', 'Water Resources Research Institute')",0.0008019246190858059,0.0,0.10877213386444916,2.4520809128447637e-06,0.1170651026009761
"('0019893001', 'Graduate School')",0.0002673082063619353,0.0,0.11239972358260975,4.564131820133061e-07,0.12134245342815815
"('0032102000', 'School of Electrical Engineering and Com')",0.0024057738572574178,0.0004845104749162788,0.12056851875725151,9.22101341197812e-05,0.13364975492611228
"('0023259000', 'School of Education')",0.0008019246190858059,0.0,0.1003271830079382,3.2459662702165284e-07,0.10865181534229854
"('0035352000', 'Civil & Environmental Engineering')",0.0016038492381716118,0.0,0.09651204788194624,5.772366323724846e-06,0.10379235507000206
"('0010835000', 'Department of Geosciences')",0.0016038492381716118,0.031039208416220706,0.11222775544489111,3.2556160103715304e-05,0.12242334730836464
"('0016717000', 'Steans Center')",0.0010692328254477412,0.0,0.09111722726940595,4.875906200444555e-08,0.09637299586637287
"('4003110000', 'National Solar Observatory')",0.0008019246190858059,0.0,0.13015795699672952,0.00015483003251270404,0.14265678167913556
"('0026294000', 'Department of Mathematics')",0.0016038492381716118,0.0032046966194803355,0.109156162464986,8.12335709552656e-06,0.11765914213081421
"('0035105000', 'Mathematical Sciences')",0.0010692328254477412,0.0,0.11282004885551435,2.076325476951163e-06,0.12058662397121639
"('4000093000', 'Usable Security and Privacy')",0.0002673082063619353,0.0,0.1006510977184675,3.3922006847813255e-06,0.10579172345045
"('0036582000', 'Electrical and Computer Engineering')",0.0024057738572574178,0.030615947462717102,0.15711225903993953,0.002630692139935097,0.17732044419093282
"('0039545000', 'Physics Department')",0.0002673082063619353,0.0,0.06914844457588584,4.024384070261257e-12,0.07254990930814968
"('0025163000', 'Electrical Engineering and Computer Scie')",0.0010692328254477412,0.0005346164127238706,0.11125650557620818,0.0012658987189164952,0.11960406498474285
"('0019489001', 'Dept of Ecology and Evolutionary Biology')",0.0010692328254477412,0.0,0.10457023060796646,1.0364413632081867e-06,0.11179942342012875
"('6250007085', 'Department of Natural Sciences')",0.0013365410318096765,0.0005346164127238706,0.13714348559278539,0.0008461880771801406,0.15122729634558124
"('0021550000', 'Physics')",0.0008019246190858059,0.0010689469343179423,0.10501052631578947,6.110359749521595e-06,0.11156390900100793
"('0013284000', 'Rossier School of Education')",0.0008019246190858059,0.0026702231523213645,0.11927687794924118,1.5608473308486192e-05,0.12957707291756074
"('0013136000', 'Electrical & Computer Engineering')",0.0002673082063619353,0.0,0.10108625162127108,4.264390035262846e-07,0.10708298804540746
"('0037986000', 'Department of Biochemistry')",0.0010692328254477412,0.0010689469343179423,0.13862229962574574,0.0023083328413224737,0.1522993627308697
"('0037986000', 'Computer  Science & Engineering')",0.0005346164127238706,0.0,0.1211973952765089,8.834602302264406e-06,0.1348359902454438
"('0036566000', 'The Department of CSE')",0.0005346164127238706,0.0,0.13015342866089136,0.0020754910475937224,0.1415351966940498
"('0029728000', 'Physics')",0.0008019246190858059,0.0005346164127238706,0.13039386545834786,0.0001252565534531231,0.14174285346746401
"('0028936000', 'Mathematical Sciences')",0.0010692328254477412,0.0,0.12711086949135267,1.4197078318006507e-05,0.13833311349998578
"('0030908000', 'The School of Environment and Natural Re')",0.0010692328254477412,0.0,0.12525529848997222,3.7334824975068096e-05,0.13591403584386808
"('7203592685', 'Unknown Dept')",0.0002673082063619353,0.0,0.1225071225071225,0.0002317435047664965,0.1315131859001859
"('0027078000', 'Department of Computer Science')",0.0016038492381716118,0.012819806967264973,0.13309378112992742,4.4086596030329195e-05,0.14852927726694826
"('0036475000', 'Engineering Science')",0.0002673082063619353,0.0,0.13339751818570816,0.00018233063601042754,0.1447973426822671
"('0028829000', 'Department of Mech., Aero., Manuf. Eng.')",0.0002673082063619353,0.0,0.0885653409090909,3.623499504383152e-08,0.09261374871417824
"('0018929000', 'Anatomy & Cell Biology')",0.0008019246190858059,0.0,0.07818018432216672,1.0517198652918633e-08,0.08385655490226554
"('0032243000', 'Shiley School of Engineering')",0.0008019246190858059,0.0,0.09010332618801031,2.2805459556053647e-06,0.0963096611898924
"('0013508000', 'Agricultural Biology')",0.0010692328254477412,0.0,0.10879427674053394,6.296998243815081e-07,0.1175995237507563
"('0014811000', 'Computer and Electrical Engineering')",0.0005346164127238706,0.0,0.11612242364042712,0.0001200204196338459,0.12381901081780793
"('0013706000', 'Linguistics')",0.0010692328254477412,0.0,0.0989368454458902,6.415370453793316e-07,0.10413725044603693
"('0017392000', 'Political Science')",0.0016038492381716118,0.0010689469343179423,0.13919482065783598,0.00013005231025834936,0.1560052246464348
"('0037457000', 'Electrical and Computer Engineering')",0.0002673082063619353,0.0,0.10510493636389177,2.3373924110925092e-07,0.11277647354808285
"('0010819000', 'School of Sustainability, Arizona State')",0.0005346164127238706,0.0,0.1426936720448564,0.07128815901203643,0.16058313586380968
"('5300013006', 'Plant Sciences')",0.0002673082063619353,0.0,0.1385914866817323,0.0020385111188685693,0.15176474631814596
"('0037986000', 'The Information School')",0.0013365410318096765,0.0,0.11735734228440568,3.0208740350556254e-05,0.12620440086004484
"('0023879000', 'Biology Teaching and Learning')",0.0008019246190858059,0.0,0.12089971883786317,1.8815853408648588e-06,0.13293814352001074
"('0026575000', 'Biology')",0.0008019246190858059,0.0,0.09143122494867534,5.960791679912119e-08,0.09755071581988548
"('0038968000', 'Physics')",0.0005346164127238706,0.0,0.07570269340510351,6.138235600521336e-11,0.07909036117286987
"('0013177010', 'Ship Operations & Marine Tech Support')",0.0008019246190858059,0.0,0.1267018898597846,1.0567899377390734e-05,0.1404849449320894
"('0010835000', 'Department of English')",0.0008019246190858059,0.0,0.11620538626409468,5.160840206951796e-05,0.12554339502013917
"('0020107000', 'Biological Sciences')",0.0010692328254477412,0.0,0.0951956842587409,7.503598513649427e-07,0.10217069285067605
"('0032094000', 'Behavioral Sciences Division')",0.0008019246190858059,0.0,0.10349406589758486,2.1034533102792917e-05,0.10917546229163967
"('0010637000', 'Water and Environmental Research Center')",0.0002673082063619353,0.0,0.10166865963691706,3.3221859136293807e-07,0.10956951462741091
"('0035238000', 'Electrical and Computer Engineering')",0.0008019246190858059,0.0,0.0950868007015225,2.288236193810581e-05,0.10168722782751766
"('0010819000', 'Mechanical & Aerospace Engineering')",0.0013365410318096765,0.0005346164127238706,0.13216279234084646,0.010896784509083119,0.14510062281714317
"('0013706000', 'Civil, Environmental, and Architectural')",0.0005346164127238706,0.0,0.09825086668767728,3.4238107989635997e-06,0.1047767210775136
"('0020107000', 'Office of Strategic Initiatives')",0.0016038492381716118,0.0005346164127238706,0.08695955369595537,1.2121222295406265e-07,0.09284202303482497
"('0010504000', 'Physics')",0.0013365410318096765,0.0005346164127238706,0.12713678844519966,1.4441664834828874e-05,0.13868952444180163
"('0011080000', 'Physics')",0.0018711574445335472,0.0,0.09758706143211164,9.692715650941936e-06,0.10441310100715444
"('0013177000', 'Medicine')",0.0010692328254477412,0.0016358962908325943,0.14815841584158415,0.0002551449277406126,0.16709339321254968
"('0021030000', 'Smith School of Business and UMIACS')",0.0016038492381716118,0.0019738880147765255,0.11839356921324135,4.232503952598431e-06,0.1289155487518561
"('0030908000', 'School of Music')",0.0005346164127238706,0.0,0.10904480135249366,4.9804981222678555e-05,0.11900656426105584
"('0018697000', 'Civil, Construction, and Env Engineering')",0.0016038492381716118,0.000888964173553054,0.11205295632900018,8.598771427297653e-05,0.12395529706546632
"('0026963000', 'Chemistry')",0.0002673082063619353,0.0,0.09427923387096775,2.726644553217715e-08,0.09936304850622263
"('0010637000', 'International Arctic Research Cener')",0.0002673082063619353,0.0,0.10166865963691706,3.3221859136293807e-07,0.10956951462741091
"('0022335000', 'Robotics Engineering Department')",0.0016038492381716118,0.0026702231523213645,0.10804644177449169,5.768824047868877e-05,0.11802488720742554
"('0014266000', 'Department of Chemical Engineering')",0.0005346164127238706,0.0005346164127238706,0.08886830102622577,7.076747038332999e-07,0.09417008855829097
"('0035998000', 'Unknown Dept')",0.0008019246190858059,0.0,0.11173167672182067,3.947422933333619e-05,0.11914790733897647
"('6250012534', 'Unknown Dept')",0.0002673082063619353,0.0,0.11518566414188065,3.3748470469484627e-06,0.1238073212699312
"('0036582000', 'Unknown Dept')",0.0056134723336006415,0.02973343238023091,0.1531000613873542,0.0009832112731598763,0.174081024562179
"('0021998000', 'Chemistry & Chemical Biology')",0.0002673082063619353,0.0,0.13913787332167962,0.002464092196451162,0.1542705345532129
"('0013151000', 'Earth, Planetary, and Space Sciences')",0.0010692328254477412,0.0005346164127238706,0.1129767764926162,4.720445724245112e-06,0.12178956279121722
"('0010819000', 'School of Historical Philosophical and R')",0.0008019246190858059,0.0,0.0982947528836806,6.164486148927288e-06,0.10522668989155622
"('0022905000', 'Physics-astronomy')",0.0010692328254477412,0.0,0.13230301315603338,0.001802776258817837,0.15036881692384327
"('5300004653', 'Physical and Environmental Science')",0.0002673082063619353,0.0,0.08865349068676241,2.3345197253214948e-07,0.0930613115833171
"('0022210000', 'Civil and Environmental Engineering')",0.0008019246190858059,0.0005346164127238706,0.08523775889174964,3.1827503518714496e-08,0.08976347281623458
"('0014894000', 'Computer Science')",0.0010692328254477412,0.0005346164127238706,0.09352032398380081,3.6777437636771194e-07,0.09872848469070573
"('0034710000', 'Office of Engineering Research')",0.0013365410318096765,0.0,0.10942115885226242,1.9358619563709094e-06,0.1174415856180258
"('0117119000', 'Department of Mathematics')",0.0016038492381716118,0.0,0.09111500803741049,7.614646112439195e-08,0.09730453925289163
"('0025650000', 'Department of Computer Science and Engin')",0.0018711574445335472,0.025817098008334698,0.14877117633023146,0.002417480225615521,0.16630183131786974
"('0029728000', 'Plant and Microbial Biology')",0.002673082063619353,0.002191824280262452,0.13572050500653027,0.0005385252585530607,0.15162444326084176
"('0015941000', 'Environmental and Health Sciences')",0.0005346164127238706,0.0,0.10857010186609398,6.499825602518296e-07,0.11809987686667477
"('0096354000', 'TEACHING AND LEARNING')",0.0010692328254477412,0.0,0.1116816431322208,0.002266491529957844,0.12016679193078976
"('0037549000', 'Biological Sciences')",0.0029403902699812884,0.010674041038829811,0.13706309078918444,0.0002515573416514269,0.15220939178437212
"('0015354000', 'Computer & Information Science & Enginee')",0.0002673082063619353,0.0,0.11844604863221884,1.595562290454432e-05,0.12712038395325306
"('0027110000', 'Division of Nutritional Sciences')",0.0010692328254477412,0.0,0.10205139396584648,4.939701381934693e-07,0.10949894865847162
"('0013284000', 'Civil & Environmental Engineering')",0.0016038492381716118,0.016047229155686554,0.14603583557793653,0.00018741239376232068,0.16453912147223215
"('0017749000', 'Computational Institute')",0.0005346164127238706,0.0,0.1327725724020443,0.00019155603813905515,0.145319075279681
"('0036566000', 'Department of Mathematics')",0.0010692328254477412,0.0,0.1045673076923077,1.027045502502001e-06,0.11175487205240175
"('0016931000', 'Department of Computer Science')",0.0005346164127238706,0.0,0.09813488628315102,7.772708394902744e-08,0.10420841698201305
"('0103952000', 'Engineering')",0.0008019246190858059,0.0,0.11965456580841197,0.00010264806782615623,0.13013352110184484
"('0029207000', 'Nicholas School of Environment')",0.0002673082063619353,0.0,0.11274184798987402,2.333127842570679e-06,0.11969366338263397
"('0013284000', 'Aerospace and Mechanical Engineering')",0.0008019246190858059,0.0010690898798828418,0.11925406439273191,1.557212997887397e-05,0.12940777772019815
"('0033290000', 'Social Science Research Institute')",0.0005346164127238706,0.0,0.12345719754471653,6.455371267240063e-06,0.13411094811325422
"('0010553000', 'Center for Space Plasma and Aeronomic Re')",0.0029403902699812884,0.009963856301618708,0.14424522845575477,0.0002455021582290414,0.1640781326113125
"('0022905000', 'Computational Math, Sci and Eng (CMSE)')",0.0013365410318096765,0.0,0.14422854499190377,0.0012785924433370468,0.1615536851102204
"('0032235000', 'School of Urban and Public Affairs')",0.0010692328254477412,0.0,0.12001154882586937,5.797276594551229e-06,0.1295598543693979
"('0114637000', 'Natural Sciences')",0.0005346164127238706,0.0,0.10158859470468432,2.6865449874630127e-07,0.10899034684696013
"('0023259000', 'Chemical Engineering')",0.0010692328254477412,0.0020419150383739386,0.13581905315132153,8.995321401265174e-05,0.1494564376646085
"('0025650000', 'Agricultural Research Division / School')",0.0013365410318096765,0.0,0.12256331291157488,0.00047330922683252297,0.13244876462245272
"('0031849000', 'Chemical, Biological and Materials Engin')",0.0010692328254477412,0.0,0.1008709251220104,1.0530317651753431e-05,0.10959899385464275
"('0026294000', 'Physics and Astronomy Department')",0.0010692328254477412,0.0,0.1377951305757118,0.0003730174306135174,0.15167051750499183
"('0035303000', 'Theory and Practice in Teacher Education')",0.0024057738572574178,0.0016024197825226176,0.12532663316582915,0.01093823768136429,0.13826289136032544
"('0010512000', 'Chemical and Biological Engineering')",0.0008019246190858059,0.0005346164127238706,0.08362205780450187,2.243540097224409e-06,0.08820857509546162
"('0015354000', 'Electrical Engineering')",0.0005346164127238706,0.0,0.10046459166957596,1.966262552081171e-05,0.10629628601631248
"('0017756000', 'Mechanical Science and Engineering')",0.0024057738572574178,0.005333727863092455,0.12174167724299521,0.00026811385522917806,0.13251149481749985
"('0029751000', 'Mechanical Engineering Engineering Scien')",0.0010692328254477412,0.0,0.12590024904085617,8.379362086296297e-05,0.13723947719183424
"('0020107000', 'Bert S. Turner Department of Constructio')",0.0010692328254477412,0.0,0.11260949399476235,0.00029305696896483326,0.12093403049875025
"('P269892764', 'Civil, Architectural, and Environmental')",0.0008019246190858059,0.0,0.13041204768876805,9.588778088963111e-05,0.1425432817661171
"('0029728000', 'Computer Science')",0.0013365410318096765,0.003753355247037747,0.12460862034508027,2.7577780344569057e-05,0.13563137198509215
"('0015644000', 'Department of Environmental Sciences')",0.0016038492381716118,0.012948226999394949,0.13156321434851415,9.478752880894699e-06,0.14672383568604527
"('0037457000', 'Weldon Cooper Center for Public Service')",0.0013365410318096765,0.0,0.1302758044295863,0.0021024161989890455,0.1421947015837074
"('0013128000', 'Materials Science and Engineering')",0.0016038492381716118,0.0010689469343179423,0.1290667586682767,0.0020697859798897403,0.14166733608039883
"('0018259000', 'Forestry and Natural Resources')",0.0008019246190858059,0.0,0.14020688104340004,0.0031445786093740272,0.15606253135322895
"('0014175000', 'Ecology & Evolutionary Biology')",0.0018711574445335472,0.005333299026397757,0.10287081339712918,2.2215375479601298e-07,0.11030061240259065
"('0015354000', 'Department of Civil and Coastal Eng.')",0.0002673082063619353,0.0,0.13061238740311432,0.00014348809277545162,0.1437230716365352
"('0036582000', 'Civil, Architecture & Envir Engineering')",0.0010692328254477412,0.0,0.13507853403141362,0.00020506617749521772,0.14807041061050744
"('0029751000', 'Office of Assessment and Accreditation')",0.0002673082063619353,0.0,0.089619816496179,1.246676872839481e-07,0.09396676448988867
"('0021303000', 'Department of Physics')",0.0008019246190858059,0.0005346164127238706,0.09117718742383622,2.9585964995261668e-08,0.09707623436650364
"('4202859000', 'Geography, CLES')",0.0002673082063619353,0.0,0.11274524577318344,3.9988133380887144e-07,0.12298306144536991
"('0022301000', 'Physical Oceanography')",0.0010692328254477412,0.011695520228941617,0.1429881894278179,0.00015241721560933877,0.16085412756292905
"('0025684000', 'The Department of Electrical & Biomedica')",0.0016038492381716118,0.002136750304116689,0.12516310348288667,0.01041156679423952,0.13745640552978203
"('0013508000', 'Political Science')",0.0010692328254477412,0.0005346164127238706,0.13041659403869618,9.672231783537049e-05,0.14267693586929808
"('0037812000', 'Physical Sciences - Geology program')",0.0010692328254477412,0.0005346164127238706,0.12533083185366345,2.9031006745878372e-05,0.136636901027911
"('0500330000', 'CMES')",0.0016038492381716118,0.0010689469343179423,0.08343369463401579,3.3775233588945465e-09,0.08886284803482859
"('0028936000', 'Unknown Dept')",0.0008019246190858059,0.0,0.1266246953696182,7.007943493382162e-06,0.1390858962223122
"('0020537000', 'Mechanical Engineering')",0.0018711574445335472,0.00972890419313648,0.07892238560367924,1.330595312476563e-08,0.08718019082882317
"('0033290000', 'College of Information Sciences and Tech')",0.0005346164127238706,0.0,0.13638849392978233,0.0006301107799117499,0.14964694747172808
"('0013151000', 'Mechanical and Aerospace Engineering')",0.0008019246190858059,0.0,0.11739416951705527,1.436284607502009e-06,0.12579634564044162
"('0025361000', 'Mathematics')",0.0008019246190858059,0.0,0.129913876927351,0.00037204164617536293,0.14326552223504951
"('0026633000', 'Earth and Planetary Sciences')",0.0010692328254477412,0.0,0.10283687943262411,5.607014394398743e-07,0.1109473121401735
"('0037457000', 'Anthropology')",0.0005346164127238706,0.0,0.10469900086759397,3.4464261042050235e-06,0.11063663931121541
"('0028373000', 'Department of Communication')",0.0010692328254477412,0.0,0.14118046645029814,0.00018823704672716178,0.15565896205431107
"('0021055000', 'Computer Science & Electrical Eng.')",0.0010692328254477412,0.0,0.08359589729838439,7.644731753203113e-09,0.08880676411040217
"('0014175000', 'Physiology and Neurobiology')",0.0008019246190858059,0.0,0.12517566753663922,0.011625553916455138,0.13697896337230772
"('4003554000', 'Physics')",0.0002673082063619353,0.0,0.11788246415629432,1.042503163719902e-05,0.12568091969301984
"('0036962000', 'Computer Science')",0.0002673082063619353,0.0,0.1313507250447667,9.143870998874656e-05,0.1428017269937891
"('0036582000', 'Mathematics')",0.0010692328254477412,0.0005346164127238706,0.13279613787228,0.00014838673599643185,0.1450548378675892
"('0038950000', 'Chemical Engineering')",0.0008019246190858059,0.001526293571960576,0.1344909404659189,8.938983275620268e-05,0.14810819318284368
"('0025684000', 'Geography')",0.002673082063619353,0.015922134691887982,0.12315643929417962,0.0007896179071446055,0.13774884830948805
"('0014894000', 'Chemistry')",0.0010692328254477412,0.0,0.12114637305699481,5.3853084285314474e-05,0.13060752244722662
"('0027110000', 'Earth and Atmospheric Sciences')",0.0010692328254477412,0.0,0.1301670146137787,0.00017749391040936617,0.1428349871500435
"('0025692000', 'Mechanical Engineering & Mechanics')",0.0008019246190858059,0.0,0.07795049174862477,9.08589227931597e-09,0.08270982969780187
"('0021998000', ""Chancellor's Office"")",0.0002673082063619353,0.0,0.1313507250447667,9.143870998874656e-05,0.1428017269937891
"('4025938000', 'Economics')",0.002673082063619353,0.0032054113473048325,0.1151892108261231,2.2493925617466227e-06,0.12432315593549537
"('0036327000', 'Geochemical and Environmental Research G')",0.0005346164127238706,0.0,0.09062280468011918,2.3987104142680068e-08,0.09642343353634221
"('0017392000', 'ECE')",0.0002673082063619353,0.0,0.11503690036900369,2.857156933300148e-05,0.1235042592577138
"('0017392000', 'Computer Science')",0.002673082063619353,0.009161711182009386,0.12998610145934678,0.00029070863726527384,0.14355926677498504
"('0039321000', 'Electrical & Computer Engineering')",0.0010692328254477412,0.0,0.13032118720824915,0.0011030267664668431,0.14250623551593097
"('0015511000', 'Department of Chemistry')",0.0024057738572574178,0.0030987476723107615,0.13101491910065138,5.800420064091123e-05,0.14254871216579426
"('0016105000', 'Office of the Chancellor')",0.0008019246190858059,0.0,0.11132271983335813,2.808126077508052e-06,0.11983730791193707
"('6250023418', 'Unknown Dept')",0.0008019246190858059,0.0,0.10908613751676678,1.779422492492695e-06,0.11977311332633939
"('0015693000', 'Computational Science and Engineering')",0.0010692328254477412,0.0017154135522577509,0.11525663934931296,1.2265424621872774e-05,0.12509536332358143
"('0033787000', 'Graduate School of Education')",0.0013365410318096765,0.0005346164127238706,0.12859205279802008,1.0348403935232425e-05,0.1407855961950501
"('0017400000', 'Department of Anthropology')",0.0010692328254477412,0.0,0.10205139396584648,4.939701381934693e-07,0.10949894865847162
"('0001024000', 'MS&E')",0.0010692328254477412,0.0,0.0945054945054945,1.358078625779298e-07,0.10101688916069278
"('0029751000', 'Political Science and Public Administrat')",0.0005346164127238706,0.0,0.10410173642030277,6.692170303140601e-06,0.11058188932263063
"('P270071340', 'Unknown Dept')",0.0002673082063619353,0.0,0.11526374168104511,0.00017379082654572027,0.12283201735534383
"('0017756000', 'Chemical & Biomolecular Engineering')",0.0005346164127238706,0.0,0.11925786604609646,1.5640580760899714e-05,0.1282089787467399
"('0026294000', 'Center for Women and Work')",0.0008019246190858059,0.0,0.08136500065248597,5.634710221416856e-10,0.0861796715694357
"('0037457000', 'Mathematics')",0.0016038492381716118,0.0005346164127238706,0.09842923671955166,1.2473568309537794e-06,0.10452308773161038
"('0017749000', 'Booth School of Business')",0.0005346164127238706,0.0,0.1327867106804387,0.00019227241312720365,0.14540817801513495
"('0013706000', 'Psychology and Neuroscience')",0.0002673082063619353,0.0,0.1067149703331812,2.661198221067453e-05,0.11513060122946693
"('0011544000', 'Department of Computer Science')",0.0013365410318096765,9.529704326628709e-08,0.10156101533867246,3.894842300485792e-06,0.10895021701768905
"('0018697000', 'Computer Science')",0.0016038492381716118,0.0005346164127238706,0.08400323348452868,1.8129462265228661e-07,0.08957455613311917
"('0032896000', 'Computer Science and Engineering')",0.0018711574445335472,0.006142240187911132,0.13063063063063063,4.0675623141936833e-05,0.1427135417978151
"('0018093000', 'Education')",0.0018711574445335472,4.7538269967286764e-05,0.14527027027027026,0.0014190545827757867,0.1633089006550021
"('0035303000', 'Ecology and Evolutionary Biology')",0.0037423148890670943,0.00533773033890964,0.11708187280921382,0.00022310899352068387,0.13103248533870204
"('0013177000', 'Department of Structural Engineering')",0.0005346164127238706,0.0,0.12233886000196213,2.2941784796314875e-05,0.1319276578355966
"('0001479000', 'Academy for Teacher Excellence Research')",0.0008019246190858059,0.0,0.13096905195350791,8.674765002366169e-05,0.14317276406820822
"('0036582000', 'Communication Studies')",0.0021384656508954825,0.0010689469343179423,0.1173757530120482,3.529216828871645e-05,0.12669446590504171
"('0034017000', 'Bio Med Ecology & Evolutionary Biology')",0.0010692328254477412,0.0,0.1006510977184675,5.897103769069913e-07,0.10766736928099953
"('0021550000', 'Engineering and Applied Sciences')",0.0002673082063619353,0.0,0.09624636599861072,2.8119157059453246e-06,0.1026911886798204
"('0026880000', 'Earth and Atmospheric Sciences')",0.0002673082063619353,0.0,0.1105431121092134,3.7838129791936937e-07,0.11932742334517624
"('0021303000', 'CDS')",0.0008019246190858059,0.0,0.1003056628056628,3.264733399203365e-07,0.1083845071359366
"('0027854000', 'ECE')",0.0005346164127238706,0.0,0.125284661754856,0.0002431637895640529,0.1355739043990852
"('0027854000', 'Electrical and Computer Engineering')",0.0045442395081529,0.041330551755874086,0.14198960033400387,0.0022597484999929804,0.15912536185190604
"('0028381000', 'Physics & Astronomy')",0.0013365410318096765,0.006927713857286006,0.09991720306615742,6.245617553894507e-06,0.10685986018077032
"('0021998000', 'Marine Science Center')",0.0013365410318096765,0.003736311175341318,0.11625594331707013,1.917809415484797e-05,0.12505592579416794
"('0013052000', 'Genetics')",0.0002673082063619353,0.0,0.11652390593365519,0.00014345474203201217,0.12443810677217901
"('0014480000', 'Electrical Engineering & Computer Scienc')",0.0013365410318096765,0.0,0.120486972205224,2.583736896089618e-05,0.13107688403044318
"('0037986000', 'Information School')",0.0010692328254477412,0.0005346164127238706,0.11736102396787551,2.7791516452673913e-05,0.1263380549632258
"('0018408000', 'Department of Computer Science and')",0.0008019246190858059,0.0,0.11945207229069545,8.965410999895914e-05,0.12914669142485902
"('0011312000', 'Mechanical Engineering / Applied Physics')",0.0010692328254477412,0.0,0.12697712307378997,0.009335915100922323,0.1390384612417497
"('0013128000', 'Chemical and Biomolecular Engineering')",0.0010692328254477412,0.0005346164127238706,0.12400145845072756,0.00058793521704104,0.13440703905466456
"('0013128000', 'Civil and Environmental Engineering')",0.0024057738572574178,0.004271070533630088,0.09141111789859499,2.472250505131007e-05,0.09830820394280963
"('4005518000', 'Unknown Dept')",0.0024057738572574178,0.0021376079775060858,0.13838641660193096,0.00045667346845432985,0.15326841547771852
"('0025163000', 'Unknown Dept')",0.0021384656508954825,0.008811013220877288,0.08072242361470741,1.5629207539512077e-08,0.08844139607556874
"('0028381000', 'Applied Mathematics and Statistics')",0.0002673082063619353,0.0,0.09978660976260337,7.414219896649334e-06,0.10531392772064387
"('0022194000', 'Engineering-Center for STEM Diversity')",0.0002673082063619353,0.0,0.11221428999940009,6.324315446703953e-07,0.12009024139549064
"('0022301000', 'Department of Geology and Geophysics')",0.0005346164127238706,0.0,0.09966697748767817,2.6441723588139396e-07,0.10786773864500802
"('0021550000', 'Anthropology')",0.0005346164127238706,0.0,0.11047455925346249,2.834808160572726e-07,0.11881759365413565
"('0013284000', 'ECE-Electrophysics')",0.0013365410318096765,0.0,0.120486972205224,2.583736896089618e-05,0.13107688403044318
"('0031849000', 'Biology')",0.0010692328254477412,0.0,0.11699765441751368,0.0001974316724560747,0.12931725768121294
"('0036756000', 'City & Metropolitan Planning')",0.0021384656508954825,0.007448261946985024,0.12823061630218688,2.7940296573799512e-05,0.14008129816068976
"('0010504000', 'Unknown Dept')",0.0024057738572574178,0.0010689469343179423,0.13902411832472408,0.0002289722087970541,0.1556262776556193
"('0034256000', 'Architecture')",0.0005346164127238706,0.0,0.11175504107542943,5.1960009629417954e-05,0.12178278144066515
"('0015693000', 'School of Earth and Atmospheric Science')",0.0010692328254477412,0.0,0.11098914139915741,1.9052743117940454e-06,0.12038214095150704
"('0027078000', 'Columbia Astrophysics Laboratory')",0.0005346164127238706,0.0005346164127238706,0.08631151512354936,6.860622232225802e-08,0.0904217439747901
"('0010819000', 'School of Earth & Space Exploration')",0.0005346164127238706,0.0,0.1426936720448564,0.07203952334437004,0.16058313586380968
"('0031849000', 'Computer Science')",0.002673082063619353,0.0032046966194803355,0.08453473132372215,7.536040386404514e-08,0.09139886396795119
"('0013706000', 'Electrical, Computer and Energy Engineer')",0.0010692328254477412,0.0,0.09648466716529544,4.825170897355927e-06,0.10324946483184318
"('6250004721', 'Life and Environmental Sciences')",0.0029403902699812884,0.005675007183533852,0.13592268284707335,0.00017754601290998094,0.14889185260075466
"('0036962000', 'Chemistry')",0.0008019246190858059,0.0,0.0846590780510987,7.200879323926859e-08,0.09138896044962745
"('0038661000', 'Sustainability - ABS')",0.0013365410318096765,0.0010689469343179423,0.11181850789096126,8.758738599863728e-06,0.11997597258740922
"('0015354000', 'School of Forest Resources and Conservat')",0.0010692328254477412,0.0,0.13062606934599671,0.00020705261990169437,0.1441240339460781
"('7203581657', 'Unknown Dept')",0.0008019246190858059,0.0,0.12514635533402468,0.010077544877103913,0.1370108918525121
"('0037986000', 'electrical and computer engineering')",0.0005346164127238706,0.0,0.12851695351953005,3.625399048385153e-05,0.14127019023417461
"('0013144000', 'Electrical Eng. & Computer  Science')",0.0010692328254477412,0.0016029915647822151,0.12859647313602146,7.414239556752158e-06,0.14074104482732316
"('0013144000', 'Public Health')",0.0008019246190858059,0.0,0.128578793607149,8.88353998321828e-06,0.14047373662096121
"('0036137000', 'Physics')",0.0010692328254477412,0.0,0.12223093511076259,0.0004486241998893938,0.1326489590788624
"('0022905000', 'Mechanical Engineering')",0.0010692328254477412,0.0,0.14072903735470038,0.0005224217931684845,0.15535296700092227
"('0023879000', 'Electrical & Computer Engineering')",0.0005346164127238706,0.0,0.11656384370910451,6.728351666377212e-06,0.12567486224839725
"('0013177000', 'Hal?c?o?lu Data Science Institute')",0.0010692328254477412,0.0,0.13787638668779714,0.0002353129934902092,0.15370498308419334
"('5300004653', 'Physical & Environmental Sciences')",0.0018711574445335472,0.0010680892609285456,0.10773838666013881,8.817959022415247e-06,0.11674296183294154
"('0021303000', 'Astronomy')",0.0016038492381716118,0.01644016941908352,0.1252091840149943,1.7346782631111884e-05,0.13988153930886504
"('0001479000', 'Mechanical Engineering')",0.0008019246190858059,0.0,0.11653116531165311,3.5414452982771685e-05,0.12598716588291478
"('4203543000', 'Physiology')",0.0010692328254477412,0.0,0.12314833102903416,2.2849034853105364e-05,0.13382752986318638
"('0013284000', 'Information Sciences Institute')",0.0021384656508954825,0.006179389483923173,0.1301760734915443,3.467398652433578e-05,0.14407199763702513
"('0096354000', 'Institute of Water and Environment')",0.0008019246190858059,0.0,0.12685656154628688,0.002514911686136209,0.13883431045266584
"('0080127000', 'Networkmaine')",0.0005346164127238706,0.0,0.07262385463581301,1.3632226523771742e-09,0.07740296598072267
"('0035295000', 'Mathematics')",0.0010692328254477412,0.0,0.09304118583366494,1.87819383558701e-05,0.09922949539549397
"('0027854000', 'Civil and Urban Engineering')",0.0002673082063619353,0.0,0.10081112398609501,6.993866640647128e-06,0.10661942484610874
"('0010504000', 'Materials Science and Engineering')",0.0010692328254477412,0.0,0.12619754419106732,3.7935728550835446e-05,0.13886582718354945
"('0013482000', 'Geophysics Department')",0.0002673082063619353,0.0,0.10736425209505224,2.557901767090163e-06,0.11409727184869169
"('0021550000', 'Mathematics')",0.0002673082063619353,0.0,0.11098255606977572,1.86553040819048e-06,0.11899440448487537
"('0022905000', 'Lyman Briggs College')",0.0005346164127238706,0.0,0.1403541682299092,0.0002774374872771503,0.15435853162043114
"('0013508000', 'Electrical and Computer Engineering')",0.0024057738572574178,0.002670794934580962,0.1349129070648058,0.00012610260886724027,0.14944017470952148
"('0018697000', 'Department of Statistics')",0.0008019246190858059,0.0,0.08400134725496801,1.630485778933373e-07,0.0894409020299382
"('0029728000', 'Mathematics')",0.0021384656508954825,0.001603277455912014,0.11880716463414634,0.00032700432673823325,0.1318814498262817
"('0018697000', 'Civil, Construction, and Environmental E')",0.0010692328254477412,0.0,0.11192891122879454,7.261269303935017e-05,0.12290197544277819
"('0010637000', 'ACEP')",0.0002673082063619353,0.0,0.09506746969581459,7.974827375911208e-08,0.10162562295905084
"('0014480000', 'Electrical Engineering and Computer Scie')",0.0013365410318096765,0.0011531577910338026,0.13138301608484934,7.67589677358372e-05,0.14215650250133124
"('0015941000', 'Department of Biology')",0.0008019246190858059,0.0,0.07570882156517515,1.2143722467702634e-10,0.0793353936953683
"('0036756000', 'Physics')",0.0016038492381716118,0.0010689469343179423,0.07168314555070131,8.866528394583494e-11,0.07553160599891912
"('0011510001', 'Mathematics and Statistics')",0.0021384656508954825,0.0020421474758889127,0.11993459861502949,5.192133136522186e-06,0.1328920498414283
"('4030409000', 'Department of Psychological and Brain Sc')",0.0002673082063619353,0.0,0.10137112508129201,9.833324876125753e-08,0.10644724325250948
"('0032102000', 'Center for Research on Lifelong STEM')",0.0008019246190858059,0.0,0.12290557855312438,8.166866295399652e-06,0.13430626721394645
"('0015826000', 'Sociology')",0.0005346164127238706,0.0,0.1324669806309975,5.100161609036421e-05,0.14362310407819756
"('0025205000', 'Computer Science & Engineering')",0.0008019246190858059,0.0,0.10388492405098441,5.554554367129075e-07,0.11126929597788908
"('0020107000', 'Communication Sciences and Disorders')",0.0002673082063619353,0.0,0.11801634120950187,4.858198623875779e-06,0.12772513733631594
"('0032102000', 'Civil and Construction Engineering')",0.002673082063619353,0.005869344894770622,0.130457525456828,0.0015676498639205904,0.14256346392119426
"('0015941000', 'Biology Department')",0.0008019246190858059,0.0,0.07570882156517515,1.2143722467702634e-10,0.0793353936953683
"('0013128000', 'CITRIS')",0.0010692328254477412,0.0,0.0837643581648418,3.388960399524578e-06,0.08869200268394134
"('0014449000', 'Unknown Dept')",0.0021384656508954825,0.0037905413830628953,0.11345990537425694,3.7314076968346067e-07,0.12433619867107222
"('0035352000', 'Biomedical Engineering Department')",0.0002673082063619353,0.0,0.09648466716529544,2.9443020659489116e-06,0.10290132771546229
"('5300005189', 'Unknown Dept')",0.0010692328254477412,0.0,0.11114081996434938,0.0013409780812107803,0.11913182048683668
"('0032235000', 'Environmental Studies & Geography')",0.0002673082063619353,0.0,0.09137093031775884,1.8412098099611946e-05,0.09683800880781894
"('0037549000', 'Industrial and Systems Engineering/CHPM')",0.0002673082063619353,0.0,0.1365926683218928,8.234396800891464e-05,0.14890011673940215
"('0014316000', 'Department of Geological Sciences')",0.0010692328254477412,0.0,0.10103438031706592,1.3792047433065925e-06,0.10698376597239641
"('0013169000', 'Botany and Plant Sciences')",0.002673082063619353,0.007297358686343208,0.1317207140593641,3.901121446778645e-05,0.1470209284027159
"('0030908000', 'Polar Rock Repository')",0.0005346164127238706,0.0,0.056650059814952226,2.2559131462690676e-13,0.05938892904277421
"('7203589249', 'Unknown Dept')",0.0010692328254477412,0.0,0.09648466716529544,4.825170897355927e-06,0.10324946483184318
"('0026278000', 'Unknown Dept')",0.0008019246190858059,0.0,0.13962081062924536,0.0001103468867338635,0.15593574572771765
"('7203583343', 'Unknown Dept')",0.0008019246190858059,0.0,0.1120126953709803,7.702677730041508e-05,0.12322019949797096
"('0033787000', 'Research Servicesa')",0.0010692328254477412,0.0,0.14276991184215548,0.00020676963298061805,0.1598294461052084
"('0010827000', 'Merriam-Powell Center for Environmental')",0.0016038492381716118,3.8118817306514835e-07,0.11141223420096492,4.144989279176393e-05,0.11931897731746126
"('0032102000', 'Chemical, Biological & Environmental Eng')",0.0010692328254477412,0.0,0.12584519124028662,6.88441900835249e-05,0.1372040940893194
"('0036525000', 'ECE/CS')",0.0002673082063619353,0.0,0.11745682888540031,0.0001500741751132167,0.12514151322939468
"('0020107000', 'Mechanical and Industrial Engineering')",0.0010692328254477412,0.0,0.08001283285210138,3.140440996193212e-08,0.08445223500942296
"('0018259000', 'Department of Chemical Engineering')",0.0010692328254477412,0.0,0.14023315965063538,0.003692632199105893,0.15637439092731784
"('0030908001', 'Evolution Ecology and Organismal Biolog')",0.0010692328254477412,0.0,0.11361841705642957,0.0002758424052488992,0.12383681932186513
"('0023259000', 'Naval Architecture & Marine Engineering')",0.0002673082063619353,0.0,0.14274812073110238,0.00014608526786205622,0.15938393242793855
"('0021030000', 'Institute for Advanced Computer Studies')",0.0005346164127238706,0.0,0.1162198266488552,3.787177474709122e-06,0.12538306516724707
"('0017392000', 'Mathematics')",0.0013365410318096765,0.0010441816283827102,0.10573172799728675,2.0588801502093235e-06,0.11405202407949472
"('P269791068', 'Mathematical Biosciences Institute')",0.0008019246190858059,0.0,0.0982947528836806,6.164486148927288e-06,0.1052266898915562
"('0027078000', 'Department of Environmental Health Scien')",0.0005346164127238706,0.0,0.10595332502548997,3.3081570109941696e-07,0.11333882218581211
"('0027854000', 'Anthropology')",0.0010692328254477412,0.0005346164127238706,0.11211004225478738,7.205173513279236e-05,0.12092948187575207
"('0020776000', 'Department of Physics and Astronomy')",0.0002673082063619353,0.0,0.1129460781353783,3.2561589119326845e-06,0.12139751075521972
"('P269851267', 'Information Science')",0.0005346164127238706,0.0,0.13058959053304012,5.9295154865310063e-05,0.14135773856751355
"('0018093000', 'School of Informatics and Computing')",0.0018711574445335472,0.0020128435039897113,0.14061795218764095,0.0003004806195113425,0.15719403019793998
"('0080010000', 'Math, Stat. & Computer Science')",0.0010692328254477412,0.0,0.1321954839393618,2.7823279208317783e-05,0.14439098646844384
"('0001057000', 'Mathematical Sciences (CMU)')",0.0002673082063619353,0.0,0.12709791397703335,1.0043635914810639e-05,0.13793215119044286
"('0111633000', 'Unknown Dept')",0.0010692328254477412,0.0,0.11260949399476235,0.00029305696896483326,0.12093403049875025
"('0013201000', 'Marine Science Institute')",0.00400962309542903,0.011630656404619225,0.12243094645896059,1.4731265436513852e-05,0.13966081064764976
"('0021030000', 'Department of Physics')",0.0018711574445335472,0.012241730505378074,0.15251956947162426,0.0006141606246465235,0.17145167007483667
"('0013508000', 'Unknown Dept')",0.0045442395081529,0.02955536354620462,0.1537165632575913,0.0008488951301401966,0.17584669551035936
"('0029207000', 'Evolutionary Anthropology')",0.0021384656508954825,0.0006474738577031044,0.12771405161818927,4.095054526891397e-05,0.13961927725961495
"('4008363000', 'Unknown Dept')",0.0016038492381716118,0.0005846777346070537,0.1040177950785486,7.12739247147728e-07,0.11128724466133512
"('0015370000', 'Institute for the Advanced Study of Cult')",0.0002673082063619353,0.0,0.09983454312553373,1.494730454187935e-07,0.10660319876764245
"('0018697000', 'Department of Electrical and Computer En')",0.0010692328254477412,0.0,0.08400134725496801,1.839379139771804e-07,0.08953000476539218
"('0026294000', 'Environmental Sciences')",0.0021384656508954825,0.0032034101093962406,0.08855695483382256,4.44755841964475e-09,0.09538784365371107
"('0039321000', 'Civil and Architectural Engineering and')",0.0005346164127238706,0.0,0.10748764509826457,3.985493520149333e-06,0.11472703725391818
"('0001024000', 'Materials Science and Engineering')",0.0013365410318096765,0.0,0.13501515807708964,0.0004857335603211791,0.14825704600811965
"('0018689000', 'Unknown Dept')",0.002673082063619353,0.003736311175341318,0.09331504115739586,3.24845604535464e-08,0.09964433970152789
"('0037549000', 'Psychology')",0.0013365410318096765,0.00813039179498283,0.14237326838179326,0.0002869954935024126,0.1574236442520323
"('0021626000', 'The Ecosystem Center')",0.0005346164127238706,0.0,0.0862398856589594,3.0077755580819814e-08,0.08995531505266836
"('0013201000', 'NCEAS')",0.0002673082063619353,0.0,0.14268822946067586,0.064369998293832,0.1604494817606287
"('0015354000', 'Epidemiology')",0.0008019246190858059,0.0,0.14562653275721127,0.0007377766797278169,0.16335706264181696
"('0016931000', 'Biology')",0.0005346164127238706,0.0,0.09813488628315102,7.772708394902744e-08,0.10420841698201305
"('0039545000', 'Department of Physics')",0.0010692328254477412,0.0,0.06915739268680444,5.735558009292556e-12,0.07312907708860049
"('0023259000', 'CLASP')",0.0002673082063619353,0.0,0.14274812073110238,0.00014608526786205622,0.15938393242793855
"('0029058000', 'Leadership Studies & Adult Education')",0.0005346164127238706,0.0,0.08513301322167353,2.3063620329387225e-06,0.08978025622600971
"('0035949000', 'College of Information')",0.0010692328254477412,0.0,0.1002143048486472,3.54909960298567e-07,0.10800709889864252
"('0036582000', 'The Energy Institute')",0.0008019246190858059,0.0,0.128112050957159,7.457028629389319e-05,0.13972085823529337
"('0038273001', 'Department of Mechanical and Aerospace E')",0.0010692328254477412,0.0,0.10369200066522534,2.958029993581994e-05,0.11039043394566533
"('0027854000', 'Mathematics')",0.0002673082063619353,0.0,0.1120932462395877,5.744517771807675e-05,0.12043941683075517
"('5300012004', 'Unknown Dept')",0.0010692328254477412,0.0005346164127238706,0.12667614790735474,2.760662435312283e-05,0.13721684085427138
"('0016931000', 'Computer Science')",0.0021384656508954825,0.0010689469343179423,0.10880693386074108,7.180814968871507e-07,0.11795593469257219
"('0027078000', 'Integrated Science and Engineering (ISE)')",0.0002673082063619353,0.0,0.08630753258738032,6.795730194847865e-08,0.09024353850388213
"('0017392000', 'Communication Studies')",0.0008019246190858059,0.0010689469343179423,0.10282557308559177,3.8989134287665893e-07,0.11060121923447605
"('0037812000', 'Physical Science')",0.0008019246190858059,0.0,0.12532663316582915,2.8779154558753057e-05,0.13650324692473004
"('0021782000', 'Electrical Engineering & Computer Sci.')",0.0008019246190858059,0.0,0.10388492405098441,5.554554367129075e-07,0.11126929597788908
"('0039545000', 'College of Optics & Photonics')",0.0013365410318096765,0.0005346164127238706,0.06915867117741667,5.7865450612143196e-12,0.07326273119178146
"('0025684000', 'Natural Resources and Environmental Sci.')",0.0005346164127238706,0.0,0.1096585079876887,8.50944332801424e-05,0.11892572778050783
"('0013169000', 'Statistics')",0.0010692328254477412,0.0,0.11190547412503739,2.907877091308704e-06,0.1203521975427482
"('0013508000', 'Forest and Rangeland Stewardship')",0.0010692328254477412,0.0,0.11171165790731008,3.572671666252644e-05,0.12007297336617034
"('0021055000', 'The Hilltop Institute')",0.0002673082063619353,0.0,0.09554823385181212,8.521108782598433e-08,0.10095700474420348
"('0034702000', 'Department of Chem. and Chem. Eng.')",0.0010692328254477412,0.0,0.07973655604578297,8.696503967564098e-09,0.08393075418006433
"('0013177000', 'Department of Psychology')",0.0008019246190858059,0.0,0.11724332455810454,2.398674191667717e-05,0.12585623883314218
"('0025205000', 'Chemistry')",0.0005346164127238706,0.0,0.11173167672182067,0.0002655052680941381,0.11917141787005894
"('7203581099', 'Unknown Dept')",0.0010692328254477412,0.0,0.11136580138128126,5.45776763389272e-06,0.11902185182233707
"('0013052000', 'Electrical Engineering')",0.0016038492381716118,0.004802399198361272,0.13587331565757454,0.00027258372323801116,0.1487966126964435
"('0027078000', 'Columbia Climate School')",0.0002673082063619353,0.0,0.11757865292139422,1.0645203115684068e-06,0.12798224775546152
"('0022905000', 'Program in Mathematics Education')",0.0008019246190858059,0.0,0.1341244801376739,0.001677018607332481,0.15355923561145543
"('0012658000', 'Unknown Dept')",0.0008019246190858059,0.0,0.11181182377906629,8.591977041996145e-06,0.11970866438104728
"('0018259000', 'Learning Design and Technology, Departme')",0.0008019246190858059,0.0,0.14020688104340004,0.0031445786093740272,0.15606253135322895
"('0029207000', 'Statistical Science')",0.0005346164127238706,0.0,0.11323667403214578,3.7943536410223844e-06,0.12071773732170397
"('0011015000', 'Office of Provost')",0.0008019246190858059,0.0,0.12102487787519006,0.0003503665808498719,0.13148769756274886
"('0017756000', 'Agricultural and Biological Engineering')",0.0002673082063619353,0.0,0.08922012878607202,7.92977730921346e-07,0.09322502344321139
"('0022210000', 'CICS')",0.0005346164127238706,0.0,0.10735192837465565,2.7302041557829918e-05,0.11464445010013072
"('0010637000', 'Alaska Quaternary Center')",0.0005346164127238706,0.0,0.09230427595055392,4.180806672699025e-08,0.09819493032352362
"('0022210000', 'Civil & Environmental Engineering')",0.0005346164127238706,0.0,0.08523581681476418,3.155408017694276e-08,0.08962981871305363
"('0013508000', 'Mathematics')",0.0018711574445335472,0.0032034101093962406,0.13478166882836143,0.0022944698651137436,0.15493266312231818
"('0022905000', 'Educational Administration')",0.0010692328254477412,0.0,0.12959883600083144,4.303982944604694e-05,0.14334291770715132
"('0013201000', 'Bren School of Envir. Sci. & Management,')",0.0010692328254477412,0.0,0.12229486760379209,1.2040510129985319e-05,0.1378233849529667
"('0013151000', 'Inst of the Enivronment & Sustainability')",0.0016038492381716118,0.0,0.1204171629059774,3.605125289661129e-05,0.13122741684159123
"('7203577003', 'Unknown Dept')",0.0013365410318096765,0.0,0.09762780865888984,2.118316658675759e-07,0.10481173661145997
"('0018408000', 'Department of Chemical Engineering')",0.0005346164127238706,0.0,0.11944825824579329,8.666038575332134e-05,0.12901303732167807
"('4025938000', 'Booth School of Business')",0.0002673082063619353,0.0,0.1097067448680352,2.1876122608311567e-07,0.11764766861574967
"('0010512000', 'Department of Civil, Construction and En')",0.0010692328254477412,0.0,0.10031911185004425,0.00017016461720692236,0.10720201666590456
"('0025205000', 'Institute for School Partnership')",0.0010692328254477412,0.0,0.09814003515307328,9.298333944138152e-08,0.10452027655610195
"('0026963000', 'Construction Management & Civil Engineer')",0.0021384656508954825,0.0026702231523213645,0.11616208663251049,1.9994126046128214e-06,0.1269295534613413
"('0036327060', 'Computer Science and Engineering')",0.0016038492381716118,0.0014155519873685143,0.13076761744966442,8.714751877726387e-05,0.14385917699871295
"('0031252000', 'Hoxworth Blood Center')",0.0005346164127238706,0.0,0.11200934159705381,6.69413779512176e-05,0.12308654539478998
"('0010827000', 'Sustainable Communities')",0.0010692328254477412,0.0,0.11139896373056994,3.519044487582843e-05,0.11898484205950885
"('0018093000', 'Psychological and Brain Sciences')",0.0008019246190858059,0.0010690898798828418,0.11280303944035701,1.0080067906455486e-06,0.12025694385003668
"('0037457000', 'Department of Mathematics')",0.0002673082063619353,0.0,0.0896112295494287,1.2189048996488164e-07,0.09386429634411658
"('0025684000', 'Unknown Dept')",0.002673082063619353,0.04265295239799814,0.15559622343301585,0.015513519453972505,0.1788137068610197
"('0025650000', 'Research')",0.0005346164127238706,0.0,0.08661927805691264,2.1863362223449473e-08,0.09146642775621566
"('0014316000', 'Disaster Research Center')",0.0010692328254477412,0.0,0.09634055265123226,3.160976868639099e-07,0.10255661744823771
"('0002501000', 'Information Technology Services')",0.0018711574445335472,0.0,0.1390137861840883,0.00022452757681097645,0.1553589694492574
"('0114629000', 'School of Engineering')",0.0005346164127238706,0.0,0.11279283625290198,1.5029164730457834e-06,0.12009655892621951
"('0001057000', 'Computer Science Department')",0.0013365410318096765,0.0005346164127238706,0.11290517293414619,1.7362166866412797e-06,0.12122561787404348
"('0018259000', 'Earth and Atmospheric Sciences')",0.0008019246190858059,0.0,0.13914822391668216,0.003057725370478773,0.15453784275957483
"('4003554000', 'Civil and Environmental Engineering')",0.0002673082063619353,0.0,0.11616208663251049,4.329653117708921e-05,0.12500432347064258
"('0011544000', 'Computer Science')",0.0021384656508954825,0.0032565028687448895,0.11117715236708371,2.526196192400394e-05,0.12059004578981201
"('0015693000', 'Electrical and Computer Engineering')",0.0016038492381716118,0.002274244119321089,0.11753432404411071,1.1622052788408276e-05,0.12798349998630645
"('0036756000', 'Chemistry')",0.0013365410318096765,0.004801255633842076,0.08363701401775135,6.766545116083763e-09,0.08937702161730764
"('0017756000', 'Institute of Government & Public Affairs')",0.0010692328254477412,0.0,0.10023041474654378,3.3357626771302975e-07,0.10694934130262353
"('0038950000', 'Bacteriology')",0.0005346164127238706,0.0,0.13894150417827297,0.0020722139438729263,0.1525516224257911
"('0013508000', 'Civil and Environmental Engineering')",0.0002673082063619353,0.0,0.12164271314300579,1.665835864817866e-05,0.13046196646766875
"('0037549000', 'Population Health Sciences')",0.0010692328254477412,0.0,0.1422379377209992,0.0008450278296585327,0.15828017211337184
"('0036046000', 'Mechanical Engineering')",0.0010692328254477412,0.0,0.14464679271546224,0.000329391151383588,0.1591221102548292
"('0011536001', 'BIOLOGY')",0.0005346164127238706,0.0,0.09836970812516434,1.7490509406801033e-07,0.10576292166448925
"('0026963000', 'Environmental Control Technology & Facil')",0.0010692328254477412,0.0,0.10408725411090398,2.764885687354782e-07,0.11142670542055533
"('0038000000', 'School of Electrical Engineering and Com')",0.0010692328254477412,0.0,0.08362018865394072,6.702524176174029e-09,0.08893150794003774
"('0036442000', 'Psychology')",0.0002673082063619353,0.0,0.10894952966188078,3.92456164721407e-05,0.11796851739301693
"('0033290000', 'Department of Architectural Engineering')",0.0005346164127238706,0.0,0.10561233131951894,6.77220873620616e-07,0.11292579003012743
"('0001057000', 'HCII')",0.0005346164127238706,0.0,0.11289154445047982,1.3471647689736424e-06,0.1207801041967736
"('0022335000', 'Mechanical Engineering Department')",0.0008019246190858059,0.0,0.10803084120246037,5.578567565476265e-05,0.11755709784629217
"('0014811000', 'Department of Biological Sciences')",0.0008019246190858059,0.0,0.10741974386952277,2.1960173180967958e-07,0.11567770366652261
"('0013706000', 'Department of Anthropology')",0.0005346164127238706,0.0005346164127238706,0.10978079056254952,4.276912009569233e-06,0.11702954668070857
"('0029207000', 'Family Medicine and Community Health')",0.0002673082063619353,0.0,0.12702454925129877,2.0777410702257923e-05,0.1371422597866074
"('7203588126', 'Unknown Dept')",0.0010692328254477412,0.0,0.12222694154931878,0.0002951970455202001,0.13566885350342142
"('0014480000', 'Unknown Dept')",0.0021384656508954825,0.005781073454008639,0.1412444310201616,0.0005874190067961146,0.15672720015141858
"('0016105000', 'Information and Computer Sciences')",0.0010692328254477412,0.0,0.12099356382806689,1.4532359819195937e-05,0.1307214734894111
"('0001305000', 'SPO/EPSCoR')",0.002673082063619353,2.165625308226374e-05,0.12307540465850769,0.0011065378140474513,0.1371964113496734
"('0033290000', 'Behavioral Sciences and Education')",0.002673082063619353,0.003757655928743552,0.14887774594078318,0.0013224173321711374,0.16570550725522662
"('0029728000', 'Entomology and Plant Pathology')",0.0010692328254477412,0.0,0.11505812880605278,1.1451867740342254e-05,0.12360798467867144
"('0010835000', 'Lunar and Planetary Laboratory')",0.0005346164127238706,0.0,0.10091173931808373,3.542237987207484e-06,0.10765679442444716
"('P270066648', 'Unknown Dept')",0.0002673082063619353,0.0,0.12215510204081632,0.00024146562186038773,0.1317312009036864
"('0015693000', 'Industrial and Systems Engineering')",0.0002673082063619353,0.0,0.10499579006455234,1.284218034990704e-06,0.11166677141946489
"('0022905000', 'Bio/computational Evolution In Action')",0.0010692328254477412,0.0,0.10482515131136516,3.156369939743476e-05,0.11405931255219555
"('4012365000', 'SEEC')",0.0005346164127238706,0.0,0.10902891116810445,4.959930377706163e-05,0.11882835879014784
"('0036475000', 'Economics')",0.0005346164127238706,0.0,0.1322889776866226,0.0014052275028223304,0.15005695734975438
"('0036707000', 'Civil Engineering')",0.0013365410318096765,0.0,0.11503690036900369,3.0820924142382957e-06,0.12305497742475323
"('0016105000', 'Information & Computer Sciences')",0.0024057738572574178,1.357982866544591e-06,0.12102096273291925,2.343496336326401e-05,0.1314788467407699
"('0014795000', 'Unknown Dept')",0.0024057738572574178,0.001603277455912014,0.11884113218336033,0.00025289423362431427,0.1291535349828192
"('0025189000', 'Data Science and Analytics Innovation Ce')",0.0008019246190858059,0.0,0.1449606695857713,0.0809634482263417,0.16436949622595198
"('0015370000', 'Sociology')",0.0013365410318096765,0.0032034101093962406,0.12125239036722522,1.1275368582654211e-05,0.1356156391806661
"('0013706000', 'PSL')",0.0005346164127238706,0.0,0.11590655595488908,4.923910160652337e-06,0.12503392906359953
"('0015693000', 'IDEaS')",0.0010692328254477412,0.0011927945865623125,0.1474343816505084,0.0006578159711092386,0.1652518365393976
"('0022905000', 'Computational Math, Science and Engr')",0.0005346164127238706,0.0,0.1322889776866226,0.0014052275028223304,0.15005695734975438
"('0028035000', 'Chemical and Biological Engineering')",0.0010692328254477412,0.0,0.1301941950302777,4.225970614692439e-05,0.14239034521359292
"('0036582000', 'Geography and the Environment')",0.0013365410318096765,0.0,0.13288104287287322,0.0001809949714540128,0.14581221111894788
"('0029207000', 'OIT')",0.0010692328254477412,0.0,0.11332586107661083,1.3325356637764846e-05,0.12158203385560755
"('0023879000', 'Department of Earth and Environmental Sc')",0.0002673082063619353,0.0,0.12225490196078431,1.3281064298416945e-05,0.1328701762028748
"('0114629000', 'Department of Geomatics')",0.0010692328254477412,0.0,0.08682836253916676,7.505180693203695e-09,0.09234286148446591
"('0020081000', 'Mechanical Engineering')",0.002673082063619353,0.002136750304116689,0.12054520848102082,8.048158606066159e-05,0.1335695624642037
"('0029751000', 'Management')",0.0016038492381716118,0.0032034101093962406,0.13142917369308602,0.0004389106729385214,0.1453533680077392
"('0047415000', 'Computer Science-Camden')",0.0008019246190858059,0.0,0.1270720108695652,0.00020702757208759253,0.139796676741816
"('5300008543', 'Mechanical Engineering')",0.0008019246190858059,0.0,0.12998158507348598,0.00052852280697767,0.14508786784896552
"('0019893001', 'Unknown Dept')",0.002673082063619353,0.010917352230189557,0.12662898148461565,4.676893525340699e-06,0.14107681719597417
"('0021303000', 'Professional Dev & Postdoctoral Affairs')",0.0005346164127238706,0.0,0.10030028419754411,2.871055046453097e-07,0.10820630166502863
"('0029728000', 'Department of Mathematics')",0.0002673082063619353,0.0,0.10619393664130805,3.243688040483446e-05,0.1147653159204399
"('0036772000', 'Department of Wildland Resources')",0.0010692328254477412,0.0,0.11171165790731008,3.572671666252644e-05,0.12007297336617034
"('0015693000', 'Unknown Dept')",0.008286554397219995,0.10383459015732592,0.16084096478782406,0.000902935424968557,0.18855220445684578
"('0013177010', 'Marine Physical Laboratory')",0.0010692328254477412,0.014338011941672491,0.12550743114033616,0.009661559878873712,0.13839060528114272
"('0036756000', 'Department of Electrical and Computer En')",0.0010692328254477412,0.0,0.14464679271546224,0.000329391151383588,0.1591221102548292
"('0037283001', 'Electrical and Computer Engineering')",0.0013365410318096765,0.002136750304116689,0.09465135107782613,3.519390355013478e-07,0.10007329408104741
"('0010637000', 'Institute of Arctic Biology, Toolik Fiel')",0.0002673082063619353,0.0,0.0923019985196151,3.76717678868063e-08,0.09806127622034266
"('0014316000', 'Mechanical Engineering')",0.0013365410318096765,0.0032034101093962406,0.11236933797909408,9.98677576375398e-06,0.12050653398417357
"('0013177000', 'SDSC')",0.0013365410318096765,0.0,0.14859980139026813,0.00036017824118927114,0.16677999666819918
"('0022301000', 'Biology Department')",0.0010692328254477412,0.0005346164127238706,0.10268727182893689,2.2484709929456945e-06,0.11028695195978282
"('0018259000', 'Computer Science Department')",0.0005346164127238706,0.0,0.11690990343448232,3.7141465539252244e-05,0.12583346569784004
"('0011551001', 'Environmental Studies')",0.0021384656508954825,0.0026702231523213645,0.09900230237912509,1.660728449168467e-05,0.10778553909247027
"('0014803000', 'Chemical and Biomedical Engineering')",0.0010692328254477412,0.0,0.06915227919701283,5.7064394354910495e-12,0.07295087161769258
"('7203586187', 'Unknown Dept')",0.0010692328254477412,0.0,0.14134048662535892,0.015544000930626576,0.15695439914565856
"('0018697000', 'Civil, Construction and Env Engineering')",0.0016038492381716118,0.000888964173553054,0.11205295632900018,8.598771427297653e-05,0.12395529706546632
"('0034066000', 'Biology')",0.0010692328254477412,0.0,0.12784061784506032,0.00022679250883872703,0.13980807870142337
"('0027110000', 'Animal Science')",0.0010692328254477412,0.0,0.13179960541149943,9.566572729347181e-05,0.1430869684979557
"('0010835000', 'School of Geography and Development')",0.002673082063619353,0.0346350041012659,0.12574367248159726,0.0002607699781096456,0.13855907969781284
"('0038000000', 'Center for Institutional Research Comput')",0.0010692328254477412,0.0,0.08362018865394072,6.702524176174029e-09,0.08893150794003774
"('0010835000', 'Civil & Architectural Engineering and Me')",0.0005346164127238706,0.0,0.1,4.816882376312106e-07,0.1071469600530663
"('0014894000', 'Department of Biological Sciences')",0.0002673082063619353,0.0,0.10759894155545328,3.430335842699364e-06,0.1139650683373252
"('0020107000', 'Computer Science and Engineering')",0.0005346164127238706,0.0,0.1208567551851134,1.8951672498050576e-05,0.13046084792275692
"('0025684000', 'Department of Chemical and Materials Eng')",0.0002673082063619353,0.0,0.11098255606977572,1.86553040819048e-06,0.11899440448487537
"('0029744000', 'Biology')",0.0005346164127238706,0.0,0.13304644711572658,0.0005575880273474986,0.14675611220967186
"('0033290000', 'Unknown Dept')",0.007751937984496124,0.051432849965632306,0.15791473195441114,0.005859626932275662,0.18184487629154752
"('0018093000', 'Mathematical Sciences')",0.0008019246190858059,0.006308793747900195,0.14403973509933773,0.0005373758566321385,0.16069189426895011
"('0036525000', 'Engineering Technology')",0.0010692328254477412,0.0,0.11779709049688268,7.924326123467867e-06,0.12544640900695384
"('0027078000', 'Applied Physics and Applied Mathematics')",0.0008019246190858059,0.0,0.11074928209834513,3.689919109653877e-07,0.1198260708137343
"('0013144000', 'Physics & Astronomy')",0.0005346164127238706,0.0,0.128578793607149,8.017462603510535e-06,0.1403846338855073
"('7203594994', 'Unknown Dept')",0.0008019246190858059,0.0,0.11735734228440568,2.7524511142998796e-05,0.12620440086004484
"('5300009103', 'Corvallis Forestry Sciences Lab')",0.0010692328254477412,0.0,0.12272414132467277,2.8273121095075225e-06,0.13682907242450099
"('0038562000', 'Physics')",0.0008019246190858059,0.0,0.13918446312969715,0.003080319237605983,0.15480515096593678
"('0022210000', 'College of Information and Computer Scie')",0.0013365410318096765,0.01566002663902724,0.1341918358562307,0.0019752761473677185,0.14792837285466742
"('0029207000', 'Dept of Electrical and Computer Engineer')",0.0008019246190858059,0.0,0.1075216279136608,3.790930036044954e-06,0.1143952754069963
"('0017582000', 'Geology & Science Education')",0.0010692328254477412,0.0,0.09103961841721016,3.964913681815144e-08,0.09646824643584509
"('0033290000', 'Population Research Institute')",0.0010692328254477412,0.017431374947836586,0.13772411000257703,5.689624547525613e-05,0.1526545575227124
"('0017392000', 'Department of Mathematics')",0.0005346164127238706,0.0,0.10104802549835233,1.457742239724198e-06,0.10810288226663271
"('0029207000', 'Electrical and Computer Engineering')",0.0021384656508954825,0.0036401611354760534,0.1277533039647577,3.743381857073531e-05,0.1398375789614772
"('0017400000', 'Mathematics')",0.0016038492381716118,0.0013526937913983638,0.10950122936424306,1.2528293700928938e-05,0.11866298253556357
"('5300019847', 'Radio Observatorio de Jicamarca')",0.0005346164127238706,0.0,0.0798949256791389,5.682382762289912e-10,0.08391603892465337
"('7203580548', 'Unknown Dept')",0.0010692328254477412,0.0,0.12226289299954245,0.0003558801116798841,0.13624802128387228
"('0015693000', 'CEISMC/Psychology')",0.0010692328254477412,0.0,0.1507920512717159,0.0007969103011715024,0.1697358738422
"('0033290000', 'Materials Science and Engineering')",0.00400962309542903,0.017661672341045244,0.1448820727314976,0.0002944237301071532,0.16302211439187148
"('0018697000', 'Department of Mathematics')",0.0008019246190858059,0.0,0.08400134725496801,1.630485778933373e-07,0.0894409020299382
"('0033290000', 'Anthropology')",0.0005346164127238706,0.0,0.13638849392978233,0.0006301107799117499,0.14964694747172808
"('0037986000', 'Evans School of Public Policy & Governan')",0.0008019246190858059,0.0,0.11188204683434519,5.020697853813716e-06,0.1212550420843196
"('0037275000', 'Unknown Dept')",0.0024057738572574178,0.0021371791408113876,0.09121942893370072,4.864667317336951e-08,0.09805190931972461
"('0013706000', 'Political Science')",0.0010692328254477412,0.0,0.09648466716529544,4.825170897355927e-06,0.10324946483184318
"('0036327000', 'Department of Chemistry')",0.0005346164127238706,0.0,0.11431976530986432,0.0002224547353571116,0.12240501556507027
"('0013177000', 'Academic Enrichment Programs')",0.0008019246190858059,0.0,0.13814113215907833,0.0001320274549228922,0.1536013963326516
"('0028365000', 'Geological Sciences & Environmental Stud')",0.0008019246190858059,0.0,0.08532524404707599,2.6626924181937974e-09,0.08921253396355766
"('0027110000', 'ORIE')",0.0010692328254477412,0.0,0.11056924986699769,2.20130987171945e-06,0.11838638439008711
"('0036442000', 'Department of Design')",0.0002673082063619353,0.0,0.10380997308322003,9.445437265122688e-07,0.1093859346200553
"('0015354000', 'Biology')",0.0005346164127238706,0.0005346164127238706,0.13062150837988826,0.00014485692466838392,0.14390127710744313
"('0038000000', 'School of Engineering & Computer Science')",0.0018711574445335472,0.006927713857286006,0.09122165325530358,4.84290643592477e-08,0.09843550754504679
"('0025205000', 'Mathematics & Statistics')",0.0005346164127238706,0.0,0.12576903681290974,0.0022047840767702898,0.13657680230101157
"('0026294000', 'Mechanical and Aerospace Engineering')",0.0008019246190858059,0.0,0.08136500065248597,5.634710221416856e-10,0.0861796715694357
"('0017756000', 'Department of Geography and Geographic I')",0.0005346164127238706,0.0,0.13908097256301583,0.0001890337872236484,0.15303240890296932
"('5300004653', 'Computing Sciences')",0.0037423148890670943,0.00799594606377945,0.1206890989450592,5.832373509006974e-05,0.13356809775213987
"('0019893001', 'Department of Chemical and Materials Eng')",0.0008019246190858059,0.0,0.09326386118867172,2.8406936260167573e-08,0.09808176967771576
"('0033290000', 'Industrial & Manufacturing Engineering')",0.0005346164127238706,0.0,0.12655615696887687,3.171270603596141e-05,0.13737482848997684
"('0015693000', 'Center for Education Integrating Science')",0.0002673082063619353,0.0,0.12518823411304086,5.790492972566001e-05,0.13549862767632545
"('0027078000', 'Seismology, Geology & Tectonophysics')",0.0005346164127238706,0.0,0.11054637865311309,4.19327053007966e-07,0.11946107744835718
"('0032896000', 'Mathematics')",0.0013365410318096765,0.0,0.12237087435805175,2.6180745089966657e-05,0.13217128696927372
"('0013706000', 'Physics')",0.003475006682705159,0.017321822433178164,0.13904478721427244,0.0004332117045110044,0.1559005115440565
"('0037986000', 'Computer Science and Engineering')",0.0021384656508954825,0.009062605869059003,0.12594687405312593,4.1125020191163666e-05,0.14033714209783837
"('0013136000', 'Chemical Engineering & Materials Science')",0.0008019246190858059,0.0,0.14059152918185577,0.0025532014762961004,0.1546822548691746
"('0029207000', 'Unknown Dept')",0.0013365410318096765,0.0016034204014769135,0.12706337884654575,2.3888423852763047e-05,0.1378996330379662
"('0014316000', 'Information Technology')",0.0008019246190858059,0.0,0.1065751239245627,2.1737934775550656e-06,0.1149054282091206
"('0025171000', 'Electrical and Computer Engineering')",0.0018711574445335472,0.002136750304116689,0.1124402632923567,5.859239223181992e-07,0.12218892941497095
"('0021030000', 'Institute Biosience and Biotechnology Re')",0.0008019246190858059,0.0,0.12529725022607763,1.3963311679655956e-05,0.13697134709210806
"('0013128000', 'Department of Physics')",0.0013365410318096765,0.0005346164127238706,0.12223492893318086,0.0004525113822120503,0.13278261318204335
"('7203586587', 'Unknown Dept')",0.0002673082063619353,0.0,0.14371326495332487,0.0015198534284997611,0.1584812240250002
"('0038273001', 'Department of Physics and Astronomy')",0.0013365410318096765,0.0,0.08802974327599596,6.809787404683828e-07,0.09333533499426266
"('0034256000', 'Human-Centered Computing')",0.0005346164127238706,0.0,0.11180514046622833,9.03417889439603e-05,0.12224611566502588
"('0036566000', 'College of Architecture, Planning, and P')",0.0010692328254477412,0.0,0.14134048662535892,0.015544000930626576,0.15695439914565856
"('0013284000', 'Institute for Creative Technologies')",0.0008019246190858059,0.00024109282212214685,0.11925026298173472,1.8424045715745864e-05,0.12936322635247116
"('6250041590', 'Unknown Dept')",0.0005346164127238706,0.0,0.11067065053397628,2.949506793564248e-05,0.1187310343502841
"('0010637000', 'Geology')",0.0002673082063619353,0.0,0.11305188722009006,2.1509745094520276e-06,0.12348132186614408
"('0023879000', 'Genetics, Cell Biology & Development')",0.0002673082063619353,0.0,0.11656021187100794,6.0704574365624256e-06,0.12554120814521627
"('0013128000', 'Electronics Research Laboratory')",0.0002673082063619353,0.0,0.12399323854032017,0.0005253392399526009,0.13422883358375665
"('0013508000', 'Biochemistry and Molecular Biology')",0.0010692328254477412,0.0,0.13488858440902862,0.00011884891448740792,0.14877190419361663
"('5300002935', 'Unknown Dept')",0.0002673082063619353,0.0,0.1008029747790472,5.6290461749984196e-06,0.10650804642679126
"('6250021164', 'Unknown Dept')",0.0013365410318096765,0.0032034101093962406,0.09101082593358473,2.3924919088692507e-08,0.09769689209257389
"('0037275000', 'STEM')",0.0008019246190858059,0.0,0.09121053273192735,4.21960646992072e-08,0.09751729290700074
"('0015693000', 'Civil and Environmental Engineering')",0.0016038492381716118,0.001110054108072882,0.11730950141110066,1.3210737320162321e-05,0.1273313257038899
"('0029769000', 'Department of Biology')",0.0021384656508954825,0.002136750304116689,0.11895071542130366,0.00038699333339974995,0.1326337314927574
"('0022905000', 'Geological Sciences')",0.0002673082063619353,0.0,0.12772277227722773,0.00024121707339090268,0.1397666053540154
"('0038638000', 'Computer Science')",0.0005346164127238706,0.0,0.11612242364042712,0.0001200204196338459,0.12381901081780793
"('0015982001', 'Warnell School of Forestry & Nat.  Res.')",0.0010692328254477412,0.0,0.12686946790110895,2.1765912492340476e-05,0.1385578364291993
"('0013144000', 'Department of Civil and Environmental En')",0.0008019246190858059,0.0,0.11395412592524902,8.979871889162584e-07,0.1220085669757759
"('0013177010', 'Scripps Institution of Oceanography')",0.0029403902699812884,0.006030188644389817,0.14137787687540154,0.00346690770673602,0.15774664644599604
"('0015982000', 'Department of Political Science')",0.0005346164127238706,0.0,0.12377171215880893,6.346726774939964e-05,0.13328300868397153
"('6250007332', 'Unknown Dept')",0.0010692328254477412,0.0,0.13230301315603338,0.00214755739958225,0.1503688169238433
"('0022905000', 'Linguistics')",0.0002673082063619353,0.0,0.13228429985855727,0.0012663322927622418,0.14992330324657344
"('0035352000', 'Department of Mechanical Engineering')",0.0013365410318096765,0.0010689469343179423,0.08804424570487174,7.41675481803551e-07,0.093814580421383
"('5300001194', 'Urban Studies Institute')",0.0013365410318096765,0.0,0.1085795553491612,9.204802441465206e-07,0.11850083917621768
"('0020537000', 'Earth and Climate Science/Climate Change')",0.0005346164127238706,0.0,0.06819921974696468,1.477353252934728e-10,0.07267899883441956
"('0018929000', 'School of Planning and Public Affairs')",0.0002673082063619353,0.0,0.09078554614507243,3.821108084693122e-08,0.09581149099311463
"('0010868000', 'Chemistry and Physics')",0.0021384656508954825,0.007458613685322492,0.10809639389736476,4.101131155478838e-05,0.11691902489215344
"('0018093000', 'Unknown Dept')",0.006950013365410318,0.08943397280313925,0.16600843132904372,0.005380294080595215,0.19465205370023983
"('0015693000', 'College of Engineering')",0.0005346164127238706,0.0063965281381197225,0.10842221191745885,4.0991456024176837e-07,0.11750612392152011
"('0026633000', 'Biological Sciences')",0.0010692328254477412,0.0,0.10739199081383666,1.2508457923906965e-06,0.11528034789627203
"('0025064000', 'Office of the Provost')",0.0010692328254477412,0.0,0.11194900798994524,6.071600931490089e-07,0.12195274722988224
"('0013177000', 'CAL(IT)2')",0.0005346164127238706,0.0,0.1430538029138465,0.0002060356256765854,0.1586193544057129
"('0023259000', 'CSHPE')",0.0016038492381716118,0.0,0.12925851703406813,4.989821117393834e-05,0.14248405971069913
"('0027078000', 'Marine Geology and Geophysics')",0.0002673082063619353,0.0,0.10440388479571333,1.6738550731551728e-07,0.11209489342537912
"('0014175000', 'Mathematics')",0.0002673082063619353,0.0,0.10081112398609501,6.872693564465284e-06,0.10872133191042105
"('0037986000', 'Architecture')",0.0010692328254477412,0.0,0.13223753976670202,0.00041643339968540355,0.1446715962919569
"('0291021000', 'Mathematics and Natural Sciences')",0.0005346164127238706,0.0,0.1142883328750802,4.799748649783252e-06,0.12444248906628537
"('5300001194', 'Public Management and Policy')",0.0013365410318096765,0.0,0.1085795553491612,9.204802441465206e-07,0.11850083917621768
"('7203579945', 'Unknown Dept')",0.0002673082063619353,0.0,0.10355422687261252,6.702984316878013e-08,0.11121905122270571
"('0031849000', 'Regional and City Planning')",0.0008019246190858059,0.0,0.07795049174862477,9.08589227931597e-09,0.08270982969780187
"('0036327060', 'Computer Science & Engineering')",0.0013365410318096765,0.0007808930567215177,0.13951667039606175,0.00014977861881636142,0.15358864234164982
"('4000949000', 'Unknown Dept')",0.002673082063619353,0.0032041248372207377,0.13902928497101233,0.0020283800043890492,0.15431062225368586
"('0015982000', 'Physics & Astronomy')",0.0008019246190858059,0.0,0.12424443706409831,4.243758274144408e-05,0.13460405428128053
"('0020107000', 'Construction Management')",0.0010692328254477412,0.0,0.11260949399476235,0.00029305696896483326,0.12093403049875025
"('0015354000', 'Department of Civil and Coastal Engineer')",0.0008019246190858059,0.0005346164127238706,0.13435569602068667,0.00016413688318867812,0.1480607043622993
"('0029058000', 'BIOLOGY')",0.0005346164127238706,0.0,0.08513301322167353,2.3063620329387225e-06,0.08978025622600971
"('0013508000', 'Office of the Provost and Executive Vice')",0.0013365410318096765,0.0,0.13644818907976802,0.00015899174541707416,0.15079824682518297
"('0021998000', 'Department of Civil and Environmental En')",0.0002673082063619353,0.0,0.1161368434123929,1.240658269135302e-05,0.12391604722846744
"('0013151000', 'Department of Anthropology')",0.0010692328254477412,0.0,0.14826410906785034,0.0030516597887798565,0.16481735351670246
"('0011510001', 'Department of Chemistry and Biochemistry')",0.0005346164127238706,0.0,0.13424480568414254,0.00010937613151717428,0.1470562522373873
"('0029785000', 'School of Business')",0.0010692328254477412,0.0,0.11621621621621622,6.126409359155886e-05,0.12576615185877413
"('0001479000', 'Department of Interdisciplinary Learning')",0.0005346164127238706,0.0,0.09915186853962364,9.915433269131585e-07,0.10566255775050844
"('0036327060', 'ECE')",0.0005346164127238706,0.0,0.1293971152848397,7.213857655430275e-05,0.14041549356835578
"('0036327060', 'Computer Science')",0.0024057738572574178,0.0031225719629374704,0.13648303538854434,0.0001834353662025882,0.15155290520166276
"('0010835000', 'Tree Ring Laboratory')",0.0008019246190858059,0.0,0.11196576080450138,3.154345920852295e-05,0.1207871452912484
"('0010637000', 'Anthropology')",0.0010692328254477412,0.0016029915647822151,0.09232477788746297,4.772260550832531e-08,0.09865826454788433
"('0018259000', 'Earth, Atmospheric, and Planetary Scienc')",0.0008019246190858059,0.0,0.13914822391668216,0.003057725370478773,0.15453784275957483
"('0019489001', 'Electrical Engineering and Computer Scie')",0.0018711574445335472,0.044158009251392426,0.15902231668437833,0.09156340150807583,0.18435820394521218
"('0018408000', 'Chemistry & Biochemistry')",0.0005346164127238706,0.0,0.11943681757231339,6.216282717190858e-05,0.1288793832184971
"('5300004653', 'Conrad Blucher Institute')",0.0018711574445335472,0.0010680892609285456,0.10773838666013881,8.817959022415247e-06,0.11674296183294154
"('0117119000', 'Computing Science')",0.0016038492381716118,0.0,0.09111500803741049,7.614646112439195e-08,0.09730453925289163
"('7203586102', 'Unknown Dept')",0.0002673082063619353,0.0,0.11673843849466392,0.0010574773982588027,0.12498546438649762
"('4001926000', 'Cary Institute of Ecosystem Studies')",0.0013365410318096765,0.0005346164127238706,0.13223753976670202,4.622926119142408e-05,0.14607531078709043
"('0039321000', 'Physics & Astronomy')",0.0010692328254477412,0.0,0.13032118720824915,0.0011030267664668431,0.14250623551593097
"('5300009754', 'Department of Mathematics and Statistics')",0.0010692328254477412,0.0,0.11411750350802269,3.0825138997984114e-06,0.12344943093315032
"('0096354000', 'Dept. of Electrical & Comp.  Engineering')",0.0008019246190858059,0.0010689469343179423,0.1313691751237841,0.0011166142589824396,0.1429920824668221
"('0014449000', 'Decision Sciences')",0.0008019246190858059,0.0,0.10190683737401253,4.528764212944786e-08,0.10930761020847064
"('0036582000', 'Dept. of Electrical and Computer Eng.')",0.0002673082063619353,0.0,0.1357845450255889,0.00025536706055746426,0.1476694630929507
"('0028365000', 'Department of Anthropology')",0.0008019246190858059,0.0,0.08532524404707599,2.6626924181937974e-09,0.08921253396355766
"('0034710000', 'Plant Science')",0.0013365410318096765,0.0,0.10942115885226242,1.9358619563709094e-06,0.1174415856180258
"('0013706000', 'INSTAAR')",0.003475006682705159,0.02582226368063777,0.12706769471145682,4.104669466269014e-06,0.14392023447757224
"('0010835000', 'Department of Civil Engr. & Engr. Mech.')",0.0005346164127238706,0.0,0.1,4.816882376312106e-07,0.1071469600530663
"('0096354000', 'Counseling, Recreation, School Psycholog')",0.0008019246190858059,0.0,0.12685656154628688,0.002544650213538747,0.13883431045266584
"('0015941000', 'Spelman Technology Services')",0.0018711574445335472,0.0,0.1390137861840883,0.00022452757681097645,0.1553589694492574
"('0023259000', 'Industrial and Operations Engineering')",0.0008019246190858059,0.0005346164127238706,0.11667654305585878,1.5890045582043794e-05,0.12510517152304518
"('0020776000', 'Epidemiology')",0.0010692328254477412,0.0,0.10965529370383398,1.053037519946375e-06,0.11859019485899769
"('0013136000', 'Dept. of Civil & Environmental Eng.')",0.0005346164127238706,0.0,0.13859662122110256,0.0022576109632554604,0.15189840042132688
"('6250022580', 'Unknown Dept')",0.0008019246190858059,0.0,0.13590786892392648,0.0009312892098507644,0.15248316535405582
"('0020537000', 'RiSE Center')",0.0010692328254477412,0.0,0.07125171415511199,9.079584366664959e-10,0.07738244452628307
"('0025171000', 'Materials Science and Engineering')",0.0010692328254477412,0.0,0.13215812343236655,0.010803239856289417,0.14496696871396222
"('0010827000', 'School of Forestry')",0.0018711574445335472,0.004269307538329661,0.1253476294186631,0.00024450505393037845,0.13659025412881798
"('0500330000', 'Center for Marine/Environmental Studies')",0.0008019246190858059,0.0,0.10160239000543184,7.389437029006006e-07,0.10933135695891237
"('0022301000', 'Department of Geology & Geophysics')",0.0002673082063619353,0.0,0.09261505706434284,4.674063815195107e-08,0.0987035518060118
"('0037986000', 'Sciences and Math, SIAS UW Tacoma')",0.0010692328254477412,0.0,0.12120524866353474,1.1141331925785335e-05,0.13510329845180571
"('4000600000', 'Science')",0.0013365410318096765,0.002136750304116689,0.1250208869431541,0.0111076142673196,0.13702499978562563
"('0013052000', 'Environmental Earth System Science')",0.0002673082063619353,0.0,0.09656685596282912,3.660104479498782e-07,0.10095299216707439
"('0027078000', 'Department of Biological Sciences')",0.0005346164127238706,0.0,0.11963925933032717,1.8406655343563996e-06,0.12883440323224615
"('0028373000', 'Architecture')",0.0008019246190858059,0.0,0.13118030717441617,0.00033322673669711975,0.14315572524922096
"('0010637000', 'Institute of Northern Engineering')",0.0018711574445335472,0.00878787258804541,0.11725067385444744,3.152168149672229e-06,0.13063217778180702
"('0013706000', 'Institute of Behavioral Science')",0.0005346164127238706,0.0,0.10388780894196056,1.087831478582759e-06,0.11023591506515108
"('0037549000', 'Mechanical Engineeering')",0.0002673082063619353,0.0,0.12188049781716297,1.5490980094726273e-05,0.13016092689957046
"('0035998000', 'Teaching and Learning')",0.0008019246190858059,0.0,0.11173167672182067,3.947422933333619e-05,0.11914790733897647
"('0015354000', 'Department of Electrical and Computer En')",0.0010692328254477412,0.0010689469343179423,0.11167830915278525,0.00018294296916020148,0.12008498275716006
"('0032565000', 'Department of Information Science')",0.0008019246190858059,0.0,0.10908613751676678,3.673636218444019e-06,0.11600060958167391
"('0018408000', 'Provost Office & Psychology')",0.0002673082063619353,0.0,0.11351154534696727,1.264157731114742e-05,0.12144852584424555
"('5300004653', 'Life Sciences Department')",0.0008019246190858059,0.0,0.09726483282200614,1.0413823116329818e-06,0.10337337653130682
"('0080010000', 'Biological Sciences')",0.0005346164127238706,0.0,0.09471845250151914,4.5133703867653554e-08,0.09920339675370796
"('0010512000', 'Graduate School')",0.0008019246190858059,0.0,0.08362018865394072,2.48979790593781e-06,0.08816402372773463
"('6250002291', 'Biology')",0.0016038492381716118,0.0032034101093962406,0.10771977310029082,3.8112945916726367e-06,0.11632417897630783
"('0029207000', 'Civil and Environmental Engineering')",0.0008019246190858059,0.0,0.12375124048957989,0.00021748595949378478,0.13414993998040461
"('7203582078', 'Electrical and Computer')",0.0010692328254477412,0.0,0.11063792032650165,4.4846479164168545e-05,0.11802874276811635
"('0036582000', 'Dept of Geological Sciences')",0.0002673082063619353,0.0,0.11365293474298213,9.407530507904528e-06,0.12159919511209581
"('0035998000', 'Mechanical Engineering')",0.002673082063619353,0.0021368932496815887,0.12577326519634213,0.00032431126101834374,0.13720766453855357
"('0032102000', 'Integrative Biology')",0.003475006682705159,0.025519327405727165,0.13789163287873202,1.513098428531756e-05,0.15710273230969923
"('0036772000', 'Mathematics Department')",0.0005346164127238706,0.0,0.10619695120220285,3.601646683891254e-05,0.11489897002362087
"('5300001194', 'Department of Anthropology')",0.0016038492381716118,0.0,0.11921606118546844,2.9827263015675954e-06,0.1309949092915208
"('0031849000', 'Gaylord College')",0.0008019246190858059,0.0,0.0920091492658452,4.79162810567961e-07,0.09850006114691345
"('0034256000', 'Industrial Engineering')",0.0013365410318096765,0.001603277455912014,0.12580710250201776,0.00047081863017876216,0.14131941303329132
"('5300004653', 'Unknown Dept')",0.0010692328254477412,0.0,0.09727241997971867,2.1616579730946922e-06,0.10357385768607827
"('0037218000', 'Chemistry and Biochemistry')",0.0016038492381716118,0.0026702231523213645,0.10626633337120782,2.7925679005515708e-05,0.11373154864887866
"('0031849000', 'College of Architecture')",0.0008019246190858059,0.0,0.07795049174862477,9.08589227931597e-09,0.08270982969780187
"('0023259000', 'Computer Science and Engineering')",0.0005346164127238706,0.002136750304116689,0.12860089377793055,1.0626653329655054e-05,0.13871996750552448
"('7203593020', 'Engineering Education & Outreach')",0.0008019246190858059,0.0,0.10881642863375898,2.724521523535244e-05,0.1156245758485241
"('5300002935', 'Civil and Environmental Engineering')",0.0008019246190858059,0.0010689469343179423,0.11168497731072367,0.0016429525685945823,0.12012224056306277
"('0013177010', 'Political Science')",0.0008019246190858059,0.0,0.1140966207148957,3.53550986760404e-05,0.12213477224031882
"('0017756000', 'Electrical and Computer Engineering')",0.0018711574445335472,0.00160177652748057,0.10856695107086889,3.594733922066211e-05,0.11624658192349382
"('5300012004', 'Severe Storms Research Center')",0.0002673082063619353,0.0,0.11243688386631402,2.687522452871017e-06,0.11952575082604133
"('0014894000', 'Dept. of Computer Science')",0.0002673082063619353,0.0,0.08552421014128297,3.578006224006573e-08,0.08928528102244615
"('4025938000', 'Carlson School of Management')",0.0002673082063619353,0.0,0.10329403318883397,2.194146534697055e-07,0.10917571187913393
"('0036046000', 'Department of Computer Science Rice Univ')",0.0010692328254477412,0.0,0.12497077000167028,7.885218977136493e-05,0.13616883928501838
"('0037986000', 'School of STEM')",0.0002673082063619353,0.0,0.12119346896462356,7.891320673464338e-06,0.13470233614226282
"('0015644000', 'Biomedical Engineering')",0.0005346164127238706,0.0,0.11925786604609646,1.5640580760899714e-05,0.1282089787467399
"('0025890000', 'Complex Systems Research Center')",0.0010692328254477412,0.0,0.09436960799152413,2.70837293722823e-07,0.0993509070368752
"('0017749000', 'Neurobiology')",0.0002673082063619353,0.0,0.10496927523218945,2.466073489555324e-06,0.11098474122055706
"('6250017845', 'SageFox Consulting Group')",0.0002673082063619353,0.0,0.1172323023408856,1.169777870581971e-05,0.125032699888825
"('0027078000', 'Lamont-Doherty Earth Observatory of Col')",0.0002673082063619353,0.0,0.1105431121092134,3.7838129791936937e-07,0.11932742334517624
"('0022905000', 'Integrative Biology')",0.0037423148890670943,0.026918279335426273,0.15178317848013956,0.0006828900771103065,0.17035008859387316
"('0013177000', 'Unknown Dept')",0.006415396952686447,0.03300353963382465,0.15911700905958912,0.0010472728603756528,0.18534388622246586
"('0023259000', 'Office of Tech Transfer')",0.0002673082063619353,0.0,0.125284661754856,6.428141985863725e-05,0.13654986648701078
"('5300002935', 'College of Engineering')",0.0005346164127238706,0.0,0.10046998791459648,0.00017843638031985783,0.10637031695689944
"('0025361000', 'spectrUM Discovery Area')",0.0010692328254477412,0.0,0.12400556881463802,0.0007411119008638283,0.13462979589329951
"('0022905000', 'Department of Chemistry')",0.0013365410318096765,0.0005346164127238706,0.13230769230769232,0.001818985881549233,0.15050247102702424
"('4006821000', 'Unknown Dept')",0.0010692328254477412,0.0016029915647822151,0.10659030686383451,1.7166576254245686e-06,0.11390495128866523
"('0032235000', 'Oregon Institute of Marine Biology')",0.0013365410318096765,0.0,0.11064119247604401,2.7665836164788025e-06,0.11793819360791198
"('0015511000', 'Chemistry')",0.0010692328254477412,0.0,0.12611245954692557,3.51190777099335e-05,0.13659757439475909
"('4004842000', 'Surgery')",0.0010692328254477412,0.0,0.09839040555467887,4.055378851830791e-07,0.10488543151376555
"('0025890000', 'Mechanical Engineering')",0.0008019246190858059,0.0,0.10317438429079677,3.394116489156718e-07,0.108626322417531
"('0015941000', 'Psychology')",0.0005346164127238706,0.0,0.08916908995566573,4.53083592729563e-09,0.09437227146434994
"('0028373000', 'Materials Design and Innovation')",0.0018711574445335472,0.005599991466205487,0.1338940586972083,0.00026728699413297694,0.14683811354821824
"('0037986000', 'Physics')",0.0008019246190858059,7.147278244971532e-08,0.12120132184280438,9.70175027835709e-06,0.13496964434862474
"('0001479000', 'Department of Chemistry')",0.0005346164127238706,0.007458613685322492,0.08019808347803717,3.7011518319231807e-10,0.0850487629090756
"('0028381000', 'Unknown Dept')",0.003475006682705159,0.013303657834060212,0.12463352878464819,0.0005584297268341796,0.13734737670182767
"('0017749000', 'Psychology')",0.0013365410318096765,0.0016029915647822151,0.13280085197018104,0.00019856054999077433,0.14585369169240484
"('0013508000', 'Natural Resource Ecology Laboratory')",0.0013365410318096765,0.0,0.09896301782974445,1.9765609445618613e-05,0.106916787421794
"('5300002828', 'SHEM')",0.0018711574445335472,0.0,0.09922813718469006,7.708652871547541e-07,0.10718559269611012
"('0023259000', 'CLaSP')",0.0010692328254477412,0.0,0.14407301856273588,0.00022141091027713477,0.16260793747632188
"('0025650000', 'Earth and Atmospheric Sciences')",0.0010692328254477412,0.0005346164127238706,0.11249436175011276,1.4704397707824748e-06,0.12138349706159411
"('0010819000', 'ASU Law')",0.0010692328254477412,0.0,0.13215812343236655,0.010803239856289417,0.14496696871396222
"('0018259000', 'Materials Engineering')",0.0010692328254477412,0.000710205831029625,0.14023841655420602,0.003083507045901194,0.15641894229504483
"('0017392000', 'EECS')",0.0005346164127238706,0.0,0.09192323758507998,5.506704679903676e-08,0.09738496875172707
"('0015354000', 'Entomology and Nematology')",0.0013365410318096765,0.0005346164127238706,0.12056851875725151,3.511770351302984e-05,0.13030101748024753
"('0022905000', 'Physics & Lyman Briggs')",0.0010692328254477412,0.0,0.13230301315603338,0.001802776258817837,0.1503688169238433
"('0028373000', 'Engineering Education')",0.0013365410318096765,0.0016029915647822151,0.11552357718556032,5.830573290588619e-06,0.12486694148611537
"('0033290000', 'Mechanical and Nuclear Engineering')",0.0013365410318096765,0.0150825929047926,0.13982955819690512,0.0001011486600189738,0.1549846296603225
"('0029728000', 'Electrical & Computer Engineering')",0.002673082063619353,0.00652286730166053,0.14992185308379755,0.001153476007847054,0.1685242327849292
"('0010637000', 'Department of Alaska Native Studies and')",0.0008019246190858059,0.0,0.11311341577722009,2.7539004453770726e-06,0.12425651566459371
"('0036566000', 'Industrial, Manufacturing, and Systems E')",0.0016038492381716118,0.009823782548189743,0.08748626084516264,1.2695281443779147e-07,0.09488716224917017
"('0027375000', 'Education')",0.0018711574445335472,0.0,0.09922813718469006,7.708652871547541e-07,0.10718559269611012
"('0013144000', 'Department of Anthropology')",0.0002673082063619353,0.0,0.12856995566553253,7.1513852238027875e-06,0.1402064284145993
"('0017756000', 'Unknown Dept')",0.006950013365410318,0.14345227480902256,0.17488663456593895,0.005375443161263794,0.20684552938609793
"('0035303000', 'Theory and Practice of Teacher Education')",0.0013365410318096765,2.858911297988613e-07,0.11138569642112785,0.0025027476098661585,0.12014006036837249
"('0021998000', 'PhD Network')",0.0010692328254477412,0.0,0.13141532300558542,0.00013171536176668095,0.14347445264646658
"('0021030000', 'Clark School of Engineering')",0.0002673082063619353,0.0,0.12950013846579894,0.00020547578187855706,0.14008220160633147
"('0013987000', 'Science')",0.0005346164127238706,0.0,0.13325496901047232,9.272061435774363e-05,0.14622488707161957
"('0013706000', 'Office of the Senior Vice Chancellor for')",0.0013365410318096765,0.0,0.13166044907439994,0.000115603036004081,0.14418099456839564
"('0037549000', 'Computer Science')",0.0032076984763432237,0.025318011475431817,0.15379871731623088,0.0014515698084291149,0.1748188133111944
"('0027078000', 'Ocean and Climate Physics')",0.0016038492381716118,0.005106254131514961,0.12159131537036436,1.6985409968336161e-06,0.13424444966675708
"('0033290000', 'Biochemistry and Molecular Biology')",0.0010692328254477412,0.0,0.12911575895630564,4.8665873253722e-05,0.14096396263243888
"('0001479000', 'Computer Science Department')",0.0002673082063619353,0.0,0.09914924067742704,8.952698815214452e-07,0.10552890364732745
"('0026278000', 'Department of Geosciences')",0.0002673082063619353,0.0,0.09376409845105017,4.132169297049339e-09,0.09925077525671748
"('0013284000', 'Annenberg School for Communication')",0.0005346164127238706,0.0,0.10754326453170816,4.499294767558319e-06,0.11460703010599156
"('0010637000', 'International Arctic Research Center')",0.003475006682705159,0.007726485579220942,0.1131715876089061,3.3769427766383024e-06,0.12565988374799383
"('0035220000', 'Mechanical and Manufacturing Engineering')",0.0002673082063619353,0.0,0.10622107385218206,2.456459815086558e-05,0.11300090621815603
"('0032102000', 'School of Writing, Literature, and Film')",0.0008019246190858059,0.0,0.12290557855312438,8.166866295399652e-06,0.13430626721394642
"('6250029715', 'Unknown Dept')",0.0002673082063619353,0.0,0.11490263529700842,1.0584484867915011e-05,0.12386358394176519
"('0022301000', 'Marine Chem and Geochemistry')",0.0002673082063619353,0.0,0.09963777765940446,2.1767659772944293e-07,0.1074845968825559
"('0013052000', 'Biology')",0.0013365410318096765,0.0,0.09009464634058233,2.6498643825347823e-06,0.09637648824148287
"('0037549000', 'Department of Economics')",0.0008019246190858059,0.0,0.13806465899025686,0.00018696316178555384,0.15097011678808053
"('0027110000', 'Lab of Ornithology')",0.0010692328254477412,0.0,0.12525529848997222,3.7334824975068096e-05,0.13591403584386808
"('0035063000', 'Unknown Dept')",0.0010692328254477412,0.0,0.12197984935928788,2.4573767321305518e-05,0.1305869718359696
"('0013706000', 'Mathematics')",0.0024057738572574178,0.0034700750607161283,0.10916571828766523,9.257832886935459e-06,0.11785962328558569
"('0033290000', 'College of Info Sciences & Technology')",0.0010692328254477412,0.001669178568839354,0.1397929823250252,0.00018878865102286274,0.1543969918533577
"('0013177010', 'Department of Oceanography')",0.0008019246190858059,0.0,0.12387827411503692,0.0004174989745751279,0.13393454754368062
"('0038158001', 'CITE')",0.0008019246190858059,0.0,0.10479285134037368,4.509156057339722e-06,0.11104361429671467
"('0013144000', 'Molecular Biology & Biochemistry')",0.0016038492381716118,0.0,0.1285876327638951,1.1259007132959913e-05,0.14065194209186913
"('0018408000', 'Department of Anthropology')",0.0002673082063619353,0.0,0.11943300450148453,5.29194903157142e-05,0.12874572911531612
"('0031849000', 'Chemical, Biological and Materials Eng')",0.0010692328254477412,0.0,0.1008709251220104,1.0530317651753431e-05,0.10959899385464275
"('0031849000', 'The Office of the Senior Vice President')",0.0005346164127238706,0.0,0.12650907984173684,9.609747250018653e-05,0.13740352507393472
"('0022905000', 'Biochemistry & Molecular Biology')",0.0013365410318096765,0.0016029915647822151,0.11902262097928797,0.0001947661130875444,0.13108721525097267
"('0034702000', 'Chemical and Biological Engineering')",0.0010692328254477412,0.0,0.07973655604578297,8.696503967564098e-09,0.08393075418006433
"('0035451000', 'Department of Chemistry')",0.0002673082063619353,0.0,0.12608270702032287,0.0002669011385319467,0.13594563084987252
"('0014340000', 'CTRL')",0.0002673082063619353,0.0,0.11518566414188065,1.983957529168105e-05,0.12348026380279653
"('0015354000', 'Department of Engineering Education')",0.0005346164127238706,0.0,0.10046459166957596,1.9662625520811708e-05,0.10629628601631248
"('0037218000', 'Unknown Dept')",0.0018711574445335472,0.001603277455912014,0.09607828029894445,3.4537167845844794e-06,0.10186490710928793
"('0014449000', 'Curriculum and Pedagogy')",0.0010692328254477412,0.0,0.12400556881463802,0.0007411119008638283,0.13462979589329951
"('0014175000', 'Psychological Sciences')",0.0008019246190858059,0.0,0.10149213239283776,1.7256461098163508e-07,0.10746906069373345
"('0013136000', 'Center for Educational Effectiveness, Un')",0.0005346164127238706,0.0,0.14271544653416243,0.00226523570191756,0.1567351338266246
"('0018697000', 'Department of Elec. & Comp. Engineering')",0.0018711574445335472,0.0,0.08536418400876232,7.801880881890073e-09,0.09020157432709681
"('0036616000', 'The University of Texas at El Paso')",0.0005346164127238706,0.0,0.10481634025384551,2.456250433614869e-05,0.11374745297810662
"('0015982001', 'Mechanical Engineering')",0.0005346164127238706,0.0,0.10159411237541754,5.255145104035194e-07,0.10795836544074931
"('0018697000', 'Electrical & Computer Engineering')",0.0010692328254477412,4.7648521633143544e-08,0.11201604934574962,8.401062187924205e-05,0.12335385360115192
"('0026294000', 'School of Communication & Information')",0.0010692328254477412,0.0,0.08854437869822485,4.221625080463928e-09,0.09476412450553327
"('0010819000', 'Public Affairs/Org Research & Design')",0.0008019246190858059,0.0,0.14270455845889757,0.08073993662587171,0.16076134133471762
"('0015644000', 'Department of Radiology & Imaging Scienc')",0.0010692328254477412,0.0,0.1222908698636854,0.00035392737305572805,0.13647523325927993
"('0034488000', 'Instruction and Teacher Education')",0.0010692328254477412,0.0,0.08632545689496031,1.0332540598939143e-07,0.0908564380341834
"('0013706000', 'Information Science')",0.0010692328254477412,0.0,0.12576058089891418,0.00026923752197900795,0.13655780125307043
"('0033290000', 'Earth & Environmental Systems Institute')",0.0005346164127238706,0.0,0.13638849392978233,0.0006301107799117499,0.14964694747172808
"('0035659000', 'Computer Science Department')",0.0010692328254477412,0.0,0.13227026835908495,0.00018332755298964903,0.14419819169217873
"('0089078000', 'Earth and Ecosystem Sciences')",0.0010692328254477412,0.0,0.1430428631514549,0.09209929432188221,0.16193049651349584
"('6250027947', 'Unknown Dept')",0.0008019246190858059,0.0,0.11211340206185567,7.172395077113529e-05,0.1208849305080251
"('0013219000', 'Unknown Dept')",0.0032076984763432237,0.003462290629225078,0.1059383229971965,4.395852012151618e-06,0.115288921973074
"('0013508000', 'Statistics')",0.0002673082063619353,0.0,0.10898126838931453,6.695218666579133e-06,0.11588154255850738
"('0027110000', 'Information Science')",0.0013365410318096765,0.0010689469343179423,0.12450494225713049,1.8182742832475994e-05,0.13553304112292777
"('0018259000', 'Physics')",0.0016038492381716118,0.0009639755432225167,0.1462928202721727,0.0038860086319613555,0.16443148723621834
"('0021550000', 'Department of Molecular and Cellular Bio')",0.0005346164127238706,0.0,0.09503607356975917,6.595241045389926e-07,0.09977703842061741
"('0021782000', 'Media Lab')",0.0013365410318096765,0.0005346164127238706,0.10152793985941867,2.919662769843638e-07,0.10993689816393575
"('0027110000', 'Chemical and Biomolecular Engineering')",0.0024057738572574178,0.0032054113473048325,0.13142455647286141,0.0004439768315625917,0.1454424707431932
"('0026211000', 'Humanities and Social Sciences')",0.0018711574445335472,0.002136750304116689,0.11137906395141121,5.642007410646718e-06,0.11946736549960693
"('0017749000', 'Pritzer School of Molecular Engineering')",0.0005346164127238706,0.0,0.11431976530986432,0.0002224547353571116,0.12240501556507027
"('0032896000', 'Materials Science and Engineering/Bioeng')",0.0010692328254477412,0.0,0.10905433768656717,3.7762288864230742e-06,0.1159560582139469
"('7203585454', 'Unknown Dept')",0.0002673082063619353,0.0,0.10655084021646255,1.5133143939384924e-06,0.11325450131985121
"('0013201000', 'Statistics and Applied Probability')",0.0013365410318096765,0.0025279309331032785,0.12335135848061198,2.0299278021315554e-05,0.13458348162213354
"('0036616000', 'Engineering Education and Leadership')",0.0005346164127238706,0.0,0.10877529658060014,4.949548342141318e-07,0.11715401007348644
"('0037549000', 'Industrial & Systems Engineering')",0.0013365410318096765,0.004724332584645149,0.13909648633575014,0.0005683426375529684,0.15501644209543153
"('6250004721', 'Molecular and Cell Biology')",0.0010692328254477412,0.0,0.13307957738963394,0.00010560321268065283,0.14466970479400412
"('0010637000', 'Mining and Geological Engineering')",0.0013365410318096765,0.0,0.12256331291157488,0.00047330922683252297,0.13244876462245272
"('0011452001', 'Chemistry & Biochemistry')",0.0005346164127238706,0.0,0.08361831958693756,2.222210711992079e-06,0.08803036962455364
"('0027110000', 'Mechanical and Aerospace Eng.')",0.0010692328254477412,0.0,0.08393914916532041,1.1834365109390241e-07,0.08894988231277574
"('4000949000', 'Education and Career Development')",0.0005346164127238706,0.0,0.12207936300744028,0.00021888345697592434,0.13167399671539032
"('0001289000', 'Bioengineering')",0.0008019246190858059,0.0,0.07818018432216672,1.0517198652918633e-08,0.08385655490226554
"('6250018355', 'Unknown Dept')",0.0010692328254477412,0.0,0.07168039854378233,9.967178949953792e-11,0.07544250326346517
"('0013151000', 'Computer Science')",0.0024057738572574178,0.0026712237712756604,0.13299441857158092,1.1847806226803336e-05,0.14607081596503335
"('0014894000', 'FL Natural Areas Inventory')",0.0002673082063619353,0.0,0.12185667752442997,1.4140981588317291e-05,0.1319303641363587
"('0018408000', 'ACMS')",0.0005346164127238706,0.0,0.12951358836766488,0.00016021246795302826,0.14174026895428332
"('0013151000', 'Electrical and Computer Engineering Depa')",0.0002673082063619353,0.0,0.09457238921050636,8.572749019014278e-08,0.09939509849612858
"('0021303000', 'Professional Development & Postdoctoral')",0.0005346164127238706,0.0,0.10030028419754411,2.871055046453097e-07,0.10820630166502863
"('0001057000', 'Computer Science')",0.0016038492381716118,0.0003907161468183012,0.13460223797359047,3.655652978045845e-05,0.14783255852822888
"('0028373000', 'Mechanical and Aerospace')",0.0005346164127238706,0.0,0.10728112184910098,2.9122441957807536e-06,0.11393918967035477
"('0013169000', 'Chemical & Environmental Engineering')",0.0008019246190858059,0.0021371791408113876,0.11642236952665484,3.888947084978933e-06,0.12624884392774346
"('0023259000', 'ICPSR')",0.0013365410318096765,0.0,0.14276991184215548,0.00024339421284322207,0.15991854884066237
"('0032102000', 'Fisheries & Wildlife')",0.0005346164127238706,0.0,0.1119356093474163,4.539625661071746e-07,0.1215963362880663
"('0033290000', 'School of Science, Engineering & Tech')",0.0013365410318096765,0.0,0.14666562120202298,0.0010774575773859014,0.16301580039551167
"('0036046000', 'Civil & Env. Eng. , Mech. Eng. & Mat. Sc')",0.0002673082063619353,0.0,0.10364029255319149,2.6750303797359153e-06,0.11041467543648509
"('0013136000', 'Political Science')",0.0005346164127238706,0.0,0.09476884103863205,1.9406296006116499e-07,0.10035673643555268
"('0017749000', 'Dept. of Public Health Sciences')",0.0010692328254477412,0.0,0.09137316203409701,2.627737625434183e-05,0.09727906734831614
"('0013482000', 'Engineering, Design and Society')",0.0010692328254477412,0.0,0.12027005304613406,2.594388488264826e-05,0.13037903151044733
"('4023263000', 'Lifelong Learning Group')",0.0008019246190858059,0.0,0.09834901940165099,6.52775784559886e-06,0.10560474006912526
"('0027078000', 'Environmental Health Sciences')",0.0018711574445335472,0.0002672367335794856,0.11850232823339352,1.777238776538392e-06,0.1296696679408064
"('0039206000', 'Anthropology, Global Religions, and Cult')",0.0013365410318096765,0.0,0.13559752075102396,0.0029443722917978595,0.14913555914605528
"('0080010000', 'Department of Chemistry')",0.0013365410318096765,0.0016029915647822151,0.11682958058773929,4.158714113408625e-06,0.1256146128526837
"('0029728000', 'Chemical Engineering')",0.0002673082063619353,0.0,0.11616208663251049,4.329653117708921e-05,0.12500432347064258
"('0017590000', 'Center for STEM Research, Education, and')",0.0010692328254477412,0.0,0.09814003515307328,9.298333944138152e-08,0.10452027655610195
"('0037788000', 'Unknown Dept')",0.0016038492381716118,0.0,0.11194900798994524,6.664797551878633e-07,0.12195274722988224
"('0017756000', 'Civil and Environmental Engineering')",0.0024057738572574178,0.032705586813288244,0.16077875193398658,0.0008555645717770295,0.18259069885620688
"('0021303000', 'BU Center for Emerging Infectious DIseas')",0.0010692328254477412,0.0,0.1003056628056628,3.6760316952226807e-07,0.10847360987139056
"('0020776000', 'Computer Science')",0.0016038492381716118,0.0063965281381197225,0.14038050208262975,0.00016410756662210466,0.1564544901039491
"('0015982000', 'Department of Anthropology')",0.0005346164127238706,0.0,0.13061694773227192,0.00015893642463380887,0.14385672573971617
"('0037986000', 'Department of Statistics')",0.0010692328254477412,0.0005346164127238706,0.12120917573872472,9.891839043076664e-06,0.13514784981953273
"('0018259000', 'Computer and Information Science')",0.0005346164127238706,0.0,0.11542021473528323,0.00016908958570536835,0.12320567025505905
"('0036756000', 'Department of Physics')",0.0005346164127238706,0.0,0.06689076832299247,9.656342160826882e-12,0.06973002475376988
"('0028068000', 'Golisano Institute for Sustainability')",0.0013365410318096765,0.004268926350156597,0.11136911672769492,2.3913422512602284e-06,0.12055012979556891
"('0035303000', 'Department of Physics and Astronomy')",0.0013365410318096765,0.0,0.13819726634650906,0.00019030077649210235,0.15175602334430682
"('0010827000', 'School of Informatics, Computing, and Cy')",0.0013365410318096765,0.0,0.09335928726510444,1.1678122279115969e-07,0.09958916060296066
"('0015354000', 'Department of Mathematics')",0.0005346164127238706,0.0,0.13061694773227192,0.00016061782155043448,0.14385672573971617
"('0034256000', 'Department of Industrial Engineering')",0.0002673082063619353,0.0,0.12576903681290974,0.0004099698676137152,0.140584315465796
"('5300001194', 'Biology')",0.002673082063619353,0.005654544800450933,0.1331885502705782,1.3022995241979971e-05,0.14947878085054395
"('0038950000', 'Physics')",0.0010692328254477412,0.0,0.14366911171703983,0.01652987190198009,0.1602649344329376
"('0013508000', 'Atmospheric Science')",0.0002673082063619353,0.0,0.13324073084731275,8.26020051955551e-05,0.14600213023298467
"('0023259000', 'LSA Dept. Earth & Environmental Sciences')",0.0002673082063619353,0.0,0.09614989205304822,2.1475301703992644e-06,0.1019840948291821
"('0036442000', 'Curriculum and Instruction')",0.0008019246190858059,0.0005346164127238705,0.10824026387361843,1.7706642858127563e-05,0.11652020167810875
"('0025171000', 'Psychological Sciences')",0.0010692328254477412,0.0,0.10115458453884217,2.612942140705564e-07,0.10907655458105808
"('0036616000', 'Teacher Education')",0.0021384656508954825,0.008252575531973172,0.1274486423874902,1.4653352544601864e-05,0.13895750173463892
"('0028373000', 'Industrial and Systems Engineering')",0.0013365410318096765,0.0005346164127238706,0.10357142857142858,7.079151585394444e-07,0.11019480316604384
"('0015982000', 'Geography')",0.0013365410318096765,0.0005346164127238706,0.12687377060299804,2.1956357153315038e-05,0.13869149053238025
"('0025684000', 'CEP Counseling and Educational Psycholog')",0.0010692328254477412,0.0,0.12290557855312438,0.0006558432718362279,0.13548563882895698
"('0014803000', 'Physics')",0.0010692328254477412,0.0,0.12114637305699481,5.3853084285314474e-05,0.13060752244722662
"('0018259000', 'ECE')",0.0013365410318096765,0.0032609198965987646,0.15830230196343942,0.10319481186981411,0.1811481428963381
"('0018259000', 'Electrical and Computer Engineering')",0.0045442395081529,0.07317091761785975,0.16622234070914424,0.11474717353242214,0.19419753002351198
"('0010512000', 'Civil, Construction and Environmental En')",0.0013365410318096765,0.0005346164127238706,0.11140891628696507,0.0011909973538178585,0.1203585742196049
"('0029132000', 'Engineering')",0.0005346164127238706,0.0,0.12819985607073095,0.00024614422163647887,0.13887781119667128
"('0036046000', 'Department of Chemistry')",0.0005346164127238706,0.0005346164127238706,0.11561997774755842,2.7559129314971435e-05,0.1255422455695987
"('0038000000', 'Biological Sciences')",0.0002673082063619353,0.0,0.12276038590273676,7.74910420908271e-05,0.13259781443422228
"('0036368000', 'Geography')",0.0010692328254477412,0.0,0.12001154882586937,5.797276594551227e-06,0.1295598543693979
"('0018408000', 'Physics')",0.0010692328254477412,0.0,0.11943681757231339,6.498377306727618e-05,0.1288793832184971
"('0036327000', 'High Performance Research Computing')",0.0010692328254477412,0.0,0.12063072359086804,4.772316095484003e-05,0.13220928103646665
"('0028373000', 'Unknown Dept')",0.0045442395081529,0.02362278087029141,0.1539252797893351,0.0018781744048735197,0.17359793522584194
"('0033290000', 'Department of Geography')",0.0010692328254477412,0.0,0.11456132292145153,2.840399375577646e-06,0.12379818846208131
"('0010090000', 'Civil Engineering')",0.0005346164127238706,0.0,0.13851964305550413,9.213935720114584e-05,0.15135858226923915
"('0020107000', 'Human Resource Education')",0.0010692328254477412,0.0,0.09517873044141967,8.547401583798133e-07,0.10212614148294905
"('4091862000', 'Unknown Dept')",0.0010692328254477412,0.0,0.09725977537437604,5.328864875353119e-07,0.10343320265368305
"('0037499000', 'Mathematical Sciences')",0.0021384656508954825,0.002670794934580962,0.11676758848866971,7.54975147095033e-06,0.1274415742425962
"('0030908000', 'Materials Science & Engineering')",0.0010692328254477412,0.0,0.0945054945054945,1.358078625779298e-07,0.10101688916069278
"('0017749000', 'Department of Computer Science')",0.0005346164127238706,0.0016029915647822151,0.09718902629117739,9.6860391330997e-07,0.10339865191099328
"('0010504000', 'Psychology and Sociology')",0.0010692328254477412,0.0,0.1271324678855434,1.4316462276012681e-05,0.1385558703386207
"('0028381000', 'C.N.Yang Instit. of Theoretical Physics')",0.0010692328254477412,0.0,0.08332405283203778,1.3359026043460346e-07,0.08781283081461022
"('0037986000', 'Mathematics')",0.0018711574445335472,0.002137322086376287,0.12902669517831275,4.462515104428415e-05,0.14521288873380953
"('0010520000', 'Department of Civil, Construction, and E')",0.0016038492381716118,0.0,0.12052967330369224,7.65724617258188e-05,0.13303494605147986
"('0025650000', 'Holland Computing Center')",0.0010692328254477412,0.0,0.12332695984703633,0.00011001272475711185,0.13255867547166722
"('0025361000', 'WA Franke College of Forestry and Conser')",0.0010692328254477412,0.0,0.08682836253916676,7.505180693203695e-09,0.09234286148446591
"('0036707000', 'Mechanical Engineering')",0.0021384656508954825,0.0037371688487307145,0.12996352266805627,1.9043066776059373e-05,0.14166078133246507
"('5300004653', 'Department of Life Sciences')",0.0013365410318096765,0.0,0.09726483282200614,1.1428710000040596e-06,0.10337337653130682
"('0018929000', 'Physics & Astronomy')",0.0010692328254477412,0.0,0.1273401865341412,4.2283579670756574e-05,0.14051392069210794
"('0037499000', 'Department of Information Sciences and T')",0.0008019246190858059,0.0,0.14270455845889757,0.07995580915463564,0.1607613413347176
"('0020545000', 'Casco Bay Estuary Partnership')",0.0010692328254477412,0.0,0.06652558950101362,1.4888588775086746e-10,0.07138453934155307
"('0021030000', 'Graduate School')",0.0002673082063619353,0.0,0.13025766016713092,0.0012862824511327834,0.1416600851709836
"('0015354000', 'Department of Geological Sciences')",0.0016038492381716118,0.0005346164127238706,0.09316630970762564,3.1854244907916506e-07,0.09914667313042476
"('0021030000', 'IPST')",0.0008019246190858059,0.0,0.13694267515923567,0.0016521027909092028,0.15007062233051754
"('0014449000', 'Educational Leadership')",0.0002673082063619353,0.0,0.10558848433530905,1.7065305552850197e-07,0.1124076856191507
"('0029728000', 'Plant Pathology')",0.002673082063619353,0.008138839770050567,0.15172777417261518,0.0016937311576415554,0.17302389385034816
"('0022905000', 'Computer Science And Engineering')",0.0005346164127238706,0.0,0.12302683504340962,1.71049669326781e-05,0.132856310046738
"('0018408000', 'Center for Research Computing')",0.0010692328254477412,0.0,0.12945980551614356,0.00016729368396996278,0.14145068506405797
"('5300007032', 'Unknown Dept')",0.0010692328254477412,0.0,0.1007758202683045,2.2922284391107074e-05,0.10903573727695151
"('0010819000', 'Psychology')",0.0005346164127238706,0.0,0.12356729975227085,1.7520260813684274e-05,0.134310527262312
"('0015982001', 'Germanic and Slavic Studies')",0.0010692328254477412,0.0,0.12424856355242618,4.8263374438434064e-05,0.13473770838446153
"('0037549000', 'Sustainable Biomaterials')",0.0010692328254477412,0.0,0.11136580138128126,5.45776763389272e-06,0.11902185182233706
"('0010090000', 'Aerospace Engineering')",0.0010692328254477412,0.0,0.1188298075090528,0.0002235115944780976,0.12875257267327625
"('0032102000', 'STEM Center')",0.0013365410318096765,0.0013982677701010562,0.11646586345381527,2.4924064357244345e-06,0.12961128237438405
"('0013151000', 'Mathematics')",0.0013365410318096765,0.00817512836911155,0.11253158464685356,4.67559916595988e-06,0.12227537727253962
"('0025650000', 'School of Global Integrative Studies/Dep')",0.0008019246190858059,0.0,0.12076702069277205,1.4422531436963792e-05,0.13097302720975457
"('0010819000', 'Cntr Infectious Diseases and Vaccinology')",0.0008019246190858059,0.0,0.1426991150442478,0.0798724408443015,0.16071678996699063
"('0036756000', 'Electrical & Computer Engineering')",0.0010692328254477412,0.0005346164127238706,0.13158635244460076,0.00013807427119456368,0.14461824039811283
"('0001479000', 'Department of Computer Science')",0.0005346164127238706,0.0,0.10980979218034519,8.334993618349483e-06,0.11824945377471315
"('0013136000', 'ECE')",0.0008019246190858059,0.0,0.1075216279136608,3.790930036044954e-06,0.1143952754069963
"('0013136000', 'Electrical and Computer Engineering')",0.0018711574445335472,0.002332674412369654,0.11307922497959677,4.407537182205317e-06,0.12292857435729648
"('0030908000', 'Electrical & Computer Engineering')",0.0008019246190858059,0.0,0.11395412592524902,8.979871889162584e-07,0.12200856697577589
"('0029207000', 'Sociology')",0.0021384656508954825,0.004096918285130578,0.1299454652818785,5.093712176725657e-05,0.1425252711439569
"('0021055000', 'Department of Mechanical Engineering')",0.0010692328254477412,0.0,0.08359589729838439,7.644731753203113e-09,0.08880676411040217
"('0013169000', 'Electrical Engineering')",0.0010692328254477412,0.0,0.0992518306271888,1.4904552959378318e-07,0.10539018395145365
"('0022905000', 'MSU-DOE Plant Research Laboratory')",0.0002673082063619353,0.0,0.13228429985855727,0.0012663322927622418,0.14992330324657344
"('0001057000', 'Pittsburgh Supercomputing Center')",0.0016038492381716118,0.0003469071924869834,0.15256310917173035,0.00148298343321435,0.17261783105455036
"('0038950000', 'Electrical and Computer Engineering')",0.0010692328254477412,0.0,0.11171833004837843,3.421572569621465e-05,0.11880228901007538
"('0018408000', 'Computer Science & Engineering')",0.002673082063619353,0.002704108062480446,0.1327819975864272,0.0002829934272752696,0.1469453774873791
"('0019489001', 'Aerospace Engineering')",0.0010692328254477412,0.0,0.142612076852699,0.013608013440779668,0.16193691625728496
"('0010637000', 'College of Liberal Arts')",0.0016038492381716118,0.002136750304116689,0.1016962975044854,4.657071268532126e-07,0.11021550945945222
"('0017749000', 'Pritzker School of Molecular Egineering')",0.0010692328254477412,0.0,0.09137316203409701,2.627737625434183e-05,0.09727906734831614
"('0016162000', 'Mechanical & Biomedical Engineering')",0.0016038492381716118,0.0036147512465039573,0.12973816542396394,8.376405169264603e-05,0.14371969319490518
"('0022194000', 'Computer Science')",0.0018711574445335472,0.0061815938549016885,0.1263936752483276,6.500207073784528e-06,0.13879627488936935
"('0010512000', 'Alabama Transportation Institute')",0.0008019246190858059,0.0,0.07795049174862477,9.08589227931597e-09,0.08270982969780187
"('0013706000', 'Department of Mathematics')",0.0008019246190858059,0.0,0.09843441652414156,1.139957355403207e-06,0.1045008120477469
"('0036582000', 'Institute for Geophysics')",0.0010692328254477412,0.0005346164127238706,0.10957178841309824,8.0710143108706e-05,0.11837329082069316
"('0015982001', 'School of Computing')",0.0005346164127238706,0.0,0.10673323823109843,2.5009188260525906e-05,0.1131377679833905
"('0002501000', 'Unknown Dept')",0.0018711574445335472,0.0,0.1390137861840883,0.00022452757681097645,0.1553589694492574
"('0034256000', 'Materials Science & Engineering')",0.0016038492381716118,0.0016029915647822151,0.13697777452308593,0.0024330598956511253,0.15832048605705354
"('0027110000', 'Department of Mathematics')",0.0002673082063619353,0.0,0.08960908306984766,8.771805341753429e-08,0.09383311038670766
"('0021998000', 'Electrical and Computer Engineering')",0.004276931301790965,0.032519729368208614,0.15896825734075554,0.004119303058808432,0.18041290031065416
"('0015354000', 'FSRC')",0.0002673082063619353,0.0,0.13061238740311432,0.00014348809277545162,0.1437230716365352
"('0010819000', 'Center for Behavior, Institutions, and t')",0.0002673082063619353,0.0,0.12489566988281642,0.00853453116027812,0.13593349127631443
"('0029975000', 'Electircal and Computer Engineering')",0.0013365410318096765,0.0032034101093962406,0.11668018214709001,3.491980672259484e-05,0.12614682454226184
"('0023259000', 'Department of Statistics')",0.0005346164127238706,0.0005346164127238706,0.12705906327480215,1.5428293924773055e-05,0.13813817858100144
"('0033290000', 'Statistics')",0.0008019246190858059,0.0010690898798828418,0.1223068623925197,6.863134777855346e-05,0.13268020479327652
"('0035691000', 'Electrical Engineering')",0.0018711574445335472,0.003987330507916653,0.14983178468439604,0.01880175437579205,0.1687332993567955
"('0021030000', 'Electical and Computer Engineering')",0.0005346164127238706,0.0,0.10477524156280633,2.416450308444405e-07,0.1122178703326386
"('0037283001', 'Department of Physics')",0.0010692328254477412,0.0,0.08647511615542867,4.8317171742189274e-08,0.0906596162321349
"('0036327060', 'Soil and Crop Sciences')",0.0008019246190858059,0.0063965281381197225,0.12065406695478295,3.318015182987937e-05,0.13226719781451174
"('0017590000', 'Center for STEM Research, Educ, Outreach')",0.0021384656508954825,0.002136750304116689,0.10880693386074108,6.63645235645852e-07,0.11813414016348016
"('0013706000', 'CIRES/Ecology and Evolutionary Biology')",0.0002673082063619353,0.0,0.10977434783884504,4.236572510074558e-06,0.1168513412098006
"('0026880000', 'Interdisciplinary Arts and Sciences')",0.0010692328254477412,0.0,0.10083286164793402,1.0322921669040307e-05,0.10719859262655959
"('0010512000', 'Department of Educational Studies in Psy')",0.0002673082063619353,0.0,0.11273845041135522,1.507524276659634e-06,0.1202113509884664
"('0030908000', 'Civil and Environmental Engineering and')",0.0005346164127238706,0.0,0.09736355828540197,4.960885910002648e-07,0.10245043095863275
"('0010819000', 'Ctr for Study of Institutional Diversity')",0.0005346164127238706,0.0,0.12491652197141713,0.01003517556470758,0.13617852379881284
"('0017392000', 'Biomedical Engineering')",0.0002673082063619353,0.0,0.10190128568315537,3.643175494975448e-08,0.10904030200210874
"('0020537000', 'School of Earth and Climate Sciences')",0.0005346164127238706,0.0,0.06819921974696468,1.477353252934728e-10,0.07267899883441956
"('0047415000', 'Biology')",0.0021384656508954825,9.148516153563561e-06,0.0813844714686623,1.1074314324559507e-09,0.086870217769204
"('0013136000', 'Unknown Dept')",0.007217321571772253,0.05803364746236791,0.1608824667784802,0.021004976256238723,0.18465288943436453
"('0025650000', 'Architecture')",0.0002673082063619353,0.0,0.10776011061182164,1.422936037392762e-06,0.11473024509165672
"('0013284000', 'Department of Computer Science')",0.0018711574445335472,0.0003116432456146291,0.12049473379070441,2.786797081252754e-05,0.13134419223680513
"('0018697000', 'Agricultural and Biosystems Engineering')",0.0005346164127238706,0.0,0.12591296152939987,0.00011276073385053034,0.13637295647119288
"('7203577490', 'Unknown Dept')",0.0021384656508954825,0.002136750304116689,0.1088132635253054,6.735278517826448e-07,0.11822324289893414
"('0018697000', 'Human Development and Family Studies')",0.0010692328254477412,0.0,0.1271324678855434,1.4316462276012681e-05,0.1385558703386207
"('0026294000', 'Department of Anthropology')",0.0002673082063619353,0.0,0.09260588657573582,4.888959337806368e-08,0.0978516526937489
"('0018259000', 'Mathematics')",0.0016038492381716118,0.002277449307355245,0.14554154995331467,0.003719014582823906,0.16334214176034537
"('0037499000', 'Atmospheric, Oceanic and Earth Sciences')",0.0005346164127238706,0.0024384051376855464,0.11990000320502547,1.8244985470736057e-06,0.13329369065783514
"('0032235000', 'Landscape Architecture')",0.0010692328254477412,0.0,0.12533083185366345,3.2754565614609706e-05,0.136636901027911
"('0028373000', 'Pharmacology and Toxicology')",0.0005346164127238706,0.0,0.12685226001152894,0.0022682723039247686,0.1387006563494849
"('0029769000', 'Psychology')",0.0010692328254477412,0.0,0.10631767414101799,5.553863001368252e-05,0.11555111718739593
"('0018259000', 'School of Electrical and Computer Engine')",0.0005346164127238706,0.0,0.13914304842669048,0.002728997699177131,0.1544041886563939
"('0010835000', 'Soil, Water and Environmental Sciences')",0.0013365410318096765,0.0,0.13288104287287322,0.0001809949714540128,0.14581221111894788
"('0022905000', 'Construction & Civil Engineering')",0.0005346164127238706,0.0005346164127238706,0.13229365584553363,0.0012788418283851892,0.15010150871748135
"('0036756000', 'Chemical And Fuels Engineering')",0.0008019246190858059,0.0,0.11943681757231339,6.393139411172234e-06,0.12875733947175394
"('0037549000', 'Department of Forest Resources and Envir')",0.0010692328254477412,0.0,0.1390137861840883,0.0007653941633213726,0.1541031438786051
"('0021998000', 'Unknown Dept')",0.005880780539962577,0.030960520864303898,0.15120649933309083,0.0009416149675944744,0.17122962501871863
"('0015362010', 'Marine Ecosystem and Society')",0.0010692328254477412,0.0,0.09517873044141967,8.547401583798133e-07,0.10212614148294907
"('0013706000', 'ATLAS Institute')",0.0002673082063619353,0.0,0.1067149703331812,2.661198221067453e-05,0.11513060122946693
"('0025684000', 'Undergraduate Research')",0.0010692328254477412,0.0,0.12290557855312438,0.0007102975178650498,0.13548563882895695
"('0013136000', 'Materials Science and Engineering')",0.0008019246190858059,0.0,0.14059152918185577,0.0025532014762961004,0.1546822548691746
"('0013144000', 'Anthropology')",0.0008019246190858059,0.0,0.128578793607149,8.88353998321828e-06,0.14047373662096121
"('6250041978', 'Unknown Dept')",0.0013365410318096765,0.0005346164127238706,0.10903526668609735,5.577122854822436e-05,0.11900656426105581
"('0020396000', 'Unknown Dept')",0.0005346164127238706,0.0,0.1052379880724654,2.6115569723421784e-07,0.11342490809788071
"('0026633000', 'Department of Anthropology')",0.0002673082063619353,0.0,0.09027073982915883,3.9083878456502625e-08,0.09535751508721796
"('0025163000', 'Dept of Chemical/Mech & Aerospace Engr')",0.0013365410318096765,0.0,0.07481700731970721,3.0336985746578437e-09,0.08142437709258743
"('6250001726', 'Library')",0.0013365410318096765,0.0,0.09762780865888984,2.118316658675759e-07,0.10481173661145997
"('0013169000', 'Department of Evolution, Ecology & Organ')",0.0010692328254477412,0.0,0.12597232043640771,2.002637541363698e-05,0.1382456000303548
"('0015511000', 'Department of Mathematical Sciences')",0.0010692328254477412,0.0,0.12197189527566757,1.626751015726311e-05,0.13031966362960765
"('0033795000', 'Computational and Systems Biology/SOM')",0.0005346164127238706,0.0,0.12710223218836,1.1128700602863082e-05,0.13806580529362378
"('0032102000', 'Department of Botany and Plant Pathology')",0.0005346164127238706,0.0,0.1234897999603882,1.352061129428207e-05,0.13418977436266072
"('0023259000', 'Mathematics')",0.0010692328254477412,0.0005346164127238706,0.118694079573577,8.477865241385235e-05,0.13063461756501504
"('0029751000', 'Geography & Earth Sciences')",0.0002673082063619353,0.0,0.09882446176198653,1.037842875247931e-07,0.10492730887002052
"('0013136000', 'Anthropology')",0.0002673082063619353,0.0,0.1385914866817323,0.0020385111188685693,0.15176474631814596
"('0014316000', 'Chemistry & Biochemistry')",0.0005346164127238706,0.0005346164127238706,0.1065751239245627,1.767521384758125e-06,0.11481632547366664
"('0039206000', 'Religious Studies & Anthropology')",0.0008019246190858059,0.0,0.08452709114736319,5.896124921664481e-09,0.08926239857204722
"('0020107000', 'Mechanical and industrial engineering')",0.0010692328254477412,0.0,0.09517873044141967,8.547401583798133e-07,0.10212614148294907
"('0018259000', 'Armstrong Hall- School of Engineering Ed')",0.0008019246190858059,0.0,0.13637854981590172,0.0005108774481978134,0.1506968683993549
"('4007555000', 'Planetary Sciences Directorate')",0.0008019246190858059,0.0,0.13015795699672952,0.00015483003251270404,0.14265678167913556
"('4023263000', 'Unknown Dept')",0.0013365410318096765,0.0026702231523213645,0.10906069616931957,5.1654327119559275e-05,0.11949662930605263
"('0013128000', 'Chemical & Biomolecular Engineering')",0.0002673082063619353,0.0,0.11032469255949748,5.7058486102004726e-05,0.11717033584915862
"('0032235000', 'Institute for a Sustainable Environment')",0.0010692328254477412,0.0,0.12533083185366345,3.2754565614609706e-05,0.136636901027911
"('0010835000', 'Cellular and Molecular Medicine')",0.0002673082063619353,0.0,0.09325688645145208,2.1118365212046636e-08,0.09788456067631189
"('0016105000', 'Geology & Geophysics')",0.0008019246190858059,0.0,0.08532524404707599,2.6626924181937974e-09,0.08921253396355766
"('0036582000', 'Civil, Architectural, and Environmental')",0.0005346164127238706,0.0,0.10505180983404004,3.814701941662745e-06,0.11124200814516258
"('0030908000', 'Chemical Engineering')",0.0005346164127238706,0.0,0.11276563677467973,3.592734811039135e-05,0.12091344383303268
"('0030908000', 'English')",0.0010692328254477412,0.0,0.11361841705642957,0.0002758424052488992,0.12383681932186513
"('0020537000', 'School of Marine Sciences')",0.003475006682705159,0.0037384553588148094,0.07126121492656723,1.084876438890225e-09,0.07831802324854971
"('0026294000', 'Chemistry and Chemical Biology')",0.0005346164127238706,0.0,0.08848155156102176,3.1335794172590383e-09,0.09375280845813065
"('0026393000', 'Civil, Environmental&Ocean Engineering')",0.0010692328254477412,0.0,0.06652558950101362,1.4888588775086746e-10,0.07138453934155307
"('0036756000', 'Urban Institute for Teacher Education')",0.0005346164127238706,0.0,0.10645987478656802,2.2365374509010592e-05,0.11521934561464578
"('0035303000', 'Ecology & Evolutionary Biology')",0.0010692328254477412,0.0,0.11152183633924578,0.0013851724943635842,0.12051683764972074
"('4002341000', 'Pathology')",0.0008019246190858059,0.0,0.1075865639019901,3.2804004475693535e-06,0.11509264001421576
"('0022301000', 'Marine and Coastal Environmental Science')",0.0002673082063619353,0.0,0.09259213424745687,4.719204108290284e-08,0.09847633983060419
"('0020537000', 'Electrical and Computer Engineering')",0.0016038492381716118,0.0010689469343179423,0.0783078307830783,1.2667058431897557e-08,0.08528675988098686
"('0022210000', 'Mechanical and Industrial Engineering')",0.0002673082063619353,0.0,0.07854458418190598,3.0897616760769677e-09,0.0818141600893078
"('6250004721', 'School of Social Sciences')",0.0002673082063619353,0.0,0.0746945132177941,1.5177962213378027e-09,0.079696950846316
"('0029769000', 'Teacher Education')",0.0002673082063619353,0.0,0.09118607712182518,3.259199248732852e-08,0.09693812512654994
"('0013128000', 'Space Sciences Laboratory')",0.0002673082063619353,0.0,0.12399323854032017,0.0005253392399526009,0.13422883358375665
"('0036616000', 'Center for Education Research & Policy')",0.0010692328254477412,0.0005346164127238706,0.11630654438053785,2.1195144428919963e-06,0.12576414121770083
"('0029207000', 'Office of Information Technology')",0.002673082063619353,0.0016712380627380847,0.12714975188634356,4.212465226306621e-05,0.13907578914595858
"('0038950000', 'Mathematics')",0.0008019246190858059,0.0,0.09192097891788294,5.506704679903677e-08,0.09725131464854612
"('0034702000', 'Materials and Metallurgical Engineering')",0.0010692328254477412,0.0,0.07973655604578297,8.696503967564098e-09,0.08393075418006433
"('0036566000', 'Nursing')",0.0002673082063619353,0.0,0.11517147958869528,0.00020316548267943922,0.12271978298618677
"('6250041044', 'Unknown Dept')",0.0016038492381716118,0.0,0.13141532300558542,0.00014450819986240503,0.14347445264646658
"('0017756000', 'Economics')",0.0008019246190858059,0.0,0.1327490152939924,0.00020786298037375474,0.14527006877518128
"('0035097000', 'Center for Earthquake Research and Infor')",0.0002673082063619353,0.0,0.09701008738946659,2.518002534069292e-08,0.1036124730212816
"('0026633000', 'Chemistry and Chemical Biology')",0.0002673082063619353,0.0,0.09921234783992362,3.1920949956251833e-07,0.10638366807702437
"('0001479000', 'Civil & Environmenal Engineering')",0.0008019246190858059,0.0,0.11195570851414036,3.841852891485056e-05,0.1197361416687792
"('0026633000', 'Chemistry Department')",0.0010692328254477412,0.0,0.10739199081383666,1.2508457923906965e-06,0.11528034789627203
"('0019489001', 'Ecology and Evolutionary Biology')",0.0005346164127238706,0.0,0.12949117341640706,0.00021797684372807646,0.14158021056223868
"('0010751000', 'STEM Initiatives/Honors')",0.0010692328254477412,0.0,0.11401316591490918,5.446430224625879e-06,0.12150886087203214
"('0033795000', 'Office of Research Protections')",0.0010692328254477412,0.0,0.14276991184215548,0.00020676963298061805,0.1598294461052084
"('0029728000', 'Forestry and Environmental Resources')",0.0010692328254477412,0.0005346164127238706,0.1330606437844567,0.0006308458851612765,0.14706797178376083
"('0036525000', 'Unknown Dept')",0.0005346164127238706,0.0,0.11582760542448449,9.623879897508063e-06,0.12392595696466144
"('0035691000', 'Mathematics Department')",0.0008019246190858059,0.0,0.13883322199955467,0.0006714237807757518,0.1539219683165154
"('5300001640', 'Unknown Dept')",0.0013365410318096765,0.0,0.1301715438950555,0.0002020731562667471,0.14296864125322442
"('0021287000', 'Lynch School of Education')",0.0013365410318096765,0.0032034101093962406,0.11293584905660377,1.4015978460780694e-06,0.12152856717458702
"('0034140000', 'Oceanography/Physical')",0.0008019246190858059,0.0,0.10908613751676678,1.779422492492695e-06,0.1197731133263394
"('4203543000', 'Department of Computer Science')",0.0005346164127238706,0.0,0.12717568670111504,1.1259343224408848e-05,0.13861378711666578
"('7203589401', 'Housing and Economic Development')",0.0010692328254477412,0.0,0.06652558950101362,1.4888588775086746e-10,0.07138453934155307
"('0036426000', 'Engineering')",0.0005346164127238706,0.0,0.10023310023310024,2.267002360115141e-07,0.10617002941156652
"('4100749000', 'Conservation Ecology Center')",0.0008019246190858059,0.0,0.1330559112249253,0.0006254249577548393,0.14693431768057985
"('0015982000', 'Unknown Dept')",0.004276931301790965,0.011397143560145047,0.14184961892844955,0.00035165897080862357,0.15890377406014947
"('0036327000', 'Department of Electrical and Computer En')",0.0008019246190858059,0.0,0.12940159114493255,7.991061173439941e-05,0.14054914767153676
"('0038273001', 'Biology')",0.0016038492381716118,0.0010690898798828418,0.10369774919614148,3.0125424727511347e-05,0.11065774215202726
"('0010637000', 'IARC')",0.0008019246190858059,0.0,0.1016852405544985,4.1958310394069444e-07,0.1099482012530903
"('0025684000', 'Mining and Metallurgical Engineering')",0.0010692328254477412,0.0,0.12290557855312438,0.0006558432718362279,0.13548563882895698
"('0023606000', 'Biological Sciences')",0.0010692328254477412,0.0,0.11683322923173017,1.7637953122766598e-05,0.12464679095593234
"('0032235000', 'Biology')",0.0018711574445335472,0.0021371791408113876,0.12439316352995944,2.0547225522419128e-05,0.13514268342385347
"('0037986000', 'Department of Mathematics')",0.0005346164127238706,0.0,0.1142883328750802,4.799748649783252e-06,0.12444248906628536
"('0038950000', 'Civil and Environmental Engineering')",0.0024057738572574178,0.0016778801280845504,0.13564668769716087,0.002586145273462382,0.14975927829423316
"('0021782000', 'Inst. for Medical Engineering & Science')",0.0010692328254477412,0.0,0.1222908698636854,0.00035392737305572805,0.13647523325927993
"('0010819000', 'Electrical, Computer and Energy Engr')",0.0002673082063619353,0.0,0.14268822946067586,0.064369998293832,0.1604494817606287
"('0033290000', 'Curriculum & Instruction')",0.0008019246190858059,0.0,0.11620538626409468,5.160840206951796e-05,0.12554339502013917
"('0034256000', 'English')",0.0005346164127238706,0.0,0.12577326519634213,0.0004551973293071696,0.14071796956897692
"('7203577468', 'Unknown Dept')",0.0008019246190858059,0.0,0.12287328384681075,0.00030134351712946043,0.13652807989863994
"('0037275000', 'NOVA SySTEMic')",0.0002673082063619353,0.0,0.08359589729838439,4.818660441468995e-09,0.0882116616588441
"('0037549000', 'Department of Biological Sciences')",0.0016038492381716118,0.0031010726492968557,0.13993416623026858,0.0007946491828801997,0.15597814894126033
"('0036525000', 'Curriculum and Instruction')",0.0013365410318096765,0.0002672367335794856,0.10282839943926775,1.3916088399293489e-07,0.10909784581243011
"('0036046000', 'Department of Computer Science')",0.0005346164127238706,0.0,0.12856995566553253,1.1657398675915898e-05,0.13847493498302607
"('0023879000', 'Geology and Geophysics')",0.0010692328254477412,0.0,0.12231885953439707,1.9185891510317887e-05,0.13358299808650664
"('0027078000', 'Health Policy and Management')",0.0013365410318096765,0.0002672367335794856,0.11850232823339352,1.6195150654472578e-06,0.1296696679408064
"('0021782000', 'Mechanical Engineering')",0.0021384656508954825,0.004482564195530938,0.13998652896273012,0.0005574961904730463,0.15567789671285157
"('0010827000', 'Landscape Conservation Init')",0.0010692328254477412,0.0,0.11139896373056994,3.519044487582844e-05,0.11898484205950885
"('0022335000', 'School of Business')",0.0002673082063619353,0.0,0.1080090079685876,4.464068899687772e-05,0.11712049444256767
"('0017749000', 'Computer Science')",0.0018711574445335472,0.0016034204014769135,0.1328385768056246,0.0002480639773457364,0.14629920536967478
"('0010819000', 'The Polytechnic School')",0.0005346164127238706,0.0,0.1426936720448564,0.07128815901203643,0.16058313586380968
"('4012365000', 'CSTL')",0.0008019246190858059,7.147278244971532e-08,0.10903208883448456,5.463946855254779e-05,0.11896201289332882
"('0023259000', 'Climate & Space Research Building')",0.0005346164127238706,0.0,0.10413361169102296,8.610254433887618e-06,0.11082692184512909
"('0023309000', 'Geography')",0.0010692328254477412,0.0,0.10965529370383398,1.053037519946375e-06,0.11859019485899767
"('0029728000', 'Chemical & Biomolecular Engineering')",0.0010692328254477412,0.0,0.12334322453016815,0.00018807128702215956,0.1350912480711001
"('0021998000', 'Civil and Environmental Engineering')",0.0018711574445335472,0.0016034204014769135,0.131392245012644,0.0001277401593807443,0.1437373057160558
"('0021550000', 'Genetics')",0.0005346164127238706,0.0,0.11047455925346249,2.834808160572726e-07,0.11881759365413565
"('0021030000', 'Department of Computer Science')",0.0008019246190858059,0.007927464751183827,0.14452943903569773,0.00016602677267684666,0.16195069034530818
"('0023879000', 'Electrical and Computer Engineering')",0.0032076984763432237,0.009884024317930664,0.13193440310350907,6.213078458398592e-05,0.14645272362664188
"('6250005028', 'Psychology & Counseling')",0.0002673082063619353,0.0,0.09889499841387332,1.0854509347349547e-05,0.1057406313138015
"('5300004653', 'Computer Sciences')",0.0002673082063619353,0.0,0.14268822946067586,0.064369998293832,0.1604494817606287
"('0010819000', 'ISTL')",0.0016038492381716118,0.0005346164127238706,0.12496659540352753,0.015904292880653915,0.13697153814435326
"('0022905000', 'Computer Science & Engineering')",0.0005346164127238706,0.0,0.1322889776866226,0.0014052275028223304,0.15005695734975438
"('0032102000', 'Mech, Indus, & Manufac Engineering')",0.0008019246190858059,0.0,0.12635952171857057,3.191362886498812e-05,0.13792991286623163
"('0096354000', 'Global and Sociocultural Studies')",0.0013365410318096765,0.0,0.12685656154628688,0.0027916030642468844,0.13883431045266584
"('0034017000', 'School of Engineering')",0.0016038492381716118,0.0032045536739154362,0.13454898575744498,0.0015681697076564759,0.14851873856131265
"('0013706000', 'Department of Physics')",0.0013365410318096765,0.0005346164127238706,0.13363100553670298,0.00010584753122128435,0.1457851101495859
"('0021998000', 'College of Engineering')",0.0010692328254477412,0.0,0.11623065929286025,1.9003722522578196e-05,0.12469951485235202
"('0018259000', 'Industrial Engineering')",0.003475006682705159,0.0028466332279542157,0.145,0.005270402361317188,0.16356459372698318
"('0035352000', 'Computer Science')",0.0021384656508954825,0.00905560153637893,0.11944825824579329,0.00024393907987734046,0.13245066358184876
"('0036582000', 'Aerospace Enginnering and Engineering Me')",0.0002673082063619353,0.0,0.09875402565862415,7.853329330200793e-06,0.10488397215722259
"('0015354000', 'Geomatics')",0.0010692328254477412,0.0,0.13062606934599671,0.00020705261990169437,0.14412403394607806
"('0016162000', 'Mechanical and Biomedical Engineering')",0.0016038492381716118,0.0004626398034866638,0.12050249637622805,6.564279223292343e-05,0.13279436866575411
"('0026211000', 'Humanities')",0.0010692328254477412,0.0005346164127238706,0.10023041474654378,6.928538704368752e-07,0.10596688752733668
"('0017392000', 'McCormick School of Engineering')",0.0005346164127238706,0.0,0.08635136070909216,1.1859446516748553e-08,0.09103239365451839
"('0027110000', 'Material Science Engineering')",0.0002673082063619353,0.0,0.09956087824351298,1.531882453808496e-07,0.10481736561668803
"('0026575000', 'Chemistry and Biochemistry')",0.0010692328254477412,0.0,0.0982947528836806,3.706028510660627e-07,0.10535948161000404
"('0089078000', 'Division of Atmospheric Sciences')",0.0010692328254477412,0.0,0.12292173227311559,0.0007312212197946369,0.13566384429986494
"('0016105000', 'University of Hawaii - Kapiolani CC')",0.0008019246190858059,0.0,0.11132271983335813,2.808126077508052e-06,0.11983730791193709
"('0033290000', 'Learning and Performance Systems')",0.0005346164127238706,0.0,0.13058959053304012,5.9295154865310063e-05,0.14135773856751355
"('0020537000', 'Anthropology')",0.0002673082063619353,0.0,0.06652204064939453,1.054522951883412e-10,0.07098357703201022
"('0001479000', 'Computer Science')",0.0018711574445335472,0.005775060604841571,0.11005854490894648,9.221140786106763e-06,0.12004338884851988
"('0036582000', 'Electrical & Computer Engineering (ECE)')",0.0002673082063619353,0.0,0.1357845450255889,0.00025536706055746426,0.1476694630929507
"('0014811000', 'Division of Research')",0.0010692328254477412,0.0,0.08782308613282626,4.787918704436348e-07,0.09318824964253107
"('0038950000', 'Physics Department')",0.0010692328254477412,0.0,0.1397407642598334,0.0002680831158524172,0.1541838028771375
"('0035998000', 'Mechanical and Industrial Engineering')",0.0010692328254477412,1.4294556489943064e-07,0.11173501388847407,4.262959949199087e-05,0.11928156144215743
"('4100749000', 'SERC')",0.0002673082063619353,0.0,0.09328944415351238,3.238563428694545e-09,0.09834539147701707
"('0027110000', 'Department of Advertising and Public Re')",0.0013365410318096765,0.004268926350156597,0.11117054470892396,2.127358957359256e-06,0.12309856805516231
"('0020776000', 'Department of Mathematics')",0.0002673082063619353,0.0,0.10610357932951386,8.452502671703007e-06,0.11399201146464441
"('0025684000', 'Counseling and Educational Psychology')",0.0010692328254477412,0.0,0.12290557855312438,0.0006558432718362279,0.13548563882895698
"('0018093000', 'OVPIT')",0.0018711574445335472,0.0023868553493645982,0.15146362200898822,0.00044508797643209115,0.170852454549799
"('0029710000', 'UNC System Office')",0.0016038492381716118,0.0,0.09556043731480536,1.708134024172044e-07,0.10162527526010827
"('0010827000', 'Department of Biological Sciences')",0.0010692328254477412,0.0,0.11140559857057772,3.5223547773787475e-05,0.11905166911109935
"('0013177000', 'San Diego Supercomputer Center')",0.0056134723336006415,0.05442892471939216,0.16312025813203104,0.0014353188399340276,0.1896072147440139
"('0032235000', 'Chemistry')",0.0002673082063619353,0.0,0.11463855606288113,5.662274729720214e-06,0.12278357768062424
"('0013706000', 'Civil, Environmental and Architectural E')",0.0008019246190858059,0.0010689469343179423,0.12740957700429126,2.3556866103529136e-05,0.1374564403498561
"('0026294000', 'DIMACS')",0.0002673082063619353,0.0,0.08128014600443227,3.536023976077274e-10,0.08504870327728063
"('4000949000', 'Professional Services')",0.0029403902699812884,0.02940870441794616,0.14704032701831618,0.002071443842376423,0.1649197122934093
"('0025650000', 'Electrical and Computer Engineering')",0.0005346164127238706,0.0,0.08661927805691264,2.1863362223449473e-08,0.09146642775621566
"('0029058000', 'Industrial and Systems Engineering')",0.0016038492381716118,0.0010689469343179423,0.11668018214709001,1.7653124278950383e-05,0.12523882562622618
"('0023879000', 'Unknown Dept')",0.002673082063619353,0.020398442276913977,0.1432181003790054,0.002295322364227945,0.16013422144784528
"('0032102000', 'CEOAS')",0.003475006682705159,0.02487910463410268,0.1401123595505618,6.744147902020857e-05,0.15864791371654913
"('0018259000', 'Psychological Sciences')",0.0005346164127238706,0.0005346164127238706,0.13914822391668216,0.0024875320773167435,0.15444874002412087
"('0020537000', 'Mathematics')",0.0010692328254477412,0.0,0.07125171415511199,9.079584366664959e-10,0.07738244452628307
"('0013706000', 'Research Computing')",0.0021384656508954825,0.007719420548195941,0.13746601014183876,0.000127292189473674,0.15314412394274107
"('0029264000', 'Dept. of Mathematics & Computer Science')",0.0013365410318096765,0.0,0.14859980139026813,0.0003601782411892711,0.16677999666819918
"('0022905000', 'Cyclotron lab')",0.0010692328254477412,0.0,0.13230301315603338,0.001802776258817837,0.15036881692384327
"('0015693000', 'H. Milton Stewart School of Industrial &')",0.0013365410318096765,0.0005346164127238705,0.0889380215391199,1.435222762212792e-06,0.09433818410514058
"('0026294000', 'Electrical and Computer Engineering')",0.0021384656508954825,0.0032045536739154362,0.09704280155642023,3.257745030449426e-08,0.10459260311127527
"('0026294000', 'ECE')",0.0008019246190858059,0.0005346164127238706,0.08846899683110249,3.5941977109984734e-09,0.09380627009940305
"('0027854000', 'Chemical & Biomolecular Engineering')",0.0005346164127238706,0.0,0.08373248578718832,2.9042803562175593e-06,0.08809501435639969
"('0035097000', 'Unknown Dept')",0.0037423148890670943,0.006403246579669996,0.12057629085283311,9.078008272908088e-05,0.13401953127824628
"('0015370000', 'College of Public Health')",0.0005346164127238706,0.0,0.10964886570138929,8.247512240428245e-07,0.11832288665263578
"('0035352000', 'Chemistry')",0.0002673082063619353,0.0,0.08000427715996579,1.1769531688961568e-08,0.08396216996442614
"('0027854000', 'Department of Linguistics')",0.0010692328254477412,0.0,0.12424856355242618,4.8263374438434064e-05,0.13473770838446153
"('0038950000', 'Industrial Engineering')",0.0010692328254477412,0.0,0.12575212612188644,0.00028128207435649453,0.13610288397424652
"('0014456000', 'School of Continuing Studies')",0.0008019246190858059,0.0,0.09888454218650877,2.7434124247271277e-08,0.10490064206072267
"('4001926000', 'Education')",0.0010692328254477412,0.0,0.12400556881463802,0.0007411119008638283,0.13462979589329951
"('0036525000', 'College of Engineering')",0.0018711574445335472,0.002137250613593837,0.10284818826634409,2.3484410791507783e-07,0.10976611632833494
"('0013706000', 'Environmental Studies')",0.0013365410318096765,0.005047825380544,0.1146561235748437,2.688078604690219e-07,0.12488703004588139
"('0080010000', 'Physics')",0.0018711574445335472,0.0005346164127238706,0.11682228398338694,4.568552799938626e-06,0.1255255101172297
"('0014175000', 'Marine Sciences Department')",0.0002673082063619353,0.0,0.11945207229069545,0.00020366834631378343,0.128257267948999
"('0014480000', 'Office of Research Administration')",0.0002673082063619353,0.0,0.12376761728313372,5.7275654214425136e-05,0.13314935458079055
"('0022905000', 'Chemistry')",0.0002673082063619353,0.0,0.11685147587068562,0.00017988662969777177,0.12816337725708388
"('0032102000', 'Anthropology')",0.0010692328254477412,0.0,0.12533083185366345,3.2754565614609706e-05,0.136636901027911
"('0026633000', 'Computer Science')",0.0018711574445335472,0.007017637268549127,0.1125281997292826,1.3508545200662827e-06,0.12230845225797715
"('0025650000', 'History')",0.0002673082063619353,0.0,0.08661727251678629,1.9734211657868607e-08,0.09133277365303469
"('0096354000', 'English')",0.0008019246190858059,0.0,0.12685656154628688,0.002544650213538747,0.13883431045266584
"('0036566000', 'Chemistry and Biochemistry')",0.0010692328254477412,0.0,0.07168039854378233,9.967178949953792e-11,0.07544250326346517
"('0030908000', 'Byrd Polar Research Center')",0.0005346164127238706,0.0,0.056650059814952226,2.2559131462690676e-13,0.05938892904277421
"('0013144000', 'Physics and Astronomy')",0.0013365410318096765,0.0005346164127238706,0.12858321303361517,8.88353998321828e-06,0.14051828798868823
"('0031252000', 'Electrical Engineering & Computer Sci.')",0.0010692328254477412,0.0,0.12911575895630564,4.8665873253722e-05,0.14096396263243888
"('0013706000', 'Electrical & Computer Engineering')",0.0013365410318096765,0.007495321767292812,0.14311947664409502,0.0017518283136912162,0.1580593016238573
"('0013201000', 'Ecology, Evolution and Marine Biology')",0.0005346164127238706,0.0,0.1090829566992273,1.5875206555238106e-06,0.11963945922315841
"('0030908000', 'Byrd Polar & Climate Research Center')",0.0005346164127238706,0.0,0.060047190253768,2.0358256561610215e-12,0.06336403889883901
"('0014803000', 'Soil and Plant Science')",0.0013365410318096765,0.0,0.13501515807708964,0.0004857335603211791,0.14825704600811962
"('0037986000', 'School of Engineering and Technology')",0.0010692328254477412,0.0,0.12120524866353474,1.1141331925785335e-05,0.13510329845180571
"('0035451000', 'Computer Science')",0.002673082063619353,0.0010693757710126407,0.11623065929286025,7.959024992622598e-05,0.12630076827149797
"('0016055000', 'Natural Sciences & Mathematics')",0.0024057738572574178,0.0005352358435051013,0.12102096273291925,2.1283271080375045e-05,0.1314788467407699
"('0015354000', 'Soil and Water Sciences Department')",0.0010692328254477412,0.0005346164127238706,0.13063063063063063,0.00017985028724486692,0.14416858531380503
"('0018093000', 'Informatics and Computing')",0.0002673082063619353,0.0,0.10137112508129201,9.833324876125753e-08,0.10644724325250947
"('0013136000', 'AI Institute for Next Generation Food Sy')",0.0002673082063619353,0.0,0.11328468037428459,3.6570334060554753e-06,0.12082466060424872
"('0023259000', 'Department of Mathematics')",0.002673082063619353,0.00371048677137413,0.1188298075090528,9.842802875571484e-05,0.13150973371679517
"('4003838000', 'Board of Regents')",0.0013365410318096765,0.0,0.09866807332190426,3.5157638460057086e-07,0.10497255690102308
"('0033787000', 'Department of Computer & Info. Science')",0.0002673082063619353,0.0,0.11211004225478738,1.678360486891737e-05,0.1202481116816687
"('0036327000', 'Oceanography')",0.0008019246190858059,0.0010689469343179423,0.09964839379894518,2.223515264891281e-07,0.10784100782437181
"('7203585321', 'Aerospace Engineering')",0.0008019246190858059,0.0,0.10729342931711934,4.78686244737864e-06,0.1142064978767167
"('0010090000', 'Department of Geosciences')",0.0002673082063619353,0.0,0.1105431121092134,3.7838129791936937e-07,0.11932742334517624
"('0036582000', 'LBJ School of Public Affairs')",0.0021384656508954825,0.00039072913678289223,0.13518592129512522,0.000274461390411667,0.14927329753913612
"('0010819000', 'School of Computing, Informatics, and De')",0.0002673082063619353,0.0,0.09268389366499022,7.967412636693487e-08,0.09809361541183396
"('7203590120', 'Unknown Dept')",0.0024057738572574178,0.011627778595767245,0.14077140169332078,0.0019051480588101824,0.1567241625581645
"('0026534000', 'Biology')",0.0018711574445335472,0.0,0.09922813718469006,7.708652871547541e-07,0.10718559269611012
"('0021782000', 'Chemical Engineering')",0.0029403902699812884,0.012118905532714965,0.1459105269316276,0.002878792895693194,0.1630359856968418
"('0018259000', 'School of Materials Engineering &')",0.0002673082063619353,0.0,0.12299447659126775,0.0002993233235664971,0.13298287254429142
"('0018259000', 'Davidson School of Chemical Engineering')",0.0010692328254477412,0.0,0.14023315965063538,0.003692632199105893,0.15637439092731784
"('6250013747', 'Unknown Dept')",0.0008019246190858059,0.0,0.13639346653055273,0.000706042374420968,0.149780601574909
"('0026294000', 'Department of Statistics')",0.0005346164127238706,0.0,0.12219500244977952,1.4095808965356067e-05,0.13269260718007725
"('0022210000', 'Department of Computer Science')",0.0010692328254477412,0.0032034101093962406,0.10737041501635956,2.7878835484752928e-05,0.11508996377740063
"('0025205000', 'Electrical and Systems Engineering')",0.0002673082063619353,0.0,0.1313507250447667,9.143870998874656e-05,0.1428017269937891
"('0022905000', 'Facility for Rare Isotope Beams')",0.0002673082063619353,0.0,0.11685147587068562,0.00017988662969777177,0.12816337725708388
"('0022210000', 'College of Education')",0.0008019246190858059,0.0,0.10425259168431612,8.781056059679428e-06,0.11135153017022334
"('5300006541', 'Unknown Dept')",0.0008019246190858059,0.0,0.11125319693094629,0.001255031527277994,0.11947041088156185
"('0035352000', 'Office of the Dean of Engineering')",0.0016038492381716118,0.0,0.09651204788194624,5.772366323724846e-06,0.10379235507000206
"('7203586014', 'Unknown Dept')",0.0010692328254477412,0.0,0.1301941950302777,4.225970614692439e-05,0.1423903452135929
"('0023291000', 'Computing & Information Technology')",0.0005346164127238706,0.0,0.1350882894594302,5.618147785599582e-05,0.14845031332530237
"('0023879000', 'School of Statistics')",0.0016038492381716118,0.0016254915448196043,0.1257267686103176,3.909275000943841e-05,0.13757448092722802
"('0027854000', 'Psychology and Linguistics')",0.0002673082063619353,0.0,0.11052351689907823,4.7294126736516865e-06,0.11740899217018287
"('0025650000', 'Anthropology')",0.0010692328254477412,0.0005346164127238706,0.1207709194214876,1.4549426516847373e-05,0.13110668131293554
"('0035691000', 'Mathematical Sciences')",0.0005346164127238706,0.0,0.1142883328750802,4.799748649783252e-06,0.12444248906628534
"('0030908000', 'Battelle Center for Science, Engineering')",0.0013365410318096765,0.0,0.11578817047881396,0.0003211917039982192,0.12636245608968338
"('0010819000', 'SFAz Center for STEM at ASU')",0.0008019246190858059,0.0,0.1426991150442478,0.0798724408443015,0.16071678996699065
"('0013128000', 'Radio Astronomy Laboratory')",0.0008019246190858059,0.0,0.10676369863013699,3.348819126207046e-05,0.1159102501646892
"('6250043908', 'Unknown Dept')",0.0010692328254477412,0.0,0.09111722726940595,4.875906200444555e-08,0.09637299586637287
"('4003554000', 'Center for Quantitative Cell Imaging')",0.0018711574445335472,0.002136750304116689,0.11693182883755822,0.00019632215891478494,0.1293618090489399
"('0038950000', 'Soil Science')",0.0013365410318096765,0.002793084227280906,0.146064344838357,0.0028422581976282153,0.16263357621617439
"('0013169000', 'Evolution, Ecology, and Organismal Biolo')",0.0005346164127238706,0.0,0.11519985218944387,0.0005044534702769833,0.1230984696118662
"('0013284000', 'Chemistry')",0.0002673082063619353,0.0,0.11767851525636992,4.111666997430856e-06,0.12645603508544553
"('0016162000', 'Educational Technology')",0.0002673082063619353,0.0,0.1075216279136608,5.175888585272746e-06,0.11529373464829572
"('0016162000', 'Computer Science')",0.0016038492381716118,0.002137322086376287,0.10316015883520847,3.3778573505851845e-06,0.11065576665828254
"('0018259000', 'EAPS')",0.0002673082063619353,0.0,0.13913787332167962,0.002464092196451162,0.1542705345532129
"('0018697000', 'Office of the Senior Vice President and')",0.0018711574445335472,0.0,0.08536418400876232,7.801880881890073e-09,0.09020157432709683
"('7203587999', 'Unknown Dept')",0.0010692328254477412,0.0,0.09192775525248802,7.023357051599106e-08,0.09765227695808901
"('0037986000', 'Department of Physics')",0.0010692328254477412,0.0,0.1211973952765089,9.786090860603716e-06,0.13483599024544377
"('0080010000', 'Computer Science')",0.0032076984763432237,0.0032051254561750336,0.13222351818471,3.269378178104237e-05,0.14519291108752957
"('0023879000', 'Civil Engineering')",0.0010692328254477412,0.0,0.12529725022607763,0.0003146328142714946,0.135864066834868
"('0025205000', 'Biochemistry & Molecular Biophysics')",0.0010692328254477412,0.0,0.11691721098853017,0.0001897177915245955,0.12891629537167
"('0037812000', 'Unknown Dept')",0.0008019246190858059,0.0,0.12532663316582915,2.8779154558753057e-05,0.13650324692473004
"('0001057000', 'Heinz College')",0.0005346164127238706,0.0,0.11121681481701698,2.6796090867808584e-06,0.11969224806905078
"('0029744000', 'The Joint Department of Biomedical Engin')",0.0008019246190858059,0.0,0.13312693498452013,0.0006400617773254867,0.1473130043062592
"('4076931000', 'Thoracic Surgery')",0.0005346164127238706,0.0,0.11519985218944387,0.0005044534702769833,0.1230984696118662
"('0036582000', 'Mathematics Department')",0.0010692328254477412,0.0,0.1045673076923077,1.027045502502001e-06,0.11175487205240175
"('0026898000', 'Department of Computer Science')",0.0002673082063619353,0.0,0.06508803674577215,3.264795770186524e-11,0.06855715196639847
"('0025650000', 'Mathematics')",0.0008019246190858059,0.002641607336414976,0.11915151129088766,0.00030413705478588384,0.13272474357254246
"('0010637000', 'Business Adiministration')",0.0002673082063619353,0.0,0.11305188722009006,2.1509745094520276e-06,0.12348132186614408
"('P270048462', 'Unknown Dept')",0.0005346164127238706,0.0,0.10329688535453943,2.4315001115921836e-07,0.1093093659823149
"('4005518000', 'Board on Life Sciences')",0.0002673082063619353,0.0,0.12156760796802392,4.439635179852883e-05,0.1306409598363232
"('0015099000', 'Physical Therapy')",0.0002673082063619353,0.0,0.13061238740311432,0.00014348809277545162,0.1437230716365352
"('0013706000', 'Research and Innovation Office')",0.0010692328254477412,0.0005346164127238706,0.10288212969583631,3.2922183030315757e-08,0.1101451495839192
"('0022301000', 'Biology')",0.0002673082063619353,0.0,0.0931268825769834,2.182406971650937e-07,0.09830910741715741
"('0028944000', 'Economics')",0.0002673082063619353,0.0,0.10329403318883397,2.194146534697055e-07,0.10917571187913393
"('0034017000', 'Physics')",0.0005346164127238706,0.0005346164127238706,0.11860376640669583,0.00015363385697254615,0.12746211653235578
"('0014803000', 'Department of Chemical and Biomedical En')",0.0010692328254477412,0.0,0.06915227919701283,5.7064394354910495e-12,0.07295087161769258
"('0037978000', 'Mathematics and Computer Science')",0.0008019246190858059,0.0,0.09119274553299368,4.603483535999376e-08,0.09769595484077878
"('0016105000', 'Unknown Dept')",0.0032076984763432237,0.007731997078192653,0.12525529848997222,2.31297968242763e-05,0.1382463124501614
"('0010819000', 'School for Engineering of Matter, Transp')",0.0008019246190858059,0.0010689469343179423,0.14286805422952073,0.07315468125833935,0.16131346007047706
"('0010520000', 'Physics')",0.0010692328254477412,0.0,0.11206974027141188,4.651169585731761e-06,0.12056425775677004
"('7203578622', 'Environmental Data & Governance Initiati')",0.0005346164127238706,0.0,0.11082802547770701,6.003024163903001e-05,0.1187141973830015
"('0016055000', 'Unknown Dept')",0.0008019246190858059,0.0,0.10796536796536796,3.827519200158879e-06,0.1149358906510117
"('0036582000', 'Government')",0.0005346164127238706,0.0,0.12399734835929732,0.0005818025509341015,0.1343624876869376
"('0026294000', 'Mathematics')",0.0013365410318096765,0.0010690898798828418,0.09842664702167965,8.979036518735717e-07,0.10442061958583831
"('4203543000', 'Department of Economics')",0.0008019246190858059,0.0,0.1327490152939924,0.00020786298037375474,0.14527006877518128
"('0020107000', 'Textiles, Apparel Design, and Merchandis')",0.0010692328254477412,0.0,0.09517873044141967,8.547401583798133e-07,0.10212614148294907
"('7203576763', 'Statistics and Biostatistics')",0.0005346164127238706,0.0,0.12219500244977952,1.4095808965356067e-05,0.13269260718007725
"('0031849000', 'Information Technology/Engineering')",0.0005346164127238706,0.0,0.08452327157704474,6.386087069461383e-08,0.09059693934886541
"('0036566000', 'Unknown Dept')",0.0037423148890670943,0.052979785395991214,0.16134040626212964,0.1070736803554576,0.18613023348388186
"('0022905000', 'University Outreach and Engagement')",0.0008019246190858059,0.0,0.13488372093023257,0.0016729577199449935,0.15293706375302202
"('0025320000', 'Mechanical Engineering')",0.0005346164127238706,0.0,0.11032143910350929,4.310610097361388e-06,0.1176922934852487
"('0027110000', 'School of Civil & Environmental Eng.')",0.0010692328254477412,0.0,0.09634055265123226,3.160976868639099e-07,0.10255661744823771
"('0014316000', 'Chemistry and Biochemistry')",0.0002673082063619353,0.0,0.0963132691416508,1.7195793163287398e-07,0.1018660712484694
"('0013136000', 'Neurological Surgery')",0.0010692328254477412,0.0,0.1124402632923567,4.244217583505337e-06,0.1212137034964754
"('0034488000', 'Biological Sciences')",0.0021384656508954825,0.002136750304116689,0.0944720826283492,7.526234386665064e-07,0.10071866035357852
"('0036046000', 'Computer Science')",0.0018711574445335472,0.014505611888750849,0.1475274075242527,0.0001080740553835026,0.16350153858821756
"('0036772000', 'Sociology')",0.0008019246190858059,0.0,0.11160834153763537,9.608470760182265e-07,0.12038974267970808
"('0080010000', 'Biomedical & Health Information Sciences')",0.0008019246190858059,0.0,0.11679310667790578,4.017435948172434e-06,0.12514236835477757
"('P270051864', 'Unknown Dept')",0.0005346164127238706,0.0,0.11209660504000239,6.362063145242498e-05,0.12057307093393614
"('0018408000', 'Department of Biological Sciences')",0.003475006682705159,0.01658352253491675,0.14633287698024644,0.001104513962703897,0.1652171879482132
"('0021030000', 'Biology')",0.0016038492381716118,0.0010520717592507345,0.10772287491361437,4.877452962197382e-07,0.11713270426829926
"('0035949000', 'Unknown Dept')",0.0021384656508954825,0.025598536156155684,0.12483315536572344,1.916691599172594e-05,0.13755058163284992
"('0013706000', 'Civil, Environmental & Arch. Engineering')",0.0005346164127238706,0.0,0.09825086668767728,3.4238107989635997e-06,0.1047767210775136
"('0035303000', 'Theory & Practice in Teacher Education')",0.0008019246190858059,0.0,0.11137906395141121,0.0014445650772905475,0.11987275216201056
"('0027078000', 'Computer Science Department')",0.0008019246190858059,0.0010689469343179423,0.10688571428571429,1.6685398840502646e-07,0.11356606880675679
"('0011536000', 'Department of Biology')",0.0005346164127238706,0.0,0.10908931851981454,1.5908741374294156e-06,0.11972856195861238
"('0029231000', 'Economics')",0.0010692328254477412,0.0,0.09634055265123226,3.160976868639099e-07,0.10255661744823771
"('0023879000', 'Institute on the Environment')",0.0010692328254477412,0.0,0.08959406059154593,5.047915861298872e-08,0.0944439752174278
"('0028373000', 'Civil, Structural, Environmental Eng.')",0.0002673082063619353,0.0,0.12505432057496238,0.0001386593624914568,0.1344451806926463
"('0029744000', 'City and Regional Planning')",0.0002673082063619353,0.0,0.1330417155659874,0.0005034515241203966,0.14662245810649094
"('0026294000', 'School of Planning and Public Policy')",0.0005346164127238706,0.0,0.09705287189332226,2.8095147690415726e-08,0.10417382025464166
"('6250002291', 'Middle Grades and Secondary Science')",0.0010692328254477412,0.0,0.09725977537437604,5.328864875353119e-07,0.10343320265368305
"('0036566000', 'Materials Science and Engineering')",0.0008019246190858059,0.0,0.14740533511958706,0.013765565416817824,0.16371267769623857
"('0010090000', 'Mechanical Engineering')",0.0016038492381716118,0.0,0.08001283285210138,3.445406943018611e-08,0.08445223500942298
"('0080010000', 'Chemistry')",0.0008019246190858059,0.0010689469343179423,0.10462287104622871,4.1562734852181056e-07,0.11081983029232145
"('0029207000', 'Fuqua School of Business')",0.0016038492381716118,4.654276612859571e-05,0.11507936507936507,1.4000557696894531e-05,0.12398667130435084
"('0039321000', 'Physics and Astronomy')",0.0010692328254477412,0.0,0.13032118720824915,0.0011030267664668431,0.14250623551593097
"('0015354000', 'Mechanical and Aerospace Engineering')",0.0005346164127238706,0.0,0.13061694773227192,0.00015893642463380887,0.14385672573971617
"('0039545000', 'Unknown Dept')",0.0018711574445335472,0.0016034204014769135,0.06916122830045664,5.8913225784166124e-12,0.07353003939814334
"('0020776000', 'Cognitive Science')",0.0010692328254477412,0.0,0.12424856355242618,4.8263374438434064e-05,0.13473770838446153
"('0014795000', 'Department of Graduate Studies')",0.0005346164127238706,0.0,0.10622408995400079,2.720766311163445e-05,0.113134560321337
"('0038950000', 'Computer Sciences Department')",0.0005346164127238706,0.0005346164127238706,0.14372430750316953,0.0015343101872930306,0.1586594294959081
"('0014480000', 'Department of Mechanical Engineering')",0.0016038492381716118,0.01101543986402536,0.12722326135011053,0.0002527065091988329,0.14005507842717166
"('0036442000', 'Honors College')",0.0002673082063619353,0.0,0.09767113988825649,1.7549081377070105e-06,0.1034538105726905
"('0017392000', 'Department of Psychology')",0.0010692328254477412,0.00261447414427881,0.12680066433921974,0.0003273558694767015,0.14127046844568897
"('0035691000', 'Unknown Dept')",0.0008019246190858059,0.0,0.12598080484930124,0.00030332448651764534,0.13649545154804898
"('5300011765', 'Human Ecology')",0.0002673082063619353,0.0,0.11135254196928206,3.0799952980186044e-05,0.11832548181714944
"('0018259000', 'Deparment of Computer Science')",0.0008019246190858059,0.0,0.09532667414127001,3.6524948271928765e-08,0.10188917047231358
"('0016105000', 'Ocean and Resources Engineering')",0.0005346164127238706,0.0,0.11128629224178962,2.4512851055211487e-06,0.11944971101271225
"('0010835000', 'Higher Education')",0.0008019246190858059,0.0,0.10002138923052244,5.516396330229827e-07,0.10754792236260921
"('0037986000', 'Electrical & Computer Engineering')",0.0032076984763432237,0.044841939138220155,0.14054399278683596,0.0003162572596691003,0.16104491638420138
"('0018309000', 'Electrical and Computer Engineering')",0.0010692328254477412,0.0,0.10767946577629382,2.7557254137162494e-07,0.11568903219440248
"('0021030000', 'College of Information Studies')",0.0016038492381716118,0.00185588960512893,0.11777113174878011,2.53771906243685e-06,0.12820193316253836
"('0013706000', 'COSINC/College of Engineering and Applie')",0.0010692328254477412,0.0,0.12625717178535267,9.070981797867885e-05,0.13728221012703895
"('0013508000', 'Psychology')",0.0032076984763432237,0.01071860896571613,0.14280261098599076,0.0002745947814211551,0.15905294135694184
"('0020081000', 'Psychology and Behavioral Sciences')",0.0010692328254477412,0.0,0.10758965804837364,1.1035198528904928e-05,0.11615739473408887
"('5300005431', 'Unknown Dept')",0.0008019246190858059,0.0,0.12558748489324562,2.2186263263030734e-05,0.13677413791616821
"('0037986000', 'Mathematics Education')",0.0010692328254477412,0.0,0.12549059072154573,1.2052516978977118e-05,0.14027970599389067
"('4000949000', 'Institutional Research & Analytics')",0.0002673082063619353,0.0,0.12206342991386061,0.00019692919156819494,0.13140668850902837
"('0037218000', 'Geology and Environmental Science')",0.0005346164127238706,0.0,0.08766051176305183,3.7560405057783886e-07,0.09182556565728046
"('0010520000', 'Biology')",0.0010692328254477412,0.0,0.13179960541149943,9.566572729347181e-05,0.1430869684979557
"('0013508000', 'Electrical Engineering')",0.0010692328254477412,0.0,0.11889023072522723,1.735302650263027e-05,0.12831850474710435
"('0022905000', 'Physics and Astronomy and CMSE')",0.0024057738572574178,0.008746508030868877,0.15016859344894026,0.0016532298575461343,0.16867205086932416
"('5300010311', 'Unknown Dept')",0.0018711574445335472,0.0026702231523213645,0.12586636161765696,7.114031411991769e-05,0.13769415913431626
"('0036566000', 'Mathematics')",0.0018711574445335472,0.002136750304116689,0.11676394394331908,7.481363128486671e-06,0.12730792013941522
"('0033290000', 'Materials Science Engineering')",0.0002673082063619353,0.0,0.12655187578228072,2.8628029481070208e-05,0.13724117438679587
"('0028829000', 'Unknown Dept')",0.0010692328254477412,0.0016034204014769135,0.09716883116883117,3.725076344585346e-07,0.10300220775171624
"('0035691000', 'Materials Science and Engineering')",0.0013365410318096765,0.0057190362167388415,0.14234618165214413,0.002503514505372616,0.1582262479280029
"('7203587035', 'Unknown Dept')",0.0008019246190858059,0.0,0.10863315619827511,1.7193927103658518e-06,0.11559092447742093
"('0036046000', 'Chemistry')",0.0010692328254477412,0.0,0.11138569642112785,2.0435887970350156e-06,0.11975977684548106
"('0013151000', 'Electrical & Computer Engineering')",0.0002673082063619353,0.0,0.10443886097152429,7.824003457404868e-07,0.11104740539709398
"('0033795000', 'Pediatrics')",0.0010692328254477412,0.0,0.1344909404659189,0.001659073004045754,0.14767226257449992
"('0037549000', 'ISE')",0.0005346164127238706,0.0,0.13689757382808213,0.00016508483012905298,0.14991616242618683
"('0022905000', 'Department of Forestry')",0.0002673082063619353,0.0,0.13178567654207912,6.731756451390847e-05,0.1426860061884129
"('0001057000', 'Electrical & Computer Engineering')",0.0010692328254477412,0.0010689469343179423,0.12712382764713878,1.3904568187408748e-05,0.13846676760316676
"('0037986000', 'Biochemistry')",0.0005346164127238706,0.0,0.1217535637570787,0.0002481005961925672,0.13048518793954939
"('0036442000', 'Mechanical Engineering')",0.0008019246190858059,0.0005346164127238706,0.11583119175155587,9.7076557401262e-06,0.12405961106784243
"('0011494001', 'Department of Chemistry')",0.0005346164127238706,0.0,0.10899079361379793,4.7192185802091653e-05,0.11856996085733129
"('0011478001', 'Biology')",0.0010692328254477412,0.0,0.11616930099680153,5.618392171677884e-05,0.12424616436774993
"('0025163000', 'Electrical Eng & Computer Science')",0.0013365410318096765,0.0,0.07481700731970721,3.0336985746578437e-09,0.08142437709258746
"('0013128000', 'Museum of Vertebrate Zoology')",0.0013365410318096765,0.0,0.09009464634058233,2.6498643825347823e-06,0.09637648824148287
"('0029769000', 'Department of Mathematics and Statistics')",0.0010692328254477412,0.0,0.10457023060796646,1.0364413632081867e-06,0.11179942342012873
"('0028373000', 'Chemical and Biological Engineering')",0.0016038492381716118,0.001526592291461234,0.14292263610315187,0.0014286061590362811,0.15817084212232574
"('0500438000', 'Science')",0.0016038492381716118,0.0005346164127238706,0.11364257723503145,5.800379977828359e-07,0.12470132298720818
"('0023259000', 'Department of Natural Resources')",0.0005346164127238706,0.0,0.14525898889492894,0.00017045184161339154,0.16259062801635027
"('0038950000', 'Wisconsin Center for Education Research')",0.0018711574445335472,0.0010690898798828418,0.13560735128865045,0.0029958173338201473,0.14940286735241723
"('0023879000', 'Physics and Astronomy')",0.0008019246190858059,0.0,0.10966493712074575,2.866325874449797e-06,0.11714514713154123
"('0032565000', 'Materials Engineering')",0.0029403902699812884,0.002900798809921323,0.11140891628696507,2.4045241680799476e-06,0.1203672911937449
"('0026963000', 'Construction Technology')",0.0013365410318096765,0.0005346164127238706,0.10409015025041736,2.789191053197602e-07,0.11156035952373627
"('0021055000', 'Center for Women In Technology')",0.0005346164127238706,0.0,0.08359029360504089,5.978974369938113e-09,0.08849490453631328
"('0025684000', 'Department of Chemistry')",0.0010692328254477412,0.0,0.12290557855312438,0.0006558432718362279,0.13548563882895698
"('0025197000', 'Biology')",0.0002673082063619353,0.0,0.0988427393785669,3.157674396168732e-07,0.10416628939867863
"('0029751000', 'Unknown Dept')",0.0016038492381716118,0.0010689469343179423,0.11619094946734168,6.18763524876383e-05,0.1257438761749106
"('0026963000', 'Department of Mechanical Engineering Tec')",0.0010692328254477412,0.0,0.10408725411090398,2.764885687354782e-07,0.11142670542055533
"('0010090000', 'Department of Civil Engineering')",0.0010692328254477412,0.0,0.1188298075090528,0.0002235115944780976,0.12875257267327625
"('0010520000', 'Clinical and Diagnostic Sciences')",0.0010692328254477412,0.0,0.14274267399267399,0.09302175549132946,0.16114002796039706
"('0022301000', 'Applied Ocean Physics & Engineering')",0.0010692328254477412,0.00882948025673704,0.12611245954692557,0.0001752460618142188,0.13754137835580427
"('0018259000', 'Research Computing')",0.0008019246190858059,0.0,0.1391689297273167,0.003128841167709094,0.15467149686275583
"('5300012706', 'Mathematics')",0.0010692328254477412,0.0,0.10949161471595399,0.00010560673538239282,0.1183764730612451
"('0014894000', 'Earth, Ocean, and Atmospheric Science')",0.0018711574445335472,0.001603277455912014,0.12885337374711536,6.030944783412942e-05,0.1414506835804953
"('0033290000', 'School of Business Administration')",0.0005346164127238706,0.0,0.12265975933637169,2.0351660863633276e-05,0.13196063414234185
"('0032102000', 'Hatfield Marine Science Center')",0.0016038492381716118,0.0010689469343179423,0.12603598140287042,4.1994562302069674e-06,0.14117756997314995
"('0015982000', 'School of Public and International Affai')",0.0010692328254477412,0.0,0.12686946790110895,2.1765912492340476e-05,0.1385578364291993
"('0015354000', 'Geological Sciences')",0.0002673082063619353,0.0,0.08522804939171641,3.092162767133212e-08,0.08938478619055523
"('0013136000', 'Department of Physics')",0.0013365410318096765,0.0010689469343179423,0.13780528235164108,0.0003762869505881353,0.15184872297589977
"('0037549000', 'Chemical Engineering')",0.0010692328254477412,0.0,0.1422379377209992,0.0008450278296585327,0.15828017211337184
"('0023259000', 'EECS')",0.0032076984763432237,0.011717200589487045,0.13454898575744498,0.0006610672203910123,0.15305595859572513
"('0035949000', 'Information Technology and Decision Scie')",0.0010692328254477412,0.0,0.11621621621621622,6.126409359155886e-05,0.12576615185877413
"('0025692000', 'Educational Psychology and Higher Educat')",0.0010692328254477412,0.0,0.10949161471595399,0.00010560673538239282,0.1183764730612451
"('0037218000', 'Integrated Science and Technology')",0.0008019246190858059,0.0,0.12287328384681075,0.00030134351712946043,0.13652807989863994
"('0021998000', 'Electical and Computer Egineering')",0.0002673082063619353,0.0,0.13716862831371687,0.0003998262241784779,0.149547401528628
"('0022905000', 'Institute for Research on Math & Science')",0.0005346164127238706,0.0,0.10823713219338599,1.7548176003363988e-05,0.11638654757492778
"('0010637000', 'Mechanical Engineering/ACEP')",0.0005346164127238706,0.0,0.1049987369839176,3.895618107271333e-07,0.11398045687268497
"('0035352000', 'Department of Mathematics')",0.0010692328254477412,0.0,0.11282004885551435,2.076325476951163e-06,0.12058662397121639
"('0028373000', 'Biochemistry')",0.0010692328254477412,0.0,0.13363100553670298,0.0002584672018072866,0.145725071877839
"('0028381000', 'Ecology & Evolution')",0.0008019246190858059,0.0,0.11083787627399858,6.82415349924909e-05,0.11893695422163646
"('0013177000', 'Ecology, Behavior, and Evolution')",0.0002673082063619353,0.0,0.08337605027970313,7.976166716460845e-09,0.08752481501724754
"('0010819000', 'Schl fr Future of Innovation in Society')",0.0008019246190858059,0.0,0.14270455845889757,0.07995580915463564,0.16076134133471762
"('0037457000', 'UVA Department of Otolaryngology')",0.0002673082063619353,0.0,0.11731318009344915,1.8170905626127697e-06,0.12797967554252532
"('0026294000', 'Mechanical & Aerospace Engineering')",0.0005346164127238706,0.0,0.09702769996887645,2.8381861271127184e-08,0.10396888396309746
"('0022905000', 'Department of Mathematics')",0.0008019246190858059,0.0,0.12990485450378497,0.00033134747555894033,0.14299821402868756
"('0001966000', 'Dept. of Computer Science')",0.0008019246190858059,0.0,0.09752346193952033,7.061511378767538e-06,0.1046082333018959
"('0018929000', 'Mathematics')",0.0008019246190858059,0.0,0.10621805792163544,1.2272230788576335e-05,0.11466123665271488
"('0022228000', 'Unknown Dept')",0.0008019246190858059,0.0,0.12078651685393259,1.9561008874353283e-05,0.13154946863494463
"('0029728000', 'North Carolina Institute for Climate Stu')",0.0010692328254477412,0.0,0.14528155339805826,0.00038845915530594515,0.1623328874496385
"('0015982001', 'Ecology')",0.0021384656508954825,0.0062384390184969715,0.13327395796223726,5.4273927075304125e-05,0.1468048691484942
"('0036426000', 'Biology')",0.0010692328254477412,0.0,0.11138569642112785,2.0435887970350156e-06,0.11975977684548106
"('0022210000', 'Computer Science')",0.0024057738572574178,0.01072358830456377,0.12023139964647277,0.0002534312990920667,0.13117403620257553
"('0022905000', 'Counseling, Educational Psychology,')",0.0002673082063619353,0.0,0.11684052720344806,0.00012638567443714097,0.1280297231539029
"('0030908000', 'Chemistry & Biochemistry')",0.0005346164127238706,0.0,0.09736355828540197,4.960885910002648e-07,0.10245043095863275
"('0018697000', 'Architecture')",0.0021384656508954825,0.011875337295626417,0.09549701332516465,9.050537470347357e-07,0.10388419438374447
"('0013508000', 'Department of Journalism and Tech. Comm.')",0.0008019246190858059,0.0,0.14989782425772327,0.0006821758974664677,0.16883527528723094
"('0019893001', 'Department of Chemistry')",0.0002673082063619353,0.0,0.10580948071048761,3.0617403125663834e-07,0.11276062688027157
"('0033787000', 'Univ. of PA Mus of Arch & Anthro')",0.0002673082063619353,0.0,0.1124031007751938,0.00016012930877982843,0.12135114823154292
"('0010819000', 'Research Technologies Office')",0.0010692328254477412,0.0,0.09866807332190426,3.034248244972642e-07,0.10488345416556911
"('0015362000', 'Industrial Engineering')",0.0010692328254477412,0.0,0.09517873044141967,8.547401583798133e-07,0.10212614148294907
"('4003554000', 'Department of Geoscience')",0.0002673082063619353,0.0,0.1066754113319456,1.724511872973363e-05,0.11261651698098471
"('0027110000', 'Department of Earth and Atmospheric Scie')",0.0008019246190858059,0.0010689469343179423,0.08682836253916676,5.1556814661944066e-09,0.09220920738128494
"('0035352000', 'Department of Biomedical Engineering')",0.0016038492381716118,0.0,0.09651204788194624,5.772366323724846e-06,0.10379235507000206
"('6250041978', 'Digital Promise Learning Sciences')",0.0002673082063619353,0.0,0.09831800262812089,5.5557498004122995e-06,0.1050433928357652
"('0027078000', 'Data Science Institute')",0.0016038492381716118,0.002136750304116689,0.11181850789096126,9.525772121206124e-05,0.12278073207774977
"('0023259000', 'Electrical & Computer Engineering')",0.0002673082063619353,0.0,0.0863035504187141,3.736693303180957e-09,0.08999555655213333
"('0023879000', 'Humphrey School of Public Affairs')",0.0013365410318096765,0.0005346164127238706,0.12530144694533762,0.00031735756650717997,0.135997720938049
"('0034702000', 'CAPE Lab/Materials and Met. Eng. Dept.')",0.0021384656508954825,0.0008012813640437584,0.0866373320981936,3.591938651722521e-08,0.09240200647848244
"('0036756000', 'Department of Physics & Astronomy')",0.0005346164127238706,0.0,0.07168039854378233,7.900894178500806e-11,0.07526429779255724
"('0022905000', 'Department of Biomedical Engineering')",0.0010692328254477412,0.0,0.1376025306212528,0.0038897613486792862,0.15825913193123875
"('0029710000', 'Academic Affairs')",0.0016038492381716118,0.0,0.09556043731480536,1.708134024172044e-07,0.10162527526010827
"('0032565000', 'Physics')",0.0024057738572574178,0.005315386098071266,0.14530412491260777,0.00042077502609407863,0.16193306525751508
"('0014449000', 'Law School')",0.0008019246190858059,0.0,0.10190683737401253,4.528764212944786e-08,0.10930761020847066
"('6250040632', 'Unknown Dept')",0.0013365410318096765,0.0,0.13880231522707034,0.0016188463824124398,0.15233083765561717
"('0028290000', 'Mathematics, CS and Statistics')",0.0010692328254477412,0.0,0.12711086949135267,1.4197078318006507e-05,0.13833311349998575
"('0018929000', 'Civil and Environmental Engineering')",0.0013365410318096765,0.0005346164127238706,0.09984786612218753,3.9159317606573845e-07,0.1071823665480933
"('0023879000', 'Chemical Engineering and Materials Scien')",0.0024057738572574178,0.004852694813153952,0.13414371772805508,0.00010881929057128106,0.14834077676546778
"('0023879000', 'Law - Medicine - Consortium on Law and V')",0.0010692328254477412,0.0,0.09839040555467887,4.055378851830791e-07,0.10488543151376555
"('0026898000', 'Computer Science')",0.0008019246190858059,0.0005346164127238706,0.06961813309513175,3.3600956177983167e-10,0.07447498621464745
"('6250020147', 'R&D')",0.0008019246190858059,0.0,0.11060847968777719,1.98566770665244e-06,0.11861805150226747
"('0035303000', 'Mathematics')",0.0005346164127238706,0.0005346164127238706,0.11240647817072805,4.6081456382897896e-07,0.12152065889906609
"('0001057000', 'Chemical Engineering')",0.0005346164127238706,0.0005346164127238706,0.11122012129860863,2.440157444741988e-06,0.11973679943677781
"('0014449000', 'Engineering Management & Systems Engr')",0.0002673082063619353,0.0,0.13850425768233987,0.0005386338763798049,0.15281613972472066
"('0010819000', 'School of Earth and Space Exploration')",0.0010692328254477412,0.0,0.1426936720448564,0.07903060003548101,0.16058313586380968
"('0013128000', 'CIEE')",0.0008019246190858059,0.0,0.11181182377906629,8.591977041996145e-06,0.11970866438104728
"('0036582000', 'TACC')",0.0021384656508954825,0.01017128505467444,0.14730086230657163,0.00034991726880431213,0.1652900653802817
"('0017756000', 'Communication')",0.0002673082063619353,0.0,0.13847349718685223,0.00016952810283023877,0.15197973337154483
"('0022905000', 'NSCL/ Physics & Astronomy')",0.0010692328254477412,0.0,0.13230301315603338,0.001802776258817837,0.1503688169238433
"('0032169000', 'Environmental Science and Management')",0.0018711574445335472,7.147278244971532e-07,0.09010766673892623,2.9454768834935116e-06,0.0965769693962543
"('0014894000', 'Chemistry and Biochemistry')",0.0002673082063619353,0.0,0.10806204685288426,5.279806633017089e-06,0.11446416978505063
"('0015693000', 'Psychology')",0.0010692328254477412,0.0,0.10186521443158611,6.881193145489156e-07,0.10897669947832955
"('0023259000', 'Mechanical Engineering & Applied Mech')",0.0016038492381716118,0.0,0.12925851703406813,4.989821117393834e-05,0.14248405971069913
"('0038950000', 'Electrical & Computer Engineering')",0.0005346164127238706,0.0,0.11945207229069545,0.0002779732782212338,0.12839537718895264
"('0030320000', 'Biological, Geological, and Environmenta')",0.0013365410318096765,0.005211542553240015,0.12897331586568297,1.8864219674379894e-05,0.14106269558354648
"('0031849000', 'Geography')",0.0010692328254477412,0.0,0.09215647632655072,5.493360905433074e-07,0.09950278514482586
"('0036756000', 'Department of Psychology')",0.0005346164127238706,0.0,0.10014723597911926,1.260936610670446e-07,0.10588248732066145
"('0036772000', 'Landscape Architecture and Environmental')",0.0008019246190858059,0.0,0.08266672559331771,2.8518346482190056e-07,0.08743163264242863
"('0038950000', 'Biomolecular Chemistry')",0.0008019246190858059,0.0,0.10470193115029387,2.430123406133709e-05,0.11315046465056507
"('0014449000', 'Department of Computer Science')",0.0008019246190858059,0.0027535065355888755,0.11804985799936889,1.747743090233006e-06,0.12818678896134753
"('0036525000', 'Division of Energy and Innovation')",0.0005346164127238706,0.0,0.12056463308517838,3.740488528026475e-05,0.1314385423747897
"('0039172000', 'Unknown Dept')",0.0013365410318096765,0.0,0.13559752075102396,0.0029443722917978595,0.14913555914605525
"('0036327000', 'Mechanical Engineering')",0.0013365410318096765,0.0010689469343179423,0.12016574585635359,2.7004322941570185e-05,0.13022880256771052
"('0015354000', 'Computer and Information Science and Eng')",0.0008019246190858059,0.0005346164127238706,0.11322639225181598,0.0013592184923543764,0.12195989324273644
"('5300000250', 'Engineering and Computing Education Prog')",0.0008019246190858059,0.0,0.13279142410904443,0.00011903473291628949,0.1449211837644082
"('0032102000', 'STEM Research Center')",0.0013365410318096765,0.0010689469343179423,0.09835419076664213,6.6622973502709706e-06,0.10587204827548718
"('0038950000', 'Astronomy')",0.0013365410318096765,0.0005346164127238706,0.10658423316903616,2.4970907455319456e-06,0.11521728778320954
"('0016105000', 'Physics and Astronomy')",0.0008019246190858059,0.0,0.12098965071151359,1.2119778283346599e-05,0.13058781938623013
"('0015941000', 'Sociology and Anthropology')",0.0008019246190858059,0.0010674460058864982,0.08917759237187127,4.614285540087003e-09,0.09463957967071189
"('0033290000', 'Psychology')",0.0016038492381716118,0.00039846350653691213,0.13911717675058569,0.00014447203551577232,0.15310010680547098
"('0014894000', 'Biological Science')",0.0013365410318096765,0.0005346164127238706,0.12056851875725151,3.511770351302984e-05,0.13030101748024753
"('6250002291', 'Middle Grades & Secondary Education')",0.0010692328254477412,0.0,0.09725977537437604,5.328864875353119e-07,0.10343320265368305
"('0015362000', 'Department of Mathematics')",0.0010692328254477412,0.0,0.11282004885551435,2.076325476951163e-06,0.12058662397121639
"('0010819000', 'School of Life Sciences')",0.0021384656508954825,0.0021371791408113876,0.13876112759643916,0.00014468195673565193,0.1550267917514021
"('0021998000', 'College of Computer and Information Scie')",0.0002673082063619353,0.0,0.09527569081879536,2.9249310607940678e-08,0.10130236531453816
"('0037457000', 'Curriculum, Instruction and Special Educ')",0.0016038492381716118,0.003736311175341318,0.10034602076124567,3.3657947970593984e-07,0.10923098312274936
"('0033290000', 'mechanical engineering')",0.0021384656508954825,0.006884055193509878,0.11804240817872018,6.085290818105949e-06,0.12872449355656151
"('0018697000', 'Political Science')",0.0016038492381716118,0.0034545511723680505,0.12599353361174728,0.0005003493323006957,0.1425197541694784
"('0036046000', 'Materials Science and Nanoengineering')",0.0005346164127238706,0.0,0.11172833975450229,3.563983561822239e-05,0.11901425323579551
"('0021923000', 'Biological Sciences')",0.0010692328254477412,0.0,0.12314833102903416,2.2849034853105364e-05,0.13382752986318638
"('0033290000', 'Electrical Engineering')",0.006148088746324512,0.05852369070834598,0.16196207463849685,0.001757052280011246,0.186750140248537
"('0014894000', 'Earth, Ocean and Atmospheric Science')",0.0002673082063619353,0.0,0.11414884203460166,5.882730653043447e-06,0.12225589341242796
"('6250017679', 'Unknown Dept')",0.0005346164127238706,0.0,0.10498695029888025,3.500123830887969e-07,0.11399382228300314
"('0023879000', 'CSENG Earth Sciences')",0.0002673082063619353,0.0,0.1252804661598741,0.00022276184477029777,0.13541855315759815
"('0025205000', 'Social Work')",0.0005346164127238706,0.0,0.11173167672182067,0.0002655052680941381,0.11917141787005894
"('0018093000', 'Kelley School of Business')",0.0010692328254477412,0.0,0.12854344912895577,0.00029021583634651036,0.14128573536800387
"('0036327000', 'Construction Science')",0.0018711574445335472,0.0,0.13179496212788444,0.00013842083145795763,0.1446710615114794
"('0017392000', 'Electrical Engineering/Computer Science')",0.0008019246190858059,0.0,0.09532667414127001,3.6524948271928765e-08,0.10188917047231358
"('0035998000', 'Biology')",0.0018711574445335472,0.006131151944440726,0.12670618120237087,0.00029125332032518684,0.13845782591301325
"('0018259000', 'Electrical and Computer Eng')",0.0005346164127238706,0.0,0.13914304842669048,0.002728997699177131,0.15440418865639394
"('0017749000', 'James Franck Institute')",0.0002673082063619353,0.0,0.10687960687960688,3.7343696352125865e-06,0.11289773445405094
"('0036756000', 'Elctrical and Computer Engineering')",0.0005346164127238706,0.0,0.11166497522535968,0.00017909019026646862,0.11972857181534415
"('0500718000', 'Unknown Dept')",0.0010692328254477412,0.0,0.09814518456331821,9.309281976120828e-08,0.10456482792382898
"('0015370000', 'USF College of Public Health')",0.0010692328254477412,0.0,0.10965529370383398,1.053037519946375e-06,0.11859019485899767
"('0025890000', 'College of Biological Sciences')",0.0008019246190858059,0.0,0.12089971883786317,1.8815853408648588e-06,0.13293814352001074
"('0033290000', 'Engineering')",0.0002673082063619353,0.0,0.11315447203653851,1.6946764442982305e-06,0.12155777535205155
"('0010819000', 'Schl of Human Evolution & Social Change')",0.0016038492381716118,0.0010689469343179423,0.1427372276698844,0.09337231152164527,0.16129595774744146
"('0013201000', 'Physics')",0.0018711574445335472,0.0016029915647822151,0.09193905136397149,6.366433262961045e-08,0.09796413653217793
"('0021782000', 'Lab. for Information & Decision Systems')",0.0008019246190858059,0.0,0.1186075267112647,0.0001890369865759929,0.12759577063553676
"('0013706000', 'Environmental Studies Program')",0.0010692328254477412,0.004494753956783978,0.12435594854236612,2.2317480551740078e-06,0.13667661227451797
"('0014894000', 'COAPS')",0.0010692328254477412,0.0,0.11415232515562065,7.232303587165475e-06,0.12238954751560893
"('0013128000', 'Unknown Dept')",0.005346164127238706,0.009888511032117547,0.14153834512504257,0.005413162050348946,0.1592256732257444
"('0033290000', 'Biochemistry & Molecular Biology')",0.0002673082063619353,0.0,0.13111593999719612,0.00016259312520332077,0.14153168176471245
"('0030908000', 'Educational Studies')",0.0005346164127238706,0.0,0.11361151603498543,0.00021649898414533266,0.1235695111155032
"('0038968000', 'Mathematical Sciences')",0.0021384656508954825,0.002136750304116689,0.12714975188634356,1.5055031910606489e-05,0.13909048675134464
"('0010835000', 'Arizona Institutes for Resilience')",0.0016038492381716118,0.0,0.1204171629059774,3.605125289661129e-05,0.13122741684159123
"('5300012886', 'Soil and Crop Sciences')",0.0010692328254477412,0.0,0.123424612339162,2.462288259287118e-05,0.13374409827898262
"('0033290000', 'Agricultural and Biological Engineering')",0.0013365410318096765,0.0,0.08663131324826899,3.3601117391079154e-08,0.09200104416893955
"('0022210000', 'Mathematics and Statistics')",0.0013365410318096765,0.0,0.11115072644620733,1.5009982025690666e-05,0.11985781666308935
"('0028944000', 'Department of Biology')",0.0008019246190858059,0.0,0.10908613751676678,1.779422492492695e-06,0.1197731133263394
"('4001926000', 'Unknown Dept')",0.0008019246190858059,0.0,0.11679675304402123,4.9934488619813415e-06,0.12554509858569007
"('0026294000', 'Labor Studies and Employment Relations')",0.0008019246190858059,0.0,0.08136500065248597,5.634710221416856e-10,0.08617967156943572
"('0031849000', 'Political Science')",0.0018711574445335472,5.717822595977226e-07,0.09201820194318042,7.35351848220632e-07,0.09903467755963732
"('0035659000', 'Computer Science & IT Sys')",0.0010692328254477412,0.0,0.13227026835908495,0.00018332755298964903,0.1441981916921788
"('6250022589', 'Unknown Dept')",0.0013365410318096765,0.0016029915647822151,0.12209131555758625,0.00022611743456529742,0.13207495902493321
"('0037457000', 'Unknown Dept')",0.002673082063619353,0.028562239725959417,0.13289992539699458,1.868212042689483e-05,0.1503851823583892
"('6250005028', 'Physical and Life Sciences')",0.0013365410318096765,0.0005346164127238706,0.10974536493780802,0.00011153596853042472,0.1200573325207733
"('0025320000', 'LRES')",0.0010692328254477412,0.0,0.12056463308517838,3.481227691067741e-05,0.13016736337706655
"('6250004721', 'Department of Life and Environmental Sci')",0.0002673082063619353,0.0,0.11966222051626524,1.7444659513966918e-05,0.12762698853316376
"('0034017000', 'Physics Department')",0.0002673082063619353,0.0,0.10603140411541295,1.4909811994284432e-05,0.11204446294591303
"('0036616000', 'Department of Geological Sciences')",0.0008019246190858059,0.0021134789632982144,0.11536682394301045,4.561410586247903e-06,0.12460455209051788
"('0037549000', 'Virginia Bioinformatics Institute')",0.0002673082063619353,0.0,0.12054520848102082,2.4551143040948277e-05,0.12967729833206962
"('0032169000', 'Biology')",0.0021384656508954825,0.013756207351012942,0.13427853553481695,1.2108404659180818e-05,0.15103154066312727
"('0029728000', 'Electrical and Computer Engineering')",0.0029403902699812884,0.027251161921030123,0.1613821664294034,0.006067886259123957,0.1848664919535008
"('7203585184', 'Unknown Dept')",0.0005346164127238706,0.0,0.11946733090630389,0.00022625025015707965,0.12852457615536092
"('0032193000', 'Social Science SOURCE')",0.0010692328254477412,0.0,0.10350265604249669,2.46342344506598e-05,0.1093759434464111
"('0035238000', 'Computer Science')",0.0018711574445335472,0.0016029915647822151,0.1050695127088892,0.0001898747861193201,0.11452156063576291
"('0020776000', 'Pediatrics')",0.0002673082063619353,0.0,0.1273098519652884,2.9764786987188872e-05,0.13995702859552056
"('0021303000', 'Questrom School of Business')",0.0005346164127238706,0.0,0.09117496527016158,6.542094658891117e-08,0.09699604190459504
"('0037275000', 'Engineering')",0.0008019246190858059,0.0,0.08359963351136339,6.015192716578851e-09,0.08847896986520604
"('0027110000', 'Chemical & Biomolecular Engineering')",0.0005346164127238706,0.0,0.11616569370264564,4.797787795639497e-05,0.12513797757382356
"('0013706000', 'Department of Linguistics')",0.0005346164127238706,0.0,0.0989368454458902,5.847434457922522e-07,0.10413725044603692
"('4002457000', 'Unknown Dept')",0.0018711574445335472,0.0016029915647822151,0.12316049382716049,2.361482802612606e-05,0.13422849217272925
"('0026294000', 'Dept. Cell Biol. & Neuroscience, Rutgers')",0.0005346164127238706,0.0,0.09702518349456649,2.7986635100845348e-08,0.10390205691150699
"('0018697000', 'Genetics, Development and Cell Biology')",0.0010692328254477412,0.0,0.08400134725496801,1.839379139771804e-07,0.08953000476539219
"('0029207000', 'Electrical Engineering')",0.0010692328254477412,0.0,0.1270892784345699,3.3142838585672455e-05,0.13803328714114718
"('0037549000', 'Department of Chemical Engineering')",0.0002673082063619353,0.0,0.13284801136363636,0.0010192042997286509,0.1446874140739425
"('0018929000', 'Physics and Astronomy')",0.0010692328254477412,0.0,0.1273401865341412,4.2283579670756574e-05,0.14051392069210794
"('0025684000', 'Computer Science and Engineering')",0.005078855920876771,0.027483214617041687,0.14010711209318003,0.004776544101696856,0.16077073747482712
"('0015693000', 'School of Earth and Atmospheric Sciences')",0.0013365410318096765,0.010241113986022019,0.1267319353636641,1.1969013688028387e-05,0.13994179251797573
"('0013706000', 'Ethnography and Evaluation Research')",0.0008019246190858059,0.0,0.09547995201755953,4.79053508934724e-07,0.10010782683727022
"('0029728000', 'Industrial and Systems Engineering')",0.0024057738572574178,0.0008365586581292405,0.12972466883972536,0.0004428842133796307,0.14439558476895162
"('0013177000', 'Research IT Services')",0.0005346164127238706,0.0,0.14026470698511492,0.0001552715532383534,0.15535852645786527
"('0011015000', 'School of Education')",0.0008019246190858059,0.0,0.12102487787519006,0.0003503665808498719,0.13148769756274886
"('6250032970', 'Unknown Dept')",0.0010692328254477412,0.0,0.12444695785236685,1.973799316093993e-05,0.13591858091527376
"('0010637000', 'Geosciences')",0.0005346164127238706,0.0,0.09230427595055392,4.180806672699025e-08,0.09819493032352364
"('0034017000', 'Molecular, Cellular Biology Biochemistry')",0.0010692328254477412,0.0,0.13179960541149943,9.566572729347181e-05,0.14308696849795574
"('0017392000', 'Electrical and Computer Engineering')",0.0008019246190858059,0.006287534092467413,0.11843854872411828,3.213361579323209e-05,0.12848177083105586
"('0036756000', 'Geography')",0.002673082063619353,0.010074858682600156,0.12213516160626836,6.8174163085386965e-06,0.13332208088623576
"('0020776000', 'Biomedical Engineering')",0.0008019246190858059,0.0005346164127238706,0.12732285072493363,3.331116502611082e-05,0.14026888816960953
"('0010512000', 'Mechanical Engineering')",0.0013365410318096765,0.010638008939815629,0.12528885763086506,0.008554384346914159,0.13788600800429215
"('0015693000', 'Interactive Computing')",0.0005346164127238706,0.0,0.09324294010617881,4.2392621538405306e-08,0.0987932091949642
"('0036582000', 'Inst. for Comp. Engineering & Sciences')",0.0005346164127238706,0.0,0.13748621830209481,7.365683400378277e-05,0.15078721209081153
"('5300005042', 'NCIL')",0.0013365410318096765,0.0,0.1301715438950555,0.0002020731562667471,0.14296864125322445
"('0036616000', 'Sociology and Anthropology')",0.0008019246190858059,0.0,0.1140966207148957,3.53550986760404e-05,0.12213477224031882
"('0013169000', 'CE-CERT')",0.0013365410318096765,0.0032034101093962406,0.11016874282180404,1.0621274927970599e-06,0.11854060806357353
"('0021550000', 'Unknown Dept')",0.0021384656508954825,0.007959494517347898,0.1309919815119577,1.5434948547029485e-05,0.14453254461922424
"('0029066000', 'Research Institute for Environment, Ener')",0.0010692328254477412,0.0,0.12510868838204803,2.1768771812419405e-05,0.13772428597656275
"('0032102000', 'Statistics')",0.0010692328254477412,0.0,0.1211973952765089,2.087841145322985e-06,0.1329389698640607
"('0036566000', 'Economics')",0.0002673082063619353,0.0,0.13893118431314294,0.010391144843341152,0.15297791956773593
"('0013201000', 'Computer Science')",0.0018711574445335472,0.004328456853399,0.13475739346565324,0.00019420068517092976,0.14826217972639397
"('0029728000', 'Unknown Dept')",0.006148088746324512,0.028104703227937428,0.15345174125271752,0.005185767371370551,0.17752908118432387
"('0036327060', 'Engineering Studio for Advanced Instruct')",0.0008019246190858059,0.0,0.12940159114493255,7.991061173439941e-05,0.14054914767153676
"('0029728000', 'School of Electrical & Computer Engr')",0.0005346164127238706,0.0,0.13038477624424927,0.00012406363552405287,0.14156464799655608
"('0013706000', 'Center for STEM Learning')",0.0016038492381716118,0.0010689469343179423,0.13326446280991736,0.00010393129287789173,0.14649219527798155
"('0011510001', 'ARPE')",0.0008019246190858059,0.0,0.088040101666196,7.275331307115801e-07,0.09354727221502109
"('0018697000', 'Electrical and Computer Engineering')",0.00400962309542903,0.02042581101357458,0.1261294672960216,0.0006058472236851552,0.14409241745024118
"('0011379001', 'Department of Physics')",0.0005346164127238706,0.0,0.09715621347876899,4.0475323660715666e-07,0.10260124544217332
"('0027078000', 'Physics')",0.0010692328254477412,0.0021374650319411865,0.09445777048352481,6.989674037050058e-07,0.10012612716280957
"('0029728000', 'Department of Electrical & Computer Engi')",0.0021384656508954825,0.0010684949210602703,0.13326921021694987,0.0007668514349894512,0.14872082752643204
"('0015693000', 'School of Mathematics')",0.0002673082063619353,0.0,0.08167587275942624,1.3934239870907647e-07,0.08537341774181302
"('0117119000', 'Center for Faculty Development')",0.0010692328254477412,0.0,0.12575635336829366,0.0002816816615263529,0.1366730481258297
"('0029769000', 'Mathematics & Statistics')",0.0010692328254477412,0.0,0.10631767414101799,5.553863001368252e-05,0.11555111718739593
"('0013706000', 'Electrical and Computing Engineering')",0.0010692328254477412,0.0,0.12625717178535267,9.070981797867885e-05,0.13728221012703895
"('0013201000', 'National Center for Ecological Analysis')",0.0010692328254477412,0.0,0.11114412192875606,2.1067462608100568e-06,0.12280452902816419
"('0080010000', 'Deartment of Physics')",0.0002673082063619353,0.0,0.10460531834577635,4.469095683531538e-07,0.11041886798277857
"('0038950000', 'Medical Microbiology & Immunology')",0.0018711574445335472,0.0032034101093962406,0.12532243475930455,1.4696946030910662e-05,0.13759506624028583
"('0036962000', 'Geology')",0.0010692328254477412,0.0,0.12272414132467277,2.8273121095075225e-06,0.13682907242450099
"('0025205000', 'Physics')",0.0016038492381716118,0.0010689469343179423,0.12577749386410247,0.002470289344864428,0.13684411050737352
"('0033290000', 'Mathematics Department')",0.0002673082063619353,0.0,0.12791930244486238,9.111097384484858e-05,0.13788969312873864
"('0032235000', 'Department of Earth Sciences')",0.0002673082063619353,0.0,0.10499579006455234,1.284218034990704e-06,0.11166677141946489
"('0036582000', 'Civil Engineering')",0.0008019246190858059,0.0,0.128112050957159,7.457028629389319e-05,0.1397208582352934
"('0011445001', 'Geography and Anthropology')",0.0008019246190858059,0.0,0.09898920406435224,1.5431014800078577e-05,0.10711726857656545
"('0038968000', 'Unknown Dept')",0.0010692328254477412,0.0010689469343179423,0.0818993826349665,5.659132335430373e-10,0.08651300554313536
"('5300004653', 'Life Sciences')",0.0018711574445335472,0.0016029915647822151,0.10773528395346159,8.507763524549248e-06,0.11669841046521454
"('0011544000', 'Department of Anthropology')",0.0005346164127238706,0.0,0.11519985218944387,0.0005044534702769833,0.12309846961186618
"('0023259000', 'CEE')",0.0013365410318096765,0.018695481026631527,0.1501565384924139,0.0002480981491977814,0.16933000316768432
"('0023259000', 'Department of Computational Medicine and')",0.0002673082063619353,0.0,0.10448845068848979,1.543858203189917e-06,0.11014025731995777
"('0035303040', 'University of Tennessee Department of Fo')",0.0008019246190858059,0.0,0.10481927710843374,2.7609493350695907e-05,0.11388110708128758
"('0036616000', 'Department of Chemistry and Biochemistry')",0.0010692328254477412,0.0,0.08951473966309341,5.9111282217208275e-08,0.09490194887861253
"('0114629000', 'Physics & Astronomy')",0.0010692328254477412,0.0,0.10658119658119658,2.475535315619367e-06,0.11508363368002858
"('0037275000', 'Engineering - Math, Science, Technology')",0.0008019246190858059,0.0,0.08359963351136339,6.015192716578851e-09,0.08847896986520604
"('0033787000', 'Department of Anthropology')",0.0010692328254477412,0.0005346164127238706,0.12663326788978405,0.0016490207762114794,0.14017508341061374
"('0036962000', 'Unknown Dept')",0.0032076984763432237,0.01562581698981007,0.08480493278625348,8.722833407690146e-08,0.09332938466350786
"('0026294000', 'Math & Computer Science')",0.0005346164127238706,0.0,0.11211340206185567,1.858941708165128e-05,0.12038176578484967
"('0026633000', 'Institute of Meteoritics')",0.0010692328254477412,0.0,0.10283687943262411,5.607014394398743e-07,0.1109473121401735
"('0028373000', 'Center for Computational Research')",0.0013365410318096765,0.0,0.13379828326180257,0.00021959802155109668,0.14664113541065335
"('0020107000', 'Political Science/Manship School of Comm')",0.0010692328254477412,0.0,0.1005834431210174,1.3540084727628318e-05,0.10827751542811229
"('0025163000', 'Computer Science')",0.0018711574445335472,0.0016029915647822151,0.0748214964299286,3.0929548761999682e-09,0.08173623666667634
"('0011080000', 'Unknown Dept')",0.003475006682705159,0.0037378835765552116,0.09760488415779586,1.0375752025297529e-05,0.10525957699396724
"('0031849000', 'Electrical and Computer Engineering')",0.0024057738572574178,0.021321483023227745,0.09230883114960396,5.821364296312889e-07,0.101297568816113
"('0017392000', 'Unknown Dept')",0.002673082063619353,0.006935718808920375,0.10122300990313329,5.103350115258537e-07,0.10949267255609803
"('0037457000', 'Civil Engineering')",0.0013365410318096765,0.0,0.1302758044295863,0.0021024161989890455,0.14219470158370742
"('0036525000', 'Curriculum & Instruction')",0.0005346164127238706,0.0,0.09324526420737787,2.5905257760014472e-08,0.09770308305203636
"('0035303000', 'Department of Mathematics')",0.0002673082063619353,0.0,0.101050754976905,4.501203087110988e-08,0.10726722255968177
"('0022905000', 'Microbiology and Molecular Genetics')",0.0008019246190858059,0.002136750304116689,0.13809014063711195,0.0015808144804381442,0.1570158798105873
"('0019893001', 'Department of Computer Science')",0.0021384656508954825,0.006874957389172131,0.12818228542059276,2.0985766795804376e-05,0.14152330245824685
"('0021550000', 'School of Eng and Applied Sciences')",0.0002673082063619353,0.0,0.11582401931948358,1.5050451345856778e-06,0.12412798222388222
"('0018697000', 'Unknown Dept')",0.0005346164127238706,0.0,0.10069444444444445,9.325943788616152e-06,0.10847343537142595
"('0010819000', 'Civil & Environmental Engineering')",0.0008019246190858059,0.0005346164127238706,0.12186858650682478,1.584530561155054e-05,0.13224222371044764
"('0026963000', 'Physics Department')",0.0010692328254477412,0.0,0.11614405464141571,1.9007196803156084e-06,0.12635038568089044
"('0025205000', 'Mechanical Engineering & Materials Scien')",0.0002673082063619353,0.0,0.08922012878607202,7.92977730921346e-07,0.09322502344321139
"('0022210000', 'Mathematics & Statistics')",0.0010692328254477412,0.00801834283381403,0.12296617690563061,7.501819329002813e-05,0.1347348714429712
"('0014316000', 'Geography and Spatial Sciences')",0.0005346164127238706,0.0,0.09177215189873418,1.519361779502998e-07,0.09614116669346291
"('0037499000', 'Child, Family, and Community Engagement')",0.0002673082063619353,0.0,0.09325921124794335,2.2870804987831552e-08,0.09781446147135382
"('0038950000', 'Plant Pathology')",0.0008019246190858059,0.0,0.11654205607476635,2.714708718168098e-05,0.12563010935622232
"('7203589129', 'Unknown Dept')",0.0010692328254477412,0.0004441297343099135,0.12793680106699498,5.0478580565945884e-05,0.1400672502509808
"('0013169000', 'CNAS')",0.0010692328254477412,0.0,0.12597232043640771,2.002637541363698e-05,0.1382456000303548
"('0019489001', 'Kansas Biological Survey')",0.0005346164127238706,0.0,0.10003476214669627,0.00014719118474155823,0.10580237083963488
"('0022905000', 'Electrical & Computer Engineering')",0.0018711574445335472,0.00016931875652824715,0.13761771630370806,0.004484358434420726,0.15866009424078165
"('0035352000', 'Depart of Physics and Astronomy')",0.0002673082063619353,0.0,0.08803181475903614,5.847655016902854e-07,0.09319086127320515
"('0017392000', 'Education & Social Policy')",0.0010692328254477412,0.0,0.09192775525248802,7.023357051599106e-08,0.09765227695808901
"('4006268000', 'Unknown Dept')",0.0008019246190858059,0.0,0.12515054195102368,1.0722241277084958e-05,0.14079762380330818
"('0033795000', 'Information Sciences')",0.0010692328254477412,0.0,0.12711086949135267,1.4197078318006507e-05,0.13833311349998578
"('0011080000', 'Anthropology')",0.0002673082063619353,0.0,0.08892745079395264,1.0072585092976624e-06,0.09375901632468983
"('0013144000', 'Biomedical Engineering')",0.0005346164127238706,0.0005346164127238706,0.128578793607149,7.2200360791455885e-06,0.1403846338855073
"('0027854000', 'Unknown Dept')",0.0045442395081529,0.010706325023177438,0.12624012958088682,0.0005918266406362342,0.14038149916257442
"('0014894000', 'Civil and Environmental Engineering')",0.0010692328254477412,0.0,0.09724966205677446,5.227144300347761e-07,0.1032995485505021
"('7203578736', 'Unknown Dept')",0.0002673082063619353,0.0,0.1075216279136608,5.175888585272746e-06,0.11529373464829572
"('0030908000', 'Physics')",0.0002673082063619353,0.0,0.11360806583862249,0.0001954731649510162,0.12343585701232224
"('0013706000', 'Information Sciences')",0.0018711574445335472,0.013149581774826785,0.12870708043762472,0.0002796615995832142,0.1407053422089518
"('0013177000', 'Qualcomm Institute/CALIT2')",0.0010692328254477412,0.0,0.13937113478876387,0.00018945496948232217,0.15413119932837277
"('0014175000', 'Digital Media & Design')",0.0013365410318096765,0.0,0.10580948071048761,3.070315478145031e-05,0.11453383198338735
"('0013151000', 'Medicine')",0.0002673082063619353,0.0,0.10443886097152429,7.824003457404868e-07,0.11104740539709398
"('0036525000', 'Earth & Atmospheric Sciences')",0.0005346164127238706,0.0,0.10404961895755688,6.531155235049031e-08,0.1116630269261277
"('0039545000', 'Department of Philosophy')",0.0002673082063619353,0.0,0.0646884888727499,5.789747478617987e-13,0.06757475678465283
"('0013136000', 'Biomedical Engineering')",0.0018711574445335472,0.005724159069558434,0.1260232440626579,3.0470971813895918e-05,0.1384800065398216
"('0027078000', 'Computer Science')",0.0018711574445335472,0.011667174391006464,0.13588812204867418,1.7071477504149112e-05,0.15045205465862135
"('0015982001', 'Institute of Ecology, UGA')",0.0010692328254477412,0.0,0.13223286557562475,4.5785451749413095e-05,0.14594165668390943
"('6250019332', 'Unknown Dept')",0.0002673082063619353,0.0,0.12566764083442508,0.0001489306641536703,0.13516285011520707
"('0015354000', 'Materials Science & Engr')",0.0002673082063619353,0.0,0.1079996535696758,5.892188639478249e-07,0.11423409281137673
"('0010512000', 'Advertising and Public Relations')",0.0005346164127238706,0.0,0.08362018865394072,2.2242805871196587e-06,0.08807492099228066
"('0014175000', 'Computer Science & Engineering Departmen')",0.0002673082063619353,0.0,0.10673019314712846,2.258190384329623e-05,0.11300411388020952
"('0015982001', 'Chemistry')",0.0010692328254477412,0.0005346164127238706,0.12424856355242618,4.280583271554705e-05,0.13473770838446153
"('0013177000', 'Psychology')",0.0008019246190858059,0.0,0.11724332455810454,2.398674191667717e-05,0.12585623883314218
"('0031849000', 'Unknown Dept')",0.004276931301790965,0.02906698845730325,0.1013244495002844,3.975654855833177e-06,0.11154315873583144
"('7203588140', 'Unknown Dept')",0.0010692328254477412,0.0,0.0998452012383901,3.8819348302974956e-07,0.10704871244491232
"('0001057000', 'Robotics Institute')",0.0002673082063619353,0.0,0.12709791397703335,1.0043635914810639e-05,0.13793215119044286
"('0010819000', 'Chemical Engineering, SEMTE')",0.0005346164127238706,0.0005346164127238706,0.1250208869431541,0.0071667915221546785,0.1363473946974352
"('0001289000', 'Physics')",0.0010692328254477412,0.0,0.12223093511076259,0.0004486241998893938,0.1326489590788624
"('0028373000', 'Family Medicine')",0.0010692328254477412,0.0,0.13363100553670298,0.0002584672018072866,0.145725071877839
"('0026278000', 'Computer Science')",0.0008019246190858059,0.0005346164127238706,0.1051137960101152,2.617385164227921e-07,0.11308833312217176
"('0015354000', 'School of Teaching and Learning')",0.0021384656508954825,0.005529455019165481,0.13328820322799018,0.01297812835283442,0.14787050136889746
"('0029728000', 'Chemical and Biomolecular Engineering')",0.0024057738572574178,0.003335744267711574,0.1485879969813719,0.001706036712476091,0.16775952702824312
"('0030908000', 'Chemistry and Biochemistry')",0.0021384656508954825,0.0044397246691630235,0.12088018611865065,4.1818231568512885e-05,0.1314242099920617
"('0023879000', 'Earth Sciences')",0.0024057738572574178,0.006927713857286006,0.12237087435805175,2.188001267128035e-05,0.13432255079077465
"('4003554000', 'Unknown Dept')",0.002673082063619353,0.003425171992839784,0.13872510846590277,0.0005188935933079002,0.1545090486314135
"('0026575000', 'Animal and Range Sciences')",0.0018711574445335472,0.0018494601407402474,0.09856408905282571,3.9515508942265925e-07,0.10652402142731035
"('0040766000', 'Unknown Dept')",0.0018711574445335472,0.0,0.08536418400876232,7.801880881890073e-09,0.09020157432709683
"('0021030000', 'Bioengineering')",0.0002673082063619353,0.0,0.13025766016713092,0.0012862824511327834,0.1416600851709836
"('0023606000', 'Iron Range Engineering')",0.0005346164127238706,0.0,0.13227026835908495,0.00014398659101164856,0.14401998622127077
"('0001479000', 'School of Civil & Environmental Engineer')",0.0013365410318096765,0.023684424644726254,0.128441941907574,0.000319376072558167,0.14148636269726955
"('0023291000', 'Computer Science')",0.0005346164127238706,0.007989227622229178,0.08713171072551532,3.750479841956444e-09,0.092648063883982
"('0080010000', 'Civil and Materials Engineering')",0.0005346164127238706,0.0,0.1167420814479638,1.618282333349366e-05,0.12658179381963502
"('0036046000', 'Electrical & Computer Engr.')",0.0008019246190858059,0.0,0.1186075267112647,0.0001890369865759929,0.12759577063553676
"('0029728000', 'Department of Entomology and Plant Patho')",0.0005346164127238706,0.0,0.11950931220649778,5.79453196702052e-05,0.12942818396777878
"('7203576408', 'Sustainble Eng & Built Environ')",0.0013365410318096765,0.0,0.12496242108427698,0.015767761208687427,0.1368378840411723
"('0029728000', 'College of Engineering')",0.0008019246190858059,0.0,0.1435533384497314,0.0008667144019196407,0.1586607098099395
"('0018697000', 'Mathematics')",0.0002673082063619353,0.0,0.10456146235116552,7.340276369894065e-07,0.11139846111058585
"('0036616000', 'Mechanical Engineering')",0.0010692328254477412,0.0,0.10877529658060014,5.432671339643416e-07,0.11715401007348644
"('0034744000', 'Information Technology Services')",0.0013365410318096765,0.0,0.09866807332190426,3.5157638460057086e-07,0.10497255690102308
"('0038968000', 'Civil Engineering')",0.0008019246190858059,0.0,0.14740533511958706,0.013765565416817824,0.16371267769623857
"('0033795000', 'Mechanical Engineering and Materials Sci')",0.0013365410318096765,0.0,0.12348572371678494,0.00046763666770317444,0.13468752870965292
"('0001271000', 'Department of Integrative Biology')",0.0013365410318096765,0.0,0.09896301782974445,1.9765609445618613e-05,0.10691678742179399
"('0036152000', 'Department of Mathematics')",0.0005346164127238706,0.0,0.09840852295146653,9.439264261926074e-07,0.1040642086440224
"('0037549000', 'Hume/Statistics')",0.0010692328254477412,0.0,0.14528719561924736,0.0009977745340224715,0.16173931729264537
"('4062600000', 'COMET')",0.0005346164127238706,0.0,0.11722495534735061,4.3065806848772116e-05,0.12610576028708373
"('5300019854', 'Unknown Dept')",0.0002673082063619353,0.0,0.09889499841387332,1.085450934734955e-05,0.10574063131380151
"('0013151000', 'Department of Linguistics')",0.0002673082063619353,0.0,0.11801634120950187,4.858198623875779e-06,0.12772513733631594
"('0020081000', 'College of Engineering and Science')",0.0010692328254477412,0.0,0.10758965804837364,1.1035198528904928e-05,0.11615739473408887
"('0029728000', 'Fitts Department of Industrial and Syste')",0.0002673082063619353,0.0,0.11483209527902265,4.30223635778075e-05,0.1239360796184167
"('0039446000', 'Geology')",0.0010692328254477412,0.0,0.11468775866826084,1.3588020050608756e-06,0.12510265062390108
"('0096354000', 'Architecture')",0.0008019246190858059,0.0,0.1449606695857713,0.0809634482263417,0.16436949622595198
"('0026633000', 'Electrical & Computer Engineering')",0.0008019246190858059,0.0,0.09921761039649914,3.9653319502936813e-07,0.1066509762833863
"('0034256000', 'Engineering and Science Education')",0.0045442395081529,0.023207710065090398,0.14433427215556155,0.004694253939266832,0.16866212361400784
"('0018259000', 'Engineering Technology')",0.0002673082063619353,0.0,0.13913787332167962,0.002464092196451162,0.1542705345532129
"('0015982001', 'Alton Standifer')",0.0010692328254477412,0.0,0.12970218077176437,5.7550826962929297e-05,0.14219197484033164
"('0033787000', 'Physics')",0.0002673082063619353,0.0,0.1178045093840534,2.5285161579664924e-05,0.1271567733563519
"('0036756000', 'Geology and Geophysics')",0.0008019246190858059,0.0005346164127238706,0.106465934316125,2.258839474212309e-05,0.11539755108555375
"('0017392000', 'Civil and Environmental Engineering')",0.0002673082063619353,0.0,0.10426421404682275,3.2238355698047263e-06,0.11052591252010877
"('0036582000', 'Civil, Architectural and Env Engineering')",0.0005346164127238706,0.0,0.10505180983404004,3.814701941662745e-06,0.11124200814516258
"('P270068138', 'Unknown Dept')",0.0008019246190858059,0.0,0.11724332455810454,2.398674191667717e-05,0.12585623883314218
"('0022905000', 'Computational Mathematics, Science and E')",0.0005346164127238706,0.0,0.129913876927351,0.00033167243945530936,0.14317641949959556
"('0029207000', 'Department of Computer Science')",0.0005346164127238706,0.002136750304116689,0.1133121308496138,3.697862620724533e-06,0.12120334722992815
"('0026211000', 'Informatics')",0.0002673082063619353,0.0,0.09110169491525423,6.782570958818253e-08,0.09507678106246416
"('0025320000', 'Mechanical and Industrial Engineering')",0.0005346164127238706,0.0026702231523213645,0.10083829752823527,6.955356798919738e-06,0.10916684558769094
"('0010819000', 'Sch Science Hlth Care Deliv')",0.0010692328254477412,0.0005346164127238706,0.14271000228885328,0.08064814344945404,0.16089499543789856
"('0030908000', 'Electrical and Computer Engineering')",0.0018711574445335472,0.0044893244229980605,0.12046369344710997,3.1459522553934644e-05,0.13072886819525886
"('0033795000', 'Learning Research & Development Center')",0.0002673082063619353,0.0,0.10146460537021969,1.332495651855648e-07,0.10694335455455502
"('0020776000', 'Chemical & Biomolecular Engineering')",0.0008019246190858059,0.0005346164127238706,0.13861716318363718,0.002284046162277615,0.1521657086276888
"('6250004419', 'School of Education')",0.0010692328254477412,0.0,0.09814518456331821,9.309281976120828e-08,0.10456482792382898
"('0025692000', 'Office of Undergraduate Research')",0.0008019246190858059,0.0,0.0871012805587893,1.9047468330245102e-08,0.09238603920465667
"('0023259000', 'Department Computational Medicine and Bi')",0.0002673082063619353,0.0,0.12174563915646967,0.00022166539717041246,0.13030698246864142
"('0018259000', 'Purdue Online')",0.0013365410318096765,0.0,0.13836594296704516,0.00044093636192721406,0.15273379906499468
"('0016410000', 'Political Science & International Studie')",0.0010692328254477412,0.0,0.11192891122879454,7.261269303935018e-05,0.12290197544277817
"('0034488000', 'Mathematical Education')",0.0010692328254477412,0.0,0.08632545689496031,1.0332540598939143e-07,0.0908564380341834
"('0117119000', 'College of Science and Engineering')",0.0016038492381716118,0.0,0.09111500803741049,7.614646112439195e-08,0.09730453925289163
"('0026211000', 'Department of Chemistry and Env. Science')",0.0002673082063619353,0.0,0.07524589174728966,6.292775772294903e-11,0.07874885593586949
"('5300000942', 'Biological Sciences')",0.0010692328254477412,0.0,0.11739048575373415,1.2386408851315278e-06,0.12788320150636687
"('0034256000', 'Mathematical Sciences')",0.0002673082063619353,0.0,0.1060374149659864,1.8504480384307868e-05,0.11213356568136698
"('0025692000', 'Electrical & Computer Engr')",0.0008019246190858059,0.0,0.07795049174862477,9.08589227931597e-09,0.08270982969780186
"('0032235000', 'Education Studies')",0.0008019246190858059,0.0,0.12436835106382979,4.088294374212088e-05,0.13469716974658355
"('0025163000', 'Health Management and Informatics')",0.0005346164127238706,0.0,0.06961683756071235,3.3311784242188017e-10,0.07434133211146646
"('0037549000', 'Crop & Soil Environmental Sciences')",0.0010692328254477412,0.0,0.1390137861840883,0.0007653941633213726,0.1541031438786051
"('0015354000', 'Lastinger Center for Learning')",0.0010692328254477412,0.0,0.13287632308020175,0.0002361397423358725,0.1478132425506125
"('7203582772', 'Unknown Dept')",0.0010692328254477412,0.0,0.14358088658606794,0.09764851682707307,0.16217486365842443
"('0025171000', 'Engineering Management & Systems Enginee')",0.0010692328254477412,0.0,0.10115458453884217,2.612942140705564e-07,0.10907655458105808
"('0013177010', 'Integrative Oceanography Division')",0.0002673082063619353,0.0,0.11151518764718156,0.0009376044968304043,0.11982098771569918
"('0018697000', 'Veterinary Microbiology & Preventive Med')",0.0010692328254477412,0.0,0.08400134725496801,1.839379139771804e-07,0.08953000476539219
"('0010579000', 'Electrical and Computer Engineering')",0.0021384656508954825,0.004978300936391593,0.12819107014357675,6.66367021278056e-05,0.14143716326884845
"('0025684000', 'Computer Science & Engineering')",0.0005346164127238706,0.0,0.12289750328515112,0.0005145071289431333,0.13521833062259503
"('6250004721', 'Department of Molecular and Cell Biology')",0.0010692328254477412,0.0,0.13307957738963394,0.00010560321268065283,0.14466970479400415
"('0033290000', 'Ecosystem Science and Management')",0.0008019246190858059,0.0,0.13639346653055273,0.000706042374420968,0.14978060157490905
"('0022905000', 'College of Arts & Letters')",0.0008019246190858059,0.0,0.1349761870399769,0.0016787450102201465,0.15331129524192869
"('0011494001', 'Computer Science')",0.0010692328254477412,0.0,0.10880060493252676,6.403544129381234e-07,0.11768862648621027
"('0033787000', 'Computer and Information Science')",0.0016038492381716118,0.004212236009082622,0.12626143305545243,0.00017279196161769822,0.13897060752160117
"('0001057000', 'Department of Materials Science & Eng.')",0.0005346164127238706,0.0,0.12710223218836,1.1128700602863082e-05,0.1380658052936238
"('0017756000', 'Illinois State Water Survey')",0.0005346164127238706,0.0,0.12167436414492942,1.602773065148044e-05,0.13157832167383962
"('0117119000', 'Teacher Education/Instructional Tech.')",0.0016038492381716118,0.0,0.09111500803741049,7.614646112439195e-08,0.09730453925289163
"('0015354000', 'Engineering School of Sustainable Infras')",0.0005346164127238706,0.0,0.12072804724561913,0.00016708207390421896,0.1296199456348522
"('0025684000', 'Biology')",0.0013365410318096765,0.0,0.0982947528836806,6.779893717084354e-06,0.1052266898915562
"('0025684000', 'Computer Science')",0.0005346164127238706,0.0,0.12289750328515112,0.0005721117874006379,0.13521833062259503
"('0036756000', 'Unknown Dept')",0.002673082063619353,0.0048044004362698635,0.10649321073756725,2.8310841299359284e-05,0.11624402707236652
"('0030908000', 'Unknown Dept')",0.004276931301790965,0.008516250906254238,0.12816471958614548,0.002012905461468575,0.1440713809115624
"('0021030000', 'IREAP')",0.0013365410318096765,0.0010690898798828418,0.1302758044295863,0.0014548786079903405,0.14201649611279948
"('0080010000', 'Electrical & Computer Engineering')",0.0021384656508954825,0.004268926350156597,0.13223286557562475,2.9335186104656316e-05,0.14505925698434863
"('0021030000', 'Department of Hearing and Speech Science')",0.0008019246190858059,0.0,0.13027126789009993,0.001616998183881063,0.1419719447450725
"('0027078000', 'Seismology Department')",0.0010692328254477412,0.0009026472197135863,0.11607558410127525,1.3055736294696444e-06,0.12691367109617896
"('0013151000', 'Urban Planning Program')",0.0002673082063619353,0.0,0.12399323854032017,0.0005253392399526009,0.13422883358375662
"('0034017000', 'Department of Physics')",0.0002673082063619353,0.0,0.10064297436173361,4.17887842362096e-07,0.10726640697145662
"('0015693000', 'School of Materials Science & Engr.')",0.0010692328254477412,0.0,0.11098914139915741,1.9052743117940458e-06,0.12038214095150704
"('0011080000', 'Computer Science & Computer Engineering')",0.0016038492381716118,0.0027617050581559073,0.12203555700538249,0.0002201248930747704,0.13267277358743998
"('0022905000', 'Kellogg Biological Station')",0.0005346164127238706,0.0,0.10637208905570246,2.1442280337402115e-05,0.11457335078260446
"('0017376000', 'Computer Science')",0.0002673082063619353,0.0,0.11678581462866419,3.1931635788980802e-06,0.12487506014841565
"('0027078000', 'Biology and Paleo Environment (BPE)')",0.0002673082063619353,0.0,0.12881344260037186,4.1251214296466655e-05,0.14051510485822866
"('0026534000', 'ARMAS Center')",0.0018711574445335472,0.0,0.09922813718469006,7.708652871547541e-07,0.10718559269611012
"('0001057000', 'Language Technologies Institute')",0.0008019246190858059,0.0,0.12709791397703335,1.1128700602863082e-05,0.13793215119044286
"('0024232000', 'Ag & Bio Engineering')",0.0013365410318096765,0.0,0.12256331291157488,0.00047330922683252297,0.13244876462245275
"('5300013006', 'Unknown Dept')",0.0016038492381716118,0.0005346164127238706,0.10968101325202298,3.2289398961675715e-06,0.11741245533790318
"('4004149000', 'Office of the Provost')",0.0005346164127238706,0.0,0.10511084262875446,2.592302756251683e-07,0.11295467901899078
"('0014282000', 'Physics and PreEngineering')",0.0008019246190858059,0.0,0.08707492493540954,4.6156400485044715e-09,0.09226046698475726
"('0030510000', 'Biological Sciences')",0.0013365410318096765,0.010108824458557935,0.11456483126110124,1.541391422047872e-06,0.12366875375743636
"('0018697000', 'CP Tech Center')",0.0002673082063619353,0.0,0.08399568907449818,1.2839709113108792e-07,0.08912904245584927
"('0020990000', 'Physics, Astronomy and Geosciences')",0.0008019246190858059,0.0,0.11249097907144576,1.457566457477726e-06,0.12124984295841315
"('0011510000', 'Department of Mathematics & Statistics')",0.0005346164127238706,0.0,0.13511268419531927,0.0001083380839795976,0.148191043668891
"('0027110000', 'Operations Research and Information Engr')",0.0010692328254477412,0.0,0.11056924986699769,2.20130987171945e-06,0.11838638439008711
"('0027110000', 'Operations Res & Information Eng')",0.0010692328254477412,0.0,0.11056924986699769,2.20130987171945e-06,0.11838638439008711
"('0010579000', 'Unknown Dept')",0.0010692328254477412,0.0,0.11665835100411626,3.4616184858835686e-05,0.12587951633589992
"('0017400000', 'Unknown Dept')",0.0013365410318096765,0.0071338400716060265,0.11459290571586106,3.897180588073446e-06,0.12597466891214587
"('0038968000', 'School of Freshwater Sciences')",0.0005346164127238706,0.0,0.11945588657917425,0.00022555985486801512,0.12839092205217997
"('0026633000', 'Anthropology Department')",0.0002673082063619353,0.0,0.09027073982915883,3.9083878456502625e-08,0.09535751508721796
"('0096354000', 'Physics')",0.0010692328254477412,0.0,0.11264679313459801,0.0004072809808510078,0.12119242843156673
"('0026310000', 'Clement Price Institute on Ethnicity, Cu')",0.0010692328254477412,0.0,0.08136323104025751,6.249424286276048e-10,0.08627768457843508
"('4003554000', 'Molecular and Computational Biology')",0.0002673082063619353,0.0,0.12182889894812257,5.041482911826754e-05,0.1315396319859979
"('0013144000', 'Chemical & Biomolecular Engineering')",0.0005346164127238706,0.0,0.12662898148461565,0.001631797608297485,0.14013053204288672
"('0014480000', 'Biology')",0.0013365410318096765,0.0,0.12458787091617544,1.385144682708622e-05,0.13429941256371844
"('0030908000', 'Anthropology')",0.0016038492381716118,0.0005346164127238706,0.11579175436424415,0.0003239773393724867,0.12649611019286436
"('4025938000', 'LTI')",0.0010692328254477412,0.0,0.11290176550475328,1.7211392886449624e-06,0.12109196377086251
"('0038158001', 'Unknown Dept')",0.0008019246190858059,0.0,0.10479285134037368,4.509156057339722e-06,0.11104361429671467
"('0026393000', 'Electrical and Computer Engineering')",0.0008019246190858059,0.004024372963077805,0.10700800915331808,4.006471700754324e-07,0.11534597184450825
"('0013797000', 'Psychology Department')",0.0005346164127238706,0.0,0.10014723597911926,1.260936610670446e-07,0.10588248732066145
"('0036046000', 'Electrical & Computer Engineering')",0.0002673082063619353,0.0,0.11865643237756915,3.0248089935412004e-06,0.1274235722163689
"('0028373000', 'Industrial and System Engineering')",0.0008019246190858059,0.0,0.13976686841515357,0.00026567182816403343,0.1538534811590148
"('0036327000', 'Visualization')",0.0018711574445335472,0.0013641683502195545,0.12625291080287537,9.188991539777487e-05,0.13907028253459788
"('0033290000', 'Food Science')",0.0018711574445335472,0.0032961276191950228,0.13900345557908816,0.001095504880067902,0.1541283907663231
"('0032193000', 'Computer Science')",0.0010692328254477412,0.0,0.10350265604249669,2.46342344506598e-05,0.1093759434464111
"('0018093000', 'Luddy School')",0.0016038492381716118,0.0,0.12925851703406813,4.989821117393834e-05,0.14248405971069913
"('0037218000', 'Chemistry & Biochemistry Department')",0.0002673082063619353,0.0,0.0876584577172716,3.355586898481244e-07,0.0916919115540995
"('0015982001', 'Grady College of Journalism and Mass Com')",0.0010692328254477412,0.0,0.1005834431210174,1.3540084727628318e-05,0.10827751542811229
"('0010819000', 'School of Arts, Media and Engineering')",0.0008019246190858059,0.0,0.14278625954198473,0.08710694122263833,0.16114893823394238
"('0022210000', 'Department of Geosciences')",0.0013365410318096765,0.0016029915647822151,0.0931709503885236,2.9322930018201657e-07,0.0993248786013327
"('0010819000', 'SHESC')",0.0013365410318096765,0.0002672367335794856,0.142731781762686,0.09319700574936679,0.1611623036442605
"('0015354000', 'Physics')",0.0013365410318096765,0.0005346164127238706,0.12223492893318086,0.0004525113822120503,0.13278261318204337
"('0013482000', 'METALLURGICAL AND MATERIALS ENGINEERING')",0.0010692328254477412,0.0,0.1301941950302777,4.225970614692439e-05,0.14239034521359292
"('0032102000', 'Applied Economics')",0.0002673082063619353,0.0,0.1190074757435979,1.7880667921238512e-06,0.13155852689380193
"('0032235000', 'Department of Chemistry & Biochemistry')",0.0008019246190858059,0.0,0.12635952171857057,3.191362886498812e-05,0.13792991286623166
"('0014811000', 'Ocean and Mechanical')",0.0005346164127238706,0.0,0.0962587484561548,3.1425111055290758e-06,0.10300304825390935
"('0010512000', 'Biological Sciences')",0.0018711574445335472,0.0005346164127238706,0.1328432939171194,1.2408626536885413e-05,0.14784957976264218
"('0032565000', 'Centralized Research Facility - Office o')",0.0010692328254477412,0.0,0.10141234514353872,3.772387331174913e-07,0.1078778321901742
"('0035691000', 'Mechanical Engineering')",0.0021384656508954825,0.005016271658359041,0.1283229856275512,0.00031835021549250645,0.14033821322962378
"('0013706000', 'Geography')",0.0010692328254477412,0.00026716526079703586,0.11592092216162618,5.575844408655991e-06,0.1253903400054154
"('0029504000', 'Environmental, Earth and Geospatial Sci')",0.0002673082063619353,0.0,0.10140134984956496,1.0860937374640533e-06,0.10678148503871226
"('0025684000', 'Chemistry')",0.0013365410318096765,0.0016029915647822151,0.10900032050348184,4.892649877735263e-05,0.11897092316687419
"('0034256000', 'Unknown Dept')",0.006950013365410318,0.051137672302734694,0.1438569505864257,0.004134170455637044,0.1699405027091468
"('0096354000', 'Chemistry and Biochemistry')",0.0008019246190858059,0.0,0.12688668045992607,0.002563957480174535,0.13906152242807343
"('0080010000', 'Mechanical and Industrial Engr')",0.0002673082063619353,0.0,0.1488599737376149,0.0005224241344915952,0.16614713061833267
"('0013177000', 'Computer Science and Engineering')",0.0029403902699812884,0.004351269337774767,0.14986179545727676,0.0005396253951624718,0.16942576487130528
"('6250019409', 'Unknown Dept')",0.0008019246190858059,0.0,0.10231934795689514,1.316865829601151e-07,0.10756987752588196
"('0017392000', 'Physics and Astronomy')",0.0021384656508954825,0.0037371688487307145,0.13922072122362397,0.003267864313190282,0.15556252421729558
"('0022905000', 'Plant Biology')",0.0016038492381716118,0.010117401192451901,0.1350687800122757,0.0017312766584264717,0.15414440581842329
"('5300010311', 'Computing Sciences Research')",0.0010692328254477412,0.0,0.15953091684434967,0.0029547451571010105,0.18150808875194444
"('0015693000', 'Computer Science')",0.0010692328254477412,0.0015629091981756366,0.10774459260965986,7.240550452484233e-07,0.11688849994430328
"('0031708000', 'Pathobiology')",0.0013365410318096765,0.0,0.10942115885226242,1.9358619563709094e-06,0.11744158561802577
"('0030908000', 'Mathematics')",0.0013365410318096765,0.00569106074236159,0.13288104287287322,9.092119101883426e-05,0.14613586889920122
"('0036582000', 'LBJ School')",0.0005346164127238706,0.0,0.11734997961040183,2.423088664311313e-05,0.12602619538913687
"('5300001640', 'Science Production')",0.0013365410318096765,0.0,0.1301715438950555,0.0002020731562667471,0.14296864125322445
"('0032896000', 'Unknown Dept')",0.0016038492381716118,0.0005346164127238706,0.12237487733071639,2.6408152743285324e-05,0.13230494107245472
"('0035097000', 'Biomedical Engineering')",0.0010692328254477412,0.0,0.10761441762793775,1.2447741233891777e-05,0.11634451047854219
"('0025692000', 'Biological Sciences')",0.0008019246190858059,0.0,0.0871012805587893,1.9047468330245102e-08,0.09238603920465667
"('0036582000', 'Department of Geological Sciences')",0.0021384656508954825,0.0009189306610232065,0.13290464686656245,0.0001951646571289277,0.14630227616394473
"('0014316000', 'Electrical & Computer Engineering')",0.0002673082063619353,0.0,0.10656905195989061,1.7507847434465997e-06,0.11463812000275868
"('7203584118', 'Unknown Dept')",0.0008019246190858059,0.0,0.1327490152939924,0.00020786298037375474,0.1452700687751813
"('0034256000', 'Materials Science and Engineering')",0.0013365410318096765,0.0005346164127238706,0.12049085287297089,0.0003005074881314218,0.13375950583424984
"('0028381000', 'Department of Computer Science')",0.0008019246190858059,0.0,0.09978660976260337,8.211293353460896e-06,0.10531392772064388
"('0037549000', 'Department of Biomedical Sciences and Pa')",0.0010692328254477412,0.0,0.1422379377209992,0.0008450278296585327,0.15828017211337184
"('0023879000', 'Bio-based Products')",0.0010692328254477412,0.0,0.12529725022607763,0.0003146328142714946,0.13586406683486804
"('0028373000', 'Electrical Engineering')",0.0013365410318096765,5.026919032296644e-06,0.11838982246273616,3.5626005167935443e-05,0.12734024784593223
"('0030908001', 'Department of Sociology')",0.0010692328254477412,0.0,0.11361841705642957,0.0002758424052488992,0.12383681932186515
"('0029728000', 'Science, Technology, Engineering, and Ma')",0.0005346164127238706,0.0,0.12221096991277645,0.0002652974397152325,0.13555747508410396
"('0017756000', 'Dept. of Civil and Environmental Eng.')",0.0005346164127238706,0.0,0.13851964305550413,9.213935720114584e-05,0.1513585822692392
"('5300008543', 'Department of Civil & Environmental Eng.')",0.0010692328254477412,0.0,0.11468775866826084,1.3588020050608756e-06,0.12510265062390108
"('4100749000', 'Unknown Dept')",0.0013365410318096765,0.0010690898798828418,0.10288495915953906,3.32126381505963e-08,0.11027880368710016
"('0010835000', 'Linguistics')",0.0010692328254477412,0.0,0.11618373241405013,6.068566666834363e-05,0.12547656796854864
"('0032102000', 'School of Civil and Construction Enginee')",0.0010692328254477412,0.0,0.11542377587855975,0.00018782838057230524,0.12325022162278602
"('4012365000', 'ERC')",0.0005346164127238706,0.0,0.10902891116810445,4.959930377706163e-05,0.11882835879014784
"('0036756000', 'Civil and Environmental Engineering')",0.0002673082063619353,0.0,0.11628846751631955,1.3449062802023621e-05,0.1245559431370075
"('0013169000', 'ECE department')",0.0002673082063619353,0.0,0.12586212697237828,0.0016603615618113025,0.1365408429827748
"('0030908000', 'Chemical and Biomolecular Engineering')",0.0013365410318096765,0.0010689469343179423,0.10785953177257525,4.6079511874605986e-06,0.11500591181164982
"('4001863000', 'Unknown Dept')",0.0018711574445335472,0.0026702231523213645,0.12316860369407039,2.3657832246249107e-05,0.13431759490818326
"('0080010000', 'Chemical Engineering')",0.0013365410318096765,0.009049597822653155,0.11680404645934807,1.793143050537852e-05,0.1271119550955862
"('0096354000', 'ECE')",0.0008019246190858059,0.0,0.13312693498452013,0.0006400617773254866,0.14731300430625924
"('0096354000', 'Electrical and Computer Engineering')",0.0029403902699812884,0.03326723813794013,0.15120649933309083,0.011265142318578256,0.1702526519487223
"('0010835000', 'STEM Learning Center')",0.0008019246190858059,0.0,0.10002138923052244,5.516396330229827e-07,0.10754792236260921
"('0010520000', 'Department  of Physics')",0.0005346164127238706,0.0,0.11206974027141188,4.236911128149599e-06,0.12056425775677006
"('0014175000', 'Unknown Dept')",0.0018711574445335472,0.004271356424759887,0.13565160635288998,0.0020985302876517452,0.14973700261036962
"('0037549000', 'Commonwealth Cyber Initiative')",0.0024057738572574178,0.01934452209581355,0.15150042522172275,0.0023150540286553264,0.17011557230081614
"('0019893001', 'Chemistry')",0.0013365410318096765,0.0005346164127238706,0.11832616396761134,3.13829654326855e-06,0.12890560591913802
"('0035949000', 'Learning Technologies')",0.0008019246190858059,0.0,0.11112431308480618,2.3387796699745802e-06,0.12005345414055697
"('0032235000', 'Institute of Ecology and Evolution, Depa')",0.0002673082063619353,0.0,0.11063464837049743,2.004190221729745e-06,0.11767088540155005
"('0001057000', 'Department of Psychology')",0.0005346164127238706,0.0016029915647822154,0.12712382764713878,1.0141969163571895e-05,0.13824401076453183
"('0026294000', 'Biomedical Engineering')",0.0010692328254477412,0.0023937664298058657,0.09704280155642023,2.8565036251708727e-08,0.10434757058877688
"('0080010000', 'Mathematics, Statistics and Computer Sci')",0.0002673082063619353,0.0,0.11676758848866971,2.740647220098325e-06,0.12465230330978072
"('0032235000', 'Geological Sciences')",0.0024057738572574178,0.006398100539333616,0.10055640674139182,0.0001897287230219571,0.10900156405486655
"('0017392000', 'Center for Quantum Devices')",0.0005346164127238706,0.0,0.09192323758507998,5.506704679903677e-08,0.09738496875172707
"('6250021469', 'Unknown Dept')",0.0013365410318096765,0.0,0.10052398226521564,0.00018183542903314916,0.10815508806805375
"('0015354000', 'Electrical and Computer Engineering')",0.0024057738572574178,0.003909788045967174,0.12569297449853845,0.0016662830606020164,0.13816690782054794
"('0024232000', 'Bagley College of Engineering')",0.0008019246190858059,0.0,0.1330559112249253,0.0006351488939326618,0.14693431768057985
"('0038265000', 'Biology')",0.0010692328254477412,0.0,0.11152183633924578,0.0013851724943635842,0.12051683764972075
"('0026294000', 'Agricultural and Resource Management Age')",0.0010692328254477412,0.0,0.08136323104025751,6.249424286276048e-10,0.08627768457843508
"('0047415000', 'Department of Chemistry')",0.0008019246190858059,0.0,0.08137384986840102,6.231479697507651e-10,0.08635787704034366
"('0035295000', 'Engineering Technology and Management')",0.0008019246190858059,0.0,0.11260271498660566,0.0012280222133889023,0.12217970001827698
"('0013508000', 'Provost/Executive Vice President')",0.0013365410318096765,0.0,0.13644818907976802,0.00015899174541707416,0.150798246825183
"('0023879000', 'Earth & Environmental Science')",0.0005346164127238706,0.0,0.10404961895755688,6.531155235049031e-08,0.1116630269261277
"('0021055000', 'CSEE')",0.0013365410318096765,0.0005346164127238706,0.08359776536312849,7.712055697988546e-09,0.08894041821358313
"('0026211000', 'Mathematical Sciences')",0.0010692328254477412,0.0010689469343179423,0.12707632732090085,0.00040845192438189156,0.13821130341426216
"('0018101000', 'Engineering & Technology, IUPUI')",0.0016038492381716118,0.0011704037333186749,0.14334981032302563,0.0008376623234800418,0.16081483482893938
"('0038638000', 'Biological Science')",0.0010692328254477412,0.0,0.13179960541149943,9.566572729347181e-05,0.14308696849795574
"('0025361000', 'Department of Geosciences')",0.0010692328254477412,0.0,0.08682836253916676,7.505180693203695e-09,0.09234286148446592
"('0001024000', 'Mathematics, Applied Math & Statistics')",0.0010692328254477412,0.0,0.11282004885551435,2.076325476951163e-06,0.12058662397121639
"('0025684000', 'Dept. of Nat. Res. and Env. Sciences')",0.0005346164127238706,0.0,0.1096585079876887,8.50944332801424e-05,0.11892572778050782
"('0029728000', 'Dept of Marine, Earth & Atmospheric Sci')",0.0002673082063619353,0.0,0.12819985607073095,2.4613240364531453e-05,0.14005006998721467
"('0027078000', 'LDEO')",0.0008019246190858059,0.0010689469343179423,0.1105561794432295,3.865596478641086e-07,0.11968383428699214
"('0015693000', 'School of Mechanical Engineering')",0.0002673082063619353,0.0,0.12518823411304086,5.790492972566001e-05,0.13549862767632548
"('0014175000', 'Curriculum and Instruction')",0.0016038492381716118,0.0016029915647822151,0.11831867923334809,0.00022296130413701005,0.1312459324547154
"('0032102000', 'Dept. of Physics')",0.0010692328254477412,0.0,0.10427002619989965,6.923972229732912e-06,0.11160992810303988
"('0036046000', 'Chemical Engineering')",0.0010692328254477412,0.0,0.14464679271546224,0.000329391151383588,0.15912211025482922
"('0013706000', 'Electrical, Computer, & Energy Engr')",0.0010692328254477412,0.0,0.09648466716529544,4.825170897355927e-06,0.10324946483184318
"('0036582000', 'Computer Sciences')",0.0002673082063619353,0.0,0.10504591020133097,3.0969479288553666e-06,0.11106380267425461
"('0093336000', 'Management, Marketing, and Operations')",0.0010692328254477412,0.0,0.10023041474654378,3.3357626771302975e-07,0.10694934130262353
"('0026294000', 'Computer Science')",0.0008019246190858059,0.0005346164127238706,0.08846899683110249,3.590677931672374e-09,0.09380627009940302
"('4005518000', 'Policy and Global Affairs')",0.0002673082063619353,0.0,0.12156760796802392,4.439635179852883e-05,0.1306409598363232
"('0023341000', 'Unknown Dept')",0.0010692328254477412,0.0,0.11893558847841292,0.00036638963041804606,0.13209911508003355
"('0018259000', 'Agricultural and Biological Engineering')",0.0021384656508954825,0.007286725609334828,0.14003893089765665,0.00013709661857563724,0.1581516458987099
"('0020255000', 'Unknown Dept')",0.0010692328254477412,0.0,0.1045673076923077,1.0270455025020008e-06,0.11175487205240175
"('0026294000', 'WINLAB')",0.0005346164127238706,0.0,0.08846272080209984,3.551569559508715e-09,0.09358351326076812
"('0011080000', 'Economics')",0.0002673082063619353,0.0,0.08892745079395264,1.0072585092976624e-06,0.09375901632468983
"('0017749000', 'The Enrico Fermi Institute')",0.0002673082063619353,0.0,0.10496927523218945,2.466073489555324e-06,0.11098474122055704
"('0028373000', 'Cora P. Maloney College')",0.0005346164127238706,0.0,0.10356856122477229,6.386844615482017e-07,0.11006114906286286
"('0037549000', 'Geography')",0.0013365410318096765,0.0,0.1265690022668065,0.00021251812522828946,0.13784131903618746
"('0038000000', 'EECS')",0.0002673082063619353,0.0,0.11678581462866419,3.1931635788980802e-06,0.12487506014841565
"('0034256000', 'Civil Engineering')",0.0005346164127238706,0.0,0.11175504107542943,5.1960009629417954e-05,0.12178278144066516
"('0037986000', 'Human Centered Design & Engineering')",0.0016038492381716118,0.002136750304116689,0.11189543265635749,5.561199908407922e-06,0.12146888864940916
"('0019893001', 'Department of Electrical and Computer En')",0.0002673082063619353,0.0,0.11239972358260975,4.564131820133061e-07,0.12134245342815815
"('0014480000', 'COAS')",0.0010692328254477412,0.0,0.12197984935928788,2.4573767321305518e-05,0.13058697183596957
"('0031278000', 'Dept. of ECE and Electro-Optics')",0.0005346164127238706,0.0,0.12864954090580832,3.771010033606577e-05,0.13911000634784873
"('0032896000', 'Civil and Environmental Engineering')",0.0010692328254477412,0.0,0.10905433768656717,3.7762288864230742e-06,0.1159560582139469
"('0029751000', 'Educational Leadership')",0.0008019246190858059,0.0,0.13471857106845764,0.0019859409523924018,0.1540639114516419
"('0028035000', 'ISE')",0.0010692328254477412,0.0,0.08893590718904526,1.4228907167288295e-06,0.09420453000195965
"('0018408000', 'Civil & Environmental Eng & Earth Sci')",0.0018711574445335472,0.005440951480918426,0.1378560636768987,0.0015201140324383987,0.1516832364531555
"('0014175000', 'Allied Health Sciences')",0.0008019246190858059,0.0,0.13908097256301583,0.0007672451509125532,0.15398438844709902
"('0021055000', 'Provost')",0.0018711574445335472,1.9059408653257418e-07,0.09556287838148517,1.827065819688332e-07,0.10175892936328922
"('7203587508', 'Unknown Dept')",0.0002673082063619353,0.0,0.1393919069975408,0.00017076117218877746,0.15311051807289836
"('0023879000', 'Earth and Environmental Sciences')",0.0010692328254477412,0.0,0.12231885953439707,1.9185891510317887e-05,0.13358299808650664
"('0036616000', 'Biological Sciences')",0.0024057738572574178,0.016414346743120863,0.1255284880209382,5.260891940398358e-06,0.1413003885101626
"('0027078000', 'Deparment of Ocean and Climate Physics')",0.0008019246190858059,0.0,0.11074928209834513,3.689919109653877e-07,0.1198260708137343
"('0013177000', 'Structural Engineering')",0.0021384656508954825,0.0010689469343179423,0.13938152011922503,0.000212396754278637,0.1543985075347347
"('0037754000', 'Engineering')",0.0005346164127238706,0.0,0.12851695351953005,3.625399048385153e-05,0.14127019023417461
"('7203583552', 'Unknown Dept')",0.0002673082063619353,0.0,0.1005212811693895,4.710198081437906e-06,0.10745777026193568
"('0010835000', 'Department of Applied Mathematics')",0.0002673082063619353,0.0,0.09094445119727726,6.307326802605875e-08,0.09635278152769551
"('0500438000', 'Physical Sciences')",0.0002673082063619353,0.0,0.10204861016394337,5.656341040259216e-08,0.1093575283572439
"('0022194000', 'Data Intensive Studies Center')",0.0016038492381716118,0.0016029915647822151,0.133812640841292,0.00020677874431569834,0.1470420977201962
"('0021030000', 'Geographical Sciences')",0.0005346164127238706,0.0,0.1302758044295863,0.0014553847441601108,0.1419273933773455
"('0014894000', 'Department of Physics')",0.0021384656508954825,0.0026702231523213645,0.13782051282051283,0.00039214108711810736,0.15224968528544275
"('6250016062', 'Unknown Dept')",0.0010692328254477412,0.0,0.1285876327638951,1.0258695267376463e-05,0.14065194209186913
"('0016105000', 'Hawaii Institute of Marine Biology')",0.0013365410318096765,0.0005346164127238706,0.1112929136669245,2.7460943939219455e-06,0.11962791648362021
"('4200986000', 'Unknown Dept')",0.0005346164127238706,0.0,0.0798949256791389,5.682382762289912e-10,0.08391603892465337
"('0026278000', 'Department of Mathematics')",0.0005346164127238706,0.0,0.1142883328750802,4.799748649783252e-06,0.12444248906628537
"('0021782000', 'Chemistry')",0.0010692328254477412,0.005466064593011888,0.13237791932059448,0.0002912947146643989,0.1448757744833039
"('4000093000', 'Unknown Dept')",0.0005346164127238706,0.0005346164127238706,0.11191216943879383,3.494612811317479e-05,0.11929579667798378
"('0030908001', 'Physics')",0.0010692328254477412,0.0,0.11696838945689898,8.826426886292128e-06,0.12614958036781557
"('0022194000', 'Education')",0.0005346164127238706,0.0,0.10902891116810445,5.010227352006168e-05,0.11882835879014787
"('0013193000', 'Orthopaedic Surgery')",0.0010692328254477412,0.0,0.08393914916532041,1.1834365109390241e-07,0.08894988231277576
"('0036327060', 'Electrical and Computer Engineering')",0.005880780539962577,0.044087140430159044,0.14861751152073732,0.0006555996912539873,0.16782035571129425
"('0033290000', 'Communication Arts and Sciences')",0.0008019246190858059,0.0005346164127238706,0.11948259342063239,6.88982470424723e-06,0.12979793880826337
"('0029231000', 'Engineering')",0.0010692328254477412,0.0,0.11893558847841292,0.00036638963041804606,0.13209911508003355
"('0031849000', 'Economics')",0.0013365410318096765,0.0,0.09201367538185307,6.456358236253287e-07,0.09876736935327539
"('0033290000', 'College of Info Sciences & Tech')",0.0008019246190858059,0.0,0.10231934795689514,1.316865829601151e-07,0.10756987752588196
"('0017756000', ""Nat'l Ctr for Supercomputing Application"")",0.0005346164127238706,0.0,0.14200576981475857,0.0004318349550387152,0.15705180051257753
"('0033795000', 'Electrical and Computer Engineering')",0.0032076984763432237,0.02395938062457428,0.14085620693550208,0.0021822027629050497,0.15903404151847536
"('0015354000', 'Anthropology')",0.0016038492381716118,0.0005346164127238706,0.09896563582973995,1.993794317673406e-05,0.10705044152497495
"('0036582000', 'School of Information')",0.004276931301790965,0.006934861135530978,0.13294243070362474,0.00022437722312761095,0.14719330351848442
"('7203588096', 'Downtown Austin Community Court')",0.0005346164127238706,0.0,0.11734997961040183,2.423088664311313e-05,0.12602619538913687
"('0023291000', 'Department of Mathematics')",0.0008019246190858059,0.0,0.09842664702167965,1.1254663409888978e-06,0.10438943362842942
"('0014175000', 'Civil and Environmental Engineering')",0.0008019246190858059,0.0,0.10149213239283776,1.7256461098163508e-07,0.10746906069373345
"('0036962000', 'Graduate College')",0.0005346164127238706,0.0,0.10877529658060014,4.897228881784486e-07,0.11715401007348644
"('0036756000', 'Scientific Computing and Imaging (SCI) I')",0.0002673082063619353,0.0,0.09624636599861072,2.8119157059453246e-06,0.1026911886798204
"('0033290000', 'Aerospace Engineering')",0.0005346164127238706,0.0,0.13941268539912052,0.000261872146033626,0.15337782627926025
"('0014175000', 'Dept. of Molecular and Cell Biology')",0.0018711574445335472,0.002136750304116689,0.14306474434968833,0.09529501805879965,0.16237601019076575
"('0033290000', 'Comp Sci & Engr Dept, and Elec Engr Dept')",0.0005346164127238706,0.0,0.1393971010172523,0.00018914876700945892,0.15324417217607933
"('0035352000', 'Institute of Software Integrated Systems')",0.0008019246190858059,0.0,0.10671192629146818,2.940404233649551e-05,0.11526871046942061
"('0011692000', 'Claremont Evaluation Center')",0.0010692328254477412,0.0,0.07168039854378233,9.967178949953792e-11,0.07544250326346517
"('0036756000', 'Physics and Astronomy')",0.0005346164127238706,0.0,0.06689076832299247,9.656342160826882e-12,0.06973002475376988
"('0013128000', 'School of Information')",0.0005346164127238706,0.0,0.1154166538117422,1.9423762098256833e-06,0.12445570760396277
"('0026211000', 'Unknown Dept')",0.0016038492381716118,0.0010690898798828418,0.08136677034169258,6.362924045919083e-10,0.08654499278479699
"('0016162000', 'Biological Sciences')",0.0008019246190858059,0.0,0.10314878129480534,3.280721500092773e-06,0.11021025298101264
"('0036327060', 'Industrial and Systems Engineering')",0.0021384656508954825,0.0021028147468641124,0.13183676346208062,0.00014020433287229917,0.1453393320273842
"('0036616000', 'Geological Sciences')",0.0013365410318096765,0.0021134789632982144,0.11536682394301045,5.00477911050778e-06,0.12460455209051785
"('6250015963', 'Advanced Manufacturing')",0.0005346164127238706,0.0,0.12665041641275646,0.0008109547914307258,0.13779536157891414
"('0013508000', 'Agricultural and Resource Economics')",0.0008019246190858059,0.0,0.13041204768876805,9.588778088963111e-05,0.14254328176611714
"('7203592163', 'Unknown Dept')",0.0002673082063619353,0.0,0.1139333028780265,7.037837113096902e-07,0.121607604666233
"('0028381000', 'Chemistry  and Physics')",0.0002673082063619353,0.0,0.0833184855233853,9.46825667757948e-08,0.08741186850506735
"('0038950000', 'Department of Psychology')",0.0005346164127238706,0.0,0.11171833004837843,3.1188067774167016e-05,0.11880228901007535
"('0038950000', 'Nelson Inst Ctr for Sust & Global Envir')",0.0010692328254477412,0.0,0.12256732848437193,0.0006707532644088046,0.13240421325472576
"('0015354000', 'Mathematics')",0.0010692328254477412,0.0,0.13061694773227192,0.0001762296858328213,0.14385672573971617
"('0024109000', 'Department of Chemistry, Physics and At')",0.0008019246190858059,0.0,0.08362018865394072,2.48979790593781e-06,0.08816402372773464
"('0037549000', 'Physics')",0.0021384656508954825,0.05130668026056201,0.1531941031941032,0.010499337920800012,0.17335541734098206
"('0032102000', 'Department of Biomedical Sciences')",0.0010692328254477412,0.0,0.1211973952765089,2.087841145322985e-06,0.1329389698640607
"('0026930000', 'Psychology')",0.0002673082063619353,0.0,0.12489566988281642,0.009905223343081674,0.13593349127631443
"('0025205000', 'Biochemistry and Molecuar Biophysics')",0.0005346164127238706,0.0,0.12663326788978405,0.0016333208092455924,0.14017508341061372
"('7203580922', 'Unknown Dept')",0.0002673082063619353,0.0,0.09554823385181212,8.521108782598433e-08,0.10095700474420348
"('0019281000', 'Mechanical and Nuclear Engineering')",0.0010692328254477412,0.0,0.1007758202683045,2.2922284391107074e-05,0.10903573727695151
"('0027078000', 'School of International and Public Affai')",0.0002673082063619353,0.0,0.11757865292139422,1.0645203115684068e-06,0.12798224775546152
"('0038562000', 'Anthropology')",0.0002673082063619353,0.0,0.10884492289787605,6.658429412736363e-07,0.11593530689006737
"('P270071074', 'Unknown Dept')",0.0008019246190858059,0.0,0.10796536796536796,3.827519200158879e-06,0.11493589065101167
"('0023606000', 'Science, Engineering and Technology')",0.0005346164127238706,0.0,0.11683322923173017,1.6068604730767292e-05,0.12464679095593237
"('0023259000', 'Educational Studies')",0.0013365410318096765,0.0010690898798828418,0.10033256450142145,3.3046065141211127e-07,0.10891912354866047
"('0036582000', 'Mechanical Engineering')",0.0037423148890670943,0.01818543377208826,0.14691905902682323,0.0006154538227211088,0.1664032008859592
"('0037457000', 'Astronomy')",0.0013365410318096765,0.0005346164127238706,0.10470779220779221,3.866530244086091e-06,0.11083712046598686
"('0036327060', 'Unknown Dept')",0.003475006682705159,0.012455786376914392,0.13746095902994673,0.00017583224019887162,0.15344017635517282
"('0021782000', 'Mathematics')",0.0008019246190858059,0.0,0.0984214680347277,9.856217052911057e-07,0.10433151685038433
"('0010819000', 'Electrical Computer and Energy Engineeri')",0.0010692328254477412,0.0,0.1456832431169438,0.09093437031600175,0.1642271766369601
"('0037457000', 'Chemistry & Astronomy')",0.0005346164127238706,0.0,0.10470486159702203,3.4912015041753897e-06,0.11070346636280588
"('0096354000', 'Civil and Environmental Engineering')",0.0013365410318096765,0.010054109912375075,0.13954789615040286,0.009329554747229072,0.15489321965865713
"('0036327000', 'Department of Atmospheric Sciences')",0.0002673082063619353,0.0,0.1205607476635514,3.243923996740203e-05,0.13130488827160872
"('0013177000', 'Computer Science & Engineering')",0.0010692328254477412,0.0,0.13937113478876387,0.00018945496948232217,0.15413119932837277
"('4070660000', 'Unknown Dept')",0.0010692328254477412,0.0,0.11282685405796665,7.492205921806511e-06,0.1206737934726277
"('0011387001', 'Department of Statistics, College of Sci')",0.0010692328254477412,0.0,0.11411750350802269,3.0825138997984114e-06,0.12344943093315032
"('0013128000', 'Mechanical Engineering')",0.0013365410318096765,0.0005346164127238706,0.08376623376623377,3.4214884407788953e-06,0.08882565678712231
"('P270075775', 'Unknown Dept')",0.0005346164127238706,0.0,0.10444469261265285,8.681278359306296e-07,0.11122561086800195
"('0013706000', 'Unknown Dept')",0.00400962309542903,0.013852989856820538,0.12330663502422624,4.3627819682560536e-05,0.1349802674381662
"('4012365000', 'CSR')",0.0005346164127238706,0.0,0.10902891116810445,4.959930377706163e-05,0.11882835879014786
"('0021782000', 'CEE + MechE + IMES')",0.0008019246190858059,0.0,0.11704524122395345,0.00017962097218192073,0.12978504704234634
"('0037986000', 'Aeronautics and Astronautics')",0.0005346164127238706,0.0,0.11860376640669583,5.146644509377941e-05,0.12761570240047984
"('6250004721', 'Chemistry & Biochemistry')",0.0008019246190858059,0.0,0.11616569370264564,4.6382864545989124e-05,0.12411251026456897
"('0027110000', 'Unknown Dept')",0.0024057738572574178,0.00749909058443063,0.12429810280094361,1.6005405715238532e-05,0.13605567109623942
"('7203584826', 'Unknown Dept')",0.0002673082063619353,0.0,0.10903526668609735,2.56668566374145e-06,0.11542144180122306
"('0018259000', 'Dept. of Earth & Atmospheric Sciences')",0.0008019246190858059,0.0,0.13914822391668216,0.003057725370478773,0.1545378427595749
"('0013508000', 'Civil & Environmental Engineering')",0.0005346164127238706,0.0005346164127238706,0.13848374916709855,0.0001711503032544038,0.1521579388424528
"('0013177000', 'Computer Science')",0.0016038492381716118,1.1159964459648404e-05,0.13788655044045556,0.00026312696605117116,0.15397229129055526
"('0035352000', 'Physics & Astronomy')",0.002673082063619353,0.0032041248372207377,0.09652698936938797,6.018711041241772e-06,0.10441607421817992
"('0020081000', 'Biomedical Engineering')",0.0016038492381716118,0.0,0.12052967330369224,7.65724617258188e-05,0.13303494605147986
"('0011544000', 'Physics and Astronomy')",0.0008019246190858059,0.0,0.10155550126231778,3.2566330571629143e-06,0.10868290881132711
"('0014340000', 'School of Education')",0.0016038492381716118,0.0005346164127238706,0.1301760734915443,0.00020383362893308736,0.14310229535640545
"('0013151000', 'Political Science')",0.0005346164127238706,0.0,0.09476884103863205,1.9406296006116499e-07,0.1003567364355527
"('0022210000', 'Educational Policy, Research & Admin.')",0.0008019246190858059,0.0,0.10425259168431612,8.781056059679428e-06,0.11135153017022334
"('0114629000', 'Unknown Dept')",0.0024057738572574178,0.00639952999498261,0.10502231829538755,4.077502362716201e-07,0.1149294010052699
"('0018259000', 'Material Science and Engineering')",0.0008019246190858059,0.0,0.13917410714285713,0.0030776515010961,0.15476059959820987
"('0028381000', 'Computer Science')",0.0018711574445335472,0.0010690898798828418,0.11084444444444444,7.63823001855973e-05,0.11920426242799838
"('0038950000', 'Department of Geoscience')",0.0005346164127238706,0.0005346164127238706,0.11941013118835583,0.00017768634890907186,0.12805233165745483
"('0013177000', 'San Diego Supercomputer Center (SDSC)')",0.0005346164127238706,0.0,0.14031731742995388,0.00015583812805832243,0.15560801411713635
"('0013482000', 'Division of Engineering')",0.0010692328254477412,0.0,0.12027005304613406,2.594388488264826e-05,0.13037903151044733
"('0036582000', 'Civil, Architectural & Envir Engineering')",0.0002673082063619353,0.0,0.11365293474298213,9.407530507904528e-06,0.12159919511209584
"('0014316000', 'Biomedical Engineering')",0.0002673082063619353,0.0,0.10656905195989061,1.7507847434465997e-06,0.11463812000275868
"('0011536000', 'Biology')",0.0010692328254477412,0.0010689469343179423,0.10909568108249978,1.621920889543718e-06,0.11999587016497429
"('0034140040', 'Graduate School of Oceanography')",0.0005346164127238706,0.0,0.125284661754856,0.010365266205565653,0.13713934829612484
"('0014373000', 'Biology')",0.0010692328254477412,0.0,0.09304118583366494,1.87819383558701e-05,0.09922949539549397
"('0001289000', 'Department of Bioengineering')",0.0008019246190858059,0.0,0.07818018432216672,1.0517198652918633e-08,0.08385655490226555
"('0029744000', 'Culture, Curriculum and Teacher Educatio')",0.0008019246190858059,0.0,0.14238952536824878,0.0007314995479287568,0.1584054544323899
"('0021998000', 'Mechanical Industrial Engineering')",0.0002673082063619353,0.0,0.10064297436173361,4.17887842362096e-07,0.10726640697145662
"('0027110000', 'Materials Science and Engineering')",0.0005346164127238706,0.0005346164127238706,0.11056598197133147,1.5729052211428064e-06,0.11816362755145217
"('0010090000', 'Curriculum and Teaching')",0.0005346164127238706,0.0,0.1249498997995992,0.011736097010298568,0.1364369217316294
"('6250004721', 'Chemistry and Chemical Bioloogy')",0.0002673082063619353,0.0,0.1095364975258396,7.688199762227327e-06,0.11578568976854176
"('0034660000', 'Technology Services')",0.0013365410318096765,0.0,0.09866807332190426,3.5157638460057086e-07,0.10497255690102308
"('0040519000', 'Unknown Dept')",0.0010692328254477412,0.0,0.11290176550475328,1.7211392886449624e-06,0.12109196377086252
"('0010819000', 'SFIS')",0.0005346164127238706,0.0,0.12567608425437565,0.015608345296538356,0.13767692515687727
"('0018697000', 'Statistics')",0.0008019246190858059,0.0,0.1120126953709803,7.702677730041508e-05,0.12322019949797099
"('6250027672', 'Unknown Dept')",0.0008019246190858059,0.0,0.1301715438950555,0.004099856591049843,0.14180250490041169
"('0016915000', 'Mechanical, Materials & Aerospace Eng')",0.0005346164127238706,0.0,0.10108078897595245,5.6890809560984586e-08,0.10767264000599738
"('0020776000', 'Political Science')",0.0005346164127238706,0.0,0.12399734835929732,0.0005818025509341015,0.13436248768693757
"('0018697000', 'World Languages and Cultures')",0.0005346164127238706,0.0,0.10069444444444445,9.325943788616152e-06,0.10847343537142595
"('0022335000', 'Department of Civil & Env. Eng.')",0.0008019246190858059,0.0,0.10803084120246037,5.578567565476265e-05,0.11755709784629215
"('0021030000', 'Center for Global Sustainability, School')",0.0013365410318096765,0.0,0.1302758044295863,0.0021024161989890455,0.14219470158370742
"('0017756000', 'Computer Science')",0.0024057738572574178,0.0010693042982301908,0.1085732528442071,4.664602284228377e-05,0.11651389012985576
"('0010504000', 'Office of Information Technology')",0.0018711574445335472,0.0,0.1390137861840883,0.00022452757681097645,0.1553589694492574
"('0010637000', 'Geophysical Institute')",0.0048115477145148355,0.023795840101630432,0.12745732683724575,2.1935401776757107e-05,0.14468404263559723
"('0034140000', 'Unknown Dept')",0.0005346164127238706,0.0,0.125284661754856,0.010365266205565653,0.13713934829612484
"('0037549000', 'ECE')",0.0016038492381716118,0.0010689469343179423,0.14272633627103123,0.0007663344507629694,0.15875580580873286
"('0037549000', 'Electrical and Computer Engineering')",0.0048115477145148355,0.04980566970773293,0.15636363636363637,0.0014031255956086688,0.17790880671794873
"('0018093000', 'VPIT')",0.0008019246190858059,8.683429487901997e-05,0.14361947174447173,0.0006440272759166376,0.16041196317506554
"('0014282000', 'Physical and Computational Sciences')",0.0008019246190858059,0.0,0.08707492493540954,4.6156400485044715e-09,0.09226046698475726
"('0022905000', 'Computer Science & Engineering (CSE)')",0.0002673082063619353,0.0,0.13165581559035722,0.0017985295446077648,0.1473775753399792
"('0037986000', 'Applied Mathematics')",0.0013365410318096765,0.009268687095915414,0.1317346291992394,4.4341205044366083e-05,0.14654276337964298
"('0080010000', 'Medicine')",0.0008019246190858059,0.0,0.11679310667790578,4.017435948172434e-06,0.1251423683547776
"('0014696000', 'Mechanical and Civil Engineering')",0.0005346164127238706,0.0,0.12274427455869807,1.0993620214228208e-05,0.13273042243441235
"('0022905000', 'Drew Laboratory - Natural Sciences')",0.0010692328254477412,0.0,0.13230301315603338,0.001802776258817837,0.15036881692384332
"('0026161000', 'Mathematics')",0.0005346164127238706,0.0,0.10619695120220285,3.601646683891254e-05,0.11489897002362086
"('0014175000', 'Natural Resources and the Environment')",0.0008019246190858059,0.0,0.10580948071048761,2.79283998695703e-05,0.11453383198338733
"('0038638000', 'College of Engineering')",0.0016038492381716118,0.010249822085843081,0.1454283937179288,0.00032701208134475163,0.16109987906299023
"('0016105000', 'Information Technology Services')",0.0018711574445335472,1.9059408653257418e-07,0.12101313320825516,2.0600598037430107e-05,0.13121153853440798
"('0037986000', 'Genome Sciences')",0.0002673082063619353,0.0,0.11550930929076482,7.2207970260767e-06,0.12457164723473793
"('0013177010', 'SIO - CASPO')",0.0010692328254477412,0.0,0.1288400606144097,5.855684426352411e-05,0.14104972127095244
"('0023879000', 'School of Physics and Astronomy')",0.0008019246190858059,0.0014863659354141853,0.12357138138336526,7.25753381586111e-06,0.13430597595121913
"('0038000000', 'Pharmaceutical Sciences')",0.0010692328254477412,0.0,0.08362018865394072,6.702524176174029e-09,0.08893150794003775
"('0016105000', 'Department of Mechanical Engineering')",0.0002673082063619353,0.0,0.11131609486118964,2.258914476310864e-06,0.11956999970557514
"('0018259000', 'Engineering Education')",0.003475006682705159,0.04107289982575756,0.15123094958968347,0.003841590761470145,0.1736392212735433
"('0025320000', 'Computer Science')",0.0013365410318096765,2.1441834734914594e-07,0.1103312000471879,5.158317400577417e-06,0.11791505032388366
"('0013201000', 'Media Arts and Technology')",0.0005346164127238706,0.0,0.11876190476190476,2.0929276131082954e-05,0.12749126364378863
"('0031849000', 'School of Geology and Geophysics')",0.0013365410318096765,0.0,0.09201367538185307,6.456358236253287e-07,0.09876736935327539
"('0014316000', 'Dept of Civil & Environ Engineering')",0.0008019246190858059,0.0,0.10658726992991054,2.1873716701417543e-06,0.11508363368002858
"('0020107000', 'Unknown Dept')",0.004276931301790965,0.023888554042557315,0.10517881241565452,6.2400110605501245e-06,0.11601955573781954
"('0001966000', 'Rist Institute for Sustainability and En')",0.0005346164127238706,0.0,0.08223423898707465,5.145949615999301e-09,0.0859804544657283
"('0001966000', 'NERVE Center')",0.0008019246190858059,0.0,0.09752346193952033,7.061511378767538e-06,0.1046082333018959
"('0013201000', 'Environmental Studies')",0.0008019246190858059,0.0,0.08420365535248042,7.706197990160184e-09,0.08857945894956581
"('0011510001', 'School of Teacher Education')",0.0010692328254477412,0.0,0.13424480568414254,0.00012002941500914216,0.1470562522373873
"('0036442000', 'Hospitality & Retail Mgt')",0.0005346164127238706,0.0,0.10898126838931453,4.699938188200199e-05,0.11843630675415032
"('0023879000', 'Dept. of Electrical & Comp. Engineering')",0.0005346164127238706,0.0,0.11656384370910451,6.728351666377212e-06,0.12567486224839722
"('0034140000', 'Oceanography Department')",0.0002673082063619353,0.0,0.1252804661598741,0.009359370687358032,0.13700569419294387
"('0039404000', 'Science and Tecnology')",0.0010692328254477412,0.0,0.0834299732381802,3.3122225394932213e-09,0.08859553982846669
"('0028381000', 'Chemistry')",0.0010692328254477412,0.0005346164127238706,0.1108313088819103,6.066327035511909e-05,0.11875874875072852
"('0037457000', 'Darden School of Business')",0.0002673082063619353,0.0,0.11731318009344915,1.8170905626127697e-06,0.12797967554252532
"('0036616000', 'Department of Chemistry')",0.0010692328254477412,0.0,0.08951473966309341,5.9111282217208275e-08,0.09490194887861253
"('0021030000', 'Linguistics')",0.0008019246190858059,0.0,0.13027126789009993,0.001616998183881063,0.1419719447450725
"('0034256000', 'Teaching & Learning')",0.0005346164127238706,0.0,0.1261379728909569,0.0005154058840927805,0.1404021551675923
"('0013201000', 'Electrical & Computer Engineering')",0.0008019246190858059,0.0,0.08419607490097228,6.099670621243718e-09,0.08822304800774991
"('0037457000', 'Engineering Systems & Environment')",0.0005346164127238706,0.0,0.10518176961790424,4.6564562773552806e-07,0.11321488022145344
"('6250004721', 'School of Engineering')",0.0013365410318096765,0.0,0.11616569370264564,5.0893791770683e-05,0.12411251026456897
"('0037986000', 'Electrical and Computer Engineering')",0.0010692328254477412,0.01756538815438672,0.13716862831371687,5.709372263918558e-05,0.15222651023573266
"('0036046000', 'Kinder Institute for Urban Research')",0.0018711574445335472,0.0034880432153275433,0.1358289158376298,0.00014724485608026613,0.1504022070180858
"('0036327060', 'Civil Engineering')",0.0016038492381716118,0.002136750304116689,0.1077135700095016,3.8019529683145197e-06,0.11623507624085386
"('0018259000', 'Aeronautics and Astronautics')",0.0005346164127238706,0.0,0.12219899392434834,0.00034865380191896947,0.1322212659486833
"('5300004653', 'HARTE Research Institute')",0.0010692328254477412,0.0,0.1077259769055778,8.221332347165318e-06,0.11629744815567165
"('4000659000', 'Facilitation and Business Development')",0.0002673082063619353,0.0,0.08787053131018932,1.814767483392797e-08,0.09168713708289712
"('0018093000', 'Ctr for Research on Learning & Technolog')",0.0008019246190858059,0.0,0.14525898889492894,0.0011638867552326313,0.16304159244864014
"('0014894000', 'Department of Biology')",0.0010692328254477412,0.0,0.12056463308517838,3.481227691067741e-05,0.13016736337706658
"('0010504000', 'DAES/GWCAES/CEP')",0.0005346164127238706,0.0,0.12206342991386061,2.48714492459015e-05,0.13234652405532554
"('0025205000', 'Department of Physics')",0.0024057738572574178,0.0021391327301983477,0.14384035681328822,0.020248136570797926,0.16113177675928267
"('0023259000', 'Naval Architecture and Marine Engineerin')",0.0002673082063619353,0.0,0.12188049781716297,1.5490980094726273e-05,0.13016092689957043
"('0028944000', 'Dept. of Biomedical Engineering')",0.0008019246190858059,0.0,0.12562544074683502,2.8935184875891756e-05,0.13710740011509015
"('0010553000', 'Department of Computer Science')",0.0008019246190858059,0.0,0.12607845780533836,2.9806867882050693e-05,0.1382554734456898
"('0039446000', 'Department of Physics')",0.0016038492381716118,0.0010689469343179423,0.09651702786377708,5.0180112890440125e-06,0.10389545966388454
"('6250009361', 'Population Health')",0.0010692328254477412,0.0,0.10457023060796646,1.0364413632081867e-06,0.11179942342012872
"('0032102000', 'Engineering')",0.0005346164127238706,0.0005346164127238706,0.11828874976285335,1.0673233059762067e-05,0.1272437301193312
"('0015354000', 'Rinker School of Construction Mgmt')",0.0008019246190858059,0.0,0.1276443291933943,0.01227449340721213,0.14040608734874993
"('0037986000', 'Biostatistics')",0.0002673082063619353,0.0,0.1081088891457635,9.61780239515329e-07,0.11704725873600988
"('0013144000', 'Electrical Engineering and Computer Scie')",0.0005346164127238706,0.0005346164127238705,0.11943681757231339,5.198579389859653e-06,0.12866823673629996
"('0033290000', 'Dept. of Computer Science & Engineering')",0.0008019246190858059,0.0005345629616254425,0.14170991325428994,0.0007569049083523638,0.15610908627147696
"('0033712000', 'Geography & Urban Studies')",0.0010692328254477412,0.0,0.10480459448101975,2.6724896410988028e-05,0.11376972866197016
"('5300001194', 'Office of Faculty Affairs')",0.0016038492381716118,0.0,0.11921606118546844,2.9827263015675954e-06,0.1309949092915208
"('0010611000', 'Unknown Dept')",0.0005346164127238706,0.0,0.1019040614529705,4.0379033575462784e-08,0.10917395610528967
"('0014456000', 'Communication, Culture, and Technology')",0.0008019246190858059,0.0,0.09888454218650877,2.7434124247271277e-08,0.10490064206072267
"('0013151000', 'Electrical and Computer Engineering')",0.0002673082063619353,0.0,0.10443886097152429,7.824003457404868e-07,0.111047405397094
"('0018408000', 'Kaneb Center for Teaching Excellence')",0.0008019246190858059,0.0,0.11249097907144576,1.457566457477726e-06,0.12124984295841315
"('0035295000', 'Department of Biology')",0.0008019246190858059,0.0,0.11260271498660566,0.0012280222133889023,0.12217970001827698
"('0036582000', 'Environmental Science Institute')",0.0008019246190858059,0.0,0.1188864524740204,3.149963739460583e-05,0.12815179039765107
"('0013284000', 'ITS')",0.0002673082063619353,0.0,0.10052398226521564,4.609463732162599e-06,0.1074399497148449
"('0036616000', 'Computer Science Department')",0.0002673082063619353,0.0,0.10419161676646707,2.064600420921472e-07,0.1103822186072514
"('0001057000', 'Electrical and Computer Engineering')",0.0021384656508954825,0.03424551637015538,0.1477838350319981,0.00019834744097201216,0.16537381579482602
"('6250037167', 'Unknown Dept')",0.0002673082063619353,0.0,0.11373240507098775,3.090029064500216e-05,0.12142010380653052
"('0037275000', 'MTSB Division - Engineering')",0.0002673082063619353,0.0,0.13850425768233987,0.0005386338763798049,0.15281613972472066
"('0021998000', 'Civil & Environmental Eng.')",0.0005346164127238706,0.0,0.1313691751237841,0.00010384529268009958,0.14306903520015102
"('0037549000', 'Materials Science and Engineering')",0.0005346164127238706,0.0,0.0960708782742681,3.0483944311052897e-06,0.10146394479974509
"('0013508000', 'Microbiology, Immunology, Pathology')",0.0002673082063619353,0.0,0.11537749814951888,8.475960604690193e-06,0.12342060161402452
"('0013219000', 'Coastal Science and Policy Program')",0.0002673082063619353,0.0,0.09579289683250966,4.2684000930887846e-07,0.10172535402359265
"('0017756000', 'NCSA')",0.004276931301790965,0.023445691574078737,0.16072349200893624,0.0017425168158432605,0.18421924198434925
"('0021303000', 'Rafik B. Hariri Institute')",0.0013365410318096765,0.00026759409749173415,0.10031373179953343,3.596129205001224e-07,0.10869636671002551
"('0032102000', 'College of Oceanic & Atmospheric Sc.')",0.0008019246190858059,0.0,0.12341646872525733,5.265093744905221e-06,0.13736842061468257
"('0013144000', 'Earth System Science')",0.0010692328254477412,0.0,0.1285743744844652,8.788895537666353e-06,0.14034008251778027
"('0037986000', 'Unknown Dept')",0.0090884790163058,0.05539901716467413,0.1379017988793866,8.119401497336851e-05,0.16203080417842852
"('0013151000', 'Biostatistics')",0.0005346164127238706,0.0,0.11802006435737271,5.385213834011689e-06,0.1278587914394969
"('0013508000', 'Chemical and Biological Engineering')",0.0002673082063619353,0.0,0.13324073084731275,8.26020051955551e-05,0.14600213023298467
"('0020107000', 'College of Science')",0.0018711574445335472,0.004801255633842076,0.09521749090076102,7.387513439063175e-07,0.10301716883748882
"('0010637000', 'Anthropology 405A Bunnell Building')",0.0008019246190858059,0.0,0.08452709114736319,5.896124921664481e-09,0.08926239857204724
"('0013177010', 'Unknown Dept')",0.0018711574445335472,0.012751887953548409,0.11167830915278525,0.0011291330413375942,0.12174560680150516
"('0036442000', 'Computer Science')",0.0018711574445335472,0.0005346164127238706,0.12226688891067752,0.0003951257281520248,0.13638167538705326
"('0018093000', 'CEEM')",0.0005346164127238706,0.0,0.12143344045184536,2.124486133513352e-05,0.13031182405609928
"('0022905000', 'School of Planning Design Construction')",0.0005346164127238706,0.0,0.1322889776866226,0.0014052275028223304,0.15005695734975438
"('0017582000', 'Geography')",0.0010692328254477412,0.0,0.09103961841721016,3.964913681815144e-08,0.09646824643584509
"('0034256000', 'Sociology')",0.0008019246190858059,0.0,0.11179511699488988,0.00010096121539724104,0.12220156429729889
"('0010819000', 'School of Sustainable Engineering and th')",0.0018711574445335472,0.007773453849431248,0.1447867482003251,0.10098944968838612,0.16429306236844354
"('0010827000', 'Unknown Dept')",0.0005346164127238706,0.0005346164127238706,0.10025190266909637,3.481209752165833e-06,0.10569664828697493
"('0025684000', 'Physiology and Cell Biology')",0.0010692328254477412,0.0,0.12290557855312438,0.0007102975178650498,0.13548563882895698
"('6250021099', 'College of Science and Mathematics')",0.0010692328254477412,0.0,0.13475253944240329,0.0022129950141067402,0.15439804670959426
"('0019281000', 'Biological and Agricultural Engineering')",0.0018711574445335472,0.0,0.08663131324826899,3.687490745235685e-08,0.09200104416893955
"('6250002236', 'Workforce Solutions Center for Miltary a')",0.0010692328254477412,0.0,0.11401316591490918,5.446430224625879e-06,0.12150886087203211
"('0047415000', 'Chemistry Department')",0.0008019246190858059,0.0,0.08137384986840102,6.231479697507651e-10,0.08635787704034366
"('0010819000', 'School of Human Evolution and Social Cha')",0.0013365410318096765,0.0005346164127238706,0.142731781762686,0.09239001691206715,0.1611623036442605
"('0037549000', 'Mathematics')",0.00400962309542903,0.010582836106962047,0.14489329563499748,0.001569138413891967,0.1637264128843917
"('7203582078', 'Electrical and Computer Engineering')",0.0021384656508954825,0.002136750304116689,0.12438489160792658,0.0003274849565941953,0.13546730898374876
"('0037986000', 'Materials Science and Engineering')",0.0005346164127238706,0.0,0.11860376640669583,5.146644509377941e-05,0.12761570240047984
"('0013151000', 'Unknown Dept')",0.002673082063619353,0.011372895955631655,0.13380306877928394,4.970616675999754e-05,0.14945442964617855
"('P270045359', 'Unknown Dept')",0.0008019246190858059,0.0,0.08362018865394072,2.48979790593781e-06,0.08816402372773464
"('6250020070', 'Biology')",0.0002673082063619353,0.0,0.1095364975258396,7.688199762227327e-06,0.11578568976854176
"('0029207000', 'Department of Statistical Science')",0.0010692328254477412,0.0006452371915465544,0.12706769471145682,2.484876381698764e-05,0.13785508167023924
"('0014175000', 'Dept. of Ecology & Evolutionary Biology')",0.0008019246190858059,0.0,0.12517566753663922,0.011625553916455138,0.13697896337230772
"('0013177000', 'Halicioglu Data Science Institute')",0.0018711574445335472,0.0007955519059684518,0.15429349170997278,0.0005625610275497545,0.1757168563869359
"('0001057000', 'Unknown Dept')",0.0090884790163058,0.05193279070951475,0.1455981941309255,0.00010306578439938661,0.16536754069833492
"('4003554000', 'Mechanical Engineering')",0.0002673082063619353,0.0,0.1008355795148248,7.281800362110763e-06,0.10896190929614678
"('0018929000', 'Business Analytics')",0.0008019246190858059,0.0010689469343179423,0.12580287184315836,0.00046136536491530775,0.1410966561946564
"('0037549000', 'Forestry')",0.0010692328254477412,0.0,0.14319617224880382,0.0008973704719220146,0.15961891178410847
"('4062600000', 'The COMET Program')",0.0016038492381716118,0.00035302794841025556,0.13276786031160165,0.00024000851869705208,0.14635117692101568
"('0010835000', 'Architecture')",0.0016038492381716118,0.0,0.1204171629059774,3.605125289661129e-05,0.13122741684159123
"('0028365000', 'Unknown Dept')",0.0010692328254477412,0.0016029915647822151,0.09327781379344736,2.1907034345724716e-08,0.09848600414062621
"('0039404000', 'Department of Natural Sciences')",0.0010692328254477412,0.0,0.0834299732381802,3.3122225394932213e-09,0.08859553982846669
"('0026633000', 'Community and Regional Planning')",0.0016038492381716118,0.0,0.1204171629059774,3.605125289661129e-05,0.13122741684159123
"('0013508000', 'Mechanical Engineering')",0.002673082063619353,0.004271213479194988,0.14994588961481423,0.0007933788374254178,0.1696371999063167
"('0027854000', 'Tandon School of Engineering')",0.0018711574445335472,0.001603277455912014,0.09137985783727008,2.7023177117044896e-05,0.09768002965785906
"('0014316000', 'Chemical & Biomolecular Engineering')",0.0002673082063619353,0.0,0.11113091524819535,0.00069550052912731,0.11864663487735279
"('4076246000', 'Unknown Dept')",0.0005346164127238706,0.0,0.12302683504340962,1.71049669326781e-05,0.132856310046738
"('0015354000', 'Gulf Coast Research & Education Center')",0.0010692328254477412,0.0,0.13062606934599671,0.00020705261990169437,0.1441240339460781
"('0021030000', 'Institute for Biosci  and Biotech Res')",0.0002673082063619353,0.0,0.10426712004236462,3.769512329062775e-07,0.11074850178627929
"('6250004721', 'Chemistry and Chemical Biology')",0.0008019246190858059,0.0,0.11616569370264564,4.6382864545989124e-05,0.12411251026456897
"('0026294000', 'SAS-Anthropology')",0.0013365410318096765,0.0005346164127238706,0.10205417791963335,4.98343973411095e-07,0.1096326027616526
"('0038950000', 'Division of Continuing Studies')",0.0002673082063619353,0.0,0.11941775465253615,0.000290754277918628,0.12808351761486372
"('0020776000', 'Unknown Dept')",0.006148088746324512,0.03091293125689862,0.14587638915968024,0.0003048412383746455,0.16770773313345508
"('0018408000', 'CBE')",0.0016038492381716118,0.0007668764835067482,0.1325937477847877,0.0003474653049854396,0.14573941973347704
"('0017756000', 'Coordinated Science Laboratory')",0.0005346164127238706,0.0,0.1402121359769124,0.0002827755183529168,0.1550553974235515
"('0022301000', 'Dept. of Geology and Geophysics')",0.0002673082063619353,0.0,0.09261505706434284,4.674063815195107e-08,0.0987035518060118
"('0001057000', 'Materials Science and Engineering')",0.0024057738572574178,0.012591117033764483,0.13772918047271923,5.556122677096462e-05,0.15285042887936978
"('0037218000', 'Mathematics and Statistics')",0.0010692328254477412,0.0,0.08766051176305183,4.1210231551970805e-07,0.09182556565728046
"('0023259000', 'Electrical and Computer Engineering')",0.0013365410318096765,0.004948498663811131,0.12934342910486463,3.1253948645092914e-05,0.14240529443546224
"('0013177010', 'Sonoma Water')",0.0013365410318096765,0.0,0.10052398226521564,0.00018183542903314916,0.10815508806805374
"('0010835000', 'Department of Chemical & Envir. Eng.')",0.0002673082063619353,0.0,0.09999732698938815,4.3443962078521105e-07,0.10701330594988533
"('0021782000', 'Aeronautics &Astronautics')",0.0008019246190858059,0.0,0.11653116531165311,3.541445298277167e-05,0.1259871658829148
"('0047415000', 'Physics')",0.0008019246190858059,0.0,0.08135438413361169,4.842834627051855e-10,0.08601928664561855
"('0019992001', 'Neurological Surgery')",0.0010692328254477412,0.0,0.14462442494297753,0.0006284801221595217,0.16045901401755472
"('0020776000', 'Institute for Computational Medicine')",0.0008019246190858059,0.0,0.11296313071836217,4.234069189414285e-06,0.12175392169703562
"('7203588162', 'Unknown Dept')",0.0008019246190858059,0.0,0.11060847968777719,1.98566770665244e-06,0.11861805150226748
"('0018408000', 'Chemistry and Biochemistry')",0.0010692328254477412,2.858911297988613e-07,0.11945588657917425,9.51572082437268e-05,0.12928034552804
"('6250004721', 'School of Natural Sciences')",0.0021384656508954825,0.0010690898798828418,0.12300660901588137,7.875300792744807e-05,0.13275763041200153
"('0030908000', 'School of Earth Sciences')",0.0010692328254477412,0.0032041248372207377,0.06387774267907453,1.8844558158606086e-11,0.06821916668465333
"('0011395001', 'Mathematics and Statistics')",0.0008019246190858059,0.0,0.129913876927351,0.00037204164617536293,0.14326552223504951
"('7203582078', 'Unknown Dept')",0.0010692328254477412,0.0,0.11063792032650165,4.4846479164168545e-05,0.11802874276811638
"('6250017845', 'Unknown Dept')",0.0010692328254477412,0.0005346164127238706,0.13279613787228,0.00012007354273312876,0.14505483786758916
"('5300001194', 'Unknown Dept')",0.004276931301790965,0.004649385416069125,0.121785272478677,5.574578425873204e-06,0.1370244295351549
"('0016105000', 'Dept of Information & Computer Science')",0.0016038492381716118,0.0,0.12100921882581271,1.9351814262250404e-05,0.131077884431227
"('0021998000', 'Computer and Information Science')",0.0010692328254477412,0.0,0.13799336038362228,0.0001420530433520073,0.15128328263853574
"('0013136000', 'Pathology, Microbiology, and Immunology')",0.0010692328254477412,0.0,0.14826410906785034,0.0030516597887798565,0.16481735351670246
"('0035451000', 'Department of Environmental Science')",0.0002673082063619353,0.0,0.11240647817072805,0.00015997980313707215,0.12139569959926991
"('0001057000', 'Engineering & Public Policy')",0.0005346164127238706,0.0,0.11279283625290198,1.5029164730457832e-06,0.1200965589262195
"('0014696000', 'Department of Biological Sciences')",0.0002673082063619353,0.0,0.11259254800457473,2.1416484290310008e-06,0.1201687878016943
"('0013177000', 'Nanoengineering')",0.0010692328254477412,0.0,0.12510868838204803,2.1768771812419405e-05,0.13772428597656275
"('0036137000', 'Teaching and Learning')",0.0010692328254477412,0.0,0.13287632308020175,0.0002361397423358725,0.1478132425506125
"('0018259000', 'Unknown Dept')",0.010157711841753542,0.05729089432004627,0.16161921631312914,0.02538531002352478,0.18982755787086153
"('0037986000', 'School of Art + Art History + Design')",0.0008019246190858059,0.0,0.11188204683434519,5.020697853813716e-06,0.12125504208431961
"('0020776000', 'Anthropology')",0.0002673082063619353,0.0,0.1273098519652884,2.9764786987188872e-05,0.13995702859552056
"('7203579671', 'Cell Fabrication')",0.0008019246190858059,0.0,0.12220298565968706,0.00039065416589608657,0.13235492005186425
"('0015693000', 'School of Computer Science, College of C')",0.0002673082063619353,0.0,0.13211145248437334,1.9024644204446978e-05,0.1434286769255409
"('0031849000', 'Civil Engineering and Environmental Scie')",0.0010692328254477412,0.0,0.09215647632655072,5.493360905433074e-07,0.09950278514482586
"('0015693000', 'Institute for Electronics and Nanotechno')",0.0010692328254477412,0.0,0.11401316591490918,5.446430224625879e-06,0.12150886087203211
"('5300000627', 'Unknown Dept')",0.0010692328254477412,0.0,0.12590024904085617,8.379362086296297e-05,0.13723947719183424
"('5300006491', 'Unknown Dept')",0.0008019246190858059,0.0,0.11179511699488988,0.00010096121539724104,0.12220156429729889
"('0033290000', 'Electrical Engineering Department')",0.0010692328254477412,0.0,0.14101549247992762,0.0002475190875179006,0.1562070309929875
"('0030908000', 'Entomology')",0.0013365410318096765,0.0,0.14275901545506584,0.00020157159584756822,0.1596512406343005
"('0035303040', 'Forestry, Wildlife, & Fisheries')",0.0010692328254477412,0.0,0.10482515131136516,3.156369939743476e-05,0.11405931255219555
"('0029744000', 'Department of Geography')",0.0010692328254477412,0.0,0.11505812880605278,1.1451867740342252e-05,0.12360798467867143
"('0029728000', 'Biomedical Engineering')",0.0002673082063619353,0.0,0.11760082990160636,7.446430143685418e-05,0.1271559507212071
"('0036327000', 'Department of Oceanography')",0.0005346164127238706,0.0,0.09062280468011918,2.3987104142680075e-08,0.0964234335363422
"('0014316000', 'Department of Computer and Information S')",0.0008019246190858059,0.0,0.12581556467343782,0.0007697830558285833,0.14116348324624686
"('0036582000', 'Chemical Engineerintg')",0.0002673082063619353,0.0,0.11925406439273191,1.4116378513550213e-05,0.12807532464355895
"('6250004721', 'Physics')",0.0010692328254477412,0.0,0.1229985204668749,7.038067750433405e-05,0.13249032220563958
"('0022194000', 'Electrical and Computer Engineering')",0.0008019246190858059,0.0,0.11803123521060103,2.4923041459955042e-05,0.12668271471929649
"('0015693000', 'College of Computing')",0.0029403902699812884,0.005753237659688055,0.11252481501534019,1.9020383412122394e-06,0.12451853071339812
"('0037283000', 'Electrical & Computer Engineering')",0.0010692328254477412,0.0,0.08647511615542867,4.8317171742189274e-08,0.0906596162321349
"('0010819000', 'The Biodesign Institute')",0.0005346164127238706,0.0,0.1455981941309255,0.0720189619727608,0.1644408548177596
"('0023259000', 'Unknown Dept')",0.0090884790163058,0.10689856875902863,0.16651088262785418,0.0014991230075313618,0.1970776312561305
"('0010819000', 'School of Manufacturing Systems and Netw')",0.0018711574445335472,0.007350046207945485,0.11307580703663402,4.871164037918635e-06,0.12259182327864108
"('0013201000', 'Bren School of Environmental Science and')",0.0010692328254477412,0.0,0.11114412192875606,2.1067462608100568e-06,0.1228045290281642
"('6250009905', 'IHMC')",0.0010692328254477412,0.0,0.10186521443158611,6.881193145489154e-07,0.10897669947832955
"('7203587544', 'Unknown Dept')",0.0008019246190858059,0.0,0.12220298565968706,0.00039065416589608657,0.13235492005186425
"('0027110000', 'Cornell Lab of Ornithology')",0.0002673082063619353,0.0,0.12060738925785028,8.216597497795287e-05,0.1293605904336364
"('0028373000', 'Industrial & Systems Engineering')",0.0002673082063619353,0.0,0.09385348720521826,6.923069699124274e-08,0.09854180933337356
"('0028944000', 'Unknown Dept')",0.0010692328254477412,0.0005346164127238706,0.12496242108427698,0.013277017115493632,0.13674878130571833
"('0013052000', 'Electrical Engineering, Computer Science')",0.0010692328254477412,0.0,0.11965073882172328,3.747138617004513e-05,0.1283792523532611
"('6250020070', 'STEM')",0.0008019246190858059,0.0,0.1426991150442478,0.0798724408443015,0.16071678996699065
"('0025684000', 'Electrical and Biomedical Engineering')",0.0008019246190858059,0.0,0.13983478488393825,0.0037695474000518426,0.15772342392230113
"('0013508000', 'Department of Ecosystem Science and Sust')",0.0010692328254477412,0.0,0.13275843713403598,0.0002182209592966305,0.1460838687146538
"('0015792001', 'school of Computer and Cyber Sciences')",0.0005346164127238706,0.0,0.10673323823109843,2.5009188260525906e-05,0.1131377679833905
"('0036756000', 'Biochemistry')",0.0010692328254477412,0.0005346164127238706,0.10470486159702203,2.452152524578876e-05,0.113284118753746
"('0013268000', 'Department of Biology')",0.0013365410318096765,0.0,0.09009464634058233,2.6498643825347823e-06,0.09637648824148287
"('0022905000', 'Geography')",0.0010692328254477412,0.0,0.14072903735470038,0.0005224217931684845,0.1553529670009223
"('0021303000', 'Department of Anthropology')",0.0002673082063619353,0.0,0.10029759510978846,2.588042190913477e-07,0.10807264756184767
"('0001057000', 'School of Computer Science')",0.0002673082063619353,0.0,0.12709791397703335,1.0043635914810639e-05,0.13793215119044286
"('0001057000', 'Civil and Environmental Engineering')",0.0024057738572574178,0.002137322086376287,0.12512542644992977,2.466640315031276e-05,0.13816979965383264
"('0013144000', 'Unknown Dept')",0.006148088746324512,0.04159943528833545,0.14753322553929882,7.341076701342154e-05,0.16796602921950796
"('6250007704', 'Microbial Genomics')",0.0010692328254477412,0.0,0.1288400606144097,5.855684426352411e-05,0.14104972127095244
"('0029728000', 'Computer Science, College of Engineering')",0.0002673082063619353,0.0,0.11080504709436645,2.7032341479121237e-06,0.11802059796894412
"('0022905000', 'NSCL')",0.0013365410318096765,0.0005346164127238706,0.13230769230769232,0.001818985881549233,0.15050247102702427
"('0025551000', 'Unknown Dept')",0.0018711574445335472,0.0,0.08536418400876232,7.801880881890073e-09,0.09020157432709683
"('0029058000', 'Department of Computer Science')",0.0002673082063619353,0.0,0.08513107591480065,2.0825127204761693e-06,0.08964660212282875
"('0047415000', 'Computer Science')",0.0008019246190858059,0.0,0.08135438413361169,4.842834627051855e-10,0.08601928664561855
"('0022905000', 'Plant Resilience Institute')",0.0010692328254477412,0.0,0.11691721098853017,0.0001897177915245955,0.12891629537167001
"('0037051000', 'School of Education')",0.0010692328254477412,0.0,0.10350265604249669,2.46342344506598e-05,0.10937594344641109
"('0027078000', 'Institute for Genomic Medicine')",0.0002673082063619353,0.0,0.10669670868746792,5.056482026425439e-07,0.11292388716547135
"('0038950000', 'Unknown Dept')",0.005346164127238706,0.025573734850992357,0.15682246908404945,0.018509048432141018,0.17952278237963862
"('0036582000', 'Department of Chemical Engineering')",0.0013365410318096765,0.007819321952910782,0.14545101088646967,0.00045011470944163347,0.16289237953231517
"('0021030000', 'Chemistry & Biochemistry')",0.0008019246190858059,0.0,0.13694267515923567,0.0016521027909092028,0.15007062233051754
"('0015743000', 'Urban Studies Institute')",0.0013365410318096765,0.0,0.1085795553491612,9.204802441465206e-07,0.11850083917621762
"('0022210000', 'College of Info and Computer Sciences')",0.0005346164127238706,0.0,0.08841463414634146,3.7368849689985737e-07,0.09266184347680127
"('0010090000', 'Physics Department')",0.0010692328254477412,0.0,0.12619754419106732,3.793572855083544e-05,0.13886582718354945
"('0020776000', 'Civil Engineering')",0.0016038492381716118,0.0016029915647822151,0.12733585213928317,3.441342392803829e-05,0.1404916450082445
"('0022194000', 'Unknown Dept')",0.0002673082063619353,0.0,0.09660925031634945,3.104782894377709e-08,0.1026830685408474
"('0036582000', 'Geological Sciences')",0.0021384656508954825,0.0014544746910540606,0.12822182615848643,9.642602508940907e-05,0.14077672565042304
"('7203588215', 'Unknown Dept')",0.0008019246190858059,0.0,0.1077011659709227,7.0476371127195435e-06,0.11587421016226523
"('0014480000', 'Physiology and Biophysics')",0.0008019246190858059,0.0,0.1261422261186229,7.343046304629626e-05,0.13617768521537668
"('0013128000', 'Department of Chemical Engineering')",0.0013365410318096765,0.003089476534205942,0.1294777281694528,5.818839979250062e-05,0.14230376230824482
"('7203584597', 'Unknown Dept')",0.0021384656508954825,0.0026702231523213645,0.10817453662203973,1.3288521635419718e-06,0.11816104292918468
"('0032565000', 'School of Biomedical Eng. & Health Scien')",0.0010692328254477412,0.0,0.10141234514353872,3.772387331174913e-07,0.10787783219017422
"('0018408000', 'Unknown Dept')",0.005880780539962577,0.009851842477244972,0.13562701664068447,0.0005449407168672692,0.15151052349976915
"('0096354000', 'Department of Physics')",0.0024057738572574178,0.003736311175341318,0.12691681367892524,0.0029712384610255434,0.13968524157625123
"('0017582000', 'Electrical and Computer Engineering')",0.0005346164127238706,0.0,0.1001365132899703,2.734996277268019e-07,0.10713452853930394
"('0021998000', 'CATLR')",0.0010692328254477412,0.0,0.13141532300558542,0.00013171536176668095,0.1434744526464666
"('0038273001', 'Physics')",0.0018711574445335472,0.0016029915647822151,0.09651951804742125,5.0869086980458435e-06,0.10402911376706549
"('0013177000', 'Department of Mathematics')",0.0002673082063619353,0.0,0.08337605027970313,7.976166716460845e-09,0.08752481501724754
"('0036582000', 'Department of Mechanical Engineering')",0.0008019246190858059,0.0,0.128112050957159,7.45702862938932e-05,0.1397208582352934
"('0032235000', 'Physics')",0.0024057738572574178,0.00892481151848419,0.14201655151469136,0.000180440716164587,0.1585972790027231
"('0011452001', 'Statistics Department')",0.0010692328254477412,0.0,0.11411750350802269,3.0825138997984114e-06,0.12344943093315032
"('0015511000', 'OITC')",0.0018711574445335472,0.0,0.1390137861840883,0.00022452757681097645,0.1553589694492574
"('4003554000', 'Center for Sustainable Macromolecular Ma')",0.0008019246190858059,0.0,0.1427372276698844,0.08265154591083318,0.16100637385721606
"('0035352000', 'Political Science')",0.0010692328254477412,0.0005346164127238706,0.14275901545506584,0.00016359642418121615,0.1595621378988465
"('0014811000', 'School of Urban and Regional Planning')",0.0010692328254477412,0.0,0.09517873044141967,8.547401583798133e-07,0.10212614148294903
"('0020776000', 'CENTER FOR IMAGING SCIENCE')",0.0005346164127238706,0.0,0.1273185175101249,3.3020945899121554e-05,0.14013523406642855
"('0015693000', 'Mechanical Engineering')",0.0032076984763432237,0.01200402436513055,0.14309757870175574,0.0005964430554416924,0.16017602080800852
"('0001057000', 'Physics Department')",0.0005346164127238706,0.0,0.12877796901893288,2.2919233823657446e-05,0.13946009105391693
"('0035238000', 'Department of Chemical Engineering')",0.0008019246190858059,0.0,0.0950868007015225,2.288236193810581e-05,0.10168722782751763
"('0017749000', 'Physics')",0.0008019246190858059,0.0010690898798828416,0.11727640364901722,2.533287910259479e-05,0.12611018162918605
"('0032243000', 'Mathematics')",0.0010692328254477412,0.0,0.13730959809139293,0.00014682989797286218,0.15117466805164392
"('0013177000', 'CREATE')",0.0008019246190858059,0.0,0.12387827411503692,0.0004174989745751279,0.13393454754368062
"('0010637000', 'Department of Geosciences')",0.0002673082063619353,0.0,0.11305188722009006,2.1509745094520276e-06,0.12348132186614406
"('0018259000', 'Civil Engineering')",0.0016038492381716118,0.0015258756496399136,0.1449550526968382,0.0038654075154650825,0.16258446363698933
"('0029728000', 'Plant Pathology & Entomology')",0.0010692328254477412,0.0,0.14953233671756336,0.0008527812387594675,0.1681543818838034
"('0030908000', 'Anthropology Department')",0.0002673082063619353,0.0,0.10377829560585886,3.146533584191443e-05,0.11085467342533753
"('0034710000', 'Electrical Engineering and Computer Sci')",0.0013365410318096765,0.0,0.10942115885226242,1.9358619563709094e-06,0.11744158561802576
"('7203583520', 'Unknown Dept')",0.0008019246190858059,0.0,0.07729338842975207,3.6771858069966753e-07,0.08078996071236248
"('0033787000', 'Mechanical Engineering & Applied Mech')",0.0005346164127238706,0.0,0.12195201460425088,3.586964644757993e-05,0.1329140651601558
"('0038950000', 'Geoscience')",0.0005346164127238706,0.0010689469343179423,0.13558769163857778,0.0018135794293882065,0.14875687252037587
"('0018259000', 'College of Engineering')",0.0002673082063619353,0.0,0.14253600548655032,0.011135937668056976,0.15804733706698437
"('0001057000', 'Human-Computer Interaction Institute')",0.0005346164127238706,0.0,0.11289154445047982,1.3471647689736424e-06,0.1207801041967736
"('0033290000', 'Mechanical Engineering')",0.0024057738572574178,0.008595344556693234,0.12758773575253232,1.7392877444415034e-05,0.14094950220521632
"('0023879000', 'Earth & Environmental Sciences')",0.0010692328254477412,0.0,0.12231885953439707,1.9185891510317887e-05,0.13358299808650664
"('0018697000', 'Office of the Dean')",0.0013365410318096765,0.0,0.1389982908523445,0.001792068608275548,0.1537760058409621
"('4018578000', 'Unknown Dept')",0.0013365410318096765,0.0,0.09834901940165099,7.179645957516641e-06,0.10560474006912525
"('0047415000', 'Chemistry')",0.0013365410318096765,0.0013323241376451433,0.08851923713974728,3.3202529913553237e-09,0.09449236116239859
"('0001305000', 'NSHE - System Computing Services')",0.0016038492381716118,9.720298413161283e-06,0.12305921052631578,0.0008669240138840775,0.13666179493694955
"('6250002291', 'Department of Mathematical Sciences')",0.0005346164127238706,0.0,0.08864718845524988,6.446266728569525e-08,0.09315646057581979
"('0034017000', 'Engineering')",0.0010692328254477412,0.0,0.1006510977184675,5.897103769069913e-07,0.10766736928099951
"('0023259000', 'Civil and Environmental Engineering')",0.0021384656508954825,0.018591613941468892,0.14322358346094946,0.0006467960181616642,0.16172288754132233
"('0022210000', 'Computer Science Department')",0.0002673082063619353,0.0,0.08841254460804009,3.374195217906341e-07,0.09252818937362031
"('0019505000', 'English')",0.0002673082063619353,0.0,0.09914924067742704,8.952698815214452e-07,0.10552890364732746
"('0032565000', 'Engineering Leadership and Society')",0.0008019246190858059,0.0,0.10908613751676678,3.673636218444019e-06,0.11600060958167391
"('Unknown Inst', 'Unknown Dept')",0.0005346164127238706,0.0,0.13140147523709167,0.0004172226690455939,0.14472964885956133
"('0014266000', 'Electrical Engineering/ YINS')",0.0005346164127238706,0.0,0.11658927291426434,6.852857782302912e-06,0.12596444613862268
"('0017582000', 'Unknown Dept')",0.0016038492381716118,0.002136750304116689,0.10014723597911926,2.8760212004254977e-07,0.10766914495202783
"('0015354000', 'Statistics')",0.0005346164127238706,0.0,0.1303257272252221,3.131660372340764e-05,0.14228375016914682
"('0018697000', 'Civil, Construction and Environmental')",0.0021384656508954825,0.0013359835441065688,0.11196240984048125,8.415435342206429e-05,0.12363707301027357
"('0027110000', 'Sociology')",0.0010692328254477412,0.0,0.11056924986699769,2.20130987171945e-06,0.11838638439008711
"('0036566000', 'Computer Science & Engineering Departmen')",0.0002673082063619353,0.0,0.13014437293442338,0.0018723255649142829,0.14135699122314183
"('0023259000', 'College of Engineering')",0.0024057738572574178,0.005798824079960818,0.13058047401305456,5.257377666455535e-05,0.14491838386833522
"('0016162000', 'Department of Anthropology')",0.0005346164127238706,0.0,0.09351798615103868,3.6391655315087926e-07,0.09868393332297871
"('0016915000', 'Department of Physics')",0.0008019246190858059,0.0005346164127238706,0.10108352022481018,5.7391584817066134e-08,0.10780629410917832
"('0036558000', 'Unknown Dept')",0.0016038492381716118,0.0,0.09556043731480536,1.708134024172044e-07,0.10162527526010826
"('0035451000', 'Statistical Science')",0.0010692328254477412,0.0,0.12711086949135267,1.4197078318006509e-05,0.13833311349998578
"('0036525000', 'Biology')",0.0005346164127238706,0.0,0.10832175121612231,1.6966990718902426e-07,0.11620907563817491
"('0027078000', 'Biomedical Engineering')",0.0005346164127238706,0.0,0.11963925933032717,1.8406655343564e-06,0.12883440323224615
"('0010512000', 'Computer Science')",0.0010692328254477412,0.0,0.10031911185004425,0.00017016461720692236,0.1072020166659046
"('0010827000', 'Landscape Conservation Initiative')",0.0016038492381716118,3.8118817306514835e-07,0.11141223420096492,4.144989279176393e-05,0.11931897731746126
"('0500320000', 'Natural Sciences')",0.0010692328254477412,0.0,0.10457023060796646,1.0364413632081867e-06,0.11179942342012872
"('0021303000', 'Physics')",0.0002673082063619353,0.0,0.08356041992405629,2.924587851572632e-09,0.08779287880221044
"('0038968000', 'Department of  Computer Science')",0.0005346164127238706,0.0,0.07570269340510351,6.138235600521337e-11,0.07909036117286986
"('0030908001', 'Ohio Supercomputer Center')",0.0010692328254477412,0.0,0.12444695785236685,1.973799316093993e-05,0.13591858091527376
"('0014316000', 'Computer and Information Sciences')",0.0018711574445335472,0.010115685845673109,0.09537284894837476,3.809006113813253e-08,0.10264654372367235
"('0015354000', 'Management')",0.0008019246190858059,0.0,0.14562653275721127,0.0007377766797278169,0.16335706264181696
"('0025205000', 'Biomedical Engineering')",0.0010692328254477412,0.0,0.14101549247992762,0.0002475190875179006,0.1562070309929875
"('0036327000', 'Mathematics')",0.0013365410318096765,0.011712673696729547,0.12246701803777785,7.067658567046913e-05,0.13408357287667674
"('0019893001', 'Analytics and Technologies')",0.0010692328254477412,0.0,0.11832242148211405,3.111062458246855e-06,0.12877195181595705
"('0036525000', 'Department of Economics')",0.0005346164127238706,0.0,0.11241323357072028,0.0003854887292356657,0.12157390507017787
"('0080010000', 'Mathematics, Statistics, and Computer Sc')",0.0005346164127238706,0.0,0.1285876327638951,6.10441362465371e-05,0.13982850344989542
"('0013151000', 'Atmospheric and Oceanic Sciences')",0.0016038492381716118,0.001603277455912014,0.1273531914893617,4.3080216514235666e-05,0.14082578026619688
"('4005518000', 'National Academy of Engineering (NAE)')",0.0016038492381716118,0.0001351638611865281,0.1383710608078118,0.0004627294422190878,0.15286745316817568
"('6250001726', 'Unknown Dept')",0.0013365410318096765,0.0,0.09762780865888984,2.118316658675759e-07,0.10481173661145993
"('0013169000', 'Computer Science and Engineering')",0.0005346164127238706,0.0005346164127238706,0.0944530007321938,3.8053363983703344e-08,0.09946616516725183
"('0035949000', 'Computer Science and Engineering')",0.0024057738572574178,0.02171486076387251,0.11125981441827267,2.519866608384815e-06,0.12181705185443535
"('0022194000', 'Civil and Environmental Engineering')",0.0008019246190858059,0.0,0.11803123521060103,2.4923041459955042e-05,0.12668271471929649
"('0014175000', 'Ecology & Environmental Biology')",0.0010692328254477412,0.0,0.10284253353859688,2.143400481294296e-07,0.1095877905189588
"('0036046000', 'OIT/CRC')",0.0010692328254477412,0.0,0.14528155339805826,0.00038845915530594504,0.1623328874496385
"('0020537000', 'Unknown Dept')",0.0037423148890670943,0.008252982293208621,0.0767007011932587,6.442692906053712e-09,0.0855639703506156
"('0021998000', 'Khoury College of Computer Sciences')",0.0005346164127238706,0.0026338329457901875,0.1396572964497704,0.0004038057691216761,0.152624937465025
"('4012365000', 'Unknown Dept')",0.0048115477145148355,0.009597150809000424,0.12236286919831224,0.000449363920765545,0.13830183933608636
"('0034256000', 'Communications Studies')",0.0010692328254477412,0.0,0.14121777207353442,0.00014018779600826292,0.1557328890628815
"('0021030000', 'TLPL')",0.0002673082063619353,0.0,0.12950013846579894,0.00020547578187855706,0.1400822016063315
"('0021303000', 'Boston University - Center for Space Phy')",0.0018711574445335472,0.03503014199450724,0.14095173505142986,0.00011687557872955284,0.1594456220523491
"('0015354000', 'Electrical & Computer Engineering')",0.0002673082063619353,0.0,0.10171288743882545,0.00013190493506296918,0.10768590690756655
"('0018408000', 'Chemical and Biomolecular Engineering')",0.0002673082063619353,0.0,0.1170745446579458,3.374089543760714e-05,0.12531957316309744
"('0013284000', 'Electrical Engineering -- Systems')",0.0016038492381716118,0.009959823291366236,0.15792806484295846,0.0032671828806812653,0.17866610240955696
"('0036582000', 'Department of Chemistry')",0.0002673082063619353,0.0,0.11925406439273191,1.4116378513550213e-05,0.12807532464355895
"('0029728000', 'Genetics')",0.0008019246190858059,0.0,0.11654205607476635,2.714708718168098e-05,0.1256301093562223
"('0011080000', 'Computer Science and Computer Engineerin')",0.0010692328254477412,0.0044947282708219195,0.1276530403330376,0.001881500219461425,0.1397622480887025
"('0031849000', 'Marine Biology')",0.0002673082063619353,0.0,0.12387007052746597,0.0003364621521065399,0.1336672393373187
"('0010819000', 'American Indian Studies')",0.0005346164127238706,0.0,0.1426936720448564,0.07128815901203643,0.16058313586380968
"('0011544000', 'Special Education')",0.0010692328254477412,0.0,0.10155825822564882,3.6067118212919974e-06,0.10881656291450806
"('0023259000', 'Education and Psychology')",0.0005346164127238706,0.0,0.14685561749234513,0.00019679817209021568,0.16522467459586573
"('0013128000', 'Department of Chemistry')",0.0005346164127238706,0.0,0.0813844714686623,1.0352118545358482e-08,0.08502041692004021
"('5300002935', 'Mechanical Engineering')",0.0010692328254477412,0.0,0.10141234514353872,3.772387331174913e-07,0.10787783219017422
"('0022301000', 'Geology & Geophysics Department')",0.0008019246190858059,0.0005346164127238706,0.10203747647492022,4.854178183631985e-07,0.11061298450372634
"('0013714000', 'Geography')",0.0010692328254477412,0.0,0.11171165790731008,3.572671666252644e-05,0.12007297336617033
"('6250043842', 'Unknown Dept')",0.0008019246190858059,0.0,0.11859624651280751,7.301739581121904e-05,0.12982314622427346
"('0023879000', 'Department of Food Science and Nutrition')",0.0008019246190858059,0.0,0.10966493712074575,2.866325874449797e-06,0.11714514713154126
"('0036616000', 'Physics')",0.0016038492381716118,0.010174190038143485,0.13990799955121733,8.622071917584131e-05,0.15352827986796622
"('P269964643', 'Department of Mathematics')",0.0008019246190858059,0.0,0.118795846432314,0.0002880564668273597,0.1314804875167388
"('0037986000', 'School of Oceanography')",0.0029403902699812884,0.015757884459765645,0.13525434759029611,3.0453951535984562e-05,0.15464667905172194
"('0018697000', 'Dept. of World Languages and Cultures')",0.0002673082063619353,0.0,0.12490818030050084,0.00896598704512926,0.1360003183279049
"('0022905000', 'Electrical and Computer Engineering')",0.0037423148890670943,0.045999599167892036,0.15161094224924013,0.01848828506148335,0.1787045359820009
"('0029058000', 'The Graduate College')",0.0005346164127238706,0.0,0.10449428786905393,1.8998134966966486e-06,0.11031846279086575
"('0037457000', 'Department of Chemistry')",0.0010692328254477412,0.0016029915647822151,0.11693913913288112,3.210023814099836e-05,0.12557557143433268
"('0017103000', 'Unknown Dept')",0.0010692328254477412,0.0,0.10658119658119658,2.475535315619367e-06,0.1150836336800286
"('0028381000', 'School of Marine and Atmos Sciences')",0.0010692328254477412,0.0,0.09634055265123226,3.160976868639099e-07,0.10255661744823774
"('0010512000', 'Civil, Construction, and Environmental E')",0.0021384656508954825,0.007989227622229178,0.11145538507373752,0.0012411459216632545,0.12101793446196435
"('0013177000', 'NanoEngineering')",0.0018711574445335472,0.0033794034829777867,0.13296605651323973,0.00045002909375759984,0.1463145655772676
"('0050187000', 'Unknown Dept')",0.0016038492381716118,0.0005346164127238706,0.13645316603443244,0.00016038381608228606,0.15093190092836398
"('0027110000', 'Materials SE & ECE')",0.0008019246190858059,0.0,0.1249582470438907,0.013163039373288861,0.13661512720253735
"('5300001194', 'Physics and Astronomy')",0.0016038492381716118,0.0,0.11921606118546844,2.9827263015675954e-06,0.1309949092915208
"('0010819000', 'Department of Electrical Engineering')",0.0002673082063619353,0.0,0.1110880152037059,0.0015434278130068417,0.11883014408251395
"('0080010000', 'Urban Planning & Public Affairs')",0.0010692328254477412,0.0,0.1385093857603021,0.00014515777163296424,0.1537901100215365
"('0013482000', 'Chemistry')",0.0010692328254477412,0.0,0.11616930099680153,5.618392171677884e-05,0.12424616436774992
"('0096354000', 'SUCCEED')",0.0008019246190858059,0.0,0.12688668045992607,0.002563957480174535,0.13906152242807343
"('0028381000', 'Biochemistry and Cell Biology')",0.0008019246190858059,0.007458613685322492,0.11092003439380911,6.0642269492075106e-05,0.11948048090790571
"('7203581563', 'Unknown Dept')",0.0002673082063619353,0.0,0.10987106816646598,1.4516304088503707e-06,0.1203904427728589
"('0015693000', 'Chemical Engineering')",0.0005346164127238706,0.0,0.13981388047987442,9.926922175130678e-05,0.15573706487546812
"('0027110001', 'Dept. of Microbiology and Immunology')",0.0005346164127238706,0.0,0.11616569370264564,4.797787795639497e-05,0.12513797757382356
"('0026211000', 'Dept. of Electrical and Computer Eng.')",0.0002673082063619353,0.0,0.07524589174728966,6.292775772294903e-11,0.07874885593586949
"('0021998000', 'Marine & Environmental Sciences')",0.0005346164127238706,0.0,0.11614044891496694,1.3741395241407583e-05,0.1240497013316484
"('0013128000', 'CEDR')",0.0010692328254477412,0.0,0.0837643581648418,3.388960399524578e-06,0.08869200268394135
"('0036616000', 'Chemistry and Biochemistry')",0.0010692328254477412,0.0,0.08951473966309341,5.9111282217208275e-08,0.09490194887861253
"('0021303000', 'Computer Science')",0.0010692328254477412,0.000801638727956007,0.10031104199066875,3.037068137450702e-07,0.10856271260684454
"('0035303000', 'Inst. for a Secure and Sustainable Envir')",0.0010692328254477412,0.0,0.11152183633924578,0.0013851724943635842,0.12051683764972075
"('0037986000', 'Economics')",0.0008019246190858059,0.0,0.12900889716532174,4.292555805393514e-05,0.1446782723210857
"('0013490000', 'Sociology')",0.0013365410318096765,0.0,0.12496242108427698,0.015767761208687427,0.1368378840411723
"('0032102000', 'Unknown Dept')",0.004276931301790965,0.03409898176113853,0.13507853403141362,1.8365964138356328e-05,0.15645152576788482
"('0034488000', 'Chemical Engineering')",0.0008019246190858059,0.0,0.09508438389589263,1.3285025591785373e-08,0.10014611537430257
"('0014811000', 'Geosciences')",0.0010692328254477412,0.0,0.08782308613282626,4.787918704436348e-07,0.09318824964253107
"('0020107000', 'Division of Computer Science & En')",0.0010692328254477412,0.0,0.11260949399476235,0.00029305696896483326,0.12093403049875023
"('0010835000', 'Mathematics')",0.002673082063619353,0.0037378835765552116,0.10004011231448054,6.425856208974892e-07,0.10830529561396804
"('0114629000', 'Institute of Social & Economic Research')",0.0018711574445335472,0.002136750304116689,0.09507471790179933,5.32219436592983e-08,0.10265794179409622
"('0036327060', 'Engineering Student Serv & Academic Prog')",0.0010692328254477412,0.0,0.12697712307378997,0.009335915100922323,0.1390384612417497
"('0033290000', 'Communication Arts & Sciences')",0.0005346164127238706,0.0,0.13640341281995186,0.0006600377325316826,0.14978060157490902
"('0020537000', 'School or Marine Sciences')",0.0002673082063619353,0.0,0.06652204064939453,1.054522951883412e-10,0.07098357703201022
"('0050187000', 'Anthropology')",0.0002673082063619353,0.0,0.12007318012581847,1.564946544837872e-05,0.12912554695704295
"('0013169000', 'School of Public Policy')",0.0002673082063619353,0.0,0.08282412327311371,1.5987052782457834e-09,0.08619220854810286
"('0037986000', 'Neurobiology & Biophysics')",0.0010692328254477412,0.0,0.11965073882172328,3.747138617004513e-05,0.1283792523532611
"('0013052000', 'Bioengineering')",0.0018711574445335472,0.0021374650319411865,0.11966604823747681,3.8465951625512385e-05,0.12882476603053097
"('0010637000', 'School of Education')",0.0002673082063619353,0.0,0.11305188722009006,2.1509745094520276e-06,0.12348132186614406
"('0022905000', 'Unknown Dept')",0.013365410318096765,0.09661101880772528,0.15244498777506113,0.0128322045696823,0.18541351279923746
"('0010819000', 'Mathematical & Statistical Sciences')",0.0005346164127238706,0.0,0.09840852295146653,9.439264261926074e-07,0.1040642086440224
"('0017392000', 'Industrial Engineering and Management Sc')",0.0013365410318096765,0.001603277455912014,0.11639701306782825,3.275653591568211e-05,0.12585525852130353
"('0117119000', 'School of Science & Computer Engineering')",0.0016038492381716118,0.0,0.09111500803741049,7.614646112439195e-08,0.09730453925289165
"('0025320000', 'Mechanical & Industrial Engineering')",0.0018711574445335472,0.002136750304116689,0.09162156204844359,8.251385314463418e-07,0.09816975914340095
"('0001479000', 'Unknown Dept')",0.002673082063619353,0.018112309930025966,0.12305111505821985,7.663208841502626e-05,0.13535085529872992
"('0037457000', 'Department of Astronomy')",0.0002673082063619353,0.0,0.09478564913347522,3.7532873991070155e-07,0.09912013480196159
"('0017749000', 'Public Health Sciences')",0.0010692328254477412,0.0,0.09137316203409701,2.627737625434183e-05,0.09727906734831615
"('0014316000', 'Geography')",0.0005346164127238706,0.0,0.09177215189873418,1.519361779502998e-07,0.09614116669346286
"('0017749000', 'Anthropology')",0.0002673082063619353,0.0,0.1249415536704295,2.034598954599246e-05,0.13563687519758058
"('0023879000', 'Curriculum and Instruction')",0.0016038492381716118,0.002136750304116689,0.09840075753590405,4.142977727382291e-07,0.10524184245558145
"('0013706000', 'Chemical and Biological Engineering')",0.002673082063619353,0.011860668417863861,0.1459845469445095,0.0002350179685040481,0.16197170059439545
"('0013284000', 'Electrical and Computer Engineering')",0.0008019246190858059,0.0,0.1249582470438907,0.013163039373288861,0.13661512720253735
"('0029207000', 'Information Technology')",0.0032076984763432237,0.0027388508384502412,0.12715839564921821,4.346033571169803e-05,0.13934309735232048
"('0013706000', 'School of Information')",0.0008019246190858059,0.0,0.11796424179358622,3.5174460330900215e-05,0.1267324369770235
"('0038950000', 'Depts of Mechanical Engr & Engr Physics')",0.0002673082063619353,0.0,0.11941775465253615,0.000290754277918628,0.12808351761486372
"('0026633000', 'Electrical and Computer Engineering')",0.0018711574445335472,0.0010689469343179423,0.10804332129963899,2.606782808755113e-06,0.11767538172439237
"('0026633000', 'ECE')",0.0008019246190858059,0.0,0.09921761039649914,3.9653319502936813e-07,0.1066509762833863
"('0036327060', 'Aerospace Engineering Department')",0.0008019246190858059,0.0,0.10729342931711934,4.78686244737864e-06,0.11420649787671669
"('0036756000', 'Department of Geology & Geophysics')",0.0002673082063619353,0.0,0.09622408560111116,2.242468618365358e-06,0.10237932910573147
"('0038950000', 'Educational Policy Studies')",0.0013365410318096765,0.0,0.13559752075102396,0.0029443722917978595,0.14913555914605525
"('0037986000', 'Sociology')",0.0008019246190858059,0.0,0.12120524866353474,9.80658523182606e-06,0.13501419571635173
"('0025189000', 'Computer Science and Electrical Engineer')",0.0002673082063619353,0.0,0.12494572659563809,0.010597169745411212,0.13630326762844844
"('4003554000', 'AOPE')",0.0013365410318096765,0.0060252957885754774,0.11241661157521486,1.788600368800238e-05,0.12160413967621153
"('0035451000', 'Electrical and Computer Engineering')",0.0008019246190858059,0.0,0.1162126060078904,5.463742423328522e-05,0.12563249775559313
"('0036616000', 'Computer Science')",0.0016038492381716118,0.00013021183237945093,0.11630654438053785,2.3786833756033802e-06,0.12576414121770083
"('0017756000', 'Department of Computer Sciences')",0.0005346164127238706,0.0,0.0979473215688328,8.016204117435466e-06,0.10336832036015178
"('0015354000', 'Anthropology Department')",0.0002673082063619353,0.0,0.09005560771286199,1.941520030479498e-06,0.09551219170757932
"('P270072020', 'Unknown Dept')",0.0010692328254477412,0.0,0.12122881493243462,1.115754109368166e-05,0.13525922823885017
"('0025650000', 'Unknown Dept')",0.0029403902699812884,0.006934575244401179,0.09482889733840304,2.0275765335411727e-07,0.1022056181962227
"('0021550000', 'Department of Science Education')",0.0010692328254477412,0.0,0.1116816431322208,0.002266491529957844,0.12016679193078979
"('0047415000', 'Bloustein School of Planning & Public Po')",0.0016038492381716118,0.008244456928357112,0.09709821428571429,2.9662862402903422e-08,0.10524305308008935
"('7203588964', 'Department of Community and Behavioral H')",0.0005346164127238706,0.0,0.09268618998067489,8.8288505727464e-08,0.09822726951501493
"('0013128000', 'ElectricalEngineering & Computer Science')",0.0010692328254477412,0.0,0.11938345672708706,0.00023344586373485497,0.13148835403894577
"('0033290000', 'Department of Materials Science and Engi')",0.0010692328254477412,0.0,0.12911575895630564,4.8665873253722e-05,0.14096396263243882
"('7203576544', 'Dept. of Geological Sciences and Engr.')",0.0008019246190858059,0.0,0.10108625162127108,7.126082281918282e-08,0.10785084547690531
"('0029728000', 'Friday Institute')",0.0005346164127238706,0.0,0.12221096991277645,0.0002652974397152325,0.13555747508410396
"('0020537000', 'College of Engineering')",0.0010692328254477412,0.0,0.07428219689448394,2.1253953136009167e-09,0.08069600997522701
"('0020776000', 'Economics')",0.0008019246190858059,0.0,0.11296313071836217,4.234069189414285e-06,0.12175392169703562
"('0015941000', 'Mathematics')",0.0010692328254477412,0.002667864550500524,0.0891839702481703,4.670190584347355e-09,0.0948623365093468
"('0021303000', 'Chemistry')",0.0010692328254477412,0.0,0.09117496527016158,3.2220619811983116e-08,0.09694258026332264
"('0031849000', 'CIWRO')",0.0002673082063619353,0.0,0.09200462359509112,3.8608785250282827e-07,0.09823275294055153
"('0017749000', 'Mathematics')",0.0008019246190858059,0.0,0.12397269353128314,3.7931920645928674e-05,0.13461101088276362
"('0039321000', 'Dept. Molecular Biology')",0.0010692328254477412,0.0,0.11691721098853017,0.0001897177915245955,0.12891629537167001
"('0013284000', 'Industrial and Systems Engineering')",0.0005346164127238706,0.0005346164127238706,0.11175504107542943,4.6302800276805644e-05,0.12176050575680164
"('0037218000', 'Department of Chemistry and Biochemistry')",0.0005346164127238706,0.0,0.10625124258002215,2.4877284574410415e-05,0.11333058633933576
"('0029504000', 'JLC-BBRI')",0.0010692328254477412,0.0,0.11282685405796665,7.492205921806511e-06,0.1206737934726277
"('0026294000', 'Unknown Dept')",0.003475006682705159,0.01888825657097379,0.10742899807598426,2.5671564682046144e-07,0.11806681511502351
"('0033290000', 'School of Engineering Design, Technology')",0.0010692328254477412,0.0,0.14101549247992762,0.0002475190875179006,0.1562070309929875
"('0010819000', 'School of Electrical, Computer and Energ')",0.0002673082063619353,0.0,0.13918446312969715,8.305709543154094e-05,0.15170599095666373
"('0022335000', 'Unknown Dept')",0.0021384656508954825,0.005335729101001048,0.1210836354220611,0.00045511023357582426,0.13504946986891875
"('0022905000', 'Horticulture')",0.0013365410318096765,0.004268926350156597,0.13235918482875744,0.0013421739454726439,0.15087224737915828
"('0026575000', 'Unknown Dept')",0.0021384656508954825,0.00650868831402785,0.10888927698218652,2.613546858667836e-06,0.11834531797501673
"('0035659000', 'Unknown Dept')",0.0010692328254477412,0.0,0.13227026835908495,0.00018332755298964903,0.1441981916921788
"('0021550000', 'MC-Biology and Physics')",0.0005346164127238706,0.0,0.09503607356975917,6.595241045389926e-07,0.0997770384206174
"('0026294000', 'Marine and Coastal Sciences')",0.0002673082063619353,0.0,0.09701008738946659,2.518002534069292e-08,0.10361247302128158
"('0038661000', 'STEM')",0.0005346164127238706,0.0,0.10057803468208093,9.419779714738583e-07,0.1062110995194658
"('0034256000', 'Environmental Engineering & Science')",0.0002673082063619353,0.0,0.11175170271239096,4.678603356942996e-05,0.12164912733748419
"('0080010000', 'Biological Science')",0.0005346164127238706,0.0,0.09471845250151914,4.5133703867653554e-08,0.09920339675370794
"('0013201000', 'Chicano Studies')",0.0008019246190858059,0.0,0.08420365535248042,7.706197990160184e-09,0.08857945894956581
"('0021030000', 'Physics')",0.0032076984763432237,0.011271726243740987,0.14875934467949736,0.002116198898735948,0.16638662685822947
"('0026575000', 'Klipsch School of Electrical and Compute')",0.0002673082063619353,0.0,0.09819928601427971,2.542251792037012e-07,0.10433649734724432
"('0018259000', 'Dept. of Physics and Astronomy')",0.0008019246190858059,0.0,0.13918446312969715,0.003080319237605983,0.1548051509659368
"('0013284000', 'Unknown Dept')",0.0048115477145148355,0.023071124279675382,0.13537670985018455,0.00015724354007635197,0.15202875063186905
"('0013177010', 'Shipboard Technical  (STS)')",0.0008019246190858059,0.0,0.1267018898597846,1.0567899377390734e-05,0.1404849449320894
"('0013144000', 'Ecology and Evolutionary Biology')",0.0005346164127238706,0.0,0.1285743744844652,8.00821961460221e-06,0.14034008251778027
"('0026633000', 'Unknown Dept')",0.005346164127238706,0.011532559170105993,0.11013630877027704,3.2769947851405035e-06,0.12234102512771218
"('0022905000', 'Mathematics')",0.00400962309542903,0.02770799743549683,0.14929363875808124,0.0030346823111352854,0.17200908109087673
"('0025320000', 'Gianforte School of Computing')",0.0016038492381716118,0.0026704375706687136,0.12399323854032017,3.916179734976854e-05,0.1351010759277605
"('0029058000', 'Industrial & Systems Engineering')",0.0002673082063619353,0.0,0.08513107591480065,2.0825127204761693e-06,0.08964660212282875
"('0010637000', 'Geography / INE')",0.0008019246190858059,0.0,0.11311341577722009,2.7539004453770726e-06,0.1242565156645937
"('0035303000', 'Electrical Engineering and Computer Scie')",0.0013365410318096765,0.0005340446304642728,0.12531823663406136,0.009715065911639849,0.13799558315396349
"('5300002935', 'Chemical Engineering')",0.0002673082063619353,0.0,0.09750821039462024,2.283180114631501e-07,0.1036449982379017
"('0037549000', 'Statistics')",0.0005346164127238706,0.0,0.1352299016772701,0.00015160733742805547,0.14760713832486158
"('0013706000', 'Academic Affairs/ATLAS')",0.0008019246190858059,0.0,0.09547995201755953,4.79053508934724e-07,0.10010782683727021
"('0021030000', 'UMIACS')",0.0005346164127238706,0.0,0.11453677055905946,1.8971732137874365e-06,0.12306886417622101
"('6250002355', 'Unknown Dept')",0.0008019246190858059,0.0,0.1330559112249253,0.0006254249577548393,0.14693431768057988
"('6250043463', 'Unknown Dept')",0.0013365410318096765,0.0,0.09009464634058233,2.6498643825347823e-06,0.09637648824148286
"('0035691000', 'Mechanical Engineeering')",0.0002673082063619353,0.0,0.11373240507098775,3.090029064500216e-05,0.12142010380653052
"('0017749000', 'Computation Institute')",0.0013365410318096765,0.001602991564782215,0.11731318009344915,6.144166607134196e-05,0.1266225223580464
"('0035451000', 'Dept. Electrical & Computer  Engineering')",0.0008019246190858059,0.0,0.1162126060078904,5.463742423328522e-05,0.12563249775559313
"('0013128000', 'Environmental Science, Policy and Mgmt.')",0.0010692328254477412,0.0,0.0837643581648418,3.388960399524578e-06,0.08869200268394135
"('0080010000', 'Electrical and Computer Engineering')",0.0008019246190858059,0.0,0.08128014600443227,3.927107697713863e-10,0.08504870327728063
"('0026575000', 'MICS')",0.0010692328254477412,0.0,0.0982947528836806,3.7060285106606266e-07,0.10535948161000401
"('0027854000', 'Department of Chemistry')",0.0005346164127238706,0.0,0.11209660504000239,6.429152843452372e-05,0.12057307093393616
"('7203588379', 'Unknown Dept')",0.0010692328254477412,0.0,0.11965073882172328,3.747138617004513e-05,0.1283792523532611
"('0027110000', 'City and Regional Planning (AAP)')",0.0010692328254477412,0.0,0.08393914916532041,1.1834365109390241e-07,0.08894988231277576
"('0035352000', 'Civil and Environmental Engineering')",0.0010692328254477412,0.0,0.08893590718904526,1.4228907167288295e-06,0.09420453000195961
"('0023259000', 'Economics')",0.0013365410318096765,0.0,0.14276991184215548,0.0002433942128432221,0.15991854884066237
"('0013706000', 'School of Education')",0.0008019246190858059,0.002136750304116689,0.12224291736104304,0.00027135290491656045,0.13593616170978337
"('0021782000', 'Lab for Information and Decision Systems')",0.0010692328254477412,0.006656256255670825,0.11608999224204809,3.433922881908245e-06,0.1258624274202832
"('0036327000', 'Department of Mathematics')",0.0016038492381716118,0.02206283471752647,0.13932441994711556,0.000690471357213688,0.15570752349020203
"('0015354000', 'Large Animal Clinical Sciences')",0.0008019246190858059,0.0,0.13062150837988826,0.0001847574140618637,0.14399037984289711
"('0010827000', 'The Pathogen and Microbiome Institute')",0.0002673082063619353,0.0,0.09111944660950896,3.378629280693621e-07,0.09503588528343783
"('0013177000', 'Herbert Wertheim School of Public Health')",0.0008019246190858059,0.0,0.12603173533672474,0.00042099898599216715,0.13702127414684692
"('0011080000', 'Electrical Engineering')",0.0018711574445335472,0.0,0.09758706143211164,9.692715650941936e-06,0.10441310100715447
"('0026633000', 'Anthropology')",0.0016038492381716118,0.0010690898798828418,0.09922550527823458,4.0085203035572265e-07,0.10687373312202121
"('0035097000', 'Civil Engineering')",0.0010692328254477412,0.002136750304116689,0.1076298981529432,9.872493402271901e-06,0.11625986287986093
"('0500330000', 'Unknown Dept')",0.0005346164127238706,0.0,0.07701175453403875,3.6605596388532247e-10,0.08094952114538383
"('4004842000', 'MGH Institute for Technology Assessment')",0.0008019246190858059,0.0,0.13908097256301583,0.0007672451509125532,0.15398438844709902
"('0034140000', 'Mechanical Engineering')",0.0002673082063619353,0.0,0.1252804661598741,0.009359370687358032,0.13700569419294387
"('0016105000', 'Biology')",0.0005346164127238706,0.0,0.1356122670920032,0.0020000026569722564,0.1489350779912838
"('0039321000', 'Molecular Biology')",0.0005346164127238706,0.0,0.1069345986736794,3.1474107360936683e-07,0.11552939832386269
"('0019893001', 'Mechanical Enginnering')",0.0002673082063619353,0.0,0.09504331698889763,4.0198846120775733e-08,0.1015887089686485
"('0117119000', 'Biology')",0.0016038492381716118,0.0,0.09111500803741049,7.614646112439195e-08,0.09730453925289165
"('4035523000', 'Unknown Dept')",0.0016038492381716118,0.0,0.09086934343802376,9.65546957595578e-07,0.09627971655248724
"('0036582000', 'CAEE')",0.0005346164127238706,0.0,0.13734992840621213,0.0001297778906960777,0.15083370808110202
"('0001479000', 'Civil and Environmental Engineering')",0.0016038492381716118,0.0016029915647822151,0.12605721602587863,0.0003189661164967323,0.13802027667304395
"('0013201000', 'Ecology, Evolution, and Marine Biology')",0.0002673082063619353,0.0,0.10987106816646598,1.4516304088503707e-06,0.1203904427728589
"('0037986000', 'Statistics')",0.0008019246190858059,0.0,0.12120524866353474,9.80658523182606e-06,0.13501419571635173
"('0031849000', 'Chemical Engineering & Materials Science')",0.0010692328254477412,0.0,0.1008709251220104,1.0530317651753431e-05,0.10959899385464271
"('0010819000', 'Computer Science & Engineering')",0.0018711574445335472,0.002136750304116689,0.11705989110707804,0.00018928053014811928,0.1303196634550702
"('0036392000', 'Electrical Engineering and Computer Sci')",0.0008019246190858059,0.0,0.11125319693094629,0.001255031527277994,0.11947041088156189
"('0026211000', 'Department of Chemistry & Environmental')",0.0008019246190858059,0.0,0.1002277294038848,6.868017351799529e-07,0.10583323342415572
"('0027854000', 'Psychology')",0.0005346164127238706,0.0,0.11209660504000239,6.362063145242497e-05,0.12057307093393617
"('0019489001', 'Geography and Atmospheric Science')",0.0002673082063619353,0.0,0.11498386353158137,3.298351964506382e-05,0.12361625267894352
"('0036046000', 'Electrical and Computer Engineering')",0.002673082063619353,0.039186844159203774,0.1616820814244965,0.0008538611246055209,0.18314805980202928
"('0032896000', 'Biological Sciences')",0.0010692328254477412,0.0,0.10905433768656717,3.7762288864230742e-06,0.11595605821394694
"('0020537000', 'Climate Change Institute')",0.0018711574445335472,0.0042699269691108925,0.06822036216423218,1.8790168212919645e-10,0.07347646831673257
"('0013284000', 'Mathematics')",0.0002673082063619353,0.0,0.12063461352423334,3.917788838728139e-05,0.12875758748382535
"('0037549000', 'Entomology')",0.0010692328254477412,0.0,0.1390137861840883,0.0007653941633213726,0.1541031438786051
"('0013508000', 'Department of Chemistry')",0.0010692328254477412,0.0010690898798828418,0.13042114070561986,8.71291021696072e-05,0.14272148723702505
"('0021030000', 'ECE')",0.0008019246190858059,5.431931466178363e-06,0.11481447380535863,2.0739649842312675e-06,0.12389295840448526
"('0021030000', 'Computer Science')",0.0018711574445335472,0.008405907694413916,0.12934342910486463,1.737171381052263e-05,0.14252884314679792
"('0080010000', 'Unknown Dept')",0.0010692328254477412,0.00852355814382325,0.10468435191403627,1.8010082549097266e-06,0.11276207444410402
"('0023259000', 'Sociology')",0.0013365410318096765,0.0,0.14276991184215548,0.0002433942128432221,0.15991854884066237
"('0033886000', 'Chemical and Biological Engineering')",0.0010692328254477412,0.0,0.1369627297356667,0.0023815179661814375,0.15800862648296463
"('0038950000', 'La Follette School of Public Affairs')",0.0010692328254477412,0.0,0.12575212612188644,0.00028128207435649453,0.13610288397424652
"('4005518000', 'Board on Chemical Sciences and Technolog')",0.0002673082063619353,0.0,0.12156760796802392,4.439635179852883e-05,0.1306409598363232
"('0010819000', 'Computer Science')",0.0005346164127238706,0.0,0.1426991150442478,0.07290452945411012,0.16062768723153667
"('4201646000', 'Department of Computing and Software')",0.0005346164127238706,0.0,0.09215420618302747,2.1232120625017174e-08,0.09658469707221237
"('0031849000', 'Psychology')",0.0013365410318096765,0.0,0.09201367538185307,6.456358236253287e-07,0.0987673693532754
"('0015354000', 'Biomedical Engineering')",0.0005346164127238706,0.0,0.11167164179104477,0.00017946410272677563,0.11981767455079813
"('0036616000', 'Mathematics')",0.0013365410318096765,0.0,0.12458787091617544,1.385144682708622e-05,0.13429941256371844
"('0015370000', 'Social Work')",0.0002673082063619353,0.0,0.09881924082732388,8.125580225030728e-08,0.10483820613456653
"('0013151000', 'Statistics')",0.0002673082063619353,0.0,0.11738680222159466,1.1557875614732152e-06,0.12552903743407967
"('0036566000', 'Curriculum and Instruction')",0.0005346164127238706,0.0,0.1301489006401336,0.0036443590701000675,0.1414906453263228
"('0018093000', 'School of Public and Environmental Affai')",0.0010692328254477412,0.0,0.14352580088240935,0.0007818113514289444,0.16038475019676987
"('6250029362', 'EUV Research')",0.0010692328254477412,0.0,0.11889023072522723,1.735302650263027e-05,0.1283185047471043
"('7203588786', 'Unknown Dept')",0.0016038492381716118,0.0,0.142612076852699,0.014929321500189769,0.16193691625728499
"('0026294000', 'SMLR/EERC')",0.0010692328254477412,0.0,0.12122881493243462,1.115754109368166e-05,0.13525922823885017
"('0018408000', 'Center for Social Concerns')",0.0008019246190858059,0.0,0.13124013330994563,0.00028857241351985585,0.14312280426601967
"('0036582000', 'Department of Computer Science')",0.0010692328254477412,0.0,0.11736838802785969,3.147746634705371e-05,0.1264271576986798
"('0036707000', 'Electrical and Computer Engr')",0.0013365410318096765,0.0,0.11503690036900369,3.0820924142382953e-06,0.12305497742475323
"('0021030000', 'National Socio-Environmental Synthesis C')",0.0010692328254477412,0.0,0.11699765441751368,0.0001974316724560747,0.1293172576812129
"('0010819000', 'Law')",0.0010692328254477412,0.0,0.14271000228885328,0.09216316656535888,0.1608949954378986
"('0026310000', 'Unknown Dept')",0.0008019246190858059,0.0,0.10671192629146818,2.940404233649551e-05,0.11526871046942058
"('0027078000', 'Lamont Doherty Earth Observatory')",0.0029403902699812884,0.017750438435257216,0.11657110806431509,1.7124121828717043e-06,0.12890107675238968
"('0035691000', 'Computer Science')",0.0021384656508954825,0.00597231087989018,0.14397875534003002,0.017108629375216778,0.16135517004602803
"('7203589240', 'Unknown Dept')",0.0010692328254477412,0.0,0.12436835106382979,0.00031161307153857744,0.13493269257102486
"('0013151000', 'Earth, Planetary, and Space Sciences, UC')",0.0002673082063619353,0.0,0.10151141019727024,4.622643894576998e-07,0.10762797072494362
"('0013284000', 'Civil and Environmental Engineering')",0.0016038492381716118,0.003865974526589585,0.12967970049916805,0.00951840123779004,0.14269313247861828
"('0013136000', 'Civil & Environmental Engineering')",0.0010692328254477412,0.0,0.13945945945945945,0.0032120390648288782,0.1544335853943626
"('0010819000', 'Mary Lou Fulton Teachers College')",0.0016038492381716118,0.003736311175341318,0.14282441873783072,0.09001226632200482,0.1616835546466662
"('0038273001', 'Mechanical & Aerospace Engineering')",0.0008019246190858059,0.0,0.08802974327599596,6.206713509641686e-07,0.09333533499426266
"('0035691000', 'Office of Diversity, Equity, and Inclusi')",0.0008019246190858059,0.0,0.12598080484930124,0.00030332448651764534,0.13649545154804898
"('0016105000', 'Assessment')",0.0005346164127238706,0.0,0.11133265877031129,4.446602542262988e-06,0.11985958359580057
"('0030908000', 'Evolution, Ecology, and Organismal Biol')",0.0010692328254477412,0.0,0.11361841705642957,0.0002758424052488992,0.12383681932186515
"('0037986000', 'Astronomy')",0.0002673082063619353,0.0,0.07732374279159174,5.092886619024736e-10,0.0802654488738673
"('0037457000', 'Department of Computer Science')",0.0018711574445335472,0.01354480700204555,0.11752324704699674,2.3827654098345808e-06,0.12938548334368197
"('0037549000', 'Aerospace and Ocean Engineering')",0.0005346164127238706,0.0015783421737047315,0.12873365450791466,2.1041531772788412e-05,0.13909300880679387
"('0001057000', 'Chemistry and Chemical Engineering')",0.0002673082063619353,0.0,0.10009096746575342,2.394516420388708e-07,0.10599542491659293
"('0020537000', 'School of Computing and Information Scie')",0.0024057738572574178,0.002638227163733645,0.07890074661492386,1.4701157258522637e-08,0.08684605557087074
"('0021303000', 'Mathematics & Statistics  Department')",0.0010692328254477412,0.0,0.1003056628056628,3.6760316952226807e-07,0.10847360987139057
"('0013219000', 'Electrical & Computer Engineering')",0.0010692328254477412,0.0,0.11938345672708706,0.00023344586373485497,0.13148835403894577
"('0037549000', 'Fish and Wildlife Conservation')",0.0021384656508954825,0.004268926350156597,0.12528885763086506,3.929575770008065e-05,0.13660458204363646
"('0033787000', 'Electrical and Systems Engineering')",0.0029403902699812884,0.00994102481657481,0.13353083952027414,0.0002600264443799275,0.14859327605565698
"('0020776000', 'International Health')",0.0013365410318096765,0.0,0.11296313071836217,4.648636940849422e-06,0.12175392169703562
"('0038273001', 'Physics and Astronomy')",0.0008019246190858059,0.0,0.08802974327599596,6.206713509641686e-07,0.09333533499426266
"('0022210000', 'Physics')",0.0010692328254477412,0.0,0.10427002619989965,6.923972229732912e-06,0.11160992810303984
"('0013136000', 'Internal Medicine: Infectious Diseases')",0.0010692328254477412,0.0,0.1291246720971973,1.4800510144106272e-05,0.14122708608120765
"('0028944000', 'Opthalmology and Biomedical Genetics')",0.0008019246190858059,0.0,0.12562544074683502,2.8935184875891756e-05,0.13710740011509015
"('0036426000', 'Physics')",0.0016038492381716118,0.0010689469343179423,0.11139232968080039,2.0841539390712623e-06,0.12002708505184297
"('0021550000', 'Science Education')",0.0010692328254477412,0.0,0.1116816431322208,0.002266491529957844,0.12016679193078979
"('0010819000', 'School of Criminology & Criminal Justice')",0.0010692328254477412,0.0,0.14271000228885328,0.09216316656535888,0.1608949954378986
"('0014696000', 'Biological Sciences')",0.0008019246190858059,0.0,0.14274812073110238,0.0867946928665654,0.16094400194239825
"('0036756000', 'Kahlert School of Computing')",0.0002673082063619353,0.0,0.1194291916741157,5.149383150728825e-06,0.128490031265392
"('0015644000', 'Biology')",0.0002673082063619353,0.0,0.12182889894812257,5.041482911826754e-05,0.1315396319859979
"('0023259000', 'Department of Physics')",0.0024057738572574178,0.038215648100781936,0.15617433414043583,0.0005212417805634339,0.17868212079967388
"('0018408000', 'Aerospace and Mechanical Engineering')",0.0016038492381716118,0.0058207976888684995,0.12934790125164236,0.00032285243833327456,0.14202490605505025
"('0010512000', 'Department of Mathematics')",0.0002673082063619353,0.0,0.07717061699362585,2.1772183414239008e-07,0.08043080443901214
"('0036525000', 'Department of Mathematics')",0.0018711574445335472,0.005342417470428968,0.12010787555783864,8.234163125089242e-06,0.1288736219971183
"('0013219000', 'physics')",0.0002673082063619353,0.0,0.09579289683250966,4.2684000930887846e-07,0.10172535402359265
"('0013508000', 'Biochemistry & Molecular Biology')",0.0002673082063619353,0.0,0.11537749814951888,8.475960604690193e-06,0.12342060161402452
"('0015693000', 'School of Industrial and Systems Eng.')",0.0010692328254477412,0.0,0.10152518454190186,2.894418965852929e-07,0.1098032440607548
"('0029751000', 'Department of Mathematics and Statistics')",0.0002673082063619353,0.0,0.089619816496179,1.246676872839481e-07,0.09396676448988864
"('0096354000', 'Dept. of Physics')",0.0010692328254477412,0.0,0.11264679313459801,0.0004072809808510078,0.12119242843156673
"('0014175000', 'Institute for Student Success')",0.0010692328254477412,0.0,0.11623065929286025,1.9003722522578196e-05,0.12469951485235202
"('0018697000', 'Chemical & Biological Engineering')",0.0016038492381716118,0.005333513444745106,0.10090085230337685,1.1412484070634824e-05,0.1102449886866841
"('0035303000', 'Industrial and Systems Engineering')",0.0010692328254477412,0.0,0.11152183633924578,0.0013851724943635842,0.12051683764972075
"('0023887000', 'Earth & Environmental Sciences')",0.0008019246190858059,0.0,0.10907023528382752,2.694121160962461e-06,0.11733716451556152
"('4100749000', 'SCBI')",0.0002673082063619353,0.0,0.09328944415351238,3.238563428694545e-09,0.09834539147701704
"('0027110000', 'Biological and Environmental Eng.')",0.0010692328254477412,0.0,0.13945945945945945,0.0032120390648288782,0.1544335853943626
"('0036442000', 'Electrical & Computer Engineering')",0.0016038492381716118,0.0021371791408113876,0.1309873949579832,8.923131255352989e-05,0.14361827774547806
"('0033787000', 'Department of Political Science')",0.0008019246190858059,0.0,0.12663755458515283,0.001858829735344186,0.1403087375137947
"('0014316000', 'Unknown Dept')",0.0045442395081529,0.020958823687648342,0.11927687794924118,1.8002741943717003e-05,0.13289679186832362
"('0029975000', 'Computer Science')",0.0010692328254477412,0.0,0.11665835100411626,3.4616184858835686e-05,0.12587951633589992
"('0036566000', 'Civil Engineering')",0.0024057738572574178,0.000989762521575097,0.14137787687540154,0.01825955064690401,0.15753356692610943
"('0010835000', 'Systems & Industrial Engineering')",0.0010692328254477412,0.0,0.1290578535205437,0.0020304283880356283,0.14140002787403694
"('P270065059', 'Unknown Dept')",0.0018711574445335472,0.0,0.09922813718469006,7.708652871547541e-07,0.10718559269611012
"('0024232000', 'Kinesiology')",0.0010692328254477412,0.0002672367335794856,0.1330606437844567,0.000646804888859088,0.14706797178376083
"('0013177000', 'ANTHROPOLOGY')",0.0005346164127238706,0.0,0.13730959809139293,0.00011376178861006986,0.15246944443887137
"('0026294000', 'Educ. & Employment Research Center')",0.0010692328254477412,0.0,0.12122881493243462,1.115754109368166e-05,0.13525922823885017
"('0021998000', 'Electrical and Computer Engineering -ECE')",0.0002673082063619353,0.0,0.13716862831371687,0.0003998262241784779,0.149547401528628
"('0022905000', 'Physics and Astronomy')",0.0013365410318096765,0.014718550978745581,0.14788899430740038,0.0014205392698004656,0.16725845325484429
"('0015354000', 'Dept. of Physics')",0.0002673082063619353,0.0,0.10892415198718881,4.392821961026827e-05,0.11584377333822976
"('0023259000', 'Statistics')",0.0008019246190858059,0.0031969116291222146,0.14553588795954095,0.00015652435996746248,0.16304959389231682
"('5300004339', 'Unknown Dept')",0.0032076984763432237,0.054312875615963756,0.14182273106376525,0.0019549546876813256,0.15856436548096556
"('0019893001', 'Educational Leadership Studies')",0.0008019246190858059,0.0,0.10881642863375898,2.724521523535244e-05,0.1156245758485241
"('0035303000', 'Unknown Dept')",0.002673082063619353,0.009761834822781952,0.12550322061191627,0.010117998303610187,0.13928789104210126
"('0014456000', 'Unknown Dept')",0.0013365410318096765,0.002670794934580962,0.12322134387351778,2.247424259404565e-06,0.13558848168781987
"('0038000000', 'College of Medicine')",0.0005346164127238706,0.0,0.1007975427062564,1.747798744142319e-05,0.10910256432854201
"('0027078000', 'Civil Engineering & Engineering Mechanic')",0.0010692328254477412,0.0,0.11849857459613557,1.5901436486327562e-06,0.12953601383762542
"('0016949000', 'Geography Program')",0.0010692328254477412,0.0,0.09111722726940595,4.875906200444555e-08,0.09637299586637282
"('7203582548', 'Unknown Dept')",0.0005346164127238706,0.0,0.1436967043097488,0.00020569301348718227,0.16107879374589515
"('0029728000', 'Department of Computer Science')",0.0032076984763432237,0.01073945171240788,0.13206015249929398,0.00014437360269553467,0.14516299695730409
"('0036046000', 'Mathematics')",0.0013365410318096765,0.0,0.09095329556781989,8.749128783515275e-08,0.0967091924695114
"('0025684000', 'Nevada Seismological Laboratory')",0.0013365410318096765,0.0010689469343179423,0.12304302065517696,0.0007411127046455621,0.13639448673058766
"('0038950000', 'Computer Sciences')",0.0029403902699812884,0.05302029111228827,0.16782557983042484,0.01565829672664651,0.19389195073838195
"('6250004721', 'Department of Undergraduate Education')",0.0010692328254477412,0.0,0.11616930099680153,5.618392171677884e-05,0.12424616436774992
"('0014316000', 'Materials Science and Engineering')",0.0010692328254477412,0.0005346164127238706,0.10804020100502512,2.345946296818411e-06,0.11754172762121143
"('0022905000', 'Biochemistry and Molecular Biology')",0.0008019246190858059,0.0016029915647822151,0.12136253041362531,0.0001596397537349942,0.1333737274548158
"('0023879000', 'Educational Psychology')",0.0024057738572574178,0.005335586155436148,0.10910204438741287,2.8970900957583045e-06,0.11827274323782823
"('0021030000', 'Department of Electrical and Computer En')",0.0002673082063619353,0.0,0.0646884888727499,5.789747478617987e-13,0.06757475678465283
"('4025938000', 'School for the Future of Innovation in S')",0.0005346164127238706,0.0,0.1426936720448564,0.07128815901203643,0.16058313586380968
"('0036582000', 'Aerospace Engineering and Engineering Me')",0.0010692328254477412,0.0,0.11736838802785969,3.147746634705371e-05,0.1264271576986798
"('0010819000', 'School of Molecular Sciences')",0.0029403902699812884,0.0037371688487307145,0.14277536065949165,0.09927151517312179,0.16185284984402878
"('0018408000', 'Department of Physics')",0.0005346164127238706,0.0,0.11943681757231339,5.9231034812954896e-05,0.12887938321849707
"('0021998000', 'Mechanical & Industrial Engineering')",0.0010692328254477412,0.0,0.11623065929286025,1.9003722522578196e-05,0.12469951485235202
"('0032102000', 'Biological and Population Health Science')",0.0010692328254477412,0.0,0.1211973952765089,2.087841145322985e-06,0.1329389698640607
"('7203586663', 'Unknown Dept')",0.0005346164127238706,0.0,0.09633062958671301,1.8502045948739324e-07,0.10152744379110384
"('7203578997', 'Unknown Dept')",0.0010692328254477412,0.0,0.1222908698636854,0.00035392737305572805,0.13647523325927993
"('0036756000', 'Psychology')",0.0008019246190858059,0.0010689469343179423,0.11128629224178962,1.1662926261106882e-06,0.11944559870392985
"('0038950000', 'Nelson Institute Environmental Studies')",0.0010692328254477412,0.0,0.12256732848437193,0.0006707532644088046,0.13240421325472576
"('0017756000', 'Electrical & Computer Engr')",0.0002673082063619353,0.0,0.09793706476778889,3.48890755462425e-06,0.10310101215378989
"('0022210000', 'College of Info. and Computer Sciences')",0.0005346164127238706,0.0,0.11855866134246054,0.0002162934362974454,0.12792761230659247
"('0022210000', 'ECE')",0.0005346164127238706,0.0,0.08841463414634146,3.7368849689985737e-07,0.09266184347680127
"('0022210000', 'Electrical and Computer Engineering')",0.0021384656508954825,0.0021374650319411865,0.0969849376506883,3.4765655477589296e-06,0.10303004858218963
"('0015693000', 'Earth and Atmospheric Sciences')",0.0029403902699812884,0.015582402404711778,0.12150837988826815,4.165567786737584e-06,0.13530245853822398
"('4000840000', 'Project Development')",0.0005346164127238706,0.0,0.11760082990160636,1.1210678520148102e-05,0.12622981853652557
"('7203587997', 'Unknown Dept')",0.0005346164127238706,0.0,0.12490818030050084,8.280533272183162e-05,0.13488643139806
"('5300008543', 'Constellations')",0.0013365410318096765,0.005865771255648136,0.09787556904400607,4.175602783996983e-08,0.10500847268383348
"('0017582000', 'Department of Geography')",0.0010692328254477412,0.0,0.09103961841721016,3.964913681815144e-08,0.09646824643584505
"('0026294000', 'BSPPP-Rutgers Ctr Green Bldg')",0.0010692328254477412,0.0,0.08854437869822485,4.221625080463928e-09,0.09476412450553327
"('0010819000', 'Chemical  Engineering')",0.0013365410318096765,0.0,0.12496242108427698,0.015767761208687427,0.1368378840411723
"('0080010000', 'Dept of Mathematics, Statistics and CS')",0.0013365410318096765,0.0005346164127238706,0.13220015548802036,2.8067277306539267e-05,0.14452464057162479
"('0014894000', 'GFDI')",0.0002673082063619353,0.0,0.10987106816646598,1.4516304088503707e-06,0.1203904427728589
"('0013706000', 'Communication')",0.0002673082063619353,0.0,0.09824828636709824,3.0826221796938805e-06,0.10464306697433265
"('0030908000', 'Byrd Polar and Climate Research Center')",0.0013365410318096765,0.001603277455912014,0.060050081864586345,2.0938832338277436e-12,0.06376500120838191
"('0036525000', 'Department of Earth and Atmospheric Sci')",0.0002673082063619353,0.0,0.10404672507300793,5.893861978002201e-08,0.11152937282294674
"('0027110000', 'Communication')",0.0024057738572574178,0.03456724988704648,0.1417474992421946,0.000147744889423052,0.15803598262499668
"('0020255000', 'Department of Mechanical Engineering')",0.0021384656508954825,0.0008012813640437584,0.08696359663396717,1.2877956524014687e-07,0.09310933124118684
"('7203582078', 'ECE Department')",0.0010692328254477412,0.0,0.11063792032650165,4.4846479164168545e-05,0.11802874276811638
"('4003451000', 'Marketing')",0.0005346164127238706,0.0,0.0813844714686623,1.0352118545358482e-08,0.08502041692004021
"('0026211000', 'Biological Sciences')",0.0010692328254477412,0.0,0.10767946577629382,2.7557254137162494e-07,0.11568903219440248
"('0010637000', 'Alaska Center for Energy and Power')",0.0018711574445335472,0.0006175063275741224,0.10505180983404004,8.087019229765373e-07,0.11486702909045203
"('0010819000', 'School Biological & Health Systems Eng')",0.0010692328254477412,0.0,0.14274267399267399,0.09302175549132946,0.16114002796039706
"('0010819000', 'School for the Future of Innovation in S')",0.0032076984763432237,0.004891635519849112,0.14369118494334548,0.14428066703024234,0.16344903277541634
"('0021055000', 'Office of the Provost')",0.0018711574445335472,1.9059408653257418e-07,0.09556287838148517,1.827065819688332e-07,0.10175892936328919
"('0036327040', 'Veterinary Integrative Biosciences')",0.0002673082063619353,0.0,0.11838607594936709,1.181574541851839e-06,0.12863850763680312
"('5300001252', 'Unknown Dept')",0.0010692328254477412,0.0,0.09192775525248802,7.023357051599106e-08,0.097652276958089
"('0018259000', 'Mechanical Engineering')",0.0021384656508954825,0.0026710808257107608,0.1392,0.0032430545126725377,0.15542887011411463
"('0013144000', 'Anatomy and Neurobiology')",0.0005346164127238706,0.0,0.12662898148461565,0.001631797608297485,0.14013053204288672
"('0013284000', 'Physics and Astronomy')",0.0008019246190858059,0.0036930201024590837,0.12723624243248757,0.0010384111878307557,0.13881655295696177
"('0022210000', 'College of Info & Computer Sciences')",0.0005346164127238706,0.0,0.09697488140601913,3.04317412224779e-06,0.10249543216946579
"('0013144000', 'Dept. of Electrical Eng. & Computer Sci.')",0.0008019246190858059,0.0,0.11395412592524902,8.979871889162584e-07,0.12200856697577592
"('0038158001', 'Mechanical and Industrial Engineering')",0.0008019246190858059,0.0,0.10479285134037368,4.509156057339722e-06,0.11104361429671465
"('0025650000', 'Political Sceince')",0.0005346164127238706,0.0,0.12377171215880893,6.346726774939964e-05,0.13328300868397153
"('0033787000', 'Computer & Information Science')",0.0024057738572574178,0.03153541803450966,0.13536691272253581,0.001652442387950466,0.15321292984331325
"('0038661000', 'Liberal Arts & Sciences')",0.0005346164127238706,0.0,0.10057803468208093,9.419779714738583e-07,0.1062110995194658
"('P270046760', 'Unknown Dept')",0.0002673082063619353,0.0,0.10081112398609501,6.993866640647128e-06,0.10661942484610874
"('0013177000', 'Mechanical and Aerospace Engineering')",0.0013365410318096765,0.0047187958660270205,0.14169917806143706,0.00013730101736703128,0.15784850002619732
"('0027854000', 'Computer Science and Engineering')",0.0002673082063619353,0.0,0.08373061169677029,2.6224380222063395e-06,0.08796136025321871
"('0010819000', 'Comput., Informatics, and Dec. Sys. Eng.')",0.0013365410318096765,0.006866701077763344,0.13902411832472408,0.0001333788566250371,0.15551505352675282
"('0017749000', 'Globus')",0.0010692328254477412,0.0,0.11730214473849242,6.08992996651666e-05,0.12639976551941146
"('0001065000', 'Mathematics-Physics')",0.0010692328254477412,0.0,0.08802560060236711,5.986904912302909e-07,0.0931571295233547
"('0025734000', 'Computer Science')",0.0005346164127238706,0.0,0.09656934871834585,1.8007920545512444e-08,0.10140403176727339
"('0010637000', 'Institute of Arctic Biology')",0.0016038492381716118,0.001603277455912014,0.1016852405544985,3.8188879815942374e-07,0.11010413104013474
"('0036442000', 'STEM CORE')",0.0008019246190858059,0.0,0.108984443279147,5.284565798743201e-05,0.11856996085733129
"('0021782000', 'Comparative Media Studies/Writing')",0.0002673082063619353,0.0,0.12220697765582125,0.0002389739337288785,0.13542382098092298
"('0031849000', 'School of Civil Engineering and Environm')",0.0008019246190858059,0.0,0.0920091492658452,5.067256928427867e-07,0.09850006114691345
"('0021055000', 'Information Systems')",0.0032076984763432237,0.004271356424759887,0.09121053273192735,5.522517308361788e-08,0.09867608493077251
"('0036210000', 'Natural Sciences')",0.0008019246190858059,0.0,0.11363912515188335,5.234745873802438e-07,0.1245676688840272
"('0014316000', 'IT-Network & Systems Services')",0.0008019246190858059,0.0,0.1065751239245627,2.1737934775550656e-06,0.11490542820912061
"('0025684000', 'Department of Civil and Environmental En')",0.0008019246190858059,0.0,0.11803123521060103,2.4923041459955042e-05,0.12668271471929649
"('0036616000', 'Chemistry, & Biomedical Engineering')",0.0010692328254477412,0.0,0.08951473966309341,5.9111282217208275e-08,0.09490194887861247
"('4002127000', 'Terrestrial Magnetism')",0.0002673082063619353,0.0,0.1105431121092134,3.7838129791936937e-07,0.11932742334517622
"('0034256000', 'Psychology')",0.0008019246190858059,0.0,0.11179511699488988,0.00010096121539724104,0.12220156429729889
"('0018408000', 'Office of Information Technology')",0.0010692328254477412,0.0,0.12945980551614356,0.00016729368396996278,0.14145068506405797
"('0022905000', 'Chemical Engineering and Materials Scien')",0.0005346164127238706,4.303322668594677e-05,0.1316743514835803,0.002028012138352937,0.1476448835463411
"('4003838000', 'Regents Information Systems')",0.0013365410318096765,0.0,0.09866807332190426,3.5157638460057086e-07,0.1049725569010231
"('0010819000', 'ASU Research Computing')",0.0013365410318096765,0.0005346164127238706,0.09867067573983225,3.06079915116726e-07,0.10501710826875009
"('0031849000', 'Homer L Dodge Physics and Astronomy')",0.0008019246190858059,0.0,0.0846590780510987,7.200879323926859e-08,0.0913889604496274
"('0037549000', 'Bradley Department of Electrical')",0.0010692328254477412,0.0,0.14528719561924736,0.0009977745340224715,0.16173931729264537
"('0036442000', 'Chemical Engineering')",0.0013365410318096765,0.0,0.13501515807708964,0.0004857335603211791,0.14825704600811962
"('0033290000', 'Dept. of Biobehavioral Health')",0.0010692328254477412,0.0,0.1475739644970414,0.0003413224402407397,0.16389154479217694
"('0018259000', 'Agronomy')",0.0010692328254477412,0.02981108402346927,0.132083465734562,0.00014855581148957788,0.14740861431566216
"('0038000000', 'Paul G. Allen School for Global Health')",0.0010692328254477412,0.0,0.11699765441751368,0.0001974316724560747,0.1293172576812129
"('0015982001', 'College of Journalism & Mass Communicati')",0.0010692328254477412,0.0,0.13223286557562475,4.5785451749413095e-05,0.14594165668390943
"('0029751000', 'Mathematics and Statistics')",0.0018711574445335472,0.0010690898798828418,0.098439596873931,1.2757296391704617e-06,0.10476812025410885
"('0032896000', 'Psychology')",0.0010692328254477412,0.0,0.10905433768656717,3.7762288864230742e-06,0.11595605821394694
"('0011544000', 'Education')",0.0010692328254477412,0.0,0.10155825822564882,3.6067118212919974e-06,0.10881656291450806
"('0014894000', 'Dept. of Chemistry and Biochemistry')",0.0010692328254477412,0.0,0.12114637305699481,5.385308428531449e-05,0.13060752244722662
"('0029728000', 'College of Veterinary Medicine')",0.0010692328254477412,0.0,0.12334322453016815,0.00018807128702215956,0.13509124807110012
"('0013284000', 'ISI')",0.0013365410318096765,0.0005346164127238706,0.1102206770572464,8.28227755175266e-07,0.11859445737269471
"('0039321000', 'Haub School of Environment and Natural R')",0.0010692328254477412,0.0,0.1301670146137787,0.00017749391040936617,0.14283498715004356
"('0035303000', 'Civil and Environmental Engineering')",0.0008019246190858059,0.0,0.10481927710843374,2.7609493350695907e-05,0.11388110708128758
"('0023887000', 'Computer Science')",0.0005346164127238706,0.0,0.09837488166614074,3.158363077616828e-07,0.10448446920422262
"('0036582000', 'Texas Advanced Computing Center')",0.0021384656508954825,0.009414210869394654,0.15213501423342823,0.0004061013975091611,0.1719395787624242
"('0036327040', 'Biological and Agricultural Engineering')",0.0013365410318096765,0.0,0.12256331291157488,0.00047330922683252297,0.13244876462245275
"('0033787000', 'Education')",0.0002673082063619353,0.0,0.1139437134502924,1.0090730049696934e-06,0.12174125876941398
"('0013201000', 'Political Science')",0.0008019246190858059,0.0,0.08420365535248042,7.706197990160184e-09,0.08857945894956577
"('0027854000', 'Department of Electrical Engineering')",0.0005346164127238706,0.0,0.08373248578718832,2.9042803562175593e-06,0.08809501435639969
"('0013128000', 'Plant and Microbial Biology')",0.0016038492381716118,0.0017987435752210154,0.13556312509059285,0.011249020957009744,0.15050026564661742
"('0013508000', 'Electrical and computer Engineering')",0.0010692328254477412,0.0,0.11889023072522723,1.735302650263027e-05,0.1283185047471043
"('0038000000', 'Unknown Dept')",0.0013365410318096765,0.0005346164127238706,0.1253350308228357,3.3041275168062616e-05,0.13677055513109204
"('0015982001', 'Department of Plant Biology')",0.0002673082063619353,0.0,0.0988427393785669,2.8735993375983924e-07,0.10416628939867865
"('0023259000', 'Population Studies Center')",0.0013365410318096765,0.0,0.14276991184215548,0.0002433942128432221,0.15991854884066237
"('0025361000', 'Computer Science')",0.0010692328254477412,0.0,0.08682836253916676,7.505180693203695e-09,0.09234286148446585
"('0038950000', 'Mechanical Engineering')",0.0005346164127238706,0.0,0.11945207229069545,0.0002779732782212338,0.1283953771889526
"('0096354000', 'STEM Transformation Institute, VH 176')",0.0002673082063619353,0.0,0.1268479587684796,0.00202677816725169,0.13856700224630392
"('0013169000', 'School of Medicine')",0.0010692328254477412,0.0,0.11190547412503739,2.907877091308704e-06,0.12035219754274819
"('0016105000', 'Oceanography')",0.0024057738572574178,0.0024028434731769794,0.125213374836831,2.240225940987394e-05,0.13762259330198354
"('0026575000', 'Klipsch School of Elect & Compt Engr')",0.0008019246190858059,0.0,0.12136253041362531,1.600097820051945e-05,0.13132155345113558
"('0033290000', 'Orthopaedics')",0.0002673082063619353,0.0,0.11315447203653851,1.6946764442982305e-06,0.12155777535205153
"('6250015637', 'Research and Development')",0.0010692328254477412,0.0,0.11456132292145153,2.840399375577646e-06,0.12379818846208131
"('0036582000', 'Computer Science')",0.0013365410318096765,0.0005346164127238706,0.11737207040441754,3.175280419671169e-05,0.12656081180186077
"('0500718000', 'Computer Science')",0.0010692328254477412,0.0,0.09814518456331821,9.309281976120828e-08,0.10456482792382894
"('0010819000', 'School of Computing and Augmented Intell')",0.0005346164127238706,0.0,0.10475470430107527,3.7771897270337796e-07,0.11184589933410485
"('0018259000', 'Earth & Atmospheric Sciences')",0.0008019246190858059,0.0,0.1391689297273167,0.0031288411677090934,0.15467149686275583
"('0014175000', 'Psychology')",0.0018711574445335472,0.0016029915647822151,0.10150039341237757,1.9379673160665222e-07,0.10778092026782231
"('0014811000', 'Unknown Dept')",0.0016038492381716118,0.002136750304116689,0.0962686567164179,3.3206880664223598e-06,0.10353766466663321
"('0017756000', 'Information Trust Institute')",0.0010692328254477412,0.0,0.12436835106382979,0.00031161307153857744,0.13493269257102486
"('4091876000', 'Infrastructure Strategy and Research')",0.0005346164127238706,0.0,0.1350882894594302,5.618147785599583e-05,0.1484503133253024
"('0013128000', 'Computer Science')",0.0005346164127238706,0.0,0.11211340206185567,1.8589417081651278e-05,0.12038176578484967
"('0036327060', 'Department of Mechanical Engineering')",0.0010692328254477412,0.0,0.10480459448101975,2.672489641098802e-05,0.11376972866197016
"('0036152000', 'Mathematics')",0.0016038492381716118,0.0010689469343179423,0.10914342397012487,8.724222247671667e-06,0.11730273118899831
"('0015370000', 'Unknown Dept')",0.0029403902699812884,0.011221822397353325,0.12314022383146807,7.6206193578681115e-06,0.1367495915097166
"('0022210000', 'Mathematics')",0.0008019246190858059,0.0,0.11115072644620733,1.3677408629635611e-05,0.11985781666308935
"('0019893001', 'Educational, School, and Counseling Psy')",0.0008019246190858059,0.0,0.09326386118867172,2.840693626016758e-08,0.09808176967771574
"('P269930900', 'Unknown Dept')",0.0008019246190858059,0.0,0.118795846432314,0.0002880564668273597,0.1314804875167388
"('0039545000', 'Dept. of Chemistry & CREOL')",0.0010692328254477412,0.0,0.06915739268680444,5.7355580092925574e-12,0.07312907708860047
"('0018697000', 'Department of Chemical and Biological En')",0.0010692328254477412,0.0,0.08400134725496801,1.839379139771804e-07,0.08953000476539216
"('0103952000', 'Department of Engineering')",0.0010692328254477412,0.0005346164127238706,0.13591280653950955,0.0009404944968703883,0.15261681945723676
"('0036426000', 'Mathematics')",0.0010692328254477412,0.0,0.1045673076923077,1.0270455025020008e-06,0.11175487205240171
"('0037457000', 'Computer Science')",0.0021384656508954825,0.0024023431636998314,0.11744576648981257,2.401580971546766e-06,0.1291977311511182
"('0013169000', 'Department of Environmental Sciences')",0.0002673082063619353,0.0,0.10428455941794665,3.8068792620945843e-07,0.11087324561591483
"('0029207000', 'Neurobiology')",0.0010692328254477412,0.0,0.10767946577629382,2.7557254137162494e-07,0.11568903219440248
"('0033795000', 'Chemical & Petroleum Engineering')",0.0008019246190858059,0.0005346164127238706,0.09633311016119894,1.8662917626994236e-07,0.10166109789428482
"('0026898000', 'Anthropology')",0.0010692328254477412,0.0,0.10205139396584648,4.939701381934693e-07,0.10949894865847162
"('0026278000', 'Astrophysical Sciences')",0.0008019246190858059,0.0,0.13962081062924536,0.0001103468867338635,0.15593574572771765
"('0013136000', 'School of Education')",0.0005346164127238706,0.0,0.10108898316534709,4.7264014577827253e-07,0.1072166421485884
"('0002914000', 'Psychology')",0.0008019246190858059,0.0,0.10349406589758486,2.1034533102792917e-05,0.10917546229163966
"('0032565000', 'Biostatistics')",0.0005346164127238706,0.0,0.09869410368025326,3.9874960431334855e-07,0.1043401120024938
"('0032235000', 'Department of Physics')",0.0010692328254477412,6.726339213083404e-05,0.1315123391689517,6.196628079629099e-05,0.14417004328438923
"('0038950000', 'Agronomy')",0.0008019246190858059,0.0,0.10967779764871441,2.913172456550698e-06,0.11727880123472222
"('0026997000', 'Civil & Environmental Engineering')",0.0008019246190858059,0.0005346164127238706,0.08376248264744078,2.682521853569974e-06,0.0885583485807604
"('0025890000', 'Space Science Center')",0.0010692328254477412,0.0,0.12507940753619312,1.6936083272587432e-05,0.1386786523802363
"('5300012915', 'Unknown Dept')",0.0010692328254477412,0.003736311175341318,0.10008828958985472,2.3212106338470564e-07,0.10844799461820703
"('0027078000', 'Astrophysics Laboratory')",0.0002673082063619353,0.0,0.07945542977295414,6.671599992961721e-09,0.08248340195831452
"('0015982001', 'Plant BIology')",0.0005346164127238706,0.0,0.1234897999603882,1.352061129428207e-05,0.1341897743626607
"('0021030000', 'Fischell Department of Bioengineering')",0.0010692328254477412,0.003932937947285393,0.12706769471145682,1.4221741650178081e-05,0.139954473591674
"('0029504000', 'Unknown Dept')",0.0016038492381716118,0.0010690898798828418,0.11284046692607004,1.1100340706997892e-05,0.12103020441444358
"('4003166000', 'Department of Basic Sciences')",0.0005346164127238706,0.0,0.1217535637570787,0.0002481005961925672,0.1304851879395494
"('0015370000', 'Anthropology')",0.0021384656508954825,0.002922171228697053,0.11090359302739239,1.533413507885632e-06,0.12139008290347277
"('0001057000', 'Engineering and Public Policy')",0.0008019246190858059,0.0,0.1300855414145629,1.71608387905421e-05,0.14243773574815244
"('0018929000', 'Psychological and Quantative Foundations')",0.0018711574445335472,0.0,0.08536418400876232,7.801880881890073e-09,0.09020157432709687
"('0037549000', 'Institue for Creativity, Arts, and Techn')",0.0008019246190858059,0.0,0.1265690022668065,0.00019353735492416352,0.13784131903618746
"('0032565000', 'Unknown Dept')",0.0032076984763432237,0.0036878293245987672,0.12243094645896059,3.044592432568714e-05,0.13307122459735893
"('0011643000', 'Schmid College of Science and Technology')",0.0008019246190858059,0.0,0.13750643240461663,0.002812231661491893,0.15309397932340071
"('0036046000', 'Psychological Sciences')",0.0002673082063619353,0.0,0.1285655371503196,1.0521906309010761e-05,0.1383412808798451
"('0025734000', 'Mathematics')",0.0005346164127238706,0.0,0.10736425209505224,1.1070551461204742e-05,0.1158835810645966
"('4000600000', 'Learning Programs')",0.0008019246190858059,0.0,0.12500417683028703,0.0108678411109272,0.13666858884380972
"('4062600000', 'RAL')",0.0013365410318096765,0.005529625903482896,0.14025944811037794,0.00014683727496485614,0.15598322490510855
"('0036582000', 'Chemistry')",0.0021384656508954825,0.005618549030286105,0.13539630836047775,0.00014492084241700206,0.1497236735909552
"('0011395001', 'Biological Sciences')",0.0002673082063619353,0.0,0.0921723704634489,2.843268298428192e-08,0.09783123752532563
"('0034702000', 'Physics')",0.0010692328254477412,0.0,0.10658119658119658,2.4755353156193676e-06,0.1150836336800286
"('4306054000', 'Unknown Dept')",0.0008019246190858059,0.0,0.13137378845343448,0.00011501587395446809,0.143202689303332
"('0027078000', 'Lamont-Doherty Earth Observatory')",0.0045442395081529,0.015399629716928265,0.12427745664739884,3.878714036627095e-06,0.138883927922916
"('0010512000', 'Management')",0.0008019246190858059,0.0,0.12514635533402468,0.010077544877103913,0.1370108918525121
"('0018259000', 'School of Electrical and Computer Eng.')",0.0008019246190858059,0.0,0.1480645927333175,0.015061807961694585,0.1668058666956018
"('0037549000', 'Urban Affairs and Planning')",0.0010692328254477412,0.0,0.14319617224880382,0.0008973704719220146,0.15961891178410847
"('0028381000', 'IACS')",0.0008019246190858059,0.0,0.08332219697982093,1.1749586157946483e-07,0.08767917671142926
"('0013128000', 'Chemistry')",0.0008019246190858059,0.0010689469343179423,0.08859050866723502,9.614430773837472e-08,0.09339310368479926
"('0025650000', 'Center for Science, Math and Computer Ed')",0.0029403902699812884,0.007905691980145754,0.13495184156415713,0.002579025181175976,0.1558790614624614
"('0017749000', 'Statistics')",0.0024057738572574178,0.003201337398705199,0.1328338600291162,0.00025541892363694556,0.14625465400194776
"('0017392000', 'Industrial Engineering & Management Scie')",0.0005346164127238706,0.0,0.10426712004236462,3.576302452722404e-06,0.11065956662328971
"('0023879000', 'Dept. of Comp. Sci. and Eng.')",0.0008019246190858059,0.0,0.12940159114493255,0.0002842314354342303,0.14149867250957027
"('0013151000', 'Communication')",0.0008019246190858059,0.0,0.11739416951705527,1.436284607502009e-06,0.1257963456404416
"('0014449000', 'Engineering Management & Systems Eng')",0.0010692328254477412,0.0,0.1005834431210174,1.3540084727628318e-05,0.10827751542811226
"('0035949000', 'Dept. of Computer Science & Engineering')",0.0018711574445335472,0.012751887953548409,0.10027877553208599,3.682268266383966e-07,0.10904069062990868
"('0016162000', 'Department of Marketing')",0.0008019246190858059,0.0,0.12046369344710997,4.7652401431345986e-05,0.1321795597911217
"('0037986000', 'Paul G. Allen School of Computer Science')",0.0002673082063619353,0.0,0.10062131848624223,3.952061554767088e-07,0.10699909876509471
"('0036756000', 'Department of Computer Science')",0.0005346164127238706,0.0,0.12229886560528294,5.781814695399219e-06,0.1322857085452021
"('0013169000', 'Department of Mathematics')",0.0010692328254477412,0.0,0.11190547412503739,2.907877091308704e-06,0.12035219754274819
"('0034488000', 'cHEMISTRY')",0.0010692328254477412,0.0,0.09446254071661238,7.15989878752622e-07,0.10018404394085464
"('0013201000', 'Electrical and Computer Engineering')",0.0008019246190858059,0.0005346164127238706,0.09193453258625774,5.6499906612450666e-08,0.097696828325816
"('0037457000', 'Chemistry')",0.0010692328254477412,0.0010689469343179423,0.11693548387096774,3.2059102791825594e-05,0.12553102006660566
"('0032565000', 'Materials Science and Engineering')",0.0002673082063619353,0.0,0.10024384361853211,2.3426574778479667e-07,0.1060131239206828
"('0010835000', 'Astronomy')",0.0002673082063619353,0.0,0.09999732698938815,4.3443962078521105e-07,0.10701330594988533
"('0013284000', 'Electrical Engineering-Systems')",0.0005346164127238706,0.0033194795259018327,0.1195818948983506,2.6570048251312686e-05,0.12849217520428424
"('0013128000', 'Agricultural and Resource Economics and')",0.0002673082063619353,0.0,0.10329403318883397,2.194146534697055e-07,0.10917571187913393
"('0018259000', 'ABE & EEE')",0.0010692328254477412,0.0,0.14023315965063538,0.003692632199105893,0.15637439092731786
"('0010512000', 'Electrical & Computer Engineering')",0.0002673082063619353,0.0,0.08361645060348681,2.0065587529772684e-06,0.0878967155213727
"('0021550000', 'Department of Economics')",0.0002673082063619353,0.0,0.11582401931948358,1.5050451345856778e-06,0.12412798222388224
"('0011510001', 'Unknown Dept')",0.0045442395081529,0.026086664054698745,0.15504807692307693,0.0010035160568682459,0.17694150791230873
"('0010512000', 'Aerospace Engineering and Mechanics')",0.0002673082063619353,0.0,0.08361645060348681,2.0065587529772684e-06,0.0878967155213727
"('0027854020', 'Rehabilitation Medicine')",0.0002673082063619353,0.0,0.12433941569448599,0.0002193332977130248,0.134353524790574
"('0018408000', 'Keough School of Global Affairs')",0.0010692328254477412,0.0,0.12394804850573189,0.00012439404784758725,0.1348829930512978
"('0023259000', 'Physics/Biophysics')",0.0002673082063619353,0.0,0.11859624651280751,6.57408000973242e-05,0.12982314622427346
"('0021998000', 'Office of the Provost; PhD Network')",0.0021384656508954825,0.005865056527823639,0.1314661231374754,0.0001384614674968669,0.14416945398300757
"('0029686000', 'Biological and Physical Sciences')",0.0010692328254477412,0.0005346164127238706,0.11654568678151968,2.7382954888077327e-05,0.12576376345940324
"('0026278000', 'Physics')",0.0013365410318096765,0.0026702231523213645,0.10428455941794665,6.985906852062208e-06,0.11189951199326523
"('0021055000', 'Center for Women in Technology')",0.0005346164127238706,0.0,0.08359029360504089,5.978974369938113e-09,0.08849490453631326
"('0071092000', 'Mathematics, Computer and Information Sc')",0.0010692328254477412,0.0,0.10880060493252676,6.403544129381234e-07,0.11768862648621026
"('0037549000', 'Virginia Tech Transportation Institute')",0.0005346164127238706,0.0,0.1352299016772701,0.00015307922515002284,0.14760713832486158
"('0029181000', 'Unknown Dept')",0.0016038492381716118,3.8118817306514835e-07,0.11284046692607004,1.2231774765108472e-05,0.12103020441444362
"('0027110000', 'Center for Advanced Computing')",0.0010692328254477412,0.0,0.1301670146137787,0.00017749391040936617,0.14283498715004356
"('0029728000', 'Physics  Department')",0.0005346164127238706,0.0,0.1303893206929002,0.0001241795264142037,0.14160919936428304
"('0028381000', 'Biomedical Informatics')",0.0008019246190858059,0.0,0.11083787627399858,6.82415349924909e-05,0.11893695422163647
"('0034256000', 'CU Life Sciences Outreach Center')",0.0005346164127238706,0.0,0.12577326519634213,0.0004551973293071696,0.14071796956897695
"('0032102000', 'College of Oceanic & Atmospheric Scienc')",0.0005346164127238706,0.0,0.12669759880787076,9.53753633574593e-06,0.1403512908289085
"('0010504000', 'Biology')",0.0002673082063619353,0.0,0.1127996381727725,1.4083784038751935e-06,0.12005200755849252
"('0114637000', 'Alaska Coastal Rainforest Center')",0.0010692328254477412,0.0010689469343179423,0.11306897177053739,2.4647121681765513e-06,0.12397138691114096
"('0015982001', ""President's Office"")",0.0010692328254477412,0.0,0.12970218077176437,5.7550826962929297e-05,0.14219197484033164
"('0036426000', 'Department of Physics')",0.0010692328254477412,0.0,0.11138569642112785,2.043588797035015e-06,0.11975977684548104
"('0032169000', 'Anthropology')",0.0008019246190858059,0.0,0.09009681614565772,2.2723353552671443e-06,0.09617600708671141
"('0015370000', 'Civil and Environmental Engineering')",0.0024057738572574178,0.0023875548159731736,0.11090030533898557,1.6683052647341927e-06,0.12125642880029178
"('0030908000', 'Engineering Education')",0.0018711574445335472,0.0037380265221201112,0.12570564516129032,0.016555656299605023,0.138434298408236
"('0023259000', 'LSA Mathematics')",0.0008019246190858059,0.0,0.11869031377899045,8.401106893228592e-05,0.1305009634618341
"('0013706000', 'ATLAS')",0.0016038492381716118,0.002136750304116689,0.11797912264656722,3.8971476044827164e-05,0.12699974518338547
"('0036772000', 'Plants, Soils and Climate')",0.0008019246190858059,0.0,0.08266672559331771,2.8518346482190056e-07,0.08743163264242862
"('0035949000', 'MLOM')",0.0008019246190858059,0.0,0.11112431308480618,2.3387796699745802e-06,0.12005345414055696
"('0033290000', 'School of Engineering')",0.0002673082063619353,0.0,0.13638352169157855,0.000568926758686834,0.14951329336854707
"('0028373000', 'Mechanical and Aerospace Engineering')",0.0005346164127238706,0.0,0.10728112184910098,2.9122441957807536e-06,0.11393918967035475
"('7203589861', 'Unknown Dept')",0.0008019246190858059,0.0,0.12685656154628688,0.002514911686136209,0.13883431045266584
"('0011510001', 'Anthropology')",0.0016038492381716118,0.0035060736597834863,0.1248915003004607,1.2997742713460657e-05,0.14187041754851584
"('0023259000', 'Biomedical Engineering')",0.0024057738572574178,0.010832520411032349,0.15686850050318685,0.0006115347559900839,0.17984642102171264
"('7203588342', 'Unknown Dept')",0.0005346164127238706,0.0,0.1127554403520405,4.3916371359604334e-05,0.1201474740332701
"('0027078000', 'Economics Department')",0.0005346164127238706,0.0,0.10329688535453943,2.4315001115921836e-07,0.10930936598231487
"('0013201000', 'Unknown Dept')",0.00400962309542903,0.009564442880840268,0.12342868454914382,1.4920729552578018e-05,0.14076785427674648
"('0018259000', 'Department of Computer Information and G')",0.0008019246190858059,0.0,0.1254863813229572,0.00013185675442721514,0.13687761475321664
"('5300001121', 'Mathematics and Sciences')",0.0010692328254477412,0.0,0.1285876327638951,1.0258695267376463e-05,0.14065194209186913
"('0013714000', 'Geography and the Environment')",0.0010692328254477412,0.0,0.11171165790731008,3.572671666252644e-05,0.12007297336617033
"('0035238000', 'Agriculture')",0.0008019246190858059,0.0,0.0950868007015225,2.288236193810581e-05,0.10168722782751763
"('4012365000', 'STEM Education Evaluation Center (SEEC)')",0.0005346164127238706,0.0,0.10902891116810445,4.959930377706163e-05,0.11882835879014787
"('6250026601', 'Unknown Dept')",0.0010692328254477412,0.0,0.09192775525248802,7.023357051599106e-08,0.097652276958089
"('0021055000', 'Chem., Biochem. & Enviro. Engineering')",0.0010692328254477412,0.0,0.08359589729838439,7.644731753203113e-09,0.08880676411040217
"('0020776000', 'Emergency Medicine')",0.0010692328254477412,0.0,0.11021742973307407,8.210349464474317e-07,0.11846080326951373
"('0015362000', 'Department of Physics')",0.0010692328254477412,0.0,0.11264679313459801,0.0004072809808510078,0.12119242843156673
"('0028365000', 'Biological Sciences')",0.0013365410318096765,0.002136750304116689,0.10285384361596833,2.1629072149093263e-07,0.10985509872532073
"('7203589361', 'Unknown Dept')",0.0010692328254477412,0.0,0.06652558950101362,1.4888588775086746e-10,0.07138453934155307
"('0010819000', 'School of Life Science')",0.0005346164127238706,0.0,0.12491235099669439,0.018088602128369855,0.13613397243108585
"('0033290000', 'Engineering Science & Mechanics')",0.0016038492381716118,0.002136750304116689,0.12866723989681858,3.964236570808388e-05,0.13964462276057257
"('0033290000', 'Computer Science and Engineering')",0.0016038492381716118,0.004212431162512147,0.15089545014520814,0.0016749555024623522,0.16791940309028375
"('6250004705', 'NBCL')",0.0002673082063619353,0.0,0.1038935792046212,8.767006303101143e-07,0.11062078369380463
"('0015693000', 'Electrical  and Computer Engineering')",0.0002673082063619353,0.0,0.1385606874328679,8.813573695428439e-05,0.15375898711551408
"('0010835000', 'Systems and Industrial Engineering')",0.002673082063619353,0.0058689160580759235,0.13147074327886135,0.00042590130556448264,0.14611074125909804
"('0021030000', 'Plant Science and Landscape Architecture')",0.0005346164127238706,0.0005346164127238706,0.11640063474283581,3.85089372099523e-06,0.12596817031106344
"('0021626000', 'Ecosystems Center')",0.0010692328254477412,0.0,0.0862398856589594,3.300223942032109e-08,0.08995531505266832
"('P270037173', 'Unknown Dept')",0.0002673082063619353,0.0,0.12182889894812257,5.041482911826754e-05,0.1315396319859979
"('0038950000', 'Nelson Institute for Environ. Studies')",0.0010692328254477412,0.0,0.12256732848437193,0.0006707532644088046,0.13240421325472576
"('0015982001', 'Unknown Dept')",0.005346164127238706,0.016673878430595517,0.14087742421389568,0.0001252910274402597,0.1589761982203842
"('0033795000', 'Psychology')",0.0008019246190858059,0.0005346164127238706,0.11291880470872322,1.365497384379658e-06,0.1211498805489076
"('0013169000', 'Department of Computer Science and Engin')",0.0005346164127238706,0.0010689469343179423,0.10429618890964343,3.844246195126394e-07,0.11111827813841328
"('0036327060', 'Engineering Technology and Industrial Di')",0.0016038492381716118,0.0009281838418825998,0.1318181818181818,0.00012966063819854853,0.1449829210855683
"('0023879000', 'Mechanical Engineering')",0.0018711574445335472,0.008260548810079737,0.1378662244333886,0.0001128538336003264,0.15355008388818983
"('0036327060', 'Electrical Engineering')",0.0010692328254477412,1.4294556489943064e-07,0.1294060673146771,8.630455527439257e-05,0.1406828017747177
"('0014803000', 'College of Science and Technology')",0.0013365410318096765,0.0,0.13624444606307815,0.015201669008785659,0.15180090076842295
"('0017749000', 'Business')",0.0002673082063619353,0.0,0.1327395947911862,0.0001674199167263325,0.1450027605688194
"('0014803000', 'Chemistry/Chemical Engineering')",0.0010692328254477412,0.0,0.06915227919701283,5.7064394354910495e-12,0.07295087161769258
"('0011080000', 'CSCE')",0.0016038492381716118,0.0032034101093962406,0.11566645023652722,0.00021550114736605363,0.12507239043101562
"('0027110000', 'Earth and Atmospheric Science')",0.0002673082063619353,0.0,0.13465068567109384,0.0015065521962018158,0.1481996819005645
"('0018408000', 'Dept. of Computer Science and Engineerin')",0.0005346164127238706,0.0005346164127238706,0.11944063088662558,5.347829655863361e-05,0.12892393458622406
"('0023879000', 'Department of Earth Sciences')",0.0024057738572574178,0.009581784160773736,0.1392777364110201,0.00013581191638966514,0.15671804653006652
"('0021303000', 'Electrical & Computer Engineering')",0.0002673082063619353,0.0,0.09116829945898523,2.9947829553958164e-08,0.09677328506596014
"('0017491000', 'Policy Research Collaborative')",0.0010692328254477412,0.0,0.09111722726940595,4.875906200444555e-08,0.09637299586637282
"('0036756000', 'School of Biological Sciences')",0.0002673082063619353,0.0,0.09478324761204997,2.4350536418032588e-06,0.10073305578999012
"('0096354000', 'Earth and Environment')",0.0008019246190858059,0.0,0.12685656154628688,0.002514911686136209,0.13883431045266584
"('0001024000', 'Biology')",0.0002673082063619353,0.0,0.09395720313441833,2.923773397159502e-06,0.098692613387198
"('0026278000', 'Electrical and Computer Engineering')",0.0008019246190858059,0.0,0.09511823035850496,2.824394223924501e-08,0.10067769149419475
"('6250014545', 'Research and Evaluation')",0.0005346164127238706,0.0,0.11361151603498543,0.00021649898414533264,0.1235695111155032
"('0023259000', 'SNRE')",0.0008019246190858059,0.0,0.14275901545506584,0.00018365896756523156,0.1596512406343005
"('0010637000', 'Cooperative Extension')",0.0013365410318096765,0.0,0.12256331291157488,0.00047330922683252297,0.13244876462245275
"('0022301000', 'Physical Oceanography, Mail Stop 21')",0.0002673082063619353,0.0,0.10105894429736885,1.7359011398470706e-06,0.10715126706788301
"('0037986000', 'Department of Health Systems and Populat')",0.0010692328254477412,0.0,0.11021742973307407,8.210349464474317e-07,0.11846080326951373
"('0029058000', 'Mechanical Engineering')",0.0010692328254477412,0.0,0.0945054945054945,1.358078625779298e-07,0.10101688916069276
"('0021998000', 'Marine and Environmental Sciences')",0.0013365410318096765,0.0032034101093962406,0.10418581335115716,1.968947565525954e-06,0.11082273126237319
"('0028381000', 'Computer Science Department')",0.0005346164127238706,0.0,0.13638849392978233,0.0006301107799117499,0.1496469474717281
"('0015354000', 'Department of Natural History')",0.0005346164127238706,0.0,0.13061694773227192,0.00015893642463380887,0.14385672573971617
"('5300011389', 'Applied Psychology')",0.0010692328254477412,0.0,0.10186521443158611,6.881193145489154e-07,0.10897669947832955
"('0014175000', 'Molecular and Cell Biology')",0.0002673082063619353,0.0,0.11125650557620818,0.001249452362897648,0.11904314205012302
"('0037275000', 'Information & Engineering Technologies')",0.0008019246190858059,0.0,0.09121053273192735,4.21960646992072e-08,0.09751729290700073
"('0010819000', 'ECEE')",0.0005346164127238706,0.0,0.1426936720448564,0.07128815901203643,0.16058313586380968
"('0013136000', 'Land Air and Water Resources Department')",0.0005346164127238706,0.0,0.13859662122110256,0.0022576109632554604,0.15189840042132688
"('0034256000', 'Educational & Organizational Leadership')",0.0005346164127238706,0.0,0.120486972205224,0.000270694567035072,0.1336258517310689
"('0014175000', 'Extension')",0.0008019246190858059,0.0,0.10580948071048761,2.79283998695703e-05,0.11453383198338733
"('0018259000', 'Biological Sciences')",0.0008019246190858059,0.0,0.13914822391668216,0.0030577253704787725,0.15453784275957483
"('5300001194', 'Early Childhood and Elementary Education')",0.0008019246190858059,0.0,0.14238952536824878,0.0007314995479287568,0.1584054544323899
"('0089078000', 'Unknown Dept')",0.0010692328254477412,0.0,0.10974214556015137,0.0001105730833408921,0.11992367841759234
"('0013508000', 'Forest & Rangeland Stewardship')",0.0013365410318096765,0.0,0.09896301782974445,1.9765609445618613e-05,0.106916787421794
"('0023606000', 'Unknown Dept')",0.0010692328254477412,0.0010689469343179423,0.13227962236130264,0.00014698557986917894,0.14428729442763277
"('5300012607', 'AA Department')",0.0008019246190858059,0.0,0.11718456333792758,2.9766767017603102e-06,0.12964759255504052
"('0114629000', 'Electrical Engineering')",0.0010692328254477412,0.0016029915647822151,0.09507230171033572,5.0973451439873855e-08,0.10234608222000731
"('0018929000', 'Department of Management Sciences')",0.0005346164127238706,0.0,0.1208567551851134,1.8951672498050576e-05,0.13046084792275695
"('0030908000', 'Dept. of Anthropology')",0.0013365410318096765,0.0,0.11578817047881396,0.0003211917039982192,0.12636245608968338
"('0038273001', 'Computer Science & Elect. Engineering')",0.0010692328254477412,0.0,0.10369200066522534,2.958029993581994e-05,0.11039043394566533
"('0033795000', 'Mechanical Engineering Materials Science')",0.0008019246190858059,0.0,0.12348572371678494,0.00042626776370180143,0.13468752870965292
"('0026633000', 'Chemical and Biological Engineering')",0.0010692328254477412,0.0,0.10283687943262411,5.607014394398743e-07,0.11094731214017352
"('0026633000', 'Department of Anthopology')",0.0005346164127238706,0.0,0.09922024188415023,3.5829337801902096e-07,0.1066064249156593
"('0015354000', 'School of Forest Resources &Conservation')",0.0002673082063619353,0.0,0.11554141701155106,1.748188259670281e-05,0.1241349631250096
"('0016105000', 'Water Resources Research Center')",0.0016038492381716118,0.0,0.12100921882581271,1.9351814262250404e-05,0.131077884431227
"('0027078000', 'Unknown Dept')",0.005078855920876771,0.03186203113861388,0.13324073084731275,1.0942169048612205e-05,0.1508032299619109
"('0010637000', 'Arctic and Northern Studies')",0.0008019246190858059,0.0,0.1016852405544985,4.1958310394069444e-07,0.10994820125309027
"('0022707000', 'Architecture Construction Tech')",0.0005346164127238706,0.0,0.1322889776866226,0.0014052275028223304,0.15005695734975438
"('0035303000', 'Mechanical, Aerospace, and Biomedical En')",0.0010692328254477412,0.0,0.0945054945054945,1.358078625779298e-07,0.10101688916069276
"('0027854000', 'Chemistry')",0.0010692328254477412,0.0,0.11209660504000239,7.053210827107602e-05,0.12057307093393616
"('0036756000', 'Dept. of Atmospheric Science')",0.0008019246190858059,0.0,0.11943681757231339,6.393139411172234e-06,0.12875733947175394
"('0010819000', 'Electrical, Computer & Energy Engineerin')",0.0013365410318096765,0.0192894327473353,0.15105386416861827,0.09186338935053238,0.17118872766426846
"('0014316000', 'Civil & Environmental Engineering')",0.0018711574445335472,0.002136750304116689,0.10659941870405197,2.2995604774006873e-06,0.11561825009275248
"('0020107000', 'Graduate School')",0.0013365410318096765,0.0,0.08695753236791334,1.201705002087121e-07,0.092708368931644
"('0030908000', 'Evolution, Ecology, and Organismal Biolo')",0.0018711574445335472,0.0029584553751323974,0.12008859784283513,0.0003280762691575116,0.13124350554359052
"('0039446000', 'Unknown Dept')",0.0002673082063619353,0.0,0.1028934484845151,1.3338859938833835e-07,0.10978427353492083
"('0036525000', 'EDuc Leadership & Policy Studies')",0.0010692328254477412,0.0007849586162010728,0.10987752224865627,1.0332370303359817e-06,0.11720352882141097
"('0011544000', 'Health Equity Institute')",0.0005346164127238706,0.0,0.11519985218944387,0.0005044534702769833,0.12309846961186621
"('0021550080', 'Epidemiology')",0.0013365410318096765,0.01310900665080615,0.1349859276899762,0.00021895518785541922,0.14991073217463674
"('7203580410', 'Unknown Dept')",0.0010692328254477412,0.0,0.0998452012383901,3.8819348302974956e-07,0.10704871244491232
"('0010553000', 'Mechanical and Aerospace Engineering')",0.0008019246190858059,0.0,0.12607845780533836,2.9806867882050693e-05,0.1382554734456898
"('0114637000', 'Environmental Science')",0.0005346164127238706,0.0,0.10158859470468432,2.686544987463013e-07,0.10899034684696009
"('4007241000', 'SSRC')",0.0005346164127238706,0.0,0.11846105129829006,2.174941197368395e-05,0.12779464568169202
"('6250003227', 'Psychological Sciences')",0.0008019246190858059,0.0,0.10349406589758486,2.1034533102792917e-05,0.10917546229163966
"('0015354000', 'Geography')",0.0021384656508954825,0.011176627828356683,0.13248105389900133,0.0014032681833890896,0.15207513430778696
"('0021030000', 'Center for Global Sustainability')",0.0013365410318096765,0.0,0.1302758044295863,0.0021024161989890455,0.14219470158370742
"('0027078000', 'Anthropology')",0.0002673082063619353,0.0,0.11757865292139422,1.0645203115684068e-06,0.12798224775546152
"('0015982001', 'Center for Applied Genetic Technologies')",0.0010692328254477412,0.0005346164127238706,0.10968101325202298,2.938794566151418e-06,0.11741245533790318
"('5300001373', 'Department of Sociology')",0.0010692328254477412,0.0,0.10083286164793402,1.0322921669040307e-05,0.10719859262655959
"('4005658000', 'Statistics and Data Science')",0.0002673082063619353,0.0,0.10171288743882545,0.00013190493506296918,0.10768590690756658
"('0032896000', 'Journalism and Communication')",0.0005346164127238706,0.0,0.1265390339602219,1.8099479367145917e-05,0.1366745712640573
"('0014811000', 'Chemistry & Biochemistry / College of Sc')",0.0010692328254477412,0.0,0.08782308613282626,4.787918704436348e-07,0.09318824964253102
"('0013706000', 'CARTSS')",0.0010692328254477412,0.0016029915647822151,0.10554975594616708,3.928354512947269e-06,0.1119463669182982
"('0023259000', 'Earth and Environmental Sciences')",0.0008019246190858059,0.0,0.09139325238804877,2.304793584297789e-05,0.09741717658826983
"('0036525000', 'Department of Curriculum & Instruction')",0.0008019246190858059,0.0002672367335794856,0.10282839943926775,1.268100058956457e-07,0.1090978458124301
"('4013520000', 'Unknown Dept')",0.0010692328254477412,0.0,0.12576058089891418,0.000269237521979008,0.13655780125307043
"('6250020070', 'Dean of Instruction')",0.0008019246190858059,0.0,0.1426991150442478,0.0798724408443015,0.16071678996699063
"('0013508000', 'Chemistry')",0.0002673082063619353,0.0,0.11887889669198258,1.2279574069980377e-05,0.1279175424375614
"('0038950000', 'Pathobiological Sciences')",0.0008019246190858059,0.0,0.09329875052996484,2.758152519062132e-08,0.09870876097926115
"('0013284000', 'Earth Sciences')",0.0008019246190858059,0.0,0.09139325238804877,2.304793584297789e-05,0.09741717658826983
"('0030320000', 'Electrical Engineering and Computer Scie')",0.0010692328254477412,0.0,0.09195713091785064,4.858810659022894e-06,0.0964670166111505
"('0013706000', 'Cntr for STEM Learning')",0.0013365410318096765,0.0,0.09547995201755953,5.255789965975984e-07,0.10010782683727021
"('6250009905', 'Unknown Dept')",0.0010692328254477412,0.0,0.11174836454879469,5.155075829086947e-05,0.12171595438907468
"('0033795000', 'Rehabilitation Science and Technology')",0.0010692328254477412,0.0,0.1328291435875586,0.0005996060779428779,0.14928845393607948
"('0033290000', 'Architectural Engineering')",0.003475006682705159,0.019752755027313728,0.15019270916974467,0.0005506175242444922,0.168066499749008
"('0037051000', 'Computer Science')",0.0008019246190858059,0.0,0.10926455984578538,2.2136354519933543e-06,0.1156041274813318
"('0037986000', 'Department of Chemistry')",0.0010692328254477412,0.0,0.13223753976670202,0.00041643339968540355,0.1446715962919569
"('0028381000', 'Theoretical Physics')",0.0010692328254477412,0.0,0.08332405283203778,1.3359026043460346e-07,0.08781283081461022
"('0032102000', 'COMES')",0.0005346164127238706,0.0,0.1119356093474163,4.5396256610717467e-07,0.12159633628806633
"('0014316000', 'Center for Composite Materials')",0.0010692328254477412,0.0,0.1369476882527364,0.0024195920409422907,0.1578972480636472
"('0015982001', 'College of Engineering')",0.0008019246190858059,0.0,0.12424443706409831,4.243758274144408e-05,0.13460405428128056
"('0036046000', 'Statistics')",0.0005346164127238706,0.0,0.12856995566553253,1.1657398675915898e-05,0.13847493498302607
"('7203589433', 'Unknown Dept')",0.0010692328254477412,0.0,0.11696838945689898,8.82642688629213e-06,0.12614958036781557
"('4002341000', 'Unknown Dept')",0.0013365410318096765,0.010638008939815629,0.12921387123514783,1.4937529451960396e-05,0.14178397817779495
"('0036707000', 'Unknown Dept')",0.0016038492381716118,0.0005346164127238706,0.11504043789784434,3.112521959870174e-06,0.1231886315279342
"('0018697000', 'Aerospace Engineering')",0.0021384656508954825,0.0005352644326180813,0.10080025866946891,3.464801621325047e-05,0.10950352663808491
"('0010835000', 'Biomedical Engineering')",0.0008019246190858059,0.0,0.11620538626409468,5.160840206951797e-05,0.12554339502013917
"('0014316000', 'Department of Geography and Spatial Scie')",0.0010692328254477412,0.0,0.10103438031706592,1.3792047433065925e-06,0.1069837659723964
"('0025171000', 'Department of Computer Science')",0.0002673082063619353,0.0,0.09181044003239502,7.034830902058769e-09,0.09660995923763266
"('0018697000', 'Senior Vice President and Provost')",0.0018711574445335472,0.0,0.08536418400876232,7.801880881890073e-09,0.09020157432709687
"('0022905000', 'Community Sustainability')",0.0008019246190858059,0.0,0.13639346653055273,0.000706042374420968,0.14978060157490905
"('0026575000', 'Department of Biology')",0.0008019246190858059,0.0,0.09143122494867534,5.96079167991212e-08,0.0975507158198855
"('0010868000', 'Chemisty and Physics')",0.0018711574445335472,0.0,0.09758706143211164,9.692715650941936e-06,0.10441310100715447
"('0034389000', 'Department of Health Sciences and Resear')",0.0002673082063619353,0.0,0.0885653409090909,3.623499504383152e-08,0.09261374871417823
"('0035949000', 'Department of Information Science')",0.0010692328254477412,0.0,0.1002143048486472,3.54909960298567e-07,0.10800709889864249
"('0034702000', 'Civil and Environmental Engineering')",0.0021384656508954825,0.0008012813640437584,0.0866373320981936,3.591938651722521e-08,0.09240200647848242
"('0026278000', 'Mathematics')",0.0008019246190858059,0.0,0.0984214680347277,9.856217052911057e-07,0.10433151685038433
"('6250021099', 'School of Government and International A')",0.0002673082063619353,0.0,0.0646884888727499,5.789747478617987e-13,0.06757475678465283
"('0013706000', 'Civil, Environ. & Arch. Engineering')",0.0016038492381716118,0.001603277455912014,0.10894952966188078,3.099888349273575e-05,0.11832492833483285
"('0015354000', 'Engineering Education')",0.0010692328254477412,0.009840832161890736,0.1417152814607167,0.00019632072345326403,0.15665552444822703
"('7203586060', 'Unknown Dept')",0.0008019246190858059,0.0,0.11137906395141121,0.002247174915431273,0.11987275216201056
"('0010520000', 'Department of Physics')",0.0016038492381716118,0.0010689469343179423,0.12620605897037987,3.872731338721202e-05,0.13913313538991134
"('0037986000', 'Statistics and Sociology')",0.0002673082063619353,0.0,0.10329403318883397,2.194146534697055e-07,0.10917571187913393
"('0026633000', 'Department of Biology')",0.0013365410318096765,0.0050555857917350365,0.10894001164822364,1.3598090519281116e-06,0.11836622049131947
"('0015693000', 'Wallace H. Coulter Department of Biomedi')",0.0002673082063619353,0.0,0.13465068567109384,0.0015065521962018158,0.1481996819005645
"('0013789000', 'Geological Sciences')",0.0008019246190858059,0.0,0.09316398954053044,2.876208214078329e-07,0.09901301902724378
"('0031849000', ""Women's & Gender Studies/Political Sci."")",0.0013365410318096765,0.0,0.09201367538185307,6.456358236253287e-07,0.0987673693532754
"('0028944000', 'Department of Physics and Astronomy')",0.0002673082063619353,0.0,0.11108471657214122,0.0012884652707837823,0.1187633170309235
"('0021782000', 'Electrical Engineering and Computer Scie')",0.0002673082063619353,0.0,0.12119346896462356,7.891320673464338e-06,0.1347023361422628
"('0027110000', 'Government')",0.0005346164127238706,0.0,0.12415784408084697,1.592312887707019e-05,0.13421124447234203
"('0034488000', 'Chemistry and Biochemistry')",0.0010692328254477412,0.0,0.09446254071661238,7.15989878752622e-07,0.10018404394085464
"('6250009518', 'Film Development')",0.0008019246190858059,0.0,0.11064119247604401,2.520470934016845e-06,0.11793819360791201
"('0017756000', 'Department of Atmospheric Sciences')",0.0005346164127238706,0.0,0.12167436414492942,1.602773065148044e-05,0.13157832167383962
"('0013169000', 'Bourns College of Engineering')",0.0010692328254477412,0.0,0.0992518306271888,1.4904552959378318e-07,0.10539018395145365
"('0028373000', 'Department of Chemistry')",0.0016038492381716118,0.011947742950321368,0.14819363016954523,0.010365130953336564,0.1661993123600976
"('0025064000', 'Family of Community Medicine')",0.0010692328254477412,0.0,0.11194900798994524,6.071600931490089e-07,0.12195274722988224
"('0037986000', 'School of Interdisciplinary Arts and Sci')",0.0010692328254477412,0.0,0.12120524866353474,1.1141331925785335e-05,0.1351032984518057
"('0037986000', 'Department of Astronomy')",0.0005346164127238706,0.0005346164127238706,0.08380188615846419,5.242414562047963e-09,0.08768762038634402
"('0025692000', 'Center for Gaming Innovation')",0.0010692328254477412,0.0,0.10949161471595399,0.00010560673538239282,0.1183764730612451
"('0013144000', 'Department of Physics and Astronomy')",0.0002673082063619353,0.0,0.11393677285740392,8.660773797077468e-07,0.12165215603396
"('0014449000', 'School of Media & Public Affairs')",0.0010692328254477412,0.0,0.1005834431210174,1.3540084727628318e-05,0.10827751542811226
"('0021030000', 'Electrical & Computer Engineering')",0.0002673082063619353,0.0,0.11526374168104511,0.00014119164953289403,0.12280974167148033
"('0026633000', 'Department of Geography and Environmenta')",0.0010692328254477412,0.0,0.10739199081383666,1.2508457923906965e-06,0.11528034789627208
"('0039446000', 'Civil Engineering')",0.0013365410318096765,0.0005346164127238706,0.11469127475626954,1.3706364494932421e-06,0.12523630472708205
"('P270071845', 'Unknown Dept')",0.0010692328254477412,0.0,0.10879427674053394,6.296998243815081e-07,0.11759952375075627
"('0013169000', 'Environmental Sciences')",0.0013365410318096765,0.003736311175341318,0.12375533428165007,1.0273264866925211e-05,0.13529393318816843
"('0038273001', 'Computer Science and Electrical Eng.')",0.0010692328254477412,0.0,0.10369200066522534,2.958029993581994e-05,0.11039043394566533
"('0033704000', 'Department of Engineering')",0.0002673082063619353,0.0,0.12119346896462356,7.891320673464338e-06,0.1347023361422628
"('0036616000', 'School of Pharmacy')",0.0013365410318096765,0.0,0.12458787091617544,1.385144682708622e-05,0.13429941256371844
"('0001057000', 'Psychology')",0.0008019246190858059,0.0005346164127238706,0.11175170271239096,4.731041248020437e-05,0.12184960849225565
"('0001966000', 'School of Criminology and Justice Studie')",0.0005346164127238706,0.0,0.08223423898707465,5.145949615999301e-09,0.08598045446572829
"('0011544000', 'Unknown Dept')",0.0024057738572574178,0.002137322086376287,0.1301896641726118,0.00469356042157024,0.14233712131313556
"('0027110000', 'Johnson School of Business')",0.0002673082063619353,0.0,0.09969353764157228,1.7401695034815888e-07,0.10489157932362018
"('0033795000', 'Department of Computer Science')",0.0016038492381716118,0.0009208156374510685,0.13451511991657977,0.0017424686891674885,0.14825143035495075
"('0021030000', 'SVPAAP')",0.0010692328254477412,0.008637758884159366,0.15031340405014465,0.0023360071839294647,0.16710660989577458
"('0015693000', 'ECE')",0.0005346164127238706,0.0,0.14593898728251542,0.0002588969091430619,0.16362001881896648
"('0032896000', 'Computer Science & Engineering')",0.0016038492381716118,0.006784954290318881,0.14250342831022397,0.00014539738782636016,0.15762533933143438
"('0033787000', 'Unknown Dept')",0.0037423148890670943,0.033461474600519146,0.14497752286467214,0.015173543489292793,0.16747547093377052
"('0013151000', 'Electrical Engineering')",0.002673082063619353,0.003738884195509508,0.1166147132169576,7.999972752747443e-06,0.12681092212543546
"('6250009518', 'Unknown Dept')",0.0008019246190858059,0.0,0.11064119247604401,2.520470934016845e-06,0.11793819360791201
"('0036707000', 'Manufacturing Engineering Technology')",0.0002673082063619353,0.0,0.11501921598770176,1.8671834494486383e-06,0.12247580964430237
"('0033290000', 'Computer Science & Engineering')",0.0010692328254477412,0.0,0.13470401843583465,0.00026146954037879365,0.14624592079130064
"('0013706000', 'Department of Computer Science')",0.0013365410318096765,0.0,0.13166044907439994,0.000115603036004081,0.14418099456839567
"('0029207000', 'Physics')",0.0002673082063619353,0.0,0.11274184798987402,2.333127842570679e-06,0.11969366338263396
"('6250032658', 'Unknown Dept')",0.0002673082063619353,0.0,0.14024893154382545,0.0001398358303304522,0.1551357696192303
"('0022905000', 'Biomedical Engineering')",0.0013365410318096765,0.005865056527823639,0.13765822784810128,0.003930411233439373,0.15870464560850858
"('0021626000', 'The Ecosystems Center')",0.0010692328254477412,0.0,0.09436960799152413,2.70837293722823e-07,0.09935090703687517
"('0025684000', 'Natural Resources and Environmental Scie')",0.0021384656508954825,0.005807157343909723,0.12616349656009712,3.7344284195594064e-06,0.14125705927029067
"('7203580380', 'Unknown Dept')",0.0013365410318096765,0.0,0.1301715438950555,0.0002020731562667471,0.14296864125322445
"('0028373000', 'Environment and Sustainability')",0.0005346164127238706,0.0,0.1426936720448564,0.07128815901203643,0.16058313586380965
"('0010819000', 'School of Sustainability')",0.0013365410318096765,0.0005347593582887701,0.14271544653416243,0.08794406613434258,0.1610286495410795
"('0001479000', 'Biomedical Engineering')",0.0008019246190858059,0.0,0.11195570851414036,3.841852891485056e-05,0.11973614166877918
"('0016105000', 'Information Technology')",0.0016038492381716118,4.288366946982919e-07,0.12100139082058414,1.6795182019599945e-05,0.13098878169577305
"('0021030000', 'ECE Department')",0.0005346164127238706,0.0,0.11166497522535968,0.00017909019026646862,0.11972857181534415
"('0013177000', 'Department of Anthropology')",0.0002673082063619353,0.0,0.12075532601678503,1.1589101300090044e-05,0.13066116763566563
"('0037903000', 'Unknown Dept')",0.0010692328254477412,0.0,0.11194900798994524,6.071600931490089e-07,0.12195274722988224
"('0025650000', 'School of Computing')",0.0013365410318096765,0.0010689469343179423,0.14066553863508177,0.0009227495756981237,0.15547047401498168
"('0032193000', 'Unknown Dept')",0.0010692328254477412,0.0,0.10350265604249669,2.46342344506598e-05,0.10937594344641109
"('0022210000', 'Department of Physics')",0.0002673082063619353,0.0,0.12221096991277645,0.0003172169253686249,0.13215889403386552
"('0033795000', 'Computer Science/Arts and Sciences')",0.0002673082063619353,0.0,0.11009741310809618,2.098907335325701e-05,0.11782237997082311
"('0014449000', 'Sustainable GW')",0.0008019246190858059,0.0,0.10190683737401253,4.528764212944786e-08,0.10930761020847062
"('0036707000', 'Civil and Environmental Engineering')",0.0013365410318096765,0.0,0.11503690036900369,3.0820924142382953e-06,0.12305497742475323
"('0030320000', 'Electrical and Computer Engineering')",0.0005346164127238706,0.0,0.09195713091785064,4.428978088229523e-06,0.0964670166111505
"('0015693000', 'School of Interactive Computing')",0.0032076984763432237,0.0065622933488849785,0.12735752706475115,9.90409385168994e-05,0.14031839284091843
"('0016105000', 'Atmospheric Sciences')",0.0010692328254477412,0.0,0.12099356382806689,1.4532359819195937e-05,0.1307214734894111
"('0018093000', 'Physics')",0.0016038492381716118,0.0,0.12497077000167028,8.652194076235683e-05,0.1361688392850184
"('0026278000', 'Physics Department')",0.0010692328254477412,0.0,0.10427002619989965,6.923972229732912e-06,0.11160992810303984
"('0014175000', 'Computer Science & Engineering')",0.0013365410318096765,0.001603277455912014,0.11947877742646354,0.00023267313161923306,0.12892553846490384
"('5300001194', 'Geosciences')",0.0021384656508954825,2.858911297988613e-07,0.10858270687603402,1.0742707417385453e-06,0.11863449327939858
"('0080127000', 'US:IT-Networkmaine')",0.0005346164127238706,0.0,0.07262385463581301,1.3632226523771742e-09,0.07740296598072259
"('0014266000', 'Department of Computer Science')",0.0008019246190858059,0.0,0.09240002963914343,5.077697100154692e-08,0.09675659287687771
"('0027078000', 'Dept of Computer Science')",0.0005346164127238706,0.0016029915647822151,0.11965839303991811,1.6777011218821283e-06,0.12901260870315412
"('0080010000', 'Civil, Materials, and Environmental Engi')",0.0010692328254477412,0.0,0.11681863602298276,4.121643231585473e-06,0.12539185601404873
"('0036707000', 'Mechanical Engineer')",0.0013365410318096765,0.0,0.11503690036900369,3.0820924142382953e-06,0.12305497742475323
"('7203590747', 'Unknown Dept')",0.0002673082063619353,0.0,0.09328711784948382,3.21019258030441e-09,0.09830084010929005
"('0013193000', 'Biochemistry & Biophysics')",0.0008019246190858059,0.0,0.1075865639019901,3.2804004475693535e-06,0.11509264001421575
"('5300004653', 'Harte Research Institute for Gulf of Mex')",0.0010692328254477412,0.0,0.09727241997971867,2.1616579730946922e-06,0.10357385768607826
"('0028381000', 'CN Yang Inst. for Theoretical Physics')",0.0010692328254477412,0.0,0.08332405283203778,1.3359026043460346e-07,0.08781283081461022
"('7203588207', 'Unknown Dept')",0.0002673082063619353,0.0,0.13913787332167962,0.002464092196451162,0.15427053455321293
"('0013482000', 'Geophysics')",0.0013365410318096765,0.0005346164127238706,0.12027391975308642,2.6171800498352677e-05,0.1305126856136283
"('0013144000', 'Department of Chemistry')",0.0002673082063619353,0.0,0.12856995566553253,7.1513852238027875e-06,0.14020642841459932
"('0021303000', 'ENG Mechanical Engineering')",0.0008019246190858059,0.0016029915647822151,0.10031373179953343,2.649144907410052e-07,0.10849588555525405
"('6250007085', 'Unknown Dept')",0.0010692328254477412,0.0,0.13713845815462444,0.0008389152912720662,0.1510936422424003
"('0017392000', 'Northwestern Argonne Institute')",0.0010692328254477412,0.0,0.13918446312969715,0.00012753847867731213,0.15573791644007284
"('0013136000', 'Section of Plant Biology')",0.0002673082063619353,0.0,0.12173375418958056,0.0001997173078795247,0.13021787973318744
"('0013052000', 'Chemical and Mechanical Engineering')",0.0002673082063619353,0.0,0.10687960687960688,3.7343696352125865e-06,0.11289773445405094
"('0035949000', 'Electrical Engineering department')",0.0005346164127238706,0.0,0.0975132937128558,2.810951225541166e-07,0.10382320370880968
"('0023259000', 'Psychology')",0.0013365410318096765,0.0005346164127238706,0.10152793985941867,2.919662769843638e-07,0.10993689816393577
"('0038950000', 'Department of Chemistry')",0.0002673082063619353,0.0,0.1249415536704295,0.009633798875079603,0.13625871626072145
"('0013706000', 'Institute of Cognitive Sci.')",0.0008019246190858059,0.0,0.1097872340425532,5.270894103684613e-06,0.11720775215161652
"('5300002935', 'Experiential Engineering Education')",0.0010692328254477412,0.0,0.10046998791459648,0.00019575263557259552,0.10637031695689944
"('6250018692', 'Unknown Dept')",0.0010692328254477412,0.0,0.14366911171703983,0.01652987190198009,0.1602649344329376
"('0033290000', 'Department of Statistics')",0.0002673082063619353,0.0,0.10898126838931453,6.695218666579133e-06,0.11588154255850737
"('0013128000', 'Bioengineering')",0.0018711574445335472,0.0025699367053117392,0.13416777247785389,0.0021902121174855647,0.14839646634601644
"('0020313000', 'Geosciences')",0.0002673082063619353,0.0,0.11726905112692391,1.2104883672532304e-06,0.1266231175500416
"('0036962030', 'Anatomy and Neurobiology')",0.0005346164127238706,0.0,0.10877529658060014,4.897228881784486e-07,0.11715401007348644
"('0029207000', 'Computer Science')",0.00400962309542903,0.0267180270964079,0.14550192524600367,0.00021288440068517475,0.16278122735620676
"('0030320000', 'Unknown Dept')",0.0008019246190858059,0.0010689469343179423,0.10126410957420892,4.077753897018654e-05,0.10747355985739127
"('0025684000', 'Civil and Environmental Engineering')",0.0013365410318096765,0.0005346164127238706,0.10974536493780802,0.00011153596853042472,0.12005733252077333
"('0015354000', 'Biostatistics')",0.0002673082063619353,0.0,0.11553428042001235,1.4079499965424936e-05,0.12404586038955563
"('0018093000', 'Computer and Information Science')",0.0008019246190858059,0.010739381120399752,0.14580816151537593,0.0005917428393463056,0.1629462936163724
"('0033290000', 'Pharmacology')",0.0002673082063619353,0.0,0.13111593999719612,0.00016259312520332077,0.14153168176471245
"('0022905000', 'Earth & Environmental Science')",0.0005346164127238706,0.0,0.1348788578021344,0.0015075493661531447,0.15280340964984104
"('0014480000', 'Mathematics')",0.0024057738572574178,0.002200028173551517,0.13140147523709167,9.20653158476472e-05,0.14269111891405506
"('0022434000', 'Earth and Atmospheric Sciences')",0.0002673082063619353,0.0,0.1011217732125963,1.440732527623452e-07,0.10716785300315074
"('0010090000', 'Computer Science and Software Engineerin')",0.0010692328254477412,0.0,0.10506066052572456,0.00018379834765161043,0.11412059832621996
"('0026278000', 'Mechanical & Aerospace Engineering')",0.0021384656508954825,0.004801255633842076,0.12052190721649485,2.674824906592341e-05,0.13167832749475755
"('0018093000', ""O'Neill School of Public & Environmental"")",0.0010692328254477412,0.0,0.14352580088240935,0.0007818113514289444,0.1603847501967699
"('0096354000', 'Unknown Dept')",0.006148088746324512,0.019813731480914525,0.14527027027027026,0.020884408195590995,0.16566463437954979
"('0015354000', 'Industrial and Systems Engineering')",0.0002673082063619353,0.0,0.13061238740311432,0.00014348809277545162,0.1437230716365352
"('0010819000', 'Chemical Engineering')",0.0005346164127238706,0.0,0.12186461658739983,1.5691821508025413e-05,0.13210856960726666
"('6250019652', 'Unknown Dept')",0.0008019246190858059,0.0,0.1234083261859207,3.233674408888122e-05,0.1338776203015087
"('0022905000', 'CMSE and Mathematics')",0.0008019246190858059,0.0005346164127238706,0.12991838860913352,0.0003346350886263342,0.14331007360277653
"('0021030000', 'Mechanical Engineering Department')",0.0002673082063619353,0.0,0.10371212331235619,1.9407282322917116e-07,0.11028853710217652
"('0018259000', 'Purdue University Libraries and School o')",0.0008019246190858059,0.0,0.13914822391668216,0.0030577253704787725,0.15453784275957483
"('8888885CA0', 'Unknown Dept')",0.0010692328254477412,0.0,0.12290557855312438,0.0007102975178650498,0.13548563882895698
"('0013136000', 'Neurobiology, Physiology and Behavior')",0.0010692328254477412,0.0,0.1124402632923567,4.244217583505337e-06,0.1212137034964754
"('0026211000', 'Chemistry and Environmental Science')",0.0008019246190858059,0.0,0.1002277294038848,6.868017351799529e-07,0.10583323342415572
"('0015941000', 'BIOLOGY')",0.0008019246190858059,0.0,0.07570882156517515,1.2143722467702634e-10,0.07933539369536828
"('0032102000', 'Precollege Programs and SMILE Program')",0.0008019246190858059,0.0,0.12290557855312438,8.166866295399654e-06,0.13430626721394642
"('0019893001', 'Mathematics')",0.0013365410318096765,1.786819561242883e-06,0.09844477776900608,2.0471797298298574e-06,0.1048349473056993
"('0035097000', 'City and Regional Planning')",0.0010692328254477412,0.0,0.09533396192757575,8.608035254469584e-07,0.10271440275685584
"('0038950000', 'Psychology')",0.0016038492381716118,0.0010689469343179423,0.12576058089891418,0.00028706946864343546,0.13637019218060847
"('0015511000', 'Mathematical Sciences')",0.0008019246190858059,0.0,0.1234083261859207,3.233674408888122e-05,0.1338776203015087
"('7203584945', 'Unknown Dept')",0.0002673082063619353,0.0,0.10902573368694081,4.465972894739976e-05,0.11869470468696691
"('0015354000', 'Unknown Dept')",0.008821170809943865,0.06413726635179229,0.15022889727732713,0.001476616663540098,0.17385489744150467
"('0018093000', 'Computer Science')",0.002673082063619353,0.0017008449436600715,0.13237791932059448,0.0003450866066480113,0.14657122700072855
"('0018903000', 'Psychology')",0.0010692328254477412,0.0,0.08733308432159866,1.243439863731649e-07,0.09367377392672016
"('0032102000', 'Chem, Bio & Environmental Engineering')",0.0010692328254477412,0.0,0.1211973952765089,2.087841145322985e-06,0.1329389698640607
"('0010637000', 'College of Fisheries and Ocean Sciences')",0.0010692328254477412,0.0,0.11306213733075435,2.653986778878518e-06,0.12370407870477902
"('0013201000', 'Department of Global Studies')",0.0005346164127238706,0.0,0.11876190476190476,2.0929276131082954e-05,0.12749126364378863
"('0011015000', 'Physics & Astronomy')",0.0018711574445335472,0.0,0.09758706143211164,9.692715650941936e-06,0.10441310100715447
"('0015693000', 'School of Electrical and Computer Engine')",0.0008019246190858059,0.0032355857562263762,0.1450337287741335,0.0002534163846104762,0.16174093433162323
"('0013219000', 'Department of Anthropology')",0.0002673082063619353,0.0,0.09579289683250966,4.2684000930887846e-07,0.10172535402359265
"('0020537000', 'Earth and Climate Sciences')",0.0016038492381716118,0.006930858659713794,0.07318790961557273,1.372476092908422e-09,0.07967274693944991
"('0027078000', 'Marine Biology and Paleo Oceanography')",0.0005346164127238706,0.0,0.09955557921068739,4.183309441269084e-08,0.10580452346517358
"('0038950000', 'Department of Astronomy')",0.0002673082063619353,0.0,0.09632070856613198,2.429831958036179e-07,0.10199972535165037
"('0011510001', 'Department of Geography')",0.0002673082063619353,0.0,0.13423998851729582,9.768457359354153e-05,0.14692259813420636
"('0033290000', 'Chemical Engineering & Biochemistry')",0.0002673082063619353,0.0,0.09999732698938815,4.3443962078521105e-07,0.10701330594988533
"('0033290000', 'Mathematics')",0.0021384656508954825,0.0012625761266003908,0.14667712213291512,0.0009380437494388798,0.16319400586641963
"('0038950000', 'WCER')",0.0005346164127238706,0.0,0.12716704058739547,0.0005451066631653822,0.1377410865747587
"('0017756000', 'School of Information Sciences')",0.0021384656508954825,0.034184537710423665,0.15819519621109607,0.0008467404019698257,0.1790579260206367
"('0022905000', 'Earth and Environmental Sciences')",0.0029403902699812884,0.01493065665203819,0.1464187866927593,0.002440024958164615,0.1668905079891446
"('4007555000', 'Unknown Dept')",0.0013365410318096765,0.0,0.13015795699672952,0.00016989689248272298,0.14265678167913562
"('0018697000', 'Department of Electrical & Comp. Eng.')",0.0010692328254477412,4.7648521633143544e-08,0.11201604934574962,8.401062187924205e-05,0.12335385360115195
"('0015354000', 'Materials Science and Engineering')",0.0008019246190858059,0.0005346164127238706,0.12107187934884624,6.049952957759817e-06,0.13047671680036443
"('0010819000', 'School of Criminology and Criminal Justi')",0.0010692328254477412,0.0,0.14271000228885328,0.09216316656535888,0.16089499543789856
"('0010819000', 'School of Human Evol. & Social Change')",0.0013365410318096765,0.0002672367335794856,0.142731781762686,0.09319700574936679,0.1611623036442605
"('0025171000', 'Computer Science')",0.0010692328254477412,0.0005346164127238706,0.10108898316534709,7.188856552183114e-08,0.10798449958008628
"('4003554000', 'SCRIPPS OCEANOGRAPHY')",0.0010692328254477412,0.0,0.1288400606144097,5.855684426352411e-05,0.14104972127095244
"('0018408000', 'Electrical Engineering')",0.0010692328254477412,0.005360532765245158,0.13061694773227192,5.2503875583308144e-05,0.14408499126692878
"('0036525000', 'Earth and Atmospheric Sciences')",0.0021384656508954825,0.005262089034298208,0.11612602824771069,6.045819278755395e-07,0.1277428454553543
"('0037549000', 'Engineering Education')",0.0045442395081529,0.01965597295337634,0.15240772427279395,0.0013290905933811712,0.17249795706090773
"('4012365000', 'EdGE')",0.0005346164127238706,0.0,0.10902891116810445,5.010227352006168e-05,0.11882835879014787
"('0029207000', 'Chemistry')",0.0002673082063619353,0.0,0.11274184798987402,2.333127842570679e-06,0.11969366338263396
"('6250002291', 'Mathematical Sciences')",0.0021384656508954825,0.0010689469343179423,0.09726483282200614,5.973491548210071e-07,0.10370051086004496
"('0019893001', 'Center for Computational Sciences')",0.0010692328254477412,0.0,0.09866807332190426,3.034248244972642e-07,0.10488345416556913
"('0037986000', 'College of Education')",0.0010692328254477412,0.0,0.12549059072154573,1.2052516978977118e-05,0.14027970599389067
"('0013706000', 'Computer Science; and BioFrontiers Insti')",0.0002673082063619353,0.0,0.1067149703331812,2.661198221067453e-05,0.11513060122946693
"('0014894000', 'Department of Chemistry and Biochemistry')",0.0013365410318096765,0.0005346164127238706,0.12115029631788594,5.432088467877983e-05,0.1307411765504076
"('0015693000', 'School of Computer Science')",0.0021384656508954825,0.024373851780144798,0.15221548602351792,0.0001950868191742568,0.1712774998926471
"('0038000000', 'Entomology')",0.0008019246190858059,0.0,0.14275901545506584,0.00018365896756523156,0.15965124063430042
"('0015693000', 'Chemical and Biomolecular Engineering')",0.0021384656508954825,0.018856600990034268,0.14174212859470314,0.00011395782523852073,0.15945434057550234
"('0021782000', 'Materials Science and Engineering')",0.0010692328254477412,0.0,0.11730214473849242,6.089929966516659e-05,0.12639976551941146
"('0027110000', 'Computational Biology')",0.0008019246190858059,0.0,0.10741974386952277,2.1960173180967958e-07,0.1156777036665226
"('0015693000', 'GW Woodruff School of Mech Engr')",0.0010692328254477412,0.0,0.12590024904085617,8.379362086296299e-05,0.13723947719183424
"('7203578873', 'EUV Source')",0.0010692328254477412,0.0,0.11889023072522723,1.735302650263027e-05,0.1283185047471043
"('0039404000', 'Science and Technology')",0.0010692328254477412,0.0,0.0834299732381802,3.3122225394932213e-09,0.08859553982846664
"('5300001194', 'Counseling and Psychological Servies')",0.0016038492381716118,0.0,0.11921606118546844,2.9827263015675954e-06,0.1309949092915208
"('0033290000', 'Engineering Science and Mechanics')",0.0016038492381716118,0.0032034101093962406,0.14760890151515152,0.0003481793211300817,0.16433705846944677
"('0025064000', 'Computer Science')",0.0018711574445335472,0.010074925172999797,0.1376025306212528,0.00012850069170433046,0.15188107394402567
"('5300016569', 'Unknown Dept')",0.0013365410318096765,0.0,0.09762780865888984,2.118316658675759e-07,0.10481173661145993
"('4000790000', 'Unknown Dept')",0.0013365410318096765,0.0005346164127238706,0.10284536082474227,2.1622035560922408e-07,0.10972144462213976
"('5300005206', 'Unknown Dept')",0.005880780539962577,0.0344984278231385,0.1392155403393867,0.0024129236322324023,0.16223748073186725
"('0040634000', 'Unknown Dept')",0.0008019246190858059,0.0,0.11211340206185567,7.172395077113529e-05,0.12088493050802508
"('0036442000', 'Center for Transformative Undergraduate')",0.0008019246190858059,0.0,0.108984443279147,5.284565798743201e-05,0.11856996085733129
"('0035352000', 'Chemical & Biomolecular Engineering')",0.0016038492381716118,0.0,0.09651204788194624,5.772366323724846e-06,0.10379235507000208
"('0034488000', 'Civil and Environmental Engineering')",0.0005346164127238706,0.0005346164127238706,0.10507246376811594,1.2301026642729548e-07,0.11225655172539353
"('0015982000', 'Department of Chemistry')",0.0002673082063619353,0.0,0.11052025170610653,4.158414110600921e-06,0.11736444080245588
"('0011510001', 'Department of Physics')",0.0018711574445335472,0.0,0.09758706143211164,9.692715650941936e-06,0.10441310100715447
"('0013128000', 'EECS')",0.0010692328254477412,0.0010689469343179423,0.126002020882452,0.00035663110453923403,0.13709402691607114
"('0013151000', 'Department of Computer Science')",0.0002673082063619353,0.0,0.11738680222159466,1.1557875614732152e-06,0.12552903743407967
"('0018093000', 'Chemistry')",0.0008019246190858059,0.0,0.1385606874328679,9.768095176325381e-05,0.15375898711551408
"('0017756000', 'Physics')",0.002673082063619353,0.013795160777468176,0.15457400214858277,0.0009548188659460761,0.17517189732152724
"('0020537000', 'Earth Sciences/Climate Change Institute')",0.0008019246190858059,0.0,0.06821041115872004,1.679671432510274e-10,0.07300867895559923
"('0018093000', 'Computer  Science')",0.0008019246190858059,0.0,0.1254863813229572,0.00013185675442721514,0.13687761475321664
"('0022210000', 'Information and Computer Sciences')",0.0010692328254477412,0.0002664610636150653,0.11067719889944085,3.12013660114578e-05,0.11899834255664601
"('0029728000', 'Kenan Inst. for Eng., Tech., & Science')",0.0005346164127238706,0.0,0.13304644711572658,0.0005575880273474986,0.1467561122096719
"('0016105000', 'Math&Sciences')",0.0008019246190858059,0.0,0.11132271983335813,2.808126077508052e-06,0.11983730791193707
"('0013052000', 'Earth System Science')",0.0005346164127238706,0.0005346164127238706,0.10688571428571429,3.7699066656409096e-06,0.11307593992495892
"('0029744000', 'Carolina Population Center')",0.0002673082063619353,0.0,0.09892376444456197,4.153488751143714e-07,0.10384766655581151
"('0032102000', 'Biological and Ecological Eng')",0.0008019246190858059,0.0,0.129062305940799,1.7284378723192678e-05,0.14147112053735109
"('0016915000', 'Stuart School of Business')",0.0021384656508954825,0.002136750304116689,0.1002411575562701,3.510148483920607e-07,0.1074839577153474
"('0037283001', 'School of Data Science')",0.0013365410318096765,0.004268926350156597,0.10256339958875943,0.00013449775891086056,0.11088075699495895
"('0028373000', 'Computer Science and Engineering')",0.0029403902699812884,0.03163161632070629,0.15188794153471377,0.0005063035560007555,0.1707014635843829
"('0027854000', 'Department of Molecular Pathobiology')",0.0008019246190858059,0.0,0.112106682649086,7.1432910999371e-05,0.12079582777257113
"('0013706000', 'JILA')",0.0013365410318096765,0.0016029915647822151,0.11265696991598156,0.0004108883190197384,0.12141518527020169
"('0023879000', 'Chemical Engineering & Materials Sci')",0.0002673082063619353,0.0,0.121165991902834,1.1183478747140267e-05,0.13100860503437903
"('0018093000', 'UITS')",0.0016038492381716118,0.0008623498364875974,0.15239530715333224,0.001397322325532332,0.17196801753384672
"('0014456000', 'McDonough School of Business')",0.0008019246190858059,0.0,0.09888454218650877,2.7434124247271277e-08,0.10490064206072268
"('0016105000', 'Cyberinfrastructure')",0.0016038492381716118,0.0,0.12100921882581271,1.9351814262250404e-05,0.131077884431227
"('0015354000', 'Computer & Information Science & Eng')",0.0008019246190858059,0.0005346164127238706,0.11322639225181598,0.0013592184923543764,0.12195989324273646
"('5300011389', 'College of Technology & Applied Sciences')",0.0013365410318096765,0.0,0.12496242108427698,0.015767761208687427,0.1368378840411723
"('0029728000', 'Molecular and Structural Biochemistry')",0.0013365410318096765,0.002136750304116689,0.1318971900010577,0.00022481454648924423,0.14564580237064229
"('0013177000', 'San Diego Super Computer')",0.0010692328254477412,0.0010689469343179423,0.1402752259177322,0.00015831298338470177,0.15562583466422716
"('4003554000', 'Department of Biological Sciences')",0.0005346164127238706,0.0,0.10954612005856515,1.6506821395985595e-06,0.12058505792336827
"('0010819000', 'Sch. Eng. of Matter, Transport & Energy')",0.0010692328254477412,6.432550420474379e-07,0.14274267399267399,0.08911072368276869,0.161140027960397
"('0032102000', 'MIME')",0.0002673082063619353,0.0,0.10577956229146639,1.0371686327637058e-06,0.11186344728126568
"('0036756000', 'Educational Psychology')",0.0013365410318096765,0.006927856802850906,0.11910219675262655,0.0001973656862041616,0.13187577445974039
"('0029207000', 'Mathematics')",0.0008019246190858059,0.0,0.0984214680347277,9.856217052911057e-07,0.10433151685038433
"('7203585099', 'Unknown Dept')",0.0002673082063619353,0.0,0.13913787332167962,0.002464092196451162,0.15427053455321293
"('0015354000', 'Civil and Coastal Engineering')",0.0024057738572574178,0.007800581787868443,0.13308431163287088,0.001546385244073569,0.14536533326275894
"('0013169000', 'Microbiology and Plant Pathology')",0.0021384656508954825,0.002136750304116689,0.125989290405146,2.106174001123089e-05,0.1387802164430786
"('0033795000', 'Computer Science')",0.0008019246190858059,0.004249658703166817,0.12371440854525613,0.00021627048353693964,0.1355422785219007
"('0026682000', 'Kazuo Inamori School of Engineering')",0.0008019246190858059,0.0,0.14103144085048633,0.009941145458894768,0.15602011334769944
"('0015511000', 'Unknown Dept')",0.0037423148890670943,0.005012857550604178,0.140766104756171,0.0002651806054649566,0.15776773676379857
"('0036772000', 'Watershed Sciences')",0.0016038492381716118,0.0016029915647822151,0.0901098371712111,2.3565307939032175e-06,0.09671062349943528
"('0023259000', 'Educational Studies SOE')",0.0002673082063619353,0.0,0.09118607712182518,3.259199248732852e-08,0.09693812512654991
"('0032565000', 'Chemical and Biological Engineering')",0.0002673082063619353,0.0,0.10024384361853211,2.3426574778479667e-07,0.1060131239206828
"('0010819000', 'Mechanical and Aerospace Engineering')",0.0010692328254477412,0.008660337005177984,0.12680066433921974,4.6118757920827446e-05,0.1389557098144714
"('0013128000', 'Environmental Studies')",0.0002673082063619353,0.0,0.12399323854032017,0.0005253392399526009,0.13422883358375662
"('0013706000', 'Computer Science')",0.0032076984763432237,0.010645728000320197,0.11945970111125304,0.0002740020477878544,0.132802619386892
"('0036327000', 'Department of Psychology')",0.0010692328254477412,0.0,0.12621457489878543,7.355077593565633e-05,0.13840201201869307
"('0036582000', 'Electrical & Computer Engineering')",0.0010692328254477412,0.00030618121790631874,0.14168844449494375,0.0003798754767130553,0.15627534313380373
"('0028373000', 'School of Social Work')",0.0010692328254477412,0.0,0.14118046645029814,0.00018823704672716178,0.155658962054311
"('0013177000', 'ECE')",0.0005346164127238706,0.0,0.149311514667731,0.000742472721251542,0.16620813802697476
"('0013177000', 'Electrical and Computer Engineering')",0.0032076984763432237,0.04005497994252273,0.16594951869760013,0.0015775923397797608,0.19172850556819163
"('0013144000', 'Electrical Eng & Computer Science')",0.0002673082063619353,0.0,0.1232863168995518,2.8942188032703855e-06,0.13215798980280863
"('0028373000', 'Department of Anthropology')",0.0008019246190858059,0.0,0.12076702069277205,1.4422531436963792e-05,0.1309730272097546
"('0013151000', 'UCLA FSPH Biostatistics')",0.0005346164127238706,0.0,0.11802006435737271,5.385213834011689e-06,0.1278587914394969
"('0013136000', 'Plant Sciences')",0.0005346164127238706,0.0005346164127238706,0.13860175614093587,0.0020578936553759357,0.15194295178905387
"('0038950000', 'Biological Systems Engineering')",0.0032076984763432237,0.003772560978128263,0.1396572964497704,0.0029834671520577033,0.15513848060607366
"('0080010000', 'Department of Medicine')",0.0013365410318096765,0.0,0.11679310667790578,4.410336335216546e-06,0.1251423683547776
"('0036525000', 'Human development and consumer sciences')",0.0005346164127238706,0.0,0.1028340526127711,1.3360209239683382e-07,0.10909784581243011
"('0034017000', 'Center for Evidence Based Medicine')",0.0010692328254477412,0.0,0.1006510977184675,5.897103769069913e-07,0.10766736928099951
"('0038950000', 'MECHANICAL ENGINEERING')",0.0010692328254477412,0.0,0.12575212612188644,0.00028128207435649453,0.13610288397424652
"('0022194000', 'Chemical & Biological Engineering')",0.0008019246190858059,0.0005346164127238706,0.10693765543263871,3.1750974422191137e-07,0.11566305242704367
"('0025320000', 'Chemistry and Biochemistry')",0.0005346164127238706,0.0,0.09937574711117014,4.745289131805444e-07,0.10481086580992487
"('0010835000', 'Geosciences')",0.0013365410318096765,0.0005346164127238706,0.10091446143886057,3.923219408668507e-06,0.10779044852762809
"('0014795000', 'Aeronautics Graduate Studies')",0.0005346164127238706,0.0,0.10622408995400079,2.720766311163445e-05,0.113134560321337
"('5300008543', 'School of Aerospace Engineering')",0.0005346164127238706,0.0,0.1146455824216236,1.074569527303665e-05,0.12331315432405078
"('0025650000', 'Earth and Atmoshperic Sciences')",0.0010692328254477412,0.0,0.11893558847841292,0.00036638963041804606,0.13209911508003355
"('0025163000', 'Health Management & Informatics')",0.0013365410318096765,0.0,0.07481700731970721,3.0336985746578437e-09,0.08142437709258743
"('0030908000', 'Teaching & Learning')",0.0002673082063619353,0.0,0.11360806583862249,0.0001954731649510162,0.12343585701232224
"('0018259000', 'Department of Computer Science')",0.0005346164127238706,0.0,0.11690990343448232,3.7141465539252244e-05,0.12583346569784
"('6250002291', 'Unknown Dept')",0.0005346164127238706,0.0,0.08864718845524988,6.446266728569525e-08,0.09315646057581974
"('0013284000', 'Electrical Engineering - Electrophysics')",0.0016038492381716118,0.00343428669467595,0.12247503683090522,2.818853808202731e-05,0.13348655153987998
"('0026880000', 'Biology')",0.0010692328254477412,0.0,0.10083286164793402,1.0322921669040307e-05,0.10719859262655959
"('0010520000', 'Biomedical Engineering')",0.0010692328254477412,0.0,0.14274267399267399,0.09302175549132946,0.16114002796039703
"('0034256000', 'Charles H. Houston Center')",0.0002673082063619353,0.0,0.10438349284299227,2.661758241130016e-06,0.11063960449929408
"('0021626000', 'Department of Ecosystems')",0.0016038492381716118,0.0010689469343179423,0.09437436932391524,2.7642704044651776e-07,0.09961821524323711
"('0023259000', 'Electrical Engineering & Computer Scienc')",0.0005346164127238706,0.0,0.12226688891067752,7.63252849652392e-05,0.13436573601145071
"('0014480000', 'Physics and Astronomy')",0.0002673082063619353,0.0,0.12436008244132704,1.7584993783646025e-05,0.1344298615402216
"('0014266000', 'Computer Science')",0.0016038492381716118,0.0016029915647822151,0.10179868839968434,4.1725816440312826e-07,0.10768409159488734
"('0010090000', 'Chemistry and Biochemistry')",0.0016038492381716118,0.003736311175341318,0.11885623510722795,0.0002281868743451601,0.12917581066668266
"('0034488000', 'Chemistry Biochemistry')",0.0010692328254477412,0.0,0.09446254071661238,7.15989878752622e-07,0.10018404394085464
"('0033290000', 'ARCHITECTURAL ENGINEERING')",0.0005346164127238706,0.0,0.13058959053304012,5.9295154865310063e-05,0.14135773856751355
"('0036707000', 'Economics')",0.0005346164127238706,0.0,0.11516793399624418,1.928198804143103e-06,0.12352123131640956
"('0010819000', 'High Perf. Computing, School of Eng.')",0.0002673082063619353,0.0,0.08981130263600134,2.9854832467808526e-08,0.09412643184391807
"('5300012004', 'GTRI-ATASL')",0.0008019246190858059,0.0,0.10881642863375898,2.724521523535244e-05,0.1156245758485241
"('0013169000', 'Institute for Integrative Genome Biology')",0.0010692328254477412,0.0,0.11190547412503739,2.907877091308704e-06,0.12035219754274819
"('0035105000', 'Math and Science')",0.0005346164127238706,0.0,0.11903019504279487,0.00028539649768263153,0.1320297422360015
"('0036525000', 'Department of Civil and Environmental En')",0.0002673082063619353,0.0,0.1174531411886597,4.708066369078466e-06,0.12641953620878954
"('0010819000', 'School of Human Evolution & Social Chng')",0.0005346164127238706,0.0,0.12491652197141713,0.010035175564707578,0.13617852379881284
"('4000659000', 'Unknown Dept')",0.0010692328254477412,0.00439112862718464,0.1197273250976125,2.9049665601218054e-06,0.13258253132822032
"('0029058000', 'Academic Affairs')",0.0005346164127238706,0.0,0.10449428786905393,1.8998134966966486e-06,0.11031846279086575
"('0020537000', 'Computing and Information Science')",0.0008019246190858059,0.0,0.07426302729528536,2.275576515020754e-09,0.08060117920677957
"('0036582000', 'Texas Advanced Computing Center (TACC) S')",0.0008019246190858059,0.0,0.13279142410904443,0.00011903473291628949,0.1449211837644082
"('0021998000', 'Marine and Environmental Science')",0.0005346164127238706,0.0,0.11614044891496694,1.3741395241407583e-05,0.1240497013316484
"('0013482000', 'Department of Civil and Environmental En')",0.0010692328254477412,0.0,0.11140559857057772,0.001180773158976379,0.12022492011642398
"('0033290000', 'Industrial Engineering')",0.0008019246190858059,4.804124628601824e-05,0.13643326039387307,0.00019603643333632238,0.14842999188074465
"('7203586089', 'Unknown Dept')",0.0005346164127238706,0.0,0.08376060721402503,2.6594939793062824e-06,0.0884246944775794
"('0018259000', 'Department of Electrical Engineering')",0.0008019246190858059,0.0,0.1480645927333175,0.015061807961694585,0.1668058666956018
"('0023259000', 'Electrical Engineering & Computer Sci.')",0.0008019246190858059,0.0,0.13571558135316525,9.983147235711284e-05,0.14989069566585073
"('0011510001', 'Astronomy')",0.0008019246190858059,0.0,0.09649213309259737,3.8293232539365816e-06,0.10300443230934474
"('0015354000', 'Computer & Information Sciences and Eng')",0.0013365410318096765,0.002136750304116689,0.12766175266175267,0.012514966657410684,0.14076249829056584
"('0033290000', 'Science, Engineering & Technology')",0.0013365410318096765,0.0,0.14666562120202298,0.0010774575773859014,0.16301580039551167
"('0019893001', 'Physics and Astronomy')",0.0013365410318096765,0.0,0.13819726634650906,0.00019030077649210235,0.15175602334430688
"('0030908000', 'Diversity and Inclusion')",0.0013365410318096765,0.0,0.11578817047881396,0.0003211917039982192,0.12636245608968338
"('0025320000', 'Electrical and Computer Engineering')",0.0010692328254477412,0.0010689469343179423,0.11033445407892409,4.402969609918092e-06,0.11804870442706462
"('0013177010', 'Marine Physical Laboratory-0213')",0.0005346164127238706,0.0,0.11159835332020762,0.001047180810924937,0.12049371336837673
"('0036442000', 'Nutritional Sciences')",0.0005346164127238706,0.0,0.10898126838931453,4.699938188200199e-05,0.11843630675415032
"('0013482000', 'Liberal Arts and International Studies')",0.0010692328254477412,0.0,0.12027005304613406,2.5943884882648264e-05,0.13037903151044733
"('0014175000', 'Speech, Language, and Hearing Sciences')",0.0013365410318096765,0.0005346164127238706,0.09215647632655072,2.3533288134855618e-08,0.09671835117539332
"('0114629000', 'CSCE')",0.0008019246190858059,0.0,0.09506505387273836,5.0508137156297324e-08,0.10212332538137235
"('0022905000', 'Chemical Engineering & Materials Science')",0.0013365410318096765,6.616206783464371e-05,0.13230769230769232,0.0023276556950383837,0.15050247102702427
"('0034660000', 'Unknown Dept')",0.0013365410318096765,0.0,0.09866807332190426,3.5157638460057086e-07,0.1049725569010231
"('0017756000', 'Mechanical Science & Eng')",0.0010692328254477412,0.0,0.10855434971853055,3.7906997899388555e-05,0.1159792737171319
"('0017756000', 'Chemical & Biomolecular Engr')",0.0010692328254477412,0.0,0.10855434971853055,3.7906997899388555e-05,0.1159792737171319
"('0001057000', 'Institute for Software Research')",0.0008019246190858059,0.0016029915647822151,0.12579441137899727,0.00041981315246805793,0.14100755345920238
"('0014316000', 'Biden School of Public Policy & Administ')",0.0016038492381716118,0.0010689469343179423,0.10103983794733289,1.4062138242451488e-06,0.10725107417875832
"('0018697000', 'Chemical and Biological Engineering')",0.0024057738572574178,0.004804686327399663,0.09169567135643904,1.2797999228443673e-06,0.09942356192086053
"('0037549000', 'Industrial and Systems Engineering')",0.0018711574445335472,0.004724332584645149,0.13909648633575014,0.0006248089304149322,0.15501644209543156
"('0025692000', 'Education')",0.0008019246190858059,0.0,0.12078651685393259,1.9561008874353283e-05,0.13154946863494463
"('0032565000', 'School of Education')",0.0010692328254477412,0.0010373326602335312,0.10919120866291118,3.3872201122677997e-06,0.11679553327154543
"('0023879000', 'Organizational Leadership, Policy, and D')",0.0008019246190858059,0.0,0.10907023528382752,2.694121160962461e-06,0.11733716451556152
"('0013136000', 'Department of Computer Science')",0.0005346164127238706,0.0,0.10108898316534709,4.7264014577827253e-07,0.1072166421485884
"('0013706000', 'NCWIT')",0.0010692328254477412,0.0,0.12576058089891418,0.000269237521979008,0.13655780125307043
"('0039933000', 'School of STEM')",0.0010692328254477412,0.0,0.08632545689496031,1.0332540598939143e-07,0.09085643803418339
"('0010090000', 'Computer Science & Software Engineering')",0.0005346164127238706,0.0,0.1249498997995992,0.011736097010298568,0.1364369217316294
"('0038968000', 'Mechanical Engineering')",0.0002673082063619353,0.0,0.09624636599861072,2.8119157059453246e-06,0.10269118867982042
"('0027078040', 'Dept. of Earth and Environmental Science')",0.0002673082063619353,0.0,0.10841278581157446,1.6555294479662086e-07,0.1163989853926806
"('0023259000', 'Electrical Engineering and Computer Scie')",0.0018711574445335472,0.007382943948050856,0.12981469914636684,0.00010693587497074026,0.14402776597691486
"('0036582000', 'Civil, Architectual and Environmental En')",0.0010692328254477412,0.0,0.09724966205677446,5.227144300347761e-07,0.1032995485505021
"('0036756000', 'Civil & Environmental Engineering')",0.0013365410318096765,0.0010689469343179423,0.11739785351157973,1.2495646995247405e-06,0.12806140697727483
"('0013177000', 'Anthropology')",0.0016038492381716118,0.002670794934580962,0.13733480176211454,0.00011865928638044176,0.15304861221932217
"('0010090000', 'Electrical and Computer Engineering')",0.0032076984763432237,0.00373831241324991,0.1427808098927522,0.10919857817643752,0.16198650394720976
"('0022905000', 'Electrical & Computer Engineering (ECE)')",0.0010692328254477412,0.0,0.13230301315603338,0.0021475573995822497,0.15036881692384327
"('0013052000', 'Department of Civil & Env. Engineering')",0.0002673082063619353,0.0,0.11652390593365519,0.00014345474203201217,0.12443810677217902
"('0022905000', 'Psychology')",0.0008019246190858059,0.0,0.13488372093023257,0.001672957719944994,0.15293706375302205
"('0001966000', 'EEAS')",0.0010692328254477412,0.0010689469343179423,0.08959835221421215,4.686522067383797e-08,0.09471128342378973
"('0032565000', 'Civil and Architectural Engineering')",0.0010692328254477412,0.0,0.10480459448101975,2.672489641098802e-05,0.11376972866197016
"('0037549000', 'Unknown Dept')",0.008286554397219995,0.1008765915538058,0.16076493339063172,0.0055272891090551324,0.18705966506688193
"('4000840000', 'Unknown Dept')",0.0005346164127238706,0.0,0.11760082990160636,1.1210678520148102e-05,0.12622981853652557
"('0013706000', 'Chemistry, CIRES')",0.0002673082063619353,0.0,0.1105627142688261,6.873376505777793e-07,0.11906954334545149
"('0026294000', 'Department of Chemistry')",0.0002673082063619353,0.0,0.13804428044280442,7.940487413482574e-05,0.15009307641271483
"('0010504000', 'Continuing Education')",0.0005346164127238706,0.0,0.12206342991386061,2.48714492459015e-05,0.13234652405532554
"('0017392000', 'Mechanical Engineering')",0.0024057738572574178,0.0037380265221201112,0.10435728632001785,9.75857831762498e-07,0.11369032417933529
"('0036582000', 'Chemical Engineering')",0.0029403902699812884,0.006039578593842435,0.14130311614730878,0.0006442197247898134,0.15813009905832703
"('0014175000', 'Educational Psychology')",0.0008019246190858059,0.0,0.11830745390721356,0.0002151393248226348,0.1308449701451725
"('0013508000', 'Department of Computer Sciences')",0.0010692328254477412,0.0,0.12436835106382979,0.00031161307153857744,0.13493269257102486
"('0029751000', 'Geography and Earth Sciences')",0.0013365410318096765,0.0005346164127238706,0.1096585079876887,1.0622832222760602e-06,0.11872384896217862
"('0018093000', 'Physics Department')",0.0010692328254477412,0.0,0.12497077000167028,7.885218977136493e-05,0.1361688392850184
"('0014175000', 'Ecology and Evolutionary Biology')",0.0016038492381716118,0.0005346164127238706,0.1251798561151079,0.012875006279352785,0.13711261747548867
"('0010819000', 'School of Mathematical and Statistical S')",0.0013365410318096765,0.0023276445990626465,0.11085758312096249,0.0002112021756158199,0.12215874435554488
"('0022210000', 'Biomedical Engineering')",0.0013365410318096765,0.004268926350156597,0.10429328129356008,5.180799760053477e-06,0.11206435205385512
"('0033787000', 'Economics')",0.0010692328254477412,0.0002672367335794856,0.12664184157075153,0.0018929519766039077,0.1404423916169756
"('0033290000', 'Department of Mathematics')",0.0002673082063619353,0.0,0.12791930244486238,9.111097384484858e-05,0.13788969312873864
"('0028373000', 'Physics')",0.0010692328254477412,0.0,0.11809084882729884,3.257133472098773e-05,0.1263444187025489
"('0001289000', 'Business School')",0.0013365410318096765,0.0,0.1085795553491612,9.204802441465206e-07,0.11850083917621762
"('0037986000', 'Sciences and Mathematics')",0.0010692328254477412,0.0,0.12120524866353474,1.1141331925785335e-05,0.1351032984518057
"('0015354000', 'Herpetology')",0.0005346164127238706,0.0,0.12106796116504855,5.997637589005893e-06,0.13034306269718346
"('0031849000', 'School of Civil Eng. and Envir. Sci.')",0.0008019246190858059,0.0,0.0920091492658452,5.067256928427867e-07,0.09850006114691345
"('0036327001', 'Plant Pathology')",0.0010692328254477412,0.0,0.12697712307378997,0.009335915100922323,0.1390384612417497
"('0018697000', 'Mechanical Engineering')",0.0021384656508954825,0.008521914269826906,0.11214028776978417,7.301258609003153e-05,0.12469484976973436
"('0013177000', 'Mathematics')",0.0013365410318096765,0.0010690898798828418,0.09095771839821051,8.108716109720973e-08,0.09697650067587331
"('0014175000', 'Dept. of Civil & Environ Engineering')",0.0005346164127238706,0.0,0.11945588657917425,0.00022555985486801512,0.12839092205217997
"('0010819000', 'Social and Behavioral Sciences')",0.0018711574445335472,0.0005346164127238706,0.14271544653416243,0.10206838990844055,0.16102864954107954
"('0022905000', 'Department of Physics & Astronomy')",0.0010692328254477412,0.0,0.13230301315603338,0.001802776258817837,0.15036881692384332
"('0016105000', 'CMB')",0.0013365410318096765,0.0005336157937695746,0.12100530469659723,1.4024153218816988e-05,0.13094423032804606
"('0037986000', 'Computer Science & Engineering')",0.0008019246190858059,0.0010690898798828418,0.11187535512425612,4.069867663548366e-06,0.12125504208431963
"('0036327060', 'Aerospace Engineering')",0.0008019246190858059,0.0,0.10729342931711934,4.78686244737864e-06,0.11420649787671669
"('6250043038', 'Unknown Dept')",0.0005346164127238706,0.0,0.14222171532846714,0.0007010526733636726,0.1565536637774725
"('0027078000', 'Biology and Paleo Environment')",0.0005346164127238706,0.0,0.09955557921068739,4.183309441269084e-08,0.10580452346517358
"('0029728000', 'Forestry & Environmental Resources')",0.0010692328254477412,0.0,0.1401701075349395,0.0009233415628214866,0.1560905049843215
"('5300001416', 'Information Technology Services')",0.0005346164127238706,0.0,0.12332695984703633,0.00010027575462156608,0.13255867547166722
"('0021055000', 'Language, Literacy, & Culture')",0.0002673082063619353,0.0,0.083588425874204,5.394244440901521e-09,0.08836125043313228
"('0096354000', 'CIARA')",0.0005346164127238706,0.0,0.09716630736863978,1.0762418437885259e-06,0.10320708102976718
"('0021998000', 'Architecture')",0.0008019246190858059,0.0,0.13137378845343448,0.00011501587395446809,0.143202689303332
"('0036327000', 'Landscape Architecture and Urban Plannin')",0.0010692328254477412,0.0,0.09724966205677446,5.227144300347761e-07,0.1032995485505021
"('0030908000', 'College of Nursing')",0.0005346164127238706,0.0,0.08092323000713837,7.982964956557548e-08,0.08505392650762503
"('0013052000', 'Materials Science and Engineering')",0.0002673082063619353,0.0,0.11962395676781888,2.6461406559006563e-05,0.1278223602566737
"('0019489001', 'Kansas Geological Survey')",0.0016038492381716118,0.0010689469343179423,0.11114742408936953,0.0013695462547739913,0.11939912869319862
"('0018408000', 'Department of Electrical Engineering')",0.0016038492381716118,0.005658378116519779,0.12804189341821542,0.00013016087346201107,0.14059875995391305
"('0029728000', 'Applied Ecology')",0.0002673082063619353,0.0,0.11743839271699891,6.124992415480689e-05,0.12635848123889398
"('0019489001', 'Geology')",0.0005346164127238706,0.0,0.10003476214669627,0.00014719118474155823,0.1058023708396349
"('0037788000', 'Biology')",0.0021384656508954825,0.002136750304116689,0.126044474393531,4.340118345484801e-06,0.14144487817951185
"('0010090000', 'Unknown Dept')",0.0013365410318096765,0.007458613685322492,0.13478652495045937,0.0015967017022928318,0.1493847482821022
"('0096354000', 'School of Computing and Information Scie')",0.002673082063619353,0.033095886135188525,0.15191261268577927,0.09002348393899645,0.17519762603964653
"('0036442000', 'ECE')",0.0002673082063619353,0.0,0.1158204334365325,8.679336170995793e-06,0.1237477514937535
"('0021550000', 'Human Evolutionary Biology')",0.0010692328254477412,0.0070294159600870895,0.1241866949940247,2.624858966690078e-06,0.13700797920572436
"('0015354000', 'Natural History')",0.0010692328254477412,0.00344606245777991,0.1351712675242087,0.0017093412290946919,0.15024686727420383
"('0036772000', 'Political Science')",0.0008019246190858059,0.0,0.08266672559331771,2.851834648219005e-07,0.08743163264242862
"('0023259000', 'Center for Research on Learning and Teac')",0.0016038492381716118,0.0,0.12925851703406813,4.989821117393834e-05,0.1424840597106991
"('0027110000', 'Meinig School of Biomedical Engineering')",0.0002673082063619353,0.0,0.11616208663251049,4.329653117708921e-05,0.12500432347064258
"('0022905000', 'Teacher Education')",0.0016038492381716118,0.0032034101093962406,0.1341533385928423,0.0017359220796118733,0.1540938520241793
"('0037549000', 'Myers Lawson School of Construction')",0.0008019246190858059,0.0,0.13806465899025686,0.00018696316178555384,0.15097011678808053
"('0028829000', 'School of Information Studies')",0.0008019246190858059,0.0,0.0885653409090909,4.014140834976173e-08,0.09261374871417823
"('0010835000', 'Department of Geography, University of C')",0.0002673082063619353,0.0,0.09166646247335278,3.8098142146102297e-07,0.09643821034809401
"('0029207000', 'Office of Information Technoloty')",0.0010692328254477412,0.0,0.11332586107661083,1.3325356637764842e-05,0.12158203385560755
"('0013284000', 'Psychology')",0.0005346164127238706,0.0,0.11768221711912925,4.555509624222292e-06,0.1265896891886265
"('0033787000', 'Sociology')",0.0016038492381716118,0.0002672367335794856,0.12664184157075153,0.0020767707226906863,0.1404423916169756
"('0013219000', 'MCD Biology')",0.0002673082063619353,0.0,0.09579289683250966,4.2684000930887846e-07,0.10172535402359265
"('0025684000', 'Department of Geography')",0.0032076984763432237,0.011709243003171962,0.1098130155282238,0.00012380794005897817,0.12154980333962753
"('0021030000', 'Department of Linguistics')",0.0002673082063619353,0.0,0.13025766016713092,0.0012862824511327834,0.14166008517098358
"('4019519000', 'Unknown Dept')",0.0005346164127238706,0.0,0.08635136070909216,1.1859446516748553e-08,0.09103239365451839
"('0027854000', 'Electrical & Computer Engineering')",0.0016038492381716118,0.010493788209217167,0.14001272502713424,0.001829015755046403,0.15533103179454463
"('0017756000', 'Mathematics')",0.0013365410318096765,0.0018674408598461619,0.109156162464986,8.230829401720957e-06,0.11754776371149676
"('0018697000', 'School of Education')",0.0018711574445335472,0.0,0.08536418400876232,7.801880881890073e-09,0.09020157432709687
"('6250036639', 'Pediatrics')",0.0008019246190858059,0.0,0.088040101666196,7.275331307115802e-07,0.09354727221502107
"('0080010000', 'Departments of Physics and Chemistry')",0.0010692328254477412,0.0,0.11681863602298276,4.121643231585473e-06,0.12539185601404873
"('0013284000', 'Electrical Engineering')",0.0018711574445335472,0.0029515053691191013,0.13336898395721924,4.222707621823098e-05,0.14737118515834555
"('0010819000', 'School of Geographical Sciences and Urba')",0.0010692328254477412,0.0,0.1456832431169438,0.09093437031600175,0.16422717663696013
"('0015354000', 'School of Forest Resources & Conservatio')",0.0016038492381716118,4.288366946982919e-07,0.1306351922338234,0.00023978826061392996,0.14439134215243996
"('0032235000', 'Educational Studies')",0.0018711574445335472,0.0057206866812635785,0.14198421132533778,0.0001770523308447757,0.15815176532545322
"('0030908000', 'Department of Chemistry and Biochemistry')",0.0002673082063619353,0.0,0.10784709409594095,4.063635569493243e-06,0.11464950086983391
"('0010637000', 'Museum of the North')",0.0008019246190858059,0.0,0.08452709114736319,5.896124921664481e-09,0.08926239857204724
"('0036582000', 'Statistics and Data Sciences')",0.0008019246190858059,0.0,0.13279142410904443,0.00014710469013436893,0.14492118376440818
"('0021030000', 'Inst for Physical Sci & Technology')",0.0002673082063619353,0.0,0.11526374168104511,0.00014119164953289403,0.12280974167148033
"('0028373000', 'Computer Science & Engineering')",0.0021384656508954825,0.016187433024279146,0.14934131736526945,0.0003016972734833105,0.1670378524027281
"('0027078000', 'Astronomy')",0.0002673082063619353,0.0,0.08630753258738032,6.795730194847865e-08,0.0902435385038821
"('7203586927', 'Unknown Dept')",0.0008019246190858059,0.0,0.1273098519652884,3.298941611054819e-05,0.13995702859552056
"('0013169000', 'Department of Political Science')",0.0002673082063619353,0.0,0.11991537647850754,0.0014880300393074425,0.12966979004645893
"('0012260000', 'Mathematics')",0.0016038492381716118,0.005533268058698637,0.12526368658965345,2.450729657717303e-05,0.13778051149389509
"('0029207000', 'Department of Mathematics')",0.0008019246190858059,0.0,0.10621805792163544,1.2272230788576335e-05,0.11466123665271484
"('0038000000', 'Communication')",0.0008019246190858059,0.0,0.11307580703663402,1.2096825013337256e-05,0.12176702391747853
"('0010553000', 'Space Science Department')",0.0002673082063619353,0.0,0.11196911196911197,2.9376399627685583e-06,0.12005976655460447
"('0017582000', 'Enrollment Management')",0.0010692328254477412,0.0,0.09103961841721016,3.964913681815144e-08,0.09646824643584505
"('0021154000', 'Mathematics and Statistics')",0.0008019246190858059,0.0,0.09095329556781989,7.965638186549161e-08,0.0967091924695114
"('0500330000', 'College of Science and Math')",0.0005346164127238706,0.0,0.07701175453403875,3.6605596388532247e-10,0.08094952114538378
"('0013151000', 'Atmospheric & Oceanic Sciences')",0.0002673082063619353,0.0,0.11296995319341688,4.212847911019345e-06,0.12161135732030925
"('0036442000', 'Unknown Dept')",0.003475006682705159,0.00533773033890964,0.1223028638681836,0.0004259383153589868,0.13731725410931994
"('0033290000', 'Science Engineering and Technology')",0.0005346164127238706,0.0,0.13810543414057885,0.0006973843397560803,0.15128760685096002
"('0015982001', 'Marine Science')",0.0010692328254477412,0.0,0.09436960799152413,2.70837293722823e-07,0.09935090703687517
"('0020776000', 'Biology')",0.0008019246190858059,0.010372218935979241,0.12770097286226317,3.049451282496966e-05,0.1417709057101194
"('0018259000', 'Entomology Department')",0.0008019246190858059,0.0,0.13914822391668216,0.0030577253704787725,0.15453784275957483
"('0018408000', 'Dept of Civil Eng & Geological Sciences')",0.0005346164127238706,0.0,0.11943681757231339,5.861209504409549e-05,0.12887938321849707
"('0013508000', 'Electrical & Computer Engineering')",0.0010692328254477412,0.0,0.13488858440902862,0.00011884891448740792,0.14877190419361666
"('0015354000', 'School of Teaching & Learning')",0.0013365410318096765,0.0029279789824464765,0.13428335546860978,0.0003835440828677208,0.14994728199419485
"('0037986000', 'Industrial & Systems Engineering')",0.0008019246190858059,0.0,0.12515054195102368,1.0722241277084958e-05,0.14079762380330818
"('0037986000', 'Chemistry')",0.0005346164127238706,0.0010689469343179423,0.0914602840867418,5.3462349647767885e-08,0.09649304318075745
"('0010512000', 'Civil, Construction & Environmental Eng')",0.0002673082063619353,0.0,0.10024384361853211,0.00011557992096451637,0.10625752767009239
"('0034710000', 'Mechanical Engineering')",0.0018711574445335472,0.007989227622229178,0.12280471391524143,1.187625919928343e-05,0.13382193094372363
"('0025890000', 'Department of Physics-Space Science Ctr')",0.0010692328254477412,0.0,0.12507940753619312,1.6936083272587432e-05,0.1386786523802363
"('0010819000', 'Cronkite School of Journalism & Mass Com')",0.0005346164127238706,0.0,0.14286259833498816,0.07158070898943764,0.16112538965385806
"('0026633000', 'Natural Resources Management Program')",0.0018711574445335472,0.0,0.09922813718469006,7.708652871547541e-07,0.10718559269611012
"('0017756000', 'Library and Information Science')",0.0008019246190858059,0.0,0.15490683229813665,0.0007742962053307484,0.1737969702348924
"('0013136000', 'Physics')",0.0005346164127238706,0.0005346164127238706,0.12112676056338029,3.691204878899825e-05,0.1302065601376837
"('0037549000', 'College of Engineering')",0.0002673082063619353,0.0,0.13225623983596124,0.00012964070479156675,0.1437972293826358
"('0037499000', 'School of Business')",0.0010692328254477412,0.0,0.11136580138128126,5.45776763389272e-06,0.11902185182233704
"('0013052000', 'Civil and Environmental Engineering')",0.0024057738572574178,0.003968681968195432,0.1318878900052882,0.001478131103972224,0.1447691460587128
"('0010512000', 'Geography')",0.0013365410318096765,0.005865056527823639,0.10034871244635193,0.00017199367682388384,0.10775890876249196
"('6250027547', 'Unknown Dept')",0.0005346164127238706,0.0,0.1393971010172523,0.00018914876700945892,0.15324417217607933
"('0014811000', 'Harbor Branch')",0.0002673082063619353,0.0,0.06652204064939453,1.054522951883412e-10,0.07098357703201018
"('4002127000', 'Earth and Planets Laboratory')",0.0002673082063619353,0.0,0.11614405464141571,8.989606066682034e-06,0.12320733077549412
"('0001479000', 'Information Systems and Cyber Security')",0.0013365410318096765,0.020521340005663948,0.11693182883755822,4.32433180503869e-05,0.12765807880082072
"('0032896000', 'Bioengineering')",0.0024057738572574178,0.002136750304116689,0.12238688782019826,2.751921676739762e-05,0.13270590338199761
"('6250020070', 'Unknown Dept')",0.0002673082063619353,0.0,0.1205607476635514,3.243923996740203e-05,0.13130488827160872
"('0028381000', 'Physics Department')",0.0002673082063619353,0.0,0.0833184855233853,9.46825667757948e-08,0.08741186850506734
"('0011577000', 'Computer Science')",0.0010692328254477412,0.0,0.10877529658060014,7.464869299496572e-07,0.11715401007348644
"('0016105000', 'Graduate Division')",0.0002673082063619353,0.0,0.11131609486118964,2.258914476310864e-06,0.11956999970557514
"('0010553000', 'Physics')",0.0010692328254477412,0.0005346164127238706,0.12608270702032287,3.0068553799105797e-05,0.13838912754887076
"('0036566000', 'Industrial, manufacturing, & systems eng')",0.0005346164127238706,0.0,0.08058505482196325,1.384458348205168e-08,0.08646628543967225
"('7203586072', 'Unknown Dept')",0.0002673082063619353,0.0,0.09157222235821115,3.4670374947205394e-06,0.09750053395533065
"('0025650000', 'Biological Systems Engineering')",0.0005346164127238706,0.0,0.10748764509826457,3.985493520149333e-06,0.11472703725391813
"('4100749000', 'Smithsonian Tropical Research Institute')",0.0008019246190858059,0.0,0.10287930038775679,3.2636781788236826e-08,0.11001149548073819
"('0028829000', 'Academic Affairs')",0.0008019246190858059,0.0,0.12539804914021385,0.00023965661051753292,0.1367841609220922
"('0018259000', 'Computer Science')",0.0010692328254477412,0.00014310100652269915,0.14899633582921779,0.08667280508409207,0.16863985238083073
"('0025361000', 'College of Forestry and Conservation')",0.0005346164127238706,0.0,0.09937574711117014,4.745289131805444e-07,0.10481086580992487
"('0010512000', 'Educational Leadership, Policy, and Tech')",0.0005346164127238706,0.0,0.10658119658119658,1.6837223602986487e-06,0.11359309171457631
"('0080010000', 'Inst for Environmental Science & Policy')",0.0010692328254477412,0.0,0.10023041474654378,3.3357626771302975e-07,0.10694934130262355
"('0015354000', 'Ft. Lauderdale Research & Education Ctr')",0.0008019246190858059,0.0,0.13062606934599671,0.00017830119718674137,0.1440349312106241
"('0018093000', '1315 E. Tenth Street')",0.0010692328254477412,0.0,0.14352580088240935,0.0007818113514289444,0.1603847501967699
"('4008850000', 'JGCRI')",0.0013365410318096765,0.0,0.1302758044295863,0.0021024161989890455,0.1421947015837074
"('0032102000', 'CBEE')",0.0018711574445335472,0.004631401928365979,0.13396598030438675,7.912299096575077e-05,0.14834797871733651
"('0001057000', 'Heinz School of Public Policy and Mgmt')",0.0010692328254477412,0.0,0.11290176550475328,1.7211392886449624e-06,0.12109196377086252
"('0013706000', 'Technology, Cybersecurity, and Policy Pr')",0.0018711574445335472,0.002136750304116689,0.1067758876584085,3.519718935581317e-05,0.11644486657741306
"('0013284000', 'Viterbi School of Engineering')",0.0002673082063619353,0.0,0.09928080464955813,8.083134599627124e-08,0.10495702346115313
"('6250021189', 'Unknown Dept')",0.0002673082063619353,0.0,0.09504331698889763,4.0198846120775733e-08,0.1015887089686485
"('0011452001', 'Educational Leadership and Administratio')",0.0005346164127238706,0.0,0.08361831958693756,2.222210711992079e-06,0.08803036962455368
"('0013706000', 'Institute of Arctic and Alpine Research')",0.0008019246190858059,0.0035949237397097373,0.11539173349784083,4.3020152888515865e-07,0.12693033636297382
"('0023879000', 'Computer Science and Engineering')",0.0018711574445335472,0.0009412314774395624,0.13213478383724217,0.00031976311978590123,0.14487117247389078
"('0013169000', 'Graduate Division')",0.0016038492381716118,0.0005346164127238706,0.13624940816549513,0.015333301482411611,0.15193455487160393
"('0010835000', 'Laboratory of Tree-Ring Research')",0.0008019246190858059,0.0,0.11196576080450138,3.154345920852295e-05,0.1207871452912484
"('0028373000', 'Chemistry')",0.0021384656508954825,0.004982368632606915,0.14595606882290976,0.0014851000005654197,0.16299497415175015
"('7203577003', 'Liberal Arts')",0.0013365410318096765,0.0,0.09762780865888984,2.118316658675759e-07,0.10481173661145993
"('0018697000', 'Anthropology/Political Science')",0.0010692328254477412,0.0,0.11192891122879454,7.261269303935018e-05,0.1229019754427782
"('6250007307', 'Unknown Dept')",0.0013365410318096765,0.0,0.10052398226521564,0.00018183542903314916,0.10815508806805374
"('0013284000', 'Ming Hsieh Department of Electrical and')",0.0008019246190858059,0.0015549846468261516,0.12941949768214212,3.83381537461952e-05,0.14165439667514745
"('0038950000', 'Research and Sponsored Program - Univers')",0.0010692328254477412,0.0,0.14276991184215548,0.00020676963298061805,0.1598294461052084
"('0035352000', 'Electrical Engineering & Computer Scienc')",0.0008019246190858059,0.0,0.10671192629146818,2.940404233649551e-05,0.11526871046942058
"('6250000618', 'Unknown Dept')",0.0010692328254477412,0.0,0.09517873044141967,8.547401583798133e-07,0.10212614148294903
"('0028373000', 'Civil, Structural and Environmental Engi')",0.0010692328254477412,0.0,0.13363100553670298,0.0002584672018072866,0.14572507187783898
"('0032565000', 'Writers Room')",0.0005346164127238706,0.0,0.10913705583756345,3.288617455962574e-06,0.11616290384982222
"('0013706000', 'Ecology and Evolutionary Biology')",0.0018711574445335472,0.007839580567309382,0.11551287593404558,6.879561236812573e-07,0.12740178381718004
"('0026211000', 'Department of Mathematics')",0.0005346164127238706,0.0,0.1127554403520405,4.3916371359604334e-05,0.1201474740332701
"('0036756000', 'Mechanical Engineering')",0.0016038492381716118,0.007404178128860136,0.13923108414901933,3.984939074210243e-05,0.15238051802453526
"('0010611000', 'IGAP')",0.0005346164127238706,0.0,0.1019040614529705,4.0379033575462784e-08,0.10917395610528967
"('0029207000', 'The Graduate School')",0.0010692328254477412,0.0,0.12959883600083144,4.303982944604695e-05,0.14334291770715132
"('7203588090', 'Unknown Dept')",0.0005346164127238706,0.0,0.12490818030050084,8.280533272183162e-05,0.13488643139806
"('0013128000', 'Nuclear Engineering')",0.0010692328254477412,0.0,0.08647511615542867,4.8317171742189274e-08,0.09065961623213487
"('0021030000', 'Physics, Geology, IREAP')",0.0002673082063619353,0.0,0.13025766016713092,0.0012862824511327834,0.14166008517098358
"('0028829000', 'Electrical Engineering and Computer Sci.')",0.0008019246190858059,0.0,0.1075216279136608,3.790930036044954e-06,0.11439527540699629
"('0010512000', 'Political Science')",0.0002673082063619353,0.0,0.1153739398612182,9.409639695021212e-06,0.123398325930161
"('0015354000', 'Entomology & Nematology')",0.0002673082063619353,0.0,0.10759894155545328,3.430335842699364e-06,0.1139650683373252
"('0013508000', 'Atmospheric Sciences')",0.0005346164127238706,0.0,0.13041204768876805,8.562571838400764e-05,0.14245417903066313
"('0014266000', 'Applied Physics')",0.0008019246190858059,0.0,0.09240002963914343,5.077697100154692e-08,0.09675659287687771
"('0030908000', 'Department of Earth Sciences')",0.0002673082063619353,0.0,0.06004333520584223,1.832182412421253e-12,0.0630967306924771
"('0013144000', 'Computer Science')",0.0013365410318096765,0.014185365075706051,0.14061795218764095,2.964998434794599e-05,0.1550794875474108
"('0028381000', 'Institute for STEM Education')",0.0005346164127238706,0.0,0.11087401084733707,6.008965299191985e-05,0.11896814017904536
"('0031849000', 'University of Oklahoma Polytechnic Insti')",0.0008019246190858059,0.003736311175341318,0.1265390339602219,9.69841739713364e-05,0.13775993601575057
"('0022905000', 'College of Education')",0.0016038492381716118,0.0,0.09556043731480536,1.708134024172044e-07,0.10162527526010826
