Node,Degree,Betweenness,Closeness,Eigenvector,Harmonic
"('0038950000', 'Unknown Dept')",0.009862385321100918,0.06377551047389585,0.16123664065678045,0.00012094131488368193,0.1855346450185887
"('0013144000', 'Electrical Engineering and Computer Sci')",0.0009174311926605505,0.0,0.14103642362683574,1.6065417821726642e-05,0.1550936162461386
"('0037457000', 'Department of Electrical Engineering')",0.001834862385321101,0.007830123867947191,0.14741184028129967,3.4323278435719213e-05,0.16336809342543154
"('6250041879', 'Unknown Dept')",0.0013761467889908258,0.0,0.14103642362683574,1.7428355138006964e-05,0.15509361624613857
"('0026633000', 'Electrical and Computer Engineering')",0.0022935779816513763,0.0032072207454365217,0.14106836638949105,1.7041866247544976e-05,0.1558199159403281
"('P269993465', 'Unknown Dept')",0.0006880733944954129,0.0,0.1352525127186996,0.021034011021114837,0.14840728397494404
"('0010819000', 'School of Life Sciences')",0.007568807339449542,0.010814555720496404,0.14816828654931014,0.2092123058951295,0.17040064929973095
"('0027854000', 'Anthropology')",0.0009174311926605505,0.00420045481671258,0.14456712755727974,0.021260590743149815,0.16048314962305701
"('4202859000', 'Psychology')",0.0006880733944954129,0.0,0.1352525127186996,0.021034011021114837,0.14840728397494404
"('0027078000', 'Lamont-Doherty Earth Observatory')",0.0038990825688073397,0.02085572785309813,0.1495968433693601,0.00052253623950334,0.168272628556458
"('0013128000', 'Vice Chancellor for Research Office')",0.0016055045871559634,0.001833599575695966,0.14097258147956543,0.000356512166164194,0.15524032456270676
"('0010835000', 'Bio5/iPlant Collaborative')",0.0009174311926605505,0.0,0.14095435148066726,0.0003481943903596626,0.15485806156576493
"('6250002636', 'Unknown Dept')",0.0009174311926605505,0.0,0.14095435148066726,0.0003481943903596626,0.1548580615657649
"('0027854000', 'Unknown Dept')",0.006192660550458716,0.030563105552947355,0.15845326355574937,0.0029353707178682493,0.17942796404665573
"('0023259000', 'Center for Political Studies')",0.00045871559633027525,0.00045871559633027525,0.12535219366338912,5.441092043541191e-05,0.13453537902404572
"('0039420000', 'Departamento de Ciencia Política')",0.0006880733944954129,0.0,0.11139214634270969,5.477891641893306e-06,0.11733912091760738
"('0013177000', 'Halicioglu Data Science Institute')",0.0016055045871559634,0.016832618877196677,0.16317975972154647,0.0006716134203666751,0.18111270228242657
"('0021550000', 'Unknown Dept')",0.0045871559633027525,0.04628413996984146,0.17521298826555215,0.004935661152882492,0.1972180278946339
"('0021550000', 'School of Engineering and Applied Scienc')",0.002981651376146789,0.01841842064732395,0.16090935931502806,0.0011449513380913986,0.17994344786202496
"('0017749000', 'Ecology and Evolution')",0.0006880733944954129,0.0012319940398811027,0.13496780584447746,2.37179120981486e-05,0.14581524521604747
"('0037986000', 'Department of Applied Mathematics')",0.0013761467889908258,0.0033043987621404467,0.14418466219121004,0.00015771956650512825,0.1577813025404757
"('0013706000', 'Applied Mathematics')",0.0013761467889908258,0.002923254427516072,0.12924262635245296,1.5710271763199394e-05,0.1392848713767488
"('0023879000', 'Ecology, Evolution, and Behavior')",0.0006880733944954129,0.0009173259585251225,0.09089582421247941,2.1564257111456694e-08,0.09476408839871506
"('0036756000', 'Department of Biology')",0.00022935779816513763,0.0,0.08332377785422161,1.8048594328169893e-09,0.08613150063553039
"('0020313000', 'School of Computing and Informatics')",0.0009174311926605505,0.0,0.10104989918186665,3.4690234499755154e-07,0.1068235471867723
"('0020313000', 'Electrical and Computer Engineering')",0.0009174311926605505,0.0,0.10104989918186665,3.4690234499755154e-07,0.1068235471867723
"('0020313000', 'Center for Advanced Computer Studies')",0.0009174311926605505,0.0,0.10104989918186665,3.4690234499755154e-07,0.1068235471867723
"('0020313000', 'Mechanical Engineering; Informatics Rese')",0.0009174311926605505,0.0,0.10104989918186665,3.4690234499755154e-07,0.1068235471867723
"('0035949000', 'Computer Science and Engineering')",0.0034403669724770644,0.0073233487185639335,0.11239720553736691,3.0930024167085208e-06,0.12116861679125503
"('0013706000', 'RASEI')",0.0011467889908256881,0.001298639907460599,0.11852335127494155,1.4590068180736674e-06,0.12590400434622634
"('0029207000', 'Mechanical Engineering and Materials Sci')",0.0011467889908256881,0.0004588208304657032,0.10125171268665381,7.89343832701722e-08,0.10683574911208778
"('0029207000', 'Department of Chemistry')",0.00045871559633027525,0.0,0.10124465911201933,6.651653296108363e-08,0.10649171241484005
"('0018259000', 'Department of Psychology')",0.0006880733944954129,0.0,0.16072547646256496,0.003339474200851175,0.17720698516570005
"('0018259000', 'Lyles School of Civil Engineering')",0.0027522935779816515,0.03181443250600423,0.16400225691179238,0.0038105074224802286,0.18280832953998014
"('0018259000', 'School of Construction Management')",0.0006880733944954129,0.0,0.16072547646256496,0.003339474200851175,0.17720698516570008
"('0018259000', 'Unknown Dept')",0.012844036697247707,0.18366283461274388,0.18948283355063017,0.03263985762987982,0.22054573675559966
"('0029058000', 'Industrial & Systems Engineering')",0.0006880733944954129,0.00045871559633027525,0.11678675702461629,8.902415455452366e-06,0.12451392685236401
"('0029785010', 'Regenerative Medicine')",0.00022935779816513763,0.0,0.10457641753813682,7.539677170537068e-07,0.10968980317367871
"('0015354000', 'Engineering School of Sustainable Infras')",0.0020642201834862386,0.006955853033245003,0.14205656197054606,2.2177006569076214e-05,0.1547889527648693
"('0015354000', 'Department of Fisheries & Aquatic Sci.')",0.00022935779816513763,0.0,0.12439017431742318,1.877537243579785e-06,0.13207572848914576
"('0013151000', 'Electrical Engineering')",0.0022935779816513763,0.0015290320334413528,0.11597286873254423,1.0897987444943683e-06,0.12427509555713734
"('0013151000', 'Electrical and Computer Engineering')",0.0011467889908256881,0.00045871559633027525,0.1133910691529479,8.4743834165552e-07,0.12076250636693076
"('0013151000', 'Physics and Astronomy')",0.0011467889908256881,0.00045871559633027525,0.1133910691529479,8.4743834165552e-07,0.12076250636693076
"('0013151000', 'Chemistry and Biochemistry')",0.0027522935779816515,0.007838956109029528,0.12654186620229285,7.188210901332856e-06,0.137265045191212
"('0013151000', 'Neurology')",0.0009174311926605505,0.0,0.11338812025382294,8.418458088479464e-07,0.12064782746784819
"('4062600000', 'Unknown Dept')",0.003211009174311927,0.006868632019379918,0.1132085269908862,2.7263097887070396e-06,0.12105236611442699
"('4062600000', ""UCAR President's Office"")",0.00022935779816513763,0.0,0.1016980779996268,2.2821691413744628e-07,0.10662925502796504
"('0015354000', 'Chemical Engineering')",0.0009174311926605505,0.00045871559633027525,0.11215722590934815,6.160370215181014e-06,0.11765484302080301
"('0018259000', 'Chemical Engineering')",0.0011467889908256881,0.0036650944686833736,0.12631456963235507,6.670884490423854e-05,0.13436708137682887
"('0029728000', 'ECE')",0.0009174311926605505,0.0016029263508379795,0.14444738934534854,0.0002776816096507186,0.15856888046968243
"('0037549000', 'Electrical and Computer Engineering')",0.0016055045871559634,0.002750399363543949,0.12626701419055894,4.8305252562226394e-05,0.13590416505452915
"('0037549000', 'Bradley Department of Electrical')",0.0009174311926605505,0.0016029263508379795,0.14444738934534854,0.0002776816096507186,0.15856888046968243
"('0037986000', 'Computer Science & Engineering')",0.002981651376146789,0.04841739157483323,0.17743051316485572,0.006475502115566734,0.1991051538929979
"('0037986000', 'College of Engineering')",0.0013761467889908258,0.0,0.17055233922703802,0.005460220672268685,0.18839940258518206
"('0037986000', 'DO-IT')",0.0013761467889908258,0.0,0.17055233922703802,0.005460220672268685,0.18839940258518206
"('0034488000', 'Unknown Dept')",0.0027522935779816515,0.0011473677785705416,0.11391545174269739,3.935924920457911e-06,0.12275991603737123
"('0034488000', 'Education')",0.00022935779816513763,0.0,0.10226819599840499,3.311242612603431e-07,0.10796260149383118
"('0038968000', 'Civil Engineering')",0.0013761467889908258,0.0002332470553371468,0.1314163426470145,0.0002358263298178387,0.1423618901485869
"('0038968000', 'Civil Engineering & Mechanics')",0.00045871559633027525,0.0,0.12121886120996442,3.572387354619531e-05,0.1294416242524037
"('0038968000', 'Mechanical Engineering')",0.0011467889908256881,0.0003188365036915809,0.13419926744436578,0.00019076993565773348,0.14558293706802872
"('0017392000', 'Mechanical Engineering')",0.0009174311926605505,0.0,0.13331294909035316,0.0002821892370061556,0.14245224799410558
"('0017392000', 'Civil and Environmental Engineering')",0.0011467889908256881,1.5785120314187037e-07,0.1333251788881414,0.00033437552070031537,0.14279628469135325
"('0033290000', 'Computer Science and Engineering')",0.0006880733944954129,0.00045871559633027525,0.099441213365264,5.7337603733016545e-08,0.10472739930844675
"('0033290000', 'Dept. of Computer Science & Engineering')",0.0013761467889908258,0.0022921047037553852,0.11041049406163742,6.215556450871937e-07,0.11793022865034336
"('0013201000', 'ISBER')",0.0006880733944954129,0.00045871559633027525,0.12134706373504035,2.9284790512037475e-05,0.12941314110651014
"('0013144000', 'Sociology')",0.00022935779816513763,0.0,0.10821812405371194,2.44971438260826e-06,0.11362718514246303
"('0013201000', 'Computer Science')",0.0022935779816513763,0.003996255236014423,0.13320705141914393,7.907926886334049e-05,0.14616940812755028
"('0013201000', 'Dept. of Computer Science')",0.00022935779816513763,0.0,0.11755190078188191,6.626719559869722e-06,0.12564232954039972
"('0013177000', 'Mechanical and Aerospace Engineering')",0.001834862385321101,0.0009173259585251225,0.13312164142647778,3.040883769073741e-05,0.14443725203186158
"('0013177000', 'Department of Computer Science and Engin')",0.00022935779816513763,0.0,0.11748538169275956,2.555421578137227e-06,0.12461134695265139
"('0028381000', 'Applied Mathematics and Statistics')",0.0011467889908256881,0.00045871559633027525,0.10929235705512245,8.182703601028451e-07,0.11601719624891425
"('0028381000', 'Applied Mathematics and Statsitics')",0.00022935779816513763,0.0,0.0985266202657507,6.869904160673951e-08,0.10305631790888391
"('0037549000', 'Industrial & Systems Engineering')",0.0011467889908256881,8.302541497071046e-05,0.14492271896293835,0.0017683130673735706,0.15875913586922688
"('0037549000', 'Industrial and Systems Engineering')",0.0011467889908256881,0.0009172207243896947,0.14492271896293835,0.0015572478533214295,0.15875913586922685
"('0014175000', 'Anthropology')",0.0011467889908256881,0.0009173259585251225,0.13888004077212207,1.2525278596606635e-05,0.15230258337483044
"('P270059116', 'Unknown Dept')",0.00022935779816513763,0.0,0.12194780857550415,1.0637248036196497e-06,0.13020936409411155
"('0029744000', 'Applied Physical Science')",0.00045871559633027525,0.00045871559633027525,0.11465839162678168,2.861432282746859e-06,0.12224642054967852
"('0029744000', 'Unknown Dept')",0.003211009174311927,0.01096560737985945,0.12949597552644868,3.3879809083788694e-05,0.14155157956662262
"('0015982001', 'Department of Genetics')",0.0006880733944954129,0.0,0.12665582151986987,2.2401399859840745e-06,0.1366675834995789
"('0015982000', 'Department of Physics and Astronomy')",0.0006880733944954129,0.0,0.12665582151986987,2.2401399859840745e-06,0.13666758349957886
"('0015982001', 'College of Engineering')",0.0011467889908256881,0.0009172207243896947,0.12666318052408343,2.2732134094982637e-06,0.13689694129774402
"('0015982001', 'Unknown Dept')",0.004128440366972477,0.009996991073409794,0.14499983371578704,2.1936563613915597e-05,0.16170809058423616
"('0037549000', 'ECE')",0.00045871559633027525,0.001833599575695966,0.1444091149973503,0.00022904915086009777,0.15819426273267945
"('0011551001', 'Unknown Dept')",0.0009174311926605505,0.001375725852449114,0.12621218700246056,1.9633169211774512e-05,0.13526960847960573
"('0022921000', 'Department of Social Sciences')",0.0006880733944954129,0.0,0.1339477726574501,1.217104114798997e-05,0.14325190832358245
"('0036756000', 'Electrical and Computer Engineering')",0.0020642201834862386,0.008076741289715882,0.1491975498750984,0.00010883382484635713,0.16234026899451123
"('0036756000', 'Department of Civil and Environmental En')",0.0006880733944954129,0.0,0.1339477726574501,1.217104114798997e-05,0.1432519083235825
"('0026211000', 'Helen and John C. Hartmann Department of')",0.00022935779816513763,0.0,0.12434760288623335,4.435434180205652e-06,0.13285696210008116
"('0039545000', 'Unknown Dept')",0.0027522935779816515,0.005313361362930705,0.14200104220948412,5.284157123874584e-05,0.1559764681037611
"('7203576475', 'Unknown Dept')",0.0009174311926605505,0.001833599575695966,0.1388888888888889,1.0531761273378989e-05,0.1522834702249833
"('0001057000', 'Computer Science Department')",0.0009174311926605505,0.0006614215611690979,0.14303054161335826,0.00014539347304401936,0.1544979536263935
"('0001057000', 'Institute for Software Research')",0.00022935779816513763,0.0,0.12513632971700822,1.223140020354586e-05,0.13234874039059757
"('0014175000', 'Unknown Dept')",0.0020642201834862386,0.011339728894104065,0.12603705952071229,7.785564708751192e-06,0.13736231954020622
"('0020776000', 'Biomedical Engineering')",0.0016055045871559634,0.007070782837587039,0.1336644287071952,2.5830459694716166e-05,0.14635817587551211
"('0011312000', 'Physics, Mathematics and Astronomy')",0.0011467889908256881,0.0022373610401768217,0.14838512064799375,0.0004511102887416442,0.16141891460985378
"('0021782000', 'Physics')",0.001834862385321101,0.0034896524607738164,0.1694124961143923,0.004859187570986142,0.18802183099774847
"('0013284000', 'Department of Computer Science')",0.002981651376146789,0.014981140052687532,0.14769147386606143,0.0001751350904356529,0.16278144892823662
"('0013284000', 'Collaboratory for Advanced Computing &')",0.00045871559633027525,0.0,0.1286932908291272,1.744901131925903e-05,0.13765673801224237
"('0013284000', 'Department of Chemical Engineering and M')",0.00045871559633027525,0.0,0.1286932908291272,1.744901131925903e-05,0.13765673801224237
"('0013508000', 'Statistics')",0.0011467889908256881,0.00045871559633027525,0.1376958059626074,1.4845465957296982e-05,0.14933808768957776
"('0013508000', 'Department of Computer Science')",0.00022935779816513763,0.0,0.12103378397135163,1.2443146569377884e-06,0.12841903868752189
"('0021550000', 'Department of Science Education')",0.0009174311926605505,0.0,0.11319677025728898,1.988617588875147e-06,0.11980440799905777
"('0021550000', 'Science Education')",0.0009174311926605505,0.0,0.11319677025728898,1.988617588875147e-06,0.11980440799905777
"('4100756000', 'Science Education')",0.0009174311926605505,0.0,0.11319677025728898,1.988617588875147e-06,0.11980440799905777
"('0013706000', 'ATOC')",0.00022935779816513763,0.0,0.09137204769788546,7.230908113528192e-09,0.09525785201920088
"('0013706000', 'Atmospheric and Oceanic Sciences')",0.0016055045871559634,0.0009173259585251225,0.10055814382582222,8.535220592358097e-08,0.1064405505849745
"('0036756000', 'City & Metropolitan Planning')",0.0013761467889908258,0.0023987333434536853,0.14561971878026786,9.343303264226205e-05,0.15719800055134558
"('0036327060', 'Landscape Architecture of Urban Planning')",0.0009174311926605505,0.0,0.14450004971331987,8.954461154816662e-05,0.15556940297664715
"('0021998000', 'Electrical and Computer Engineering')",0.0016055045871559634,0.0035334020842094365,0.141200854977654,2.7801585024258706e-05,0.1552588024233663
"('0036582000', 'Electrical and Computer Engineering')",0.0034403669724770644,0.02977051086370184,0.1563676792310727,0.00019585265345207012,0.17598177593303593
"('0035352000', 'Special Education')",0.0009174311926605505,0.0,0.12177070241586371,8.599347381507284e-06,0.13077850420925813
"('0032235000', 'Special Education (CTL)')",0.001834862385321101,0.001833599575695966,0.1217843077009022,8.906994754727588e-06,0.13123721980558836
"('0036582000', 'Meadow Center')",0.0009174311926605505,0.0,0.12177070241586371,8.599347381507284e-06,0.13077850420925813
"('0013052000', 'Graduate School of Education')",0.0011467889908256881,0.00246105516227561,0.1270470307127455,5.702781650933463e-05,0.13790727757656374
"('4009395000', 'Unknown Dept')",0.0022935779816513763,0.006950978780218525,0.1352105687527135,2.821639519265784e-05,0.14785925752382156
"('0034256000', 'Industrial Engineering')",0.0011467889908256881,0.00045871559633027525,0.11128694675583235,1.6388946678084279e-06,0.1185056025441537
"('0034256000', 'Public Health Sciences')",0.00022935779816513763,0.0,0.10014470450421481,1.3748511415737857e-07,0.10498302736868408
"('0013219000', 'Institute of Marine Sciences, UCSC')",0.0006880733944954129,0.00045871559633027525,0.12201947833874398,1.1958427008216043e-06,0.13085156592897398
"('0013219000', 'Earth and Planetary Sciences')",0.0009174311926605505,0.0009172207243896947,0.12202289328594218,1.2055012056638927e-06,0.1309662448280565
"('0038950000', 'Soil Science')",0.0016055045871559634,0.004580315744499938,0.13895085728854611,1.2767928583262322e-05,0.15295243046963164
"('0024109000', 'Computer Science')",0.0009174311926605505,0.00045871559633027525,0.09796211831846675,7.283169412051888e-06,0.10303143862118994
"('0024109000', 'College of Science, Engineering and Tech')",0.00022935779816513763,0.0,0.0892235910448983,6.091049231707932e-07,0.09278276726933726
"('0029207000', 'Electrical & Computer Engineering')",0.00022935779816513763,0.0,0.11780281537921158,1.8942694832894394e-06,0.12456257682175134
"('0029207000', 'Computer Science')",0.00045871559633027525,0.00045871559633027525,0.13352933970354036,2.2619621090232028e-05,0.14386946132358963
"('5300002935', 'Unknown Dept')",0.0020642201834862386,0.0054928009327953765,0.10966070575215675,3.8007410886968125e-07,0.11842640401362625
"('0021030000', 'UMIACS')",0.00045871559633027525,0.0,0.09882811614570347,3.5222703124742924e-08,0.1045085053710893
"('5300002935', 'Computer Science')",0.00045871559633027525,0.0,0.09882811614570347,3.5222703124742924e-08,0.1045085053710893
"('0010637000', 'Dept. of Geosciences')",0.0006880733944954129,0.0,0.09185328754713801,2.2057029026832352e-05,0.09638332989789875
"('0010637000', 'Alaska Quaternary Center')",0.0006880733944954129,0.0,0.09185328754713801,2.2057029026832352e-05,0.09638332989789873
"('0010637000', 'Water and Environmental Research Center')",0.0006880733944954129,0.0,0.09185328754713801,2.2057029026832352e-05,0.09638332989789873
"('0010637000', 'Department of Geosciences')",0.0009174311926605505,0.0013755153841782583,0.10113662723266063,0.0002196265847756962,0.10736222944246916
"('0039545000', 'Materials Science and Engineering')",0.0009174311926605505,0.00045871559633027525,0.13024645257654965,2.7700952406984925e-05,0.1418467405727929
"('0020537000', 'Department of Physics & Astronomy')",0.00022935779816513763,0.0,0.11524026008352276,2.319567935311015e-06,0.12269235363035925
"('0034017000', 'Engineering')",0.00045871559633027525,0.0,0.11940952537452414,2.8752274652465586e-06,0.12860681622149492
"('0034017000', 'Unknown Dept')",0.001834862385321101,0.011883008345410109,0.13508070762462435,3.121293508874662e-05,0.1491985276446282
"('0013201000', 'Mechanical Engineering')",0.00022935779816513763,0.0,0.11449579831932773,4.844566339911081e-06,0.12192693328587846
"('0013201000', 'Materials')",0.001834862385321101,0.004048238988405487,0.1292962842145844,5.779731341524395e-05,0.14114259275383054
"('0034488000', 'Computer Science and Engineering')",0.002522935779816514,0.004578263678859094,0.12851121525628556,2.4880934157681177e-05,0.14101773649837573
"('0034488000', 'Computer Science & Engineering')",0.0006880733944954129,0.00022893686162342596,0.11389462135262925,2.4708853159560843e-06,0.12195716374379317
"('0014282000', 'Biological Sciences')",0.0009174311926605505,0.0013755153841782583,0.12047526941143963,6.194113620917299e-06,0.1282594473868753
"('0014282000', 'Physics and PreEngineering')",0.0009174311926605505,0.001833599575695966,0.13694757671891195,7.159389870262046e-05,0.148769882958529
"('0013144000', 'Statistics and Computer Science')",0.0006880733944954129,0.0,0.09967309055163112,2.0642807271525646e-08,0.10493728229584053
"('0013144000', 'Information and Computer Science')",0.001834862385321101,0.005034365960826242,0.11067675280499568,2.017097852318408e-07,0.1182130877258338
"('0013144000', 'Mathematics')",0.0013761467889908258,0.0036638316590582387,0.09969132273922487,2.255255479960061e-08,0.10526220584324114
"('0013144000', 'Statistics')",0.0006880733944954129,0.0,0.09967309055163112,2.0642807271525646e-08,0.10493728229584053
"('0014316000', 'Unknown Dept')",0.006422018348623854,0.028236408681492343,0.1491363092184026,0.00065300470788985,0.16617158007639518
"('0014316000', 'Civil and Environmental Engineering')",0.00022935779816513763,0.0,0.1297850806691671,5.4926432783689476e-05,0.13933352866552365
"('0035097000', 'Electrical and Computer Engineering')",0.00045871559633027525,0.0,0.1094982168868351,3.268342091546178e-05,0.11527000904294402
"('0035097000', 'Civil Engineering')",0.0016055045871559634,0.0009172207243896947,0.12295544275239707,0.0003579030297291024,0.13153421629339054
"('0035097000', 'Communication')",0.00045871559633027525,0.0,0.1094982168868351,3.268342091546178e-05,0.115270009042944
"('0013144000', 'Civil and Environmental Engineering')",0.0011467889908256881,0.00045871559633027525,0.14201491808084427,6.961642983327403e-05,0.15380062184247892
"('0013144000', 'Civil & Environmental Engineering')",0.00022935779816513763,0.0,0.12435824301197947,5.833961387823708e-06,0.13175141190808362
"('0028944000', 'Teaching & Curriculum')",0.00045871559633027525,0.0,0.14378050389130723,0.00037345554844436693,0.1559114229297712
"('0014175000', 'Curriculum and Instruction')",0.0020642201834862386,0.013896392011524716,0.14663841522887028,0.000423626716785926,0.1606825781252381
"('4012365000', 'Unknown Dept')",0.002981651376146789,0.02846229760902501,0.16598774127231888,0.004024380988849717,0.18599359801768015
"('0017756000', 'Electrical and Computer Engineering')",0.002522935779816514,0.026526004331367762,0.16949811452785446,0.0010858376997142495,0.18915243459394826
"('0017756000', 'CSL')",0.00022935779816513763,0.0,0.14493717173060303,9.099225322834323e-05,0.15608349856056158
"('0013201000', 'Electrical & Computer Engineering Dept.')",0.0009174311926605505,0.0013755153841782583,0.11451384146661764,4.9706337254845365e-06,0.12238564888220874
"('0016105000', 'Education Department')",0.00045871559633027525,0.0,0.12327527708663198,9.583617820071422e-06,0.13375204252109893
"('0016105000', 'Unknown Dept')",0.009862385321100918,0.02889321818992463,0.14059527264519042,0.00010454642778174622,0.1595963055166025
"('0016105000', 'Mathematics, Natural, and Health Science')",0.0006880733944954129,0.00045871559633027525,0.12327876268838182,9.646432805548383e-06,0.1338667214201815
"('0032235000', 'Unknown Dept')",0.0013761467889908258,0.0013755153841782583,0.11095841604316181,2.9594620128972964e-06,0.11756371388774832
"('0028944000', 'Chemical Engineering')",0.0006880733944954129,0.00045871559633027525,0.09988545246277206,2.730103070073049e-07,0.10454758667265042
"('0028944000', 'Minsoo Kim')",0.00045871559633027525,0.0,0.09988316418867837,2.7123365744690343e-07,0.1044329077735678
"('0013177000', 'San Diego Supercomputer Center (SDSC)')",0.00045871559633027525,0.0,0.12940757449839724,1.2265190945390462e-05,0.14029579374948364
"('0021782000', 'CSAIL')",0.0027522935779816515,0.006832287856041116,0.14005782203662062,6.622963929666985e-05,0.15398507210619247
"('0025205000', 'Energy, Env. & Chem. Engineering')",0.0013761467889908258,0.0009172207243896947,0.09149092435211416,3.295325621593421e-09,0.09640556295833248
"('7203579222', 'Unknown Dept')",0.0009174311926605505,0.0,0.09148708479341965,3.24825771216783e-09,0.09617620516016737
"('0025205000', 'Energy, Environmental and Chemical Engr.')",0.0020642201834862386,0.004579000317807089,0.10068353962682432,2.882758508585867e-08,0.107265572444299
"('0025205000', 'Energy, Environment,Chemical Engineering')",0.0011467889908256881,0.00045871559633027525,0.09148900453248279,3.2696365546746107e-09,0.09629088405924993
"('0025205000', 'Chemistry')",0.0009174311926605505,0.0,0.09148708479341965,3.24825771216783e-09,0.09617620516016737
"('6250007704', 'Bioinformatics')",0.00045871559633027525,0.0,0.09877885769954009,6.763752043338358e-08,0.10473661910284711
"('7203580860', 'Unknown Dept')",0.00045871559633027525,0.0,0.09877885769954009,6.763752043338358e-08,0.10473661910284711
"('0013482000', 'Physics')",0.0027522935779816515,0.01323876993923781,0.10960006033030843,7.404900688731208e-07,0.11908620781613793
"('0010819000', 'Unknown Dept')",0.02041284403669725,0.09637146891699463,0.16696025120624952,0.6221565035715472,0.20081166221647748
"('0021030000', 'Geographical Sciences')",0.0006880733944954129,0.00045871559633027525,0.14309156547423696,0.05718424103809541,0.16008534470117
"('0014894000', 'Geography')",0.00045871559633027525,0.0,0.14308686948245875,0.05681514063944861,0.15997066580208744
"('0018259000', 'Chemistry')",0.0013761467889908258,0.004120863509221667,0.144495260820574,0.0007164024718031119,0.15636819284181624
"('0022301000', 'Physical Oceanography')",0.003669724770642202,0.02103876297010776,0.15836117971814614,0.0006711491477418386,0.17655327725281783
"('4003554000', 'AOPE')",0.0006880733944954129,0.0,0.13684441794042873,6.92829877220632e-05,0.14788424495993274
"('0022301000', 'Biology Department')",0.0016055045871559634,0.0015154331488510511,0.13764798737174427,7.36165052013871e-05,0.14969499982688025
"('0022301000', 'Geology and Geophysics')",0.0016055045871559634,0.0002747458917136857,0.13925263494091344,8.282240181168814e-05,0.15120908398431324
"('0037986000', 'The Information School')",0.003669724770642202,0.019905873095004193,0.16880250880792907,0.0051156536092164155,0.1887060305265578
"('0037986000', 'Unknown Dept')",0.009174311926605505,0.15195751184489661,0.19261353596041703,0.035454552891285324,0.22203196968678798
"('0036582000', 'School of Journalism and Media')",0.0006880733944954129,0.0,0.16417517038822155,0.003728110677871208,0.18056302610488348
"('0036582000', 'School of Information')",0.0022935779816513763,0.006139878423179533,0.16707541385652974,0.0039863481996574085,0.1849836758552353
"('0015693000', 'Unknown Dept')",0.007798165137614679,0.037023466190917065,0.15540901800035645,0.0003490508192679691,0.17831477518404013
"('0015693000', 'Electrical and Computer Engineering')",0.0011467889908256881,0.0036617394639991254,0.14105923840952472,4.4485599133566664e-05,0.15588944503508664
"('0015693000', 'H. Milton Stewart School of Industrial &')",0.00045871559633027525,0.0,0.13684871311989957,3.305461554984867e-05,0.14999603480108023
"('0001024000', 'Electrical Engineering Computer Science')",0.0016055045871559634,0.0013755153841782583,0.09259652550651999,1.254048558056999e-07,0.0973752385409132
"('0001024000', 'Jack, Joseph and Morton Mandel School')",0.0006880733944954129,0.0,0.0847539995723422,1.2729368868942812e-08,0.08816415597429332
"('0030320000', 'Electrical Engineering and Computer Scie')",0.0006880733944954129,0.0,0.0847539995723422,1.2729368868942812e-08,0.08816415597429332
"('7203584019', 'Unknown Dept')",0.0006880733944954129,0.0,0.0847539995723422,1.2729368868942812e-08,0.08816415597429332
"('0038000000', 'Chemical Engineering')",0.0016055045871559634,0.010499525394049221,0.12582972582972582,2.270170832169133e-06,0.13603693939028513
"('0032102000', 'Biological and Ecological Engineering')",0.0009174311926605505,0.0,0.11182928080435006,2.5565795451816874e-07,0.11900835446184119
"('0022905000', 'Microbiology and Molecular Genetics')",0.0013761467889908258,0.0009172207243896947,0.11183501769866105,2.5934087878574355e-07,0.11923771226000633
"('0038000000', 'Chemical Engineering and Bioeng.')",0.0009174311926605505,0.0,0.11182928080435006,2.5565795451816874e-07,0.11900835446184119
"('0025205000', 'Biology')",0.0016055045871559634,0.007314193348781705,0.11187519244585857,2.625107983871471e-07,0.11973465415603086
"('0025734000', 'Thayer School of Engineering')",0.002522935779816514,0.004674361249197205,0.13884023819380314,9.082680604180589e-05,0.15136452773780723
"('0025734000', 'Chemistry')",0.00045871559633027525,0.0,0.12192052794944212,8.299727233195856e-06,0.12970620431241703
"('0025734000', 'Computer Science')",0.00045871559633027525,0.0,0.12192052794944212,8.299727233195856e-06,0.12970620431241703
"('P270051849', 'Unknown Dept')",0.00045871559633027525,0.0,0.12431923811696273,7.692910282040061e-05,0.1348719378525772
"('0030908000', 'Department of Psychology')",0.00045871559633027525,0.0,0.12431923811696273,7.692910282040061e-05,0.1348719378525772
"('0027078000', 'Unknown Dept')",0.006192660550458716,0.019705376569706404,0.14195943085989646,0.0008428384199214361,0.1604260167075526
"('0017392000', 'Sociology')",0.0006880733944954129,0.00045871559633027525,0.11766610892211367,2.588883096640867e-05,0.1240835710206325
"('0017392000', 'Pritzker School of Law')",0.00022935779816513763,0.0,0.10528095042619467,2.167906824754981e-06,0.10967548581417813
"('0022228000', 'School for the Environment')",0.0016055045871559634,0.0009172207243896947,0.1241422510748555,8.983901471861838e-06,0.13449642492259176
"('0022228000', 'Environmental, Earth & Ocean Sciences')",0.00045871559633027525,0.0,0.11043846095392487,8.256015771426928e-07,0.11719521534635408
"('0022228000', 'Biology')",0.00045871559633027525,0.0,0.11043846095392487,8.256015771426928e-07,0.11719521534635408
"('0027854000', 'Department of Anthropology')",0.0011467889908256881,0.0009172207243896947,0.13680577345465955,0.0002948789777270473,0.1488744051864667
"('0026294000', 'Department of Genetics')",0.00045871559633027525,0.0,0.1367971887550201,0.0002701991569673603,0.14872149998768996
"('0016105000', ""Chancellor's Office"")",0.00045871559633027525,0.0,0.12327527708663198,9.827197508857113e-06,0.1337520425210989
"('0016154000', 'Unknown Dept')",0.0016055045871559634,0.0004588208304657032,0.12328573448324615,1.2543443497437419e-05,0.13409607921834663
"('0037549000', 'Engineering Education')",0.002981651376146789,0.017361629921691712,0.1507815742149675,0.00029532162109474126,0.16767990037485334
"('0037549000', 'EngE')",0.00022935779816513763,0.0,0.13102930127723517,2.4752212428097542e-05,0.1409677545314013
"('0031252000', 'Mathematical Sciences')",0.0011467889908256881,3.1570240628374073e-07,0.0885153379215137,4.619020357261219e-09,0.09337042238790953
"('0031252000', 'Unknown Dept')",0.0013761467889908258,0.0006878103091568431,0.09709386482574324,2.26434866450974e-08,0.1035973324424108
"('0014449000', 'Department of Computer Science')",0.0009174311926605505,0.0,0.15042782224675683,0.0006197161598054327,0.1643130063743588
"('0017756000', 'Coordinated Science Lab')",0.0016055045871559634,0.006002009866768848,0.16199145457923092,0.000849769034491317,0.17911283861398491
"('0020834000', 'Transportation')",0.0027522935779816515,0.018843792977969256,0.15481305258672726,0.0006879856403513809,0.1717155407665721
"('7203597556', 'Unknown Dept')",0.0011467889908256881,0.0024303773811459317,0.15721909707197462,0.0007494084095678563,0.1734217951391109
"('0010819000', 'Center for Mechanisms of Evolution')",0.0009174311926605505,0.0,0.14394189501485638,0.08349533333023788,0.161847841887979
"('0010819000', 'Biodesign Mechanisms of Evolution')",0.0009174311926605505,0.0,0.14394189501485638,0.08349533333023788,0.16184784188797896
"('0010819000', 'CME')",0.0009174311926605505,0.0,0.14394189501485638,0.08349533333023788,0.161847841887979
"('0021782000', 'MIT Sloan School of Management')",0.0013761467889908258,0.0038646022493779796,0.09884379959192927,6.471457437509561e-08,0.10541787802489498
"('0021782000', 'Political Science')",0.00022935779816513763,0.0,0.08995440384575708,5.43193207339565e-09,0.09439762761771495
"('0022301000', 'Department of Geology and Geophysics')",0.0011467889908256881,0.0035520087761419,0.14206119057704214,6.86103209363668e-05,0.1547726337118535
"('0022301000', 'Unknown Dept')",0.0016055045871559634,0.001852025246870426,0.1309663272355892,2.3784210564409612e-05,0.14150772010863744
"('0027086000', 'Biology')",0.00022935779816513763,0.0,0.09081630527609406,2.2922454562471922e-08,0.09411491111708509
"('0020834000', 'Electrical and Computer Engineering')",0.0009174311926605505,0.0,0.10856303378899927,6.96171287462146e-05,0.1149532977179014
"('0037499000', 'Cyber Security Engineering')",0.00045871559633027525,0.0,0.10856303378899927,6.424424180512844e-05,0.11495329771790143
"('0020834000', 'Unknown Dept')",0.0016055045871559634,0.004580105276229082,0.1217775046783789,0.0006985569119495515,0.1314840663923228
"('0036582000', 'ICES/Department of Geosciences')",0.0011467889908256881,0.005115830484240047,0.12187962988846336,7.2160781459524674e-06,0.13200151708263533
"('0013177010', 'Integrative Oceanography Division,0218')",0.0009174311926605505,0.0,0.12170951623258801,7.164126171175383e-06,0.1314850979767667
"('0016105000', 'Ocean and Resources Engineering')",0.0011467889908256881,0.004591678143205291,0.12859839546956112,1.5257936334745185e-05,0.14132355676119135
"('0034140000', 'Unknown Dept')",0.0020642201834862386,0.0022921047037553852,0.12172650622591993,7.948301810030507e-06,0.13190558727340282
"('4000069000', 'Unknown Dept')",0.002522935779816514,0.010012357355298892,0.13477172266699639,5.509836598288627e-05,0.14741156460766505
"('0021782000', 'Brain and Cognitive Sciences')",0.0006880733944954129,0.0009172207243896947,0.1353070787946498,4.596102030247785e-05,0.14546312768975317
"('0021782000', 'Unknown Dept')",0.0027522935779816515,0.024036133324837408,0.15645184440935841,0.0005406230775272337,0.1733071582469508
"('0037986000', 'Earth and Space Sciences')",0.0038990825688073397,0.010539907269675202,0.15351031617491726,0.0005293624987915423,0.17001263994669774
"('0037986000', 'Dept. of Atmospheric Sciences')",0.00022935779816513763,0.0,0.13308507066328867,4.431554849000187e-05,0.14265067415195593
"('0032102000', 'Earth, Ocean and Atmospheric Science')",0.00022935779816513763,0.0,0.13308507066328867,4.431554849000187e-05,0.14265067415195593
"('0037549000', 'Electrical & Computer Engineering')",0.00022935779816513763,0.0,0.11211396538867031,4.049732284429602e-06,0.11835761853874296
"('4101374000', 'Inst. of Pacific Islands Forestry')",0.0006880733944954129,0.0,0.12716931602741724,4.378615062516738e-05,0.1363216743119264
"('P269892750', 'Civil Engineering and Mechanics')",0.0006880733944954129,0.0,0.12716931602741724,4.378615062516738e-05,0.1363216743119264
"('0038968000', 'School of Freshwater Sciences')",0.0027522935779816515,0.006146580779823503,0.14568297246725476,0.0004333414375401219,0.16060753530363556
"('0038968000', 'Department of Geosciences')",0.0006880733944954129,0.0,0.12716931602741724,4.3786150625167386e-05,0.1363216743119264
"('0013706000', 'Department of Computer Science')",0.0009174311926605505,0.0,0.15748600325085788,0.00033627081755061857,0.1733256912557361
"('0001057000', 'Computer Science')",0.0020642201834862386,0.017882000131910544,0.16582991023885593,0.0015419595010371598,0.1846353671812381
"('0019893001', 'Unknown Dept')",0.0027522935779816515,0.01103333925090262,0.15987679219683915,0.0005928190780150882,0.17751526060585585
"('0015693000', 'School of Computer Science')",0.002981651376146789,0.051459675749410676,0.16641856559410664,0.00042054088754654186,0.18826718388644906
"('4003045000', 'Unknown Dept')",0.00481651376146789,0.051146805240274776,0.1728101466508125,0.0014468702117425855,0.1949490984296025
"('0035352000', 'Physics and Astronomy')",0.001834862385321101,0.0036638316590582387,0.11374902165405687,7.865860535471271e-07,0.12061318957770581
"('0034900000', 'Life and Physical Sciences')",0.001834862385321101,0.001833599575695966,0.10216036365340457,9.182262295723238e-08,0.10764664749145646
"('0035352000', 'Mathematics')",0.0009174311926605505,0.0,0.10215078956000187,8.853101758127228e-08,0.10718793189512615
"('0035352000', 'Physics & Astronomy Department')",0.0009174311926605505,0.0,0.10215078956000187,8.853101758127228e-08,0.10718793189512618
"('0035352000', 'Department of Physics & Astronomy')",0.0009174311926605505,0.0,0.10215078956000187,8.853101758127228e-08,0.10718793189512615
"('0028514000', 'Environmental Resources Engineering')",0.0006880733944954129,0.0,0.10060222893929255,7.659910191031745e-07,0.10676309621600817
"('0011452001', 'Civil and Environmental Engineering')",0.0006880733944954129,0.0,0.10060222893929255,7.659910191031745e-07,0.10676309621600817
"('0028373000', 'Unknown Dept')",0.003669724770642202,0.01407650454195978,0.11152321268704438,7.45518521762156e-06,0.12046253991106855
"('0028365000', 'Unknown Dept')",0.0020642201834862386,0.007411412211366742,0.10105926801566882,8.172024356026212e-07,0.10849758560531413
"('0027110000', 'Unknown Dept')",0.0038990825688073397,0.0068667378049422165,0.0986090693203664,4.602357002552513e-08,0.10667735344121418
"('0027110000', 'Department of Astronomy')",0.00022935779816513763,0.0,0.08975995388479434,3.905945596521653e-09,0.09466851396552647
"('0035238000', 'Unknown Dept')",0.0006880733944954129,0.0,0.12868189599197213,1.1870222064496077e-05,0.13781259556387696
"('0013151000', 'Computer Science')",0.0022935779816513763,0.019158131263041795,0.14360528309344225,7.618850604817179e-05,0.157947946867097
"('0034256000', 'Genetics and Biochemistry')",0.001834862385321101,0.0021965104567293068,0.1353364787683139,5.290209834464193e-05,0.14584204817863047
"('0096354000', 'School of Computing and Info. Sciences')",0.0006880733944954129,0.0,0.12868189599197213,1.1870222064496077e-05,0.13781259556387696
"('0023259000', 'Mechanical Engineering')",0.005963302752293578,0.02084134194351964,0.15016359566040985,0.0016421430783175712,0.1672331023334447
"('0023259000', 'School for Environment & Sustainability')",0.00045871559633027525,0.0,0.13056628634743808,0.0001656754045172222,0.14027948647113472
"('0023259000', 'School of Natural Resources and Environm')",0.00045871559633027525,0.0,0.13056628634743808,0.0001656754045172222,0.14027948647113472
"('4005518000', 'Unknown Dept')",0.003211009174311927,0.0034376308849559385,0.12212200997143018,1.171500031815024e-05,0.13074187662490386
"('4005518000', 'Board on Life Sciences')",0.00045871559633027525,0.00045871559633027525,0.10883946179385406,9.88995436774296e-07,0.11437389782370772
"('0032102000', 'CEOAS')",0.00481651376146789,0.018914459634195795,0.15639572422698902,0.0005485236484427304,0.1744289260688329
"('0037986000', 'Evans School of Public Affairs')",0.0009174311926605505,0.00045871559633027525,0.13828538805544102,9.918216395416662e-05,0.15001921848538777
"('0032102000', 'Sociology')",0.0006880733944954129,0.0,0.13828100222010783,9.854037663096761e-05,0.1499045395863052
"('0024232000', 'Electrical and Computer Engineering')",0.0013761467889908258,0.0036645682980062343,0.14315264142889977,0.05446316852792265,0.1607543049458183
"('0026997000', 'Mechanical and Aeronautical Engineering')",0.0022935779816513763,0.002750294129408521,0.11802923659989172,1.7156141174095101e-06,0.12757088804866024
"('0026997000', 'Mech. & Aero. Eng.')",0.00022935779816513763,0.0,0.10557156347611323,1.448608864101413e-07,0.11161253617911593
"('0031252000', 'Div. of Teacher Education: Curriculum &')",0.0009174311926605505,0.0,0.08851174404677317,2.8466552725219517e-09,0.09321751718913279
"('0031252000', 'Department of Engineering Education')",0.001834862385321101,0.0016039786921922586,0.09709818943055029,2.316337419734181e-08,0.10382669024057592
"('0031252000', 'Physics')",0.0009174311926605505,0.0,0.08851174404677317,2.8466552725219517e-09,0.09321751718913275
"('0031252000', 'CECH - Curriculum & Instruction')",0.0009174311926605505,0.0,0.08851174404677317,2.8466552725219517e-09,0.09321751718913279
"('0021782000', 'Mechanical Engineering')",0.0006880733944954129,0.00045871559633027525,0.08598418364328396,6.434542680270318e-09,0.09088757269148279
"('7203584201', 'Unknown Dept')",0.00045871559633027525,0.0,0.08598248797033999,6.392869224982606e-09,0.09077289379240022
"('0015693000', 'Mechanical Engineering')",0.0034403669724770644,0.005953936914240494,0.09406485296973097,6.990604513774873e-08,0.10141705537691005
"('0020776000', 'Mechanical Engineering')",0.0020642201834862386,0.0009661759015121512,0.12522258601872593,6.397009414771264e-06,0.13641819392156643
"('0020776000', 'Electrical and Computer Engineering')",0.0013761467889908258,0.0004096334603960739,0.13123438581705446,2.0225728167274975e-05,0.14285633465443198
"('0033290000', 'Engineering Science and Mechanics')",0.0022935779816513763,0.0053099423404372155,0.11323792951198608,8.628997426730986e-07,0.12357114640995416
"('0033290000', 'Materials Science & Engineering')",0.002522935779816514,0.01111651101585213,0.10767293112389796,2.3463769554293646e-07,0.11693825399687151
"('0033290000', 'Industrial & Manufacturing Engineering')",0.0006880733944954129,0.0,0.10372308790293802,1.0246420480632926e-07,0.1111316918026945
"('0033290000', 'Materials, Science & Engineering')",0.0011467889908256881,0.00018509953627482634,0.10372802321985107,1.1651100122614644e-07,0.1113610496008596
"('5300009955', 'Unknown Dept')",0.004357798165137615,0.011318867048867573,0.1357790165363894,0.00014018489543243142,0.14941731083646154
"('5300009955', 'Science, Technology, Engineering, & Math')",0.00045871559633027525,0.0,0.11956015027284943,1.289406077429879e-05,0.1277650870071942
"('5300009955', 'Learning and Technology')",0.0009174311926605505,0.0009173259585251225,0.11956670780200192,1.3065175533566048e-05,0.1279944448053593
"('6250002735', 'Unknown Dept')",0.0011467889908256881,0.00045871559633027525,0.13880487727229315,0.00017031000820106533,0.1506736462441731
"('0021782000', 'Comparative Media Studies/Writing')",0.0016055045871559634,0.004771993264199581,0.1502360359739499,0.000515871862851269,0.16460635599110265
"('5300005206', 'Unknown Dept')",0.005733944954128441,0.03650836421502247,0.15506081513621167,0.0011600199768434718,0.174052221351532
"('6250002735', 'Curriculum')",0.0009174311926605505,0.0,0.13880045842353242,0.0001692005455347397,0.15055896734509058
"('7203590634', 'Unknown Dept')",0.0009174311926605505,0.0,0.13880045842353242,0.0001692005455347397,0.15055896734509058
"('0036772000', 'Unknown Dept')",0.0011467889908256881,0.0022921047037553852,0.08544663504879865,4.55116225174671e-09,0.08958590259223649
"('0089078000', 'Unknown Dept')",0.0016055045871559634,0.0036645682980062343,0.09340588714169416,4.844261139705981e-08,0.09845532079853166
"('0036772000', 'Department of Wildland Resources')",0.00045871559633027525,0.0,0.08543826301659775,4.4559188846605685e-09,0.08916541329560036
"('0017749000', 'Astronomy and Astrophysics')",0.0022935779816513763,0.0072892354297971335,0.13567338810057256,1.9579310925759515e-05,0.14854889736095836
"('0021303000', 'Physics')",0.00045871559633027525,0.0,0.11947169397709212,1.7951999002145342e-06,0.12742912074958035
"('9000126000', 'High Energy Physics')",0.00045871559633027525,0.0,0.11947169397709212,1.7951999002145342e-06,0.12742912074958035
"('0013144000', 'Department of Civil and Environmental En')",0.0016055045871559634,0.002933654715584306,0.14576577178964262,0.0001340833791992068,0.15901349924285624
"('0013128000', 'Mechanical Engineering')",0.001834862385321101,0.013417771656385713,0.15953748765048117,0.000543303976027793,0.17657498051133277
"('0032102000', 'Mechanical Engineering')",0.0020642201834862386,0.0035185786126656327,0.14330791480410202,7.316033384324927e-05,0.15631309089737924
"('0029785000', 'Unknown Dept')",0.0020642201834862386,0.004988909064730591,0.1456878404116684,7.460333303516693e-05,0.1593789470595655
"('0017392000', 'Institute for Policy Research')",0.0011467889908256881,0.0013755153841782583,0.13334148877607194,0.00028132877470930285,0.14293007674028285
"('0017400000', 'Human Development and Social Policy')",0.00045871559633027525,0.0,0.11766293347726353,2.5721289037768624e-05,0.12396889212154995
"('0018093000', 'Informatics and Computing')",0.0006880733944954129,0.004120863509221667,0.12943830898943118,9.20922815082966e-06,0.13963539941649736
"('0018093000', 'Psychological and Brain Sciences')",0.001834862385321101,0.0022918942354845295,0.11464633184328162,9.582204701439703e-07,0.12208723881652911
"('0018093000', 'Psychological & Brain Sciences')",0.0006880733944954129,0.0009172207243896947,0.11463728867036521,8.611565116615167e-07,0.12174320211928143
"('0033290000', 'Department of Mathematics')",0.00022935779816513763,0.0,0.09471260372767955,1.1533696004756213e-07,0.09848199376882173
"('0036327000', 'Department of Mathematics')",0.00045871559633027525,0.00045871559633027525,0.10461907618476304,1.3431746193514588e-06,0.10998978638363908
"('0038950000', 'Biological Systems Engineering')",0.0006880733944954129,0.00045871559633027525,0.12201947833874398,1.205869094946487e-06,0.13085156592897393
"('0038950000', 'SPACE SCIENCE & ENGINEERING CENTER')",0.00022935779816513763,0.0,0.10875258786261256,1.027084563320341e-07,0.11460203860045204
"('0035303000', 'Electrical Engr.  and Computer Science')",0.0009174311926605505,0.0,0.13965406790518897,0.0006229238324364419,0.15092104951623247
"('0035303000', 'Tickle College of Engineering')",0.001834862385321101,0.0021224975712448705,0.16027644009851855,0.004009818050706451,0.17746894288178636
"('0035303040', 'Unknown Dept')",0.0011467889908256881,0.00045871559633027525,0.13965854127294275,0.0006269988634322344,0.15103572841531507
"('0035303000', 'Center for Transportation Research')",0.0009174311926605505,0.0,0.13965406790518897,0.0006229238324364419,0.15092104951623247
"('0035303000', 'Social Work')",0.001834862385321101,0.0008216009146068537,0.14680628977406646,0.0021672414838039946,0.16140277599566508
"('0024406000', 'Unknown Dept')",0.001834862385321101,0.0018341257463731055,0.16167908925724034,0.004196726974342267,0.17807240892389906
"('0024406000', 'Mechanical Engineering')",0.00022935779816513763,0.0,0.13918151056630276,0.00035117748859507525,0.14883702602638058
"('0018093000', 'Center for Eval. and Edu. Policy')",0.00045871559633027525,0.0,0.11172898034492479,4.795852986510396e-07,0.11782947536438422
"('0018093000', 'School of Informatics')",0.00045871559633027525,0.0,0.11172898034492479,4.795852986510396e-07,0.11782947536438422
"('0018093000', 'Education')",0.0009174311926605505,0.0035800393449926453,0.1257752776575797,5.200040495993613e-06,0.13502869750474927
"('0020776000', 'Unknown Dept')",0.006880733944954129,0.028969207814648835,0.14849630462177718,0.00018068082783382198,0.16693371272398402
"('0020776000', 'Center of Language and Speech Processing')",0.00045871559633027525,0.0,0.1295575431610852,1.6857000998550575e-05,0.14015193978834
"('0028381000', 'Office of the Provost')",0.0006880733944954129,0.0,0.12047194053770274,5.381056652330097e-06,0.12923726607685043
"('0014175000', 'Educational Psychology')",0.002522935779816514,0.009691555356775235,0.13355388102677204,5.077842312869705e-05,0.14573338136124786
"('0014175000', 'Institute for Student Success')",0.0006880733944954129,0.0,0.12047194053770274,5.381056652330097e-06,0.12923726607685046
"('0025205000', 'Economics')",0.00045871559633027525,0.0,0.12728440474105213,0.0006626901985361927,0.13739137932658502
"('4025938000', 'Economics')",0.0034403669724770644,0.015101786714931646,0.1458340301702512,0.0072565881754810165,0.16281949001559035
"('4025938000', 'Unknown Dept')",0.0006880733944954129,0.00045871559633027525,0.12728812074854756,0.0006669956762255233,0.13750605822566758
"('0035303000', 'Electrical Engineering')",0.0009174311926605505,0.0,0.15939750667202865,0.0036973884358448405,0.1755293222323031
"('0026633000', 'Department of Anthropology')",0.00022935779816513763,0.0,0.11004820919255913,1.883807408956226e-07,0.11614786535270098
"('0026633000', 'Unknown Dept')",0.0013761467889908258,0.00045871559633027525,0.1236528644356211,2.2108821278905128e-06,0.13307345591462544
"('0020321000', 'Department of Chemistry')",0.0006880733944954129,0.0,0.12473536648166161,1.7414030896759163e-05,0.13328057273196922
"('0017749000', 'Institute for Molecular Engineering')",0.001834862385321101,0.0036700555064964036,0.1247674917727858,2.5974461054226345e-05,0.1339877592763117
"('0020321000', 'Chemistry')",0.0016055045871559634,0.0009173259585251225,0.12474250400549325,1.9143351961174794e-05,0.13350993053013435
"('0017749000', 'James Franck Institute')",0.001834862385321101,0.004812810938588664,0.14244641923680085,0.00016266157384127285,0.15554400906178367
"('0013177000', 'Cell and Developmental Biology')",0.001834862385321101,0.0027905244746721843,0.10847120288593108,7.3073082465944e-07,0.11605397003383244
"('0013219000', 'Chemistry and Biochemistry')",0.0011467889908256881,0.00045871559633027525,0.10116948208650454,2.048193333524866e-07,0.1071082196034602
"('0013144000', 'Molecular Biology & Biochemistry')",0.0016055045871559634,0.0007866691253194791,0.1079635499207607,6.945071965069698e-07,0.11476779348102725
"('0013144000', 'Mechanical and Aerospace Engineering')",0.0034403669724770644,0.004452710701221663,0.1079849415494353,7.90664340407299e-07,0.11553231947491104
"('0013201000', 'MCDB')",0.0009174311926605505,0.0,0.10116713460333666,2.03480926336894e-07,0.10699354070437767
"('0011510001', 'Psychology')",0.0009174311926605505,0.0,0.12595695507727864,0.01292563023360692,0.13739990895954143
"('0045096000', 'Office of Research')",0.001834862385321101,0.003207273362504236,0.12598243180767452,0.012572002148142455,0.1381262086537311
"('0011510001', 'Unknown Dept')",0.002522935779816514,0.005036295253309088,0.14406555643669045,0.12905588321703418,0.16321634341703084
"('0019893001', 'Chemical and Materials Engineering')",0.0016055045871559634,0.006858634776514267,0.10376258359313643,6.348479774407772e-07,0.1121953678741642
"('6250031759', 'Unknown Dept')",0.00045871559633027525,0.0,0.0940384781295833,5.899789549187158e-08,0.10007913488761348
"('0033290000', 'Department of Meteorology and Atmospheri')",0.00022935779816513763,0.0,0.10316108271815257,7.45939340250238e-08,0.10995936514871646
"('0033290000', 'Electrical Engineering')",0.001834862385321101,0.0015231842404907665,0.11502440311304578,8.838497890229992e-07,0.12582754444616878
"('0018929000', 'Department of Geoscience')",0.0009174311926605505,0.0,0.14143904496204504,0.0014799947626747418,0.15318710787174042
"('0018929000', 'Iowa Geological Survey')",0.0009174311926605505,0.0,0.14143904496204504,0.0014799947626747418,0.1531871078717404
"('0018929000', 'Earth and Environmental Sciences')",0.0013761467889908258,0.0,0.14143904496204504,0.0016039722327804255,0.15318710787174042
"('0029504000', 'Unknown Dept')",0.0006880733944954129,0.0,0.08140403286034353,1.9833833122425263e-10,0.08464101833207996
"('0029504000', 'Physics')",0.0006880733944954129,0.00045871559633027525,0.08861608503892197,2.146338200662336e-09,0.0931381657485196
"('0010819000', 'Bermuda Institute of Ocean Sciences')",0.00022935779816513763,0.0,0.14307747842352248,0.05203267456935584,0.1598177606033107
"('0013177010', 'Geosciences Research Division')",0.0027522935779816515,0.005038399936017646,0.13953339520593977,0.00011627254109157007,0.15255247332942215
"('0013177010', 'Inst. of Geophysics & Planetary Physics')",0.00022935779816513763,0.0,0.1224512722574847,9.736658008891855e-06,0.1302608207586621
"('0017749000', 'Pritzker School of Molecular Egineering')",0.0009174311926605505,0.0,0.11094994528844442,2.9173082084479967e-06,0.117296129789889
"('0017376000', 'Physics')",0.0011467889908256881,0.00045871559633027525,0.11095276872964169,2.936389168609491e-06,0.11741080868897158
"('0017749000', 'PME')",0.0009174311926605505,0.0,0.11094994528844442,2.9173082084479967e-06,0.117296129789889
"('P270052900', 'Unknown Dept')",0.00022935779816513763,0.0,0.11001211142511103,6.034446180929859e-06,0.11585368875742509
"('0027854000', 'Psychology')",0.0009174311926605505,0.0004921244276390553,0.12360729169619823,7.21367111343983e-05,0.1324151944812697
"('0035352000', 'Physics & Astronomy')",0.0009174311926605505,0.00457768489111424,0.1282805696128045,7.541179446936283e-06,0.13741762069929225
"('0035352000', 'Depart of Physics and Astronomy')",0.00045871559633027525,0.0,0.1137252856174031,6.980550359658547e-07,0.12000156878259871
"('0036327000', 'Unknown Dept')",0.0045871559633027525,0.043032061536477595,0.15183701897962737,0.0005437877209553495,0.16965982666670645
"('0036327000', 'Department of Physics and astronomy')",0.00022935779816513763,0.0,0.13182560319284028,4.627249615489557e-05,0.14187147937434577
"('0013151000', 'UCLA Chemistry & Biochemistry')",0.0009174311926605505,0.0,0.11234217985055397,8.130363507450532e-07,0.11930078829397397
"('0013151000', 'Dept. of Mechanical & Aerospace Eng.')",0.0009174311926605505,0.0,0.11234217985055397,8.130363507450532e-07,0.11930078829397395
"('0013151000', 'Department of Chemistry & Biochemistry')",0.0009174311926605505,0.0,0.11234217985055397,8.130363507450532e-07,0.11930078829397395
"('0013151000', 'Department of Chemistry and Biochemistry')",0.0011467889908256881,0.00045871559633027525,0.11234507459609884,8.184359753940624e-07,0.11941546719305653
"('0015354000', 'Anthropology')",0.001834862385321101,0.003967202774730745,0.1295344484387534,3.4370659463512684e-06,0.14133197650972895
"('0015354000', 'Department of Anthropology')",0.00022935779816513763,0.0,0.11468251880688095,2.903005133185179e-07,0.12196727807106157
"('0036582000', 'Mechanical Engineering')",0.0016055045871559634,0.0042121008613505454,0.14574628112986796,3.82094925608917e-05,0.1610926035610655
"('0036582000', 'Unknown Dept')",0.00481651376146789,0.041689053666095266,0.1596601728431229,0.00014748506466395392,0.1800092714370229
"('0033712000', 'Geography & Urban Studies')",0.0009174311926605505,0.0,0.11659000962669805,1.950053909820122e-06,0.12303623978408079
"('0021782000', 'Department of Urban Studies and Planning')",0.0009174311926605505,0.0,0.11659000962669805,1.950053909820122e-06,0.12303623978408079
"('0033282000', 'Geography & Planning')",0.0009174311926605505,0.0,0.11659000962669805,1.950053909820122e-06,0.12303623978408079
"('0033712000', 'Unknown Dept')",0.0016055045871559634,0.002291578533078246,0.13196125907990314,1.7340449106321376e-05,0.14169708890752425
"('6250044030', 'Unknown Dept')",0.0009174311926605505,0.0,0.11659000962669805,1.950053909820122e-06,0.12303623978408079
"('0013136000', 'Department of Civil & Environmental Eng.')",0.0006880733944954129,0.0,0.11991858738104406,1.2733814013824938e-06,0.12773364186781586
"('0013136000', 'Civil and Environmental Engineering')",0.0016055045871559634,0.0018339152781022498,0.13624574232055248,1.231484598443037e-05,0.14853577296811238
"('0013136000', 'Civil & Environmental Engr')",0.0006880733944954129,0.0,0.11991858738104406,1.273381401382494e-06,0.12773364186781586
"('0013136000', 'Civil Engineering')",0.0006880733944954129,0.0,0.11991858738104406,1.273381401382494e-06,0.12773364186781586
"('0010819000', 'Electrical Engineering')",0.0027522935779816515,0.0179712908657081,0.1561492729747153,0.07920180244069155,0.17673501638524472
"('0013128000', 'Energy and Resources Group')",0.0009174311926605505,0.0,0.13905721757989412,0.017141076917423562,0.15294784789624163
"('0010819000', 'School for the Future of Innovation in S')",0.002522935779816514,0.009409380446803678,0.1508859357696567,0.09049780648947645,0.17129373875360007
"('0010835000', 'Biosphere 2')",0.0020642201834862386,0.013063936259607237,0.14634801288936627,0.01811518200301888,0.16312614691628363
"('6250004721', 'School of Social Sciences Humanities Art')",0.0009174311926605505,0.0,0.13905721757989412,0.017141076917423562,0.1529478478962416
"('0014316000', 'Computer & Information Sciennces')",0.00045871559633027525,0.0,0.13383264779912823,6.149489823697696e-05,0.14406487020879155
"('0017756000', 'College of Education')",0.0006880733944954129,0.002443103046720746,0.14327494988662876,7.803675039071512e-05,0.1555347917245844
"('0013201000', 'Earth Research Institute')",0.00045871559633027525,0.0,0.14437564157753568,0.00024820274834368844,0.15798401808436144
"('4004651000', 'Department of Entomology')",0.00045871559633027525,0.0,0.14437564157753568,0.00024820274834368844,0.15798401808436144
"('0037549000', 'Unknown Dept')",0.006422018348623854,0.07309530841086893,0.16872412058356875,0.002714494952842056,0.19348220268518357
"('0010553000', 'Department of Atmospheric Science')",0.0011467889908256881,0.0027247660477199747,0.13596108269926407,3.902126289539085e-05,0.14526023702342453
"('0010553000', 'Earth System Sciences Center (ESSC)')",0.00045871559633027525,0.0,0.11970129584889085,3.5865015389185536e-06,0.12583251142782925
"('0010553000', 'Atmospheric & Earth Sciences')",0.0009174311926605505,0.0009172207243896947,0.1197078688704629,3.638442531542238e-06,0.12606186922599438
"('0033290000', 'Unknown Dept')",0.006422018348623854,0.028019781293881402,0.13504305271634764,9.528254311436353e-06,0.15180512698759985
"('0033290000', 'Geosciences')",0.00045871559633027525,0.00045871559633027525,0.11898589089321289,8.070301113248589e-07,0.12856412775327977
"('0010819000', 'Institute of Human Origins')",0.0006880733944954129,0.0,0.09932794167900671,2.591140369871556e-07,0.10364651670840522
"('0010819000', 'School of Human Evolution and Social Cha')",0.0011467889908256881,0.00045871559633027525,0.11027923917442331,2.807078229800141e-06,0.11664026351863507
"('0015693000', 'H. Milton Stewart School of Industrial a')",0.0027522935779816515,0.012055273320832068,0.144663061150005,3.599667239218077e-05,0.15979916744824924
"('0021998000', 'School of Technological Entrepreneurship')",0.00045871559633027525,0.0,0.13620743517650735,1.0874740949286108e-05,0.14780947327392283
"('0021998000', 'Unknown Dept')",0.00481651376146789,0.04386315243362521,0.15164689923828736,9.131634567118046e-05,0.17003186606970924
"('0016162000', 'Materials Science and Engineering')",0.0006880733944954129,0.0009172207243896947,0.09900540442345247,1.1026236499593399e-07,0.10460523662523415
"('0016162000', 'Unknown Dept')",0.0020642201834862386,0.0045813680858542176,0.10987072549958421,1.2903009832705485e-06,0.11802819938950423
"('0025205000', 'The Graduate School')",0.00022935779816513763,0.0,0.08382197443045275,2.751429712328356e-10,0.08709829179792337
"('0080010000', 'Department of Chemistry')",0.0006880733944954129,0.00045871559633027525,0.12340786866685537,1.364399101355346e-05,0.1311681553328546
"('0080010000', 'Learning Sciences & Chemistry')",0.0013761467889908258,0.001833599575695966,0.12341834857191383,1.4042940154272338e-05,0.13151219203010234
"('0080010000', 'Chemistry')",0.001834862385321101,0.0032065893406239545,0.1407450448705533,0.00014757058030578365,0.1525862118895368
"('0028357000', 'CS')",0.00022935779816513763,0.0,0.08382358595762679,4.4555264296620526e-10,0.08713651809761756
"('0025205000', 'Unknown Dept')",0.0013761467889908258,0.001375778469516828,0.09149092435211416,5.296529980851121e-09,0.09640556295833248
"('4100756000', 'Smithsonian Astrophysical Observatory')",0.0009174311926605505,0.0,0.13076207899709083,4.1262301607464724e-05,0.14004900489418828
"('4100749000', 'Smithsonian Astrophysical Observatory')",0.0009174311926605505,0.0,0.13076207899709083,4.1262301607464724e-05,0.14004900489418826
"('0021550000', 'Physics')",0.002522935779816514,0.003532380037092149,0.1504122537689309,0.0003691200233495472,0.16531965104212745
"('4003554000', 'Physics')",0.0009174311926605505,0.0,0.13076207899709083,4.126230160746472e-05,0.14004900489418826
"('4100756000', 'Atomic and Molecular Physics')",0.0009174311926605505,0.0,0.13076207899709083,4.126230160746472e-05,0.14004900489418826
"('0013136000', 'Department of Computer Science')",0.0009174311926605505,0.00045871559633027525,0.14268883361696558,0.00012956747109445026,0.15621721359679977
"('0013136000', 'Engineering Computer Science')",0.0006880733944954129,0.0,0.14268416402133718,0.00012865053746648506,0.15610253469771726
"('0013136000', 'Linguistics')",0.0006880733944954129,0.0,0.14268416402133718,0.00012865053746648506,0.1561025346977172
"('0013136000', 'Unknown Dept')",0.008486238532110092,0.08650055424319672,0.16640586237166521,0.0012773558440207183,0.1910735193705367
"('0031252000', 'Engineering Education')",0.0022935779816513763,0.009138111384018302,0.10748181930235425,1.8939627727338746e-07,0.11602759932697737
"('5300002935', 'Experiential Engineering Education')",0.0020642201834862386,0.01680226437138197,0.12028581675724888,1.7575587425188212e-06,0.13128608913198042
"('0031252000', 'Department of Engineering and Applied Sc')",0.00045871559633027525,0.0,0.10742885302451645,1.6452544211274735e-07,0.1148234708866104
"('0014340000', 'Department of Environmental Science')",0.002522935779816514,0.0016039786921922586,0.13877395123814373,0.00011953932962304535,0.15204095035129092
"('0028068000', 'Golisano Institute for Sustainability')",0.001834862385321101,0.005490696250086818,0.13880487727229315,0.00011314602307475927,0.1520218372014438
"('0014340000', 'Unknown Dept')",0.0020642201834862386,0.0006872841384797035,0.13876511775938893,0.00011744076021775957,0.15181159255312576
"('0030908001', 'Agricultural, Environmental and Developm')",0.0013761467889908258,0.0,0.13875186964961972,0.00011146455061590555,0.15146755585587812
"('0014340000', 'Chemistry')",0.0013761467889908258,0.0,0.13875186964961972,0.00011146455061590555,0.1514675558558781
"('0001057000', 'Statistics')",0.0006880733944954129,0.0009172207243896947,0.1468804743296052,0.0011564780003301192,0.16020148620492544
"('0001057000', 'Unknown Dept')",0.008486238532110092,0.04516700433069365,0.1721279115673115,0.012522182412853898,0.19664313897112054
"('0001057000', 'Department of Statistics and Data Scienc')",0.00045871559633027525,0.0,0.14687057872397763,0.0011488825777933585,0.16004858100614874
"('0025684000', 'Dept. of Nat. Res. and Env. Sciences')",0.00022935779816513763,0.0,0.12812601016779807,2.55703305587836e-05,0.13698829817421257
"('0025684000', 'NRES')",0.0011467889908256881,0.0005087164183339776,0.14694978092349173,0.0003051134176722082,0.16140005922976033
"('0037986000', 'Atmospheric Sciences')",0.0006880733944954129,0.00045871559633027525,0.1332925710791807,4.9151338623312595e-05,0.14332500428156128
"('0037986000', 'Department of Atmospheric Sciences')",0.0006880733944954129,0.0005791286329574725,0.13364803972657327,5.363581721149674e-05,0.14411882883111973
"('0015693000', 'School of Earth and Atmospheric Science')",0.00022935779816513763,0.0,0.13450977972481026,2.931664984338798e-05,0.14710596870000509
"('0031708000', 'Biosystems and Agricultural Engineering')",0.0011467889908256881,0.0,0.12209465135816298,1.0209395453945711e-05,0.12990089803163168
"('4005518000', 'PGA')",0.0013761467889908258,0.00022893686162342596,0.12209807051443614,1.0352512795221715e-05,0.13001557693071425
"('4005518000', 'Development, Security, and Cooperation')",0.0011467889908256881,0.0,0.12209465135816298,1.0209395453945711e-05,0.1299008980316317
"('0013144000', 'Planning, Policy, and Design')",0.0011467889908256881,0.0,0.12209465135816298,1.0209395453945711e-05,0.1299008980316317
"('0013144000', 'Civil Engineering - Water Resources')",0.001834862385321101,0.005946886227166824,0.13901731339476453,7.935863018082265e-05,0.1505018420672086
"('0013508000', 'Fish, Wildlife, and Conservation Biology')",0.00022935779816513763,0.0,0.12504301938740392,7.4278131613026e-06,0.13358782240949651
"('0013508000', 'Human Dimensions of Natural Resources')",0.0034403669724770644,0.012296377074045033,0.14290864990658494,8.870310427274336e-05,0.1573890571711666
"('0013128000', 'School of Information')",0.0027522935779816515,0.004082542286972864,0.14404651777454738,8.191167193079477e-05,0.1575344599971883
"('0013128000', 'Computer Science')",0.0006880733944954129,0.0,0.12592057761732853,8.303983240022978e-06,0.13428617454605718
"('0013128000', 'Electrical Engineering and Computer Scie')",0.0006880733944954129,0.0,0.12592057761732853,8.303983240022978e-06,0.13428617454605718
"('0013128000', 'School of Social Welfare')",0.0006880733944954129,0.0,0.12592057761732853,8.303983240022978e-06,0.13428617454605718
"('0013177000', 'Computer Science and Engineering')",0.0016055045871559634,0.0038788596241993117,0.1365144968376229,5.369802063367003e-05,0.14968333749583657
"('0013177000', 'Dept of Computer Science & Engineering')",0.00022935779816513763,0.0,0.12012012012012012,4.509815257459259e-06,0.12831177751088033
"('0036756000', 'School of Computing')",0.002522935779816514,0.027532401068832583,0.1647894776627107,0.000775156023925123,0.18226618914978907
"('0036756000', 'Kahlert School of Computing')",0.0009174311926605505,0.02159033721654003,0.16483931947069944,0.0006369596892336166,0.18138942511362133
"('0022194000', 'Computer Science')",0.0038990825688073397,0.060092103001312125,0.1820915469428667,0.006655543911299909,0.2048115181200058
"('0028373000', 'Learning & Instruction')",0.0009174311926605505,0.0,0.09116761458681834,2.048370143471254e-08,0.09466238494997636
"('0028373000', 'Department of Chemistry')",0.00045871559633027525,0.0,0.09116761458681834,1.8889029464371146e-08,0.09466238494997634
"('0028373000', 'Learning and Instruction')",0.0011467889908256881,0.001375725852449114,0.10030828693691621,2.0358454416538368e-07,0.10525851881555073
"('0036582000', 'Computer Science')",0.0016055045871559634,0.009722861101411368,0.15761124968369303,0.0004848931638778456,0.17404532139623796
"('0022210000', 'College of Education')",0.0009174311926605505,0.0,0.11665551839464883,0.00010585734656480104,0.12364911251277913
"('0022210000', 'College of Info and Computer Sciences')",0.0006880733944954129,0.0009172207243896947,0.13205318472302147,0.001061164277763409,0.14268123600405655
"('0022210000', 'Educational Policy, Research, and Admini')",0.00045871559633027525,0.0,0.11665551839464883,9.768035224768947e-05,0.12364911251277913
"('0036772000', 'School of Teacher Education and Leadersh')",0.0013761467889908258,0.0,0.080772152133237,1.1406468644861947e-09,0.08485890655655225
"('0036772000', 'Emma Eccles Jones College of Education')",0.0013761467889908258,0.00457768489111424,0.08078711853100855,1.0673369578000708e-09,0.0853749616024238
"('0036772000', 'School of Teacher Education & Leadership')",0.0016055045871559634,0.0064028657359759735,0.08784478069026656,8.846565554686411e-09,0.09324249364172867
"('0036772000', 'Utah Water Research Laboratory')",0.0009174311926605505,0.0,0.080772152133237,1.0493636064590376e-09,0.08485890655655225
"('0015826000', 'Sociology')",0.0009174311926605505,0.0,0.080772152133237,1.0493636064590376e-09,0.08485890655655225
"('0030908000', 'Unknown Dept')",0.005275229357798165,0.021385291946368956,0.1473420972593018,0.00020584193721347722,0.16656555823126803
"('0028035000', 'Computer Science')",0.0022935779816513763,0.001833599575695966,0.13736177184083678,8.982626657628193e-05,0.1519448896541775
"('0020297000', 'Museum of Natural History')",0.0011467889908256881,0.00045871559633027525,0.13734879032258066,8.027815076182127e-05,0.1516008529569298
"('0029207000', 'Center for Genomic and Comp. Biol. (GCB)')",0.0009174311926605505,0.0,0.13734446369507008,7.97570037871607e-05,0.15148617405784726
"('0037549000', 'Computer Science')",0.005733944954128441,0.029037203928461767,0.15491206253330964,0.0005754507955017201,0.1759405248166702
"('0010819000', 'School of Biological and Health Systems')",0.00022935779816513763,0.0,0.10747916974806489,7.028470044591259e-07,0.11301589165572891
"('0028829000', 'Unknown Dept')",0.0016055045871559634,0.00913821661815373,0.12041870356560885,8.388380574149833e-06,0.12895663385004996
"('0032102000', 'Mech, Industrial & Mfg Engr')",0.00022935779816513763,0.0,0.12534858982836444,6.131814530119209e-06,0.13330863717517122
"('0096354000', 'Mechanical and Materials Engineering')",0.0011467889908256881,0.008224679088504014,0.09728668332738308,2.2002796020158222e-08,0.10407547826518808
"('0037986000', 'Paul G. Allen School of Computer Science')",0.0006880733944954129,0.0,0.15378103837471782,0.001298343354948586,0.16842795965502316
"('0037499000', 'Department of Computer Science')",0.0011467889908256881,0.002366425316693796,0.15662607321191221,0.0013925037857803987,0.17246595529852354
"('0038000000', 'Allen School for Global Animal Health')",0.0006880733944954129,0.0,0.12517944300890038,1.3923647195573426e-05,0.13531502232476983
"('0038000000', 'EECS')",0.0009174311926605505,0.00045871559633027525,0.12518303712423556,1.4014560708206526e-05,0.1354297012238524
"('0029728000', 'Unknown Dept')",0.0045871559633027525,0.027504853799565465,0.14304461942257218,0.00013760202343151106,0.1599284335694878
"('4006821000', 'Unknown Dept')",0.001834862385321101,0.0027496627245959535,0.1252010107971514,1.4522749787425704e-05,0.13592664311987684
"('0027078000', 'Lamont-Doherty Earth Observatory of Col')",0.00022935779816513763,0.0,0.11821805265583905,1.0070472841055456e-05,0.12644216173509865
"('0027078000', 'Lamont Doherty Earth Observatory')",0.0011467889908256881,0.0009484143823027299,0.13406309575056885,0.00012039111292562136,0.14725249435010623
"('0034256000', 'Unknown Dept')",0.005963302752293578,0.030797812993804286,0.16288105200239092,0.014763738626937096,0.18468734056463382
"('0037549000', 'Mechanical Engineering')",0.002522935779816514,0.01295799577156466,0.15355897580389533,0.0017989089993308645,0.17080322073441245
"('0021030060', 'Appalachian Laboraory')",0.00022935779816513763,0.0,0.11131535947712418,0.0007462020538948395,0.11842541823619708
"('0021030060', 'Appalachian Laboratory')",0.0016055045871559634,0.00045871559633027525,0.1252549627969778,0.008922427071457014,0.13627414316061054
"('0017103000', 'Psychology')",0.00045871559633027525,0.0,0.11037974683544304,1.2759199616568849e-06,0.11595258640067606
"('0017103000', 'Unknown Dept')",0.0011467889908256881,0.0009172207243896947,0.12406806670081384,1.3957010296946581e-05,0.13232100531985827
"('0017103000', 'Department of Sociology')",0.00045871559633027525,0.0,0.11037974683544304,1.2759199616568849e-06,0.11595258640067607
"('0028381000', 'Electrical and Computer Engineering')",0.0020642201834862386,0.0004549981925944327,0.11410028263372762,2.5762278232907265e-06,0.12260190548118864
"('0028381000', 'Computer Science')",0.002981651376146789,0.01265636312973934,0.12872748745202245,1.4732228044569563e-05,0.14094102317152726
"('0028381000', 'Department of Computer Science')",0.001834862385321101,0.0024829148613408625,0.12267867191896455,7.0214370479445235e-06,0.13245674632901394
"('0033787000', 'LRSM')",0.00022935779816513763,0.0,0.11448076670605226,2.2029286303355644e-06,0.12180810345138379
"('0033787000', 'Materials Science and Engineering')",0.0016055045871559634,0.001375831086584542,0.12927711557848545,2.6315580990733657e-05,0.14079072981494745
"('0018259000', 'School of Civil Engineering')",0.0006880733944954129,0.0012867928946021102,0.15938002631963738,0.003093477171085103,0.17538023966349578
"('0036582000', 'Texas Materials Institute')",0.0006880733944954129,0.0,0.14268883361696558,3.151281430592912e-05,0.1565637493877165
"('0036582000', 'Chemistry')",0.0016055045871559634,0.002750294129408521,0.14271685761047465,3.239675943072044e-05,0.1570989175834351
"('0018259000', 'School of Engineering Technology')",0.00045871559633027525,0.0,0.12540988321923718,4.23137534995312e-05,0.13335453314524368
"('0018259000', 'School of Mechanical Engineering')",0.0011467889908256881,0.0009172207243896947,0.1433833201789003,0.00046116609782843025,0.15614228979481187
"('0018259000', 'Engineering Technology')",0.00045871559633027525,0.0,0.12540988321923718,4.2313753499531195e-05,0.1333545331452437
"('0010819000', 'SFAz Center for STEM at ASU')",0.0020642201834862386,1.9030226474563487e-05,0.14403224207987844,0.13810877341766017,0.1628149672702419
"('0039909000', 'SC ATE Center')",0.0009174311926605505,0.0,0.1431009583825653,0.0820974483925251,0.1602382498999467
"('0039909000', 'Advanced Technological Education')",0.0013761467889908258,0.0009172207243896947,0.14311035252412527,0.08327049908144227,0.16046760769811186
"('0010819000', 'SFAz Center for STEM')",0.0020642201834862386,1.9030226474563487e-05,0.14403224207987844,0.13810877341766017,0.1628149672702419
"('4036638000', 'Unknown Dept')",0.0006880733944954129,0.0,0.09232789107002944,2.3546451799163197e-08,0.09621968337054919
"('4062600000', 'Mesoscale & Microscale Meteorology Div')",0.0009174311926605505,0.0013755153841782583,0.10171231278869033,2.3413267388747427e-07,0.10708797062429529
"('0017376000', 'Geographic and Atmospheric Sciences')",0.0006880733944954129,0.0,0.09232789107002944,2.3546451799163197e-08,0.09621968337054919
"('0022434000', 'Earth and Atmospheric Sciences')",0.0006880733944954129,0.0,0.09232789107002944,2.3546451799163197e-08,0.09621968337054917
"('0037457000', 'Department of Computer Science')",0.0009174311926605505,0.0,0.11093583023764694,3.779373595077506e-07,0.11788396936905973
"('0037457000', 'Computer Science')",0.0016055045871559634,0.001375725852449114,0.11094429883712054,3.866294870950825e-07,0.1182280060663075
"('0022301000', 'Applied Ocean Physics & Engin. Dept.')",0.00045871559633027525,0.0,0.115812680957314,3.270425959096029e-06,0.12263743951901643
"('0022301000', 'Applied Ocean Physics & Engineering')",0.0016055045871559634,0.0010886614891109008,0.12610997020796574,1.5249981876941926e-05,0.13552198184078906
"('0017756000', 'Psychology')",0.0006880733944954129,0.00045871559633027525,0.14170106275797067,0.00011724316227517775,0.15315321496800804
"('0011379001', 'Information Systems and Decision Science')",0.00022935779816513763,0.0,0.12411751309496698,9.833717850738822e-06,0.13133040993604964
"('0038273001', 'Physics')",0.002981651376146789,0.004312359771316048,0.13219331756715785,4.518981762480321e-06,0.14418230915363872
"('0032102000', 'Department of Physics')",0.0016055045871559634,0.0012761155121920166,0.13215725500894182,3.8913079003525925e-06,0.14353246205883755
"('0027110000', 'Astronomy')",0.0016055045871559634,0.005836526484323363,0.13040227306714522,3.4949423956928606e-06,0.14237417812819164
"('4000032000', 'Unknown Dept')",0.002522935779816514,0.007347388381356783,0.1360289529514539,7.3772495069550424e-06,0.14907509698507362
"('0032847000', 'Physics')",0.0009174311926605505,0.0,0.1256339326878746,1.6315048878166876e-06,0.1355081453332598
"('0025734000', 'Unknown Dept')",0.0013761467889908258,0.004047882471663237,0.13115148598243292,1.0481558408313808e-05,0.1421424521242385
"('0015693000', 'School of Biology')",0.00045871559633027525,0.0,0.11757092007334699,4.7475997269389574e-07,0.12490365425858484
"('0015693000', 'Civil and Environmental Engineering')",0.0006880733944954129,0.001467576150522043,0.1320012110202846,4.784190331830019e-06,0.14231595430563335
"('0031708000', 'Mechanical and Aerospace Engineering')",0.0006880733944954129,0.0007501617055506092,0.11941933716789921,8.42330598268813e-07,0.12795167402678806
"('0016105000', 'HIGP')",0.00045871559633027525,0.0,0.1232717916819814,9.577846221310623e-06,0.1337138162214047
"('0016105000', 'Hawaii Institute of Geophys. & Planetol')",0.00045871559633027525,0.0,0.1232717916819814,9.577846221310623e-06,0.13371381622140469
"('0037986000', 'Materials Science and Engineering')",0.0011467889908256881,0.00045871559633027525,0.12717302531793256,2.866287023375251e-05,0.13804646974270596
"('0037986000', 'Chemistry')",0.0038990825688073397,0.0179957133619607,0.14567323755429334,0.00025458337503008474,0.16351477428025493
"('0020537000', 'Climate Change Institute')",0.00045871559633027525,0.0,0.12143155549366383,9.467378250275517e-05,0.12934355590892335
"('0020537000', 'Unknown Dept')",0.0009174311926605505,0.0010955194036811316,0.1337997913214264,0.0010302384303716818,0.1449137839734165
"('0010819000', 'Center Biocomputing Security and Society')",0.0006880733944954129,0.0,0.14308686948245875,0.062484083355363734,0.1600471184014758
"('0010819000', 'Civil and Environmental Engineering')",0.0006880733944954129,0.0,0.14308686948245875,0.062484083355363734,0.1600471184014758
"('0010819000', 'CIDSE & Biodesign Institute')",0.0006880733944954129,0.0,0.14308686948245875,0.062484083355363734,0.1600471184014758
"('0029058000', 'Management')",0.00045871559633027525,0.0,0.11513679095806485,4.944449941156284e-05,0.12277353477906593
"('0037283001', 'Unknown Dept')",0.003669724770642202,0.007779222993237655,0.13011041480155178,0.0005417154027557691,0.14262290089310445
"('0029058000', 'Civil, Architectural and Environmental E')",0.00045871559633027525,0.0,0.11513679095806485,4.944449941156284e-05,0.12277353477906595
"('0016915000', 'Civil Engineering')",0.00045871559633027525,0.0,0.11061217241291828,1.0384922850893704e-06,0.11656816552458694
"('0016915000', 'Computer Science')",0.0011467889908256881,0.0018339152781022498,0.12435824301197947,1.1313465299225443e-05,0.13317166269001068
"('0016915000', 'Unknown Dept')",0.0006880733944954129,0.00045871559633027525,0.11061497868885732,1.0453164131441478e-06,0.11668284442366951
"('0014316000', 'Mechanical Engineering')",0.0020642201834862386,0.0018339152781022498,0.11499103280936808,5.1417315880412175e-06,0.12394470631754718
"('0014316000', 'Department of Geological Sciences')",0.00022935779816513763,0.0,0.10313424009461857,4.3319318823139193e-07,0.10881421564958195
"('0027078000', 'Computer Science')",0.0022935779816513763,0.005952989807021643,0.12859839546956112,9.933098921891541e-05,0.14189808639822107
"('0033787000', 'Unknown Dept')",0.0034403669724770644,0.012160792688108308,0.13828100222010783,0.00011424801961699964,0.1549153990123022
"('0027078000', 'Industrial Engineering and Operations Re')",0.0006880733944954129,0.0,0.12854910516849957,8.836702316915907e-05,0.14107622095479594
"('0013128000', 'Industrial Engr & Operations Research')",0.0009174311926605505,0.0,0.13821524805832938,2.4716132541804113e-05,0.15030165107573296
"('0015511000', 'Mathematical Sciences')",0.001834862385321101,0.011300761488665306,0.14856714485296624,3.8755262414018416e-05,0.16513957882077065
"('0013128000', 'IE&OR')",0.0009174311926605505,0.0,0.13821524805832938,2.4716132541804113e-05,0.150301651075733
"('0017392000', 'Psychology')",0.00022935779816513763,0.0,0.11139499233520694,6.76608584380643e-06,0.11737734721730157
"('0023259000', 'Psychology')",0.0006880733944954129,0.00045871559633027525,0.1253557977056439,7.38936725102271e-05,0.13465005792312826
"('0001057000', 'Mechanical Engineering')",0.0027522935779816515,0.0061181958318117435,0.1539493661946965,0.00027243772325827,0.16946816467171877
"('7203591399', 'Unknown Dept')",0.00022935779816513763,0.0,0.13341493268053856,2.2918187123369696e-05,0.1425698095527424
"('0022335000', 'Department of Electrical and Computer En')",0.00022935779816513763,0.0,0.12522977941176472,0.0045548955640195765,0.13567399025541185
"('0019281000', 'Electrical & Computer Engineering')",0.0009174311926605505,0.0004583998939239915,0.09180493556809569,2.733261921022383e-08,0.09631837465119694
"('0019281000', 'Electrical and Computer Engineering')",0.0011467889908256881,0.0009171154902542668,0.09180686866985324,2.751192180998178e-08,0.09643305355027951
"('0035949000', 'Electrical Engineering')",0.0009174311926605505,0.002291473298942818,0.10106863858689354,2.879405868674339e-07,0.10707201813478454
"('0013177000', 'Electrical and Computer Engineering')",0.002981651376146789,0.014053653290009105,0.16030001102981728,0.0009556360902409912,0.1778584654387403
"('0013177000', 'Electrical & Computer Engineering Dept.')",0.00045871559633027525,0.0,0.13956912833317328,0.00010153472212005182,0.15093550403470046
"('0013177000', 'Computer Science & Engineering')",0.0034403669724770644,0.011109480933673265,0.15352653262438817,0.0002543475840544748,0.17095771455863087
"('0028381000', 'Chemistry  and Physics')",0.00045871559633027525,0.0,0.11944878222514452,5.160593290594767e-06,0.12733614383607614
"('0028381000', 'Physics and Astronomy')",0.0022935779816513763,0.009069015458699701,0.1356438415829263,5.639702995738953e-05,0.1482627633878975
"('0028381000', 'Institute for Advanced Computational Sci')",0.00045871559633027525,0.0,0.11944878222514452,5.160593290594766e-06,0.12733614383607614
"('0013169000', 'Bourns College of Engineering')",0.0009174311926605505,0.00045871559633027525,0.10272358872867779,2.770383481971722e-07,0.10806469385833725
"('0013169000', 'Computer Science and Engineering')",0.0027522935779816515,0.005952253168073647,0.11445972907697154,2.696096744013789e-06,0.12207428857270325
"('0013169000', 'Department of Statistics')",0.0013761467889908258,0.0013755153841782583,0.10272842938598559,2.819561216062673e-07,0.10829405165650235
"('0013169000', 'Statistics')",0.0006880733944954129,0.0,0.102721168571092,2.752033654270356e-07,0.1079500149592547
"('6250021267', 'Unknown Dept')",0.0009174311926605505,0.00047467880178191476,0.1484912471902459,0.00015063401574262852,0.16185516827718566
"('4091033000', 'Unknown Dept')",0.00045871559633027525,0.0,0.13257115057163707,2.488146656780351e-05,0.14125371920383312
"('4005518000', ""Board on Internat'l Scientific Orgnztns"")",0.00045871559633027525,0.0,0.10883674488267599,1.849791607954155e-06,0.11433567152401353
"('0013284000', 'Information Sciences Institute')",0.002981651376146789,0.016809854695910446,0.1542598358335692,8.273890162388741e-05,0.1707397582330111
"('0013284000', 'Unknown Dept')",0.004357798165137615,0.03258271844532113,0.15597052300207484,9.501000136674911e-05,0.1740390601371091
"('0013284000', 'Computational Systems and Technology Div')",0.00045871559633027525,0.0,0.13886677071057743,1.4896713465759058e-05,0.15072962374466634
"('0038950000', 'Materials Science & Engineering')",0.00022935779816513763,0.0,0.1271359421473144,1.0306711246802842e-05,0.13554153074694095
"('4057006000', 'Finance and Infrastructure')",0.0013761467889908258,0.0018342309805085336,0.14564890596291966,0.00012287311047551067,0.15943382401237835
"('0015693000', 'Chemical & Biomolecular Engineering')",0.0009174311926605505,0.00045871559633027525,0.08598587938311048,7.082504230784121e-09,0.09100225159056535
"('5300008543', 'Materials Science and Engineering')",0.00022935779816513763,0.0,0.07917915191137746,5.933032670168402e-10,0.08266252923837746
"('0025734000', 'Earth Science')",0.0013761467889908258,0.0064028657359759735,0.11175475470343979,6.464127692796862e-07,0.1192184159008217
"('0013151000', 'Unknown Dept')",0.0013761467889908258,0.008229625092869125,0.12571000201827984,7.228473467238522e-06,0.13549378510573185
"('0019489001', 'Chemical and Petroleum Engineering')",0.001834862385321101,0.001833599575695966,0.12119190571492106,3.7230711880548023e-06,0.13017339862422128
"('0018408000', 'Dept. of Chem. & Biomolec. Engineering')",0.0009174311926605505,0.0,0.10810274719825448,4.202189633823994e-07,0.11420474974222146
"('0021030000', 'Materials Science and Engineering')",0.0009174311926605505,0.0,0.10810274719825448,4.202189633823994e-07,0.11420474974222146
"('0034744000', 'Chemistry')",0.0009174311926605505,0.0,0.10810274719825448,4.202189633823994e-07,0.11420474974222143
"('0032896000', 'Chemistry')",0.0009174311926605505,0.0,0.10810274719825448,4.202189633823994e-07,0.11420474974222143
"('0026278000', 'Department of Computer Science')",0.0009174311926605505,0.0,0.09878557186876925,8.282087319706579e-08,0.10500420320070643
"('0025205000', 'Computer Science and Engineering')",0.0011467889908256881,0.00045871559633027525,0.09878781012801631,8.336006186103438e-08,0.105118882099789
"('0021998000', 'Chemistry & Chemical Biology')",0.0009174311926605505,0.0,0.09878557186876925,8.282087319706579e-08,0.10500420320070643
"('0026278000', 'Computer Science')",0.0009174311926605505,0.0,0.09878557186876925,8.282087319706579e-08,0.10500420320070643
"('7203596368', 'Unknown Dept')",0.00022935779816513763,0.0,0.10829876549343004,5.614625865701211e-07,0.11404679118926228
"('0033787000', 'Computer and Information Sciences')",0.00045871559633027525,0.00045871559633027525,0.12144846796657381,6.6969095592107865e-06,0.1299942227751854
"('0020776000', 'HEMI')",0.0009174311926605505,0.0005912133030512705,0.12710629117835695,8.646487459440109e-06,0.13848504588368993
"('0027854000', 'Department of Media, Culture, and Commun')",0.00022935779816513763,0.0,0.1074262060809146,2.0779423030449845e-06,0.11278156597736028
"('0027854000', 'Media, Culture, and Communication')",0.00045871559633027525,0.00045871559633027525,0.12035222347972507,2.4840232878491436e-05,0.12817930742579953
"('0013128000', 'Electronics Research Laboratory')",0.0016055045871559634,0.0027390274417027397,0.1440370003303601,7.358717250320471e-05,0.15722864959963476
"('0013128000', 'School of Optometry')",0.0006880733944954129,0.00045871559633027525,0.1419178438903717,6.192694260319819e-05,0.1540203791493922
"('0013128000', 'Unknown Dept')",0.005275229357798165,0.04545620925022823,0.16410101998569762,0.0006572328122432246,0.18484308759538093
"('0017400000', 'Unknown Dept')",0.003211009174311927,0.006866843039077644,0.15380816312131795,0.0027545042811536126,0.16917189461914112
"('0039545000', 'Department of Computer Science')",0.0009174311926605505,0.0009173259585251225,0.13606291349394584,5.577470414801344e-05,0.14894633940218704
"('0019489001', 'Special Education')",0.00022935779816513763,0.0,0.11977034859764304,4.6753949442683905e-06,0.12788076802597115
"('0025320000', 'Physics Department')",0.0009174311926605505,0.008679606255958884,0.08761529650543577,7.809653148600319e-09,0.09201191752516559
"('0025320000', 'Electrical Engineering')",0.0006880733944954129,0.0,0.08058553896199912,7.944764264823411e-10,0.08417353008216394
"('0011080000', 'Physics')",0.001834862385321101,0.006858634776514267,0.08060788700105381,8.835109626744666e-10,0.08479661876717921
"('0025320000', 'Physics')",0.0009174311926605505,0.00045871559633027525,0.08058702844574238,7.996468587981368e-10,0.0842882089812465
"('0015354000', 'Urban and Regional Planning')",0.001834862385321101,0.003568361588002638,0.14626945786366077,0.0007968072841896274,0.16097242461921313
"('0038968000', 'Urban Planning')",0.0009174311926605505,0.0,0.1314084209891799,0.000218319622657176,0.14213253235042178
"('7203583677', 'Unknown Dept')",0.0013761467889908258,0.0,0.1314084209891799,0.00023659516708250078,0.14213253235042178
"('0010835000', 'Chemistry & Biochemistry')",0.0006880733944954129,0.0,0.12778803599167618,3.501313336998059e-05,0.1370740692156978
"('0010835000', 'Chemistry and Biochemistry')",0.0016055045871559634,0.0009172207243896947,0.12779552715654952,3.853138252146373e-05,0.13730342701386294
"('0010835000', 'Department of Chemistry')",0.0013761467889908258,0.0019431000241012719,0.13789613511291038,6.42866277232897e-05,0.14996770240462862
"('0010835000', 'Optical Sciences')",0.0013761467889908258,0.0021090969662614176,0.13964959482399666,0.0003156885082767216,0.15263701862612358
"('0022301000', 'Geology & Geophysics')",0.0006880733944954129,0.002736166057168876,0.1376610255114928,2.6512860767784567e-05,0.14949620111030557
"('0036327000', 'Department of Oceanography')",0.0011467889908256881,0.00045871559633027525,0.13661287795707347,0.00021642302776137958,0.14746316056522465
"('0036327000', 'Department of Geography')",0.0009174311926605505,0.0,0.13660859756861762,0.00021502475888048465,0.14734848166614206
"('4062600000', 'CGD')",0.0022935779816513763,0.011437920016177085,0.14602451604260164,0.00029581402985884574,0.15967970485172311
"('0036582000', 'Communication Studies')",0.0027522935779816515,0.011333168463112898,0.15151515151515152,0.0018427788110462072,0.16748586848930788
"('0013177010', 'Scripps Institution of Oceanography')",0.0009174311926605505,0.0,0.13660859756861762,0.00021502475888048465,0.14734848166614206
"('0036525000', 'Chemical and Biomolecular Engineering')",0.00045871559633027525,0.0,0.10635702785773528,1.1346515244519238e-07,0.11291605018581158
"('4003554000', 'Chemical and Biomolecular Engineering')",0.00045871559633027525,0.0,0.10635702785773528,1.1346515244519238e-07,0.11291605018581158
"('0036525000', 'Chemical & Biomolecular Engineering')",0.0016055045871559634,0.001375725852449114,0.11900862539578556,1.233779395527155e-06,0.12921397484808098
"('0018697000', 'Department of Nat. Res. Ecology & Mgmt')",0.00045871559633027525,0.0,0.11633802065266696,1.739487290656769e-05,0.12303064906326452
"('0023259000', 'School for Environment and Sustainabilit')",0.0011467889908256881,0.0026746442597858264,0.1316464869108367,0.00017198030139506043,0.1421008652707245
"('4000790000', 'Ctr Biology and Conservation')",0.00045871559633027525,0.0,0.11633802065266696,1.7394872906567686e-05,0.12303064906326452
"('0036327060', 'Computer Science and Engineering')",0.003211009174311927,0.0037109746004187756,0.13224945401601554,7.595098358856402e-05,0.14455596677786972
"('0102988000', 'Marine Sciences/Urban Planning')",0.00022935779816513763,0.0,0.11680552950947036,6.486180379674379e-06,0.12417461657039343
"('0080010000', 'Biological Science')",0.0009174311926605505,0.0,0.10987072549958421,1.5741173660843806e-06,0.11549722087515442
"('0080010000', 'Mechanical and Industrial  Engineering')",0.0009174311926605505,0.0,0.10987072549958421,1.5741173660843806e-06,0.11549722087515442
"('0080010000', 'Center for the Advancement of Teaching E')",0.0009174311926605505,0.0,0.10987072549958421,1.5741173660843806e-06,0.11549722087515443
"('0080010000', 'Office of Diversity')",0.0009174311926605505,0.0,0.10987072549958421,1.5741173660843806e-06,0.11549722087515442
"('0036137000', 'Operations Research and Engineering Mana')",0.00045871559633027525,0.0,0.11666176116447703,7.0478465118748905e-06,0.12381156601238881
"('0036327060', 'Industrial and Systems Engineering')",0.0020642201834862386,0.0013798942934802306,0.13205718439544464,7.54415941643351e-05,0.14338105415226915
"('0038950000', 'Industrial and Systems Engineering')",0.0006880733944954129,0.00045871559633027525,0.11666488279995718,7.095823866853579e-06,0.12392624491147138
"('0026633000', 'Chemical and Biological Engineering')",0.002522935779816514,0.0027497679587313814,0.11201027617212589,1.0585722692642573e-06,0.12069932308801633
"('0026633000', 'Department of Chemical and Nuclear Engin')",0.0006880733944954129,0.0,0.10073471651032762,1.0847991156622865e-07,0.10641609117438472
"('0026633000', 'Center for Biomedical Engineering')",0.0009174311926605505,1.0523413542791357e-07,0.10073704396848501,1.1765430413328511e-07,0.10653077007346728
"('5300004468', 'Unknown Dept')",0.0006880733944954129,0.0,0.10073471651032762,1.0847991156622865e-07,0.10641609117438472
"('0029058000', 'Unknown Dept')",0.001834862385321101,0.0018339678951699637,0.09224389624677358,7.052587757444493e-08,0.09758998693215197
"('6250009817', 'Unknown Dept')",0.0011467889908256881,5.2617067713956784e-08,0.08445847781027836,7.830712224912035e-09,0.08824542394380942
"('6250009817', 'Education')",0.00045871559633027525,0.0,0.08445684177901751,6.686500209266613e-09,0.08813074504472687
"('0029207000', 'Electrical and Computer Engineering')",0.002981651376146789,0.010793909151731054,0.15409082876833363,0.0002682641445879541,0.17144379511925348
"('0029207000', 'Electrical Engineering')",0.0016055045871559634,0.0009538618547560936,0.14737197904343416,7.627065618870643e-05,0.1617408241605481
"('0029207000', 'Division of Earth and Ocean Sciences')",0.0006880733944954129,0.0,0.13446000123357799,3.42396761044568e-05,0.14533726849093803
"('0029207000', 'Mechanical Engineering')",0.0011467889908256881,0.0,0.1012470101943664,7.942075004825851e-08,0.10660639131392263
"('0029207000', 'Unknown Dept')",0.0016055045871559634,0.0032077469161136615,0.11264112434443382,7.092614976503754e-07,0.12047021987726161
"('0029207000', 'Surgery')",0.0006880733944954129,0.0,0.1012470101943664,7.323069871782533e-08,0.10660639131392263
"('0036582000', 'Aerospace Engineering')",0.0006880733944954129,0.0,0.11597595360961856,0.001064773364414196,0.12423994869809034
"('0014894000', 'College of Nursing')",0.0006880733944954129,0.0,0.11597595360961856,0.001064773364414196,0.12423994869809034
"('0035451020', 'Pediatrics')",0.001834862385321101,0.0013755153841782583,0.11598520922561252,0.0011836468304641352,0.12458398539533805
"('0015693000', 'ECE')",0.0016055045871559634,0.002749136553918814,0.13116726835138387,0.010483223869202037,0.14380348626908204
"('0033712000', 'Computer and Information Sciences')",0.0045871559633027525,0.01637481651897301,0.1519481424688088,0.0001776363815045515,0.16735593025730505
"('0080010000', 'Computer Science')",0.001834862385321101,0.0015493396258621163,0.13668140067086743,3.145398720938438e-05,0.14764225230681588
"('0021303000', 'Division of Emerging Media Studies, Coll')",0.0009174311926605505,0.0,0.13581285238139737,2.350834692165576e-05,0.14591746015197807
"('0021303000', 'Electrical and Computer Engineering')",0.001834862385321101,0.004297792260531062,0.142497630486649,4.737514831198629e-05,0.15484183470708593
"('0033712000', 'Communication and Social Influence')",0.0009174311926605505,0.0,0.13581285238139737,2.350834692165576e-05,0.14591746015197804
"('0001057000', 'Department of Computer Science')",0.0006880733944954129,0.002291473298942818,0.14690521917854374,0.0010682371102993427,0.16028940669422218
"('0001057000', 'Department of Psychology')",0.00045871559633027525,0.0,0.12810718693071635,9.80860265061691e-05,0.1365156571893954
"('0001057000', 'Electrical and Computer Engineering')",0.0006880733944954129,0.0013755153841782583,0.128118480209221,9.873565892921734e-05,0.13668767553801925
"('0013482000', 'Computer Science')",0.0013761467889908258,0.010970890719707407,0.11849758112735773,6.028919303201927e-06,0.128992946401203
"('0013482000', 'Engineering and Computational Sciences')",0.00045871559633027525,0.0,0.11604077396002449,5.800133559238896e-06,0.12523236033843801
"('0013508000', 'Unknown Dept')",0.004128440366972477,0.01740072182241141,0.1293845332067185,6.330524250023391e-05,0.14405017160464334
"('5300008992', 'Unknown Dept')",0.00045871559633027525,0.0,0.14308217379889734,0.0567814547548083,0.15993243950239325
"('0013219000', 'Applied Math and Statistics')",0.00045871559633027525,0.0,0.14308217379889734,0.0567814547548083,0.15993243950239325
"('0080010000', 'Department of Computer Science')",0.0009174311926605505,0.004120643420148176,0.14057714009350314,0.00012048857737009065,0.15281864796772962
"('0033290000', 'College of Information Sciences and Tech')",0.0006880733944954129,0.0015558903361514499,0.12720641867250182,1.1213391236191206e-05,0.13671659953196563
"('0036327040', 'Horticulture Sciences')",0.00045871559633027525,0.0,0.13594836456611892,0.00010018130641661948,0.14743218523321663
"('0023259000', 'Unknown Dept')",0.005504587155963303,0.01730748155564434,0.14330320460147905,0.0005908677517602998,0.15930545594822965
"('0010827000', 'Center for Ecosystem Science and Society')",0.0020642201834862386,0.0023958454122699354,0.13071111644082023,7.396729703416577e-05,0.1425135045891922
"('0010827000', 'School of Informatics, Computing and Cyb')",0.0006880733944954129,0.0,0.12669998837614785,3.414661180707995e-05,0.13686179200514062
"('0010827000', 'School of Informatics, Computing, and Cy')",0.0016055045871559634,0.0006591608776535057,0.13295925835569652,5.09624721790888e-05,0.1451801594175443
"('0010827000', 'SICCS')",0.0020642201834862386,0.00305827406721143,0.14240919780506925,0.0002829672587197786,0.15720354950859466
"('0026575000', 'Chemistry and Biochemistry')",0.0009174311926605505,0.0,0.12118180049473304,3.551421109029307e-06,0.12996609223285538
"('0026575000', 'Unknown Dept')",0.001834862385321101,0.00668944813207718,0.13788305240188484,3.5409854623470956e-05,0.15220470501720407
"('0026575000', 'EASIB')",0.00045871559633027525,0.0,0.12118180049473304,3.275755285556541e-06,0.12996609223285532
"('0100974000', 'Physical, Environmental and Computer Sci')",0.0011467889908256881,0.0,0.10971037467602728,5.478342509046529e-07,0.11658300658536679
"('0026922000', 'Chemistry and Chemical Technology')",0.0006880733944954129,0.0,0.10971037467602728,5.054547297789812e-07,0.11658300658536677
"('0014480000', 'Unknown Dept')",0.0016055045871559634,0.006229108528980615,0.12321953425276962,4.9775079910760924e-06,0.1336553801365927
"('0033290000', 'Geography')",0.0006880733944954129,0.0,0.10971037467602728,5.054547297789812e-07,0.1165830065853668
"('0114629000', 'Institute of Social & Economic Research')",0.0013761467889908258,0.0013757258524491139,0.10897820435912818,3.6902446711611965e-06,0.11415355694510805
"('6250007305', 'Unknown Dept')",0.00045871559633027525,0.0,0.09827345264391651,3.3717679766314885e-07,0.10197602578611456
"('6250007305', 'Tribal Development - Natural/Cultural Re')",0.00045871559633027525,0.0,0.09827345264391651,3.3717679766314885e-07,0.10197602578611456
"('0010835000', 'Electrical and Computer Engineering')",0.0045871559633027525,0.023923681837629263,0.14935598794190189,0.002893331089355676,0.16694875365460124
"('0010835000', 'Unknown Dept')",0.001834862385321101,0.0045810523834479335,0.13808830050041174,0.00031611411664569835,0.15076359897747466
"('0013151000', 'Physical Sciences Division')",0.0016055045871559634,0.011909412262101723,0.15298782413418013,0.0004267731210856162,0.1682606632663963
"('0029744000', 'Department of Statistics and OR')",0.0006880733944954129,0.0018705283378483803,0.11188093405183475,5.786373922158136e-07,0.11862115349378957
"('0029207000', 'Statistics and Computer Science')",0.00045871559633027525,0.0,0.1106065602881859,5.588467668405132e-07,0.11653737017720774
"('0029751000', 'Mathematics and Statistics')",0.0011467889908256881,0.003036970221061009,0.12333455913552657,6.091604061406094e-06,0.13169595047124738
"('0016105000', 'Dept. of Geology & Geophysics')",0.00045871559633027525,0.0,0.1232717916819814,9.652785321701102e-06,0.13371381622140474
"('0016105000', 'Information and Computer Sciences')",0.0006880733944954129,5.2617067713956784e-08,0.12327527708663198,1.0469252287664136e-05,0.13382849512048728
"('0015370000', 'Civil and Environmental Engineering')",0.0016055045871559634,0.001375725852449114,0.11273432449903038,5.2437746567371085e-06,0.11944020099646034
"('0032565000', 'Civil, Arch. and Environ. Engr')",0.00022935779816513763,0.0,0.10131523911325928,4.390906157673486e-07,0.10572717979419555
"('0011080000', 'Biological Sciences')",0.001834862385321101,0.0036638316590582387,0.11745689655172414,2.591880071192875e-06,0.12703122543044226
"('0011080000', 'Department of Biological Engineering')",0.001834862385321101,0.009112467131411691,0.1330201055618269,2.6629200703813668e-05,0.14726878721431405
"('0010637000', 'Atmospheric Sciences')",0.00022935779816513763,0.0,0.12561221549985596,0.005664555353458416,0.13647581585081534
"('0010637000', 'Geophysical Institute')",0.0022935779816513763,0.008973560683468343,0.143652597937465,0.06773149193793775,0.16213209000479584
"('0039545000', 'Joint appt w/Mathematics & Comp. Science')",0.00045871559633027525,0.0,0.12881496144414573,2.2673615405363372e-05,0.13823228440774268
"('0039545000', 'Department of Computer Science, CSB 201')",0.00045871559633027525,0.0,0.12881496144414573,2.2673615405363372e-05,0.13823228440774268
"('0039545000', 'Computer Science')",0.002522935779816514,0.0047257099621250825,0.14785174132727458,0.00024747866624300654,0.16334905728827612
"('0018259000', 'Technology Leadership and Innovation')",0.0022935779816513763,0.0007578302290523766,0.1608440624193013,0.004931593070117313,0.17803641312815555
"('0018259000', 'Anthropology')",0.0009174311926605505,4.6409931699462504e-05,0.16137987193248696,0.0040358147633106104,0.17825275578142513
"('0018259000', 'Industial Design')",0.0006880733944954129,0.0,0.15933343078497295,0.003490848938694813,0.17522351183474966
"('0010819000', 'School of Molecular Sciences')",0.00045871559633027525,0.00045871559633027525,0.12522258601872593,0.005964334715783039,0.135784846524525
"('0015644000', 'Chemistry')",0.00022935779816513763,0.0,0.11128978737524568,0.0004988111336078009,0.11823046410775673
"('0036582000', 'Oden Institute for Computational Enginee')",0.0009174311926605505,0.00045871559633027525,0.13361936867912963,5.2626181301523776e-05,0.143414764707769
"('0036582000', 'Oden Institute')",0.00022935779816513763,0.0,0.11787288112682148,4.4366488317569745e-06,0.12414743681844287
"('0014936000', 'Unknown Dept')",0.0016055045871559634,0.001833599575695966,0.09716310476232924,8.302313227501174e-08,0.10269124603718725
"('0014936000', 'Biological Sciences')",0.0009174311926605505,0.0,0.08856568282922668,9.308108805935035e-09,0.09255747876816474
"('0031005000', 'Environmental & Plant Biology')",0.0009174311926605505,0.0,0.08856568282922668,9.308108805935035e-09,0.09255747876816471
"('0014936000', 'Biology')",0.0009174311926605505,0.0,0.08856568282922668,9.308108805935035e-09,0.09255747876816472
"('0014936000', 'Math')",0.0009174311926605505,0.0,0.08856568282922668,9.308108805935035e-09,0.09255747876816474
"('0037986000', 'Civil and Environmental Engineering')",0.003669724770642202,0.030376970794765992,0.17660401814646792,0.02555302947350182,0.20061343918568675
"('0037499000', 'Unknown Dept')",0.004357798165137615,0.027152614570348226,0.164976540033298,0.0036934167987983397,0.18606459608179676
"('0036525000', 'Mathematics')",0.0016055045871559634,0.001833599575695966,0.11597903865081265,1.097989655802108e-06,0.1237478405746073
"('0036525000', 'teachHOUSTON')",0.0006880733944954129,0.0,0.11596669947070246,1.0598374029494104e-06,0.12328912497827708
"('0036525000', 'Department of Biomedical Sciences')",0.0006880733944954129,0.0,0.11596669947070246,1.0598374029494104e-06,0.12328912497827708
"('0017749000', 'Harris School of Public Policy, Universi')",0.00022935779816513763,0.0,0.12597151194706885,9.19879627822396e-06,0.13452597001622194
"('0017749000', 'Harris School of Public Policy')",0.0006880733944954129,0.0018082356875334543,0.144122702631231,0.0001097675492273507,0.15799853434027641
"('0096354000', 'Civil and Environmental Engineering')",0.0006880733944954129,0.0,0.08149380385413357,2.1293040200730392e-10,0.08557483222460947
"('0096354000', 'Unknown Dept')",0.002981651376146789,0.007322296377209654,0.08872247771763461,2.301618629499499e-09,0.0952515340316126
"('0027110000', 'Cornell Tech')",0.0013761467889908258,0.002749241788054242,0.11146903921869407,2.1625311050013e-06,0.11811747578139839
"('0027110000', 'K-12 TIR')",0.00045871559633027525,0.0,0.10030136419057259,1.9918404774148891e-07,0.10491448211830308
"('P270039655', 'Unknown Dept')",0.00022935779816513763,0.0,0.13605017630355415,5.335957824404388e-05,0.1464919512826621
"('0026278000', 'Unknown Dept')",0.00481651376146789,0.022163643491871696,0.15746893961282865,0.0006374394676296391,0.17587545100159702
"('0015370000', 'Unknown Dept')",0.002522935779816514,0.0018342309805085336,0.11926580408676861,1.7032945179697597e-05,0.12873353497105464
"('0015370000', 'Physics')",0.00022935779816513763,0.0,0.10655978101476195,1.4455635793203653e-06,0.11244673915309213
"('4004859000', 'Unknown Dept')",0.0013761467889908258,0.00045871559633027525,0.11744740457398378,8.244300234737028e-07,0.12469189386047123
"('0011452001', 'Mathematics')",0.00022935779816513763,0.0,0.10510582903427992,6.974499471620361e-08,0.10993097835785193
"('0036582000', 'Chemistry and Biochemistry')",0.00045871559633027525,0.0,0.1248997364500974,2.967774377302932e-06,0.13378351429855745
"('0036582000', 'Department of Neuroscience')",0.00045871559633027525,0.0,0.1248997364500974,2.967774377302932e-06,0.13378351429855745
"('0033290000', 'College of Info Sciences & Technology')",0.00045871559633027525,0.0014860257031873785,0.12413518207442417,1.7434748709743698e-06,0.13449660876839703
"('0015370000', 'Medical Engineering')",0.00022935779816513763,0.0,0.13190935769824222,1.4918327146950609e-05,0.14076054456501674
"('0037549000', 'Biochemistry')",0.002522935779816514,0.004123494362607365,0.1570435471670929,0.0022800465957794063,0.1745324712239839
"('0037549000', 'Engineering Science and Mechanics')",0.0006880733944954129,0.0,0.13573251976838305,0.00020845574849618584,0.14605412649277272
"('4000069000', 'Research & Development')",0.0016055045871559634,0.010091170047681352,0.152372964283218,0.0005858781997515049,0.16804582013297542
"('0015693000', 'School of Public Policy')",0.0009174311926605505,0.0018946434149886332,0.15039150081059638,5.543086536081792e-05,0.16644496813074638
"('0015693000', 'Interactive Computing')",0.0011467889908256881,0.008549567943941457,0.15523748486790573,0.00011197117040850942,0.17271835071146882
"('0023259000', 'Industrial & Operations Engineering')",0.0011467889908256881,0.0033903794433399314,0.13897743210506183,0.0002371427833911224,0.15097081403560686
"('0025734000', 'Earth Sciences')",0.00045871559633027525,0.00045871559633027525,0.12192393736017897,7.658370012073544e-06,0.1297444306121112
"('0018093000', 'Mathematics')",0.00022935779816513763,0.0,0.1146523614179026,2.8412776174956776e-06,0.12209351535090175
"('0013151000', 'JIFRESSE')",0.0016055045871559634,0.00045871559633027525,0.1319852273415269,2.9808704136719092e-05,0.14248682255562958
"('0013151000', 'Atmospheric & Oceanic Sciences')",0.00022935779816513763,0.0,0.11659936351723585,2.711155040524432e-06,0.1232085775463063
"('0023879000', 'Computer Science')",0.001834862385321101,0.001375725852449114,0.10056046313167424,8.610265692918496e-08,0.10655522948405713
"('0023879000', 'Computer Science and Engineering')",0.0009174311926605505,0.0,0.09137587760662265,8.717527527077778e-09,0.09541075721797763
"('0023259000', 'Civil & Environmental Engineering')",0.0011467889908256881,0.00050122588111121,0.1394575230296827,0.0003548837303814353,0.15100846942303275
"('0023259000', 'EECS')",0.003669724770642202,0.017389723967902074,0.1535968435144085,0.0015992825870926207,0.16972653747882976
"('0023259000', 'Civil and Environmental Engineering')",0.001834862385321101,0.0018341257463731055,0.1334190152697451,0.00022420648983490066,0.1436550226659168
"('0023259000', 'College of Architecture')",0.0009174311926605505,0.0,0.1334026864118961,0.00021707163929414152,0.14319630706958658
"('0026278000', 'School of Architecture')",0.0011467889908256881,0.0005551578428476555,0.13375463999754578,0.00021900765587164577,0.14389912489396395
"('0013706000', 'Geography')",0.0011467889908256881,0.016817820714041858,0.13783510369246332,0.00022106886656744027,0.15200856896671117
"('0023879000', 'St. Anthony Falls Laboratory')",0.001834862385321101,0.00792575448955518,0.140640624495984,0.0024205163384042913,0.1554518146863323
"('0029207000', 'Physics and Electrical and Computer Engi')",0.0011467889908256881,9.693654283198662e-05,0.14303523390853617,0.00021097097735284554,0.15677855719713474
"('0029207000', 'Duke University Department of Physics')",0.00045871559633027525,0.0,0.13352525035984442,4.0114372529259105e-05,0.14383123502389547
"('0021550000', 'SEAS')",0.0013761467889908258,0.002444961996705078,0.164708548978127,0.00341411534525166,0.18193461386982013
"('0021550000', 'Molecular and Cellular Biology')",0.00022935779816513763,0.0,0.14142069412909503,0.0002856827427981689,0.15157174034366355
"('0029744000', 'Biology Department')",0.0006880733944954129,0.0,0.11471269206482845,3.4954660464587053e-07,0.12253655629987883
"('0025734000', 'Department of Biological Sciences')",0.0006880733944954129,0.0,0.11471269206482845,3.4954660464587053e-07,0.12253655629987883
"('0018697000', 'Genetics, Development and Cell Biology')",0.001834862385321101,0.0036593770316335,0.12956524323199906,3.4297139801222894e-06,0.14163982965301775
"('0029744000', 'Department of Genetics')",0.0006880733944954129,0.0,0.11471269206482845,3.4954660464587053e-07,0.12253655629987883
"('0038968000', 'Physics')",0.0022935779816513763,0.005834387474252556,0.14293676031865718,0.0002337124436478978,0.156086124629702
"('0038968000', 'Department of Chemistry')",0.0006880733944954129,0.0,0.12687327222464717,2.417724341567202e-05,0.13586050194708432
"('0021303000', 'Chemistry')",0.001834862385321101,0.0026082032161225707,0.13332925598605547,3.069767142306221e-05,0.1443096343641063
"('0038968000', 'Chemistry and Biochemistry')",0.0006880733944954129,0.0,0.12687327222464717,2.417724341567202e-05,0.1358605019470843
"('0025684000', 'Unknown Dept')",0.003211009174311927,0.02051869339095683,0.14850136239782016,0.0002823127974144788,0.1658162272869831
"('0025684000', 'Natural Resources & Environmental Scienc')",0.00045871559633027525,0.0,0.12930778812503707,2.582688550032092e-05,0.1395971234722584
"('6250002291', 'Biology')",0.00045871559633027525,0.0,0.12930778812503707,2.582688550032092e-05,0.1395971234722584
"('6250034221', 'Unknown Dept')",0.00022935779816513763,0.0,0.11807398580945676,2.6251178101541677e-06,0.12559021901675646
"('0013177000', 'NanoEngineering')",0.001834862385321101,0.0012421198245878453,0.13387785181318512,3.113185838050421e-05,0.14582346721006964
"('0029744000', 'School of Education')",0.0009174311926605505,0.00045871559633027525,0.11465839162678168,3.1255521935594702e-06,0.12224642054967852
"('0029744000', 'UNC Eshelman School of Pharmacy')",0.00022935779816513763,0.0,0.10286658015807479,2.62257083530646e-07,0.10804377023140171
"('7203586007', 'Unknown Dept')",0.001834862385321101,0.012703260570348682,0.1475515245862804,0.007106391371655742,0.1636025964351643
"('0029728000', 'Dept. of Electrical & Comp. Engineering')",0.0009174311926605505,0.0,0.13130552627616324,0.0007972839380978489,0.14242797881272604
"('0026633000', 'ECE')",0.0009174311926605505,0.0,0.13130552627616324,0.0007972839380978489,0.14242797881272604
"('0029728000', 'Electrical & Computer Engineering')",0.0020642201834862386,0.00773021505414786,0.13811017137064843,0.0008318768327439326,0.1521175708847726
"('6250004415', 'Unknown Dept')",0.0009174311926605505,0.0,0.13130552627616324,0.0007972839380978489,0.14242797881272604
"('4003687000', 'Biostatistics and Bioinformatics')",0.00022935779816513763,0.0,0.10033598748101441,6.315542069005382e-07,0.10577883646454679
"('0011403001', 'Mechanical Engineering')",0.0020642201834862386,0.0016043470116662564,0.12864392777056533,0.009251227352838334,0.1415288947800409
"('0011403001', 'Engineering,Computer Science &Technology')",0.00045871559633027525,0.0,0.11398692810457517,0.0008443123990204762,0.12211312228800654
"('6250031716', 'Unknown Dept')",0.00045871559633027525,0.0,0.11398692810457517,0.0008443123990204762,0.12211312228800654
"('0028381000', 'School of Marine and Atmospheric Science')",0.0022935779816513763,0.0035659075697698876,0.11148043978522117,3.6786891076027294e-07,0.12013448241136354
"('0028381000', 'Unknown Dept')",0.0022935779816513763,0.0069161963490114164,0.11653080315381531,1.4692562172059283e-06,0.1262671471921672
"('0036327060', 'Materials Science & Engineering')",0.00022935779816513763,0.0,0.1271359421473144,1.0306711246802842e-05,0.13554153074694095
"('0036582000', 'Civil, Architectural, and Environmental')",0.0006880733944954129,0.0018899130254373233,0.13665569659927912,0.00017418305982996914,0.14714551630836065
"('0038000000', 'Civil and Environmental Engineering')",0.0011467889908256881,0.0016022011654248847,0.1251758490999397,1.5817752421348647e-05,0.1334933692072454
"('0010637000', 'Institute of Arctic Biology')",0.0016055045871559634,0.0009172207243896947,0.10113662723266063,0.0002857976718561933,0.10743868204185755
"('0010637000', 'Biology and Wildlife')",0.00045871559633027525,0.0,0.0918513524900986,2.6083034838804443e-05,0.09628776414866327
"('0010637000', 'UA Museum of the North')",0.00045871559633027525,0.0,0.0918513524900986,2.6083034838804443e-05,0.09628776414866327
"('0013177000', 'Department of Economics')",0.00022935779816513763,0.0,0.13012594759147617,3.848434613817272e-05,0.13807626060678546
"('0013177000', 'Economics')",0.0006880733944954129,0.00045871559633027515,0.14958657837856384,0.00045979446488441105,0.16229690002912348
"('0013284000', 'Biological Sciences')",0.0016055045871559634,0.001375725852449114,0.11951426770099503,1.0519541316673053e-06,0.12790667899663447
"('0013284000', 'Department of Biological Sciences')",0.0009174311926605505,0.0,0.1195044403025984,1.0302017819640526e-06,0.12756264229938682
"('0013284000', 'Data Sciences and Operations')",0.0009174311926605505,0.0,0.1195044403025984,1.0302017819640526e-06,0.12756264229938682
"('0013284000', 'Computer Science')",0.0016055045871559634,0.01020244278653634,0.13569450063801314,9.174647851581623e-06,0.14794860443268382
"('4002127000', 'Unknown Dept')",0.0009174311926605505,0.0,0.1195044403025984,1.0302017819640526e-06,0.12756264229938682
"('0025163000', 'Division of Plant Science and Technology')",0.0009174311926605505,0.0,0.0897654979308641,5.246581040468611e-09,0.09501255066277418
"('0023259000', 'Dept of Molecular, Cell, & Devel Biology')",0.0009174311926605505,0.0,0.0897654979308641,5.246581040468611e-09,0.09501255066277417
"('5300010617', 'Unknown Dept')",0.0009174311926605505,0.0,0.0897654979308641,5.246581040468611e-09,0.09501255066277417
"('0032177000', 'Biology')",0.0009174311926605505,0.0,0.0897654979308641,5.246581040468611e-09,0.09501255066277417
"('4062600000', 'Unidata Program Center')",0.0009174311926605505,0.0,0.1620817843866171,0.0037113312808912924,0.17846692234880238
"('0017756000', 'Department of Geography and Geographic I')",0.0016055045871559634,0.03303494747372055,0.16608891089863242,0.003828828877452102,0.18437790802469614
"('0036772000', 'Department of Civil & Environmental Eng.')",0.0009174311926605505,0.0,0.1620817843866171,0.0037113312808912924,0.17846692234880238
"('0017756000', 'Atmospheric Sciences')",0.0016055045871559634,0.013312477668003773,0.162966285415265,0.004052527270255868,0.17971416707655163
"('0027078000', 'EIM AC4')",0.00045871559633027525,0.0,0.13404248777938327,0.000114207015787576,0.1468320050534701
"('0016949000', 'Chemistry, Physics & Engineering Studies')",0.0009174311926605505,0.0,0.14071324834597385,0.00013401516535133597,0.15216572259290076
"('0017749000', 'Chemistry/Inst. for Biophysical Dynamics')",0.0009174311926605505,0.0,0.14071324834597385,0.00013401516535133597,0.15216572259290076
"('0017749000', 'Pritzker School of Molecular Engineering')",0.003669724770642202,0.017643914351501023,0.16246227223609197,0.0011551018684199986,0.18089797371334015
"('0034256000', 'School of Computing')",0.002522935779816514,0.011355801094444144,0.15226121878819626,0.0018421527959321632,0.1694678569391863
"('0034256000', 'Elec. & Computer Engr.')",0.00022935779816513763,0.0,0.13214523852821725,0.0001541243125002238,0.14225220243568878
"('0017749000', 'MCS')",0.00022935779816513763,0.0,0.11260039771700112,6.730149256483753e-07,0.11949544923505973
"('0017749000', 'Computer Science')",0.002981651376146789,0.008688915232506646,0.12688434899016354,7.987557608718934e-06,0.1380551333522863
"('0022905000', 'Office of Research Innovation and Econom')",0.00022935779816513763,0.0,0.11360083376758728,5.9497001839894636e-06,0.11953286624630331
"('0022905000', 'MSU-DOE Plant Research Laboratory')",0.0011467889908256881,0.00045871559633027525,0.12815613885541283,7.046515703519034e-05,0.1372268573042649
"('0018697000', 'Mechanical Engineering')",0.0045871559633027525,0.011742067001451719,0.1439609060291884,0.000499296900024655,0.15988836151106722
"('0013201000', 'Unknown Dept')",0.0011467889908256881,0.0040380375105224025,0.13295925835569652,5.520377034316159e-05,0.14549234595679472
"('0014266000', 'Unknown Dept')",0.002981651376146789,0.009569816755926741,0.1392304007664059,3.0345774590737554e-05,0.15231115215060106
"('0026906000', 'Economics')",0.00022935779816513763,0.0,0.1222178617480518,2.5479236850119042e-06,0.13004456552621682
"('0019489001', 'Department of Chemical & Petroleum Eng.')",0.0009174311926605505,0.0,0.12117843246247915,3.592206177647817e-06,0.12971468302789105
"('0014316000', 'Department of Chemical Engineering')",0.0020642201834862386,0.0007823387868382131,0.12592785142824134,6.81471926153323e-06,0.1360546701304925
"('0019489001', 'Economics')",0.0009174311926605505,0.0,0.12117843246247915,3.5922061776478167e-06,0.12971468302789108
"('0014316000', 'Chemical and Biomolecular Engineering')",0.0022935779816513763,0.0037646165684625363,0.13784817730563723,2.8546935486890796e-05,0.1510355963480951
"('0012260000', 'Life Science')",0.0011467889908256881,0.0032065893406239545,0.10278655287849497,8.467730432430583e-05,0.10918399540211987
"('4002457000', 'Dolan DNA Learning Center')",0.00045871559633027525,0.0,0.10276959340011786,8.260953488125667e-05,0.10868705350609544
"('4002457000', 'Unknown Dept')",0.0011467889908256881,0.004120863509221667,0.11451384146661764,0.0009030808195717127,0.12297520713231634
"('0036327000', 'Architecture')",0.0009174311926605505,0.0,0.13509744988070524,6.379060356318379e-05,0.14652929607344664
"('0036327000', 'Construction Science')",0.0027522935779816515,0.008094706567945814,0.140640624495984,7.650218743187645e-05,0.1545799820083068
"('0102988000', 'Marine & Coastal Environmental Science')",0.0009174311926605505,0.0,0.13509744988070524,6.379060356318379e-05,0.14652929607344664
"('0036327000', 'Geography')",0.0011467889908256881,0.0020032029743655725,0.13696048250298423,6.494976211568536e-05,0.148941011524153
"('0010504000', 'Computer Science')",0.0011467889908256881,5.2617067713956784e-08,0.12283766270355553,8.013862728071717e-05,0.1302447046455071
"('0010504000', 'Electrical Engineering')",0.0016055045871559634,0.0013755680012459723,0.1400263352281851,0.0007371823480547262,0.15157045299247074
"('0010504000', 'Computer Science Department')",0.00045871559633027525,0.0,0.12283420200028174,6.861197438190154e-05,0.13013002574642454
"('0013177000', 'Electrical & Computer Engineering')",0.00022935779816513763,0.0,0.1381583116800811,8.018343271338341e-05,0.14835418626989658
"('0036582000', 'Institute for Geophysics')",0.0016055045871559634,0.001375725852449114,0.13771320277953253,1.5102381958295644e-05,0.14964389808713124
"('0036582000', 'Institute of Geophysics')",0.00045871559633027525,0.0,0.12105058581820201,1.3817412361924771e-06,0.12864839648568704
"('4000949000', 'Professional Services')",0.002981651376146789,0.020915222879888666,0.13375874340409866,1.4427203760269448e-05,0.14762780447126744
"('4000949000', 'Unknown Dept')",0.0011467889908256881,0.0,0.11862008923713135,1.628825537766112e-06,0.12788664135753283
"('0017392000', 'Managerial Economics')",0.00045871559633027525,0.00045871559633027525,0.12721755368814192,3.2287265077891114e-06,0.13664178879674022
"('0014456000', 'Office of Technology Commercialization')",0.0016055045871559634,0.0,0.13035548778664754,0.00011214072031137682,0.14091371453470034
"('0026278000', 'Chemical and Biological Engineering')",0.0020642201834862386,0.0009172207243896947,0.1303632830019435,0.00011377190844315034,0.14114307233286544
"('0026278000', 'Chemical Engineering')",0.0016055045871559634,0.0,0.13035548778664754,0.00011214072031137682,0.1409137145347003
"('0026278000', 'Department of Chemistry')",0.0016055045871559634,0.0,0.13035548778664754,0.00011214072031137682,0.1409137145347003
"('0027326000', 'Provost Office')",0.0016055045871559634,0.0,0.13035548778664754,0.00011214072031137682,0.14091371453470025
"('0026278000', 'Mechanical & Aerospace Engineering')",0.0016055045871559634,0.0,0.13035548778664754,0.00011214072031137682,0.14091371453470025
"('0026310000', 'Rutgers Business School')",0.002522935779816514,0.007750641812513725,0.13117910762102475,0.00011629120405471952,0.1425821104863531
"('0013136000', 'Plant Biology')",0.0006880733944954129,0.0,0.111651728553137,1.7106270774572676e-06,0.118140355851499
"('0013136000', 'Evolution and Ecology')",0.0006880733944954129,0.0,0.111651728553137,1.7106270774572676e-06,0.11814035585149897
"('0013136000', 'Biotechnology Program')",0.0006880733944954129,0.0,0.111651728553137,1.7106270774572676e-06,0.118140355851499
"('0013136000', 'Plant Sciences')",0.0016055045871559634,0.0013755153841782585,0.12567376704234284,1.697076787447628e-05,0.13541382133411944
"('0013128000', 'Reserves & Field Stations')",0.00022935779816513763,0.0,0.11207938099277653,1.0563734185630252e-06,0.11846967516877706
"('0013128000', 'Dept. of Earth and Planetary Science')",0.0006880733944954129,0.001375725852449114,0.12622314863065254,1.2597246657619358e-05,0.1360310920603351
"('0022335000', 'Mechanical Engineering')",0.0016055045871559634,0.0004588208304657032,0.08569350812712515,1.651610683602996e-08,0.09070995866231699
"('0022335000', 'Mechanical Engineeing')",0.00022935779816513763,0.0,0.07893117057098374,1.4142273167758688e-09,0.08228918286499051
"('0023259000', 'College of Engineering')",0.0022935779816513763,0.021886807901347987,0.1652266181597696,0.006804584643892979,0.18452093395900665
"('0023259000', 'Center for Academic Innovation')",0.00022935779816513763,0.0,0.14180245227176635,0.0005716743415425564,0.15277171032331524
"('4003554000', 'Biological Sciences')",0.00045871559633027525,0.00045871559633027525,0.1357409713574097,0.00019233995785522014,0.14620703169154944
"('4003554000', 'Earth and Planetary Sciences')",0.00022935779816513763,0.0,0.11173184357541899,9.399394578651176e-07,0.11785681103240365
"('0013219000', 'Ocean Sciences')",0.00045871559633027525,0.00045871559633027525,0.12578253469116926,1.1209774059837541e-05,0.13500552804738583
"('0023259000', 'Materials Science and Engineering')",0.0022935779816513763,0.0036655154052250855,0.1317538982231355,8.631376760426669e-06,0.1444670076655369
"('0023259000', 'Materials Science & Engineering')",0.0009174311926605505,0.0,0.11642811365092928,9.730602947528213e-07,0.12460512358212018
"('0021782000', 'Center for Theoretical Physics')",0.00022935779816513763,0.0,0.1335211612666136,3.8014929017684645e-05,0.14312316292719646
"('0021782000', 'Department of Physics')",0.0011467889908256881,0.00045871559633027525,0.15409082876833363,0.00045372625797444936,0.17003305085587103
"('0013284000', 'Rossier School of Education')",0.00022935779816513763,0.0,0.13493021384582057,7.960764768043622e-06,0.1453170877587361
"('0013219000', 'Ecology and Evolutionary Biology')",0.0022935779816513763,0.004878081168164684,0.12827302147690497,1.2084433024144265e-05,0.13909090049858383
"('0013219000', 'Microbiology and Environmental Toxicolog')",0.00045871559633027525,0.0,0.11369562949827892,1.106223719187405e-06,0.12053755663746137
"('0037549000', 'College of Natural Resources and Environ')",0.00045871559633027525,0.0,0.11369562949827892,1.106223719187405e-06,0.1205375566374614
"('0015354000', 'Computer & Information Science & Eng')",0.0022935779816513763,0.0032077469161136615,0.12867809816131984,4.4635226461816995e-06,0.13935540981699238
"('0015354000', 'School of Teaching and Learning; Educati')",0.00022935779816513763,0.0,0.11401077349511009,3.7593492925404603e-07,0.12060091389691971
"('0015354000', 'School of Teaching and Learning')",0.002522935779816514,0.0027500836611376654,0.133056640625,7.3552635233329115e-06,0.14424386966244762
"('0015354000', 'HDOSE')",0.0006880733944954129,0.0,0.11744424092231441,7.546850287574991e-07,0.12457721496138867
"('0015354000', 'School of Teaching & Learning')",0.0006880733944954129,0.0,0.11744424092231441,7.546850287574991e-07,0.12457721496138861
"('0037499000', 'Computer Science')",0.002981651376146789,0.04874098478964443,0.16962340491752256,0.0056284992083626365,0.19189500675165683
"('0037499000', 'Geography and Geoinformation Science')",0.0011467889908256881,0.001981342593568726,0.1558311590835984,0.0010992632620557398,0.17221959297073844
"('0037499000', 'Department of Global and Community Healt')",0.0009174311926605505,0.0,0.15366180305913865,0.000991301786895512,0.16916587426335022
"('0015644000', 'Computer Science')",0.003669724770642202,0.023618561470372303,0.16139779373658103,0.0014032328680110364,0.18117221208964246
"('0027854000', 'Wagner Graduate School of Public Service')",0.0006880733944954129,0.00024902507309629713,0.13681006620854122,0.0002766147364437252,0.14891263148616088
"('0016931000', 'Computer Science')",0.0009174311926605505,0.0,0.10020224305938592,4.727472660839297e-08,0.10552177568114413
"('0036616000', 'Cyber-ShARE Center of Excellence')",0.0009174311926605505,0.0,0.10020224305938592,4.727472660839297e-08,0.10552177568114413
"('0026963000', 'Computer Engineering Technology')",0.0009174311926605505,0.0,0.10020224305938592,4.727472660839297e-08,0.10552177568114413
"('0036616000', 'Industrial Manuf. & Systems Engineering')",0.0009174311926605505,0.0,0.10020224305938592,4.727472660839297e-08,0.10552177568114408
"('0011411000', 'Computer Science')",0.0020642201834862386,0.0022918942354845295,0.1113494738992747,4.1713361604610593e-07,0.11915337720383475
"('0015511000', 'Research Center for Science and Technolo')",0.0009174311926605505,0.005490696250086818,0.10845771144278607,1.2957226076031377e-07,0.11634652279198103
"('0027110000', 'Materials Science and Engineering')",0.002981651376146789,0.01129118631429713,0.12156359783639101,1.3825872326331389e-06,0.13312397697044165
"('0015511000', 'Department of Physics')",0.00045871559633027525,0.0,0.10842534566795982,1.2755172100989932e-07,0.11584575826598713
"('0011080000', 'Department of Economics')",0.0006880733944954129,0.0,0.15134684809775062,0.0005001790443862098,0.16476926456570806
"('4025938000', 'Economics Department')",0.0006880733944954129,0.0,0.15134684809775062,0.0005001790443862098,0.16476926456570815
"('4100756000', 'Unknown Dept')",0.0027522935779816515,0.004581157617583361,0.1276309241532742,1.776849572400651e-05,0.13780818187928273
"('4100756000', 'AMP')",0.00022935779816513763,0.0,0.11318795430944964,1.4885982393807069e-06,0.11946037130181003
"('0014175000', 'Civil and Environmental Engineering')",0.001834862385321101,0.001375725852449114,0.11784739303186745,5.768391623475111e-06,0.1260453579594834
"('0014175000', 'Curriculum & Instruction')",0.0006880733944954129,0.0,0.11783783783783784,5.19568609262972e-06,0.1257013212622357
"('0014175000', 'English Department')",0.0006880733944954129,0.0,0.11783783783783784,5.19568609262972e-06,0.1257013212622357
"('0010819000', 'Chemical Engineering')",0.0020642201834862386,0.0022921047037553852,0.1431338432750074,0.07081715910432702,0.16071607864612406
"('0010819000', 'Computing, Informatics, Decision Systems')",0.0006880733944954129,0.0,0.14311035252412527,0.06324460060419915,0.1602191367500997
"('6250002767', 'Nephrology')",0.0006880733944954129,0.0,0.14311035252412527,0.06324460060419915,0.1602191367500997
"('7203594788', 'Unknown Dept')",0.0011467889908256881,0.0,0.1385226370135028,0.007280442957465212,0.15214585745549034
"('0030908000', 'Engineering Education')",0.0013761467889908258,0.007987627559658804,0.14921797460556488,0.05529733855986955,0.16858152105285085
"('0500744000', 'Unknown Dept')",0.001834862385321101,0.002457097124358493,0.14041415735403046,0.007457170557890862,0.1546477687704748
"('0021030000', 'Department of Aerospace')",0.0016055045871559634,0.00042245177484195645,0.1385710653445207,0.007481428279691345,0.152654267241423
"('0021030000', 'Mechanical Engineering')",0.0038990825688073397,0.010893019459805522,0.15152041702867072,0.0088688031400419,0.1700652342051413
"('0020834000', 'Electrical Engineering')",0.001834862385321101,0.005034295804735957,0.1385710653445207,0.00794774766529429,0.1525587014921876
"('0029744000', 'Department of Anthropology')",0.00022935779816513763,0.0,0.1146523614179026,2.8412776174956776e-06,0.12209351535090175
"('0021782000', 'Media Lab')",0.00045871559633027525,0.0,0.12741459423127502,7.224365198037536e-06,0.1372929164662163
"('0021287000', 'Lynch School of Education')",0.0022935779816513763,0.011150819144539192,0.13802272943113109,5.048906353047526e-05,0.1514279117289434
"('0036046000', 'Undergraduate Research and Inquiry')",0.0006880733944954129,0.0,0.11755823986194995,2.2135735045856008e-06,0.12524208089760544
"('0036046000', 'Psychological Sciences')",0.0020642201834862386,0.006408864081695364,0.13320705141914393,2.1916058381399726e-05,0.1453279248147361
"('0036046000', 'Associate Vice Provost')",0.0006880733944954129,0.0,0.11755823986194995,2.213573504585601e-06,0.12524208089760544
"('0036046000', 'Office of Undergraduate Research and Inq')",0.0006880733944954129,0.0,0.11755823986194995,2.213573504585601e-06,0.12524208089760544
"('7203592738', 'Unknown Dept')",0.00022935779816513763,0.0,0.08408871745419479,2.311686468674473e-09,0.08729061557534763
"('0033787000', 'Computer and Information Science')",0.0020642201834862386,0.011237231932117227,0.13822401166661383,7.93456161630161e-05,0.151907342148167
"('0033787000', 'Electrical and Systems Engineering')",0.0022935779816513763,0.009164556514458829,0.13662143953874598,3.588987445306699e-05,0.15037424031116614
"('4003554000', 'Biology')",0.00045871559633027525,0.0,0.12647579264931977,9.655688147804905e-06,0.13633186831007865
"('0036046000', 'Computer Science')",0.0016055045871559634,0.0018339152781022498,0.11397202980002615,9.398045137469792e-06,0.12276002423702054
"('0036046000', 'Electrical and Computer Engineering')",0.00022935779816513763,0.0,0.10231379358896138,7.861896241636751e-07,0.10813317410419741
"('5300002477', 'Center Biomedical Imaging and Neuromodul')",0.0009174311926605505,0.0,0.12432632809603923,9.410880290593072e-05,0.13510129565074228
"('0027854020', 'Unknown Dept')",0.0009174311926605505,0.0,0.12432632809603923,9.410880290593072e-05,0.13510129565074228
"('5300002477', 'CBIN')",0.0009174311926605505,0.0,0.12432632809603923,9.410880290593072e-05,0.13510129565074228
"('6250021321', 'Unknown Dept')",0.0009174311926605505,0.0,0.12432632809603923,9.410880290593072e-05,0.13510129565074228
"('0001024000', 'Electrical Engineering and Computer Scie')",0.0011467889908256881,0.00045871559633027525,0.10199546166982479,1.1665466784077831e-06,0.10760218247603409
"('0001024000', 'Pharmacology')",0.0009174311926605505,0.0,0.10199307569944793,1.1589083411386541e-06,0.1074875035769515
"('0001024000', 'Electrical, Computer, and Systems Engine')",0.0009174311926605505,0.0,0.10199307569944793,1.1589083411386541e-06,0.10748750357695151
"('0001024000', 'Unknown Dept')",0.002522935779816514,0.007321033567584519,0.11356236814002553,1.028999188575312e-05,0.12170166798033723
"('0015644000', 'Radiology & imaging Sciences')",0.0009174311926605505,0.0,0.10199307569944793,1.1589083411386541e-06,0.10748750357695151
"('0036327000', 'Department of Chemistry')",0.001834862385321101,0.018571048650865642,0.11878814298169137,5.379891898161009e-06,0.12829447670516142
"('0036327000', 'Cyclotron Institute')",0.00022935779816513763,0.0,0.10617831137520395,4.602089815704628e-07,0.11216831949680546
"('4100756000', 'Science Education Department')",0.0009174311926605505,0.0,0.11319677025728898,1.988617588875147e-06,0.11980440799905777
"('0035949000', 'Biological Sciences Department')",0.0013761467889908258,0.0013755153841782583,0.1289101768079948,4.543984315374095e-05,0.1376501203307392
"('0035949000', 'Department of Biology')",0.0006880733944954129,0.0009172207243896947,0.11420488775964587,3.883166826488069e-06,0.12011287683204804
"('0025205000', 'Political Science')",0.0011467889908256881,0.0017245566907164631,0.12390587700352393,1.015011153865015e-05,0.13478365839503137
"('0015370000', 'Mathematics & Statistics')",0.00022935779816513763,0.0,0.10655978101476195,1.4455635793203653e-06,0.11244673915309213
"('0029744000', 'Biology')",0.0013761467889908258,0.004256937614114221,0.12934231214215788,1.4136194862677394e-05,0.14085737243134028
"('0029744000', 'Microbiology and Immunology')",0.00022935779816513763,0.0,0.11453189030156562,1.1852350142473595e-06,0.1217510141152537
"('0014431000', 'Information Technology')",0.0013761467889908258,0.0,0.17055233922703802,0.005460220672268685,0.18839940258518206
"('0013144000', 'Informatics')",0.0027522935779816515,0.012828711022921184,0.17110788430595344,0.0057447334760006834,0.19006142748688593
"('0019489001', 'Unknown Dept')",0.0022935779816513763,0.006131542660576882,0.1514888294360863,0.00036147589738244466,0.16739246514189104
"('0023259000', 'Department of Mechanical Engineering')",0.00022935779816513763,0.0,0.08597909682508381,5.853869484990027e-09,0.09061998859362345
"('0037549000', 'Virginia Tech Transportation institute')",0.00022935779816513763,0.0,0.11211396538867031,4.049732284429602e-06,0.11835761853874296
"('0027078000', 'Seismology Department')",0.0006880733944954129,0.00045871559633027525,0.12862874675477934,3.800926978824471e-06,0.13832329972524932
"('0027078000', 'Earth and Environmental Sciences')",0.00022935779816513763,0.0,0.11397202980002615,3.2002278399469944e-07,0.12021865089997774
"('0013714000', 'Department of Geography')",0.00022935779816513763,0.0,0.09767243889872085,2.74969376112623e-07,0.10173753937899536
"('0013714000', 'Geography')",0.0013761467889908258,0.00045871559633027525,0.10824230387288977,3.2868775614309514e-06,0.11411648177854866
"('4004842000', 'Neurology')",0.00022935779816513763,0.0,0.14097258147956543,5.528737876324712e-05,0.15249667731605743
"('0025205000', 'Earth and Planetary Sciences')",0.0013761467889908258,0.0009149055734102806,0.10066494274104175,2.990963169734583e-08,0.10657749904980361
"('0025205000', 'Physics')",0.0013761467889908258,0.00045871559633027525,0.10065797067990304,2.9673792797164205e-08,0.10646282015072103
"('0036756000', 'Department of Atmospheric Sciences')",0.00045871559633027525,0.0035546588070301498,0.1242342213990597,1.505720247011558e-05,0.13242541522982013
"('0036756000', 'Mechanical Engineering')",0.0009174311926605505,0.005955304910314459,0.13990501861121807,0.00016325428358771182,0.1514469676902208
"('0015354000', 'Unknown Dept')",0.005045871559633028,0.022828268717192818,0.14759647935003387,4.108787910152798e-05,0.16417536782788886
"('0015354000', 'Computer and Information Science and Eng')",0.00022935779816513763,0.0,0.12861736334405144,3.45603042265253e-06,0.13805571562739002
"('0001172000', 'Middle & High School Education')",0.0011467889908256881,0.0,0.12540988321923718,0.0011578285297353125,0.13610815948831945
"('0001172000', 'Middle and High School Education')",0.0016055045871559634,0.0,0.12540988321923718,0.0012546667635399144,0.13610815948831945
"('0001172000', 'Chemistry')",0.0022935779816513763,0.0022818618921037134,0.13432330016328292,0.008933974657144478,0.1479440023534051
"('0038968000', 'Unknown Dept')",0.0027522935779816515,0.004202981499279223,0.1399184878534065,0.0013391640265638396,0.15448919836534442
"('0001172000', 'Mathematics')",0.0011467889908256881,0.0,0.12540988321923718,0.0011578285297353125,0.13610815948831942
"('0001172000', 'Dept of Middle & High School Ed')",0.0011467889908256881,0.0,0.12540988321923718,0.0011578285297353125,0.13610815948831945
"('0029728000', 'Chemical and Biomolecular Engineering')",0.0022935779816513763,0.011209307526443535,0.13734446369507008,8.88802129633749e-05,0.15114286166178353
"('4007415000', 'Unknown Dept')",0.001834862385321101,0.0018258101501449904,0.13419513696522006,1.3927305706804698e-05,0.14712655177391396
"('5300004339', 'Unknown Dept')",0.0020642201834862386,0.004950488331914396,0.1265639060640367,3.6121215205918865e-06,0.1384254491049213
"('6250010534', 'Academic Programs and PD')",0.00045871559633027525,0.0,0.12124920047832254,1.4791265120230696e-06,0.13038604212241503
"('0010819000', 'Knowledge Enterprise')",0.002522935779816514,0.011903220223696874,0.15833242546392126,0.08127871031608372,0.18057118722256238
"('5300002722', 'Unknown Dept')",0.00045871559633027525,0.0,0.13669854209123686,0.007418055883722944,0.14947140588768987
"('0038125000', 'Department of Engineering Technology')",0.00045871559633027525,0.0,0.13669854209123686,0.007418055883722944,0.14947140588768987
"('0010835000', 'Dept. of Electrical & Computer Eng.')",0.00022935779816513763,0.0,0.1299514172453876,0.0002419897721216039,0.1400884972233799
"('0027110000', 'Department of Biological & Environmental')",0.00022935779816513763,0.0,0.13605017630355415,5.335957824404388e-05,0.1464919512826621
"('0013052000', 'School of Education')",0.0011467889908256881,0.005694354363043165,0.13522734321692204,0.000627463105443888,0.14806429840546734
"('0014266000', 'Department of Computer Science')",0.00022935779816513763,0.0,0.13753509353017254,2.3786470246237832e-05,0.14808653375167097
"('0014266000', 'Computer Science')",0.003669724770642202,0.023183076159746026,0.159461634116012,0.00028348198745220895,0.17790434018071577
"('6250016062', 'Unknown Dept')",0.0013761467889908258,0.00045871559633027525,0.12196827705821467,1.1892743190407898e-06,0.1306030949809617
"('0011429001', 'Physics')",0.00022935779816513763,0.0,0.10871191342941205,1.0128621877469929e-07,0.11443766551176704
"('6250002125', 'Unknown Dept')",0.00022935779816513763,0.0,0.13784381915902624,4.988454211309029e-05,0.14809227215190482
"('6250008489', 'Unknown Dept')",0.00022935779816513763,0.0,0.14148035175390206,6.492317145292483e-05,0.15160726101565228
"('0027110000', 'Ecology & Evolutionary Biology')",0.00022935779816513763,0.0,0.06504453163461682,9.690010587300462e-13,0.06706658677270068
"('0027110000', 'Ecology and Evolutionary Biology')",0.0006880733944954129,0.00045871559633027525,0.06956854735767169,1.1040529624148451e-11,0.07236528488022614
"('0032102000', 'Crop and Soil Science')",0.0006880733944954129,0.0,0.12322301670293644,8.616883444398284e-06,0.13081621528768012
"('0032102000', 'Forest Ecosystems and Society')",0.002522935779816514,0.0014549179399299395,0.1405363589479113,9.419177814738953e-05,0.15313543967500315
"('0037986000', 'Chemical Engineering')",0.0009174311926605505,0.0,0.12716931602741724,2.8477441416105418e-05,0.1379317908436234
"('0037986000', 'Department of Chemistry')",0.0009174311926605505,0.0,0.12716931602741724,2.8477441416105418e-05,0.13793179084362342
"('0037986000', 'Materials Science and Engineering Dept.')",0.0009174311926605505,0.0,0.12716931602741724,2.8477441416105418e-05,0.1379317908436234
"('0013128000', 'Environmental Science,Policy&Management')",0.002522935779816514,0.004482609275167937,0.13218530196458889,1.987967644430443e-05,0.14446617888991733
"('0013128000', 'Bioengineering')",0.0011467889908256881,0.0,0.12829566854990584,1.778333219699379e-05,0.13788591887215715
"('0013128000', 'Industrial Engin and Operations Research')",0.0011467889908256881,0.0,0.12829566854990584,1.778333219699379e-05,0.13788591887215718
"('0013128000', 'City and Regional Planning')",0.0011467889908256881,0.0,0.12829566854990584,1.778333219699379e-05,0.13788591887215715
"('0020776000', 'Physics and Astronomy')",0.0016055045871559634,0.0023916623973648495,0.13509744988070524,1.9833209413029375e-05,0.14815248950620577
"('0020776000', 'Physics & Astronomy')",0.0009174311926605505,0.0,0.11902486964592832,1.9867026984397255e-06,0.12723411193607936
"('0020776000', 'Physics')",0.00045871559633027525,0.0,0.11902486964592832,1.8326549235928423e-06,0.12723411193607934
"('0033290000', 'Physics Department')",0.0006880733944954129,3.507804514263785e-07,0.09722160281853454,3.500479935293714e-08,0.10337211435081499
"('0033290000', 'Department of Physics')",0.0009174311926605505,0.0013755153841782581,0.09722377076597168,2.3091408203651902e-08,0.10348679324989754
"('0015693000', 'School of Mechanical Engineering')",0.0006880733944954129,0.0,0.1345222301070624,3.5266087329537025e-05,0.14737355279786438
"('0038950000', 'Mechanical Engineering')",0.0009174311926605505,0.00045871559633027525,0.13452638074668313,3.549774213629208e-05,0.14748823169694691
"('0015693000', 'Georgia Tech Manufacturing Institute')",0.0006880733944954129,0.0,0.1345222301070624,3.5266087329537025e-05,0.14737355279786438
"('0035691000', 'Mathematics')",0.0006880733944954129,0.010497210243069807,0.14459589427254335,0.0002500880575737235,0.15888342830716606
"('0035691000', 'Mechanical Engineering')",0.0016055045871559634,0.010045334865542346,0.12649413949170246,2.2329923520427252e-05,0.13683989026204332
"('0014480000', 'Department of Mechanical Engineering')",0.0011467889908256881,0.0,0.13283773079032357,4.936044035605435e-05,0.14341433477327956
"('0080010000', 'Electrical & Computer Engineering')",0.0016055045871559634,0.001171671668066155,0.13735744439543823,9.033214509827873e-05,0.14980771712996424
"('0027078000', 'Chemistry')",0.0011467889908256881,0.0,0.13283773079032357,4.936044035605435e-05,0.14341433477327956
"('0027078000', 'Mechanical Engineering')",0.0027522935779816515,0.009582797073544688,0.14981788193251322,0.00034641266586611045,0.16533609738884922
"('0014480000', 'Physics and Astronomy')",0.001834862385321101,0.00045871559633027525,0.1328417781298559,5.387021880689695e-05,0.14352901367236204
"('0014480000', 'Physics & Astronomy')",0.0013761467889908258,0.005277426707500848,0.13383675599349235,4.9745315835943017e-05,0.14533883038470163
"('0036582000', 'Civil, Architectural and Env Engineering')",0.0016055045871559634,0.00550751936840393,0.14348713223194892,0.00022300034022780052,0.1558898262797345
"('0036582000', 'Department of Civl and Env. Engineering')",0.00045871559633027525,0.0,0.13594412571713643,6.205696657923561e-05,0.14594148174710087
"('0036582000', 'Texas Advanced Computing Center')",0.003669724770642202,0.01942208937881088,0.15377561457341374,0.0005150573393142884,0.1695592302702382
"('0037986000', 'Human Design and Engineering')",0.00045871559633027525,0.0,0.1627898293693761,0.0033945314646020336,0.1787546490843504
"('0013219000', 'Institute of Marine Sciences')",0.0011467889908256881,0.005860262924354004,0.14386590114168812,0.00013280643268607367,0.1588568446079902
"('0020776000', 'Earth and Planetary Sciences')",0.0020642201834862386,0.002483767199206841,0.13364394310936734,2.064841387450889e-05,0.146623686059398
"('0032102000', 'Fisheries and Wildlife')",0.00045871559633027525,0.0,0.13853584138281647,6.083319377805122e-05,0.1503975306039523
"('0032102000', 'Hatfield Marine Science Center')",0.001834862385321101,0.00894331896982585,0.14931506849315068,0.0001779807566093174,0.16567045912802655
"('0037986000', 'Education')",0.0016055045871559634,0.0060176663825847075,0.14519781537231916,0.0004539225478390925,0.15813765340613606
"('0017392000', 'Unknown Dept')",0.0013761467889908258,0.002515674797350792,0.13089555375424058,5.765614313380506e-05,0.14138637483820957
"('0023259000', 'Education')",0.0009174311926605505,0.0,0.1286363368147755,5.2413427133720315e-05,0.13776169749405726
"('0037986000', 'School of STEM')",0.0020642201834862386,0.0012309958427271644,0.13058975050169228,6.216432043052804e-05,0.14058461075561718
"('0037986000', 'Goodlad Institute for Educational Renewa')",0.0009174311926605505,0.0,0.1286363368147755,5.2413427133720315e-05,0.13776169749405728
"('6250003697', 'Career & Technical Education')",0.0011467889908256881,0.0,0.11235086453474888,2.8484686432821977e-06,0.1198498094518055
"('0035949000', 'Mechanical Engineering')",0.0011467889908256881,0.0,0.11235086453474888,2.8484686432821977e-06,0.1198498094518055
"('0035949000', 'Mathematics Department')",0.0011467889908256881,0.0,0.11235086453474888,2.8484686432821977e-06,0.11984980945180547
"('0035949000', 'Department of Counseling and Higher Educ')",0.0011467889908256881,0.0,0.11235086453474888,2.8484686432821977e-06,0.1198498094518055
"('0036582000', 'Physics')",0.0006880733944954129,0.00045871559633027525,0.09448887155148127,7.960656679395706e-09,0.09862935667454958
"('0036582000', 'Physics and Texas Material Institute')",0.00022935779816513763,0.0,0.08633321452615737,6.732116186013885e-10,0.08930743290617375
"('0013193000', 'The George Williams Hooper Foundation')",0.00022935779816513763,0.0,0.11104319478402608,2.3153816467171931e-07,0.11705709025713623
"('0036582000', 'Molecular Biosciences')",0.0006880733944954129,0.0009173259585251225,0.12491047127918636,2.7574787257684936e-06,0.13397464579702842
"('0030908001', 'Chemistry')",0.00045871559633027525,0.0,0.09614112458654907,6.29720217385818e-08,0.10139612665428469
"('0036327000', 'Chemistry')",0.0027522935779816515,0.01504448246904538,0.10635702785773528,6.691178542189396e-07,0.11449821246316626
"('0023291000', 'Chemistry')",0.0009174311926605505,0.0009172207243896947,0.09614536473493869,6.398157970112443e-08,0.10162548445244982
"('7203581108', 'Unknown Dept')",0.0006880733944954129,0.0,0.1306132230909799,4.246005632772602e-05,0.13904525042999788
"('0029751000', 'Electrical & Computer Engineering')",0.0016055045871559634,0.0020042128765872702,0.1449757265411984,0.00040505695068317595,0.1573330441220341
"('0029751000', 'Unknown Dept')",0.001834862385321101,0.00262788980219724,0.13912377548741184,5.7738563026370096e-05,0.1494573580726096
"('0029751000', 'Architecture')",0.0006880733944954129,0.0,0.1306132230909799,4.246005632772602e-05,0.13904525042999788
"('0016105000', 'Kapiolani Community College')",0.0006880733944954129,0.0,0.1262450776001853,1.2017659767732862e-05,0.137850640058208
"('0016261000', 'Enviromental Science')",0.0006880733944954129,0.0,0.1262450776001853,1.2017659767732862e-05,0.137850640058208
"('0021782000', 'Electrical Science and Computer Engineer')",0.0011467889908256881,0.00045871559633027525,0.14676675531019626,0.0003152945019441215,0.16083924517123993
"('0021782000', 'Research Laboratory of Electronics')",0.00022935779816513763,0.0,0.1279868490577115,2.6387638338932e-05,0.13666157214794553
"('0018259000', 'Davidson School of Chemical Engineering')",0.0013761467889908258,0.00229163115014596,0.11218031184068337,5.873019140942525e-06,0.11826646381591008
"('0018259000', 'Department of Chemical Engineering')",0.0011467889908256881,1.5785120314187037e-07,0.10087688854954767,7.074128693392439e-07,0.1054093569379574
"('0018259000', 'Mechanical and Aerospace Engineering')",0.00045871559633027525,0.0,0.10086988709975939,5.527947197407959e-07,0.1050653202407097
"('0022905000', 'Unknown Dept')",0.003211009174311927,0.00869407594958022,0.0988617296267743,6.924696583311507e-08,0.1069537444851101
"('0022905000', 'Entomology')",0.00022935779816513763,0.0,0.0899692536266276,5.796996539036293e-09,0.09491064024944698
"('6250042896', 'Unknown Dept')",0.0006880733944954129,0.0,0.12487469568953172,1.1852873618359665e-05,0.13322001488572568
"('0014266000', 'Physics and Applied Physics')",0.0006880733944954129,0.0,0.10893736101741498,2.660568214972636e-07,0.11463779199528522
"('0014266000', 'Mechanical Engineering')",0.0011467889908256881,0.0018339152781022498,0.12224527561262827,2.633671154914046e-06,0.13065618632132384
"('0014266000', 'Physics')",0.0006880733944954129,0.0,0.10893736101741498,2.660568214972636e-07,0.11463779199528523
"('0014266000', 'Biomedical Engineering')",0.0006880733944954129,0.0,0.10893736101741498,2.660568214972636e-07,0.11463779199528523
"('0027078000', 'Economics')",0.0013761467889908258,0.001375725852449114,0.12433696458107568,7.88448132513497e-05,0.13521597454982484
"('0037499000', 'English (Linguistics)')",0.00022935779816513763,0.0,0.1354205491365387,0.00011704254327017954,0.14487983474221933
"('0037457000', 'Curriculum Instruction & Spec. Education')",0.0006880733944954129,0.0,0.12983532354605282,6.627422063168081e-05,0.13981135741170098
"('0031252000', 'School of Education')",0.0006880733944954129,0.0,0.12983532354605282,6.627422063168081e-05,0.13981135741170098
"('0021303000', 'Unknown Dept')",0.0016055045871559634,0.0050353481460902365,0.1298778671432827,6.847337726599463e-05,0.14044209135665503
"('0034017000', 'Neuroscience')",0.00022935779816513763,0.0,0.11900862539578556,2.62410309616427e-06,0.12769269975691977
"('0029207000', 'Mathematics')",0.0006880733944954129,0.00045871559633027525,0.13768276123409226,4.658851711915517e-05,0.15076714442540076
"('0029207000', 'Department of Mathematics')",0.00022935779816513763,0.0,0.12102370510187087,3.9189649448144145e-06,0.12922675247789922
"('0036137000', 'Anthropology')",0.0009174311926605505,0.0,0.101416575562327,6.451981125993658e-08,0.10575180225304677
"('0036772000', 'Geology')",0.0006880733944954129,0.0009172207243896947,0.11285688401107861,6.449405948023771e-07,0.11894672839677484
"('6250024327', 'USGS Field Station')",0.00045871559633027525,0.0,0.101416575562327,5.952294149438389e-08,0.10575180225304677
"('0023259000', 'Industrial and Operations Engineering')",0.0022935779816513763,0.024088492706031053,0.14697454913197372,0.0006946121548218097,0.16184780179046146
"('0029728000', 'Department of Computer Science')",0.002981651376146789,0.010792631734721659,0.13208118751893366,9.092062534191775e-05,0.1447897295747059
"('0029058000', 'Industrial and Systems Engineering')",0.003669724770642202,0.00905100295704735,0.13221336082724322,9.49308689587307e-05,0.1448664787684277
"('0029728000', 'Industrial & Systems Engineering')",0.0020642201834862386,0.0043888188915268455,0.13202519379844962,8.774214509228565e-05,0.14409401092027163
"('0010512000', 'Unknown Dept')",0.0022935779816513763,0.0032077469161136615,0.13039447318838412,8.634936855498473e-05,0.14182026147909127
"('0028373000', 'Geography')",0.00022935779816513763,0.0,0.10033598748101441,6.315542069005382e-07,0.1057788364645468
"('0013508000', 'Department of Atmospheric Sciences')",0.0022935779816513763,0.000841844990831393,0.1233799309525157,1.4017470632482511e-05,0.1350966491122653
"('0013508000', 'Microbiology, Immunology, & Pathology')",0.0013761467889908258,0.0,0.11714132186996239,1.0367949914168648e-05,0.1266901711498309
"('0013508000', 'Bioagricultural Sciences')",0.0013761467889908258,0.0,0.11714132186996239,1.0367949914168648e-05,0.1266901711498309
"('0013508000', 'Soil and Crop Sciences')",0.0038990825688073397,0.007849308009536978,0.12913926900065162,6.842415443108694e-05,0.14283461196490727
"('0013508000', 'Microbiology, Immunology, Pathology')",0.0013761467889908258,0.0,0.11714132186996239,1.0367949914168648e-05,0.12669017114983092
"('0013508000', 'Biomedical Sciences')",0.0013761467889908258,0.0,0.11714132186996239,1.0367949914168648e-05,0.12669017114983092
"('0013508000', 'AGRICULTURAL BIOLOGY')",0.0013761467889908258,0.0,0.11714132186996239,1.0367949914168648e-05,0.1266901711498309
"('0013144000', 'Earth System Science')",0.0011467889908256881,0.001873546661804134,0.1258660508083141,1.867085063597642e-05,0.1358205533635578
"('0013169000', 'Environmental Sciences')",0.0013761467889908258,0.006055221591798293,0.14325141280063083,0.00013229670769731604,0.15762557969553276
"('9000241000', 'Unknown Dept')",0.0013761467889908258,0.003088585606262894,0.12582609448500764,1.3151555412203849e-05,0.13573802758149087
"('0037549000', 'School of Public & International Affairs')",0.0006880733944954129,0.0,0.1475115877795446,0.00030082884460526084,0.16314605851589714
"('0037549000', 'Forest Resources & Environmental Conserv')",0.0006880733944954129,0.0,0.1475115877795446,0.00030082884460526084,0.1631460585158971
"('0036756000', 'Department of Meteorology')",0.0009174311926605505,0.0,0.14450004971331987,8.954461154816662e-05,0.15556940297664718
"('0022921000', 'Computer Science')",0.0016055045871559634,0.0004585051280594194,0.13922150908452277,0.0005265152163199337,0.14942188841170165
"('0022921000', 'Applied Computing')",0.0009174311926605505,0.0,0.1392126185382675,0.0004792624982993841,0.1492689832129249
"('0022921000', 'College of Computing')",0.0009174311926605505,0.0,0.1392126185382675,0.0004792624982993841,0.1492689832129249
"('0022921000', 'Department of Computer Science')",0.0011467889908256881,0.0004585051280594194,0.13922150908452277,0.00048585295488709636,0.14942188841170165
"('0022921000', 'Electrical and Computer Engineering')",0.001834862385321101,0.002749136553918814,0.16169108103096608,0.004235504003881463,0.17812974837344037
"('0028381000', 'Mathematics')",0.00022935779816513763,0.0,0.10437113994350553,1.2349070819182036e-07,0.11048958293460293
"('0013177000', 'Cal-(IT)2')",0.0006880733944954129,0.0,0.13536168891648556,3.1454232328518756e-05,0.14693466224142746
"('0013177000', 'San Diego Supercomputer Center')",0.005275229357798165,0.01597614742196177,0.14170566822672906,7.990117736271514e-05,0.1588683433666219
"('0013177000', 'California Inst for Telecommunication/Qu')",0.0013761467889908258,6.208397434550597e-05,0.13751774168112285,4.029201509409831e-05,0.150470174257444
"('0010090000', 'Mechanical Engineering')",0.0022935779816513763,0.00446115526837718,0.12029909223850123,7.261369916789029e-07,0.1310549150772768
"('0010090000', 'Chemical Engineering')",0.0011467889908256881,0.0007456119989211302,0.11240010311936066,3.0902054670031595e-07,0.12159819725456435
"('0001024000', 'Materials Science and Engineering')",0.0011467889908256881,0.00045871559633027525,0.13270026783540298,8.084631981066016e-05,0.14315074610659445
"('0001024000', 'Materials Science')",0.00022935779816513763,0.0,0.11715706032513772,6.7885378216924335e-06,0.12390188535156153
"('0013169000', 'Department of Biology')",0.0013761467889908258,0.008953347413383807,0.12848470560499795,1.6675470442239593e-05,0.14017693220388158
"('0013136000', 'Psychology')",0.0006880733944954129,0.0,0.12731042135077525,1.6267921085970403e-05,0.1379417215684416
"('0013169000', 'Psychology')",0.0006880733944954129,0.0,0.12731042135077525,1.6267921085970403e-05,0.13794172156844156
"('0013169000', 'Unknown Dept')",0.0034403669724770644,0.026580103246699193,0.1450528977310533,0.0001610952670119978,0.16224174462133048
"('4006268000', 'Unknown Dept')",0.0009174311926605505,0.0,0.10857384764798167,9.955976842472666e-07,0.11499233871602921
"('0021303000', 'Wheelock College of Education and Human')",0.0009174311926605505,0.0,0.10857384764798167,9.955976842472666e-07,0.11499233871602921
"('0036582000', 'Department of Special Education')",0.0009174311926605505,0.0,0.10857384764798167,9.955976842472666e-07,0.11499233871602921
"('0032235000', 'Center on Teaching and Learning')",0.0009174311926605505,0.0,0.10857384764798167,9.955976842472666e-07,0.11499233871602922
"('0025650000', 'Center for Science, Math and Computer Ed')",0.0016055045871559634,0.0017519418958191742,0.1311002195026611,0.0007853533479826967,0.14216701844282065
"('0010090000', 'Department of Curriculum and Teaching')",0.0006880733944954129,0.0,0.1259678724141916,0.0007522574790869645,0.13540612420199563
"('0010090000', 'Curriculum & Teaching')",0.0006880733944954129,0.0,0.1259678724141916,0.0007522574790869645,0.13540612420199563
"('0022921000', 'Civil & Environmental Engineering')",0.0013761467889908258,0.0,0.1616551110451967,0.004424978696202459,0.17761369332756877
"('0022921000', 'Great Lakes Research Center')",0.0022935779816513763,0.0050368214239862276,0.16172106824925817,0.0045731591252527685,0.17824060464255348
"('5300001194', 'Computer Science')",0.0016055045871559634,0.003208062618519945,0.11517633073570202,4.779664316455672e-05,0.12363362652218522
"('0013482000', 'Electrical Engineering')",0.001834862385321101,0.00805771676672413,0.11551198834282686,7.690277811392075e-07,0.1245808988412192
"('0013706000', 'Electrical, Computer & Energy Engineerin')",0.00045871559633027525,0.0,0.1035555661116785,7.035428623341937e-08,0.10942482943916257
"('0013706000', 'Applied Math')",0.00045871559633027525,0.0,0.1035555661116785,7.035428623341937e-08,0.10942482943916257
"('0038950000', 'Department of Civil and Environmental En')",0.00022935779816513763,0.0,0.11857815007207158,2.9844773927473216e-06,0.12673958177398534
"('0013144000', 'Mechanical & Aerospace Engineering')",0.0006880733944954129,0.0009172207243896947,0.09747155216740068,6.737319630201035e-08,0.10240610988026928
"('0022905000', 'Kellogg Biological Station')",0.00045871559633027525,0.0,0.1005906238464378,2.3764450470682668e-08,0.10561037366754057
"('0022905000', 'W. K. Kellogg Biological Station')",0.00045871559633027525,0.0,0.1005906238464378,2.3764450470682668e-08,0.10561037366754057
"('5300004956', 'Advanced Technical Education')",0.00045871559633027525,0.0,0.10170282248658735,2.49218643160599e-07,0.1067821602267418
"('6250001416', 'Instructional')",0.0006880733944954129,0.00045871559633027525,0.10170519489607875,2.508414513696695e-07,0.10689683912582434
"('0013144000', 'Computer Science')",0.0020642201834862386,0.00958317028127629,0.12435469610108098,1.6002757467191982e-06,0.13464350677130651
"('0021550000', 'Harvard Business School and SEAS (affili')",0.00045871559633027525,0.0,0.11692142665593994,8.0764056069715e-07,0.12476125694926252
"('5300001194', 'Psychology')",0.003211009174311927,0.0041235995967427936,0.09710900262817942,2.591248255970851e-08,0.10432363213660033
"('5300001194', 'Chemistry')",0.00045871559633027525,0.00045871559633027525,0.08851893208811289,2.218274997203867e-09,0.09319840403928571
"('0014316000', 'Computer and Information Sciences')",0.0038990825688073397,0.028693011411452585,0.15543672014260249,0.00021345228060418636,0.17325490449916953
"('0013706000', 'Electrical & Computer Engineering')",0.0013761467889908258,0.008092595554968877,0.12153310104529617,6.927646159656624e-07,0.13045604497439287
"('0013706000', 'Electrical and Computer Engineering')",0.00045871559633027525,0.0,0.11956015027284943,5.693910031583304e-07,0.1275383768245
"('0013706000', 'Computer Science')",0.0016055045871559634,0.011216317513115621,0.13428606628064557,6.006036531371328e-06,0.14649201874832574
"('0036327060', 'Mechanical Engineering')",0.0013761467889908258,0.017639307703765823,0.1325187684264916,5.869964297094256e-05,0.14417652524590524
"('0014175000', 'Mathematics')",0.00045871559633027525,0.0,0.12789299228535392,3.886399989000184e-05,0.13656450678526333
"('7203586674', 'Unknown Dept')",0.00045871559633027525,0.0,0.12789299228535392,3.886399989000184e-05,0.13656450678526333
"('0029751000', 'School of Architecture')",0.00022935779816513763,0.0,0.12497491902427839,3.331982018259585e-05,0.13236815777240057
"('0029751000', 'Electrical and Computer Engineering')",0.0011467889908256881,0.00045871559633027525,0.1428197064989518,0.0003965751719380046,0.15462941047229972
"('0023259000', 'Education and Psychology')",0.0022935779816513763,0.0,0.13927487621785659,0.0012040946784047223,0.15136488416018132
"('0023259000', ""Provost's Office"")",0.0022935779816513763,0.0,0.13927487621785659,0.0012040946784047223,0.1513648841601813
"('0001727000', 'Biological Sciences')",0.0022935779816513763,0.0,0.13927487621785659,0.0012040946784047223,0.15136488416018132
"('0022905000', 'Mechanical Engineering')",0.002522935779816514,0.00045871559633027525,0.13927932532583695,0.0012134672154329477,0.15147956305926388
"('0018093000', 'Luddy School')",0.0022935779816513763,0.0,0.13927487621785659,0.0012040946784047223,0.15136488416018132
"('0022905000', 'Engineering')",0.0022935779816513763,0.0,0.13927487621785659,0.0012040946784047223,0.1513648841601813
"('0023309000', 'Office of Research & Innovation')",0.0022935779816513763,0.0,0.13927487621785659,0.0012040946784047223,0.1513648841601813
"('0023259000', 'Institute for Social Research')",0.004128440366972477,0.0017792012911589609,0.14095435148066726,0.0014704075994509008,0.15496662072636716
"('0022905000', 'MATHEMATICS')",0.0022935779816513763,0.0,0.13927487621785659,0.0012040946784047223,0.15136488416018132
"('0013169000', 'Materials Science & Engineering Program')",0.00022935779816513763,0.0,0.1339971725367263,0.0003071018461247841,0.14393628510887638
"('0013128000', 'Civil and Environmental Engineering')",0.003669724770642202,0.00827694572773126,0.15472514993434827,0.0036699637152489343,0.17187647342463733
"('0010090000', 'Chemistry and Biochemistry')",0.00022935779816513763,0.0,0.13573251976838305,0.00019098922865760316,0.1460541264927727
"('0013706000', 'National Snow and Ice Data Center')",0.0009174311926605505,0.0,0.11547833456933997,4.638835240302209e-06,0.12480848976531625
"('0013706000', 'CIRES')",0.004128440366972477,0.02292442016555534,0.13053892215568863,4.15205870332649e-05,0.14552334356520077
"('0013706000', 'NSIDC')",0.0009174311926605505,0.0,0.11547833456933997,4.638835240302209e-06,0.12480848976531622
"('0013284000', 'Molecular Biology')",0.00022935779816513763,0.0,0.10675808031341821,8.824545916886858e-08,0.11224332577270038
"('0089078000', 'Division of Atmospheric Sciences')",0.0011467889908256881,0.00457768489111424,0.10298563869992441,4.714220099905735e-07,0.10928721715145406
"('0018259000', 'Industrial Engineering')",0.0011467889908256881,0.0022918942354845295,0.13850063532401524,0.0005795237711753934,0.14905779872522937
"('0018259000', 'Psychological Sciences')",0.0011467889908256881,0.0014689508596767824,0.16069585729028454,0.0036543633757643297,0.17756232427103966
"('0119305000', 'Unknown Dept')",0.00022935779816513763,0.0,0.11764705882352941,2.573140659055277e-06,0.12460160230127851
"('0011403001', 'Civil Engineering')",0.0022935779816513763,0.0011458418836068369,0.1286401321806863,0.009953322048869666,0.14141421588095834
"('0026880000', 'Department of Chemistry')",0.002522935779816514,0.012321404185867108,0.14592188493590816,0.07544929481922895,0.16538306749315856
"('0039446000', 'Engineering Science & Materials')",0.0009174311926605505,0.0,0.12862495206065433,0.008674341286460307,0.14095550028462814
"('0026633000', 'Civil Engineering')",0.0020642201834862386,0.00627087632245428,0.13084056057377788,0.009065902144162908,0.14472162139593273
"('0039545000', 'Electrical and Computer Engineering')",0.0027522935779816515,0.0033042193648969162,0.14572679568167385,0.00034610128798106627,0.16053225189693002
"('0039321000', 'Computer Science')",0.0011467889908256881,0.0,0.1272027074337729,4.46870512680438e-05,0.1362479604366073
"('0039545000', 'School of Teacher Education')",0.0013761467889908258,0.00015912174215388812,0.1345056301095172,0.00010174980763665553,0.14490121722059762
"('0039321000', 'Department of Electrical Engineering and')",0.0006880733944954129,0.0,0.1272027074337729,4.123432712843432e-05,0.13624796043660728
"('5300011835', 'Unknown Dept')",0.0009174311926605505,0.0,0.13472175014677254,4.398641093837377e-05,0.14797197641807686
"('0015693000', 'College of Computing')",0.0022935779816513763,0.003431955310432653,0.1470092386539888,8.638484817783217e-05,0.16346553739328873
"('0021550000', 'Graduate School of Education')",0.0009174311926605505,0.0,0.13472175014677254,4.398641093837377e-05,0.14797197641807688
"('0035352000', 'Department of Special Education')",0.0009174311926605505,0.0,0.13472175014677254,4.398641093837377e-05,0.14797197641807688
"('0018259000', 'Engineering Education')",0.0022935779816513763,0.010895223908704317,0.163314230063303,0.003872700589532981,0.181782871817275
"('0018259000', 'Biomedical Engineering')",0.00045871559633027525,0.0,0.1403960714860731,0.00035494030592586503,0.1511524688359547
"('0013482000', 'HASS')",0.00045871559633027525,0.0,0.1403960714860731,0.00035494030592586503,0.1511524688359547
"('0022194000', 'Dept. of Mechanical Engineering')",0.0009174311926605505,0.0009612472932298122,0.15558093063088782,0.0006361260485609449,0.169249180992299
"('0022194000', 'Unknown Dept')",0.002522935779816514,0.015320072999113036,0.1579252390611417,0.0006854894583482763,0.17388579565184933
"('0015693000', 'School of City & Regional Plan')",0.0013761467889908258,0.000311468090249102,0.1467716959536794,8.297331528267805e-05,0.16239438186685798
"('7203585295', 'Unknown Dept')",0.0006880733944954129,0.0,0.11666488279995718,4.0834742767604884e-06,0.12347163581007346
"('0029207000', 'Biomedical Engineering')",0.0009174311926605505,0.00045871559633027525,0.1320691848665677,4.4459053264433184e-05,0.1426840892924604
"('0036525000', 'College of Engineering')",0.0011467889908256881,0.0009172207243896947,0.13686160027623442,6.39209251799895e-05,0.1478783488091026
"('0036525000', 'EDuc Leadership & Policy Studies')",0.00045871559633027525,0.0,0.12039210271986746,5.8426369900685964e-06,0.12748705666372967
"('0036525000', 'Dean, Engineering')",0.00045871559633027525,0.0,0.12039210271986746,5.8426369900685964e-06,0.12748705666372964
"('0014316000', 'Materials Science and Engineering')",0.0011467889908256881,0.01003765901897194,0.13806206459784673,2.5260511223753355e-05,0.15169353550374073
"('0015693000', 'School of Aerospace Engineering')",0.00045871559633027525,0.0,0.13684871311989957,3.305461554984867e-05,0.14999603480108023
"('P269950464', 'Unknown Dept')",0.00022935779816513763,0.0,0.12519022597410057,0.006303604715798828,0.1354675682370632
"('0010819000', 'School of Human Evolution & Social Chang')",0.0011467889908256881,0.00045871559633027525,0.1431009583825653,0.07537267662953416,0.16031470249933513
"('0038638000', 'Unknown Dept')",0.00022935779816513763,0.0,0.12861736334405144,3.45603042265253e-06,0.13805571562739002
"('0013128000', 'Optometry')",0.00022935779816513763,0.0,0.1242838003477666,5.215241468607137e-06,0.1318877771992653
"('0013052000', 'Department of Linguistics')",0.00045871559633027525,0.0,0.11912568306010929,5.72686751418828e-05,0.12731900562934725
"('0013052000', 'Biomedical Data Science')",0.00045871559633027525,0.0,0.11912568306010929,5.72686751418828e-05,0.12731900562934725
"('0021998000', 'Physics')",0.00045871559633027525,0.00045871559633027525,0.09878109565453803,6.241297818930683e-08,0.10477484540254131
"('0030908000', 'Computer Science and Engineering')",0.0009174311926605505,0.0,0.12847334767363056,2.327567040480154e-05,0.14010030530571532
"('0001016000', 'Department of Psychology')",0.0009174311926605505,0.0,0.12847334767363056,2.327567040480154e-05,0.14010030530571535
"('0030908000', 'School of Communication')",0.0009174311926605505,0.0,0.12847334767363056,2.327567040480154e-05,0.14010030530571532
"('0013284000', 'Spatial Sciences Institute')",0.00045871559633027525,0.0,0.1349343897004209,8.689091638302428e-06,0.14543176665781865
"('6250035344', 'Health Policy and Management')",0.00045871559633027525,0.0,0.1349343897004209,8.689091638302428e-06,0.14543176665781865
"('0010819000', 'Computer Science & Engineering')",0.0013761467889908258,0.0003587478472048076,0.1551490997082058,0.09114280766785218,0.17481686827443593
"('5300001194', 'School of Public Health')",0.00045871559633027525,0.0,0.14308217379889734,0.059655238319369516,0.15993243950239328
"('0017749000', 'Astronomy & Astrophysics')",0.00022935779816513763,0.0,0.11946842033155226,1.6443051321767015e-06,0.1273144418504978
"('0013284000', 'ISI')",0.0016055045871559634,0.002795398215827943,0.13840391086280235,1.7706751602016237e-05,0.15148844125233718
"('4007779000', 'Wildfire')",0.0006880733944954129,0.0,0.12810342294696636,8.956723753453809e-06,0.13899761944672212
"('0013177000', 'EES-16')",0.0006880733944954129,0.0,0.12810342294696636,8.956723753453809e-06,0.13899761944672212
"('0013508000', 'Atmospheric Science')",0.002981651376146789,0.018411215086665857,0.13419513696522006,3.20611035091867e-05,0.14973749396627792
"('0013508000', 'Dept. of Atmospheric Science')",0.0006880733944954129,0.0,0.12121886120996442,4.385698836239979e-06,0.13149340475214033
"('0034140000', 'Graduate School of Oceanography')",0.0011467889908256881,0.0009173259585251225,0.10853060513280063,7.383957198588308e-07,0.1153668465873324
"('0034140000', 'GSO')",0.00022935779816513763,0.0,0.09790712296775353,6.191111236138097e-08,0.10262100046310907
"('0038950000', 'Department of Geoscience')",0.0009174311926605505,0.00045871559633027525,0.1388623479202497,1.1284820159244355e-05,0.15192032037788858
"('0038950000', 'Geoscience')",0.00022935779816513763,0.0,0.12193416673658304,9.580847663490436e-07,0.13007557204518194
"('0022210000', 'Computer Science')",0.002522935779816514,0.006725158307401969,0.15211778661642594,0.012476178521942086,0.16979378037864154
"('0022210000', 'Electrical and Computer Engineering')",0.0013761467889908258,0.0005722018133692227,0.13786125339910202,0.010035700269070994,0.15169393234186732
"('0038950000', 'Computer Sciences')",0.0020642201834862386,0.017434229229916276,0.1570548611361262,0.00012121665447608082,0.175322461050671
"('0038950000', 'Department of Computer Sciences')",0.0009174311926605505,0.0003736047720101587,0.14315264142889977,5.251497814865898e-05,0.15554559927839673
"('0034488000', 'Mathematics')",0.0011467889908256881,0.0,0.11389462135262925,2.8883161325202942e-06,0.12195716374379317
"('0034488000', 'Department of Mathematics')",0.0006880733944954129,0.0,0.11389462135262925,2.6642553448943802e-06,0.12195716374379317
"('0027078000', 'Biology and Paleo Environment (BPE)')",0.00022935779816513763,0.0,0.1224512722574847,9.736658008891855e-06,0.13026082075866208
"('0036756000', 'Physics')",0.002522935779816514,0.0070514136764574945,0.14161821548055997,0.00015016154123658062,0.15480003177250776
"('4002861000', 'Education and Diversity Programs')",0.00045871559633027525,0.00045871559633027525,0.1135534951557454,4.986235323310806e-07,0.1214688164753928
"('0014480000', 'Department of Biology')",0.00022935779816513763,0.0,0.1019763770319261,4.2385512443333666e-08,0.10731699762730343
"('0021303000', 'Mathematics & Statistics  Department')",0.0009174311926605505,0.0011684460205443714,0.12146538515113525,3.6340602356238194e-06,0.13053785768707513
"('0010819000', 'School of Sustainable Engineering and th')",0.0009174311926605505,0.0,0.14394189501485638,0.07064485951647759,0.161609099997861
"('0010819000', 'School of Public Affairs')",0.0011467889908256881,0.0014306558701564333,0.15446751222277333,0.07645236687299481,0.17347811082902714
"('0025163000', 'Civil and Environmental Engineering')",0.0009174311926605505,0.0,0.14394189501485638,0.07064485951647759,0.16160909999786097
"('0018408000', 'Department of Electrical Engineering')",0.002522935779816514,0.011195184391372223,0.15273058464987566,0.00017074861121669387,0.1687840497932229
"('0013706000', 'Aerospace Engineering Sciences')",0.0013761467889908258,0.0009172207243896947,0.13757849231643055,2.1229295491764246e-05,0.14970146252829666
"('5300017254', 'Unknown Dept')",0.0009174311926605505,0.0,0.1375698103682201,2.0927442400042786e-05,0.14947210473013153
"('4001434000', 'Unknown Dept')",0.003211009174311927,0.007751253660219112,0.13972119852587728,2.3039780157250814e-05,0.15319333889861336
"('0010819000', 'SEMTE (Chemical Engineering)')",0.0006880733944954129,0.0,0.12522258601872593,0.007112244399007109,0.13586129912391337
"('0010819000', 'Department of Electrical Engineering')",0.0006880733944954129,0.0,0.12522258601872593,0.007112244399007109,0.13586129912391337
"('0010819000', 'Polytechnic School')",0.0006880733944954129,0.0,0.12522258601872593,0.007112244399007109,0.1358612991239134
"('0013508000', 'Natural Resource Ecology Laboratory')",0.004357798165137615,0.015009905560143925,0.13537850090045334,2.1926369020970295e-05,0.14997501065448246
"('0013706000', 'IBS and Sociology')",0.0009174311926605505,0.0,0.12876930801264067,1.1129731501011775e-05,0.13916576129018765
"('0013706000', 'Environmental Studies')",0.0009174311926605505,0.0,0.12876930801264067,1.1129731501011775e-05,0.13916576129018765
"('0019992001', 'Geography')",0.0009174311926605505,0.0,0.12876930801264067,1.1129731501011775e-05,0.13916576129018765
"('0010819000', 'Biology')",0.00022935779816513763,0.0,0.12905135415125055,0.01749684069641977,0.1412883726874546
"('0019281000', 'Electrical & Computer Engr')",0.0006880733944954129,0.0,0.08409196111711156,5.031415414478912e-09,0.08751997337351276
"('0019281000', 'Psychological Sciences')",0.0006880733944954129,0.0,0.08409196111711156,5.031415414478912e-09,0.08751997337351274
"('0001024000', 'Computer and Data Sciences')",0.0022935779816513763,0.011933471819814382,0.152971721282717,0.0007156136227095731,0.16978928245556624
"('0001024000', 'Biomedical Engineering')",0.0009174311926605505,0.0,0.13269622911403964,8.03201627463618e-05,0.1430360672075119
"('0001024000', 'Information Technology Services')",0.0009174311926605505,0.0,0.13269622911403964,8.03201627463618e-05,0.1430360672075119
"('0001024000', 'Epidemiology & Biostatistics')",0.0009174311926605505,0.0,0.13269622911403964,8.03201627463618e-05,0.1430360672075119
"('0028381000', 'Department of Psychology')",0.00045871559633027525,0.0,0.11490920591413437,1.3590949732200883e-06,0.12308010783439124
"('0010637000', 'Alaska Center for Energy and Power')",0.0013761467889908258,0.0009172207243896947,0.10405231253878096,0.00018790043331740373,0.11118189464789405
"('0010637000', 'School of Natural Resources & Agricultur')",0.00045871559633027525,0.0,0.09424989191526156,1.7148539182913052e-05,0.09920690665917774
"('0010637000', 'Civil & Environmental Engineering')",0.00045871559633027525,0.0,0.09424989191526156,1.7148539182913052e-05,0.09920690665917771
"('0018218000', 'Klipsch Educators College')",0.0011467889908256881,0.0,0.11514895415170083,6.83350799400897e-05,0.12315579777600782
"('0018218000', 'Biology')",0.0011467889908256881,0.0,0.11514895415170083,6.83350799400897e-05,0.12315579777600782
"('0018218000', 'Chemistry and Physical Sciences')",0.0013761467889908258,0.00022930518109742367,0.11515199535166257,6.931175348537124e-05,0.12327047667509042
"('0018218000', 'Mathematics')",0.0013761467889908258,0.00022930518109742367,0.11515199535166257,6.931175348537124e-05,0.12327047667509042
"('0018218000', 'Educators College')",0.0011467889908256881,0.0,0.11514895415170083,6.83350799400897e-05,0.12315579777600782
"('0021030000', 'Computer Science')",0.001834862385321101,0.0034860316947214714,0.1455468019762318,0.000230856767609933,0.15999593869433287
"('0028068000', 'Software Engineering')",0.0006880733944954129,0.0,0.10870649247033011,1.0345286927472354e-06,0.1146320637736215
"('0028068000', 'School of Information')",0.0020642201834862386,0.004578631998333091,0.12196145346722985,1.1298442443212202e-05,0.13129901241949257
"('0015693000', 'ME')",0.0006880733944954129,0.0,0.08598418364328396,7.03662991124942e-09,0.09088757269148273
"('0015693000', 'Materials Science & Engineering')",0.0006880733944954129,0.0,0.08598418364328396,7.03662991124942e-09,0.09088757269148279
"('0035352000', 'Earth and Environmental Sciences')",0.0013761467889908258,0.0009165893195771272,0.14016137846786897,0.0017645111430726191,0.1531838682469407
"('0035097000', 'Center for Applied Earth Science and Eng')",0.0013761467889908258,0.0009165893195771272,0.14016137846786897,0.0017645111430726191,0.15318386824694066
"('0035303000', 'Economics')",0.0009174311926605505,0.0,0.14014335765484875,0.0017117637469524437,0.15287805784938713
"('6250019464', 'Earth Sciences')",0.00045871559633027525,0.0,0.10361709206711346,4.348521425761238e-07,0.11032992444908772
"('0036327040', 'Ecology and Conservation Biology')",0.00045871559633027525,0.0,0.10361709206711346,4.348521425761238e-07,0.11032992444908772
"('0025650000', 'Earth and Atmospheric Sciences')",0.0013761467889908258,0.0009172207243896947,0.11558854718981973,4.761162507926787e-06,0.12578326040751808
"('0036756000', 'Physics and Astronomy')",0.00045871559633027525,0.0,0.12406100614614159,1.4056070578414782e-05,0.13216810012108152
"('0036756000', 'Department of Physics')",0.0011467889908256881,0.0004974188046921425,0.12760104188006674,1.768915818626728e-05,0.13696720328601056
"('7203580548', 'Unknown Dept')",0.0006880733944954129,0.0,0.13424885303445516,0.00010639558272937543,0.1449065546456596
"('0028944000', 'Economics')",0.00022935779816513763,0.0,0.11291826375220139,5.5784451021284203e-05,0.11958875359290205
"('0020107000', 'Unknown Dept')",0.0013761467889908258,0.00045871559633027525,0.1334516849805638,7.789381820765048e-05,0.14378089545520686
"('0001347000', 'Computer Science')",0.00022935779816513763,0.0,0.11774237105049959,6.538342656185523e-06,0.12428536295508745
"('0029207000', 'Division of Fossil Primates, Duke Lemur')",0.00045871559633027525,0.0,0.10893463921647012,3.128527088362143e-07,0.11451546783626385
"('0029207000', 'Evolutionary Anthropology')",0.0016055045871559634,0.0009172207243896947,0.12224527561262827,3.4092465935454514e-06,0.13063707317147677
"('0029207000', 'Lemur Center')",0.00045871559633027525,0.0,0.10893463921647012,3.128527088362143e-07,0.11451546783626385
"('0026294000', 'Department of Physics & Astronomy')",0.00022935779816513763,0.0,0.1284241531664212,1.7275304065507622e-05,0.13943134506106708
"('0013177000', 'Cognitive Science')",0.0009174311926605505,0.0009173259585251225,0.13311351285339196,2.265013117158249e-05,0.14420789423369648
"('0013177000', 'CREATE (CTR RES ED EQUITY)')",0.00022935779816513763,0.0,0.11747905046749117,1.9028580605973979e-06,0.124534894353263
"('0028373000', 'Computer Science & Engineering')",0.0009174311926605505,0.0,0.1331785692467469,2.8422695147695286e-05,0.14255172111722295
"('0028373000', 'Department of Computer Science & Enginee')",0.0009174311926605505,0.0,0.1331785692467469,2.8422695147695286e-05,0.14255172111722295
"('0034256000', 'Communications Studies')",0.0009174311926605505,0.0,0.1331785692467469,2.8422695147695286e-05,0.14255172111722295
"('0017756000', 'School of Information Sciences')",0.0013761467889908258,0.0025327316747199794,0.15361849059262914,0.00025312336074238687,0.16870514774471054
"('0028373000', 'Romance Languages and Literatures')",0.0009174311926605505,0.0,0.1331785692467469,2.8422695147695286e-05,0.14255172111722295
"('0114629000', 'Electrical Engineering')",0.00022935779816513763,0.0,0.09827123763157301,3.0894246750526306e-07,0.101861346887032
"('6250020147', 'Unknown Dept')",0.00022935779816513763,0.0,0.13312164142647778,0.000150502925119585,0.14326927914083862
"('0036582000', 'UT Institute for Geophysics / Bureau of')",0.00045871559633027525,0.0,0.12105058581820201,1.3817412361924771e-06,0.12864839648568702
"('0013128000', 'Department of Physics')",0.0009174311926605505,0.001860881946196978,0.13443512580167735,5.274816475356335e-05,0.14479637239671614
"('0028365000', 'Physics, Applied Physics and Astronomy')",0.0009174311926605505,0.00045871559633027525,0.13361936867912963,5.262618130152376e-05,0.143414764707769
"('0033282000', 'Unknown Dept')",0.0016055045871559634,0.002291473298942818,0.12975804291538942,2.9845934035203382e-05,0.14102774496595336
"('0032896000', 'Physics Department')",0.0011467889908256881,0.0027635734109596986,0.1419317035059735,0.00011745262539868552,0.15512328586296417
"('0033787000', 'Electrical & Systems Engineering')",0.0020642201834862386,0.00895685270351903,0.1445239989392734,0.0002202992672367563,0.1605815759800842
"('0026211000', 'Physics Department')",0.00045871559633027525,0.00045871559633027525,0.11014551333872272,5.534831002009077e-07,0.11606045128643502
"('0026211000', 'Physics')",0.0020642201834862386,0.005950253719500517,0.12376870014477531,6.515634412941892e-06,0.1327376568048788
"('0018259000', 'Computer and Information Technology')",0.002522935779816514,0.011401068705037974,0.16261375503505893,0.004575981025131593,0.18113965226923906
"('0018259000', 'Curriculum & Instruction')",0.0011467889908256881,5.467557192239439e-05,0.16163713205308816,0.004422587757505032,0.179046406575076
"('0018259000', 'Computer Science')",0.0027522935779816515,0.026691422092756895,0.17138364779874213,0.007044309181339935,0.19317755256975375
"('0026880000', 'Department of Physics')",0.00022935779816513763,0.0,0.11466743812955317,0.0007147252463146751,0.12244503616923248
"('0026880000', 'Physics')",0.0016055045871559634,0.0009173259585251225,0.1295152091254753,0.00854603219740013,0.1417885497529987
"('0037499000', 'Atmospheric, Oceanic and Earth Sciences')",0.0011467889908256881,0.0,0.14164121889415893,0.00046558249648897605,0.15387779587894226
"('0037499000', 'Biology')",0.0013761467889908258,0.00045871559633027525,0.14164582047366883,0.00046861805723262583,0.15399247477802486
"('0037499000', 'Mathematical Sciences')",0.0011467889908256881,0.0,0.14164121889415893,0.00046558249648897605,0.15387779587894226
"('0037499000', 'Chemistry and STEM Accelerator')",0.0011467889908256881,0.0,0.14164121889415893,0.00046558249648897605,0.15387779587894226
"('0037499000', 'Academic Affairs Office, College of Scie')",0.0011467889908256881,0.0,0.14164121889415893,0.00046558249648897605,0.15387779587894226
"('0013151000', 'Electrical & Computer Engineering')",0.00022935779816513763,0.0,0.1039233446155313,9.215205359308343e-08,0.1092395887140521
"('4003554000', 'Materials Science & Engineering')",0.0009174311926605505,0.0,0.11642811365092928,9.730602947528213e-07,0.12460512358212018
"('6250029424', 'Unknown Dept')",0.0009174311926605505,0.0,0.11642811365092928,9.730602947528213e-07,0.12460512358212018
"('6250040125', 'Unknown Dept')",0.0009174311926605505,0.0,0.11642811365092928,9.730602947528213e-07,0.12460512358212018
"('0001057000', 'Engineering and Public Policy')",0.0011467889908256881,0.00045871559633027525,0.13916818283379617,0.0002077664794923687,0.15057247320722034
"('0001057000', 'Joint: Civil & Environmental Engineering')",0.00045871559633027525,0.0,0.13916374082349187,0.00019026667236067936,0.15045779430813774
"('0001057000', 'Civil and Environmental Engineering')",0.005045871559633028,0.02467839091058948,0.16164312460608757,0.0020536041595111054,0.18152239834579253
"('0032565000', 'Materials Science and Engineering')",0.0016055045871559634,0.01004312494869836,0.10929509676125539,3.5207509939807194e-07,0.11791905170143055
"('4008363000', 'Center for Systematic Biology &Evolution')",0.0009174311926605505,0.0,0.09857562740221569,4.0654575269059734e-08,0.10511007515375241
"('0032565000', 'Sch. of Biomed. Eng. Sci. & Health Syst')",0.0016055045871559634,0.0013755153841782583,0.09858231397110362,4.165540386300184e-08,0.10545411185100012
"('0032565000', 'Centralized Research Facility - Office o')",0.0009174311926605505,0.0,0.09857562740221569,4.0654575269059734e-08,0.10511007515375241
"('0021030000', 'Dept. of Education Leadership & Higher')",0.00045871559633027525,0.0,0.1214890771288453,1.0436996057355641e-05,0.13139918577030654
"('0021030000', 'Psychology')",0.00045871559633027525,0.0,0.1214890771288453,1.0436996057355641e-05,0.13139918577030654
"('0019893001', 'Department of Anthropology, University o')",0.00022935779816513763,0.0,0.13784381915902624,4.988454211309029e-05,0.14809227215190485
"('0013508000', 'Soil & Crop Sciences')",0.0006880733944954129,0.0,0.11805800005415505,1.2025819550244645e-05,0.12768890968044336
"('0010819000', 'School of Earth and Space Exploration')",0.0013761467889908258,0.00045871559633027525,0.14309626177426238,0.06886664880885156,0.16020002360025254
"('0010819000', 'School of Earth & Space Exploration')",0.0006880733944954129,0.0,0.125186631445963,0.006285133339503014,0.13542934193736905
"('0026997000', 'Mechanical and Aeronautical Engg.')",0.0006880733944954129,0.0,0.10557667627188416,1.7587554151242932e-07,0.11184189397728107
"('0001016000', 'Unknown Dept')",0.0011467889908256881,0.0,0.10557667627188416,1.907525815748054e-07,0.11184189397728107
"('0026997000', 'Mechanical & Aeronautical Engineering')",0.0006880733944954129,0.0,0.10557667627188416,1.7587554151242932e-07,0.11184189397728107
"('0028373000', 'Electrical Engineering')",0.00022935779816513763,0.0,0.12521539345203905,0.005879686258162079,0.13558606976611523
"('0028373000', 'Industrial and System Engineering')",0.0011467889908256881,0.00045871559633027525,0.1431338432750074,0.0703038174946695,0.1605440602975002
"('0037986000', 'Human Centered Design & Engineering')",0.00022935779816513763,0.0,0.12835232123406634,6.996930383488868e-05,0.13649811304678444
"('0037986000', 'Computer Science and Engineering')",0.001834862385321101,0.0021581027657521412,0.14724755150287064,0.000835986105184064,0.16057907538884247
"('0001057000', 'Human Computer Interaction Institute')",0.0016055045871559634,0.0055523478719573735,0.1585396894658376,0.0017700033632348925,0.17628594137768366
"('0020750000', 'Science, Technology, Engineering, & Mat')",0.0006880733944954129,0.0,0.149274171459874,0.0013107079921686844,0.16314886629680111
"('0028738000', 'Engineering/Phyiscs/Tachnology')",0.0006880733944954129,0.0,0.149274171459874,0.0013107079921686844,0.16314886629680111
"('0032565000', 'Unknown Dept')",0.0009174311926605505,0.0009172207243896947,0.12681054039904602,4.2112958868785255e-05,0.13518786461784352
"('0021303000', 'Language and Literacy')",0.00045871559633027525,0.0,0.12680316426244764,4.151842251660951e-05,0.1349585068196784
"('0015354000', 'Natural History')",0.0006880733944954129,0.0022381553513473817,0.13186148495387873,3.7731209650782354e-06,0.14297736889766685
"('0026930000', 'criminal justice')",0.00022935779816513763,0.0,0.12592785142824134,0.010793218122425586,0.1370367591124466
"('0017756000', 'Bioengineering')",0.00022935779816513763,0.0,0.14091335121683204,0.0005711350898167724,0.15156375607063619
"('0023259000', 'Biomedical Engineering')",0.0022935779816513763,0.001375725852449114,0.16402076593183357,0.006798361063028963,0.18265259460213518
"('0014340000', 'School of Education')",0.001834862385321101,3.1570240628374073e-07,0.1218830370121883,2.861789406664486e-05,0.13046185645618988
"('0014340000', 'Environmental Science')",0.0009174311926605505,0.0,0.12187622295521887,2.4304615570852402e-05,0.13023249865802466
"('0014340000', 'Department of Physics')",0.0009174311926605505,0.0,0.12187622295521887,2.4304615570852402e-05,0.13023249865802466
"('0013706000', 'INSTAAR')",0.0022935779816513763,0.02156344831434157,0.13416623072899037,0.00012533930875213635,0.14713356406590333
"('0033712000', 'Computer & Information Sciences')",0.0009174311926605505,0.00045845251099170547,0.1319492782132373,1.8008912087724762e-05,0.14135305221027655
"('0033712000', 'Computer and Information Sciences (035-1')",0.00045871559633027525,0.0,0.1319213313161876,1.6432134101318196e-05,0.14093256291364056
"('0025205000', 'Mechanical Eng. & Materials Science')",0.00045871559633027525,0.0,0.08382519754676715,3.02831309367771e-10,0.08725119699670013
"('0025205000', 'Energy, Environmental & Chemical Engr')",0.00045871559633027525,0.0,0.08382519754676715,3.02831309367771e-10,0.08725119699670011
"('0039321000', 'Unknown Dept')",0.0027522935779816515,0.0027500836611376654,0.1345222301070624,0.00010867051376208068,0.14535993281692783
"('0039321000', 'Department of Geology and Geophysics')",0.00022935779816513763,0.0,0.11857492521076965,9.099203679165748e-06,0.1253043994404286
"('0025684000', 'Chemistry')",0.0016055045871559634,0.005570012071881753,0.13828100222010783,3.448227733182381e-05,0.15162158664924394
"('0013706000', 'Unknown Dept')",0.004357798165137615,0.025523155609882102,0.1447495103084227,3.273560633762682e-05,0.16156698328429805
"('0010512000', 'Chemical and Biological Engineering')",0.0016055045871559634,0.00045871559633027525,0.11537138472122992,1.0798838929066495e-05,0.12282550441852866
"('0010512000', 'Department of Chemistry')",0.00022935779816513763,0.0,0.10344009489916964,9.144819670186662e-07,0.1083609848207779
"('0036566000', 'Civil Engineering Department')",0.00022935779816513763,0.0,0.1061757256964738,9.862654180788246e-07,0.11111065264785412
"('0036566000', 'Civil Engineering')",0.0011467889908256881,0.00045871559633027525,0.11878490668846206,1.176978765553772e-05,0.12620901502107626
"('0096354000', 'Institute of Environment')",0.001834862385321101,0.002291473298942818,0.0815120865972443,2.646550296356723e-10,0.08637758451818739
"('0096354000', 'Department of Biological Sciences')",0.0006880733944954129,0.0,0.07537514694696079,2.7147430969312205e-11,0.078922707091957
"('0096354000', 'Earth and Environment')",0.0011467889908256881,0.0009172207243896947,0.07537775318972373,2.7552951660570034e-11,0.0791520648901221
"('0096354000', 'Global and Sociocultural Studies')",0.0006880733944954129,0.0,0.07537514694696079,2.7147430969312205e-11,0.078922707091957
"('0021782000', 'Computer Science Artificial Intellegienc')",0.00022935779816513763,0.0,0.12285496914536899,5.5494074609009535e-06,0.13130481892185855
"('0010553000', 'Unknown Dept')",0.0011467889908256881,0.013688916499423255,0.1429273889526307,0.0003527177291115495,0.1546196941437758
"('P270052818', 'Unknown Dept')",0.0006880733944954129,0.0,0.1297155777698441,1.891869596420693e-05,0.14074680554949015
"('7203585198', 'Sight')",0.0006880733944954129,0.0,0.1297155777698441,1.891869596420693e-05,0.14074680554949015
"('0014803000', 'Chemistry/Chemical Engineering')",0.0011467889908256881,0.00045871559633027525,0.08918343969890362,1.5797979989165812e-09,0.09399690036635232
"('0035097000', 'Mechanical Engineering')",0.0009174311926605505,0.0,0.08918161549632841,1.5692607674261538e-09,0.09388222146726977
"('0014803000', 'Chemical and Biomedical Engineering')",0.0013761467889908258,0.0018339152781022498,0.08918891275442364,1.5906396800271324e-09,0.09418803186482326
"('0014894000', 'Chemical and Biomedical Engineering')",0.0009174311926605505,0.0,0.08918161549632841,1.5692607674261538e-09,0.0938822214672698
"('0015511000', 'Chemistry')",0.0020642201834862386,0.004578631998333091,0.09789393327046567,1.3773572968483225e-08,0.10421689711351396
"('0039545000', 'College of Optics & Photonics')",0.00022935779816513763,0.0,0.08135694426302924,5.718553502990356e-10,0.08406288491566972
"('0039545000', 'College of Optics &Photonics')",0.00045871559633027525,0.00045871559633027525,0.08856028599285018,6.813966904031069e-09,0.0922707815204583
"('0013482000', 'Unknown Dept')",0.001834862385321101,0.00640654893071595,0.136904574999215,0.00028038510214933523,0.14974978744946366
"('0013482000', 'Geology and Geological Engineering')",0.00045871559633027525,0.00045871559633027525,0.1204286819136007,2.361929742834422e-05,0.12858068357258848
"('0026633000', 'Graduate Studies, Department of Biology,')",0.0006880733944954129,0.0,0.10073471651032762,1.0847991156622865e-07,0.10641609117438472
"('0026633000', 'Computer Science')",0.0009174311926605505,1.0523413542791357e-07,0.10073704396848501,1.1765430413328511e-07,0.10653077007346728
"('0023879000', 'Genetics, Cell Biology & Development')",0.0006880733944954129,0.0,0.10073471651032762,1.0847991156622865e-07,0.10641609117438472
"('0013169000', 'Department of Computer Science and Engin')",0.00022935779816513763,0.0,0.10270665002002309,2.2785895292444436e-07,0.1075677519623128
"('0028373000', 'Materials Design and Innovation')",0.00045871559633027525,0.0,0.10033829655029572,6.956163346644254e-07,0.10589351536362937
"('P270000108', 'Unknown Dept')",0.00022935779816513763,0.0,0.12194780857550415,1.0637248036196497e-06,0.13020936409411155
"('0033712000', 'Computer & Information Science')",0.00022935779816513763,0.0,0.13190935769824222,1.4918327146950609e-05,0.14076054456501674
"('0021998000', 'Electrical and Computer Engineering -ECE')",0.00045871559633027525,0.0,0.12543874791414927,3.215507355510137e-06,0.1347825923102502
"('5300016244', 'Unknown Dept')",0.00022935779816513763,0.0,0.14103186155587902,0.0003355469968627857,0.1512254556395808
"('0037986000', 'Applied Physics Laboratory')",0.001834862385321101,0.0032246231040958155,0.16418135261334538,0.004009969152573335,0.18152487261718864
"('6250043044', 'Unknown Dept')",0.00022935779816513763,0.0,0.11790794526475201,2.1713549222199993e-06,0.12569662446146443
"('0028068000', 'College of Liberal Arts (CompSci Affil.)')",0.0013761467889908258,0.0,0.1087281795511222,1.660744752341122e-06,0.11532013716811694
"('0028068000', 'Electrical Engineering Dept.')",0.0013761467889908258,0.0,0.1087281795511222,1.660744752341122e-06,0.11532013716811694
"('0028068000', 'Psychology')",0.0013761467889908258,0.0,0.1087281795511222,1.660744752341122e-06,0.11532013716811694
"('0028068000', 'Computer Science')",0.002522935779816514,0.0013755153841782583,0.10873631443748909,1.8472682941730156e-06,0.11566417386536465
"('0028068000', 'Unknown Dept')",0.0013761467889908258,0.0,0.1087281795511222,1.660744752341122e-06,0.11532013716811694
"('0028068000', 'Electrical and Microelectronic Engineeri')",0.0013761467889908258,0.0,0.1087281795511222,1.660744752341122e-06,0.11532013716811694
"('0033290000', 'Psychology')",0.0009174311926605505,0.0013755153841782583,0.1189988809738257,8.223682400559751e-07,0.12886993815083334
"('0015941000', 'Mathematics')",0.0006880733944954129,0.0,0.10150629758107699,6.04855121695154e-07,0.10657951959894545
"('0015941000', 'Physics Department')",0.0006880733944954129,0.0,0.10150629758107699,6.04855121695154e-07,0.10657951959894545
"('0015941000', 'Unknown Dept')",0.0006880733944954129,0.0,0.10150629758107699,6.04855121695154e-07,0.10657951959894549
"('0015941000', 'Computer & Information Sciences')",0.0016055045871559634,0.0013755153841782583,0.1129650741009431,5.9738867947080635e-06,0.12039469618496844
"('7203581364', 'Unknown Dept')",0.0009174311926605505,0.0,0.11128410628142628,8.019600867880651e-07,0.11761236956663215
"('0013706000', 'Chemical and Biological Engineering')",0.0027522935779816515,0.0037809342300368595,0.12521179747853306,7.567453153742435e-06,0.13516208657550377
"('0013706000', 'Chemical and Biological Engr.')",0.00045871559633027525,0.0,0.11128410628142628,7.368666745365814e-07,0.11761236956663215
"('0013706000', 'Chemistry & Biochemistry')",0.00045871559633027525,0.00045871559633027525,0.11128694675583235,6.712559701349277e-07,0.11765059586632631
"('0013706000', 'Department of Chemistry and Biochemistry')",0.00022935779816513763,0.0,0.10014470450421481,5.9277519240209364e-08,0.10452354104640735
"('0013482000', 'METALLURGICAL AND MATERIALS ENGINEERING')",0.0009174311926605505,0.0,0.10952022104998745,6.942385309789875e-07,0.11748070322898174
"('0013482000', 'Department of Physics')",0.0016055045871559634,0.00045871559633027525,0.10952297219221784,7.576493653249092e-07,0.11759538212806436
"('0034140000', 'Electrical and Computer Engineering')",0.00022935779816513763,0.0,0.1327972709551657,3.753176287743076e-05,0.14374263924149216
"('0034256000', 'Electrical and Computer Engineering')",0.002981651376146789,0.011285061325286274,0.15312752432128685,0.0004480771766507473,0.17213131542259896
"('0001024000', 'Mechanical and Aerospace Engineering')",0.0009174311926605505,0.0,0.09259062626091019,1.2242989725498184e-07,0.09703120184366554
"('7203592271', 'Unknown Dept')",0.0016055045871559634,0.0032065893406239545,0.10202171471359042,1.0829488448829478e-06,0.10811823752190564
"('0001024000', 'Information Systems')",0.0009174311926605505,0.0,0.09259062626091019,1.2242989725498184e-07,0.09703120184366554
"('0001024000', 'Weatherhead School of Management')",0.0009174311926605505,0.0,0.09259062626091019,1.2242989725498184e-07,0.09703120184366551
"('0013177000', 'Nanoengineering')",0.0011467889908256881,0.003567353667634721,0.14413223140495868,0.0002036559654376078,0.1574328427052043
"('0017749000', 'Pritzer School of Molecular Engineering')",0.0013761467889908258,0.002616709270709524,0.14071324834597385,4.737406082979226e-05,0.1546662222206934
"('0021782000', 'Department of Materials Science')",0.0006880733944954129,0.0,0.1308837656099904,2.3767073852646347e-05,0.14088453000049042
"('0018093000', 'College of Arts and Sciences')",0.0009174311926605505,0.0,0.11956015027284943,1.5782366805274606e-05,0.12791799220597092
"('0029744000', 'Culture, Curriculum and Teacher Educatio')",0.0009174311926605505,0.0,0.11956015027284943,1.5782366805274606e-05,0.12791799220597092
"('0022228000', 'Counseling and School Psychology')",0.0009174311926605505,0.0,0.11956015027284943,1.5782366805274606e-05,0.12791799220597094
"('6250004499', 'Design Technology')",0.0009174311926605505,0.0,0.11956015027284943,1.5782366805274606e-05,0.12791799220597094
"('0035352000', 'Mechanical Engineering')",0.0011467889908256881,0.0061435118942692445,0.1437331047669282,6.821483488943656e-05,0.1556188298494688
"('0035352000', 'Electrical Engineering &Computer Science')",0.00022935779816513763,0.0,0.12567376704234284,5.7149852132265965e-06,0.13312420325372293
"('0026278000', 'Department of Astrophysical Sciences')",0.00022935779816513763,0.0,0.11163457599344531,3.4226673809263492e-06,0.11750811179136834
"('0026278000', 'Astrophysical Sciences')",0.0009174311926605505,0.00045871559633027525,0.1256592789001931,4.0820331197134576e-05,0.1345897591195749
"('0037986000', 'Mechanical Engineering')",0.0022935779816513763,0.003385843992440641,0.14562458249833,0.00019884051689867486,0.16038442253465093
"('P270002799', 'Applied mathematics')",0.0009174311926605505,0.0,0.14217236769165553,0.00015467229682342702,0.15508760607384398
"('0018408000', 'Chemical and Biomolecular Engr')",0.00022935779816513763,0.0,0.11091043219455114,1.6051015263746428e-06,0.1166348148051795
"('0027854000', 'Tandon School of Engineering')",0.00045871559633027525,0.001756527319235566,0.13986013986013987,9.895834390461894e-05,0.15084982773342784
"('0020107000', 'Environmental Sciences')",0.0009174311926605505,0.0,0.10316596469641759,6.427297864831483e-07,0.10944494959453609
"('0020107000', 'Department of Physics and Astronomy')",0.0013761467889908258,0.00045903129873655897,0.10317084713677237,1.076181564253171e-06,0.1096743073927012
"('0020107010', 'Biological and Agricultural Engineering')",0.0016055045871559634,0.0013755153841782583,0.10317328853025391,6.583743830692231e-07,0.10978898629178377
"('0020107000', 'Chemistry')",0.0022935779816513763,0.004121179211627951,0.11500923239250857,5.2469892025268e-06,0.1242505167151007
"('5300011126', 'Unknown Dept')",0.0009174311926605505,0.0,0.10316596469641759,6.427297864831485e-07,0.10944494959453609
"('0026294000', 'Chemistry & Chemical Biology')",0.0009174311926605505,0.0,0.1244825124910778,1.3846989381793053e-05,0.13226470913583063
"('0026294000', 'Department of Chemistry')",0.0009174311926605505,0.0,0.1244825124910778,1.3846989381793053e-05,0.1322647091358306
"('0001727000', 'Chemistry')",0.0009174311926605505,0.0,0.1244825124910778,1.3846989381793053e-05,0.13226470913583063
"('0026294000', 'Dept. of Chemistry and Chemical Biology')",0.0009174311926605505,0.0,0.1244825124910778,1.3846989381793053e-05,0.13226470913583063
"('0022905000', 'Chemistry')",0.0016055045871559634,0.001833599575695966,0.14216309628615215,0.0001236238797307118,0.15422737271647732
"('0013151000', 'Anthropology UCLA')",0.0006880733944954129,0.0,0.13881813550687722,0.0003669107906546605,0.1494631585285252
"('0021287000', 'Computer Science')",0.0006880733944954129,0.0,0.13881813550687722,0.0003669107906546605,0.14946315852852524
"('0018093000', 'Computer Science')",0.0006880733944954129,0.0,0.13881813550687722,0.0003669107906546605,0.14946315852852524
"('0013151000', 'Statistics')",0.001834862385321101,0.0043258472210892735,0.1611770359690954,0.003646953843411287,0.1790159821065775
"('0032102000', 'Forest Science')",0.0022935779816513763,0.0009962023435996505,0.1405318291700242,9.352517549286736e-05,0.15302076077592056
"('0032102000', 'Department of Geosciences')",0.0020642201834862386,0.0009172207243896947,0.13220534279389914,4.1368157578098954e-05,0.14278235748705845
"('0032102000', 'Fisheries & Wildlife')",0.0022935779816513763,0.0017679028675947814,0.13736177184083678,5.7849833320169685e-05,0.14969283837976471
"('0032102000', 'Botany and Plant Pathology')",0.002522935779816514,0.006851218439472371,0.14514464529445054,0.00011751599274223307,0.1586737609358009
"('4003554000', 'Department of Forest Engineering, Resour')",0.0016055045871559634,0.0,0.13219732573299778,4.07518053535144e-05,0.14255299968889334
"('6250026352', 'Unknown Dept')",0.0016055045871559634,0.0,0.13219732573299778,4.07518053535144e-05,0.14255299968889332
"('4101374000', 'Unknown Dept')",0.0016055045871559634,0.0,0.13219732573299778,4.07518053535144e-05,0.14255299968889332
"('0013144000', 'Department of Anthropology')",0.0011467889908256881,0.007024422531700083,0.14671243017699712,0.0006470426392887517,0.1586122207939858
"('0013144000', 'Unknown Dept')",0.0020642201834862386,0.008511662102704005,0.13044128646222888,5.8702444430390264e-05,0.1403517615157522
"('0032102000', 'Department of Botany and Plant Pathology')",0.0006880733944954129,0.00045871559633027525,0.1267626108445995,1.0837323381266768e-05,0.13515038010349656
"('0032102000', 'Pharmaceutical Sciences')",0.00022935779816513763,0.0,0.11250451566289932,9.095682435196404e-07,0.11804745533293753
"('0038950000', 'Computer Science')",0.0006880733944954129,0.0010304871862529274,0.14491308538571476,2.05896097323806e-05,0.15952195930980234
"('0038950000', 'Computer Sciences Department')",0.0006880733944954129,0.0006323436141952107,0.1277768008909208,2.043427739096396e-06,0.13755191705593098
"('0036525000', 'Physics')",0.0020642201834862386,0.03071245509727136,0.1563004122602617,0.0006193214760938873,0.17254155980360025
"('0036525000', 'Curriculum and Instruction')",0.0016055045871559634,0.008255066031527472,0.13890658850516122,6.512112039181917e-05,0.15118599427271098
"('0036525000', 'Office of the Provost')",0.0013761467889908258,0.0077093764733732195,0.13802272943113109,6.729748027704313e-05,0.15000108336302947
"('0023259000', 'Taubman College of Architecture and Urba')",0.00022935779816513763,0.0,0.12534498620055198,5.390881026172391e-05,0.1343824738252689
"('0010827000', 'Biological Sciences')",0.0011467889908256881,0.00019367679554114348,0.12788173872235584,2.1069654221419224e-05,0.1385089423191487
"('0013128000', 'Integrative Biology')",0.003211009174311927,0.008132842260743805,0.14442346550067905,0.00014816946129883875,0.16057454713991295
"('0010827000', 'Department of Biological Sciences')",0.0016055045871559634,0.0006736004057051072,0.12898263467739549,2.7438117232749567e-05,0.14032655322506218
"('0010827000', 'Pathogen and Microbiome Institute')",0.0009174311926605505,0.0,0.12787798797477637,2.0755004329179593e-05,0.1383942634200661
"('0011536001', 'Physics and Astronomy')",0.0022935779816513763,0.0036655154052250855,0.11018726781065986,6.505142426821261e-07,0.11724546657695491
"('0010553000', 'Dept. of Space Science/CSPAR')",0.0009174311926605505,0.0,0.09926010244735345,7.368692681155705e-08,0.10412889358379397
"('5300007240', 'NISP')",0.0009174311926605505,0.0,0.09926010244735345,7.368692681155705e-08,0.104128893583794
"('4103202000', 'National Solar Observatory / Boulder')",0.0009174311926605505,0.0,0.09926010244735345,7.368692681155705e-08,0.10412889358379397
"('0010553000', 'The Center for Space Plasma and Aeronomi')",0.0009174311926605505,0.0,0.09926010244735345,7.368692681155705e-08,0.10412889358379397
"('0036327060', 'Electrical and Computer Engineering')",0.0022935779816513763,0.005139206473465127,0.11854590935044455,2.1516820320479405e-06,0.12682074847111227
"('6250040818', 'Unknown Dept')",0.00022935779816513763,0.0,0.10598473430891146,1.814402318533453e-07,0.1112836533856488
"('0029728000', 'Soil Science')",0.00022935779816513763,0.0,0.12649780949894102,3.90015452913205e-05,0.13532315098255404
"('0018697000', 'Agronomy')",0.002981651376146789,0.005458621783160944,0.1448120100969842,0.0004654992563749585,0.15961693823505685
"('0022921000', 'Cognitive and Learning Sciences')",0.0006880733944954129,0.00045871559633027525,0.12222128780870686,8.532604905557e-05,0.12900173168859133
"('0033290000', 'Materials Science and Engineering')",0.001834862385321101,0.000515094023474175,0.10601823708206687,1.577777128615752e-07,0.11424388955947647
"('0033290000', 'Dept. of Materials Science & Engineering')",0.00045871559633027525,0.0,0.09716310476232924,2.312343620567407e-08,0.10283749224509199
"('4001434000', 'President')",0.00045871559633027525,0.0,0.12259933076512106,2.113384913600663e-06,0.13074236415979495
"('0013706000', 'Aerospace Engineering')",0.00045871559633027525,0.0,0.12094648950040222,1.9465841184672385e-06,0.12860434767831533
"('0029231000', 'Department of Biology')",0.001834862385321101,0.002549576184961078,0.12487469568953172,1.1769015625182008e-05,0.13591543595742842
"('0029728000', 'Biological Sciences')",0.0009174311926605505,0.0009172207243896947,0.1184042582081851,2.2066694635732307e-06,0.12699228724070152
"('0013052000', 'Applied Physics')",0.0009174311926605505,0.0,0.14676181499932678,0.00031325638694389634,0.16072456627215737
"('0021030000', 'IREAP')",0.003211009174311927,0.030239049264671528,0.1630272210589291,0.0019140301620231175,0.18370066732451995
"('0020776000', 'Applied Mathematics and Statistics')",0.0011467889908256881,0.00045871559633027525,0.12248911363955611,8.890546288750728e-06,0.13138738214325027
"('0020776000', 'Department of Biomedical Engineering')",0.00022935779816513763,0.0,0.10912549431846624,7.491681677664962e-07,0.11497871787773174
"('0031237000', 'Polymer Science')",0.0011467889908256881,0.00457768489111424,0.13176186158960412,7.987841271399386e-06,0.14294983208687354
"('0034256000', 'Biological Sciences')",0.00022935779816513763,0.0,0.1400713207183474,0.001235023071305193,0.15217851656498346
"('0020735000', 'Unknown Dept')",0.0011467889908256881,0.0,0.12199557905929097,1.910768592212408e-06,0.13093566378830118
"('0038950000', 'WI Center for Education Research')",0.0011467889908256881,0.0,0.12199557905929097,1.910768592212408e-06,0.13093566378830118
"('0021626000', 'Education')",0.0011467889908256881,0.0,0.12199557905929097,1.910768592212408e-06,0.13093566378830118
"('0038950000', 'Wisconsin Center for Education Research')",0.0020642201834862386,0.002291473298942818,0.1389242926331889,1.4640902083997953e-05,0.15299065676932577
"('0022095000', 'Smith College, Department of Physics')",0.0011467889908256881,0.0,0.12199557905929097,1.9107685922124075e-06,0.13093566378830115
"('4003887000', 'Unknown Dept')",0.0016055045871559634,0.0,0.12199557905929097,2.0738737906055546e-06,0.13093566378830118
"('0028068000', 'Compter Science')",0.0006880733944954129,0.0,0.09807891303369776,1.8652354183189378e-07,0.10281041671929647
"('7203594316', 'Unknown Dept')",0.0006880733944954129,0.0,0.09807891303369776,1.8652354183189378e-07,0.10281041671929647
"('0028068000', 'Industrial & Systems Engineering')",0.0006880733944954129,0.0,0.09807891303369776,1.8652354183189378e-07,0.10281041671929647
"('0019489001', 'Physics & Astronomy')",0.0009174311926605505,0.0,0.13456374803246812,5.3042194577681886e-05,0.14547147401977345
"('0035659000', 'Unknown Dept')",0.0009174311926605505,0.0,0.13456374803246812,5.3042194577681886e-05,0.14547147401977345
"('0037283000', 'Physics')",0.0009174311926605505,0.0,0.13456374803246812,5.3042194577681886e-05,0.14547147401977345
"('0023259000', 'Physics')",0.0020642201834862386,0.010978902038077437,0.15452225687553162,0.00047050395673924603,0.17139472625997773
"('0013151000', 'Electrical Engineering Department')",0.00022935779816513763,0.0,0.10184536323288951,7.164239751779521e-08,0.10672065083640518
"('0033290000', 'Department of Meteorology')",0.0013761467889908258,0.002402028007001548,0.1113096757722747,2.6999915033366427e-07,0.12027898150331061
"('0033290000', 'Meteorology')",0.0016055045871559634,0.004710429867062767,0.11821805265583905,6.968926710489452e-07,0.12916826113264301
"('0010819000', 'School of Human Evol. & Social Change')",0.0009174311926605505,0.0,0.14309626177426238,0.07488617863790929,0.16020002360025254
"('0010819000', 'School of Sustainability')",0.001834862385321101,1.683746166846617e-06,0.1431338432750074,0.10405949525269467,0.16081164439535958
"('0010819000', 'Ctr for Study of Institutional Diversity')",0.0013761467889908258,6.314048125674815e-07,0.14312444604930571,0.09382902285707474,0.16058228659719445
"('0029058000', 'Applied Engineering Technology')",0.0009174311926605505,0.0,0.11678362886377029,9.592416158890345e-06,0.12439924795328142
"('0034488000', 'Biomedical Engineering')",0.00022935779816513763,0.0,0.1172673480365788,4.5097784508426055e-06,0.1241005228169622
"('0020313000', 'Unknown Dept')",0.0022935779816513763,0.0022921047037553852,0.11200739865385603,1.046289323279688e-06,0.12058464418893382
"('0026575000', 'Industrial Engineering')",0.0011467889908256881,0.0,0.11199301327990548,1.0063918769419434e-06,0.12001124969352095
"('0038273001', 'Department of Mechanical, Materials and')",0.0011467889908256881,0.0,0.11199301327990548,1.0063918769419434e-06,0.12001124969352095
"('0026575000', 'Chemical and Materials Engineering')",0.0020642201834862386,0.002749136553918814,0.11201027617212589,1.0434010153202399e-06,0.12054641788923962
"('0021782000', 'Department of Chemical Engineering')",0.0011467889908256881,0.00045871559633027525,0.12287228046443467,7.4678839454250155e-06,0.13180176081788303
"('4070777000', 'Unknown Dept')",0.00022935779816513763,0.0,0.10942951083000778,6.260545401200925e-07,0.11529673517510466
"('0038950000', 'Wisconsin Energy  Institute')",0.0009174311926605505,0.0,0.13888004077212207,1.3783212563827923e-05,0.15222613077544203
"('0013532000', 'Unknown Dept')",0.0013761467889908258,0.0009172207243896947,0.1388888888888889,1.3987112032548691e-05,0.15245548857360716
"('0080010000', 'Chemical Engineering')",0.0009174311926605505,0.0,0.13888004077212207,1.3783212563827923e-05,0.1522261307754421
"('0038950000', 'Materials Science and Engineering')",0.0011467889908256881,0.00045871559633027525,0.1388844646895805,1.387570302979136e-05,0.15234080967452465
"('0032102000', 'Department of Integrative Biology')",0.00022935779816513763,0.0,0.11499709869705121,1.2679084889456763e-06,0.12144836623620947
"('0032102000', 'Integrative Biology')",0.0006880733944954129,0.0009173259585251225,0.12993592609149157,1.512586304695308e-05,0.13986709837053857
"('0013201000', 'Electrical & Computer Engineering')",0.0009174311926605505,0.00045871559633027525,0.10744473742576209,1.0137492230584318e-06,0.11353761668639425
"('7203584771', 'Unknown Dept')",0.00022935779816513763,0.0,0.09702256442209266,8.499541196546062e-08,0.10121096283940077
"('0027854000', 'Global and Environmental Health')",0.00022935779816513763,0.0,0.1367843137254902,0.0002455327562744746,0.14854948163906612
"('0023291000', 'Department of Mechanical Engineering')",0.0009174311926605505,0.0,0.13574519754662348,2.62287573977457e-05,0.14661921825625848
"('0023291000', 'Engineering Technology')",0.0009174311926605505,0.0,0.13574519754662348,2.62287573977457e-05,0.1466192182562585
"('0023291000', 'Electrical and Computer Engineering')",0.0020642201834862386,0.0013755153841782583,0.13575787769336156,2.9180814285725204e-05,0.14696325495350618
"('0023291000', 'Computer Science')",0.001834862385321101,0.0012796156781020704,0.1419548088819431,4.323444155376332e-05,0.15471288904775046
"('0025163000', 'Learning, Teaching & Curriculum')",0.0006880733944954129,0.0,0.12940373371323421,2.8928400760981206e-05,0.14022185042726062
"('0025163000', 'Dept. of Learning, Teaching & Curriculum')",0.0006880733944954129,0.0,0.12940373371323421,2.8928400760981206e-05,0.14022185042726062
"('0015354000', 'Geography Department')",0.0009174311926605505,0.0,0.1383204847561943,7.301479428007126e-05,0.14998980886595512
"('0015354000', 'Department of Geography')",0.0009174311926605505,0.0,0.1383204847561943,7.301479428007126e-05,0.14998980886595512
"('0015354000', 'Wildlife Ecology and Conservation')",0.0009174311926605505,0.0,0.1383204847561943,7.301479428007126e-05,0.14998980886595512
"('0035998000', 'Mathematical & Statistical Science')",0.00045871559633027525,0.0,0.10122350428342582,2.1601148429440726e-07,0.10684810428148699
"('0035998000', 'Mathematical Sciences')",0.0016055045871559634,0.0014534061834176222,0.11261784837918119,2.3533135598090335e-06,0.12114141378948363
"('6250002291', 'Unknown Dept')",0.00045871559633027525,0.0,0.10122350428342582,2.160114842944072e-07,0.10684810428148699
"('0038000000', 'Chemical Engineering and Bioengineering')",0.0013761467889908258,0.0013755153841782583,0.10779538655524513,8.464111533827901e-07,0.1140805319957357
"('0029728000', 'Chemical Engineering')",0.0009174311926605505,0.001833599575695966,0.12079570011636283,9.00357677046503e-06,0.1296715358717849
"('0036467000', 'Biology')",0.0020642201834862386,0.0009172207243896947,0.12890636549093812,4.970509529885316e-05,0.13768834663043336
"('0036467000', 'Sociology')",0.00045871559633027525,0.0,0.11419292318168722,4.566850921137355e-06,0.1199217453335771
"('0036467000', 'Unknown Dept')",0.00045871559633027525,0.0,0.11419292318168722,4.566850921137355e-06,0.11992174533357708
"('0013508000', 'Civil and Environmental Engineering')",0.0034403669724770644,0.011077074850873177,0.1339477726574501,0.00045144630086126975,0.14877959101296243
"('0013508000', 'Systems Engineering')",0.00022935779816513763,0.0,0.1181283697743098,3.7757687676855494e-05,0.12698995840236366
"('7203592418', 'Unknown Dept')",0.00045871559633027525,0.0,0.1330972586849014,2.232787661736242e-05,0.143902083836143
"('0013177000', 'Unknown Dept')",0.005045871559633028,0.02408892654099897,0.15352112676056337,0.00024362698240674142,0.1724899520713731
"('0013177000', 'The Design Lab')",0.00045871559633027525,0.0,0.1330972586849014,2.2327876617362428e-05,0.143902083836143
"('0013177010', 'IGPP')",0.00045871559633027525,0.00045871559633027525,0.12245815076957645,9.805473490013021e-06,0.13041372595743886
"('0013151000', 'Mechanical and Aerospace Engineering')",0.0009174311926605505,0.0011612783345537122,0.11544775724196367,3.7096641110067696e-07,0.12329844446867455
"('0013201000', 'Department of Physics')",0.0016055045871559634,0.0021846442846846005,0.1264244497926755,2.75125928722894e-06,0.13647834558857191
"('0011312000', 'C.S. & Computation and Neural Systems')",0.0006880733944954129,0.0,0.1130676071678639,2.860096196963732e-07,0.12012925700476228
"('0012617000', 'Natural Sciences')",0.0006880733944954129,0.0,0.1130676071678639,2.860096196963732e-07,0.12012925700476228
"('0036046000', 'Civil and Environmental Engineering')",0.0006880733944954129,0.0,0.10231859570074157,9.441662581145111e-07,0.10836253190236253
"('0036046000', 'Department of Computer Science')",0.0006880733944954129,0.0,0.10231859570074157,9.441662581145111e-07,0.10836253190236256
"('0036046000', 'Physics & Astronomy')",0.0006880733944954129,0.0,0.10231859570074157,9.441662581145111e-07,0.10836253190236253
"('0018424000', 'Geography and Meteorology')",0.00045871559633027525,0.0,0.10170045018777261,2.4907028345881907e-07,0.1067439339270476
"('4062600000', 'Unidata')",0.00045871559633027525,0.0,0.10170045018777261,2.4907028345881907e-07,0.10674393392704762
"('5300001194', 'Learning Sciences')",0.00022935779816513763,0.0,0.115133750561145,4.530889884286688e-05,0.12265885587998336
"('0023259000', 'Department of Ecology and Evolution')",0.00045871559633027525,0.00045871559633027525,0.10893736101741498,2.6380516844885464e-07,0.11453458098611094
"('7203584243', 'Unknown Dept')",0.0009174311926605505,0.0009172207243896947,0.12224527561262827,3.116860001814172e-06,0.13056062057208837
"('0033290000', 'Entomology')",0.0011467889908256881,0.0009172207243896947,0.1189923855789962,8.900400383459717e-07,0.12871703295205653
"('6250013290', 'Cold Climate Housing Research Center')",0.00045871559633027525,0.0,0.14671243017699712,0.0002521555650287274,0.1610937803913713
"('0500306000', 'Unknown Dept')",0.0011467889908256881,0.00045871559633027525,0.1340754635751407,7.636641568334394e-05,0.1441611583498046
"('0500306000', 'Physics Computer Science and Engineering')",0.00022935779816513763,0.0,0.1182276696133196,6.3957483766890865e-06,0.12466426612827718
"('0024232000', 'Biological Sciences')",0.00045871559633027525,0.0,0.11132388612281374,0.0005679015373308588,0.11860508184475979
"('0024232000', 'Biochemistry, Molecular Biology, Entomol')",0.00045871559633027525,0.0,0.11132388612281374,0.0005679015373308588,0.11860508184475979
"('0024232000', 'Unknown Dept')",0.0016055045871559634,0.001375725852449114,0.12526215991036285,0.006222558127853143,0.13647674254898975
"('6250017738', 'Unknown Dept')",0.00022935779816513763,0.0,0.13158688959980686,0.000741734484324817,0.1424266998292231
"('0001057000', 'Software and Societal Systems Department')",0.00045871559633027525,0.0,0.13984668184879878,0.00016937412057747083,0.15099086502182807
"('0001057000', 'Human-Computer Interaction Institute')",0.0022935779816513763,0.01580230316508034,0.1625713113837205,0.0018447361995401652,0.18174560467564962
"('0001057000', 'Computer Science and Robotics')",0.00045871559633027525,0.0,0.13984668184879878,0.00016937412057747083,0.1509908650218281
"('0013706000', 'Psychology and Neuroscience')",0.00045871559633027525,0.009139594065007011,0.13922150908452277,8.066921677285971e-05,0.15082449860731642
"('0013706000', 'Physics')",0.004128440366972477,0.023122389447334867,0.16011163747199883,0.0009563658355005747,0.1789753057212911
"('0037499000', 'Department of Environmental Science and')",0.00022935779816513763,0.0,0.10217472815898013,7.673828764564052e-05,0.1082547764005181
"('0010637000', 'International Arctic Research Center')",0.002522935779816514,0.0024292249182695266,0.11379949364445488,0.0009175731207759549,0.12323734719663507
"('0001057000', 'Materials Science and Engineering')",0.00022935779816513763,0.0,0.1468557378153525,0.0010516804208070675,0.15987656265752492
"('0021998000', 'Art & Design')",0.0006880733944954129,0.0,0.14237199582027169,0.000406099223681353,0.15393504049467302
"('4012365000', 'CSR')",0.0006880733944954129,0.0,0.14237199582027169,0.000406099223681353,0.15393504049467302
"('0021998000', 'CAMD')",0.0006880733944954129,0.0,0.14237199582027169,0.000406099223681353,0.15393504049467302
"('0029207000', 'Dept of Electrical and Computer Engineer')",0.0016055045871559634,0.0009172207243896947,0.1465989711173128,6.964544266864856e-05,0.1606680138159488
"('0029207000', 'Electrical Computer Engineering')",0.0011467889908256881,0.0,0.14658911340483474,6.865786254966578e-05,0.1604386560177837
"('0013052000', 'Sociology')",0.0011467889908256881,0.0036688243913832355,0.13514770155915812,7.414008982432104e-05,0.1475275757289715
"('4101408000', 'Unknown Dept')",0.0006880733944954129,0.0,0.11805800005415505,1.2025819550244645e-05,0.12768890968044336
"('0033290000', 'Civil and Environmental Engineering')",0.002522935779816514,0.003788222438362124,0.12162124466512315,1.3947654119936306e-06,0.13371671599073057
"('0033290000', 'Civil & Environmental Engineering')",0.0011467889908256881,0.00045871559633027525,0.11208226221079691,2.7788252765918836e-07,0.12155524378587994
"('0033290000', 'Agricultural Economics, Sociology, and E')",0.0016055045871559634,0.0011496808247947437,0.11249000232204133,2.9631557247291784e-07,0.12266016587704061
"('0020776000', 'Environmental Health and Engineering')",0.0006880733944954129,0.0018932318136247093,0.13851823611640615,7.599187112338564e-05,0.1512484206033511
"('0032102000', 'Geography')",0.0009174311926605505,0.0,0.13625851615725984,6.7289136681211e-05,0.147236084188492
"('0032102000', 'Applied Economics')",0.0009174311926605505,0.0,0.13625851615725984,6.7289136681211e-05,0.147236084188492
"('0027078000', 'Biology and Paleo Environment')",0.0013761467889908258,0.00011424998531062206,0.13405073020753266,0.00014368615683788767,0.14706136285163526
"('0027078000', 'Dept. of Climate, Environment & Oceans')",0.00045871559633027525,0.0,0.12431923811696273,8.251369890456056e-05,0.13487193785257717
"('0010637000', 'Unknown Dept')",0.0022935779816513763,0.005315706796280851,0.1266815817764477,0.013796912280124191,0.13927062934517018
"('0010637000', 'Electrical and Computer Engineering')",0.0011467889908256881,0.0021816191022894014,0.1260115606936416,0.01322778667674379,0.13791335639386043
"('P270052697', 'Unknown Dept')",0.00045871559633027525,0.0,0.13529448271581954,4.974452324056686e-05,0.1452719961912822
"('0021782000', 'Department of Brain & Cognitive Sciences')",0.0006880733944954129,5.2617067713956784e-08,0.1352986811481769,5.358779996345892e-05,0.1453866750903648
"('0013177000', 'Chemistry and Biochemistry')",0.00045871559633027525,0.00045871559633027525,0.12413164787609611,4.682168841211486e-06,0.13221709196766504
"('0036756000', 'Chemistry')",0.00022935779816513763,0.0,0.11042727249702404,4.1163847466188554e-07,0.11583530679759672
"('0034017000', 'Education')",0.00022935779816513763,0.0,0.11092454078257773,3.1371518002943537e-07,0.11765461157089455
"('0037457000', 'Unknown Dept')",0.003211009174311927,0.008020081990543925,0.12476035138924657,3.737778749133092e-06,0.13577194721690117
"('0026294000', 'SAS-Anthropology')",0.00045871559633027525,0.00045871559633027525,0.10601823708206687,1.981565664664386e-07,0.11167648756322383
"('0026294000', 'Anthropology')",0.0011467889908256881,0.0020069112489608685,0.11858137510879026,2.155970632721185e-06,0.12702261614532181
"('0032177000', 'Chemistry')",0.00022935779816513763,0.0,0.11689321429528941,5.646122835880167e-06,0.12372122016617386
"('0035352000', 'Chemistry')",0.0009174311926605505,0.00045871559633027525,0.1323618700667881,6.737308365550214e-05,0.14299368954185407
"('0031849000', 'Geology and Geophysics')",0.00022935779816513763,0.0,0.13182560319284028,4.627249615489557e-05,0.14187147937434577
"('6250043842', 'Unknown Dept')",0.0006880733944954129,0.0,0.11924623253015343,2.2071272045698283e-06,0.12804066928679045
"('0027110001', 'Department of Crop & Soil Science')",0.0006880733944954129,0.0,0.11924623253015343,2.2071272045698283e-06,0.12804066928679045
"('0027110000', 'Natural Resources')",0.0006880733944954129,0.0,0.11924623253015343,2.2071272045698283e-06,0.12804066928679045
"('0013284000', 'Electrical Engineering - Systems')",0.00045871559633027525,0.0,0.14846090983383275,0.0006507233381018369,0.16183668968645948
"('0018093000', 'Physics')",0.0027522935779816515,0.004874706108393349,0.13719752037509048,8.964940462827446e-05,0.14929897647399612
"('0018093000', 'Department of Chemistry')",0.00045871559633027525,0.0,0.12065196336165149,8.196390065916315e-06,0.12821496089507436
"('0036046000', 'Department of Computer Science Rice Univ')",0.00045871559633027525,0.0,0.12065196336165149,8.196390065916315e-06,0.12821496089507434
"('0013706000', 'Department of Aerospace Engineering')",0.00045871559633027525,0.0,0.12094648950040222,1.9465841184672385e-06,0.1286043476783153
"('0049544000', 'Research')",0.0011467889908256881,0.0,0.12269248086447546,2.108037512116854e-06,0.1332733577434736
"('0036525000', 'Dept. of Computer Science')",0.0022935779816513763,0.006295644689048949,0.13023089100630245,8.944220274620082e-06,0.14282526862565972
"('0035352000', 'Civil and Environmental Engineering')",0.0011467889908256881,0.0,0.12269248086447546,2.108037512116854e-06,0.1332733577434736
"('0036525000', 'Architecture')",0.001834862385321101,0.00023844371446927361,0.12271320011258091,2.3914878074145814e-06,0.1337320733398039
"('0049544000', 'Unknown Dept')",0.0013761467889908258,0.00045871559633027525,0.12269593358660476,2.121884932413145e-06,0.13338803664255616
"('0028357000', 'Psychology')",0.0011467889908256881,0.00045871559633027525,0.08890338893193589,1.2419031822691204e-08,0.09241390978826687
"('0028357000', 'Dean, Graduate Studies')",0.00022935779816513763,0.0,0.08164641111589671,1.0426030959331463e-09,0.08420099752084383
"('0029058000', 'Physics/EES')",0.0009174311926605505,3.8585849656901634e-07,0.10296375014759712,7.699042359385506e-07,0.10897758412393113
"('0029058000', 'Physics')",0.0016055045871559634,0.005488556489333117,0.11473986157530461,3.9840091060695525e-06,0.12318624143216
"('0029058000', 'Energy and Environmental Systems')",0.0009174311926605505,3.8585849656901634e-07,0.10296375014759712,7.699042359385506e-07,0.10897758412393113
"('0026997000', 'Education Program - CRC')",0.0009174311926605505,0.0,0.11847504143909134,1.2561753501095776e-05,0.12617854090803335
"('0026997000', 'Civil & Environmental Engineering')",0.0013761467889908258,0.0032065893406239545,0.11849758112735773,1.2756578509940938e-05,0.12652257760528102
"('0026997000', 'Mathematics & Comp. Sci.')",0.0009174311926605505,0.0,0.11847504143909134,1.2561753501095776e-05,0.12617854090803338
"('0026997000', 'Physics')",0.0009174311926605505,0.0,0.11847504143909134,1.2561753501095776e-05,0.12617854090803338
"('0026997000', 'Institute for STEM Education')",0.0016055045871559634,0.005491853825576525,0.13435227412794282,0.00011146710120355237,0.14600747207685222
"('0026633000', 'School of Engineering')",0.00022935779816513763,0.0,0.1403915507470376,0.0003251218297623709,0.15103778993687214
"('0037986000', 'UWB Science & Technology')",0.00022935779816513763,0.0,0.11550892809834154,5.204690010599631e-06,0.12188048392514077
"('0013136000', 'Genome Center')",0.00022935779816513763,0.0,0.14267015706806283,0.00010700941990086911,0.1558349505998579
"('0018093000', 'Unknown Dept')",0.002981651376146789,0.010931579597209291,0.12789299228535392,2.2020659246322158e-06,0.14051984053603037
"('0018093000', 'Earth Sciences')",0.00022935779816513763,0.0,0.11339401820546163,1.8604142515275453e-07,0.12107480737691802
"('6250033895', 'Unknown Dept')",0.00022935779816513763,0.0,0.11468251880688095,2.903005133185179e-07,0.12196727807106157
"('4003554000', 'Center for Sustainable Macromolecular Ma')",0.0009174311926605505,0.0,0.14309156547423696,0.06946003106684329,0.16016179730055835
"('0010819000', 'School for Engineering of Matter, Transp')",0.0009174311926605505,0.0,0.14309156547423696,0.06946003106684329,0.16016179730055835
"('0037549000', 'Sustainable Biomaterials')",0.0009174311926605505,0.0,0.14309156547423696,0.06946003106684329,0.16016179730055835
"('7203586634', 'Unknown Dept')",0.0009174311926605505,0.0,0.14309156547423696,0.06946003106684329,0.16016179730055835
"('0017756000', 'Computer Science')",0.006192660550458716,0.044045457910472804,0.17316017316017315,0.0016738604517864762,0.19558794225652015
"('0017756000', 'Electrical And Computer Eng')",0.00045871559633027525,0.0,0.14797217037162735,0.00016414948674373987,0.16068391502737706
"('0017756000', 'Department of Computer Science')",0.0011467889908256881,0.000997445210095605,0.15359143269806602,0.00028053915761558194,0.16843756364685128
"('0014795000', 'Engineering Fundamentals')",0.00022935779816513763,0.0,0.13102930127723517,2.4752212428097542e-05,0.1409677545314013
"('0014316000', 'Electrical and Computer Engineering')",0.0009174311926605505,0.0,0.13589751581834617,2.452141921757733e-05,0.14750126880000633
"('0014316000', 'Computer & Information Sciences')",0.0009174311926605505,0.0,0.13589751581834617,2.452141921757733e-05,0.14750126880000633
"('0013177000', 'Physics')",0.0034403669724770644,0.008490733033925937,0.1430117755108735,5.015940865061468e-05,0.15907849636347202
"('0013177000', 'Department of Physics')",0.00045871559633027525,0.00045871559633027525,0.12512914705544714,4.2494377173371876e-06,0.13470100245515132
"('0037986000', 'Materials Science and Engineering Depart')",0.00022935779816513763,0.0,0.1128276790104288,2.399751543694759e-06,0.11983148170411964
"('0021030000', 'Teaching & Learning, Policy & Leadership')",0.00045871559633027525,0.0,0.1317698259187621,2.6838519484303487e-05,0.14436110566743293
"('0027110000', 'Anthropology')",0.00022935779816513763,0.0,0.08975995388479434,3.905945596521653e-09,0.09466851396552649
"('4062600000', 'NCAR/CGD')",0.00045871559633027525,0.0,0.12748538011695906,2.7034933806131967e-05,0.136153977584597
"('4062600000', 'Climate and Global Dynamics')",0.0006880733944954129,0.007314193348781705,0.12754505031593727,2.7245520028220278e-05,0.13676559837970398
"('0036582000', 'Psychology')",0.00022935779816513763,0.0,0.11747905046749117,1.9028580605973979e-06,0.124534894353263
"('0036327060', 'Materials Science and Engineering')",0.0009174311926605505,0.00045871559633027536,0.11702184765687906,5.521248395696071e-06,0.12443774093328847
"('0036327000', 'Electrical & Computer Engineering')",0.00022935779816513763,0.0,0.10476487973664608,4.72254355326178e-07,0.1097922424647648
"('4003554000', 'Unknown Dept')",0.0020642201834862386,0.010306445092690256,0.14171027399486463,5.301921648324914e-05,0.1547857583293352
"('0036756000', 'MingLee Tang')",0.00022935779816513763,0.0,0.12412458008312931,4.64585892432726e-06,0.13206418676888826
"('0019893001', 'Chemical & Materials Engineering')",0.0006880733944954129,0.0,0.09353011841427836,6.68888946659316e-08,0.09811564789502185
"('0019893000', 'Department of Chemistry')",0.0006880733944954129,0.0,0.09353011841427836,6.68888946659316e-08,0.09811564789502185
"('0038000000', 'Institute of Biological Chemistry')",0.0006880733944954129,0.0,0.09353011841427836,6.68888946659316e-08,0.09811564789502186
"('4062600000', 'RAL')",0.00022935779816513763,0.0,0.1016980779996268,2.2821691413744628e-07,0.10662925502796504
"('0035352000', 'Unknown Dept')",0.004128440366972477,0.0165539136248753,0.15252754941402832,0.0006646584770075586,0.17036855728369366
"('0035352000', 'Computer Science')",0.0011467889908256881,0.003330973187801473,0.14239059438275636,0.00040340529388953344,0.1558136690017418
"('7203593845', 'Unknown Dept')",0.0006880733944954129,0.0,0.13986462643954706,0.00039655077279537263,0.1522526396895658
"('0028068000', 'Department of Software Engineering')",0.0006880733944954129,0.0011454735641328391,0.1059744300228477,1.2023553927767043e-06,0.11170862405717875
"('0026997000', 'Electrical and Computer Engineering')",0.0013761467889908258,0.0018339152781022498,0.09584102699375714,2.1845960692711423e-07,0.10051032613157852
"('0026997000', 'Electrical & Computer Engineering')",0.0011467889908256881,0.0011454735641328391,0.1059744300228477,1.3037120625999988e-06,0.11170862405717875
"('0028381000', 'Mechanical Engineering')",0.0020642201834862386,0.0020630976860416743,0.1140943109855027,1.8071432329490957e-06,0.1226974712304241
"('0028340001', 'Electrical and Computer Engineering')",0.0009174311926605505,0.00022904209575885388,0.11407938459928307,1.6277640005414925e-06,0.12212407673501126
"('0028381000', 'School of Health Technology & Management')",0.00045871559633027525,0.0,0.10241473268815184,2.883148445365693e-07,0.1080367493145741
"('0029066000', 'Biology')",0.0006880733944954129,0.0,0.09351005876549565,4.105491313830947e-08,0.09763781914884452
"('0029066000', 'Chemistry and Fermentation Sciences')",0.00045871559633027525,0.00045871559633027525,0.10315376061702984,4.4555972404103777e-07,0.10910091289728836
"('0022921000', 'Greater Lakes Research Center')",0.0006880733944954129,0.0,0.13922150908452277,0.00045961132626750137,0.1491581269438118
"('0022921000', 'Social Sciences')",0.0006880733944954129,0.0,0.13922150908452277,0.00045961132626750137,0.1491581269438118
"('P270061877', 'Unknown Dept')",0.0006880733944954129,0.0,0.13922150908452277,0.00045961132626750137,0.1491581269438118
"('0015644000', 'Biomedical Informatics')",0.00045871559633027525,0.0,0.14127405871298038,0.00013357343807486485,0.15310089630043675
"('0015644000', 'Unknown Dept')",0.001834862385321101,0.0029232927153739034,0.14614688432272988,0.00018857698931295646,0.159756263104886
"('0013482000', 'Metallurgical & Materials Engineering')",0.0011467889908256881,0.0013755153841782583,0.10754810064134189,3.009407575400774e-06,0.11399060922768792
"('0013482000', 'Dept. of Metallurgical & Materials Eng.')",0.0006880733944954129,0.0,0.09711116555671871,3.023560969271433e-07,0.10171215971275079
"('0022210000', 'Manning College of Information and Compu')",0.0006880733944954129,0.0,0.09711116555671871,3.023560969271433e-07,0.10171215971275079
"('0013482000', 'Metallurgical and Materials Engineering')",0.0006880733944954129,0.0,0.09711116555671871,3.023560969271433e-07,0.10171215971275079
"('0017863000', 'Psychological Science')",0.0009174311926605505,0.0,0.131052932159067,2.548654358980211e-05,0.14107038221717078
"('0037986000', 'Department of Psychology')",0.001834862385321101,0.00233172508457255,0.1327972709551657,2.901357268180475e-05,0.14362812773363187
"('0036756000', 'Unknown Dept')",0.003669724770642202,0.017083813398606453,0.15025156799228065,0.00022412626610989982,0.166216931641243
"('0013128000', 'Psychology')",0.0011467889908256881,0.00045871559633027525,0.13105687146807743,2.5652737457784134e-05,0.14118506111625334
"('6250003227', 'Psychology')",0.0009174311926605505,0.0,0.131052932159067,2.548654358980211e-05,0.1410703822171708
"('0011510001', 'Electrical and Computer Engineering')",0.0006880733944954129,0.0,0.12592785142824134,0.011778255015956834,0.1370367591124466
"('0022210000', 'Polymer Science and Engineering')",0.0020642201834862386,0.0007676754158794164,0.14128779286431836,0.001801085325399443,0.15391845794368667
"('5300003492', 'MOXTEK Inc.')",0.0006880733944954129,0.0,0.12805075038914507,0.0010807460910076585,0.13777587314571194
"('6250005534', 'Unknown Dept')",0.0006880733944954129,0.0,0.12805075038914507,0.0010807460910076585,0.13777587314571194
"('0013284000', 'Biology Department')",0.00045871559633027525,0.0,0.10676069443424178,9.633168292472665e-08,0.11235800467178293
"('4003554000', 'Department of Biological Sciences')",0.00045871559633027525,0.0,0.10676069443424178,9.633168292472665e-08,0.11235800467178293
"('0029231000', 'Geological Sciences')",0.0027522935779816515,0.001833599575695966,0.12138084632516703,1.1832007289087333e-05,0.1315270020162418
"('0029231000', 'Coastal Studies')",0.0016055045871559634,0.00045871559633027525,0.12137070957325391,1.0573384973561498e-05,0.13118296531899404
"('0037549000', 'Biological Systems Engineering')",0.0022935779816513763,0.0060145435907804235,0.1361053880252232,7.006907544409364e-05,0.14980911195073945
"('7203581778', 'Unknown Dept')",0.0013761467889908258,0.0,0.12136733103217905,1.0504671848569155e-05,0.13106828641991147
"('6250007569', 'Biological Sciences')",0.0011467889908256881,0.0,0.06495247743050384,1.0140412853654636e-12,0.0676574998118221
"('6250007569', 'Dean of Science and Technology')",0.0011467889908256881,0.0,0.06495247743050384,1.0140412853654636e-12,0.06765749981182212
"('6250007569', 'Chemistry and Biochemistry')",0.0011467889908256881,0.0,0.06495247743050384,1.0140412853654636e-12,0.06765749981182212
"('6250007569', 'Unknown Dept')",0.0011467889908256881,0.0,0.06495247743050384,1.0140412853654636e-12,0.06765749981182212
"('6250007569', 'Physical Sciences')",0.0013761467889908258,0.002291473298942818,0.06945882652817384,8.051079646271765e-12,0.0728339656094431
"('6250007569', 'Department of Chemistry and Biochemistry')",0.0011467889908256881,0.0,0.06495247743050384,1.0140412853654636e-12,0.0676574998118221
"('0030908000', 'Computer and Information Science')",0.0013761467889908258,0.00018003318835233486,0.14012984508581347,0.00010115374959570415,0.15393337899358484
"('0030908000', 'Research and Development')",0.0009174311926605505,0.0,0.12843550240080126,3.7406429603394065e-05,0.13977538175831478
"('0030908000', 'Department of Computer Science')",0.0013761467889908258,0.00018003318835233486,0.14012984508581347,0.00010115374959570415,0.15393337899358484
"('0026211000', 'Information Services and Technology')",0.0009174311926605505,0.0,0.12843550240080126,3.7406429603394065e-05,0.13977538175831475
"('7203583753', 'Unknown Dept')",0.00045871559633027525,0.0,0.14487456388104336,0.000422572179856964,0.15767200561925263
"('0018697000', 'Electrical and Computer Engineering')",0.0013761467889908258,0.0009173259585251225,0.12930778812503707,6.145935210140306e-05,0.13991474376795432
"('0022905000', 'Electrical and Computer Engineering')",0.0011467889908256881,0.0028143479609327596,0.13558900360741385,8.249316291006139e-05,0.14827045151586368
"('0018697000', 'Unknown Dept')",0.0020642201834862386,0.0032714847555701974,0.13023089100630245,0.00011443349396905532,0.14211417086990416
"('7203586268', 'Unknown Dept')",0.0009174311926605505,0.0,0.12930011862396204,6.066208834995916e-05,0.1396853859697892
"('0013706000', 'Mechanical Engineering')",0.0016055045871559634,0.005659107734901952,0.13801399132664366,3.215951031333683e-05,0.1506022201549717
"('0010819000', 'Computer Science and Engineering')",0.0016055045871559634,0.0002828103062373502,0.15514357897733339,0.09377624443248919,0.1747021893753534
"('0010819000', 'Mary Lou Fulton Teachers College')",0.0038990825688073397,0.0018353359389305266,0.14316204235757676,0.14303706413122,0.16157617038924335
"('6250040672', 'Optimeos Life Sciences, Inc.')",0.00045871559633027525,0.0,0.11533476179139222,1.047666710762241e-05,0.12209867836486755
"('0026278000', 'Department of Chemical Engineering')",0.00045871559633027525,0.0,0.11533476179139222,1.047666710762241e-05,0.1220986783648676
"('0018259000', 'Department of Electrical Engineering')",0.0013761467889908258,8.37781887046432e-05,0.14336446139681705,0.0010961364717326015,0.1556207954889141
"('0021550000', 'Faculty of Arts and Sciences')",0.0013761467889908258,8.37781887046432e-05,0.14336446139681705,0.0010961364717326015,0.15562079548891417
"('0037549000', 'University Libraries')",0.0009174311926605505,0.0,0.1341497184702009,6.441332122040289e-05,0.14623832048430596
"('0037549000', 'Industrial and Systems Engiineering')",0.0009174311926605505,0.0,0.1341497184702009,6.441332122040289e-05,0.146238320484306
"('0037549000', 'Institute for Creativity, Arts, and Tech')",0.0009174311926605505,0.0,0.1341497184702009,6.441332122040289e-05,0.146238320484306
"('0037549000', 'Center for Educational Networks and Impa')",0.0009174311926605505,0.0,0.1341497184702009,6.441332122040289e-05,0.146238320484306
"('0020107000', 'Mechanical and Industrial Engineering')",0.0022935779816513763,0.019381102481506353,0.1495609220636663,0.0005291734586554996,0.16396218842319657
"('6250041300', 'Unknown Dept')",0.0006880733944954129,0.0,0.10241232706175275,1.6560236920482751e-07,0.10792207041549153
"('0022921000', 'Physics')",0.0016055045871559634,0.001833599575695966,0.10695711902659209,2.3553387289991801e-07,0.11437672181091303
"('0011312000', 'Div. of Chemistry & Chemical Eng.')",0.0009174311926605505,0.0,0.10694662480376767,2.1382685166357868e-07,0.11416647716259497
"('0036756000', 'Atmospheric Sciences')",0.0011467889908256881,0.003262307791736418,0.1143906598452053,1.4771456262174547e-06,0.12247777468260863
"('0023259000', 'Nuclear Engineering and Radiological Sci')",0.0009174311926605505,0.0,0.12535940195514664,7.438397720033838e-05,0.13476473682221082
"('0023259000', 'Nuclear Engineering & Radiological Sci.')",0.0009174311926605505,0.0,0.12535940195514664,7.438397720033838e-05,0.13476473682221082
"('0023259000', 'Nuclear Eng & Radiological Sci')",0.0009174311926605505,0.0,0.12535940195514664,7.438397720033838e-05,0.1347647368222108
"('0023259000', 'Electrical and Computer Engineering')",0.0011467889908256881,0.00045871559633027525,0.12536300641191522,7.496020016972632e-05,0.13487941572129336
"('0010819000', 'College of Global Futures')",0.00045871559633027525,0.00045871559633027525,0.14308686948245875,0.05239917517860632,0.15997066580208744
"('0022905000', 'Lyman Briggs College')",0.0006880733944954129,0.00045871559633027525,0.14241850133925654,0.00018698722465230387,0.15476578053699527
"('0022905000', 'Lyman Briggs')",0.00022935779816513763,0.0,0.12466760072055585,1.5688688549560348e-05,0.1323637694155096
"('0025205000', 'Department of Political Science')",0.00022935779816513763,0.0,0.11024856499860924,8.498115685651803e-07,0.11726216837219183
"('0037549000', 'Civil and Environmental Engineering')",0.003669724770642202,0.041070548770583706,0.17550215352413154,0.01693638283434673,0.1998228969043185
"('0019489001', 'Kansas Geological Survey')",0.0022935779816513763,0.002749136553918814,0.16470232698700513,0.013086481779818302,0.1844082739380897
"('0019281000', 'Sociology')",0.0009174311926605505,0.0,0.16466500490973637,0.011606487017143558,0.1838731057423711
"('0013482000', 'Economics and Business')",0.001834862385321101,0.03232907669566529,0.16857407980204145,0.07596500149645034,0.19257996463271618
"('0021030000', 'Geology')",0.0006880733944954129,0.00045871559633027525,0.1136808072380257,1.4254777896744864e-05,0.1205207386867189
"('0021030000', 'Department of Geology')",0.00022935779816513763,0.0,0.1020790410189174,1.192310501839425e-06,0.10681735963188219
"('0026880000', 'Chemical Engineering')",0.0009174311926605505,0.00045871559633027525,0.12951136194861132,0.007826663775543306,0.1416738708539161
"('0026880000', 'Chemistry & Biochemistry; Macromolecular')",0.00022935779816513763,0.0,0.11466442247001893,0.0006545628998366583,0.12240680986953831
"('0037549000', 'Department of Chemistry')",0.00045871559633027525,0.0,0.13574942399900367,0.0002087309517506388,0.14626437114109075
"('0025171000', 'Unknown Dept')",0.0009174311926605505,0.0013755153841782583,0.13576210493538846,0.00021173773382296022,0.14653195523895007
"('0013136000', 'Electrical and Computer Engineering')",0.0009174311926605505,0.0,0.147646461225872,0.00018976911735718734,0.1642243160763793
"('0013136000', 'Electrical Engineering')",0.0009174311926605505,0.0,0.147646461225872,0.00018976911735718734,0.1642243160763793
"('0026278000', 'Electrical Engineering')",0.0009174311926605505,0.0,0.14303054161335826,0.0002078721446348251,0.15666387829805217
"('0021030000', 'Physics')",0.002981651376146789,0.021241676331675768,0.16070770364909695,0.0017743529756893202,0.1808841865321214
"('0035949000', 'Physics')",0.0009174311926605505,0.00045871559633027525,0.10105224122746025,3.1413885779554056e-07,0.1068617734864665
"('0035949000', 'Physics, Electrical Engineering')",0.00022935779816513763,0.0,0.09177981265129986,2.63757442335218e-08,0.09574880278575353
"('0015354000', 'Agricultural and Biological Engineering')",0.0006880733944954129,0.0012667736742057857,0.1355510648220115,5.644336400610646e-06,0.14790202629938853
"('0017756000', 'Materials Science and Engineering')",0.0020642201834862386,0.006031369398725732,0.1567443198159333,0.00035491835719060253,0.17341314680477385
"('0017756000', 'Materials Science & Engineering')",0.0009174311926605505,0.0,0.14969443109249467,0.0002048435573939651,0.16312257091786794
"('0017756000', 'Chemical & Biomolecular Engineering')",0.0009174311926605505,0.0,0.14969443109249467,0.0002048435573939651,0.16312257091786794
"('0017756000', 'Biochemistry')",0.0009174311926605505,0.0,0.14969443109249467,0.0002048435573939651,0.16312257091786794
"('0013219000', 'Department of Ocean Sciences')",0.00022935779816513763,0.0,0.11369266473702053,1.0133987410257133e-06,0.12042287773837883
"('0023259000', 'Mechanical Engineering & Applied Mech')",0.0016055045871559634,0.0,0.16400225691179238,0.006657352499409506,0.1823085579048875
"('0023259000', 'Aerospace Engineering')",0.0016055045871559634,0.0,0.16400225691179238,0.006657352499409506,0.18230855790488748
"('0023879000', 'College of Science and Engineering')",0.0020642201834862386,0.0,0.16400225691179238,0.0072166228426744005,0.1823085579048875
"('0017756000', 'Bioengineering and College of Medicine')",0.0016055045871559634,0.0,0.16400225691179238,0.006657352499409506,0.18230855790488748
"('0023457000', 'Teacher Education')",0.0011467889908256881,0.0,0.10219388711794487,3.601765176442061e-08,0.10745073786020735
"('0023457000', 'Biology')",0.0006880733944954129,0.0,0.10219388711794487,3.314300475457403e-08,0.10745073786020735
"('0023457000', 'Unknown Dept')",0.0013761467889908258,0.0013755153841782583,0.10220107358008486,3.400271360948218e-08,0.10779477455745504
"('0023457000', 'Mathematics')",0.0009174311926605505,0.002749136553918814,0.11380840511615765,3.135696574426223e-07,0.12110075267944191
"('0018093000', 'Instructional Systems Technology')",0.0011467889908256881,0.003449795941444086,0.13532387721530773,5.850314806905408e-05,0.14574260569960074
"('0001057000', 'Language Technologies Institute')",0.00022935779816513763,0.0,0.1468557378153525,0.0010516804208070675,0.15987656265752492
"('0034017000', 'School of Engineering')",0.0011467889908256881,0.008826550717504251,0.12022611333241418,2.982491268620173e-06,0.13044805538498172
"('6250004721', 'Chemistry and Chemical Biology')",0.00022935779816513763,0.0,0.14097258147956543,5.528737876324712e-05,0.15249667731605743
"('0031849000', 'Microbiology and Plant Biology')",0.0011467889908256881,0.0,0.10815906328297487,3.9463854717719597e-07,0.1146319803262923
"('0036327040', 'Plant Pathology and Microbiology')",0.0011467889908256881,0.0,0.10815906328297487,3.9463854717719597e-07,0.1146319803262923
"('0036327060', 'Unknown Dept')",0.0016055045871559634,0.0008885984896464808,0.11308520295681494,8.869823228978239e-07,0.12043240441800138
"('0036327060', 'Chemical Engineering')",0.0016055045871559634,0.003083414881158086,0.11322028616687008,8.240541323613751e-07,0.12101526447333852
"('0031849000', 'Microbiology & Plant Biology')",0.0011467889908256881,0.0,0.10815906328297487,3.9463854717719597e-07,0.1146319803262923
"('0025205000', 'Energy Environmental and Chemical Engine')",0.00045871559633027525,0.0,0.09148324555697769,2.8680169413002715e-09,0.09594684736200222
"('0013169000', 'Computer Science')",0.00022935779816513763,0.0,0.09315642159690618,2.3462942150891364e-08,0.09680463736989911
"('0017749000', 'Department of Chemistry')",0.00022935779816513763,0.0,0.10120705663881151,2.397130413270261e-07,0.10659963333347476
"('0023879000', 'Department of Chemistry')",0.0013761467889908258,0.00045871559633027525,0.11260039771700112,2.85177782091575e-06,0.12083560339193006
"('0022921000', 'Chemistry')",0.0011467889908256881,0.0013755153841782583,0.09663763104816367,2.4139329798955388e-08,0.1019467063954555
"('0038950000', 'Wisconsin IceCube Particle Astrophysics')",0.00045871559633027525,0.0,0.11616444195774385,4.406661039918336e-07,0.12350968867209368
"('6250019332', 'Unknown Dept')",0.0011467889908256881,0.0007678084676983553,0.1239199636198272,3.183539287365098e-06,0.13311761791979673
"('0013128000', 'EECS/Computer Science')",0.0011467889908256881,0.0,0.1513415946405637,0.0033303353251103542,0.16591668397860956
"('0013128000', 'Civil Engineering')",0.0011467889908256881,0.0,0.1513415946405637,0.0033303353251103542,0.1659166839786096
"('0018408000', 'Civil Engineering/GEOS')",0.0011467889908256881,0.0,0.1513415946405637,0.0033303353251103542,0.16591668397860956
"('0013052000', 'Civil & Environmental Engineering')",0.0022935779816513763,0.0035754613729524023,0.152372964283218,0.003919739507732965,0.16822091071517553
"('0023259000', 'Health Management and Policy')",0.00045871559633027525,0.0,0.10124230813885986,6.536760657200386e-08,0.10645348611514592
"('0023259000', 'Health Management & Policy')",0.00045871559633027525,0.0,0.10124230813885986,6.536760657200386e-08,0.10645348611514588
"('0033787000', 'Biology')",0.00022935779816513763,0.0,0.13918151056630276,0.00035117748859507525,0.14883702602638055
"('0021030000', 'Unknown Dept')",0.002522935779816514,0.004573603463859999,0.14707866684657941,0.00182563224589975,0.1632464782923488
"('0021030000', 'Physics, Geology, IREAP')",0.0006880733944954129,0.0013755153841782583,0.12824660999499957,0.00015507246843735458,0.13826503071342575
"('0020628000', 'Department of Computer Science')",0.00045871559633027525,0.0,0.09475788924628357,6.693357550435672e-08,0.09916960478765281
"('0020628000', 'Computer Science')",0.0016055045871559634,0.0013755153841782583,0.1046693074060737,7.267097519886088e-07,0.11098091585813996
"('0021022000', 'Forensic Sciences: High Tech Crime')",0.0006880733944954129,0.00045871559633027525,0.09475994870791767,6.737667380761451e-08,0.09928428368673538
"('0010819000', 'Electrical, Computer, Energy Engineering')",0.0006880733944954129,0.0,0.14308686948245875,0.062484083355363734,0.16004711840147584
"('0010819000', 'Electrical, Computer and Energy Eng.')",0.0006880733944954129,0.0,0.14308686948245875,0.062484083355363734,0.1600471184014758
"('0010819000', 'School of Mathematical and Statistical S')",0.0006880733944954129,0.0,0.14308686948245875,0.062484083355363734,0.1600471184014758
"('0029728000', 'Civil, Construction and Environ. Eng.')",0.0009174311926605505,0.0,0.1190638739452197,1.83444977074316e-05,0.12809589406965188
"('0029728000', 'Psychology')",0.0009174311926605505,0.0,0.1190638739452197,1.83444977074316e-05,0.12809589406965188
"('0029728000', 'Teacher Education and Learning Sciences')",0.0020642201834862386,0.010372872016942194,0.12332060528920945,2.0014293056771262e-05,0.1349210305794217
"('0022301000', 'Marine Chemistry and Geochemistry')",0.003669724770642202,0.01613094286745492,0.14701419563678053,0.00010529549497137201,0.16179603016758867
"('0036756000', 'Geology and Geophysics')",0.0016055045871559634,0.005866686110127863,0.14314794142753956,0.00014262276011875992,0.1567667627988716
"('0015693000', 'Mathematics')",0.00022935779816513763,0.0,0.09444998050344439,6.272176087297125e-09,0.09846589609749098
"('0001057000', 'Mathematical Sciences')",0.0009174311926605505,0.00045871559633027525,0.10429873454058321,7.426553628972265e-08,0.10993325412102034
"('0026294000', 'Economics')",0.00022935779816513763,0.0,0.09178560902698833,6.940595427494628e-08,0.09645369474578436
"('0020107000', 'Department of Geology and Geophysics')",0.00045871559633027525,0.0,0.12392700812915695,0.00013725791489876144,0.1315609139204318
"('0019489001', 'Department of Geology')",0.0013761467889908258,0.0009172207243896947,0.1414482221645471,0.0015012187371254183,0.15341646566990552
"('4003455000', 'Unknown Dept')",0.00045871559633027525,0.0,0.12392700812915695,0.00013725791489876144,0.1315609139204318
"('0037549000', 'Chemistry')",0.0020642201834862386,0.009010216062466563,0.16476456805985942,0.002243619020209498,0.18369372154349137
"('0018697000', 'Department of Chemistry')",0.0009174311926605505,0.0,0.1447831573354586,0.00025679165068601595,0.15697687919878234
"('0013128000', 'Chemistry')",0.0011467889908256881,0.0054534449607278445,0.15290734376095952,0.00030778571699265474,0.16770996428393115
"('0026294000', 'Computer Engineering')",0.0009174311926605505,0.0,0.1447831573354586,0.00025679165068601595,0.1569768791987823
"('0023259000', 'Chemistry')",0.0009174311926605505,0.0,0.1447831573354586,0.00025679165068601595,0.1569768791987823
"('0096354000', 'College of Arts & Sciences')",0.0006880733944954129,0.0,0.08150446779078027,2.375075986663601e-10,0.08595709522155134
"('0096354000', 'Chemistry and Biochemistry')",0.0006880733944954129,0.0,0.08150446779078027,2.375075986663601e-10,0.08595709522155136
"('P270000579', 'Unknown Dept')",0.00022935779816513763,0.0,0.11499709869705121,1.2679084889456763e-06,0.12144836623620944
"('0037986000', 'School of Aquatic & Fishery Sciences')",0.0006880733944954129,0.002291473298942818,0.14528490503165611,0.0003808019991025748,0.15751536339552294
"('0014340000', 'Computer Science')",0.0011467889908256881,0.001833599575695966,0.12688804167515497,3.310968112759824e-05,0.13515377725425645
"('0028357000', 'Mathematics and Statistics')",0.0006880733944954129,0.0022918942354845295,0.10810006694270201,1.3218123360785448e-06,0.11429082862855701
"('0028357000', 'Department of Mathematics and Statistics')",0.00022935779816513763,0.0,0.09755660968405978,1.1084040918728017e-07,0.10179024240360347
"('0018093000', 'School of Informatics and Computing')",0.0020642201834862386,0.013293264209673559,0.14858739733496915,0.00010785005275167749,0.16469120615622848
"('0013144000', 'Department of Earth System Science')",0.00022935779816513763,0.0,0.1222178617480518,2.5479236850119042e-06,0.13004456552621682
"('0025650000', 'Earth & Atmospheric Sciences')",0.0009174311926605505,0.00045871559633027525,0.12622314863065254,1.5181956195475066e-05,0.13612665780957053
"('0025650000', 'University of Nebraska State Museum')",0.00022935779816513763,0.0,0.11207938099277653,1.273277436401881e-06,0.118496433578563
"('0037457000', 'Shangtong Zhang')",0.00022935779816513763,0.0,0.09986714920518576,3.247679707430741e-08,0.10468565843447555
"('0035303000', 'EECS')",0.0011467889908256881,0.00045871559633027515,0.15940333430827727,0.003721594963568236,0.1756440011313857
"('0035303000', 'Electrical Engr and Computer Science')",0.00022935779816513763,0.0,0.1374917221153543,0.0003124092847095706,0.14707632772426282
"('0018408000', 'Unknown Dept')",0.0038990825688073397,0.01407425707879882,0.14201029248908867,2.253664273650607e-05,0.15738007500908746
"('0018408000', 'Department of Anthropology')",0.00022935779816513763,0.0,0.12435469610108098,1.9069376503670502e-06,0.13337435286875418
"('P270038608', 'Unknown Dept')",0.00022935779816513763,0.0,0.09585788409110896,1.810345270695471e-08,0.09982714143804035
"('0029504000', 'Chemistry and Biochemistry')",0.00045871559633027525,0.0,0.08861428397219626,2.130842850261341e-09,0.09302348684943704
"('0022210000', 'School of Earth and Sustainability')",0.00022935779816513763,0.0,0.09730405284770577,7.778018602038411e-08,0.10158606484914803
"('0022210000', 'Stockbridge School of Agriculture')",0.0006880733944954129,0.00045871559633027525,0.10779005661450221,9.293652195053383e-07,0.11396203046668368
"('0036327000', 'Oceanography')",0.0006880733944954129,0.0021810833975704396,0.13190935769824222,1.4891176328368085e-05,0.14166419248886855
"('0019893000', 'Electrical and Computer Engineering')",0.00022935779816513763,0.0,0.13784381915902624,4.988454211309029e-05,0.14809227215190485
"('0032102000', 'College of Earth, Ocean, Atmospheric Sci')",0.0009174311926605505,0.0,0.13948429202124257,0.00010921550871546933,0.15152036323767917
"('0026278000', 'Geosciences')",0.0011467889908256881,0.0022298510540956764,0.14117342313171868,0.00011037466726797088,0.1536511707583948
"('0038950000', 'Space Science and Engineering Center')",0.0006880733944954129,0.0,0.1388623479202497,1.2341226887185986e-05,0.15199677297727698
"('0038950000', 'Meteorology')",0.0006880733944954129,0.0,0.1388623479202497,1.2341226887185986e-05,0.15199677297727698
"('0038950000', 'SSEC')",0.0006880733944954129,0.0,0.1388623479202497,1.2341226887185986e-05,0.15199677297727696
"('0014316000', 'Applied Economics and Statistics')",0.0013761467889908258,0.0012134327104935173,0.13293493505701567,7.014852874072582e-05,0.14428742606781514
"('0017756000', 'Mechanical Science and Engineering')",0.0020642201834862386,0.016866517437089744,0.1572361066031952,0.00047761424025177915,0.1734683973646116
"('0033787000', 'Dept. of Materials Science & Engineering')",0.00022935779816513763,0.0,0.11448076670605226,2.2029286303355644e-06,0.12180810345138379
"('0027078000', 'Biomedical Engineering')",0.0009174311926605505,0.0,0.11703441241208998,1.3192523299834944e-05,0.1247968173818139
"('7203586020', 'Unknown Dept')",0.0009174311926605505,0.0,0.11703441241208998,1.3192523299834944e-05,0.1247968173818139
"('0026211000', 'Humanities')",0.0009174311926605505,0.0,0.11703441241208998,1.3192523299834944e-05,0.1247968173818139
"('6250019409', 'Unknown Dept')",0.001834862385321101,0.006262086725543157,0.11874608491979192,1.3709486497313548e-05,0.12784075229501485
"('0001479000', 'Information Systems and Cyber Security')",0.00022935779816513763,0.0,0.10020915212944448,5.379722503404229e-07,0.10502333750377266
"('0001479000', 'Electrical and Computer Engineering')",0.0011467889908256881,0.001375725852449114,0.11136653895274586,6.353448227659716e-06,0.11871732730003018
"('0028829000', 'Electrical Engineering and Computer Scie')",0.0011467889908256881,0.007314193348781705,0.10756667406804332,7.880979463517575e-07,0.11425442376582065
"('0014936000', 'Dept. of Electronics Engineering Tech.')",0.001834862385321101,0.0032065893406239545,0.09716960106975707,8.428189303643487e-08,0.10288237753565822
"('0039545000', 'College of Optics and Photonics')",0.0009174311926605505,0.0009172207243896947,0.09715877437325905,8.066726440257351e-08,0.10238543563963373
"('0021055000', 'Information Systems')",0.001834862385321101,0.00045871559633027525,0.10055582462695173,9.201740630951939e-08,0.10632587168589197
"('0032896000', 'Unknown Dept')",0.001834862385321101,0.001375725852449114,0.10056046313167424,8.603776415294997e-08,0.10655522948405709
"('0013706000', 'Atmospheric and Oceanic Sciences (ATOC)')",0.0011467889908256881,0.0,0.10055350553505535,8.422079046840144e-08,0.10621119278680942
"('0028373000', 'Computer Science and Engineering')",0.0011467889908256881,0.00045871559633027525,0.1431338432750074,0.0703038174946695,0.1605440602975002
"('0018259000', 'School of Electrical and Computer Engine')",0.00022935779816513763,0.0,0.12521539345203905,0.005879686258162079,0.1355860697661152
"('0001479000', 'ISCS')",0.0011467889908256881,0.016213637950079535,0.12508606839568512,6.59754203521662e-05,0.13466821500365042
"('0001479000', 'Institute for Economic Development')",0.0006880733944954129,0.0,0.12488900346595629,6.489734215804708e-05,0.13347566201637268
"('0001479000', 'Unknown Dept')",0.003669724770642202,0.02072830513309509,0.14247434808182471,0.0006379339132579646,0.15580014977377288
"('0001479000', 'Management Science & Statistics')",0.0006880733944954129,0.0,0.12488900346595629,6.489734215804708e-05,0.13347566201637268
"('0018408000', 'Civil & Environmental Eng & Earth Sci')",0.0011467889908256881,0.00045871559633027525,0.13402188614287472,0.0004133256992424494,0.144471453304595
"('0018408000', 'Department of Political Science')",0.00022935779816513763,0.0,0.11818600742728579,3.459192015223827e-05,0.12486598018893603
"('0021782000', 'Materials Science & Engineering')",0.0009174311926605505,0.0,0.1319372995218786,8.725779154399293e-05,0.1415336768863145
"('0021782000', 'EECS')",0.002522935779816514,0.005493748040014228,0.15194284718592088,0.0007770568500185308,0.16723407644852534
"('0021782000', 'Material Science and Engineering')",0.0020642201834862386,0.0022918942354845295,0.13195726521594384,9.098972239820494e-05,0.14210707138172726
"('0021782000', 'Dept. of Mechanical Engineering')",0.0009174311926605505,0.0,0.1319372995218786,8.725779154399293e-05,0.1415336768863145
"('0021782000', 'MIT.nano')",0.0009174311926605505,0.0,0.1319372995218786,8.725779154399293e-05,0.14153367688631446
"('0010819000', 'Sch. Eng. of Matter, Transport & Energy')",0.0011467889908256881,0.001375725852449114,0.14311505005744296,0.05811801638622252,0.16042938139841767
"('0010819000', 'School of Electrical, Computer, and Ener')",0.00022935779816513763,0.0,0.1252010107971514,0.004860559668190162,0.1355249076866045
"('0037143000', 'Department of Engineering')",0.0006880733944954129,0.0,0.12206047032474804,6.654163682909327e-06,0.12996433335208255
"('0037143000', 'Atmospheric and Planetary Sciences')",0.0006880733944954129,0.0,0.12206047032474804,6.654163682909327e-06,0.12996433335208255
"('0037143000', 'Atmospheric and Planetary Science')",0.0006880733944954129,0.0,0.12206047032474804,6.654163682909327e-06,0.12996433335208257
"('0037143000', 'Marine and Environmental Science')",0.0020642201834862386,0.005552832303791534,0.13901731339476453,6.614636203002675e-05,0.1515969666801083
"('0032896000', 'Dept. of Materials Science & Engineering')",0.00022935779816513763,0.0,0.13010653218346216,4.440182009159201e-05,0.13869701781398966
"('0027078000', 'Economics/SIPA')",0.00022935779816513763,0.0,0.11058972733037413,6.59465232988156e-06,0.11757040880657867
"('0021998000', 'ELECTRICAL AND COMPUTER ENGINEERING')",0.00022935779816513763,0.0,0.12373357550302239,2.336699919985455e-06,0.1323628408079299
"('0023879000', 'Ecology, Evolution & Behavior')",0.0013761467889908258,0.001833599575695966,0.11767563628512051,5.051821542743637e-06,0.12574358979226055
"('4202602000', 'Anthropology and Archaeology')",0.0006880733944954129,0.0013755153841782583,0.10530383537822433,4.439964660877901e-07,0.11091319884050908
"('0037457000', 'Physics')",0.00022935779816513763,0.0,0.1271359421473144,1.0306711246802842e-05,0.13554153074694095
"('6250018197', 'Unknown Dept')",0.0011467889908256881,0.0,0.0932201577900836,9.32254475619316e-06,0.09794749031324615
"('0032995000', 'Biotechnology')",0.0016055045871559634,0.0018339152781022498,0.0932281309470353,8.866451282699026e-06,0.09840620590957642
"('5300004873', 'Science and Math')",0.0006880733944954129,0.0,0.0932201577900836,8.603044785719543e-06,0.09794749031324616
"('0018259000', 'Mechanical Engineering')",0.0022935779816513763,0.022836431092229544,0.16354088522130533,0.004299136567141464,0.1824752973835536
"('4002773000', 'International Technological Engineering')",0.0013761467889908258,0.0006633480079829612,0.1608203312308657,0.0037334461720595325,0.17757769753182526
"('0022301000', 'Marine Chemistry & Geochemistry')",0.00022935779816513763,0.0,0.12817497648165568,8.8244194982431e-06,0.13681124526594637
"('0033290000', 'Mathematics')",0.0016055045871559634,0.00045871559633027525,0.11899563318777293,1.1946029481789868e-06,0.12890816445052747
"('0033290000', 'Science & Engineering Division')",0.0009174311926605505,0.0,0.1189923855789962,1.093977213654152e-06,0.1287934855514449
"('0033290000', 'Division of Science and Engineering')",0.0013761467889908258,0.0,0.1189923855789962,1.1861158116120226e-06,0.12879348555144493
"('0033290000', 'Engineering')",0.0009174311926605505,0.0,0.1189923855789962,1.093977213654152e-06,0.1287934855514449
"('0036582000', 'Mathematics')",0.0013761467889908258,0.0009173259585251225,0.1356522821318565,2.1779955079458245e-05,0.1476390280508601
"('0033712000', 'CST Office of the Dean')",0.0006880733944954129,0.0,0.13191733986868778,1.7933155454450486e-05,0.14098990236318187
"('7203582407', 'Unknown Dept')",0.0006880733944954129,0.0,0.13191733986868778,1.7933155454450486e-05,0.14098990236318185
"('7203582407', 'Professional Learning')",0.0006880733944954129,0.0,0.13191733986868778,1.7933155454450486e-05,0.14098990236318185
"('0015693000', 'Materials Science & Engr')",0.00045871559633027525,0.0,0.08598079236427458,6.3890556400848066e-09,0.09073466749270602
"('6250037524', 'Unknown Dept')",0.00045871559633027525,0.0,0.08598079236427458,6.3890556400848066e-09,0.09073466749270602
"('0038950000', 'Division of Extension')",0.0006880733944954129,0.0,0.13890658850516122,1.238110222079191e-05,0.15226435707513628
"('0038950000', 'Forest & Wildlife Ecology')",0.0006880733944954129,0.0,0.13890658850516122,1.238110222079191e-05,0.15226435707513628
"('4000157000', 'CBPL-J')",0.0006880733944954129,0.0,0.10617831137520395,5.033844250430495e-07,0.11216831949680546
"('0033290000', 'John and Willie Leone Family Department')",0.00022935779816513763,0.0,0.10078827527219769,2.3465720065078104e-08,0.10696646642196157
"('0028068000', 'Networking, Security, and Systems Admin')",0.00045871559633027525,0.0,0.12192734696160407,1.0431918368769006e-05,0.13038158122683202
"('0013706000', 'Environmental Studies Program')",0.00045871559633027525,0.0,0.118375325803649,1.1450416210642281e-05,0.1265743765027018
"('0025320000', 'Land Resources and Environmental Science')",0.0006880733944954129,0.010497210243069807,0.11844929229264582,1.1526094491950032e-05,0.12690193948508136
"('0036772000', 'Biology')",0.0013761467889908258,0.0013755153841782583,0.0747650730502778,1.1434041971785424e-10,0.078458843814392
"('6250041059', 'Unknown Dept')",0.0016055045871559634,0.002291473298942818,0.07476763727406797,1.0933399067672203e-10,0.07876465421194549
"('4007712000', 'SRI Education')",0.00022935779816513763,0.0,0.07960417009001114,6.139631243343196e-10,0.08205406230344335
"('4007712000', 'Unknown Dept')",0.0006880733944954129,0.0009173259585251225,0.0864873442831072,7.204176589513685e-09,0.08984642049828656
"('0032235000', 'School of Music and Dance')",0.00045871559633027525,0.0,0.142913334207421,6.559028157376727e-05,0.15539454556656357
"('0027078000', 'L-DEO')",0.00022935779816513763,0.0,0.12431569343065693,7.049468854056513e-05,0.1347572589534946
"('0015693000', 'School of History and Sociology')",0.0009174311926605505,0.0,0.1345222301070624,4.3640486958884825e-05,0.1474500053972527
"('0015909000', 'Political Science and Public Affairs')",0.0009174311926605505,0.0,0.1345222301070624,4.3640486958884825e-05,0.1474500053972527
"('7203580669', 'Unknown Dept')",0.0009174311926605505,0.0,0.1345222301070624,4.3640486958884825e-05,0.1474500053972527
"('4000093000', 'Unknown Dept')",0.0006880733944954129,0.0,0.13679289680921156,0.0002948628607570318,0.14877883943723125
"('0015354000', 'Department of Geology')",0.00022935779816513763,0.0,0.11743475098984567,6.211046823674579e-07,0.12430963086352935
"('0036566000', 'Computer Science and Engineering')",0.0011467889908256881,0.00045871559633027525,0.11878490668846206,1.176978765553772e-05,0.12620901502107626
"('0036566000', 'Computer Science and Engineerinf Departm')",0.00022935779816513763,0.0,0.1061757256964738,9.862654180788246e-07,0.11111065264785411
"('0033787000', 'Chemistry')",0.0016055045871559634,0.0015432438391193783,0.119050869672064,2.2495516451577195e-06,0.12730044525241438
"('0033787000', 'Department of Chemistry')",0.0011467889908256881,0.0015432438391193783,0.119050869672064,2.0719094088653545e-06,0.12730044525241438
"('0033787000', 'Materials Science & Engineering')",0.0011467889908256881,0.0029767208103758792,0.11324381184904288,6.800921460196971e-07,0.1216111565212676
"('0038000000', 'School of Biological Sciences')",0.0011467889908256881,0.0002547156243151633,0.12104050415035673,4.378468144145603e-06,0.12923794646170478
"('0038000000', 'School of the Environment')",0.0020642201834862386,0.0011145817934480604,0.12311862875215317,5.7025964595469675e-06,0.13256975927172826
"('0038000000', 'College of Education')",0.0009174311926605505,0.0,0.115812680957314,2.366998212903999e-06,0.12269098488607344
"('0038000000', 'Sociology')",0.0009174311926605505,0.0,0.115812680957314,2.366998212903999e-06,0.12269098488607341
"('0018093000', 'Mechanical and Energy Engineering')",0.001834862385321101,0.0028592260328572485,0.12623411216306205,1.1306785549783093e-05,0.13566259533474892
"('0018093000', 'Chemistry')",0.0009174311926605505,0.0,0.12250632200056195,1.0165922129483339e-05,0.1306611470693368
"('0018093000', 'Orthopaedic Surgery')",0.0009174311926605505,0.0,0.12250632200056195,1.0165922129483339e-05,0.13066114706933682
"('0018093000', 'Surgery')",0.0009174311926605505,0.0,0.12250632200056195,1.0165922129483339e-05,0.13066114706933682
"('0013128000', 'Lawrence Hall of Science')",0.0009174311926605505,0.0,0.1349343897004209,9.49024080823933e-06,0.14543176665781868
"('0013128000', 'The Lawrence Hall of Science')",0.00045871559633027525,0.0,0.1349343897004209,8.756276794368471e-06,0.14543176665781865
"('0013144000', 'Public Heath')",0.00022935779816513763,0.0,0.11060375443937087,1.3462563504877478e-07,0.11705865347506919
"('0037986000', 'School of Oceanography')",0.003669724770642202,0.03968797479704232,0.16990102096485074,0.004139184405768438,0.19091560325505286
"('0037986000', 'Atmospheric Sciences/JISAO')",0.00045871559633027525,0.0,0.14530427247883757,0.0003792674803696391,0.15743126553619574
"('0037986000', 'Cooperative Institute for Climate, Ocean')",0.0013761467889908258,0.0064028657359759735,0.14537209922646038,0.00039301819237475656,0.15815756523038527
"('0018697000', 'Department of Materials Science & Engr.')",0.0006880733944954129,0.0,0.10335917312661498,1.0871479465120094e-06,0.10893806963558525
"('0018697000', 'Agricultural & Biosystems Engineering')",0.0006880733944954129,0.0,0.10335917312661498,1.0871479465120094e-06,0.10893806963558525
"('0018697000', 'Materials Science and Engineering')",0.0013761467889908258,0.002291473298942818,0.11525853864862007,1.0771208205216052e-05,0.12317709558535246
"('0018697000', 'Chemistry')",0.0011467889908256881,0.0009172207243896947,0.10336407387212251,1.1028009194166948e-06,0.1091674274337504
"('4000949000', 'Institutional Research & Analytics')",0.0006880733944954129,0.0,0.11862008923713135,1.5020255050601388e-06,0.12788664135753283
"('0029728000', 'Computer Science Department')",0.00022935779816513763,0.0,0.11667424870882281,7.683664644254255e-06,0.12427481071875232
"('0023259000', 'School of Information')",0.001834862385321101,0.0022923151720262414,0.10316352364952795,7.432371669363224e-07,0.10871298246635343
"('0023259000', 'EECS/CSE')",0.00045871559633027525,0.0,0.09352008751421033,6.860658099561572e-08,0.09736110309416714
"('0023259000', 'Penny W. Stamps School of Art & Design')",0.00045871559633027525,0.0,0.09352008751421033,6.860658099561572e-08,0.09736110309416714
"('0031252000', 'Chemical Engineering')",0.00022935779816513763,0.0,0.08850276063657031,1.923228657900189e-09,0.0927970278924967
"('0032102000', 'COAS')",0.00022935779816513763,0.0,0.13524831715109967,4.5919990715239554e-05,0.14541497334215195
"('0014316000', 'Department of Physics and Astronomy')",0.002981651376146789,0.017119129741813913,0.1494583847525024,0.00012067737573124288,0.165875022340044
"('0032904000', 'Dept. of Mathematics & Computer Science')",0.0006880733944954129,0.0,0.1369303727897993,7.111231025589069e-05,0.14854052516036387
"('0013128000', 'Material Sciences and Engineering')",0.0009174311926605505,0.0,0.11340286628345514,2.4938317827016144e-07,0.12141884407416575
"('0021782000', 'Materials Science and Engineering')",0.0009174311926605505,0.0,0.11340286628345514,2.4938317827016144e-07,0.12141884407416575
"('7203596902', 'Unknown Dept')",0.0009174311926605505,0.0,0.11340286628345514,2.4938317827016144e-07,0.12141884407416575
"('4011599000', 'L162 - Emerging Engineering and Physical')",0.0009174311926605505,0.0,0.11340286628345514,2.4938317827016144e-07,0.12141884407416573
"('0018697000', 'Plant Pathology and Microbiology')",0.00045871559633027525,0.0025406360108785934,0.12813730676541468,9.853452196867344e-06,0.13938700411464136
"('0010637000', 'IANRE')",0.0006880733944954129,0.0,0.11263530445116123,0.000719562781699071,0.12081553926450625
"('0010637000', 'Institute of Northern Engineering')",0.0016055045871559634,0.0034124606629523536,0.12611361795672799,0.006966764232369136,0.13794483549070663
"('0010637000', 'Water & Environmental Research Center')",0.0006880733944954129,0.0,0.11263530445116123,0.000719562781699071,0.12081553926450626
"('0001479000', 'Department of Chemistry')",0.0006880733944954129,0.0,0.1247175262450299,6.478715802685736e-05,0.13287205054120155
"('0001479000', 'Dept. of Chemistry & Biochemistry')",0.0006880733944954129,0.0,0.1247175262450299,6.478715802685736e-05,0.13287205054120155
"('0001479000', 'Chemistry')",0.0006880733944954129,0.0,0.1247175262450299,6.478715802685736e-05,0.13287205054120155
"('4076865000', 'Unknown Dept')",0.003211009174311927,0.008712625016086837,0.1280883692235377,5.8358286994040696e-06,0.1409476570829779
"('0030056000', 'Chemical Engineering')",0.0006880733944954129,0.0,0.11703441241208998,2.1515685920719888e-06,0.12579442155703593
"('4076865000', 'Programs')",0.0006880733944954129,0.0,0.11703441241208998,2.1515685920719888e-06,0.125794421557036
"('5300005447', 'Science')",0.0022935779816513763,0.004132406895118815,0.12381439200318055,1.7362756430674257e-05,0.1347057220939096
"('0015693000', 'School of Interactive Computing')",0.0020642201834862386,0.002061553170725905,0.13623722775989752,1.7680971745925626e-05,0.14840483420758624
"('5300008543', 'School of Aerospace Engineering')",0.00045871559633027525,0.0,0.1297812174430719,8.756745380409e-06,0.1402913243738931
"('0018259000', 'Statistics')",0.0013761467889908258,0.006508285830337785,0.1407814013561511,0.00043606904076199954,0.15244622732007995
"('0036046000', 'Department of Statistics')",0.0009174311926605505,0.0,0.12406100614614159,4.918613650559934e-05,0.13206253131425127
"('0014340000', 'Provost')",0.0009174311926605505,0.0,0.12406100614614159,4.918613650559934e-05,0.13206253131425127
"('0014480000', 'Mathematics')",0.001834862385321101,0.004875935400229459,0.12523697363129777,5.105934321867972e-05,0.1343774927289831
"('4001194000', 'Unknown Dept')",0.0009174311926605505,0.0,0.12406100614614159,4.918613650559934e-05,0.13206253131425127
"('0018259000', 'Computer Sciences')",0.0020642201834862386,0.0018969111714046772,0.1513048306496391,0.003956931627276607,0.16721941603248835
"('0018259000', 'Indiana Manufacturing Institute')",0.0009174311926605505,0.0,0.1433267587113741,0.00089982764392846,0.1551620798925839
"('0001479000', 'Computer Science')",0.00045871559633027525,0.0,0.10021145536453066,5.878375934604857e-07,0.10513801640285522
"('0001479000', 'Electrical and Computer Engineering/Math')",0.00045871559633027525,0.0,0.10021145536453066,5.878375934604857e-07,0.10513801640285521
"('4005518000', 'Policy and Global Affairs')",0.00022935779816513763,0.0,0.10883402810713662,9.820357304730972e-07,0.11422099262493096
"('0018697000', 'Civil, Construction, and Env Engineering')",0.0009174311926605505,0.0,0.1258587841348652,5.5891926056386655e-05,0.1354557420153743
"('0018697000', 'Civil, Construction and Env Engineering')",0.0009174311926605505,0.0,0.1258587841348652,5.5891926056386655e-05,0.1354557420153743
"('0018697000', 'Sociology')",0.0009174311926605505,0.0,0.1258587841348652,5.5891926056386655e-05,0.1354557420153743
"('0018697000', 'School of Education')",0.0009174311926605505,0.0,0.1258587841348652,5.5891926056386655e-05,0.1354557420153743
"('0036327000', 'Department of Architecture')",0.0011467889908256881,0.0,0.11682743837084673,1.5460066372508653e-05,0.1247288979159592
"('0036327000', 'Visualization')",0.0011467889908256881,0.0,0.11682743837084673,1.5460066372508653e-05,0.1247288979159592
"('0036327000', 'Mathematics')",0.0013761467889908258,0.0009172207243896947,0.11683369955517445,1.5566261731412767e-05,0.12488180311473596
"('0036327000', 'Educational Psychology')",0.0016055045871559634,0.0018040932907990627,0.13190536697525262,5.849129553946202e-05,0.14302973625507961
"('0036327000', 'Psychological & Brain Sciences')",0.0011467889908256881,0.0,0.11682743837084673,1.5460066372508653e-05,0.1247288979159592
"('0036327000', 'Anthropology')",0.00022935779816513763,0.0,0.1315630657815329,3.0291119895091595e-05,0.141072899225557
"('0036582000', 'Department of Geological Sciences')",0.0009174311926605505,0.00045871559633027525,0.1255001295299502,2.2615450161581676e-05,0.13346619963879142
"('0036582000', 'Dept of Geological Sciences/ Jackson Sch')",0.00022935779816513763,0.0,0.11150895140664961,1.8960824824919412e-06,0.11677250161093808
"('0018408000', 'Physics')",0.001834862385321101,0.004536473134193157,0.14010282776349614,3.9196980058854115e-05,0.15231265039751207
"('0011395000', 'Physics and Astronomy')",0.0009174311926605505,0.0,0.12815613885541283,1.629552329226408e-05,0.13713207036787073
"('0030908000', 'Physics')",0.0027522935779816515,0.007569715096740524,0.14697454913197372,0.00014546202453636552,0.16138125667655356
"('0011395000', 'Physics')",0.0009174311926605505,0.0,0.12815613885541283,1.629552329226408e-05,0.13713207036787073
"('0011395001', 'Mathematics and Statistics')",0.0009174311926605505,0.0,0.12815613885541283,1.629552329226408e-05,0.13713207036787073
"('0030908000', 'Chemistry')",0.0009174311926605505,0.0,0.12815613885541283,1.629552329226408e-05,0.13713207036787073
"('6250005028', 'Physical and Life Sciences')",0.0009174311926605505,0.0,0.10793682230034163,1.955881180198453e-07,0.11414654636153425
"('0025692000', 'Civil and Environmental Engineering')",0.0009174311926605505,0.0,0.10793682230034163,1.955881180198453e-07,0.11414654636153423
"('6250005028', 'Unknown Dept')",0.0009174311926605505,0.0,0.10793682230034163,1.955881180198453e-07,0.11414654636153425
"('7203585894', 'Curriculum and Instruction: K-12 Science')",0.0009174311926605505,0.0,0.10793682230034163,1.955881180198453e-07,0.11414654636153425
"('4005724000', 'Unknown Dept')",0.0027522935779816515,0.0029586484448853936,0.12098340640435096,1.742661057092879e-06,0.13038085067328103
"('0013706000', 'Chemical Engr')",0.0013761467889908258,0.0010611095293286855,0.11658377453339751,9.175386341151491e-07,0.12397832267570498
"('0034488000', 'Chemical Engineering')",0.00045871559633027525,0.0,0.11323792951198608,7.4637975419982e-07,0.11974527043233145
"('0036988000', 'Unknown Dept')",0.0016055045871559634,0.0,0.10124465911201933,7.311661765526183e-07,0.10763174342521793
"('0035998000', 'Office of the President')",0.0016055045871559634,0.0,0.10124465911201933,7.311661765526183e-07,0.10763174342521793
"('0035998000', 'UTRGV Research')",0.0016055045871559634,0.0,0.10124465911201933,7.311661765526183e-07,0.10763174342521792
"('0035998000', 'Chemistry')",0.0027522935779816515,0.002591074882505775,0.11261784837918119,3.307658936689742e-06,0.12152367678642548
"('0035998000', 'Physics & Astronomy')",0.0022935779816513763,2.2449948891288224e-06,0.10126817485018813,1.2190199084025377e-06,0.10816691162093658
"('0035998000', 'School of Mathematical and Statistical S')",0.0022935779816513763,2.2449948891288224e-06,0.10126817485018813,1.2190199084025377e-06,0.10816691162093658
"('0035998000', 'School of Interdisciplinary Studies & Co')",0.0016055045871559634,0.0,0.10124465911201933,7.311661765526183e-07,0.10763174342521792
"('0035998000', 'Mexican American Studies')",0.0016055045871559634,0.0,0.10124465911201933,7.311661765526183e-07,0.10763174342521792
"('0038000000', 'Communication')",0.0006880733944954129,0.0,0.11991199119911991,2.4885987527690004e-06,0.12768062340310007
"('0038950000', 'School of Journalism and Mass Communicat')",0.0011467889908256881,0.0,0.11991199119911991,2.6982537399375923e-06,0.12768062340310007
"('0015693000', 'Computational Science and Engineering')",0.0009174311926605505,0.00025446920515285164,0.1297889441252642,9.1937417740691e-06,0.14052068217205824
"('0026278000', 'Atmospheric & Oceanic Sciences Program')",0.0011467889908256881,0.0,0.15168382966880045,0.0005510836734748965,0.16644559441577744
"('0013177010', 'SIO CASPO')",0.0011467889908256881,0.0,0.15168382966880045,0.0005510836734748965,0.16644559441577741
"('0013136000', 'Design')",0.00022935779816513763,0.0,0.1339971725367263,0.0003071018461247841,0.14393628510887632
"('0021782000', 'Electrical Engineering/Computer Science')",0.00045871559633027525,0.0,0.1368701930623136,5.0806924525516054e-05,0.1478302540649069
"('0036582000', 'Sociology')",0.00022935779816513763,0.0,0.13493021384582057,7.960764768043622e-06,0.1453170877587361
"('0027110000', 'Information Science')",0.0011467889908256881,0.00045934700114284274,0.10030828693691621,4.2630030408368113e-07,0.10525851881555079
"('0028068000', 'Microelectronic Engineering')",0.0009174311926605505,0.0,0.12868189599197213,1.8557997568470946e-05,0.13985537175617416
"('0028068000', 'Microsystems PhD Program')",0.001834862385321101,0.005955739824600366,0.13294709559384052,2.2772119761443446e-05,0.1458686538359699
"('0028068000', 'Department of Physics')",0.0011467889908256881,0.0008438117067801568,0.12956524323199906,1.8912564996576442e-05,0.1412303353501746
"('0028068000', 'Microsystems Engineering')",0.0009174311926605505,0.0,0.12868189599197213,1.8557997568470946e-05,0.13985537175617416
"('6250020047', 'Unknown Dept')",0.00022935779816513763,0.0,0.11354758060315641,4.950118504742852e-07,0.12131591127661603
"('7203580016', 'Unknown Dept')",0.00045871559633027525,0.0,0.11367784324972624,1.416274554339364e-05,0.12040605978763635
"('0036756000', 'SCI and Computer Science')",0.001834862385321101,0.006544696904252666,0.14406555643669045,2.629999463395597e-05,0.15923911056263912
"('0029744000', 'Renaissance Computing Institute')",0.0009174311926605505,0.0,0.14088603095615085,2.013425446788114e-05,0.1534992413594677
"('0018408000', 'Center for Research Computing')",0.001834862385321101,0.008894875406665306,0.1440179692145075,2.2974695217156776e-05,0.15866227531837293
"('0038950000', 'Educational Psychology')",0.0006880733944954129,0.0002672997747093079,0.14170106275797067,1.5122685129161809e-05,0.15518926473628245
"('0035238000', 'Chemical Engineering')",0.0011467889908256881,0.0,0.08763466795304711,2.8872736177919366e-09,0.09206717608716639
"('0035238000', 'Department of Civil and Env. Engineering')",0.0011467889908256881,0.0,0.08763466795304711,2.8872736177919366e-09,0.09206717608716639
"('0035238000', 'Counseling & Psychology')",0.0011467889908256881,0.0,0.08763466795304711,2.8872736177919366e-09,0.09206717608716639
"('0035238000', 'Electrical and Computer Engineering')",0.001834862385321101,0.002291473298942818,0.09604158865123245,2.2690084164746744e-08,0.10203777673202077
"('0035238000', 'Education')",0.0011467889908256881,0.0,0.08763466795304711,2.8872736177919366e-09,0.09206717608716639
"('0035238000', 'Department of Chemistry')",0.0011467889908256881,0.0,0.08763466795304711,2.8872736177919366e-09,0.09206717608716639
"('0013052000', 'Political Science')",0.00022935779816513763,0.0,0.09283113675559436,6.555318286902301e-08,0.09713515115436006
"('0013052000', 'Computer Science')",0.0013761467889908258,0.001375725852449114,0.10232820127675554,7.835823827013914e-07,0.10851161447116989
"('0025205000', 'Computer Science & Engineering')",0.00022935779816513763,0.0,0.08990802985936404,6.978550371767894e-09,0.09415375951550203
"('0020107000', 'Geology and Geophysics')",0.001834862385321101,0.019169391275101626,0.13775236169473318,0.00015784190304201073,0.1503761458979342
"('0026633000', 'Biology')",0.002522935779816514,0.006026283201549595,0.1297889441252642,0.0009014801031465413,0.14209259585979703
"('P270022069', 'Unknown Dept')",0.00022935779816513763,0.0,0.11539275883972051,4.914994318852573e-06,0.12161746179032301
"('0018259000', 'Civil Engineering')",0.0020642201834862386,0.002845493308571629,0.1439513998943476,0.0009235659258845603,0.15723809892961185
"('0029728000', 'Civil Engineering')",0.0011467889908256881,0.0,0.14220946540983073,0.0005445035527873904,0.15412938743213905
"('0001479000', 'College of Engineering')",0.0011467889908256881,0.0,0.14220946540983073,0.0005445035527873904,0.15412938743213908
"('0036442000', 'Civil, Environmental and Construction En')",0.0011467889908256881,0.0,0.14220946540983073,0.0005445035527873904,0.15412938743213905
"('0036327000', 'Geochemical and Environmental Research G')",0.00022935779816513763,0.0,0.12019628383966477,1.810845863769828e-05,0.12709426818085084
"('6250004721', 'Cognitive Science')",0.00022935779816513763,0.0,0.11103188346745442,2.7428788485966305e-06,0.11770451279503884
"('6250004721', 'Unknown Dept')",0.003211009174311927,0.008250556360705714,0.12489615858374631,3.278254399495332e-05,0.1358072125526929
"('0016915000', 'Department of Computer Science')",0.00022935779816513763,0.0,0.1106065602881859,9.505866106953122e-07,0.11641526032581019
"('0013169000', 'Department of Chemistry')",0.0006880733944954129,0.0,0.09315045079690638,2.8029114413407617e-08,0.09674729792035784
"('0013169000', 'Bioengineering')",0.0013761467889908258,0.00045871559633027525,0.10271632859801635,3.028014252089951e-07,0.10795001495925467
"('0014316000', 'Center for Composite Materials')",0.0006880733944954129,0.00045871559633027525,0.14008482200231331,0.0013573388001645553,0.15244610066284278
"('0034256000', 'Clemson University Research Foundation')",0.00045871559633027525,0.0,0.14008032128514056,0.0013485726676420587,0.15233142176376022
"('0010835000', 'Pharmacology & Toxicology')",0.00045871559633027525,0.0,0.1133203378817414,3.518249151483126e-06,0.11962680709139098
"('0010835000', 'Physics')",0.00045871559633027525,0.0,0.1133203378817414,3.518249151483126e-06,0.11962680709139098
"('0013136000', 'Environmental Science and Policy')",0.0006880733944954129,0.0,0.1474168244522586,0.00015107166273613837,0.1607768276575605
"('0013136000', 'John Muir Institute of the Environment')",0.0006880733944954129,0.0,0.1474168244522586,0.00015107166273613837,0.1607768276575605
"('0013136000', 'Land, Air, and Water Resources')",0.0009174311926605505,0.01118584204975641,0.15667672847491734,0.0003740954559617004,0.17155092868395502
"('0032235000', 'Geological Sciences')",0.00022935779816513763,0.0,0.12408925318761384,4.565409224478777e-05,0.13202293988316655
"('0032235000', 'Computer and Information Science')",0.0020642201834862386,0.0034369857884893676,0.14166422978198004,0.0005452595374600977,0.15454147693539835
"('0021782000', 'Brain & Cognitive Sciences')",0.00045871559633027525,0.0,0.13529448271581954,4.974452324056686e-05,0.14527199619128217
"('0029058000', 'Mathematics')",0.001834862385321101,0.005863730867186223,0.11303243201202914,2.1648113346774005e-06,0.1221612454673702
"('0037903000', 'Mathematics')",0.00045871559633027525,0.0,0.1035555661116785,2.050989326500689e-07,0.10979984363497225
"('0029744000', 'Statistics and Operations Research')",0.0011467889908256881,0.0022505351290607167,0.10758790869833436,2.5322450668066554e-07,0.1146542890112069
"('4025938000', 'Business School')",0.00045871559633027525,0.0,0.12728068895051817,0.0006622972400661733,0.1373531530268908
"('P270048462', 'Unknown Dept')",0.00045871559633027525,0.0,0.12728068895051817,0.0006622972400661733,0.1373531530268908
"('0028373000', 'Chemistry')",0.0009174311926605505,0.0013755153841782583,0.10034984349106979,6.484795439902566e-07,0.10623755206087707
"('0017400000', 'Civil and Environmental Engineering')",0.0009174311926605505,0.0,0.13332110203956823,0.0003125754917547514,0.14268160579227068
"('0017392000', 'Computer Science')",0.0011467889908256881,1.5785120314187037e-07,0.1333251788881414,0.00033253817882399165,0.14279628469135322
"('0017400000', 'Preventive Medicine')",0.0009174311926605505,0.0,0.13332110203956823,0.00031257549175475144,0.14268160579227068
"('0017749000', 'Unknown Dept')",0.0016055045871559634,0.004300924720981251,0.12831454722034197,1.568042287178221e-05,0.13993975348046397
"('0018424000', 'Dept of Mathematics & Computer Science')",0.00045871559633027525,0.0,0.1137282520802358,1.446474389532313e-06,0.1211168982947852
"('0018424000', 'Lilly Fellows Program')",0.00045871559633027525,0.0,0.1137282520802358,1.446474389532313e-06,0.12111689829478522
"('0010512000', 'Department of Mathematics')",0.00045871559633027525,0.0,0.07872309692329915,4.1829277380212565e-10,0.08170135881328665
"('0036772000', 'Department of Mathematics & Statistics')",0.00045871559633027525,0.0,0.07872309692329915,4.1829277380212565e-10,0.08170135881328668
"('0027078000', 'Columbia Climate School')",0.00022935779816513763,0.0,0.12431569343065693,7.049468854056513e-05,0.1347572589534946
"('0013284000', 'Department of Computer Science, Universi')",0.00045871559633027525,0.0,0.13528188898197277,8.729884304672886e-06,0.14624453060131656
"('0020628000', 'Natural Sciences')",0.00022935779816513763,0.0,0.10856033066082367,5.842200982491904e-05,0.11483861881881886
"('0089078000', 'Atmospheric Sciences Center')",0.00045871559633027525,0.0,0.09338988133487555,4.367058120455011e-08,0.09795837890250726
"('4002911000', 'U.S. Division')",0.0020642201834862386,0.0032076416819782337,0.12084927102389267,1.77864543428176e-05,0.13046580881342046
"('0028373000', 'Sociology')",0.00045871559633027525,0.0,0.1078247106538728,1.6367901491792117e-06,0.11397025322821182
"('7203581520', 'Operation Restoration')",0.00045871559633027525,0.0,0.1078247106538728,1.6367901491792117e-06,0.1139702532282118
"('0001024000', 'MetroHealth Center for Rehabilitation Re')",0.0006880733944954129,0.0,0.11351506157411023,9.615799578343682e-06,0.12053576583966441
"('0030320000', 'Mechanical Engineering')",0.0006880733944954129,0.0,0.11351506157411023,9.615799578343682e-06,0.12053576583966441
"('0030320000', 'Teacher Education')",0.001834862385321101,0.01004912329441775,0.12797933544675355,9.452728366104205e-05,0.13814500611518896
"('0019893001', 'Educational Leadership Studies')",0.0009174311926605505,0.0,0.11189816240632379,0.0014156598667714444,0.11987591345962822
"('0045096000', 'Geography and Environmental Studies')",0.0009174311926605505,0.0,0.11189816240632379,0.0014156598667714444,0.11987591345962822
"('0045096000', 'Electrical and Computer Engineering')",0.0009174311926605505,0.0,0.11189816240632379,0.0014156598667714444,0.11987591345962822
"('0045096000', 'Psychology')",0.0011467889908256881,3.1570240628374073e-07,0.11190390637030953,0.00152400447673732,0.120028818658405
"('0021550000', 'Computer Science')",0.0006880733944954129,0.00045871559633027525,0.1491108071135431,0.00045398924564573934,0.16157496905489888
"('0021550000', 'School of Engineering and Applied Scie')",0.00022935779816513763,0.0,0.12976576683829877,3.799875230504537e-05,0.13757859059076674
"('0023879000', 'Ecology, Evolution and Behavior')",0.00045871559633027525,0.0013755153841782583,0.0999724846372558,2.540707431556086e-07,0.1049794517190451
"('0029744000', 'Department of Biology')",0.00045871559633027525,0.0007062295860044526,0.12148569199476163,3.182561315700168e-06,0.12988354926613785
"('0014316000', 'Educational Development')",0.00045871559633027525,0.0,0.1297889441252642,6.044498419789341e-05,0.13944820756460619
"('5300016036', 'Unknown Dept')",0.0009174311926605505,0.0,0.1297889441252642,6.553452410638649e-05,0.13944820756460619
"('0033290000', 'Engineering Design')",0.00022935779816513763,0.0,0.11897939691635967,8.013040985722883e-07,0.12841122255450305
"('4100756000', 'High Energy Astrophysics')",0.0009174311926605505,0.00022930518109742367,0.11319970921175615,1.8321745162634274e-06,0.11984263429875197
"('4100756000', 'High Energy Astrophysics Division')",0.0009174311926605505,0.00022930518109742367,0.11319970921175615,1.8321745162634274e-06,0.11984263429875197
"('4100756000', 'Central Engineering')",0.0011467889908256881,0.0,0.11319677025728898,1.9599816569721916e-06,0.11972795539966938
"('0038950000', 'Center for Limnology')",0.0013761467889908258,0.0010726137528131864,0.1405318291700242,1.3268772456341995e-05,0.15424473589611154
"('0038950000', 'Limnology')",0.0009174311926605505,0.0010726137528131864,0.1405318291700242,1.2228582632548302e-05,0.15424473589611148
"('0017756000', 'Civil and Environmental Engineering; Mec')",0.00022935779816513763,0.0,0.09585366926087148,1.2208282590216609e-08,0.10111664416058588
"('0017756000', 'Civil and Environmental Engineering')",0.0013761467889908258,0.00045871559633027525,0.1060130814306903,1.4512646417021123e-07,0.11401453176131135
"('6250042388', 'Unknown Dept')",0.0006880733944954129,0.0,0.11176907893050322,2.0783779471451097e-07,0.11827058687774325
"('0018408000', 'Computer Science & Engineering')",0.0009174311926605505,0.0,0.1350137800761775,3.414969032221816e-05,0.14544090147874522
"('0018408000', 'Electrical Engineering')",0.0016055045871559634,0.002164494045373567,0.15017393999931114,0.000163027443194748,0.16405285018243626
"('0018408000', 'Chemical and Biomolecular Engineering')",0.0011467889908256881,0.00045871559633027525,0.13501796110491762,3.437286812705487e-05,0.1455555803778278
"('0025684000', 'Geological Sciences and Engineering')",0.00022935779816513763,0.0,0.11991199119911991,1.0546352053460186e-06,0.12750428406965067
"('0013136000', 'Section of Plant Biology')",0.0013761467889908258,0.0013755153841782583,0.14362893661879036,0.00014708599942559803,0.15837799242042253
"('0015644000', 'Biology')",0.0009174311926605505,0.0,0.14361474356862874,0.000144995629559105,0.15811040832256323
"('7203578769', 'Plant Sciences')",0.0009174311926605505,0.0,0.14361474356862874,0.000144995629559105,0.15811040832256323
"('0013201000', 'Physics')",0.0013761467889908258,0.0022918942354845295,0.12036219081272084,9.996346728437798e-06,0.12916101164380966
"('0035303000', 'Physics and Astronomy')",0.0009174311926605505,0.0,0.13662143953874598,7.821610271795641e-05,0.14771680482301727
"('0028829000', 'Physics')",0.0016055045871559634,0.010497210243069807,0.13671997491376608,8.017899748626312e-05,0.14840870084748198
"('0033290000', 'Physics')",0.0022935779816513763,0.0038267913958868215,0.13957359626096422,0.0001449359807470847,0.15221519783732973
"('0036772000', 'Instructional Technology & Learning Scie')",0.0006880733944954129,0.0009172207243896947,0.07872736136942272,3.890877893944901e-10,0.08189249031175759
"('0014480000', 'Civil Engineering')",0.00022935779816513763,0.0,0.09774688936217912,2.1835761249517944e-08,0.10144144414934687
"('0029207000', 'Civil and Environmental Engineering')",0.0006880733944954129,0.00045871559633027525,0.10833374745316304,2.5862214530746615e-07,0.11359574505739345
"('4100749000', 'Unknown Dept')",0.00045871559633027525,0.0,0.11026250569015224,2.236992218779891e-06,0.1162006610721519
"('4100749000', 'Smithsonian Environmental Research Ctr.')",0.00045871559633027525,0.0,0.11026250569015224,2.236992218779891e-06,0.1162006610721519
"('0029769000', 'Biology')",0.0011467889908256881,0.001375725852449114,0.1239199636198272,2.428692208052449e-05,0.13284115390665568
"('6250007704', 'Microbial Genomics')",0.00045871559633027525,0.0,0.10911730109868108,1.2080781549143544e-06,0.11470001053767093
"('0013177000', 'SSPPS and Pharmacology')",0.00045871559633027525,0.0,0.10911730109868108,1.2080781549143544e-06,0.1147000105376709
"('0013177010', 'Marine Biology Research Division')",0.0013761467889908258,0.0009172207243896947,0.12247535043119188,1.3212669701542785e-05,0.13091066785346323
"('0036756000', 'Educational Psychology')",0.002981651376146789,0.01960954621336166,0.15688532258644886,0.0010539337073336814,0.17374495025871084
"('0011403001', 'Civil engineering')",0.0009174311926605505,0.0,0.11399586895704238,0.0019287253929898762,0.12238070638586586
"('0011403001', 'Chemistry and Biochemistry')",0.0009174311926605505,0.0,0.11399586895704238,0.0019287253929898762,0.12238070638586586
"('0011403001', 'Mechanical and Aerospace Engineering')",0.0009174311926605505,0.0,0.11399586895704238,0.0019287253929898762,0.12238070638586586
"('0016915000', 'Department of Physics')",0.00022935779816513763,0.0,0.09960022844089092,8.79056743940581e-08,0.10382756947061267
"('0013508000', 'Natural Resource Ecology Lab')",0.00045871559633027525,0.0,0.1376914574451287,1.3601151300359195e-05,0.1492234087904952
"('0013136000', 'Office of Research')",0.00045871559633027525,0.0,0.1426748257469158,0.0001167976638481254,0.15594962949894045
"('0013136000', 'Venture Catalyst')",0.00045871559633027525,0.0,0.1426748257469158,0.0001167976638481254,0.1559496294989405
"('0036525000', 'Division of Energy and Innovation')",0.0011467889908256881,0.0029561627487016875,0.12876170225332978,2.420214103300098e-06,0.1384871860091102
"('4003554000', 'Department of Environmental Engineering')",0.0009174311926605505,0.0,0.11650277896536981,4.2334885110549595e-07,0.12375991245442734
"('0024232000', 'Sustainable Bioproducts')",0.0009174311926605505,0.0,0.11650277896536981,4.2334885110549595e-07,0.12375991245442734
"('4000659000', 'RAPID Manufacturing Institute')",0.0013761467889908258,0.0,0.11650277896536981,4.588963656157484e-07,0.12375991245442731
"('0033795000', 'Administration and Policy Studies')",0.00045871559633027525,0.0,0.09746501542450932,7.241513887862695e-08,0.10221497838179837
"('0033795000', 'Psychology')",0.00045871559633027525,0.0,0.09746501542450932,7.241513887862695e-08,0.10221497838179835
"('0022194000', 'Center for Engineering Education and Out')",0.001834862385321101,0.0013755153841782583,0.13642479426765544,0.0001356803935074808,0.146419926913046
"('0024828000', 'Education')",0.0006880733944954129,0.0,0.1364119892372192,0.00012202827232070875,0.14607589021579834
"('0001057000', 'Human-Computer Interaction Institute, Sc')",0.0009174311926605505,0.00045871559633027525,0.1508076510670679,0.001365299967214603,0.16536443614998572
"('0001057000', 'HCI Institute')",0.00022935779816513763,0.0,0.13104899308686505,0.0001147821455315522,0.13990079778783887
"('6250012164', 'Unknown Dept')",0.0011467889908256881,0.0,0.06957187764285372,1.474166189955738e-11,0.07265198212793261
"('6250012164', 'Programs')",0.0011467889908256881,0.0,0.06957187764285372,1.474166189955738e-11,0.0726519821279326
"('7203583775', 'Unknown Dept')",0.0011467889908256881,0.0,0.06957187764285372,1.474166189955738e-11,0.0726519821279326
"('7203583778', 'Career and College Transition Division')",0.0011467889908256881,0.0,0.06957187764285372,1.474166189955738e-11,0.07265198212793257
"('5300001064', 'Office of Career and Technical Education')",0.0011467889908256881,0.0,0.06957187764285372,1.474166189955738e-11,0.07265198212793257
"('0018259000', 'Industrial-Organizational Psychology')",0.0006880733944954129,0.0,0.1606544087844062,0.0033699222667685027,0.17718006127409777
"('0013144000', 'Chemistry')",0.00022935779816513763,0.0,0.09613476506515556,5.7460415997215604e-08,0.10120499515581374
"('0013128000', 'Department of Integrative Biology')",0.00045871559633027525,0.0,0.1262048803079862,1.3556174716829394e-05,0.1357826211123228
"('0037986000', 'Biology')",0.00045871559633027525,0.0,0.1262048803079862,1.3556174716829394e-05,0.1357826211123228
"('0030908000', 'Electrical and Computer Engineering')",0.002522935779816514,0.014960279923590357,0.14704890387858346,0.00010233988888882836,0.16231309274313718
"('7203590102', 'Unknown Dept')",0.00045871559633027525,0.0,0.13183357522980166,1.2316001752438527e-05,0.14268263718951726
"('0013169000', 'Botany and Plant Sciences')",0.0013761467889908258,0.008073498149837337,0.14814311440318031,0.00026440235946029807,0.16208877195689061
"('6250002231', 'Technology')",0.0011467889908256881,0.0,0.12081243592230319,4.129067384724038e-06,0.12882443690356526
"('6250000105', 'ENTEC')",0.0011467889908256881,0.0,0.12081243592230319,4.129067384724038e-06,0.12882443690356526
"('6250002231', 'School of Engineering & Technology')",0.0011467889908256881,0.0,0.12081243592230319,4.129067384724038e-06,0.1288244369035653
"('6250000105', 'Miami Dade College School of Engineering')",0.0011467889908256881,0.0,0.12081243592230319,4.129067384724038e-06,0.1288244369035653
"('6250000105', 'Engineering Technology and Design')",0.0011467889908256881,0.0,0.12081243592230319,4.129067384724038e-06,0.1288244369035653
"('6250000105', 'Unknown Dept')",0.0020642201834862386,0.002291473298942818,0.13739207159513456,3.2684036528383475e-05,0.14966507816851768
"('0015693000', 'Industrial & Systems Engineering')",0.0013761467889908258,0.003345333900151317,0.15243689252499826,0.00020135944855227483,0.1685074902162049
"('0010835000', 'Philosophy')",0.00022935779816513763,0.0,0.1213369326246069,2.6442358823169157e-05,0.12914555700865082
"('0010926000', 'Biology')",0.0009174311926605505,0.0,0.09618142110255674,6.856501850188418e-08,0.1010412631781317
"('0025650000', 'School of Natural Resources')",0.001834862385321101,0.001833599575695966,0.10640634533251983,6.055034395422717e-07,0.11346499746206136
"('0039321000', 'Zoology and Physiology')",0.0009174311926605505,0.0,0.09618142110255674,6.856501850188418e-08,0.1010412631781317
"('0039321000', 'Biodiversity Institute/Botany Department')",0.0009174311926605505,0.0,0.09618142110255674,6.856501850188418e-08,0.10104126317813174
"('0036913000', 'Unknown Dept')",0.0009174311926605505,0.0,0.09618142110255674,6.856501850188418e-08,0.1010412631781317
"('0018259000', 'Electrical and Computer Engineering')",0.004357798165137615,0.03870741807150508,0.18152296098921686,0.027016925884258955,0.20637555487326195
"('0035998000', 'Unknown Dept')",0.002522935779816514,0.0037358644247583914,0.12680685222348254,2.1214816522903457e-05,0.1384050210110989
"('0013482000', 'Mining Engineering')",0.0022935779816513763,0.0036656206393605134,0.12048192771084337,3.212779827938454e-05,0.1295936805144845
"('0013482000', 'Civil and Environmental Engineering')",0.00022935779816513763,0.0,0.10752953362764199,2.6876143664950994e-06,0.11341721473227509
"('0020776000', 'History of Medicine')",0.00022935779816513763,0.0,0.12930011862396204,1.5158622633532709e-05,0.13960075295274957
"('0014316000', 'Mathematical Sciences')",0.0006880733944954129,0.0,0.1297850806691671,5.997642128964988e-05,0.13933352866552365
"('0033795000', 'Chemical Engineering')",0.0009174311926605505,0.0013755153841782583,0.12148230704931735,2.7883411489859385e-06,0.1289568536376077
"('0033795000', 'Geology & Environmental Science')",0.00045871559633027525,0.0,0.10833105573086192,2.569199047852326e-07,0.11348106615831087
"('0037457000', 'Office of Graduate and Postdoctoral Affa')",0.0006880733944954129,0.0,0.13211320526028725,9.600659685802977e-05,0.1414375198578174
"('6250039889', 'Unknown Dept')",0.0011467889908256881,0.0,0.13211320526028725,0.00010405957741457309,0.1414375198578174
"('0015982001', 'Sea Grant')",0.0006880733944954129,0.0,0.13211320526028725,9.600659685802977e-05,0.14143751985781738
"('0032102000', 'Unknown Dept')",0.001834862385321101,0.006150508930429253,0.1522080642345959,0.000944991985112807,0.16740905819460808
"('0013144000', 'School of Education')",0.0016055045871559634,0.001375725852449114,0.08315849704367728,2.3003954447988755e-10,0.08708144284643443
"('P270023892', 'Unknown Dept')",0.00022935779816513763,0.0,0.07677543186180422,1.950727799157594e-11,0.07941482701079781
"('0037457000', 'Department of Environmental Sciences')",0.0006880733944954129,0.0,0.12247191011235956,3.1493034588000113e-06,0.13161767100127175
"('0037457000', 'Environmental Science')",0.0027522935779816515,0.013842537415792652,0.13808392715756135,3.0663960615318384e-05,0.15188502565222622
"('7203584115', 'Unknown Dept')",0.0006880733944954129,0.0,0.12247191011235956,3.1493034588000113e-06,0.13161767100127175
"('0036582000', 'Department of Statistics and Data Scienc')",0.00022935779816513763,0.0,0.1468557378153525,0.0010516804208070675,0.15987656265752492
"('0024232000', 'Bagley College of Engineering')",0.0009174311926605505,0.0,0.12525136455041655,0.006094735940917391,0.13613270585174203
"('0024232000', 'Psychology')",0.0009174311926605505,0.0,0.12525136455041655,0.006094735940917391,0.13613270585174203
"('0024232000', 'Industrial and Systems Engineering')",0.0009174311926605505,0.0,0.12525136455041655,0.006094735940917391,0.13613270585174203
"('0013169000', 'Department of Environmental Sciences')",0.00022935779816513763,0.0,0.1253053599655123,1.1087952060459379e-05,0.13404706818410933
"('6250000134', 'Eskimo Walrus Commission')",0.0006880733944954129,0.0,0.10217951722521677,9.215186206797136e-05,0.10848413419868325
"('7203583144', 'Unknown Dept')",0.0006880733944954129,0.0,0.10217951722521677,9.215186206797136e-05,0.10848413419868325
"('6250021189', 'DEHE')",0.0006880733944954129,0.0,0.10217951722521677,9.215186206797136e-05,0.10848413419868322
"('0015982001', 'Skidaway Institute of Oceanography')",0.0009174311926605505,0.003694491944357708,0.14080868104896008,5.887248405152793e-05,0.15386090145837816
"('0021030000', 'SVPAAP-Acad Innov. and Entrepreneurship')",0.00045871559633027525,0.0,0.13159880474480093,0.0007783884578120597,0.14257195976806103
"('0028381000', 'Chemistry')",0.0006880733944954129,0.0013755153841782583,0.10438613292472707,1.2546198112936938e-07,0.11085273278169774
"('0037283000', 'Unknown Dept')",0.0022935779816513763,0.00045871559633027525,0.13004832070631747,0.0005460437020460824,0.14141877245273762
"('0037283001', 'School of Public Service')",0.00022935779816513763,0.0,0.11508512603932955,4.567080073120605e-05,0.12220778554359192
"('0016162000', 'School of Public Service')",0.00022935779816513763,0.0,0.11131535947712418,0.0006882379645214551,0.1184254182361971
"('0016162000', 'College of Innovation and Design - Human')",0.0011467889908256881,0.00045871559633027525,0.1252549627969778,0.008229341476027942,0.13627414316061054
"('0026294000', 'Rutgers Institute of Earth, Ocean, and A')",0.0009174311926605505,0.0,0.1367843137254902,7.327493243928991e-05,0.147967569191766
"('0033787000', 'Wharton Risk Center')",0.0011467889908256881,0.00045871559633027525,0.13678860513271004,7.375214389823038e-05,0.14808224809084858
"('0026294000', 'Department of Human Ecology')",0.0009174311926605505,0.0,0.1367843137254902,7.327493243928991e-05,0.147967569191766
"('0016261000', 'Center for Ecohydraulics Research')",0.0006880733944954129,0.0,0.11471571026389875,8.041766168002793e-06,0.12184959578932109
"('0016261000', 'Civil Engineering')",0.0013761467889908258,0.00045871559633027525,0.11471872862179656,8.851990087056434e-06,0.12196427468840365
"('0016261000', 'Geological Sciences')",0.0011467889908256881,0.0025895252338506264,0.11566213921901528,8.194071247108109e-06,0.12318365991581635
"('0016261000', 'Unknown Dept')",0.0013761467889908258,0.004247614809772335,0.12897118854641187,7.102840350634207e-05,0.13980871106916687
"('0029728000', 'The Science House')",0.00045871559633027525,0.004528480071447429,0.12701002097413192,1.3224957081880561e-05,0.13840382763261153
"('0018093000', 'Linguistics')",0.00022935779816513763,0.0,0.10285687324541744,8.060289177468743e-08,0.10781819238237508
"('0014316000', 'Department of Chemistry & Biochemistry')",0.0006880733944954129,0.006160123522185875,0.13399305448846,1.110455008739955e-05,0.14666281262510256
"('0010512000', 'Department of Management')",0.00022935779816513763,0.0,0.11535612234098847,7.296062104654094e-06,0.1223285625225042
"('0027110000', 'Psychology')",0.00022935779816513763,0.0,0.100419180984845,2.572753954351768e-08,0.10587394786885304
"('0027110000', 'Applied and Engineering Physics')",0.0011467889908256881,0.00045871559633027525,0.1116260016897514,3.0434529224250894e-07,0.11990857839093666
"('5300008543', 'School of Interactive Computing')",0.00045871559633027525,0.0,0.11858782570853506,3.5997891184792093e-06,0.12691160012260919
"('0015693000', 'CEISMC')",0.0016055045871559634,0.0009172207243896947,0.13453468279437175,3.92069012261733e-05,0.1476411368957237
"('0015693000', 'CEISMC/Mechanical Engineering')",0.00045871559633027525,0.0,0.11858782570853506,3.5997891184792093e-06,0.12691160012260916
"('0014266000', 'Psychology')",0.0011467889908256881,0.003351824946466676,0.14579014244633184,8.485269379048571e-05,0.15944944772352937
"('7203580174', 'Unknown Dept')",0.00022935779816513763,0.0,0.1271544810289014,2.1309251254190703e-05,0.13754952784668148
"('0028068000', 'Electrical & Microelectronic Engineering')",0.0009174311926605505,0.0,0.12404688744736543,5.976231614014872e-06,0.1341931110728326
"('0028357000', 'Nanoscale Science & Engineering')",0.0013761467889908258,0.0009172207243896947,0.12405394639503785,6.066478716958814e-06,0.13442246887099774
"('0037457000', 'Electrical and Computer Engineering')",0.001834862385321101,0.0032065893406239545,0.12407159727953103,6.580114513771561e-06,0.13459448721962158
"('4002291000', 'Citizen Science')",0.0006880733944954129,0.0,0.1463774927818438,0.0002832648030545051,0.16057313004273943
"('0033290000', 'Dept. of Chemical Engineering')",0.0006880733944954129,0.00045871559633027525,0.10673717195456325,5.001547309830548e-07,0.11383949490651318
"('0033290000', 'Department of Chemical Engineering')",0.00022935779816513763,0.0,0.09644524078129493,4.2199643836845844e-08,0.10125019587762014
"('0026633000', 'Department of Biology')",0.00045871559633027525,0.0,0.11488498326789807,8.227720157046717e-05,0.12264287477303508
"('0026633000', 'Department of Art')",0.00045871559633027525,0.0,0.11488498326789807,8.227720157046717e-05,0.12264287477303508
"('0017392000', 'Kellogg School of Management')",0.00045871559633027525,0.0,0.0984643179765131,6.174171465098861e-08,0.10409255579360938
"('4077384000', 'Unknown Dept')",0.0011467889908256881,0.004669604488522176,0.10896730980705788,6.716257207606514e-07,0.11642324940979029
"('5300011474', 'Unknown Dept')",0.0027522935779816515,0.0050368214239862276,0.1471928699233652,0.012322178372359738,0.16348064079142027
"('0010025000', 'Information Technology Services')",0.0011467889908256881,0.0,0.14713822894168466,0.01090725895455393,0.16272376005747533
"('0014803000', 'College of Science and Technology')",0.0013761467889908258,0.0013755153841782583,0.14715312700394884,0.010979232887798875,0.16291489155594627
"('0024109000', 'Unknown Dept')",0.0016055045871559634,0.0037975151179877715,0.14808273613422546,0.01106808181478829,0.16454741932379507
"('5300002935', 'Division of Information Resources and Te')",0.0009174311926605505,0.0,0.10890198821061045,1.5849033856181455e-06,0.11604780679085719
"('5300002935', 'Physics')",0.001834862385321101,0.001833599575695966,0.10891286970423661,1.6433959645037682e-06,0.11650652238718746
"('5300002935', 'Physics and Astronomy')",0.0009174311926605505,0.0,0.10890198821061045,1.5849033856181455e-06,0.11604780679085719
"('5300002935', 'Henry M. Rowan College of Engineering')",0.001834862385321101,0.004955265865817063,0.11437565582371459,1.808529451461768e-06,0.1235808261415379
"('0001057000', 'Chemical and Biomedical Engineering')",0.00022935779816513763,0.0,0.12670367033797333,2.1643036953311193e-06,0.13524093304533838
"('4000659000', 'Unknown Dept')",0.0013761467889908258,0.01274785209526474,0.14508185811260482,2.5820837758454754e-05,0.15912130405721764
"('0027912000', 'Environmental Studies and Science')",0.0009174311926605505,0.0,0.10826111787053361,1.2971675675762027e-06,0.11399336601623113
"('0030429000', 'Data Analytics Program')",0.0009174311926605505,0.0,0.10826111787053361,1.2971675675762027e-06,0.11399336601623111
"('0027912000', 'Biology')",0.0009174311926605505,0.0,0.10826111787053361,1.2971675675762027e-06,0.11399336601623111
"('0026864000', 'Unknown Dept')",0.0016055045871559634,0.001833599575695966,0.12139098477044297,1.1586538717796674e-05,0.12966219103496493
"('0013201000', 'Center for Innovative Teaching, Research')",0.0009174311926605505,0.0,0.10826111787053361,1.2971675675762029e-06,0.11399336601623111
"('0022335000', 'Computer Science')",0.00045871559633027525,0.00045871559633027525,0.07893545759029601,1.3298149031356271e-09,0.08243444280382842
"('0022335000', 'Social Science and Policy Studies')",0.00022935779816513763,0.0,0.07316172769070711,1.1418667273365523e-10,0.07571229222490816
"('0032102000', 'College of Oceanic & Atmospheric Scienc')",0.00045871559633027525,0.0,0.14909551003658994,0.00039229444834101395,0.16231422279300586
"('0026294000', 'Dept. of Biochemistry and Microbiology')",0.00045871559633027525,0.0,0.11369562949827892,1.106223719187405e-06,0.1205375566374614
"('0026294000', 'Marine and Coastal Sci')",0.00045871559633027525,0.0,0.11369562949827892,1.106223719187405e-06,0.12053755663746137
"('4100756000', 'Optical and Infrared Astronomy')",0.00045871559633027525,0.0,0.10169333395531091,3.071124719700046e-07,0.10626652508162013
"('0022301000', 'Applied Ocean Physics and Engineering')",0.00045871559633027525,0.0,0.11199301327990548,1.3943674602734394e-06,0.11817763836196715
"('0023259000', 'Electrical Engineering and Computer Scie')",0.0013761467889908258,0.0014336950090542916,0.113023641642472,1.5070496497393608e-06,0.12030221403214442
"('5300004772', 'Engineering Science and Mechanics')",0.0009174311926605505,0.0,0.11226407806988181,1.4773533384011264e-06,0.1191023196986491
"('7203582706', 'Unknown Dept')",0.0009174311926605505,0.0,0.11226407806988181,1.4773533384011264e-06,0.11910231969864911
"('6250008669', 'Unknown Dept')",0.0009174311926605505,0.0,0.11226407806988181,1.4773533384011264e-06,0.1191023196986491
"('0013219000', 'Environmental Studies')",0.00045871559633027525,0.0,0.1383117089109539,6.0787391405346494e-05,0.14976045106779004
"('4001863000', 'Boyce Thompson Institute')",0.0020642201834862386,0.004264886412909361,0.14417989417989419,0.0003437827437909341,0.15607650440792564
"('5300001651', 'Unknown Dept')",0.0011467889908256881,0.0,0.12889874353288988,4.513824437771581e-05,0.13745898883226823
"('0015982001', 'Crop and Soil Sciences')",0.0011467889908256881,0.0,0.12889874353288988,4.513824437771581e-05,0.13745898883226823
"('0011080000', 'Chemistry')",0.0006880733944954129,0.0,0.07461409453400418,8.903453619212572e-11,0.07793036941432409
"('0011080000', 'Mechanical Engineering')",0.0013761467889908258,0.005494484678962223,0.07462942042381294,9.10904950344343e-11,0.07859932965897229
"('0011080000', 'Department of Chemistry and Biochemistry')",0.0006880733944954129,0.0,0.07461409453400418,8.903453619212572e-11,0.07793036941432405
"('0001057000', 'MLD')",0.00022935779816513763,0.0,0.14097258147956543,5.528737876324712e-05,0.15249667731605743
"('0023879000', 'Computer Science & Engineering')",0.00045871559633027525,0.0,0.09137587760662265,8.035204668745243e-09,0.09541075721797763
"('0010835000', 'Chemical & Environmental Engineering')",0.0011467889908256881,0.0,0.1380576929166271,0.0023722047304182265,0.15142201803038896
"('0010835000', 'Soil, Water, and Environmental Sciences')",0.002522935779816514,0.011455750992132745,0.14245572763510422,0.0025630180276282302,0.15832033505485232
"('0010835000', 'Teaching, Learning & Sociocultural Studi')",0.0011467889908256881,0.0,0.1380576929166271,0.0023722047304182265,0.15142201803038904
"('0029728000', 'Marine, Earth, & Atmospheric Sciences')",0.00022935779816513763,0.0,0.09894025007375133,1.4709434959106759e-07,0.10406859717635754
"('0029728000', 'Marine, Earth, and Atmospheric Sciences')",0.0009174311926605505,0.001375725852449114,0.1098015513246701,1.7350208641333746e-06,0.11744614787383137
"('0033290000', 'Penn State Berks')",0.0009174311926605505,0.0,0.08976180182405863,4.6697613559771945e-09,0.09478319286460904
"('0032896000', 'Office of the Provost')",0.00045871559633027525,0.0,0.08976180182405863,4.303487825064356e-09,0.09478319286460905
"('0034488000', 'Department of Chemical Engineering')",0.0011467889908256881,0.00045871559633027525,0.1164561019257993,9.084536206250633e-07,0.12410481220299713
"('0034488000', 'CHEMICAL ENGINEERING')",0.00022935779816513763,0.0,0.10431121106273028,7.659864805264326e-08,0.10940051272856034
"('6250030396', 'Environmental Remediation')",0.00022935779816513763,0.0,0.0918765145927721,1.7231936168724454e-08,0.09580565599205985
"('0022301000', 'Physical Oceanography Dept., MS 21')",0.00022935779816513763,0.0,0.13671568781160828,5.618313689665981e-05,0.14723275959514467
"('0022301000', 'Physical Oceanography Department')",0.00022935779816513763,0.0,0.1234323245477451,4.931335812624262e-06,0.13154625541380127
"('0023291000', 'Dept of Physics & Astronomy')",0.00045871559633027525,0.0,0.08771576872007404,6.0829387830437166e-09,0.09155862514019972
"('0023291000', 'Physics and Astronomy')",0.0009174311926605505,0.0,0.08771576872007404,6.608686620389153e-09,0.09155862514019972
"('0029058000', 'Department of Physics')",0.0013761467889908258,0.00045734755256971236,0.11470665614312023,3.94748161876046e-06,0.12288807629454533
"('0035691000', 'Chemistry')",0.00022935779816513763,0.0,0.11229299199010997,1.872041132090808e-06,0.11891708773926718
"('0080010000', 'Department of Computer Science (MC 152)')",0.00022935779816513763,0.0,0.12024932428705389,2.6408429736855547e-06,0.12703564697729566
"('0013136000', 'Pathology, Mircobiology and immunology:')",0.0006880733944954129,0.0,0.14397992206591376,0.0001311270385042344,0.15846900614675744
"('0013508000', 'Microbiology, Immunology and Pathology')",0.001834862385321101,0.01578822494490108,0.14586330333545214,0.000139569623375345,0.16209190529144554
"('0025684000', 'Biochemistry and Molecular Biology')",0.0006880733944954129,0.0,0.12931162321677492,2.8428953768708475e-05,0.13971180237134095
"('0025684000', 'School of Journalism')",0.0006880733944954129,0.0,0.12931162321677492,2.8428953768708475e-05,0.13971180237134095
"('5300019693', 'Applied Plant Sciences')",0.0006880733944954129,0.0,0.12931162321677492,2.8428953768708475e-05,0.13971180237134098
"('0013706000', 'Chemical Engineering')",0.00022935779816513763,0.0,0.11128126595201633,6.660035363877633e-07,0.11749769066754959
"('0021055000', 'Department of Mechanical Engineering')",0.00022935779816513763,0.0,0.11030713960431109,7.990554039347983e-07,0.11634433691078015
"('0037143000', 'Unknown Dept')",0.0009174311926605505,0.00045871559633027525,0.12397986748940769,9.541727691959803e-06,0.13328972939874192
"('0010637000', 'Geography / INE')",0.00022935779816513763,0.0,0.11244068495976893,0.0011538665393397167,0.12028256974931202
"('5300019155', 'Department of Economic History')",0.00022935779816513763,0.0,0.14909551003658994,0.00041305527954110734,0.16130738495703956
"('0029058000', 'Chemical & Bioengineering')",0.00022935779816513763,0.0,0.08188716099466607,1.3516048754608011e-10,0.08528511146174043
"('0016105000', 'Botany')",0.0009174311926605505,0.0,0.1232717916819814,1.053788439955755e-05,0.1337138162214047
"('0036327000', 'Engineering Technology & Industrial Dist')",0.0006880733944954129,0.0,0.1170721228720262,6.102539250127207e-06,0.12440550507536456
"('0036327060', 'Industrial Engineering')",0.0013761467889908258,0.0020605038554846653,0.13217728733402048,5.9213515628435535e-05,0.1432116752386242
"('0036327060', 'Engineering Technology')",0.0009174311926605505,0.0008312960808504827,0.1183946125020366,6.172323958610475e-06,0.1262819530412618
"('0036327000', 'Department of Philosophy')",0.0006880733944954129,0.0,0.1170721228720262,6.102539250127207e-06,0.12440550507536456
"('0014316000', 'Electrical & Computer Engineering')",0.0011467889908256881,0.0013988578447414685,0.13580439183927737,2.8745375391866534e-05,0.14862069482954474
"('0014316000', 'Biden School of Public Policy & Administ')",0.0006880733944954129,0.0,0.12589876122549162,5.392973540174561e-06,0.13544304933538548
"('0029728000', 'Electrical and Computer Engineering')",0.0020642201834862386,0.020056824782409447,0.16347343556672042,0.0034825568096652697,0.18144135044364368
"('0029728000', 'Plant Pathology')",0.0009174311926605505,0.008892987419904654,0.14496608591568028,0.000327972653302441,0.1579579696552166
"('7203578838', 'Agricultural Products')",0.00045871559633027525,0.0,0.14186704844954934,0.00031989822493533256,0.15303299911098017
"('0037549000', 'Physics')",0.0034403669724770644,0.048256168393757994,0.1704456606724003,0.0017430666990813778,0.19250904262658844
"('0031849000', 'University of Oklahoma Polytechnic Insti')",0.0009174311926605505,0.0,0.09708954060614158,2.213003726034137e-08,0.10336797464424564
"('0025650000', 'Biological Systems Engineering')",0.0045871559633027525,0.01209561958435502,0.13777848001264023,0.00045518564049709843,0.15315830003329986
"('0025650000', 'Civil Engineering')",0.00022935779816513763,0.0,0.12109765581602044,3.8072862173980725e-05,0.13007886004158836
"('0020776000', 'Department of Physics and Astronomy')",0.0020642201834862386,0.00388825636814669,0.13420339817778873,1.2399637636026783e-05,0.14808275799573659
"('0026211000', 'Department of Physics')",0.0006880733944954129,0.0,0.12372304199772985,5.825250141327321e-06,0.13193490451130085
"('4001434000', 'Science Support & Research')",0.0006880733944954129,0.0,0.12372304199772985,5.825250141327321e-06,0.13193490451130085
"('0013128000', 'Space Sciences Laboratory')",0.0009174311926605505,0.007314193348781705,0.14111859140341793,5.681931644796608e-05,0.153459980068351
"('0013201000', 'Marine Science Institute')",0.0011467889908256881,0.0021550370811473495,0.12287574331369952,6.822861689257309e-06,0.1324008773464047
"('0010504000', 'Materials Science and Engineering')",0.003211009174311927,0.003665532944247657,0.11049723756906077,2.9522778859013934e-07,0.11985563031215246
"('0032110000', 'Electrical Engineering & Renewable Energ')",0.0006880733944954129,0.0,0.0995093004678763,3.0690659297459456e-08,0.10562633321436414
"('0010504000', 'Mechanical Engineering')",0.0009174311926605505,3.5078045142637856e-08,0.09951157164376684,3.3281016401864674e-08,0.10574101211344672
"('0010504000', 'Research and Sponsored Programs')",0.0011467889908256881,1.2277315799923248e-07,0.09951384292333326,3.566944615195969e-08,0.10585569101252927
"('0013169000', 'Physics & Astronomy')",0.00022935779816513763,0.0,0.10270665002002309,2.2785895292444436e-07,0.1075677519623128
"('0011312000', 'Div. of Chemistry and Chemical Engineeri')",0.00022935779816513763,0.0,0.11681804785253061,3.4003815971948286e-05,0.12329510330842612
"('0013052000', 'Earth System Science')",0.0013761467889908258,0.001375831086584542,0.1322655017594952,0.0004062870358546597,0.14237292810400595
"('0017756000', 'Crop Sciences')",0.002522935779816514,0.008736198310208226,0.145658637624027,0.00023143657712906195,0.15984141845666963
"('0017756000', 'NRES')",0.0016055045871559634,0.005195775706896113,0.13667283157267798,9.535916617676864e-05,0.14919457495044341
"('0017756000', 'Department of Natural Resources and Envi')",0.0009174311926605505,0.0,0.1313965402929299,3.426571314621552e-05,0.1416114833478567
"('0023879000', 'Unknown Dept')",0.0027522935779816515,0.006952984865819119,0.13331702544031312,3.8108364159299214e-05,0.14541154223392425
"('P270059086', 'Unknown Dept')",0.0009174311926605505,0.0,0.1313965402929299,3.426571314621552e-05,0.14161148334785664
"('0500523000', 'Unknown Dept')",0.0016055045871559634,0.0009172207243896947,0.08858007760915057,1.0818256572208391e-08,0.09305442066418922
"('0500523000', 'Manufacturing Extension Partnership')",0.00045871559633027525,0.0,0.08137516564325575,9.917502121403012e-10,0.08447572895236699
"('0500523000', 'Engineering & Transportation Technology')",0.00045871559633027525,0.0,0.08137516564325575,9.917502121403012e-10,0.08447572895236699
"('0025650000', 'School of Biological Sciences')",0.0016055045871559634,0.0009173259585251225,0.12622680292985147,1.6581814708600444e-05,0.1362413367086531
"('0035352000', 'Earth and Enviromental Sciences')",0.0006880733944954129,0.0,0.12621949454303333,1.5083384737584615e-05,0.136011978910488
"('0018259000', 'Materials Engineering')",0.0009174311926605505,0.0009172207243896947,0.12167215493665234,5.398374542055439e-05,0.12878636812983116
"('6250015963', 'Advanced Manufacturing')",0.00045871559633027525,0.0,0.12166536443799532,5.321471282067805e-05,0.12855701033166606
"('0013052000', 'Biological Sciences')",0.00022935779816513763,0.0,0.11681178834561286,3.6390258820653686e-05,0.12321865070903776
"('0013052000', 'Chemical Engineering')",0.0013761467889908258,0.00045871559633027525,0.13225747740095856,0.0004347980664894715,0.14214357030584088
"('0013151000', 'Asian Languages and Cultures')",0.00045871559633027525,0.0,0.07677678382756921,2.131988401266021e-11,0.07952950590988041
"('P270038479', 'Unknown Dept')",0.00045871559633027525,0.0,0.07677678382756921,2.131988401266021e-11,0.07952950590988041
"('0036707000', 'Chemistry and Biochemistry')",0.0009174311926605505,0.001833599575695966,0.08780762879123535,7.793550739413845e-09,0.09258882391695807
"('0036707000', 'Chemistry')",0.00045871559633027525,0.0,0.08072579152008887,7.395926922041706e-10,0.08418448541194769
"('0036798000', 'Unknown Dept')",0.0009174311926605505,0.0009172207243896947,0.08072878092134499,7.510504568014513e-10,0.08441384321011276
"('0013177000', 'Structural Engineering')",0.00022935779816513763,0.0,0.11748538169275956,2.555421578137227e-06,0.12461134695265139
"('0018259000', 'Electrical & Computer Engineering')",0.00022935779816513763,0.0,0.15364014377334556,0.002261080899231077,0.16707709339589963
"('0037457000', 'Civil and Environmental Engineering')",0.00045871559633027525,0.0,0.0998694367455391,3.545778922884733e-08,0.10480033733355809
"('0037457000', 'Curriculum, Instruction & Special Educ.')",0.00045871559633027525,0.0,0.0998694367455391,3.545778922884733e-08,0.10480033733355809
"('0016105000', 'Hawaii Institute of Geophysics and Plan')",0.0009174311926605505,0.0,0.13214123352023033,3.613970560314265e-05,0.14482363775368348
"('0016105000', 'Mechanical Engineering')",0.0009174311926605505,0.0,0.13214123352023033,3.613970560314265e-05,0.14482363775368345
"('0016105000', 'Hawaii Natural Energy Institute')",0.0009174311926605505,0.0,0.13214123352023033,3.613970560314265e-05,0.14482363775368348
"('0032680000', 'Anthropology')",0.00022935779816513763,0.0,0.1315630657815329,3.0291119895091595e-05,0.141072899225557
"('0028381000', 'School of Health Technology and Managem')",0.00022935779816513763,0.0,0.11404954354024431,1.2356042650282682e-06,0.12151245593990422
"('0013144000', 'Education')",0.0011467889908256881,0.0032065893406239545,0.09068219633943428,1.9805183809197863e-09,0.09525366831649788
"('4040424000', 'Unknown Dept')",0.0009174311926605505,0.0,0.08315373905746382,2.251711660006677e-10,0.08673740614918676
"('4040424000', 'PBS KIDS Digital')",0.0009174311926605505,0.0,0.08315373905746382,2.251711660006677e-10,0.08673740614918678
"('0021550000', 'Harvard Graduate School of Education')",0.0009174311926605505,0.0,0.08315373905746382,2.251711660006677e-10,0.08673740614918675
"('4025045000', 'Unknown Dept')",0.0011467889908256881,0.0032078703970973717,0.14350602330327167,8.428117401583325e-05,0.15548781621029212
"('0013219000', 'Earth and Planetary Sciences and IGPP')",0.0009174311926605505,0.0,0.14081322869231017,8.001064364928365e-05,0.1519496940368493
"('0010637000', 'Global Undersea Research Unit')",0.0009174311926605505,0.0,0.14081322869231017,8.001064364928365e-05,0.1519496940368493
"('0021782000', 'Lab for Information & Decision Systems')",0.00022935779816513763,0.0,0.07917771401590819,5.389997399925786e-10,0.08262430293868327
"('0022905000', 'Plant Biology')",0.0006880733944954129,0.0,0.08998039418016716,6.9883987780759385e-09,0.0952929032463889
"('0022905000', 'Computational Mathematics in Science')",0.0006880733944954129,0.0,0.08998039418016716,6.9883987780759385e-09,0.09529290324638885
"('0022905000', 'Computer Science & Engineering')",0.0016055045871559634,0.001833599575695966,0.08998782274875648,7.238778175194111e-09,0.09575161884271916
"('7203581423', 'Unknown Dept')",0.00022935779816513763,0.0,0.11771693935957665,2.0358885526255558e-05,0.1240878951878007
"('0013706000', 'Geography / College of Arts & Sciences')",0.00045871559633027525,0.0,0.12933080208827716,2.1373562241557592e-05,0.14005649071876136
"('0023879000', 'Minnesota Population Center')",0.0020642201834862386,0.012923996714276687,0.14351074684835918,3.425720867063787e-05,0.15877690797988875
"('0029728000', 'Materials Science and Engineering')",0.0016055045871559634,0.002657414828935147,0.13960487976689828,4.012658046219742e-05,0.15313727343442557
"('0029728000', 'Plant and Microbial Biology')",0.0020642201834862386,0.011785961622491566,0.14451920845901423,6.830607100852883e-05,0.15902554600088858
"('0015693000', 'Materials Science and Engineering')",0.0011467889908256881,0.0013755153841782583,0.13511838353787034,1.3957238634709856e-05,0.14732833721264577
"('0035352000', 'Biomedical Engineering')",0.00022935779816513763,0.0,0.13234579893152015,5.5680754380458026e-05,0.1426114265449122
"('0010819000', 'Chemistry & Biochemistry')",0.0006880733944954129,0.0,0.14309156547423696,0.06306658809431132,0.16008534470117
"('0010819000', 'Department of Physics')",0.0006880733944954129,0.0,0.14309156547423696,0.06306658809431132,0.16008534470116997
"('0018093000', 'Biology')",0.0009174311926605505,0.00045871559633027525,0.10285444680349139,7.970472944039063e-08,0.10785641868206924
"('0035998000', 'Teaching and Learning')",0.0009174311926605505,0.0,0.12676998226383276,1.8652572486849407e-05,0.1376404950172151
"('0035998000', 'Mechanical Engineering')",0.002522935779816514,0.005862260443259588,0.1268216062130952,2.14857454914475e-05,0.1385579262098756
"('0035998000', 'Manufacturing Engineering')",0.0009174311926605505,0.0,0.12676998226383276,1.8652572486849407e-05,0.1376404950172151
"('0013482000', 'Division of Economics and Business')",0.00045871559633027525,0.0,0.1075321856656637,2.932982682862783e-06,0.11353189363135764
"('0025312000', 'Environmental engineering')",0.00045871559633027525,0.0,0.1075321856656637,2.932982682862783e-06,0.11353189363135766
"('0027078000', 'Geochemistry')",0.00022935779816513763,0.0,0.11394820061155686,8.309119209798072e-06,0.12214840344191344
"('0025544000', 'Nebraska Biomechanics Core Facility')",0.00045871559633027525,0.0,0.11542330703658601,4.776633527212777e-07,0.12282503726935065
"('0025544000', 'Biomechanics')",0.00045871559633027525,0.0,0.11542330703658601,4.776633527212777e-07,0.12282503726935062
"('0018408000', 'Computer Science and Engineering')",0.0022935779816513763,0.0018341959024633905,0.13047641848216424,5.174403796343675e-06,0.14212698975785845
"('6250002735', 'Education')",0.00022935779816513763,0.0,0.12188985183114341,1.4307325713982353e-05,0.1293094314242449
"('0019505000', 'Biomedical Engineering')",0.00022935779816513763,0.0,0.09137396261212172,7.289262676482336e-09,0.09529607831889506
"('4025938000', 'LTI')",0.0013761467889908258,0.0033608837471271994,0.14852159694781306,0.0005796408794413061,0.161587012948824
"('0001057000', 'The Robotics Institute')",0.00045871559633027525,0.0,0.14654969580854424,0.0005293010397586001,0.15797538884408055
"('7203584093', 'Unknown Dept')",0.00045871559633027525,0.0,0.12520460615110704,0.005304159001366439,0.13563958658568706
"('6250002815', 'Unknown Dept')",0.00045871559633027525,0.0,0.12520460615110704,0.005304159001366439,0.13563958658568706
"('0028035000', 'Lally School of Management and Technolog')",0.0009174311926605505,0.0,0.12078566085824306,1.0069262789121206e-05,0.13003456478985967
"('0028035000', 'Department of Mathematical Sciences')",0.0009174311926605505,0.0,0.12078566085824306,1.0069262789121206e-05,0.13003456478985967
"('0028035000', 'Interdiscipilinary Research Programs')",0.0009174311926605505,0.0,0.12078566085824306,1.0069262789121206e-05,0.13003456478985967
"('0028035000', 'Electrical, Computer and Systems Enginee')",0.0009174311926605505,0.0,0.12078566085824306,1.0069262789121206e-05,0.13003456478985967
"('0015354000', 'Research Computing - UFIT')",0.00022935779816513763,0.0,0.14307747842352248,0.05203267456935584,0.15981776060331068
"('4000790000', 'Education')",0.0011467889908256881,0.0009172207243896947,0.12119190571492106,3.3063119348610796e-06,0.13015722373132632
"('0034017000', 'Inst. at Brown for Environment and Socie')",0.0006880733944954129,0.0,0.14087692655659312,1.4343143571660123e-05,0.15440257818124722
"('4012498000', 'Unknown Dept')",0.0006880733944954129,0.0,0.14087692655659312,1.4343143571660123e-05,0.15440257818124725
"('0017756000', 'Food Science and Human Nutrition')",0.0013761467889908258,0.0,0.13991399781785507,0.0002593716813770756,0.1517169729143545
"('0017756000', 'Ctr for Nanoscale Sci & Technology')",0.0009174311926605505,0.0,0.13991399781785507,0.0002377219172882451,0.1517169729143545
"('0017756000', 'ABE')",0.0009174311926605505,0.0,0.13991399781785507,0.0002377219172882451,0.1517169729143545
"('0036046000', 'Bioengineering and Chemistry')",0.0006880733944954129,0.0,0.10522759086740358,2.3171886105175102e-07,0.11089545750989858
"('0036046000', 'Bioengineering')",0.0016055045871559634,0.0022918942354845295,0.1175899455202546,2.2896321603884796e-06,0.12591104114225377
"('0020065000', 'Computer Science')",0.0006880733944954129,0.0,0.10104989918186665,3.1209469046820085e-07,0.10674709458738392
"('0020065000', 'Unknown Dept')",0.0006880733944954129,0.0,0.10104989918186665,3.1209469046820085e-07,0.10674709458738393
"('0011536001', 'Chemistry and Biochemistry')",0.0009174311926605505,0.0,0.09926010244735345,7.368692681155705e-08,0.104128893583794
"('0011536001', 'Chemistry and Biochemistry / IRIS')",0.0009174311926605505,0.0,0.09926010244735345,7.368692681155705e-08,0.10412889358379397
"('0011536001', 'Chemistry & Biochemistry')",0.0009174311926605505,0.0,0.09926010244735345,7.368692681155705e-08,0.10412889358379397
"('0011536001', 'Department of Chemistry and Biochemistry')",0.0009174311926605505,0.0,0.09926010244735345,7.368692681155705e-08,0.10412889358379397
"('0032102000', 'Statistics')",0.00045871559633027525,0.0,0.12675892545644843,1.0766858371136522e-05,0.13503570120441397
"('0015693000', 'School of Chemistry and Biochemistry')",0.00045871559633027525,0.0009172207243896947,0.119050869672064,1.1920002895931044e-06,0.12683612429649227
"('0022335000', 'Computer Science / IMGD')",0.00045871559633027525,0.0,0.08568845564246688,1.2881072521330602e-08,0.0903659219650693
"('0022335000', 'Unknown Dept')",0.004357798165137615,0.006616808547675389,0.0937130574959699,1.3440772812478771e-07,0.10128714111592818
"('0016105000', 'Learning Design & Technology')",0.0009174311926605505,0.0,0.1232717916819814,1.0462895888563665e-05,0.13371381622140469
"('0016105000', 'Hawaiian Studies')",0.00045871559633027525,0.0,0.1232717916819814,9.652249602483615e-06,0.13371381622140469
"('0010637000', 'Department of Space Physics')",0.0011467889908256881,0.004213976256622551,0.1435863658817718,0.06104711272339925,0.16153575972956652
"('0028373000', 'Engineering Education')",0.00022935779816513763,0.0,0.09116570831155253,1.7159494573901757e-08,0.09454770605089378
"('0032102000', 'Civil Engineering')",0.0009174311926605505,2.4222267122119938e-05,0.1413610867944104,0.0006416424753781989,0.15323853611984248
"('0032102000', 'Dept. of Civil & Environmental Eng.')",0.00045871559633027525,0.0,0.13881813550687722,0.0005220823981505977,0.14953419255311395
"('0032102000', 'Civil and Construction Engineering')",0.0038990825688073397,0.009059217084708747,0.16118299445471349,0.005594826955241468,0.17960855976337495
"('0037986000', 'IAS (UW Tacoma)/ CEE (UW Seattle)')",0.0009174311926605505,0.0,0.16152934202726735,0.003960676423414307,0.1770326535722171
"('0037986000', 'Chemical Engineering/eScience Institute')",0.0009174311926605505,0.0,0.16152934202726735,0.003960676423414307,0.1770326535722171
"('0037986000', 'School of Interdisciplinary Arts & Scien')",0.0009174311926605505,0.0,0.16152934202726735,0.003960676423414307,0.1770326535722171
"('0037986000', 'Civil & Environmental Engineering')",0.0009174311926605505,0.0,0.16152934202726735,0.003960676423414307,0.1770326535722171
"('0036442000', 'Center for Transformative Undergraduate')",0.00045871559633027525,0.0,0.13918595371109338,0.00038325119992987466,0.14895170492546314
"('0036442000', 'Teacher Education')",0.00045871559633027525,0.0,0.13918595371109338,0.00038325119992987466,0.14895170492546314
"('0027110000', 'Electrical and Computer Engineering')",0.0022935779816513763,0.0064028657359759735,0.14323258869908015,0.00023494545587268552,0.15621118273927842
"('0027110000', 'Computer Science')",0.0011467889908256881,0.005948149036791959,0.12538463750611106,2.0435689061682167e-05,0.1342021228306981
"('0001057000', 'Psychology')",0.0006880733944954129,0.0,0.12865151962230748,4.184316086415077e-06,0.13855265752341447
"('0037549000', 'Building Construction')",0.0006880733944954129,0.0,0.12865151962230748,4.184316086415077e-06,0.13855265752341447
"('0023259000', 'Ecology and Evolutionary Biology')",0.0006880733944954129,0.000820348014643446,0.10461405571418288,2.2824593400086711e-07,0.11061282145554086
"('0023259000', 'Electrical Engineering & Computer Scienc')",0.00045871559633027525,0.0,0.10260996446306277,1.4643879573828297e-07,0.10787087958886883
"('0036798000', 'Agriculture/Agribusiness')",0.00045871559633027525,0.0,0.07470102456909845,7.145908210457272e-11,0.07741335451775605
"('0036798000', 'Agriculture')",0.00045871559633027525,0.0,0.07470102456909845,7.145908210457272e-11,0.07741335451775605
"('0018259000', 'Communication')",0.00022935779816513763,0.0,0.13142426525998493,0.0003317945166569137,0.14085518552548337
"('0020537000', 'Climate Change Institute/School of Earth')",0.0006880733944954129,0.0008746034331929427,0.12925028903447663,0.0001016907952937064,0.13876498819732777
"('0036756000', 'Department of Psychology')",0.0006880733944954129,0.0,0.14692007009030866,0.00017191407648587369,0.15955042059113103
"('0029769000', 'Anthropology')",0.0013761467889908258,0.002291473298942818,0.12392700812915695,2.4649063917212307e-05,0.13299405910543247
"('0029769000', 'Department of Computer Science')",0.0009174311926605505,0.0,0.11027644990768141,2.7868599230536074e-06,0.11652558461955251
"('0029769000', 'Unknown Dept')",0.0009174311926605505,0.0,0.11027644990768141,2.7868599230536074e-06,0.11652558461955252
"('7203589504', 'Unknown Dept')",0.0009174311926605505,0.0,0.11027644990768141,2.7868599230536074e-06,0.11652558461955251
"('0036327000', 'Landscape Architecture and Urban Plannin')",0.0013761467889908258,0.0009172207243896947,0.13416623072899037,6.544381914147434e-05,0.14654413088185952
"('0015354000', 'M. E. Rinker, Sr. School of Construction')",0.00045871559633027525,0.0,0.11830145163478496,5.987998965840919e-06,0.1261817496641086
"('5300012886', 'Agricultural Economics')",0.00045871559633027525,0.0,0.11830145163478496,5.987998965840919e-06,0.1261817496641086
"('0010090000', 'Industrial and Systems Engineering')",0.00045871559633027525,0.0,0.11438765872599434,3.7492586187341506e-07,0.1223529353546547
"('0011080000', 'Computer Science/Computer Engineering')",0.00022935779816513763,0.0,0.06099181646499265,1.5750299763811779e-13,0.06285424087769713
"('0011080000', 'Department of Electrical Engineering')",0.0011467889908256881,0.00045871559633027525,0.06495247743050384,1.88011917635653e-12,0.06764985455188326
"('0034488000', 'Mechanical Engineering')",0.0009174311926605505,0.0,0.10227059485832239,5.884636532228491e-07,0.10807728039291374
"('4202602000', 'Chemistry')",0.00045871559633027525,0.0,0.10809738682005256,3.0384483931954024e-07,0.11415482047109651
"('7203578639', 'Unknown Dept')",0.00045871559633027525,0.0,0.10809738682005256,3.0384483931954024e-07,0.11415482047109651
"('0019893001', 'Department of Anthropology')",0.0013761467889908258,0.00045871559633027525,0.10372802321985107,6.289559510059435e-07,0.11162197337875136
"('0019893001', 'Anthropology')",0.00022935779816513763,0.0,0.09398172098637696,5.2650488366639364e-08,0.09923433366437195
"('6250004721', 'School of Engineering')",0.0020642201834862386,7.892560157093518e-07,0.11105450840550178,5.136229556664226e-06,0.11846903878892273
"('0015982000', 'Unknown Dept')",0.001834862385321101,0.002749136553918814,0.14315734173890202,0.07243581418395086,0.16096454959413634
"('0037549000', 'Crop and Soil Environmental Science')",0.0009174311926605505,0.0,0.12525136455041655,0.008176225017562174,0.136159464261528
"('0013151000', 'Ecology and Evolutionary Biology')",0.0009174311926605505,0.0,0.12525136455041655,0.008176225017562174,0.13615946426152797
"('0036327000', 'TEEX/ESTI')",0.00022935779816513763,0.0,0.11680552950947036,6.486180379674379e-06,0.12417461657039343
"('0017756000', 'Department of Educational Psychology')",0.00045871559633027525,0.0,0.14091790562378798,0.0006235634904832099,0.1516784349697187
"('0037986000', 'Sociology')",0.00045871559633027525,0.0,0.14091790562378798,0.0006235634904832099,0.15167843496971875
"('0014456000', 'Computer Science')",0.0009174311926605505,0.0,0.11542636274587668,5.035393019929684e-07,0.12301616876782155
"('0037549000', 'Commonwealth Cyber Initiative')",0.0009174311926605505,0.0,0.11542636274587668,5.035393019929684e-07,0.12301616876782158
"('0037549000', 'CCI')",0.0009174311926605505,0.0,0.11542636274587668,5.035393019929684e-07,0.12301616876782155
"('0014456000', 'research')",0.0016055045871559634,0.001833599575695966,0.13047251398988538,4.446380659329581e-06,0.14201231085877591
"('0014456000', 'Neurology')",0.0009174311926605505,0.0,0.11542636274587668,5.035393019929684e-07,0.12301616876782158
"('0036046000', 'Mechanical Engineering')",0.0006880733944954129,0.00045871559633027525,0.11756140965837086,2.024740318792683e-06,0.12528030719729963
"('6250013688', 'Unknown Dept')",0.00045871559633027525,0.0,0.11755823986194995,2.011523626195779e-06,0.12516562829821706
"('0026310000', 'Dept of Biological Sciences')",0.0006880733944954129,0.0,0.09316438385435587,2.876634604522194e-08,0.09711044776745263
"('0026310000', 'Biological Sciences')",0.0006880733944954129,0.0,0.09316438385435587,2.876634604522194e-08,0.09711044776745263
"('0026294000', 'Genetics')",0.0006880733944954129,0.0,0.09316438385435587,2.876634604522194e-08,0.09711044776745265
"('0030056000', 'Department of Chemical Engineering')",0.0009174311926605505,0.0,0.1258587841348652,5.5891926056386655e-05,0.1354557420153743
"('0030056000', 'Physics and Astrophysics')",0.0009174311926605505,0.0,0.1258587841348652,5.5891926056386655e-05,0.13545574201537433
"('0030056000', 'Basic Sciences')",0.0009174311926605505,0.0,0.1258587841348652,5.5891926056386655e-05,0.1354557420153743
"('0018697000', 'Geological And Atmospheric Sciences')",0.0009174311926605505,0.0,0.1258587841348652,5.5891926056386655e-05,0.1354557420153743
"('0015354000', 'Soil and Water Sciences')",0.0009174311926605505,0.003293729624121417,0.13346394024733685,4.104709253014314e-06,0.14520125421214844
"('0010819000', 'Geographical Sciences & Urban Planning')",0.0006880733944954129,0.0,0.14308686948245875,0.06627845883381478,0.1600471184014758
"('0010819000', 'Computer Science')",0.0006880733944954129,0.0,0.14308686948245875,0.06627845883381478,0.1600471184014758
"('0033712000', 'CIS')",0.0006880733944954129,0.00045871559633027525,0.11659312742345233,2.9926741222787586e-06,0.12299801348438663
"('0016105000', 'Natural Resources and Environmental Man')",0.0009174311926605505,0.0,0.12491404996561999,2.476020971877408e-05,0.13607463519346252
"('0016105000', 'Water Resources Research Center')",0.0022935779816513763,0.0020867292537781338,0.12781051212147862,0.00013759988842877683,0.14081920755085878
"('0016105000', 'Atmospheric Sciences')",0.0013761467889908258,1.4031218057055142e-07,0.12492120795369893,2.8590066164021973e-05,0.13630399299162765
"('7203583653', 'Unknown Dept')",0.0009174311926605505,0.0,0.12491404996561999,2.476020971877408e-05,0.1360746351934625
"('0013508000', 'Department of Physics')",0.00022935779816513763,0.0,0.11456499461334314,5.2957366977891e-06,0.12322010694902594
"('0027854000', 'ECE')",0.00022935779816513763,0.0,0.1367843137254902,0.0002455327562744746,0.14854948163906612
"('4091829000', 'Unknown Dept')",0.0011467889908256881,0.0,0.1149789029535865,7.665399004384519e-06,0.12193901577974628
"('0023259000', 'Educational Studies')",0.0009174311926605505,0.00045871559633027525,0.11498193517761544,7.1159101224567684e-06,0.12205369467882879
"('0023259000', 'School of Education')",0.0013761467889908258,0.002749136553918814,0.11499709869705121,7.728198336586276e-06,0.12224482617729975
"('7203591410', 'Unknown Dept')",0.00045871559633027525,0.0,0.0729841477092017,3.580488465707509e-11,0.0753946661139506
"('0015941000', 'Arts and Visual Culture')",0.00045871559633027525,0.0,0.0729841477092017,3.580488465707509e-11,0.0753946661139506
"('5300008009', 'Research')",0.00022935779816513763,0.0,0.1016980779996268,2.2821691413744628e-07,0.10662925502796504
"('0026229000', 'School of Computer Science and Technolog')",0.0013761467889908258,0.0009172207243896947,0.1113409433335887,4.057569868189653e-07,0.11880934050658708
"('0026229000', 'Computer Science')",0.0009174311926605505,0.0,0.10019073005951697,4.095708827655455e-08,0.10517773898389644
"('0026229000', 'Department of Computer Science and Techn')",0.00045871559633027525,0.0,0.10019073005951697,3.775962224671667e-08,0.10517773898389643
"('0025163000', 'Dept. of Computer Science')",0.00022935779816513763,0.0,0.1246462163012093,3.376817229013042e-05,0.13294529502098304
"('0001057000', 'Department of Statistics')",0.00045871559633027525,0.0,0.14686068445163028,0.0011481842508995561,0.15999124155660743
"('0017392000', 'Statistics and Data Science')",0.00045871559633027525,0.0,0.14686068445163028,0.0011481842508995561,0.15999124155660743
"('0035352000', 'Computer Science and Engineering')",0.00022935779816513763,0.0,0.1315630657815329,3.0291119895091595e-05,0.14107289922555696
"('0035352000', 'Department of Biological Sciences')",0.0006880733944954129,0.0,0.13235785191706384,6.693637580008113e-05,0.14287901064277153
"('0035352000', 'Vand Inst for Integ Biosystem Res & Edu')",0.0006880733944954129,0.0,0.13235785191706384,6.693637580008113e-05,0.14287901064277153
"('6250010451', 'Unknown Dept')",0.0011467889908256881,0.0007174520282744854,0.11717595205461044,4.759370691131397e-06,0.12742043898192684
"('0028357000', 'Department of Nanoscale Science and Engi')",0.0009174311926605505,0.0,0.11036857027136493,6.064670183471408e-07,0.11717334791639836
"('6250017736', 'Unknown Dept')",0.00045871559633027525,0.0,0.11036857027136493,5.595258273657407e-07,0.11717334791639836
"('5300001194', 'Physics & Astronomy')",0.00022935779816513763,0.0,0.10328327095276449,3.997777461607011e-06,0.10875255281417245
"('0016261000', 'Forest, Rangeland, and Fire Sciences')",0.0006880733944954129,0.0012149211976886089,0.11486379682807313,0.00026456166250215867,0.12303339168102359
"('P270050188', 'Unknown Dept')",0.00022935779816513763,0.0,0.12724354297388005,7.110568915240317e-06,0.1356849699739605
"('0037986000', 'Electrical and Computer Engineering')",0.0009174311926605505,0.0003029629248482814,0.13893314638965013,0.0003250587692097266,0.15131238409908085
"('0037986000', 'Electrical & Computer Engineering')",0.0027522935779816515,0.0063437478304045666,0.14963791742458044,0.000482575273780256,0.1654271862184699
"('0029231000', 'Department of Geological Sciences')",0.0009174311926605505,0.0,0.10825305392789751,1.3273354405181769e-06,0.11503547027865622
"('0029231000', 'Psychology')",0.0009174311926605505,0.0,0.10825305392789751,1.3273354405181769e-06,0.11503547027865622
"('0029231000', 'Political Science')",0.0009174311926605505,0.0,0.10825305392789751,1.3273354405181769e-06,0.11503547027865622
"('0029231000', 'Biology')",0.0009174311926605505,0.0,0.10825305392789751,1.3273354405181769e-06,0.11503547027865622
"('0032565000', 'Chemical and Biological Engineering')",0.001834862385321101,0.0027976218418155224,0.12611361795672799,7.965952297518978e-06,0.13625751828446753
"('0031849000', 'Chemical, Biological & Materials Engr.')",0.0009174311926605505,0.0,0.12488900346595629,6.587706253477187e-06,0.1339111433291477
"('0033787000', 'Chemical and Biomolecular Engineering')",0.0009174311926605505,0.0,0.12488900346595629,6.587706253477187e-06,0.1339111433291477
"('6200000795', 'Unknown Dept')",0.00045871559633027525,0.00045871559633027525,0.13903947955864532,0.0002859027551220057,0.1491780212651767
"('0016550000', 'Unknown Dept')",0.00022935779816513763,0.0,0.1220707226250805,2.4013737781260325e-05,0.12864670211287163
"('0018259000', 'Lyles school of Civil Engineering')",0.00022935779816513763,0.0,0.12584062112159783,7.778582870460905e-05,0.1338667757446425
"('0036442000', 'Climate Science Center')",0.00045871559633027525,0.0,0.11425277115379576,4.066419988636112e-06,0.12153265640262997
"('0028357000', 'Atmospheric & Environmental Sciences')",0.00045871559633027525,0.0,0.10807595062218035,1.4323724271234206e-06,0.11395443719124812
"('0028357000', 'Atmospheric Sciences Research Center')",0.0009174311926605505,0.0,0.10807595062218035,1.5524878549182514e-06,0.11395443719124815
"('0028357000', 'Unknown Dept')",0.002522935779816514,0.005952989807021643,0.12116496220542464,1.5535019096597533e-05,0.1302416136361088
"('0036046000', 'BioSciences')",0.00022935779816513763,0.0,0.10521997248835582,1.9256600791179508e-07,0.11062787341203927
"('0027854000', 'Mathematics')",0.0011467889908256881,0.0015129343403703069,0.1402921680931849,0.00030841070521105146,0.1537911958372022
"('0027854000', 'Computer Science')",0.0009174311926605505,0.003670551739290987,0.14099537561038708,0.00028028152266791227,0.15428304334554338
"('0022301000', 'Biology')",0.0009174311926605505,2.866325013795928e-05,0.12390587700352393,1.002155948369615e-05,0.13261622679053858
"('0030056000', 'Sociology')",0.0009174311926605505,0.0,0.09352811206212326,3.949549770158308e-08,0.0978374618463303
"('0030056000', 'Unknown Dept')",0.0016055045871559634,0.0006875998408859873,0.10316840585882965,1.9565688764639888e-07,0.10912981055267015
"('0030056000', 'Chemistry')",0.0016055045871559634,0.0006875998408859873,0.10316840585882965,1.9565688764639888e-07,0.10912981055267014
"('0030056000', 'Biomedical Sciences')",0.0009174311926605505,0.0,0.09352811206212326,3.949549770158307e-08,0.09783746184633031
"('0030056000', 'Equal Opportunity & Title IX')",0.0009174311926605505,0.0,0.09352811206212326,3.949549770158307e-08,0.09783746184633031
"('0014175000', 'Civil & Environmental Engineering')",0.00022935779816513763,0.0,0.10542605667859561,4.859719139165843e-07,0.11081814794307894
"('0015354000', 'Department of Animal Science')",0.00045871559633027525,0.0,0.12940373371323421,3.932437952855953e-06,0.13934984135385534
"('0013706000', 'Ecology & Evolutionary Biology')",0.0011467889908256881,0.00045871559633027525,0.12646845540246557,3.796163141748395e-06,0.13659652315514426
"('0013706000', 'EBIO')",0.0009174311926605505,0.0,0.12646478709827125,3.7703865782876144e-06,0.1364818442560617
"('0013706000', 'Ecology and Evolutionary Biology')",0.0009174311926605505,0.0,0.12646478709827125,3.7703865782876144e-06,0.1364818442560617
"('0013706000', 'E and E Biology')",0.0009174311926605505,0.0,0.12646478709827125,3.7703865782876144e-06,0.1364818442560617
"('0010827000', 'SICCS and Ecoss')",0.00045871559633027525,0.0,0.11969472354911327,8.490307913388087e-06,0.12818366425877856
"('0023259000', 'ISR')",0.0009174311926605505,0.0,0.1268142287891568,0.0002313432038432122,0.13689160205687437
"('0023259000', 'SRC, PSID')",0.0009174311926605505,0.0,0.1268142287891568,0.0002313432038432122,0.13689160205687437
"('0023259000', 'Institute for Social Research/Panel Stud')",0.0009174311926605505,0.0,0.1268142287891568,0.0002313432038432122,0.13689160205687437
"('0038000000', 'Unknown Dept')",0.003211009174311927,0.010221716030540562,0.135956843057158,3.0762037270235415e-05,0.14960533127677547
"('5300009951', 'Unknown Dept')",0.0009174311926605505,0.0,0.13242619365812172,2.5680815623747057e-05,0.14322085152360314
"('0038000000', 'Entomology')",0.0011467889908256881,0.0005149050033602503,0.13322740328790564,2.6019289491592176e-05,0.14422424956541854
"('0036756000', 'Natural History Museum of Utah')",0.0009174311926605505,0.0,0.13242619365812172,2.5680815623747057e-05,0.1432208515236032
"('0034256000', 'Agricultural Sciences')",0.0009174311926605505,0.0,0.14618608549874265,0.0016888280350541745,0.16021448862045112
"('0036707000', 'Information Technology Program')",0.0013761467889908258,0.0003184981133576618,0.14619588907889883,0.0017393271851828336,0.16044384641861628
"('0036327060', 'Civil Engineering')",0.0009174311926605505,0.0,0.13182958909079914,5.578975077469643e-05,0.14198615827342834
"('0036327060', 'Zachry Department of Civil Engineering')",0.0009174311926605505,0.0,0.13182958909079914,5.578975077469643e-05,0.14198615827342834
"('0013706000', 'Institute of Cognitive Science')",0.00022935779816513763,0.0,0.13801836024058245,8.007916796517205e-05,0.14883965177728636
"('0036327060', 'Electrical Engineering')",0.0011467889908256881,0.005400182349460852,0.13275683575908898,2.013597478188735e-05,0.14268190429600922
"('0036582000', 'Inst. for Comp. Engineering & Sciences')",0.00045871559633027525,0.0,0.13870772754748195,4.852753394233508e-05,0.14908806439483013
"('0036582000', 'TACC')",0.0009174311926605505,0.008591800167519722,0.14850136239782016,6.128533219840346e-05,0.16205221415943788
"('0018259000', 'Civil Eng/Environ & Ecological Eng')",0.0006880733944954129,0.0,0.14090879710425958,0.00038614995252260096,0.15178247466091452
"('0018259000', 'Material Science and Engineering')",0.0006880733944954129,0.0,0.14090879710425958,0.00038614995252260096,0.15178247466091455
"('0018259000', 'School of Health Sciences')",0.0006880733944954129,0.0,0.14090879710425958,0.00038614995252260096,0.15178247466091455
"('0021048000', 'Geographical Medicine')",0.00022935779816513763,0.0,0.12518303712423556,0.004782466070092774,0.13539111563767484
"('4002457000', 'Delbruck Laboratory')",0.0006880733944954129,0.0,0.11448677887771447,0.0008901698560522469,0.12255471783568021
"('0022210000', 'Biology')",0.0013761467889908258,0.005948149036791959,0.12924262635245296,0.008850457765044275,0.14139868795832042
"('0022210000', 'Department of Biology')",0.0006880733944954129,0.0,0.11448677887771447,0.000890169856052247,0.12255471783568021
"('0019893001', 'Computer Science')",0.0011467889908256881,0.0,0.1037255555026883,6.248882953175978e-07,0.11150729447966878
"('0019893001', 'Department of Mechanical Engineering')",0.0020642201834862386,0.010951085069170398,0.11565600297097989,4.937569393888617e-06,0.12658983533106538
"('0019893001', 'Biosystems and Agricultural Engineering')",0.001834862385321101,0.0013755153841782583,0.10373295900644762,6.39799656829005e-07,0.1118513311769165
"('0013284000', 'Electrical and Computer Engineering')",0.0011467889908256881,0.0,0.1037255555026883,6.248882953175977e-07,0.11150729447966878
"('0037986000', 'Oceanography, Applied Physics Lab')",0.00045871559633027525,0.0,0.16155926927780043,0.0033019655205556836,0.1769944272725229
"('0022335000', 'Mathematical Sciences')",0.0006880733944954129,0.0,0.08569013973781962,1.4086764894920918e-08,0.09048060086415186
"('0001057000', 'NextManufacturing Center')",0.0006880733944954129,0.0,0.08569013973781962,1.4086764894920918e-08,0.09048060086415186
"('0011494001', 'INRSEP - Indian Natural Resources Scienc')",0.00022935779816513763,0.0,0.12330316742081449,0.0002024367563555314,0.13236582043533557
"('0038950000', 'DMSE')",0.00022935779816513763,0.0,0.12195121951219512,1.1787954892136648e-06,0.13022847724395872
"('0028381000', 'Psychology')",0.0009174311926605505,0.0,0.1092896174863388,8.129463435275481e-07,0.11590251734983172
"('0028381000', 'Psychology Department')",0.0013761467889908258,7.946591094851679e-05,0.10931701935613279,1.0359404161959632e-06,0.1163421197963149
"('0028381000', 'Linguistics and Institute for Advanced C')",0.0009174311926605505,0.0,0.1092896174863388,8.129463435275481e-07,0.11590251734983172
"('0028068000', 'Chester F. Carlson Center for Imaging Sc')",0.00022935779816513763,0.0,0.1266411060764494,1.8570838039684056e-06,0.13636177310202535
"('0021287000', 'School of Education')",0.0013761467889908258,0.003980143852889603,0.1307581573896353,9.646199175208977e-06,0.141447028697602
"('4002911000', 'U.S. Division-STEM')",0.001834862385321101,0.00045871559633027525,0.12477820388071661,7.598171104624654e-06,0.13451456968557604
"('0021584000', 'Unknown Dept')",0.0011467889908256881,0.0,0.12477463297370002,6.9580153782698425e-06,0.13439989078649342
"('0021287000', 'Engineering Department')",0.0011467889908256881,0.0,0.12477463297370002,6.9580153782698425e-06,0.13439989078649348
"('0034256000', 'Department of Industrial Engineering')",0.0009174311926605505,0.0,0.11128410628142628,1.628249304450363e-06,0.11839092364507113
"('0023879000', 'Urban Research and Outreach Engagement C')",0.0009174311926605505,0.0,0.11128410628142628,1.628249304450363e-06,0.11839092364507113
"('0021998000', 'Mechanical and Industrial Engineering')",0.0009174311926605505,0.0,0.11128410628142628,1.628249304450363e-06,0.11839092364507113
"('0026393000', 'Mechanical Engineering')",0.0011467889908256881,0.0,0.10313911953256216,5.749737828974628e-07,0.10904357344774708
"('0026393000', 'Unknown Dept')",0.0011467889908256881,0.0,0.10313911953256216,5.749737828974628e-07,0.1090435734477471
"('0026393000', 'College of Arts and Letters')",0.0006880733944954129,0.0,0.10313911953256216,5.30233808410898e-07,0.10904357344774708
"('0013128000', 'Physics')",0.0013761467889908258,0.002309425022056285,0.12370549014044545,6.000994764513842e-06,0.13298835634743547
"('0010835000', 'Hydrology and Atmospheric Sciences')",0.0006880733944954129,0.0,0.1256556573865929,4.055546076390011e-05,0.13447508022049232
"('0010835000', 'Arizona Research Labs')",0.0013761467889908258,0.0019727275691607715,0.14311505005744296,0.0004005433655535687,0.1568670193211473
"('0026278000', 'Department of Civil and Environmental En')",0.0009174311926605505,0.00038092155085973786,0.12716931602741724,4.2491477341404376e-05,0.13636924619722712
"('0018408000', 'Information Technology, Analytics, & Ope')",0.0006880733944954129,0.0,0.13044128646222888,4.275854262255097e-06,0.14140069006366893
"('0010504000', 'CBIS')",0.00045871559633027525,0.0,0.12283420200028174,6.861197438190154e-05,0.13013002574642454
"('0025163000', 'Unknown Dept')",0.0013761467889908258,0.0032065893406239545,0.1150061987286012,1.6444205824898656e-06,0.12293855036400854
"('0029744000', 'Department of Geography')",0.0013761467889908258,0.004120863509221667,0.12988947478177973,1.7260289960140148e-05,0.1412813479843292
"('4007688000', 'Infectious Diseases')",0.00045871559633027525,0.0,0.11498496756158025,1.585224110542791e-06,0.12236515586859567
"('0001057000', 'Heinz School of Public Policy and Mgmt')",0.0009174311926605505,0.0,0.13917706770517446,0.0003639023485292667,0.1507253784059971
"('0001057000', 'The Heinz School')",0.0009174311926605505,0.0,0.13917706770517446,0.0003639023485292667,0.1507253784059971
"('0001057000', 'Information Systems')",0.0009174311926605505,0.0,0.13917706770517446,0.0003639023485292667,0.1507253784059971
"('0001057000', 'Heinz College')",0.0016055045871559634,0.00031469126287554883,0.14926395070181445,0.001544140412368918,0.16409703064519507
"('0034272000', 'Department of Science and Mathematics')",0.00045871559633027525,0.0,0.1252010107971514,0.007599685194668295,0.1356395865856871
"('0034272000', 'Provost Office')",0.00045871559633027525,0.0,0.1252010107971514,0.007599685194668295,0.1356395865856871
"('0020776000', 'Department of Mechanical Engineering')",0.00022935779816513763,0.0,0.11128978737524568,5.382618167637667e-07,0.1184011270355683
"('0028829000', 'Department of Chemistry')",0.00022935779816513763,0.0,0.10747916974806489,7.028470044591259e-07,0.11301589165572891
"('0021030000', 'Department of Mechanical Engineering')",0.00022935779816513763,0.0,0.13158688959980686,0.000741734484324817,0.1424266998292231
"('0025320000', 'Mathematical Sciences')",0.00022935779816513763,0.0,0.07457835859190586,6.693298364855996e-11,0.07718877920025687
"('0018697000', 'Landscape Architecture')",0.0009174311926605505,0.0,0.12740342469756297,6.178858974629815e-05,0.13747989204984554
"('0018697000', 'Architecture')",0.0009174311926605505,0.0,0.12740342469756297,6.178858974629815e-05,0.13747989204984556
"('0018697000', 'Extension 4-H Youth Development')",0.0009174311926605505,0.0,0.12740342469756297,6.178858974629815e-05,0.13747989204984556
"('0032565000', 'Chemical Engineering')",0.0009174311926605505,0.0,0.11754556238542004,2.0184998600754204e-06,0.12510736246873538
"('0016162000', 'Mathematics')",0.0011467889908256881,0.0,0.12332060528920945,1.3227239535391541e-05,0.13425662967706223
"('0016105000', 'Math&Sciences')",0.0011467889908256881,0.0,0.12332060528920945,1.3227239535391541e-05,0.13425662967706226
"('0001479000', 'Mathematics Department')",0.0011467889908256881,0.0,0.12332060528920945,1.3227239535391541e-05,0.13425662967706226
"('0015792001', 'Mathematics')",0.0011467889908256881,0.0,0.12332060528920945,1.3227239535391541e-05,0.13425662967706223
"('0016162000', 'Department of Computer Science')",0.0013761467889908258,0.005034295804735957,0.12335898596650068,1.3327357096349054e-05,0.1346771189736983
"('0039446000', 'Electrical & Computer Engineering')",0.0011467889908256881,0.0,0.10020684900022983,5.417932277768958e-08,0.10567468087992085
"('0039446000', 'Electrical and Computer Engineering')",0.0011467889908256881,0.0,0.10020684900022983,5.417932277768958e-08,0.10567468087992085
"('0039446000', 'Electrical Engineering Department')",0.0011467889908256881,0.0,0.10020684900022983,5.417932277768958e-08,0.10567468087992085
"('0039545000', 'Florida Space Institute')",0.0011467889908256881,0.0,0.10020684900022983,5.417932277768958e-08,0.10567468087992085
"('0039446000', 'Electrical Engineering')",0.0022935779816513763,0.0027496627245959535,0.1113523177116588,4.2357619371841453e-07,0.11926805610291737
"('0039545000', 'Directors Office')",0.0011467889908256881,0.0,0.10020684900022983,5.417932277768958e-08,0.10567468087992085
"('0029744000', 'Environmental Sciences and Engineering')",0.0009174311926605505,0.0,0.11470062085657161,3.8281875110504825e-06,0.12265871849638016
"('0029058000', 'Arts and Sciences')",0.0009174311926605505,0.0,0.11470062085657161,3.8281875110504825e-06,0.12265871849638019
"('0015354000', 'Department of Chemical Engineering')",0.00022935779816513763,0.0,0.1008488885804825,5.174412909225984e-07,0.10472128354346204
"('P269947724', 'Center for Space Physics')",0.00022935779816513763,0.0,0.11495162013235255,5.766747697537703e-06,0.12153763963295729
"('4005658000', 'Methodology and Quantitative Social Scie')",0.00022935779816513763,0.0,0.10310741143640921,1.4830535530251043e-07,0.10806329679120226
"('4008124000', 'Organizational and Management Research')",0.0009174311926605505,0.00045871559633027525,0.11495768186252538,1.7677194318217269e-06,0.12236897849856508
"('0001057000', 'Dept. of Materials Science & Engineering')",0.00045871559633027525,0.0,0.11642811365092928,7.94291003110968e-07,0.1244331052334963
"('0001057000', 'Engineering')",0.0006880733944954129,0.0009172207243896947,0.11643433210489772,8.000740134350465e-07,0.1245860104322731
"('0010819000', 'Consortium for Science, Policy & Outcome')",0.00022935779816513763,0.0,0.12905135415125055,0.01749684069641977,0.1412883726874546
"('0015693000', 'School of Earth and Atmospheric Sciences')",0.00022935779816513763,0.0,0.14142069412909503,0.0002856827427981689,0.15157174034366355
"('0037549000', 'Biological Sciences')",0.0011467889908256881,0.00045871559633027525,0.15699830758705124,0.0020387667536199464,0.173939963578724
"('0029728000', 'Department of Physics')",0.00022935779816513763,0.0,0.12135381874860833,6.957712256753512e-05,0.12990314667493505
"('0010827000', 'Mechanical Engineering')",0.0020642201834862386,0.00281015199952622,0.14416082528766036,0.0002633312293629128,0.15775049523615967
"('7203590374', 'Unknown Dept')",0.0016055045871559634,0.0020909254394732893,0.1439751675857742,0.0002929138406112258,0.15855261519825659
"('0010827000', 'School of Forestry')",0.00045871559633027525,0.0,0.1319492782132373,4.6701783684145165e-05,0.14220542995485616
"('0017756000', 'National Center for Supercomputing Appli')",0.00045871559633027525,0.0,0.12118853712093838,2.9691900457195673e-06,0.12911150266654822
"('0025650000', 'Holland Computing Center')",0.0013761467889908258,0.0012815633339446615,0.13605017630355415,3.213651174702575e-05,0.14798661487594894
"('0014894000', 'Department of Biological Science')",0.0006880733944954129,0.0,0.11563759813282411,1.6980434288919031e-06,0.12408466915347563
"('0010090000', 'Unknown Dept')",0.002522935779816514,0.009798513726766505,0.11877196327875998,1.8654731523638388e-06,0.1295065341768318
"('4201968000', 'Department of Zoology')",0.0006880733944954129,0.0,0.11563759813282411,1.698043428891903e-06,0.12408466915347566
"('0013128000', 'Department of Chemistry')",0.0006880733944954129,0.0,0.14112315908723094,0.0001314760749867486,0.15336007073965732
"('7203578218', 'Unknown Dept')",0.0006880733944954129,0.0,0.14112315908723094,0.0001314760749867486,0.1533600707396573
"('0022210000', 'Engineering')",0.0006880733944954129,0.0,0.10923485493811695,3.3886500183477806e-07,0.11681048901029897
"('6250004721', 'Molecular and Cellular Biology')",0.0011467889908256881,0.0,0.10513117283950617,3.2928596622882916e-07,0.11190911928060972
"('0011080000', 'Poultry Science')",0.0011467889908256881,0.0,0.10513117283950617,3.2928596622882916e-07,0.11190911928060975
"('0020537000', 'School of Biology and Ecology')",0.0011467889908256881,0.0,0.10513117283950617,3.2928596622882916e-07,0.11190911928060975
"('0011080000', 'Mathematical Sciences')",0.001834862385321101,0.0013755153841782583,0.10513877836456148,3.375510962333624e-07,0.11225315597785744
"('0039396000', 'Science & Technology')",0.0011467889908256881,0.0,0.10513117283950617,3.2928596622882916e-07,0.11190911928060975
"('0010827000', 'Institute for Human Development')",0.0006880733944954129,0.0,0.11757092007334699,3.6484117511342554e-05,0.12575442565020237
"('0010827000', 'Unknown Dept')",0.0020642201834862386,0.002684782284432324,0.133231474407945,0.00039973368169357403,0.14656574917182683
"('0013136000', 'Neurobiology, Physiology and Behavior')",0.00022935779816513763,0.0,0.14267015706806283,0.00010700941990086911,0.1558349505998579
"('0035949000', 'Department of Computer Science and Engin')",0.00022935779816513763,0.0,0.10104287369640788,2.595150704237644e-07,0.10647951048952459
"('0080010000', 'Occupational Therapy')",0.0011467889908256881,0.0006014258709644538,0.1324422843256379,8.757060258831432e-05,0.1423029262067307
"('7203586225', 'Unknown Dept')",0.00045871559633027525,0.0,0.12344979896936406,9.972482764589535e-06,0.13122155981573144
"('0033795000', 'Mechanical & Materials Science')",0.00045871559633027525,0.0,0.1337997913214264,2.5278553026613366e-05,0.1432784523370732
"('0033795000', 'Chemical and Petroleum Engineering')",0.0013761467889908258,0.0021609389142291245,0.13534067980754308,2.8026760028999106e-05,0.1454212547436371
"('6250035748', 'Unknown Dept')",0.0009174311926605505,0.0,0.12524776651058572,0.015969143666866515,0.13625120738079402
"('0010819000', 'Learning Sciences Institute')",0.0009174311926605505,0.0,0.12524776651058572,0.015969143666866515,0.13625120738079402
"('0010819000', 'ISTL')",0.0009174311926605505,0.0,0.12524776651058572,0.015969143666866515,0.13625120738079402
"('5300007300', 'Unknown Dept')",0.0009174311926605505,0.0,0.12524776651058572,0.015969143666866515,0.13625120738079405
"('0026633000', 'Civil & Environmental Engineering')",0.0009174311926605505,0.0,0.12110774700702759,5.08272091730158e-05,0.13042289673883606
"('0026633000', 'Educational Psychology')",0.0009174311926605505,0.0,0.12110774700702759,5.08272091730158e-05,0.13042289673883606
"('0026633000', 'Earth Data Analysis Center')",0.0009174311926605505,0.0,0.12110774700702759,5.08272091730158e-05,0.13042289673883603
"('0026633000', 'Geography and Environmental Studies')",0.0009174311926605505,0.0,0.12110774700702759,5.08272091730158e-05,0.13042289673883606
"('0023259000', 'CoE EECS CSE AI')",0.0006880733944954129,0.00017096354240320416,0.13338228095937346,0.0002111372179239482,0.14477199256341128
"('0010504000', 'Mathematics')",0.0009174311926605505,3.5078045142637856e-08,0.09951157164376684,3.328101640186468e-08,0.1057410121134467
"('0010504000', 'Unknown Dept')",0.0006880733944954129,0.0,0.0995093004678763,3.0690659297459456e-08,0.10562633321436414
"('0037143000', 'Dept. of Marine & Environmental Science')",0.00045871559633027525,0.0,0.12654921196993005,7.903145338675865e-06,0.13569222676346265
"('0036616000', 'Computer Science Department')",0.001834862385321101,0.001833599575695966,0.1113466302321424,4.1427968821204036e-07,0.11903869830475218
"('0026575000', 'Department of Computer Science')",0.0016055045871559634,0.010501630076757779,0.12520820171156166,3.4747826156229338e-06,0.1351389429887135
"('0036707000', 'Chemistry Bio Chemistry')",0.00045871559633027525,0.0,0.08780055580168351,7.67446950628016e-09,0.09228301351940459
"('0036327000', 'Teaching, Learning, and Culture')",0.0020642201834862386,0.010507944124883454,0.09623874271587497,8.1179908949398e-08,0.10292681691203909
"('0010637000', 'Department of Mathematics and Statistics')",0.00045871559633027525,0.00045871559633027525,0.1280808436884933,9.789551619645499e-05,0.13643374369005068
"('0010637000', 'Mathematics & Statistics')",0.00022935779816513763,0.0,0.11354166666666667,8.234887290679216e-06,0.11912805189653504
"('0010819000', 'School of Ocean Futures')",0.00022935779816513763,0.0,0.12517944300890038,0.004382279576201991,0.13535288933798068
"('0032102000', 'EECS')",0.0006880733944954129,0.0,0.14135650369601868,0.0006013072242307213,0.15312385722075994
"('0010835000', 'ECE')",0.00045871559633027525,0.0,0.1384434636268377,0.0003241736721882632,0.1502029249420301
"('0021030000', 'Department of Electrical and Computer En')",0.0013761467889908258,0.009095428623998808,0.15436360417773057,0.0009821585773924463,0.17028052095712595
"('0025171000', 'Mechanical and Aerospace Engineering')",0.0006880733944954129,0.00045871559633027525,0.1195470373721587,1.950294590484623e-05,0.12674823752130795
"('0015362000', 'Chemical, Environmental and Materials En')",0.00045871559633027525,0.0,0.11954375959640272,1.937647690355339e-05,0.1266335586222254
"('0017756000', 'Materials Research Laboratory - UIUC')",0.0006880733944954129,0.0,0.1450335972323864,0.00013812143262383457,0.1571942758439311
"('0017756000', 'MNTL')",0.0006880733944954129,0.0,0.1450335972323864,0.00013812143262383457,0.1571942758439311
"('0017756000', 'Unknown Dept')",0.005733944954128441,0.035552268203680765,0.1650639812220792,0.0012284214768088933,0.185234790057037
"('0018259000', 'Mechanical Eng., Biomedical Eng.')",0.00022935779816513763,0.0,0.12165518011105221,4.8676734078970346e-05,0.12836587883319509
"('0014340000', 'Department of Education')",0.0006880733944954129,0.0,0.12187281621243885,1.355872263117731e-05,0.13011781975894207
"('0014340000', 'CTRL')",0.0006880733944954129,0.0,0.12187281621243885,1.355872263117731e-05,0.13011781975894207
"('0036582000', 'Statistics and Data Sciences')",0.00022935779816513763,0.0,0.11945205479452055,1.8291334406160752e-06,0.12704731091822952
"('0035303040', 'Food Science')",0.00022935779816513763,0.0,0.12254764180111305,5.261339536643704e-05,0.12972192276378028
"('0015354000', 'Computer & Information Science & Engr.')",0.00022935779816513763,0.0,0.11401077349511009,3.7593492925404603e-07,0.12060091389691971
"('0010819000', 'ASU Research Computing')",0.0009174311926605505,0.0,0.12906281451660648,0.023356983272143524,0.1416324093847023
"('0010819000', 'Arts, Media and Engineering')",0.0009174311926605505,0.0,0.12906281451660648,0.023356983272143524,0.1416324093847023
"('0010819000', 'Research Technology Office')",0.0009174311926605505,0.0,0.12906281451660648,0.023356983272143524,0.1416324093847023
"('0010819000', 'High Perf. Computing, School of Eng.')",0.0009174311926605505,0.0,0.12906281451660648,0.023356983272143524,0.14163240938470234
"('0022269000', 'Mechanical Engineering')",0.0011467889908256881,0.0,0.09243946910910401,1.0973240208504528e-07,0.09821471468914378
"('0022269000', 'Biomedical Engineering')",0.0011467889908256881,0.0,0.09243946910910401,1.0973240208504528e-07,0.09821471468914378
"('0022269000', 'Unknown Dept')",0.0016055045871559634,0.0,0.09243946910910401,1.1908586547982749e-07,0.09821471468914378
"('0022269000', 'Education Department')",0.0011467889908256881,0.0,0.09243946910910401,1.0973240208504528e-07,0.09821471468914378
"('5300002935', 'Department of Electrical Engineering')",0.0009174311926605505,0.0,0.10962761811370093,3.6481967600013097e-07,0.11758542542035404
"('0026013000', 'STEM')",0.0009174311926605505,0.0,0.10962761811370093,3.6481967600013097e-07,0.11758542542035404
"('4006334000', 'Education and Exhibits')",0.00045871559633027525,0.0,0.11488498326789807,8.356192028496519e-05,0.12264287477303508
"('0026633000', 'Earth and Planetary Sciences')",0.0009174311926605505,1.0523413542791357e-07,0.11489103797201507,9.763795446563529e-05,0.12287223257120025
"('P269968646', 'Biological Sciences')",0.00022935779816513763,0.0,0.09899641251532627,1.0855003018501892e-07,0.10429942622768062
"('0013177000', 'Chemistry & Biochemistry')",0.0009174311926605505,0.00045871559633027525,0.12761224609260668,1.0910288288352623e-05,0.138197033692008
"('0013177000', 'Department of Chemistry and Biochemistry')",0.00022935779816513763,0.0,0.11317326411421155,9.196038111616978e-07,0.11998892533532217
"('0032102000', 'Civil & Construction Engineering')",0.00022935779816513763,0.0,0.13881371581393867,0.0004683469384050871,0.1494195136540314
"('0017756000', 'Physics')",0.00481651376146789,0.07736164046694395,0.17986056680829998,0.006235287757850106,0.2036338158528534
"('0017756000', 'Department of Mathematics')",0.0006880733944954129,0.0,0.15779949330437928,0.0007479525362970867,0.1738316261338039
"('4009395000', 'Chicago Office')",0.00045871559633027525,0.0,0.12865911237016053,1.3894963535889088e-05,0.13918493490454467
"('0096354000', 'Earth & Environment')",0.00022935779816513763,0.0,0.08149380385413357,1.948580918512775e-10,0.08557483222460947
"('0032235000', 'CIS')",0.00022935779816513763,0.0,0.12408925318761384,4.565409224478777e-05,0.13202293988316655
"('0022905000', 'Earth and Environmental Sciences')",0.0006880733944954129,1.5785120314187037e-07,0.08997668035577935,6.87252429601142e-09,0.0952164506470005
"('0022905000', 'Biosystems and Agricultural Engineering')",0.0009174311926605505,0.0009172207243896947,0.08997853722965164,6.471581609597977e-09,0.09533112954608308
"('P270052847', 'Unknown Dept')",0.00022935779816513763,0.0,0.11587423924309671,2.14925810205556e-06,0.12235866694093168
"('0037986000', 'Applied Physics Lab')",0.0011467889908256881,0.001833599575695966,0.14106836638949105,0.00034858937871531053,0.15183707643468775
"('0013177000', 'Dept. of Electrial & Comp. Engineering')",0.00045871559633027525,0.0,0.1330972586849014,2.232787661736242e-05,0.14390208383614297
"('0013177000', 'Electrical & Computer Engineering 0407')",0.00045871559633027525,0.0,0.1330972586849014,2.232787661736242e-05,0.143902083836143
"('0114629000', 'Biological Sciences')",0.0011467889908256881,0.001833599575695966,0.1222829897630066,3.9412901942866885e-05,0.1292704079664419
"('0114629000', 'Geological Sciences')",0.00045871559633027525,0.0,0.12226927283434758,3.608370430920674e-05,0.12904105016827674
"('0022921000', 'Unknown Dept')",0.0009174311926605505,0.0032072207454365217,0.13927487621785659,0.00039174416490887927,0.14953656731078419
"('0020313000', 'Regional Application Center')",0.0006880733944954129,0.0,0.10073238915971629,1.0628865316525748e-07,0.10637786487469054
"('0020313000', 'History, Geography, and Philosophy')",0.0006880733944954129,0.0,0.10073238915971629,1.0628865316525748e-07,0.10637786487469054
"('0020313000', 'History/Geography/Philosophy')",0.0006880733944954129,0.0,0.10073238915971629,1.0628865316525748e-07,0.10637786487469054
"('0020107000', 'Dept of Oceanography and Coastal Science')",0.00022935779816513763,0.0,0.12019297036526533,6.726093016080111e-06,0.12711711135449633
"('0020107000', 'Oceanography and Coastal Sciences')",0.001834862385321101,0.004038121614493139,0.13660859756861762,8.012940472033039e-05,0.14776390340037077
"('0027078000', 'Lamont-Doherty Earth Observatory of Colu')",0.00022935779816513763,0.0,0.1301337153772684,4.371232724701086e-05,0.14092970653649275
"('0014480000', 'Afro-American Studies')",0.00045871559633027525,0.0,0.12075220871299194,4.603295298364474e-06,0.12942973543216355
"('0020107000', 'Physics and Astronomy')",0.00022935779816513763,0.0,0.09352409961603637,9.081212602627209e-08,0.09784806379716254
"('0014951000', 'Department of Computing Science')",0.0006880733944954129,0.0,0.13169022592726834,9.317189415657837e-06,0.14231527551194997
"('0014951000', 'Department of Biology & Marine Science')",0.0006880733944954129,0.0,0.13169022592726834,9.317189415657837e-06,0.14231527551195
"('0014951000', 'Unknown Dept')",0.0011467889908256881,0.0,0.13169022592726834,1.0101796280313895e-05,0.14231527551194997
"('0018093000', 'Geography')",0.00045871559633027525,0.00045871559633027525,0.14098169824742934,5.568257920068855e-05,0.15264958251483418
"('5300001173', 'Unknown Dept')",0.00022935779816513763,0.0,0.12356525435737566,4.68851289404978e-06,0.1309716017590073
"('0030908000', 'ECE and CSE')",0.0009174311926605505,0.0,0.14974070130851394,0.0033375418201382766,0.1645416605565676
"('0038950000', 'Electrical and Computer Engineering')",0.001834862385321101,0.0044073706596373585,0.15452225687553162,0.010871422014078078,0.17172890437798577
"('0030908001', 'Evolution, Ecology & Organismal Biology')",0.0006880733944954129,0.0,0.11774555078452024,8.745985989836138e-07,0.12692601645296514
"('0033258000', 'Provost and Vice President for Academic')",0.0006880733944954129,0.0,0.11774555078452024,8.745985989836138e-07,0.12692601645296514
"('0036756000', 'Civil and Environmental Engineering')",0.0011467889908256881,0.0030204128266277984,0.14017489711934156,6.578731627424658e-05,0.15201308216503107
"('0023879000', 'Department Geography')",0.0009174311926605505,0.0,0.1255145809943288,3.857423223040609e-06,0.13501198629352262
"('0023879000', 'History')",0.0009174311926605505,0.0,0.1255145809943288,3.857423223040609e-06,0.13501198629352262
"('0023879000', 'Institute for Social Research and Data I')",0.0009174311926605505,0.0,0.1255145809943288,3.857423223040609e-06,0.1350119862935226
"('0023879000', 'Inst for Social Research & Data Innovati')",0.0009174311926605505,0.0,0.1255145809943288,3.857423223040609e-06,0.13501198629352262
"('0037283000', 'Electrical and Computer Engineering')",0.0016055045871559634,0.0,0.13004444179318161,0.0005003729013148764,0.14130409355365506
"('0035352000', 'Electrical Engineering/Computer Science')",0.0011467889908256881,0.0028431846551755973,0.1365315964176113,5.490631514480675e-05,0.14878033472643498
"('0010819000', 'Mathematical and Natural Sciences')",0.001834862385321101,0.0009521596327036185,0.13258324464041357,0.026003598699779758,0.14614330432564338
"('0018093000', 'Intelligent Systems Engineering')",0.0011467889908256881,0.0010045271934646502,0.13367262470490848,0.002464309857539996,0.14557077288155193
"('0048827000', 'Division of Reproductive & Developmental')",0.00045871559633027525,0.0,0.1230560808331687,0.0023808181099175484,0.13238220367807502
"('4001434000', ""Director's Office"")",0.00045871559633027525,0.0,0.12259933076512106,2.113384913600663e-06,0.13074236415979495
"('4001434000', 'Green Bank Site Director')",0.00045871559633027525,0.0,0.12259933076512106,2.113384913600663e-06,0.13074236415979495
"('0023457000', 'School of Engineering')",0.0006880733944954129,0.0,0.09273044365987494,3.5733279521510392e-09,0.09676816493410777
"('P269992911', 'Unknown Dept')",0.0006880733944954129,0.0,0.09273044365987494,3.5733279521510392e-09,0.09676816493410781
"('0023457000', 'Mechanical Engineering')",0.0006880733944954129,0.0,0.09273044365987494,3.5733279521510392e-09,0.09676816493410777
"('0036772000', 'Environment and Society')",0.0009174311926605505,0.0014962261663090534,0.11989880101198988,1.633538903644399e-05,0.127765918141491
"('0027110000', 'Astronomy and CCAPS')",0.0009174311926605505,0.0,0.12560497810555427,2.914367229349549e-06,0.1348799881311347
"('0038273001', 'Physics and Astronomy')",0.001834862385321101,0.0010836721428787823,0.12563755294931275,3.1902829265373394e-06,0.13552983522593587
"('0029751000', 'Computer Science')",0.0022935779816513763,0.0037062914296448063,0.14842047930283225,0.00017118416365500261,0.16192502897204647
"('0029751000', 'College of Computing and Informatics')",0.0006880733944954129,0.0,0.1476614623903546,0.00014820967052193738,0.16033102537116214
"('0029769000', 'Teacher Education')",0.00022935779816513763,0.0,0.10312692180330195,6.001779264687248e-07,0.10785289072323419
"('6250036762', 'Unknown Dept')",0.00022935779816513763,0.0,0.1184428567547744,9.372636418403502e-06,0.12569306690191712
"('0022905000', 'Philosophy')",0.0011467889908256881,0.0,0.08997296683794548,7.610411456617691e-09,0.09513999804761211
"('0022905000', 'Dept. of Philosophy')",0.0006880733944954129,0.0,0.08997296683794548,7.022359530259949e-09,0.09513999804761214
"('0022905000', 'Center for Interdisciplinarity')",0.0006880733944954129,0.0,0.08997296683794548,7.022359530259949e-09,0.09513999804761211
"('0015644000', 'Anthropology')",0.00045871559633027525,0.0,0.12751893773215173,1.7278678171837677e-05,0.13593970631814623
"('0036566000', 'Unknown Dept')",0.0020642201834862386,0.005494484678962223,0.1347675568743818,0.00010436000267543264,0.14585398705524813
"('0036566000', 'Department of Physics')",0.0009174311926605505,0.002291473298942818,0.11879785291953898,8.978163036899957e-06,0.12624724132077048
"('0001479000', 'Anthropology')",0.00045871559633027525,0.00045871559633027525,0.1247175262450299,5.422338679254414e-05,0.13279559794181317
"('0001479000', 'Department of Anthropology')",0.00022935779816513763,0.0,0.11089068619970496,4.581658171898092e-06,0.1162567616169874
"('0036582000', 'Aerospace Engr & Engr Mechanics')",0.00022935779816513763,0.0,0.12489615858374631,2.7185671273741277e-06,0.13366883539947488
"('0010819000', 'Consortium for Science Policy and Outcom')",0.00045871559633027525,0.0,0.14193632397942574,0.007533880193939802,0.15511898397219415
"('0022335000', 'Electrical & Computer Engineering')",0.00045871559633027525,0.0,0.08568677161330897,1.2641169901645553e-08,0.09032769566537509
"('0022335000', 'Electrical and Computer Engineering')",0.0009174311926605505,0.0,0.08568677161330897,1.3722701317867747e-08,0.09032769566537509
"('0013052000', 'Environmental Earth Systems Science')",0.0006880733944954129,0.0,0.13225346558679893,0.0003984078076688178,0.1420288914067583
"('0018697000', 'Mechanical Egineering')",0.00022935779816513763,0.0,0.1258478856977919,4.183605661874922e-05,0.1351117053181266
"('7203579487', 'Facultad de Estudios Superiores Iztacala')",0.00022935779816513763,0.0,0.09823802442431616,2.2189146677674293e-08,0.10216604146363152
"('0029728000', 'Mechanical & Aerospace Engineering')",0.0013761467889908258,0.0009172207243896947,0.12079570011636283,1.0104062020908635e-05,0.12986266737025584
"('6250044009', 'Onda Vision Technologies, LLC')",0.00045871559633027525,0.0,0.10778206269158509,9.22758052088159e-07,0.11379001211805985
"('0029728000', 'Department of Athletics-Sports Medicine')",0.00045871559633027525,0.0,0.10778206269158509,9.22758052088159e-07,0.11379001211805985
"('0027078000', 'Department of Chemical Engineering')",0.0009174311926605505,0.0,0.1008745546249595,6.645474210955031e-07,0.10529467803887486
"('7203590930', 'Unknown Dept')",0.0009174311926605505,0.0,0.1008745546249595,6.645474210955031e-07,0.10529467803887485
"('0027078000', 'Industrial Engineering & Operations Rsch')",0.0009174311926605505,0.0,0.1008745546249595,6.645474210955031e-07,0.10529467803887482
"('0013177010', 'CASPO')",0.00022935779816513763,0.0,0.1224512722574847,9.736658008891855e-06,0.13026082075866208
"('0021030000', 'Astronomy')",0.00022935779816513763,0.0,0.1282239802370379,0.00015269554566124237,0.13790188086633093
"('0036772000', 'Civil and Environmental Engineering')",0.0009174311926605505,0.0013755153841782583,0.127195285605928,7.567297737262713e-06,0.13600129842574518
"('0037549000', 'Department of Sustainable Biomaterials')",0.00022935779816513763,0.0,0.08188254737356095,1.3423367126357561e-10,0.08520865886235209
"('0017756000', 'Anthropology')",0.0006880733944954129,0.0,0.13887119378264748,1.2358412990351948e-05,0.15207322557666533
"('6250009729', 'Unknown Dept')",0.0006880733944954129,0.0,0.13887119378264748,1.2358412990351948e-05,0.15207322557666533
"('0010827000', 'Merriam-Powell Center')",0.0011467889908256881,0.0,0.14141610716486652,0.0002688476837864794,0.1549936143112741
"('0039545000', 'Physics')",0.0016055045871559634,0.0031065511347922966,0.13926597885456926,4.6456324361432675e-05,0.1525632955220108
"('0023879000', 'Dept. of Comp. Science and Engineering')",0.0009174311926605505,0.0,0.1503240932285202,0.00016744559507470957,0.16408045445889372
"('0018259000', 'Deparment of Computer Science')",0.0009174311926605505,0.0,0.1503240932285202,0.00016744559507470957,0.16408045445889372
"('0017392000', 'Electrical Engineering/Computer Science')",0.0009174311926605505,0.0,0.1503240932285202,0.00016744559507470957,0.16408045445889372
"('0015693000', 'School of Civil and Envir. Engineering')",0.0006880733944954129,0.0,0.14294613291367497,0.000128977518625886,0.15660575662869147
"('0015693000', 'Chemical and Biomolecular Engineering')",0.0009174311926605505,0.00045871559633027525,0.14295081967213114,0.00012981916860414043,0.156720435527774
"('0029751000', 'Software and Information Systems')",0.0013761467889908258,0.009594971344838658,0.14617138259353626,0.0004081815843144248,0.1599362303089358
"('0034256000', 'CURI, Clemson University')",0.0009174311926605505,0.0,0.14281502833371548,0.0003939910384154941,0.15451473157321718
"('0014480000', 'Electrical Engineering and Computer Scie')",0.0009174311926605505,0.0,0.11295629420451307,5.832838577048753e-06,0.12005065948772074
"('0035063000', 'Unknown Dept')",0.0011467889908256881,0.00045871559633027525,0.11295922068500959,5.871244600733271e-06,0.12016533838680331
"('0014480000', 'COAS')",0.0020642201834862386,0.003958046344724955,0.11687754664379155,6.451188447050695e-06,0.12589786592552388
"('5300007144', 'STEM at W.F. Killip Elementary School')",0.00022935779816513763,0.0,0.12466047176554682,2.368683236722757e-05,0.13362218216289318
"('0038273001', 'Chemistry')",0.0013761467889908258,0.00045871559633027525,0.11679301384907985,8.813870996385405e-07,0.12483280003635447
"('0038273001', 'Computer Science and Electrical Eng.')",0.0020642201834862386,0.001833599575695966,0.11680240034290613,9.077385558249791e-07,0.12517683673360216
"('0038273001', 'Pharmacy')",0.0011467889908256881,0.0,0.11678988535304832,8.7557070604366e-07,0.12471812113727192
"('0038273001', 'Mechanical & Aerospace Engineering')",0.0011467889908256881,0.0,0.11678988535304832,8.7557070604366e-07,0.12471812113727192
"('0013706000', 'CIRES / Geological Sciences')",0.00022935779816513763,0.0,0.11546915967054212,3.4742137002488065e-06,0.12446445306806857
"('P270048410', 'Unknown Dept')",0.0006880733944954129,0.0,0.1221836117027239,8.251779345441744e-06,0.13212297714203394
"('6250021053', 'Unknown Dept')",0.0006880733944954129,0.0,0.1221836117027239,8.251779345441744e-06,0.13212297714203394
"('0028829000', 'Instructional Design Development & Eval.')",0.00045871559633027525,0.0,0.10752422994401835,7.689088407018942e-07,0.11347078462208973
"('P270056509', 'Unknown Dept')",0.00045871559633027525,0.0,0.14595607927155865,0.0004353102327969327,0.15926584692066262
"('0018259000', 'Department of Mathematics')",0.0016055045871559634,0.004833894928554533,0.1596309449712591,0.003901980925755528,0.1766664750896389
"('7203582539', 'Unknown Dept')",0.00022935779816513763,0.0,0.11977034859764304,4.6753949442683905e-06,0.12788076802597115
"('0037457000', 'Dept. of Computer Science and Biocomplex')",0.0009174311926605505,0.0,0.11093300765844846,4.194137260526267e-07,0.11799864826814235
"('0026278000', 'Department of Ecology & Evol. Biology')",0.0009174311926605505,0.0,0.11093300765844846,4.194137260526267e-07,0.11799864826814235
"('0026278000', 'High Meadows Environmental Institute')",0.0009174311926605505,0.0,0.11093300765844846,4.194137260526267e-07,0.11799864826814235
"('0037457000', 'Biocomplexity Institute')",0.0009174311926605505,0.0,0.11093300765844846,4.194137260526267e-07,0.11799864826814235
"('0027110000', 'Jacobs Institute, Cornell Tech')",0.0006880733944954129,0.0,0.11144909383706961,2.0980888216112095e-06,0.11762053388537388
"('0027110000', 'Communication')",0.001834862385321101,0.0013739368721468396,0.1114604903239001,2.3537131792886426e-06,0.1180027968823158
"('0022210000', 'Unknown Dept')",0.002522935779816514,0.009408108605159289,0.1482841886882291,0.09381448501293098,0.167746168204883
"('0018408000', 'Department of Computer Science and Engin')",0.0006880733944954129,0.0,0.10200500666775847,1.0446274030629645e-06,0.10754484302649281
"('0001024000', 'Anthropology')",0.0006880733944954129,0.0,0.10200500666775847,1.0446274030629645e-06,0.1075448430264928
"('0016105000', 'TPSS')",0.0006880733944954129,0.0,0.12650515015232844,4.6856160585843986e-05,0.13555250878071914
"('0016105000', 'Department of Molecular Biosciences & Bi')",0.0006880733944954129,0.0,0.12650515015232844,4.6856160585843986e-05,0.13555250878071917
"('0016105000', 'Tropical Plant and Soil Sciences')",0.0006880733944954129,0.0,0.12650515015232844,4.6856160585843986e-05,0.13555250878071917
"('0027078000', 'Graduate School of Journalism')",0.00022935779816513763,0.0,0.11394820061155686,8.309119209798072e-06,0.12214840344191344
"('0036582000', 'Computer Sciences')",0.00022935779816513763,0.0,0.13522734321692204,1.643741053513359e-05,0.14642237518283113
"('0037499000', 'Dept. of Biology')",0.00022935779816513763,0.0,0.12407512805919181,3.92595875601602e-05,0.13175895905827023
"('0017756000', 'Coordinated Science Laboratory')",0.0011467889908256881,0.0005565810376163558,0.14875976662458631,0.0001601884045192372,0.1630928535659031
"('5300009955', 'Science and Engineering')",0.00045871559633027525,0.0,0.13483424047501236,0.00010924403851781005,0.1462867474650725
"('0013284000', 'Electrical Engineering-Systems')",0.001834862385321101,0.002291473298942818,0.11664615549253572,3.2213398610541784e-06,0.1240686692894256
"('0013284000', 'Biomedical Engineering')",0.0016055045871559634,0.002749136553918814,0.1320052075448848,2.985150152766822e-05,0.14267795405410055
"('0013177000', 'Hal?c?o?lu Data Science Institute')",0.0011467889908256881,0.0,0.15121037663869044,0.00020203107859202433,0.16593031904385025
"('0019893001', 'Plant & Soil Sciences')",0.0006880733944954129,0.0,0.14701419563678053,0.00024492284930525515,0.15996330695298536
"('0029751000', 'Reading & Elementary Education')",0.00045871559633027525,0.0,0.13237794510565945,4.582390765635641e-05,0.14315500153516156
"('0020297000', 'MARI/Antrhopology')",0.00022935779816513763,0.0,0.08699295676290429,3.6978758488607973e-09,0.08996916559355105
"('0020297000', 'Anthropology')",0.0006880733944954129,0.00045871559633027525,0.09527972027972027,4.249190476411583e-08,0.09942705810661558
"('0022335000', 'Interdisciplinary and Global Studies')",0.0011467889908256881,0.0,0.0886701511053263,1.5768342864433773e-08,0.09382077342619455
"('0022335000', 'Civil, Environmental, and Architectural')",0.0006880733944954129,0.0,0.0886701511053263,1.4525956236656356e-08,0.09382077342619455
"('0022335000', 'Social Science & Policy Studies')",0.0011467889908256881,0.0024261528411272477,0.09311265349706353,2.0092300830098286e-08,0.09923792674792764
"('0029751000', 'Systems and Information Systems')",0.0006880733944954129,0.0,0.1476614623903546,0.00014820967052193738,0.16033102537116214
"('0029207000', 'Physics')",0.0020642201834862386,0.01561241382512974,0.17204640517717623,0.005096088541927333,0.19209944807995277
"('0021030000', 'Division of Information Technology')",0.0009174311926605505,0.0,0.15187933256696973,0.0007338223857958681,0.16624019265647644
"('0033977000', 'Biomedical Studies/Education')",0.0006880733944954129,0.0,0.08528284171817542,8.904758067936648e-07,0.08901833180650096
"('0032490000', 'Biology')",0.0006880733944954129,0.0,0.08528284171817542,8.904758067936648e-07,0.08901833180650097
"('0033977000', 'Unknown Dept')",0.0006880733944954129,0.0,0.08528284171817542,8.904758067936648e-07,0.08901833180650097
"('0013284000', 'Earth Sciences')",0.00045871559633027525,0.0,0.13365213659493594,7.5709087242961775e-06,0.14342929985182412
"('0010827000', 'School of Earth Sciences and Env. Sust.')",0.00045871559633027525,0.0,0.13365213659493594,7.5709087242961775e-06,0.14342929985182418
"('0037986000', 'Department of Civil and Environmental En')",0.0009174311926605505,0.0,0.15835542803181638,0.004391992946280757,0.17472501440964608
"('0037986000', 'Environmental & Occupational Health Scie')",0.0009174311926605505,0.0,0.15835542803181638,0.004391992946280757,0.17472501440964605
"('0028944000', 'Unknown Dept')",0.00045871559633027525,0.00045871559633027525,0.12136395267919277,9.342654528489828e-06,0.1289741176404696
"('0010819000', 'Psychology')",0.001834862385321101,0.004122336787117658,0.13811454637607704,0.00011075535147006389,0.15012023281704148
"('0015693000', 'Center for Spatial Planning Analytics an')",0.0006880733944954129,0.0,0.13622871426339633,1.1929376154632126e-05,0.14807705737178217
"('6250001416', 'Applied Technology')",0.00022935779816513763,0.0,0.09231811637164394,2.1001729023152714e-08,0.09591387297299568
"('0037986000', 'Department of Earth and Space Science')",0.00022935779816513763,0.0,0.13308507066328867,4.431554849000187e-05,0.14265067415195593
"('0013144000', 'Department of Chemical and Biomolecular')",0.0006880733944954129,0.0,0.09746719424138779,7.972274344264857e-08,0.1023296572808809
"('0013144000', 'Chemical & Biomolecular Engineering')",0.0006880733944954129,0.0,0.09746719424138779,7.972274344264857e-08,0.10232965728088092
"('0013144000', 'Chemical and Biomolecular Engineering')",0.0006880733944954129,0.0,0.09746719424138779,7.972274344264857e-08,0.10232965728088092
"('0013169000', 'Electrical and Computer Engineering')",0.0006880733944954129,0.0,0.10271390878251037,2.769652508389693e-07,0.10783533606017214
"('0013169000', 'Electrical & Computer Engineering')",0.0006880733944954129,0.0,0.10271390878251037,2.769652508389693e-07,0.10783533606017211
"('0013144000', 'Anthropology')",0.00022935779816513763,0.0,0.11539275883972051,4.914994318852573e-06,0.12161746179032301
"('0016261000', 'Civil and Environmental Engineering')",0.00022935779816513763,0.0,0.10291514221645226,8.102239190536414e-07,0.10773791209870832
"('0033290000', 'Mechanical and Nuclear Engineering')",0.0011467889908256881,0.008890849502026748,0.12269593358660476,1.486650965857019e-06,0.13491039648200295
"('0033290000', 'Chemical Engineering')",0.0027522935779816515,0.007469789018678466,0.11947824180642333,5.396007710112287e-06,0.1306550805508568
"('0038000000', 'Composite Materials & Engineering Center')",0.00045871559633027525,0.0,0.11969143766986026,2.813949306066128e-06,0.1279661770104624
"('0038000000', 'Apparel Merchandising Design and Textile')",0.00045871559633027525,0.0,0.11969143766986026,2.813949306066128e-06,0.1279661770104624
"('0034256000', 'Automotive Engineering')",0.0009174311926605505,0.0,0.11389759665621735,2.9110009514531693e-06,0.12207184264287574
"('0034488000', 'Civil and Environmental Engineering')",0.0009174311926605505,0.0,0.11389759665621735,2.9110009514531693e-06,0.12207184264287574
"('0038273001', 'Industrial and Management Systems Engine')",0.0009174311926605505,0.0,0.11389759665621735,2.9110009514531693e-06,0.12207184264287574
"('0032102000', 'School of Electrical Engineering and Com')",0.00045871559633027525,0.0,0.09009009009009009,1.0144804038421565e-08,0.09410730668473033
"('0016162000', 'Materials Science & Engineering')",0.00045871559633027525,0.0,0.09009009009009009,1.0144804038421565e-08,0.09410730668473034
"('0039545000', 'Institute for Simulation and Training')",0.0011467889908256881,0.003334733057341653,0.1424510732838893,8.078071457260527e-05,0.1570901817346762
"('0029207000', 'Mechanical Engineering & Materials Scien')",0.00022935779816513763,0.0,0.0919443272880641,6.672911158878858e-09,0.09576486916076508
"('0010819000', 'Marketing')",0.00022935779816513763,0.0,0.14307747842352248,0.05203267456935584,0.15981776060331068
"('4005518000', 'Division of Behavioral and Social Scienc')",0.00022935779816513763,0.0,0.10883402810713662,9.820357304730972e-07,0.11422099262493096
"('0016105000', 'Geography')",0.0009174311926605505,0.0,0.12491404996561999,2.476020971877408e-05,0.13607463519346252
"('0021394000', 'Geography')",0.0009174311926605505,0.0,0.12491404996561999,2.476020971877408e-05,0.1360746351934625
"('0027110000', 'CIS-Computer Science')",0.00022935779816513763,0.0,0.11141776551160176,1.7179263029537293e-06,0.11712359198934937
"('5300000942', 'Department of Biological Sciences')",0.00045871559633027525,0.0,0.1290551740468861,0.019093676354775026,0.14140305158653718
"('0010520000', 'DEPARTMENT OF BIOLOGY')",0.00045871559633027525,0.0,0.1290551740468861,0.019093676354775026,0.14140305158653718
"('0015370000', 'Anthropology')",0.00022935779816513763,0.0,0.10655978101476195,1.4455635793203653e-06,0.11244673915309213
"('0027110000', 'Physics')",0.0016055045871559634,0.005742865197366123,0.12584062112159783,2.33072400132658e-06,0.13676360887268882
"('P269849941', 'Astrophysical and Planetary Sciences')",0.0006880733944954129,0.0,0.12371602065717043,2.135400626844904e-06,0.13329051150624277
"('0015693000', 'GW Woodruff School of Mech Engr')",0.00045871559633027525,0.0,0.08598079236427458,6.3890556400848066e-09,0.090734667492706
"('0029751000', 'Mechanical Engineering Engineering Scien')",0.00045871559633027525,0.0,0.08598079236427458,6.3890556400848066e-09,0.09073466749270603
"('0028373000', 'Linguistics')",0.00022935779816513763,0.0,0.10033598748101441,6.315542069005382e-07,0.10577883646454679
"('0010447000', 'Dept of Natural Sciences')",0.00045871559633027525,0.0,0.14308217379889734,0.0567814547548083,0.15993243950239325
"('0010447000', 'Business Computer')",0.00045871559633027525,0.0,0.14308217379889734,0.0567814547548083,0.15993243950239325
"('7203583829', 'Unknown Dept')",0.00022935779816513763,0.0,0.12285496914536899,5.5494074609009535e-06,0.13130481892185855
"('0018408000', 'Dept. of Computer Science & Engineering')",0.00045871559633027525,0.0,0.11542330703658601,4.776633527212777e-07,0.12282503726935065
"('0027110000', 'School of Mechanical and Aerospace Engin')",0.00045871559633027525,0.0,0.11542330703658601,4.776633527212777e-07,0.12282503726935062
"('6250017845', 'Unknown Dept')",0.00022935779816513763,0.0,0.1473520565074859,0.00012139124022227532,0.1595392858924961
"('0022194000', 'Center for Engineering Edu & Outreach')",0.0006880733944954129,0.0,0.12005727503028968,1.3652121186772063e-05,0.12663129683771832
"('0022194000', 'Civil & Environmental Engineering')",0.0006880733944954129,0.0,0.12005727503028968,1.3652121186772063e-05,0.12663129683771832
"('0022194000', 'Engineering-Center for STEM Diversity')",0.0006880733944954129,0.0,0.12005727503028968,1.3652121186772063e-05,0.12663129683771832
"('0022194000', 'Dept. of Computer Science')",0.0011467889908256881,0.0,0.1630394136564206,0.0009840937846278567,0.17967073382784335
"('0016717000', 'College of Computing and Digital Media')",0.0011467889908256881,0.0,0.1630394136564206,0.0009840937846278567,0.1796707338278433
"('0021998000', 'College of Computer and Information Scie')",0.0011467889908256881,0.0,0.1630394136564206,0.0009840937846278567,0.17967073382784335
"('0035691000', 'Office of Diversity, Equity, and Inclusi')",0.0006880733944954129,0.0,0.11757409055362296,2.2205769081058915e-06,0.1254140992462293
"('0036046000', 'Chemical & Biomolecular Engineering')",0.0006880733944954129,0.0,0.11757409055362296,2.2205769081058915e-06,0.1254140992462293
"('0031237000', 'Unknown Dept')",0.0013761467889908258,0.002291473298942818,0.11646854547882997,9.157365752560432e-07,0.12431505685131519
"('0031237000', 'Department of Polymer Science')",0.0009174311926605505,0.0,0.11645299145299146,9.024913426851803e-07,0.12399013330391458
"('5300010311', 'Advance Light Source')",0.0009174311926605505,0.0,0.11645299145299146,9.024913426851803e-07,0.12399013330391456
"('0033787000', 'School of Social Policy and Practice')",0.00045871559633027525,0.0,0.14308217379889734,0.0567814547548083,0.15993243950239325
"('0010819000', 'School of Criminology and Criminal Justi')",0.00045871559633027525,0.0,0.14308217379889734,0.0567814547548083,0.15993243950239325
"('0023879000', 'School of Physics and Astronomy')",0.001834862385321101,0.00045871559633027525,0.1689660517749186,0.005190137216448818,0.18702603589071493
"('0023879000', 'Minnesota Institute for Astrophysics')",0.00022935779816513763,0.0,0.14454795610516194,0.0004343411874716915,0.1550723063251728
"('0036046000', 'Materials Science and Nanoengineering')",0.0011467889908256881,0.0,0.11259748979908063,2.8331730045980956e-06,0.12072092449284749
"('0023879000', 'Chemical Eng. and Materials Sci.')",0.0011467889908256881,0.0,0.11259748979908063,2.8331730045980956e-06,0.12072092449284752
"('0035998000', 'Mathematics')",0.0020642201834862386,0.0005352032737638218,0.11261493955987188,3.258005120869183e-06,0.12125609268856619
"('0030908000', 'Mechanical & Aerospace Eng')",0.00045871559633027525,0.0,0.09152933767187992,1.1086353013452368e-08,0.09569745317895334
"('0030908000', 'Integrated Systems Engineering')",0.0013761467889908258,0.0009172207243896947,0.10074635487672436,1.1994694432364228e-07,0.1067983541713266
"('6250015440', 'Aerospace')",0.00045871559633027525,0.0,0.09152933767187992,1.1086353013452368e-08,0.09569745317895335
"('0017400000', 'EECS')",0.00022935779816513763,0.0,0.13450977972481026,2.931664984338798e-05,0.14710596870000509
"('0017400000', 'Physics and Astronomy')",0.00045871559633027525,0.0,0.12259933076512106,2.113384913600663e-06,0.13074236415979498
"('P269983452', 'Astronomy')",0.00045871559633027525,0.0,0.12259933076512106,2.113384913600663e-06,0.13074236415979493
"('0033290000', 'Department of Geosciences')",0.00022935779816513763,0.0,0.10633627627920589,6.793810514882242e-08,0.11257201348856387
"('4005518000', 'Division on Earth and Life Studies')",0.00022935779816513763,0.0,0.09815840425052906,8.294224979809376e-08,0.10199753129208568
"('0015354000', 'Dept. of Microbiology and Cell Science')",0.0011467889908256881,0.0,0.11402269993200481,5.674519444957184e-07,0.12105962949324998
"('0015354000', 'Department of Microbiology and Cell Scie')",0.0011467889908256881,0.0,0.11402269993200481,5.674519444957184e-07,0.12105962949324998
"('0014803000', 'Agronomy')",0.0011467889908256881,0.0,0.11402269993200481,5.674519444957184e-07,0.12105962949324998
"('0014803000', 'Biological & Agricultural Sciences')",0.0011467889908256881,0.0,0.11402269993200481,5.674519444957184e-07,0.12105962949324998
"('0015354000', 'Warrington College, Marketing Department')",0.0011467889908256881,0.0,0.11402269993200481,5.674519444957184e-07,0.12105962949324998
"('0038950000', 'WCER')",0.00045871559633027525,0.0,0.13078561358250593,5.67891195604891e-06,0.1402793829514014
"('0032235000', 'PPPM')",0.00045871559633027525,0.0,0.13976598813912486,0.0005140010306498749,0.15097051171305695
"('0014803000', 'Computer and Information Sciences')",0.0006880733944954129,0.0009172207243896947,0.12829566854990584,0.0009325133854862543,0.13814002256662755
"('0020834000', 'Electrical & Computer Engineering')",0.0006880733944954129,0.0,0.10857655144934754,7.032535374552966e-05,0.11520176866591365
"('0024109000', 'Computer Engineering')",0.0013761467889908258,0.001833599575695966,0.10858736800159394,7.200438557542006e-05,0.11558403166285555
"('7203581604', 'Unknown Dept')",0.0006880733944954129,0.0,0.10857655144934754,7.032535374552966e-05,0.11520176866591364
"('5300013006', 'Miller Lab')",0.0011467889908256881,0.0,0.11799410029498525,4.633260271353042e-06,0.12602225478844428
"('0019489001', 'Ecology and Evolutionary Biology')",0.001834862385321101,0.011194967425731391,0.13354569958343543,3.559450258808627e-05,0.14479308885558823
"('4002995000', 'Conservation Science')",0.0022935779816513763,0.0013755153841782583,0.11800368084876042,5.156364909815199e-06,0.126366291485692
"('0025163000', 'Center for Agroforestry')",0.0011467889908256881,0.0,0.11799410029498525,4.633260271353041e-06,0.12602225478844428
"('5300013006', 'Education')",0.002981651376146789,0.007253788118796671,0.11816999132697312,5.004322813853424e-06,0.1276113766757312
"('0025163000', 'SNR')",0.0011467889908256881,0.0,0.11799410029498525,4.633260271353041e-06,0.12602225478844428
"('0036442000', 'Unknown Dept')",0.0027522935779816515,0.011990116449709558,0.14720280900773153,2.351577635359284e-05,0.16396714905889131
"('0036442000', 'Mathematics and Statistics')",0.00045871559633027525,0.0,0.13497616246672034,5.4701476095673585e-06,0.14659289964622507
"('0036327000', 'Atmospheric Sciences')",0.00022935779816513763,0.0,0.11654014754624185,1.257123343755546e-06,0.1228609913764051
"('0035220000', 'Department of Civil and Architectural En')",0.0006880733944954129,0.0,0.10803310372169087,4.67616760872672e-06,0.11417358421844297
"('0035220000', 'Civil and Architectural Engineering')",0.0011467889908256881,0.00045871559633027525,0.1211144754020945,5.122847800775189e-05,0.13057580193761284
"('0035949000', 'Department of Chemistry')",0.0013761467889908258,0.00045871559633027525,0.09900540442345247,1.4391429110156666e-07,0.10468168922462255
"('0035949000', 'Chemistry')",0.00022935779816513763,0.0,0.09008822860921131,1.2129452214267773e-08,0.09401174093549487
"('0015982001', 'Crop & Soil Sciences')",0.00045871559633027525,0.0,0.08997111019397441,6.326777656037232e-09,0.09502531914852955
"('0023879000', 'Genetics, Cell Biology and Development')",0.00045871559633027525,0.0,0.08997111019397441,6.326777656037232e-09,0.09502531914852957
"('7203586492', 'Unknown Dept')",0.0009174311926605505,0.00045871559633027525,0.1235722585947907,3.6071122795506884e-05,0.1326948705451472
"('0013052000', 'Department of Medicine')",0.00022935779816513763,0.0,0.10998436002219868,3.017537649809151e-06,0.11603313433315134
"('0010512000', 'Computer Science')",0.0013761467889908258,0.003254750499134899,0.12875029529884244,9.913576328673158e-05,0.1385407641542957
"('0010512000', 'Curriculum and Instruction')",0.0013761467889908258,0.013461811188754533,0.14593653768911502,0.000968544395388709,0.1596750783620042
"('0013177000', 'San Diego Supercomputer')",0.0009174311926605505,0.0,0.13602470907559355,3.1658950034086855e-05,0.14762346502885418
"('0013201000', 'Bioengineering')",0.0006880733944954129,0.0,0.10275506115811553,5.008540913716271e-07,0.10826362831118432
"('0013201000', 'Department of Computer Science')",0.0006880733944954129,0.0,0.10275506115811553,5.008540913716271e-07,0.10826362831118436
"('0013201000', 'Molecular Cellular & Development Biology')",0.0006880733944954129,0.0,0.10275506115811553,5.008540913716271e-07,0.10826362831118436
"('0080010000', 'Learning Sciences Research Institute')",0.0011467889908256881,0.0005265470904473771,0.13706381640993398,0.00013401432620730805,0.14930470873418059
"('0025361000', 'spectrUM Discovery Area')",0.0009174311926605505,0.0,0.13651877133105803,0.00013187809133584062,0.14842145781079202
"('0016105000', 'KCHS')",0.0016055045871559634,0.01073648712121057,0.14075867635189668,0.00014350173592027945,0.15520674502612486
"('0114629000', 'Mechanical Engineering')",0.0009174311926605505,0.0,0.13651877133105803,0.00013187809133584062,0.14842145781079205
"('0033795000', 'Electrical and Computer Engineering')",0.0006880733944954129,0.0,0.13147182100533727,0.0002736830597381234,0.14173075586492995
"('0001479000', 'Biomedical Engineering')",0.00045871559633027525,0.0,0.12471395881006865,5.8805044964442235e-05,0.13275737164211898
"('0001479000', 'Undergraduate Research')",0.00045871559633027525,0.0,0.12471395881006865,5.8805044964442235e-05,0.132757371642119
"('0018259000', 'Agronomy')",0.0013761467889908258,0.016205029501816758,0.16525793124360383,0.0028802908055213378,0.18242136685943955
"('0037986000', 'School of interdisciplinary Arts and Sci')",0.00022935779816513763,0.0,0.1214890771288453,8.304837425726191e-06,0.1288473667305291
"('0045096000', 'Computer Science')",0.0013761467889908258,0.0004587682133979892,0.11190103431460617,0.0014038476709312927,0.11991413975932244
"('0036301000', 'Electrical and Computer Engineering')",0.0016055045871559634,0.001833599575695966,0.11559467628188133,4.8105497956991014e-06,0.12593616560629484
"('0013219000', 'ACE Program')",0.00022935779816513763,0.0,0.10875258786261256,1.0184844511887465e-07,0.11460203860045204
"('0027078000', 'Statistics')",0.0009174311926605505,0.0,0.12432632809603923,9.410880290593072e-05,0.13510129565074225
"('0027078000', 'Lamont Doherty Earth Obs. of Columbia U')",0.0009174311926605505,0.0,0.12432632809603923,9.410880290593072e-05,0.13510129565074228
"('0027078000', 'School of Social Work')",0.0009174311926605505,0.0,0.12432632809603923,9.410880290593072e-05,0.13510129565074228
"('0027078000', 'Earth & Environmental Sciences')",0.0009174311926605505,0.0,0.12432632809603923,9.410880290593072e-05,0.1351012956507423
"('0010090000', 'Materials Engineering')",0.001834862385321101,0.004799365433517565,0.11877843463099681,5.330863452033703e-07,0.1296481230588078
"('0010090000', 'Agriculture Economics and Rural Sociolog')",0.0009174311926605505,0.0,0.11047483910201186,2.52573744240386e-07,0.11893819911949188
"('0037499000', 'College of Education & Human Development')",0.001834862385321101,0.005194654941533805,0.16283846872082167,0.0038143241183531,0.1810163918650153
"('0037499000', 'Schar School of Policy and Government')",0.0013761467889908258,0.0032065893406239545,0.1624986023629384,0.0036237858281103477,0.18038358112325956
"('P270054801', 'Unknown Dept')",0.00022935779816513763,0.0,0.11681804785253061,3.4003815971948286e-05,0.12329510330842612
"('0028829000', 'Department of Political Science')",0.0006880733944954129,0.0,0.1444378188564235,0.0005141873061441543,0.1559374568137378
"('0028829000', 'Qualitative Data Repository')",0.0006880733944954129,0.0,0.1444378188564235,0.0005141873061441543,0.1559374568137378
"('0014456000', 'Government')",0.0006880733944954129,0.0,0.1444378188564235,0.0005141873061441543,0.15593745681373783
"('0036442000', 'Department of Mathematics and Statistics')",0.0006880733944954129,0.0,0.12832587708971038,2.4322440446918056e-06,0.138404059943624
"('7203577591', 'Unknown Dept')",0.0006880733944954129,0.0,0.12832587708971038,2.4322440446918056e-06,0.13840405994362398
"('6250006425', 'Unknown Dept')",0.0006880733944954129,0.0,0.12832587708971038,2.4322440446918056e-06,0.138404059943624
"('0037549000', 'Hume Center')",0.0006880733944954129,0.0,0.1444138981815773,0.0002739452378848419,0.15824395692228183
"('0016105000', 'Math and Natural Science')",0.00022935779816513763,0.0,0.10975732554626925,1.0537358139856016e-06,0.11658324526106384
"('0035352000', 'Department of Mechanical Engineering')",0.0011467889908256881,0.0024639495897047213,0.13470093919920909,2.0300006610848915e-05,0.1458860828900963
"('0029728000', 'Electrical Engineering')",0.0006880733944954129,0.0,0.12821643875900604,1.4443726365778986e-05,0.13820100420731138
"('6250036639', 'Vanderbilt Kennedy Center')",0.0006880733944954129,0.0,0.12821643875900604,1.4443726365778986e-05,0.13820100420731138
"('0013136000', 'VM: Medicine & Epidemiology')",0.0009174311926605505,0.0,0.14687057872397763,0.0014063655959265118,0.16022059935477256
"('0001057000', 'Philosophy')",0.0009174311926605505,0.0,0.14687057872397763,0.0014063655959265118,0.16022059935477256
"('0013136000', 'Computer Science')",0.0009174311926605505,0.0,0.14687057872397763,0.0014063655959265118,0.1602205993547726
"('0018697000', 'Veterinary Diagnostics and Production An')",0.0009174311926605505,0.0,0.14687057872397763,0.0014063655959265118,0.1602205993547726
"('0028365000', 'Physics, Applied Physics, and Astronomy')",0.00022935779816513763,0.0,0.11787288112682148,4.4366488317569745e-06,0.12414743681844287
"('0013508000', 'Bioagricultural Science and Pest Mgmt.')",0.0011467889908256881,0.0,0.12934231214215788,1.9235835342374612e-05,0.14110159176959633
"('0013508000', 'Department of Biology')",0.0013761467889908258,0.00045871559633027525,0.12934614928206953,1.9361552169907555e-05,0.1412162706686789
"('0013508000', 'CSU STEM Center')",0.0011467889908256881,0.0,0.12934231214215788,1.9235835342374612e-05,0.14110159176959633
"('0013508000', 'Communication Studies')",0.0011467889908256881,0.0,0.12934231214215788,1.9235835342374612e-05,0.14110159176959633
"('0021923000', 'Psychology & Education')",0.00045871559633027525,0.0,0.12815237199459173,6.451545685120089e-05,0.13711217840518233
"('0030908000', 'School of Natural Resources')",0.0006880733944954129,0.0,0.12884541505363634,6.892522312021539e-05,0.13914302736449238
"('0010512000', 'Alabama Transportation Institute')",0.00045871559633027525,0.0,0.11578192633507714,9.120090823660906e-06,0.12277561123891384
"('0010512000', 'Department of Computer Science')",0.0011467889908256881,0.0026401676003551646,0.11877843463099681,9.409010693117782e-06,0.12717451954263853
"('0036327000', 'Department of Construction Science')",0.0013761467889908258,0.00019309595315417208,0.13122648607975923,1.2711583868692675e-05,0.14242197509871507
"('0036327000', 'Psychological and Brain Sciences')",0.0006880733944954129,0.0,0.12331014197635613,8.336080352583072e-06,0.131897344275919
"('0036327000', 'Educational Administration and Human Res')",0.0006880733944954129,0.0,0.12331014197635613,8.336080352583072e-06,0.131897344275919
"('0027078000', 'Physics')",0.0009174311926605505,0.0,0.15408538309301667,0.0004507866802853611,0.1699183719567885
"('0096354000', 'School of Computing and Info Sciences')",0.0013761467889908258,0.0,0.08150142066696575,3.3908992232790924e-10,0.08614822672002231
"('0096354000', 'CIARA')",0.0013761467889908258,0.0,0.08150142066696575,3.3908992232790924e-10,0.08614822672002227
"('0096354000', 'International Hurricane Center')",0.0013761467889908258,0.0,0.08150142066696575,3.3908992232790924e-10,0.08614822672002227
"('0096354000', 'School of Computing and Information Scie')",0.0013761467889908258,0.0,0.08150142066696575,3.3908992232790924e-10,0.08614822672002227
"('0096354000', 'Instructional & Research Computing Cente')",0.0013761467889908258,0.0,0.08150142066696575,3.3908992232790924e-10,0.08614822672002231
"('0096354000', 'Sea Level Solutions Center')",0.0013761467889908258,0.0,0.08150142066696575,3.3908992232790924e-10,0.08614822672002231
"('0015693000', 'Computational Science & Engineering Div.')",0.00022935779816513763,0.0,0.12817120851339037,7.270012244886826e-06,0.13795712060620302
"('0023259000', 'Sociology')",0.00022935779816513763,0.0,0.11140068475650264,6.86034863527833e-06,0.11745379981668996
"('0029728000', 'School of Electrical & Computer Engr')",0.00045871559633027525,0.0,0.1213571965374231,7.592768957225717e-05,0.13001782557401761
"('6250041447', 'Unknown Dept')",0.00045871559633027525,0.0,0.1213571965374231,7.592768957225717e-05,0.13001782557401764
"('0031252000', 'Electrical Engineering & Computer Sci.')",0.00045871559633027525,0.0,0.12786298718437492,6.377291353441351e-06,0.13656657658091137
"('0013201000', 'Electrical and Computer Engineering')",0.00045871559633027525,0.0,0.12786298718437492,6.377291353441351e-06,0.1365665765809114
"('0038950000', 'Engineering Physics')",0.00022935779816513763,0.0,0.12406100614614159,2.6092272935280215e-05,0.1316060538594935
"('0038950000', 'Mathematics')",0.00045871559633027525,0.00045871559633027525,0.14162741594932596,0.00031149374276581,0.1535337591816946
"('0023259000', 'Computational Medicine & Bioinformatics')",0.0009174311926605505,0.0009172207243896947,0.13281749779145216,4.160659934989295e-05,0.14416312853812818
"('0023259000', 'Electrical Engr & Computer Science')",0.00045871559633027525,0.0,0.1172515799381471,3.805221768865045e-06,0.12462358169353575
"('0026906000', 'Computer Science')",0.00045871559633027525,0.0,0.1172515799381471,3.805221768865045e-06,0.12462358169353575
"('0013482000', 'Chemical and Biological Engineering')",0.00022935779816513763,0.0,0.09871400108675965,6.341083434592176e-08,0.10399885151874927
"('0031252000', 'Department of Civil and Architectural En')",0.0022935779816513763,0.0032078521502490894,0.0988617296267743,4.200798784206348e-08,0.10569352066160909
"('5300002935', 'Electrical and Computer Engineering')",0.0006880733944954129,0.0,0.09884604049060282,3.9442112554049193e-08,0.10489076836803118
"('5300002935', 'Civil and Environmental Engineering')",0.0011467889908256881,0.0,0.09884604049060282,4.279591064361481e-08,0.10489076836803118
"('0036962000', 'Mathematics and Statistics')",0.0009174311926605505,0.0,0.11901837141375263,3.5108499015147216e-06,0.12803673645416747
"('0036962000', 'RSENR')",0.0009174311926605505,0.0,0.11901837141375263,3.5108499015147216e-06,0.12803673645416747
"('0036962000', 'Medicinal Chemistry and Molecular Pharma')",0.0009174311926605505,0.0,0.11901837141375263,3.5108499015147216e-06,0.12803673645416747
"('0036962000', 'Nutrition and Food Sciences')",0.0009174311926605505,0.0,0.11901837141375263,3.5108499015147216e-06,0.12803673645416747
"('0010819000', 'Mary Lou Fulton College of Education')",0.0006880733944954129,0.0001229765193153231,0.14742679380536958,0.0706191555581596,0.1652301718414098
"('0013706000', 'Political Science')",0.00022935779816513763,0.0,0.12645011600928074,2.7980908063520454e-06,0.1360995812591198
"('0018929000', 'Chemical and Biochemical Engineering')",0.0006880733944954129,0.0,0.10131994794571482,5.289239401856651e-07,0.10595653759236069
"('0018929000', 'Civil and Environmental Engineering')",0.0016055045871559634,0.0013755153841782583,0.11273432449903038,5.258403450982744e-06,0.11944020099646037
"('0018929000', 'Chemistry')",0.0006880733944954129,0.0,0.10131994794571482,5.289239401856651e-07,0.10595653759236068
"('0018929000', 'Hydroscience and Engineering')",0.0006880733944954129,0.0,0.10131994794571482,5.289239401856651e-07,0.10595653759236066
"('0036566000', 'College of Architecture, Planning, and P')",0.0009174311926605505,0.0,0.11878167057156869,1.1693506644730075e-05,0.12609433612199372
"('7203586187', 'Unknown Dept')",0.0009174311926605505,0.0,0.11878167057156869,1.1693506644730075e-05,0.12609433612199372
"('0013151000', 'Biological Chemistry')",0.00045871559633027525,0.0,0.1256447940981528,7.026926587443977e-06,0.13467191966230677
"('0290825000', 'Unknown Dept')",0.0011467889908256881,0.0,0.08997296683794548,4.718348389719398e-09,0.09459247954763529
"('0290825000', 'Civil Engineering')",0.0006880733944954129,0.0,0.08997296683794548,4.3473128654129015e-09,0.09459247954763526
"('0290825000', 'Accounting and Finance')",0.0006880733944954129,0.0,0.08997296683794548,4.3473128654129015e-09,0.09459247954763526
"('0036707000', 'Economics')",0.0013761467889908258,0.009681968161284535,0.15491756679931779,0.07128948954733846,0.17509024041707463
"('4025938000', 'Computer Science')",0.00045871559633027525,0.0,0.13764798737174427,0.006569185345281526,0.15084250038951794
"('P270009930', 'Unknown Dept')",0.0009174311926605505,0.0,0.13807518130284702,0.00010740778355986305,0.1494703857222404
"('7203577999', 'Unknown Dept')",0.0009174311926605505,0.0,0.13807518130284702,0.00010740778355986305,0.14947038572224036
"('0014456000', 'Physics')",0.0011467889908256881,0.00045871559633027525,0.13807955409171524,0.0001081077911272691,0.14958506462132293
"('0023879000', 'Radiology')",0.00022935779816513763,0.0,0.11763753608720287,3.2791379424024506e-06,0.12498670905831569
"('0013706000', 'Department of English')",0.0006880733944954129,0.0,0.11445972907697154,1.580444460619088e-06,0.12115426633539148
"('0013706000', 'Program for Writing and Rhetoric')",0.0006880733944954129,0.0,0.11445972907697154,1.580444460619088e-06,0.12115426633539148
"('0013706000', 'History')",0.0006880733944954129,0.0,0.11445972907697154,1.580444460619088e-06,0.12115426633539148
"('0013706000', 'CU Science Discovery')",0.00045871559633027525,0.0,0.11949788960149098,7.300306743930448e-07,0.12766527728582447
"('6250039172', 'Unknown Dept')",0.0013761467889908258,0.002440261402885134,0.12287228046443467,2.5958017968785853e-06,0.13229736092593586
"('0013128000', 'Museum of Vertebrate Zoology')",0.0006880733944954129,0.0,0.12620122727799005,1.3556174716829394e-05,0.13566794221324024
"('0018408000', 'Department of Physics')",0.00022935779816513763,0.0,0.12288959666281463,3.289326745924782e-06,0.13045418616806226
"('5300002832', 'California Digital Library')",0.0006880733944954129,0.0,0.12356875637682803,3.583816722356687e-05,0.1325801916460646
"('7203579630', 'Unknown Dept')",0.0006880733944954129,0.0,0.12356875637682803,3.583816722356687e-05,0.13258019164606463
"('0015693000', 'Materials, Science and Engineering')",0.00022935779816513763,0.0,0.11683683039901385,1.5695526611267342e-06,0.1232710574339011
"('0015693000', 'School of Materials Science and Engineer')",0.0006880733944954129,0.00045871559633027525,0.13228958067843924,1.8633477627152794e-05,0.1421423441492246
"('0028373000', 'Physics')",0.0009174311926605505,0.0,0.10033829655029572,7.546575631242043e-07,0.10589351536362934
"('0036806000', 'Teacher Education')",0.0009174311926605505,0.0013755153841782583,0.131052932159067,2.5396182537339653e-05,0.1414264701277316
"('6250000457', 'University of Wisconsin - Madison')",0.00045871559633027525,0.0,0.10847929936305732,4.9548763481604144e-06,0.11337081346727779
"('6250000457', 'Unknown Dept')",0.00045871559633027525,0.0,0.10847929936305732,4.9548763481604144e-06,0.11337081346727779
"('0013144000', 'Information & Computer Science')",0.0011467889908256881,7.015609028527571e-08,0.11064585712473037,1.967414611724803e-07,0.11771996845977871
"('0013144000', 'Family Medicine, School of Medicine')",0.0009174311926605505,0.0,0.11064304928183526,1.8367410674399874e-07,0.11760528956069619
"('0013144000', 'Senior Health Center')",0.0009174311926605505,0.0,0.11064304928183526,1.8367410674399874e-07,0.11760528956069617
"('0019489001', 'Educational Psychology')",0.00022935779816513763,0.0,0.1315630657815329,3.0291119895091595e-05,0.14107289922555696
"('0036707000', 'Instructional Psychology & Technology')",0.0006880733944954129,0.0,0.08782000926541382,8.501965031505162e-09,0.09256206550717218
"('0036707000', 'Biology')",0.0006880733944954129,0.0,0.08782000926541382,8.501965031505162e-09,0.09256206550717218
"('0022301000', 'Geology & Geophysics Department')",0.00022935779816513763,0.0,0.10910091834947326,8.213185813960291e-07,0.11441331328996447
"('0013706000', 'Electrical, Computer and Energy Engineer')",0.00045871559633027525,0.0,0.11102905599837022,1.2337361280733196e-07,0.11785209629819561
"('0037986000', 'Physics')",0.00022935779816513763,0.0,0.16151139099833303,0.002966418523692898,0.1766886168749694
"('6250003345', 'Health Science')",0.00022935779816513763,0.0,0.12435469610108098,1.9069376503670502e-06,0.13337435286875418
"('0037549000', 'Fralin Biomed Res Inst at VTC')",0.00022935779816513763,0.0,0.1195208201979221,1.6115790640965706e-05,0.12635450663445782
"('7203580756', 'Unknown Dept')",0.00022935779816513763,0.0,0.10100074128984433,6.918112943610585e-08,0.10570444354726198
"('0025684000', 'Department of Physics')",0.00022935779816513763,0.0,0.08542821874326469,4.072873206828565e-09,0.08889782919774104
"('0029744000', 'Institute of Marine Sciences')",0.00022935779816513763,0.0,0.08445520581113801,6.016204763666098e-09,0.08801606614564429
"('0027078000', 'Deparment of Ocean and Climate Physics')",0.00022935779816513763,0.0,0.11821805265583905,1.0070472841055456e-05,0.12644216173509865
"('0021998000', ""Provost's Office and Graduate School of"")",0.001834862385321101,0.007886837655726632,0.13572406923172706,1.3983682784740739e-05,0.14936163957092854
"('0021998000', 'Department of Electrical & Computer Eng.')",0.0013761467889908258,0.0,0.13328034726255616,1.3530643022044334e-05,0.14549122736336015
"('0021998000', 'The Center for STEM Education')",0.0013761467889908258,0.0,0.13328034726255616,1.3530643022044334e-05,0.14549122736336015
"('0021998000', 'College of Engineering')",0.0013761467889908258,0.0,0.13328034726255616,1.3530643022044334e-05,0.14549122736336015
"('4062600000', 'Atmospheric Chemistry Department')",0.00022935779816513763,0.0,0.1016980779996268,2.2821691413744628e-07,0.10662925502796505
"('0025684000', 'Nevada Seismological Laboratory')",0.00022935779816513763,0.0,0.12104722507565452,1.2658716242808012e-06,0.12853371758660445
"('0026278000', 'Department of Electrical Engineering')",0.00045871559633027525,0.0,0.1360544217687075,5.823538301192615e-05,0.14660663018174466
"('0026278000', 'Operations Research and Financial Eng')",0.00045871559633027525,0.0,0.1360544217687075,5.823538301192615e-05,0.14660663018174466
"('0034900000', 'Biology')",0.0013761467889908258,0.0,0.09269889866904792,1.1274683061867121e-08,0.09666649329697279
"('0035352000', 'Physics')",0.0009174311926605505,0.0,0.09269889866904792,1.040096711789393e-08,0.09666649329697279
"('0034900000', 'Chemistry')",0.0009174311926605505,0.0,0.09269889866904792,1.040096711789393e-08,0.09666649329697279
"('7203586419', 'Unknown Dept')",0.0009174311926605505,0.0,0.09269889866904792,1.040096711789393e-08,0.09666649329697279
"('0037499000', 'Center for Intelligent Spatial Computing')",0.00022935779816513763,0.0,0.14161821548055997,0.00030930754064914566,0.15338085398291784
"('0029231000', 'Department of Coastal Studies')",0.00022935779816513763,0.0,0.10823692964599572,8.871977239547463e-07,0.11457675468232595
"('0032490000', 'Division of Math, Science, and Health Ca')",0.0011467889908256881,0.0,0.11486984929918853,3.757781717837149e-06,0.12249059056162355
"('0033282000', 'Physics')",0.0011467889908256881,0.0,0.11486984929918853,3.757781717837149e-06,0.12249059056162355
"('0033282000', 'Academic Development Program')",0.0011467889908256881,0.0,0.11486984929918853,3.757781717837149e-06,0.12249059056162355
"('5300003010', 'Mathematics')",0.0011467889908256881,0.0,0.11486984929918853,3.757781717837149e-06,0.12249059056162358
"('0033282000', 'Physics and Engineering')",0.0011467889908256881,0.0,0.11486984929918853,3.757781717837149e-06,0.12249059056162355
"('0010637000', 'IARC')",0.001834862385321101,0.0041229681919302255,0.1124958072090203,0.002559938892413232,0.12129556669120803
"('0001271000', 'Sociology')",0.00022935779816513763,0.0,0.0899692536266276,5.796996539036293e-09,0.09491064024944698
"('0013219000', 'Earth & Planetary Sciences')",0.00045871559633027525,0.0,0.10875801342014019,1.1226946923177413e-07,0.11475494379922882
"('0013219000', 'Earth Sciences')",0.00045871559633027525,0.0,0.10875801342014019,1.1226946923177413e-07,0.11475494379922878
"('0023259000', 'Population Studies Center')",0.00045871559633027525,0.0,0.09352008751421033,6.860658099561572e-08,0.09736110309416711
"('0023259000', 'Computer Science and Engineering')",0.00045871559633027525,0.0,0.09352008751421033,6.860658099561572e-08,0.09736110309416716
"('0026278000', 'Civil and Environmental Engineering')",0.00045871559633027525,0.00028089934270282465,0.12181493071077336,2.3457626610583658e-05,0.1296287310421483
"('6250002761', 'Unknown Dept')",0.0009174311926605505,0.0,0.12364234466721492,3.8954459111481586e-05,0.13083329843988292
"('0016105000', 'SOEST/JIMAR')",0.0009174311926605505,0.0,0.12364234466721492,3.8954459111481586e-05,0.13083329843988292
"('6250042965', 'Unknown Dept')",0.0009174311926605505,0.0,0.12364234466721492,3.8954459111481586e-05,0.13083329843988287
"('7203591369', 'Unknown Dept')",0.0009174311926605505,0.0,0.12364234466721492,3.8954459111481586e-05,0.13083329843988292
"('7203585714', 'Unknown Dept')",0.00022935779816513763,0.0,0.14097258147956543,5.528737876324712e-05,0.15249667731605743
"('0032169000', 'Research and Strategic Partnerships')",0.0009174311926605505,0.0,0.15550324559526357,0.0007895555520920312,0.17123080601864893
"('0032169000', 'Geography')",0.0022935779816513763,0.007769541452778287,0.15559758752364297,0.0008895933445933509,0.1720373809421963
"('0032169000', 'Unknown Dept')",0.0009174311926605505,0.0,0.15550324559526357,0.0007895555520920312,0.17123080601864893
"('0002261000', 'Department of Computer Science and Engin')",0.00022935779816513763,0.0,0.09255721139557593,9.824381448956431e-08,0.09634695107913951
"('0029728000', 'Department of Electrical & Computer Engi')",0.0006880733944954129,0.0,0.12078231480968475,8.938211107923384e-06,0.12944217807361974
"('0029744000', 'Center for GI Biology and Disease')",0.0006880733944954129,0.0,0.12078231480968475,8.938211107923384e-06,0.12944217807361974
"('0021055000', 'Department of Mathematics and Statistics')",0.00022935779816513763,0.0,0.0913701328639088,7.796615841117952e-09,0.09521962571950668
"('0025320000', 'Earth Sciences')",0.0006880733944954129,0.01004312494869836,0.1060208150958078,9.801379411349127e-07,0.11221364736255987
"('0010835000', 'School of Geography and Development')",0.0013761467889908258,0.001833599575695966,0.12136395267919277,2.97062320257272e-05,0.12966161205452242
"('0029728000', 'Civil, Construction, and Environmental E')",0.00045871559633027525,0.0,0.11663367396072977,8.09955438110361e-06,0.12410716109009355
"('0029728000', 'Fitts Department of Industrial and Syste')",0.00045871559633027525,0.0,0.11663367396072977,8.09955438110361e-06,0.12410716109009355
"('0010827000', 'Forestry')",0.00045871559633027525,0.0,0.1397570279193512,0.00019165607537765457,0.1519891264444011
"('0014282000', 'Chemistry')",0.0006880733944954129,0.0,0.12592785142824134,3.583043127677862e-05,0.13421868683049848
"('0014316000', 'Chemical & Biomolecular Engineering')",0.001834862385321101,0.011434695098545496,0.12755251301854778,3.7870000514052114e-05,0.1377379065251766
"('0026229000', 'Unknown Dept')",0.0006880733944954129,0.0,0.12592785142824134,3.583043127677862e-05,0.13421868683049842
"('4025938000', 'Politics')",0.00045871559633027525,0.0,0.13188541698175987,0.000666693864281049,0.14221773225500242
"('4025938000', 'Kellogg School of Management')",0.0009174311926605505,0.0022662627581105546,0.14063608799432295,0.0007148262241300331,0.15227112050793173
"('0013532000', 'Environmental Studies')",0.00045871559633027525,0.0,0.12195804195804195,1.298971869905761e-06,0.13038138244273545
"('0013532000', 'Sociology')",0.00045871559633027525,0.0,0.12195804195804195,1.298971869905761e-06,0.13038138244273545
"('7203583716', 'Hispanic Federation Puerto Rico')",0.0006880733944954129,0.0,0.14106380225184417,5.778134590070323e-05,0.15335431992828755
"('0021782000', 'Architecture')",0.0006880733944954129,0.0,0.14106380225184417,5.778134590070323e-05,0.15335431992828755
"('0013508000', 'Electrical & Computer Engineering')",0.0006880733944954129,9.256728745669676e-05,0.11836568481064205,4.484522406731812e-06,0.1283419333896596
"('7203578618', 'Unknown Dept')",0.00022935779816513763,0.0,0.10679992161473643,1.1003723510818459e-06,0.11231744439076974
"('0013706000', 'Atmos. & Oceanic Sciences')",0.00022935779816513763,0.0,0.09137204769788546,7.230908113528192e-09,0.09525785201920088
"('0031252000', 'Department of Biological Sciences')",0.00022935779816513763,0.0,0.09626424092554976,8.93194471206086e-08,0.10038911875018455
"('0031252000', 'Biological Sciences')",0.0020642201834862386,0.0023101158808442723,0.10651552537072777,9.74447778107826e-07,0.1127940247039325
"('0010751000', 'STEM Initiatives/Honors')",0.00022935779816513763,0.0,0.13506396951767294,0.006623938982760869,0.14685595049700484
"('0035451020', 'Pediatrics-Nutrition')",0.0006880733944954129,0.0,0.10393820921140459,0.00011887346604993943,0.10985567677435447
"('0025734000', 'Biological Sciences')",0.0006880733944954129,0.0,0.10393820921140459,0.00011887346604993943,0.10985567677435447
"('0106336000', 'Biology')",0.0006880733944954129,0.0,0.10393820921140459,0.00011887346604993943,0.10985567677435447
"('0035063000', 'Data Science Institute')",0.00022935779816513763,0.0,0.10149684568289219,4.942252292203047e-07,0.10627370920139197
"('0037549000', 'Economics')",0.0009174311926605505,0.0,0.1341579740915105,6.451723251345058e-05,0.1463147730836944
"('0037549000', 'Urban Affairs and Planning')",0.0009174311926605505,0.0,0.1341579740915105,6.451723251345058e-05,0.1463147730836944
"('7203576949', 'Unknown Dept')",0.0009174311926605505,0.0,0.1341579740915105,6.451723251345058e-05,0.1463147730836944
"('0013284000', 'Electrical Engineering and Ophthalmology')",0.0011467889908256881,0.0,0.1044736779047756,4.637909913869104e-07,0.10979812201125438
"('0013284000', 'Department of Biomedical Engineering')",0.0011467889908256881,0.0,0.1044736779047756,4.637909913869104e-07,0.10979812201125437
"('0013284000', 'Ming Hsieh Department of Electrical Engi')",0.0011467889908256881,0.0,0.1044736779047756,4.637909913869104e-07,0.10979812201125437
"('0013284000', 'Ophthalmology')",0.0011467889908256881,0.0,0.1044736779047756,4.637909913869104e-07,0.10979812201125437
"('0013284000', 'Mark and Mary Stevens Neuroimaging and I')",0.0011467889908256881,0.0,0.1044736779047756,4.637909913869104e-07,0.10979812201125437
"('P269987877', 'Unknown Dept')",0.00045871559633027525,0.0,0.11772011772011771,2.2398442323642772e-05,0.12420257408688326
"('P270053832', 'Unknown Dept')",0.00045871559633027525,0.0,0.11772011772011771,2.2398442323642772e-05,0.12420257408688326
"('5300001194', 'CHEMISTRY Department')",0.00022935779816513763,0.0,0.08132204275002798,1.889946587827529e-10,0.08462893207851452
"('0010090000', 'Civil Engineering')",0.0011467889908256881,0.00045871559633027525,0.13402188614287472,0.0004133256992424494,0.144471453304595
"('0010090000', 'Geosciences')",0.00022935779816513763,0.0,0.11818600742728579,3.459192015223827e-05,0.12486598018893603
"('0013144000', 'Department of Chemical & Biomolecular En')",0.00045871559633027525,0.0,0.1153958129317418,5.364237514680877e-06,0.12173214068940558
"('0013144000', 'Department of Chemistry')",0.00045871559633027525,0.0,0.1153958129317418,5.364237514680877e-06,0.12173214068940555
"('0039552000', 'Dept. of Computer Science')",0.00045871559633027525,0.0,0.11371342131344218,8.511248568822634e-05,0.12031237302452881
"('6250009905', 'Unknown Dept')",0.00045871559633027525,0.0,0.11371342131344218,8.511248568822634e-05,0.12031237302452878
"('0015982000', 'Department of Marine Sciences')",0.0013761467889908258,0.00045871559633027525,0.13115148598243292,1.534861305165506e-05,0.14170513323322895
"('0015982001', 'Marine Sciences')",0.00022935779816513763,0.0,0.11594819562268968,1.28719449664734e-06,0.12259163183087157
"('0021030000', 'Joint Program in Survey Methodology')",0.0006880733944954129,0.0,0.11495465091752795,1.756235108310554e-06,0.12225429959948252
"('0029744000', 'Carolina Population Center')",0.0016055045871559634,0.001833599575695966,0.12987012987012986,1.7419009941751107e-05,0.1412240085347879
"('0021030000', 'Sociology')",0.0006880733944954129,0.0,0.11495465091752795,1.756235108310554e-06,0.12225429959948252
"('0021022000', 'School of Criminal Justice')",0.00022935779816513763,0.0,0.08655945999602939,5.686387404764253e-09,0.08978517554682965
"('0036756000', 'Scientific Computing & Imaging Institute')",0.00022935779816513763,0.0,0.11680552950947036,6.486180379674379e-06,0.12417461657039343
"('0025650000', 'Unknown Dept')",0.0020642201834862386,0.0024430694684072296,0.13387785181318512,0.0001476542030452282,0.14635086053090632
"('0025650000', 'Dept. Earth & Atmospheric Sciences')",0.0009174311926605505,0.0,0.12256142126271996,9.370813194185962e-05,0.13152480897033603
"('0025650000', 'Dept. of Physics and Astronomy')",0.0009174311926605505,0.0,0.12256142126271996,9.370813194185962e-05,0.13152480897033605
"('0025650000', 'ALEC')",0.0009174311926605505,0.0,0.12256142126271996,9.370813194185962e-05,0.13152480897033603
"('0025650000', 'Ne Cntr Children, Youth, Families & Sch')",0.00022935779816513763,0.0,0.11208226221079691,1.3907571754666136e-06,0.11853465987825718
"('0018093000', 'Geological Sciences')",0.00022935779816513763,0.0,0.11339401820546163,1.8604142515275453e-07,0.12107480737691802
"('0015354000', 'Whitney Lab/Biology')",0.00022935779816513763,0.0,0.12861736334405144,3.45603042265253e-06,0.13805571562739002
"('0014480000', 'Economics')",0.00045871559633027525,0.0,0.11196712891628145,9.600714715999664e-07,0.1192836936104604
"('0036756000', 'Education')",0.0009174311926605505,0.0,0.13934609607210202,0.000131508305346221,0.1512905538650944
"('0026997000', 'Chemistry')",0.00022935779816513763,0.0,0.0874606326854025,1.844242225244043e-08,0.09065028865222866
"('0036772000', 'Extension')",0.0006880733944954129,0.0,0.12521179747853306,3.6889175225398092e-06,0.13584603670224857
"('0010637000', 'Cooperative Extension')",0.0006880733944954129,0.0,0.12521179747853306,3.6889175225398092e-06,0.13584603670224857
"('0021782000', 'Dept of Electrical Eng & Computer Sci')",0.00045871559633027525,0.0,0.13190935769824222,7.097355746182681e-05,0.14111318758967845
"('0021782000', 'Computer Science & AI Lab (CSAIL)')",0.00045871559633027525,0.0,0.13190935769824222,7.097355746182681e-05,0.14111318758967845
"('0023259000', 'Department of Psychology')",0.00022935779816513763,0.0,0.12534498620055198,5.390881026172391e-05,0.1343824738252689
"('0013706000', 'Mathematics')",0.0006880733944954129,0.0,0.13801836024058245,8.739913953186665e-05,0.1488396517772864
"('0033787000', 'Department of Computer & Info. Science')",0.0006880733944954129,0.0,0.1344807377934055,6.803195961694581e-05,0.1457624269206829
"('0033787000', 'Biobehavioral Nursing and Health Systems')",0.0006880733944954129,0.0,0.1344807377934055,6.803195961694581e-05,0.1457624269206829
"('0013508000', 'Horticulture and Landscape Architecture')",0.0009174311926605505,0.0,0.12341136177078321,5.322972513152837e-05,0.13463084071067732
"('0013508000', 'Proteomics and Metabolomics Facility')",0.0009174311926605505,0.0,0.12341136177078321,5.322972513152837e-05,0.13463084071067735
"('0027078000', 'Ecology, Evolution, & Environmental Biol')",0.00022935779816513763,0.0,0.12431569343065693,7.049468854056513e-05,0.1347572589534946
"('0013706000', 'Geological Sciences')",0.0006880733944954129,0.00045871559633027525,0.12110774700702759,1.4058707350087884e-05,0.1309627798933989
"('0010835000', 'Department of Linguistics')",0.00022935779816513763,0.0,0.1213369326246069,2.6442358823169157e-05,0.12914555700865082
"('0014266000', 'Department of Economics and Department')",0.0006880733944954129,0.0,0.12681054039904602,0.00020794369083547355,0.1367769231577918
"('0023259000', 'Economics')",0.0006880733944954129,0.0,0.12681054039904602,0.00020794369083547355,0.1367769231577918
"('0018093000', 'Chemistry and Chemical Biology')",0.00045871559633027525,0.0,0.15931014323297282,0.002988898758662659,0.17499415403658453
"('7203582079', 'Unknown Dept')",0.00045871559633027525,0.0,0.15931014323297282,0.002988898758662659,0.17499415403658453
"('0001289000', 'Department of Civil Engineering')",0.0009174311926605505,0.0,0.12868949232585597,2.202047702702147e-05,0.13706824053053157
"('0001289000', 'Unknown Dept')",0.0011467889908256881,0.00045871559633027525,0.1286932908291272,2.2165446643482435e-05,0.1371829194296142
"('0001289000', 'Computer Science and Engineering')",0.001834862385321101,0.002291473298942818,0.1476714648602879,0.00019563022083233971,0.16083845849614067
"('0001271000', 'Mechanical Engineering')",0.0009174311926605505,0.0,0.12868949232585597,2.202047702702147e-05,0.13706824053053163
"('0001289000', 'Inworks')",0.0009174311926605505,0.0,0.12868949232585597,2.202047702702147e-05,0.13706824053053157
"('0013151000', 'Physics and Astronomy Department')",0.00022935779816513763,0.0,0.10184536323288951,7.164239751779521e-08,0.10672065083640518
"('0032235000', 'Institute for Ecology and Evolution')",0.00022935779816513763,0.0,0.12408925318761384,4.565409224478777e-05,0.13202293988316655
"('0027078000', 'Dept of Computer Science')",0.00022935779816513763,0.0,0.12431569343065693,7.049468854056513e-05,0.13475725895349464
"('0010819000', 'Industrial Engineering')",0.0009174311926605505,0.0,0.1431291445079115,0.06985003633774126,0.16042938139841767
"('0010819000', 'Arts, Media & Engineering')",0.00045871559633027525,0.0,0.1431009583825653,0.06399521657539874,0.16008534470117003
"('0032995000', 'STEM Division')",0.00022935779816513763,0.0,0.08527950553534405,7.415294233311843e-07,0.08878897400833582
"('0028381000', 'Department of Anthropology')",0.00022935779816513763,0.0,0.10437113994350553,1.2349070819182036e-07,0.11048958293460293
"('0033290000', 'Spanish, Italian & Portuguese')",0.0006880733944954129,0.0,0.10635183920382477,8.32762338799388e-08,0.11291605018581158
"('0033290000', 'Communication Sciences and Disorders')",0.0006880733944954129,0.0,0.10635183920382477,8.32762338799388e-08,0.11291605018581158
"('0033290000', 'German and Slavic Languages and Literatu')",0.0006880733944954129,0.0,0.10635183920382477,8.32762338799388e-08,0.11291605018581158
"('0026989000', 'Chemistry')",0.0006880733944954129,0.0,0.09120384896977303,6.63189982274452e-08,0.09538524866587048
"('0027086000', 'Department of Chemistry')",0.0006880733944954129,0.0,0.09120384896977303,6.63189982274452e-08,0.09538524866587046
"('0027086000', 'Chemistry')",0.0006880733944954129,0.0,0.09120384896977303,6.63189982274452e-08,0.09538524866587042
"('0029751000', 'MDSK College of Education')",0.00022935779816513763,0.0,0.10979602115336187,5.103283013460257e-07,0.11528506934348498
"('0013169000', 'Mathematics')",0.00022935779816513763,0.0,0.12903225806451613,2.2271441963174778e-05,0.13753105807291513
"('0021303000', 'Ctr For Global Health & Dvlpmt')",0.00045871559633027525,0.0,0.07009646302250803,2.570234310256046e-12,0.0728224414474581
"('0039545000', 'Civil, Environment, and Construction En')",0.00045871559633027525,0.0,0.07009646302250803,2.570234310256046e-12,0.0728224414474581
"('0001024000', 'Materials Science & Engineering')",0.00022935779816513763,0.0,0.10198353293413173,8.654664059878088e-07,0.10710524058000963
"('0018697000', 'Civil, Construction & Environmental Eng')",0.00022935779816513763,0.0,0.11450481918218347,5.15214095135956e-06,0.1212729459633129
"('0022210000', 'Computer Science Department')",0.0006880733944954129,0.0,0.1367843137254902,0.009729588542728387,0.14994210554990312
"('0024109000', 'Chemistry')",0.00022935779816513763,0.0,0.08916702456183406,1.1665335100708197e-09,0.09338527957124532
"('0039545000', 'Civil, Environmental, & Construct Engr')",0.00022935779816513763,0.0,0.127195285605928,2.8972960999783775e-05,0.13601860263844218
"('0036525000', 'Computer Science')",0.00045871559633027525,0.0,0.1246248392168072,6.203809306967903e-06,0.1337200126730618
"('0015511000', 'Department of Chemistry')",0.00045871559633027525,0.0,0.09787195833707461,1.2113058982579048e-08,0.10349059741932441
"('0039321000', 'Atmospheric Science')",0.00022935779816513763,0.0,0.11546915967054212,3.4742137002488065e-06,0.12446445306806854
"('0013169000', 'Chemical and Environmental Engineering')",0.00022935779816513763,0.0,0.13493021384582057,7.960764768043622e-06,0.1453170877587361
"('0036327000', ""Bush School of Gov't & Public Service"")",0.0009174311926605505,0.0,0.10627147975723304,6.24958674671567e-07,0.11309366899440262
"('0036327000', 'Teaching, Learning and Culture')",0.0009174311926605505,0.0,0.10627147975723304,6.24958674671567e-07,0.11309366899440264
"('0015982000', 'School of Env., Civil, Agric. and Mech.')",0.0009174311926605505,0.0,0.10627147975723304,6.24958674671567e-07,0.11309366899440261
"('6250041978', 'Learning Sciences')",0.0013761467889908258,0.002749136553918814,0.11672110081918938,1.0470044766818636e-05,0.12505080460254434
"('6250041978', 'Learning Sciences Research Group')",0.0006880733944954129,0.001833599575695966,0.10454632649146364,9.760584119400116e-07,0.11031082970066884
"('6250041978', 'Digital Promise')",0.00045871559633027525,0.0,0.10453629999040952,9.6952104240479e-07,0.11011969820219791
"('0020321000', 'Business')",0.00022935779816513763,0.0,0.11091043219455114,1.6051015263746428e-06,0.1166348148051795
"('0016261000', 'Soil and Water Systems')",0.0011467889908256881,0.0006000825894391551,0.11509120185835335,0.0015653053137118214,0.12416593027258066
"('0016261000', 'Soil & Water Systems')",0.0011467889908256881,0.0006000825894391551,0.11509120185835335,0.0015653053137118214,0.12416593027258066
"('0045096000', 'Bachelor of Innovation Program')",0.00045871559633027525,0.0,0.11189529064545105,0.0011688242123444497,0.11968478196115724
"('0013508000', 'Ecosystem Science and Sustainability')",0.00045871559633027525,0.0,0.11813157039124308,4.1520873905265694e-05,0.12710463730144622
"('0013508000', 'Geosciences')",0.0009174311926605505,0.0,0.11813157039124308,4.49936033740358e-05,0.12710463730144622
"('0031708000', 'Computer Science')",0.0009174311926605505,0.00045871559633027525,0.10328816450298493,4.3962540543442335e-06,0.10890545801294921
"('0031708000', 'Department of Computer Science')",0.00022935779816513763,0.0,0.09362049344012369,3.677183812237335e-07,0.09757308076056632
"('0020313000', 'Civil Engineering')",0.00045871559633027525,0.0,0.10073006191664356,9.646840152322243e-08,0.10626318597560797
"('0020313000', 'History')",0.00045871559633027525,0.0,0.10073006191664356,9.646840152322243e-08,0.10626318597560797
"('0035352000', 'Department of Physics and Astronomy')",0.00022935779816513763,0.0,0.12567376704234284,5.7149852132265965e-06,0.1331242032537229
"('4012365000', 'Education Research Collaborative')",0.0009174311926605505,0.0009172207243896947,0.1614755009073738,0.003381930617346839,0.1784466921966919
"('7203577028', 'ADF&G, Subsistence')",0.00045871559633027525,0.0,0.12566652255368208,0.0062472014506700655,0.1368771919976043
"('0014456000', 'McDonough School of Business')",0.0006880733944954129,0.0,0.14008032128514056,0.0015092120953352488,0.15240787436314862
"('0036707000', 'Management Department')",0.0006880733944954129,0.0,0.14008032128514056,0.0015092120953352488,0.15240787436314862
"('0027078000', 'NCDP')",0.00022935779816513763,0.0,0.11394820061155686,8.309119209798072e-06,0.12214840344191344
"('0011510001', 'Department of Chemistry')",0.0006880733944954129,0.00022930518109742367,0.09452779464053421,1.1705323617934804e-08,0.09921657590282361
"('0011510001', 'Chemistry and Biochemistry')",0.0006880733944954129,0.00022930518109742367,0.09452779464053421,1.1705323617934804e-08,0.09921657590282361
"('7203583307', 'Unknown Dept')",0.00022935779816513763,0.0,0.11402269993200481,1.8657179901357443e-06,0.11957534640211318
"('0036582000', 'Civil Engineering')",0.0006880733944954129,0.0,0.12718415448790876,7.517381311933248e-06,0.13581016692727424
"('0036582000', 'Department of Civil Engineering')",0.0006880733944954129,0.0,0.12718415448790876,7.517381311933248e-06,0.13581016692727424
"('0015693000', 'Music')",0.0006880733944954129,0.0,0.13452638074668313,3.560711210769409e-05,0.14741177909755857
"('0015693000', 'School of Music, Center for Music Techno')",0.0006880733944954129,0.0,0.13452638074668313,3.560711210769409e-05,0.14741177909755857
"('0014316000', 'Dept. of Physics and Astronomy')",0.00022935779816513763,0.0,0.1300289284542662,1.0156872608499637e-05,0.13957290138954948
"('0037457000', 'Dept of Environmental Sciences')",0.00045871559633027525,0.0,0.10778739184177998,9.233577778128256e-07,0.11384735156760112
"('0014266000', 'Yale School of the Environment')",0.0013761467889908258,0.0013755153841782583,0.12079904690660238,1.010461873571468e-05,0.12990089366995003
"('0032896000', 'Chemical and Biomolecular Engineering')",0.0011467889908256881,0.0009172207243896947,0.14248831661165398,0.00020298787852726576,0.15676429934744077
"('0038950000', 'Civil and Environmental Engineering')",0.0009174311926605505,0.0015801807898774237,0.1327487516745829,7.0553398259850036e-06,0.1433919018035989
"('0032102000', 'Center for Research on Lifelong STEM')",0.00045871559633027525,0.0,0.1352525127186996,5.011641384691919e-05,0.14552965224123451
"('0032102000', 'College of Earth, Ocean & Atmospheric Sc')",0.00045871559633027525,0.0,0.1352525127186996,5.011641384691919e-05,0.14552965224123451
"('0018259000', 'Department  of Mathematics')",0.00022935779816513763,0.0,0.09713929239818198,2.1471696828954615e-08,0.10187265107349164
"('0022210000', 'College of Info. & Computer Sciences')",0.0006880733944954129,0.0,0.13204518610496987,0.0012540579281754684,0.14260478340466817
"('0022210000', 'Dept. of Electrical & Comp. Engineering')",0.0006880733944954129,0.0,0.13204518610496987,0.0012540579281754684,0.14260478340466817
"('0022210000', 'Electrical Engineering')",0.0006880733944954129,0.0,0.13204518610496987,0.0012540579281754684,0.14260478340466817
"('0026997000', 'Department of Elec. & Comp. Engineering')",0.0006880733944954129,0.0,0.08746414170795803,2.2197095908455274e-08,0.09087964645039379
"('0026997000', 'Math/Computer Science')",0.0006880733944954129,0.0,0.08746414170795803,2.2197095908455274e-08,0.09087964645039379
"('0026997000', 'Math')",0.0006880733944954129,0.0,0.08746414170795803,2.2197095908455274e-08,0.09087964645039377
"('0019505000', 'Industrial and Manufacturing Engineering')",0.0006880733944954129,0.0,0.1102708717974658,1.018743892376483e-06,0.11732562799076508
"('0019505000', 'Industrial, Systems, and Manufacturing E')",0.0011467889908256881,0.0,0.1102708717974658,1.104556052725129e-06,0.11732562799076508
"('0029058000', 'Mechanical Engineering')",0.002981651376146789,0.005096103909839786,0.11744107744107744,1.5927145817895944e-06,0.1275060496333427
"('0029728000', 'STEM Education')",0.00022935779816513763,0.0,0.12514710525560435,1.1531134631505046e-05,0.13483719357859245
"('0039545000', 'Department of ECE')",0.0009174311926605505,0.0,0.14374732122251163,0.00021198536723400315,0.15729124086922122
"('0039545000', 'Electrical Engr & Comp Sci - ECE')",0.0009174311926605505,0.0,0.14374732122251163,0.00021198536723400315,0.15729124086922125
"('0023291000', 'Chemical Engineering & Materials Science')",0.0006880733944954129,0.0,0.11954048200038385,2.9520568879795094e-06,0.12677072395434483
"('0023291000', 'Physics')",0.0006880733944954129,0.0,0.11954048200038385,2.9520568879795094e-06,0.12677072395434483
"('0023291000', 'Mechanical Engineering')",0.0006880733944954129,0.0,0.11954048200038385,2.9520568879795094e-06,0.12677072395434483
"('0035949000', 'Information Science')",0.0006880733944954129,0.0,0.10466176964808681,6.59776176484252e-07,0.11071333176028063
"('0020628000', 'Management Information Systems')",0.0006880733944954129,0.0,0.10466176964808681,6.59776176484252e-07,0.11071333176028063
"('6250016749', 'Civil and Environmental Engineering')",0.0009174311926605505,0.0,0.1413427561837456,0.00025335716560869257,0.15425869969734574
"('0029769000', 'Nanoscience')",0.0013761467889908258,0.00457768489111424,0.14138859162694167,0.00025716267585200225,0.15477475474321728
"('0029066000', 'Research Institute for Environment, Ener')",0.001834862385321101,0.007875758822253812,0.14519298011921808,0.0002672946216510145,0.15947472729869425
"('0029728000', 'Fitts Dept of Industrial and Systems Eng')",0.0009174311926605505,0.0,0.12078900709219859,9.961537293024152e-06,0.12963330957209068
"('0029728000', 'Math, Science and Technology Education')",0.0009174311926605505,0.0,0.12078900709219859,9.961537293024152e-06,0.12963330957209068
"('0014266000', 'Sociology')",0.00045871559633027525,0.0,0.12222128780870686,2.7816595232037675e-06,0.13015924442529941
"('0014266000', 'Radiology & Biomedical Imaging')",0.00045871559633027525,0.0,0.12222128780870686,2.7816595232037675e-06,0.13015924442529941
"('7203584049', 'Unknown Dept')",0.00022935779816513763,0.0,0.12225555898269916,0.00011134231735114081,0.12960030645135842
"('0011395001', 'Economics')",0.00022935779816513763,0.0,0.10019533494197404,3.52569510581472e-08,0.10517773898389642
"('0014480000', 'Educational Leadership & Policy Studies')",0.00045871559633027525,0.0,0.11254517294785751,3.847600578934256e-06,0.11820799448005073
"('0032565000', 'Information Science')",0.00045871559633027525,0.0,0.11254517294785751,3.847600578934256e-06,0.11820799448005075
"('0021550000', 'School of Eng. and Applied Sciences')",0.00045871559633027525,0.0,0.14763146310906444,0.0003815137378271061,0.16021626404940548
"('0017756000', 'Computer and Electrical Engineering')",0.00045871559633027525,0.0,0.14907002188183807,0.00021179474627774396,0.16212676753674338
"('0011734000', 'Mathematics')",0.0006880733944954129,0.0032065893406239545,0.12837499631952418,3.541565501447722e-06,0.13870604771120806
"('0013706000', 'Institute for Arctic and Alpine Research')",0.00045871559633027525,0.0,0.12110101935949782,1.3960278023786183e-05,0.13080987469462213
"('7203585868', 'Engineering')",0.00045871559633027525,0.0,0.12259933076512106,2.113384913600663e-06,0.13074236415979495
"('0026575000', 'Department of Geological Sciences')",0.0006880733944954129,0.0,0.10807862968196127,1.5779410543510806e-06,0.1140691160903307
"('0020313000', 'Geosciences')",0.0006880733944954129,0.0,0.10807862968196127,1.5779410543510806e-06,0.11406911609033071
"('0020313000', 'School of Geosciences')",0.0011467889908256881,0.0,0.10807862968196127,1.7102704032153078e-06,0.1140691160903307
"('5300002935', 'Chemistry & Biochemistry')",0.0009174311926605505,0.0,0.09822474542669189,1.8680767644074015e-07,0.1034742190811365
"('5300002935', 'Chemistry and Biochemistry')",0.0009174311926605505,0.0,0.09822474542669189,1.8680767644074015e-07,0.10347421908113653
"('5300002935', 'Department of Physics and Astronomy')",0.0009174311926605505,0.0,0.09822474542669189,1.8680767644074015e-07,0.1034742190811365
"('5300002935', 'Mechanical Engineering')",0.0009174311926605505,0.0,0.09822474542669189,1.8680767644074015e-07,0.1034742190811365
"('0032102000', 'College of Earth, Ocean, and Atmospheric')",0.0009174311926605505,0.0,0.13669854209123686,6.181142814654814e-05,0.14768960938398965
"('0032102000', 'College of Oceanic & Atmospheric Science')",0.0009174311926605505,0.0,0.13669854209123686,6.181142814654814e-05,0.14768960938398965
"('0032102000', 'College of Oceanic and Atmospheric Sci.')",0.0009174311926605505,0.0,0.13669854209123686,6.181142814654814e-05,0.14768960938398965
"('0029058000', 'Nanoengineering')",0.0009174311926605505,0.0,0.10739974381712485,3.9560231879946317e-07,0.11513968052469625
"('0029058000', 'Dept Electrical Comput Eng & NanoEng')",0.0009174311926605505,0.0,0.10739974381712485,3.9560231879946317e-07,0.11513968052469625
"('0029058000', 'Chemistry')",0.0016055045871559634,0.0030104702570379486,0.11484866844032347,2.2882450450688665e-06,0.12452250676633374
"('0029058000', 'Family and Consumer Sciences')",0.0009174311926605505,0.0,0.10739974381712485,3.956023187994631e-07,0.11513968052469624
"('7203583097', 'Unknown Dept')",0.00022935779816513763,0.0,0.14097258147956543,5.528737876324712e-05,0.15249667731605743
"('0500330000', 'Center for Marine/Environmental Studies')",0.0009174311926605505,0.0,0.13041397463508017,1.2567247661608396e-05,0.13964630202875558
"('0036566000', 'Biology')",0.0009174311926605505,0.0,0.13041397463508017,1.2567247661608396e-05,0.1396463020287556
"('0013128000', 'Environmental Science, Policy, and Manag')",0.0009174311926605505,0.0,0.13041397463508017,1.2567247661608396e-05,0.13964630202875558
"('0020107000', 'Oceanography & Coastal Sciences')",0.0013761467889908258,0.0035769734161814094,0.13491351301172758,1.948490509237162e-05,0.14516661282142818
"('0035097000', 'Biological Sciences')",0.00045871559633027525,0.0,0.10634405717212615,8.18364154185738e-08,0.11274403183718773
"('0035097000', 'Biology')",0.00045871559633027525,0.0,0.10634405717212615,8.18364154185738e-08,0.11274403183718773
"('0029058000', 'Biology')",0.0009174311926605505,0.0,0.11162314388120839,3.0233700486556675e-07,0.11979389949185407
"('0017418000', 'Engineering')",0.0009174311926605505,0.0,0.11162314388120839,3.0233700486556675e-07,0.1197938994918541
"('0021030000', 'Geography')",0.0006880733944954129,0.0,0.1282315226022764,0.00018337022478476667,0.1381312386644961
"('0021030000', 'ESSIC')",0.0006880733944954129,0.0,0.1282315226022764,0.00018337022478476667,0.1381312386644961
"('0021030000', 'Atmospheric and Oceanic Science')",0.0006880733944954129,0.0,0.1282315226022764,0.00018337022478476667,0.13813123866449603
"('0028381000', 'Materials Science and Engineering')",0.0006880733944954129,0.0,0.10241713842756807,1.8232500769501045e-07,0.10815142821365666
"('0028381000', 'Dept of Materials Science & Engineering')",0.0006880733944954129,0.0,0.10241713842756807,1.8232500769501045e-07,0.10815142821365667
"('0028381000', 'Materials Science & Engineering')",0.0006880733944954129,0.0,0.10241713842756807,1.8232500769501045e-07,0.10815142821365666
"('0037457000', 'Office of the EVP and Provost')",0.0009174311926605505,0.0,0.12639512972894623,4.357854599556091e-06,0.13568491842001004
"('0021998000', 'Room 215E')",0.0009174311926605505,0.0,0.12639512972894623,4.357854599556091e-06,0.13568491842001004
"('0021998000', 'School of Public Policy & Urban Affairs')",0.0009174311926605505,0.0,0.12639512972894623,4.357854599556091e-06,0.13568491842001004
"('0021998000', 'Computer Science & Psychology')",0.0009174311926605505,0.0,0.12639512972894623,4.357854599556091e-06,0.13568491842001004
"('0038273001', 'Biochemistry')",0.0009174311926605505,0.0,0.1045964878610498,1.0292190380351359e-07,0.11028168833400062
"('0038273001', 'Computer Science & Elect. Engineering')",0.0009174311926605505,0.0,0.1045964878610498,1.0292190380351359e-07,0.11028168833400062
"('0038273001', 'Department of Physics')",0.0009174311926605505,0.0,0.1045964878610498,1.0292190380351359e-07,0.11028168833400062
"('7203589383', 'Unknown Dept')",0.0009174311926605505,0.0,0.1045964878610498,1.0292190380351359e-07,0.11028168833400062
"('4003554000', 'Chemistry')",0.0009174311926605505,0.0,0.11028760782131383,2.450431600000631e-07,0.11604085655454928
"('0013706000', 'Department of Chemistry')",0.0009174311926605505,0.0,0.11028760782131383,2.450431600000631e-07,0.11604085655454928
"('0013706000', 'JILA')",0.0009174311926605505,0.0,0.11028760782131383,2.450431600000631e-07,0.11604085655454928
"('0029751000', 'Educational Leadership')",0.00045871559633027525,0.0,0.13299575999755972,9.458470349534668e-06,0.14354756714173866
"('0014316000', 'Art Conservation')",0.00045871559633027525,0.0,0.12221443587946741,1.7368687393516278e-06,0.13259463343516165
"('0037986000', 'Department of Mechanical Engineering')",0.00045871559633027525,0.0,0.1271211149338154,1.8166460772143922e-05,0.1361621602111685
"('0037986000', 'Aeronautics and Astronautics')",0.00045871559633027525,0.0,0.1271211149338154,1.8166460772143922e-05,0.1361621602111685
"('0011080000', 'Curriculum and Instruction (CIED)')",0.0006880733944954129,0.0,0.09514249552655697,3.446568755937284e-08,0.10008511968589823
"('0011080000', 'Curriculum and Instruction')",0.0011467889908256881,0.0,0.09514249552655697,3.737160131828459e-08,0.10008511968589821
"('0011080000', 'Curriculum & Instruction')",0.0006880733944954129,0.0,0.09514249552655697,3.446568755937284e-08,0.10008511968589821
"('0035949000', 'Dept. of Computer Science & Engineering')",0.00045871559633027525,0.0,0.1010569256443538,2.836897371489334e-07,0.10672798143753683
"('0021337000', 'Heller School for Social Policy and Mgt.')",0.00022935779816513763,0.0,0.11127274583365235,1.2175818841110805e-06,0.11800866064812914
"('0010751000', 'Unknown Dept')",0.0022935779816513763,0.00045871559633027525,0.1440179692145075,0.1367857170172933,0.16262383577177095
"('0011510001', 'College of Education')",0.0016055045871559634,0.0,0.1440132122213047,0.12534603736854621,0.16250915687268838
"('0010819000', 'Center for Broadening Participation in S')",0.0016055045871559634,0.0,0.1440132122213047,0.12534603736854621,0.16250915687268838
"('0021550000', 'Psychology')",0.00045871559633027525,0.0,0.15201171466424934,0.0005088862745700445,0.16585556995247258
"('0010819000', 'Global Institute of Sustainability')",0.0011467889908256881,0.0,0.14311505005744296,0.08713425489766925,0.16042938139841773
"('0010819000', 'Ira A. Fulton Schools of Engineering')",0.0011467889908256881,0.0,0.14311505005744296,0.08713425489766925,0.16042938139841767
"('0015982001', 'Louise McBee Institute of Higher Educati')",0.0011467889908256881,0.0,0.14311505005744296,0.08713425489766925,0.16042938139841767
"('0010819000', 'School of Film, Dance and Theatre')",0.0016055045871559634,2.104682708558271e-07,0.14312444604930571,0.10240687120870992,0.16065873919658283
"('0013177000', 'Rehabilitation Medicine')",0.00022935779816513763,0.0,0.09616445003198129,8.681795136589074e-09,0.10001123424782771
"('0013177000', 'Electrical and Computer and Engineering')",0.00045871559633027525,0.00045871559633027525,0.1063933626159102,1.019915857469007e-07,0.11180238292350062
"('0021782000', 'Microsystem Technology')",0.0011467889908256881,0.0,0.16895950397209844,0.004755796028977127,0.18691135699163236
"('7203582780', 'Unknown Dept')",0.00045871559633027525,0.0,0.1271211149338154,1.8166460772143922e-05,0.1361621602111685
"('6250012534', 'Unknown Dept')",0.00045871559633027525,0.0,0.1271211149338154,1.8166460772143922e-05,0.1361621602111685
"('0011312000', 'Physics, Math, and Astronomy')",0.0006880733944954129,0.0,0.10185488015698733,8.739536570445194e-08,0.10700734808411161
"('0011312000', '149-33, Condensed Matter Physics')",0.0006880733944954129,0.0,0.10185488015698733,8.739536570445194e-08,0.10700734808411161
"('0011312000', 'Applied Physics and Materials Science')",0.001834862385321101,0.0013755153841782583,0.11339696741137612,8.585424078337874e-07,0.12091541156570748
"('0011312000', 'ApHMS')",0.0006880733944954129,0.0,0.10185488015698733,8.739536570445194e-08,0.1070073480841116
"('0013284000', 'Economics')",0.00045871559633027525,0.0,0.14192246346147586,6.218978143248024e-05,0.15398215284969796
"('0013144000', 'Dept of Informatics')",0.0009174311926605505,0.0,0.13393131412422438,5.8098334851990494e-05,0.14365649227174432
"('0036582000', 'DEPT OF EDUCATIONAL ADMINISTRATION')",0.0009174311926605505,0.0,0.13393131412422438,5.8098334851990494e-05,0.14365649227174432
"('6250032970', 'Unknown Dept')",0.0009174311926605505,0.0,0.13393131412422438,5.8098334851990494e-05,0.14365649227174435
"('0021030000', 'Civil & Environmental Engineering')",0.00022935779816513763,0.0,0.13158688959980686,0.000741734484324817,0.1424266998292231
"('0036525000', 'Department of Chemical Engineering')",0.00022935779816513763,0.0,0.10635443346749604,1.038968140173926e-07,0.11280137128672901
"('0036582000', 'Department of Mathematics')",0.00022935779816513763,0.0,0.11945205479452055,1.8291334406160752e-06,0.12704731091822952
"('0035097000', 'Earth Sciences')",0.0006880733944954129,0.0,0.12294850826236535,0.00032521960881364074,0.13130485849522547
"('7203591767', 'Unknown Dept')",0.0011467889908256881,0.0,0.1149789029535865,4.977303169061594e-06,0.12348599072121688
"('0020107000', 'Chemical Engineering')",0.001834862385321101,0.0004576632549759961,0.11498496756158025,5.487416871912928e-06,0.12363889591999366
"('0013052000', 'Economics')",0.0009174311926605505,0.0,0.14640698455339154,0.0006425074407666977,0.1577302854510413
"('0013144000', 'Logic and Philosophy of Science')",0.0009174311926605505,0.0,0.14640698455339154,0.0006425074407666977,0.1577302854510413
"('0013144000', 'Political Science')",0.0009174311926605505,0.0,0.14640698455339154,0.0006425074407666977,0.1577302854510413
"('0025684000', 'College of Science')",0.00022935779816513763,0.0,0.12148569199476163,2.8973517069260437e-06,0.12976968220138083
"('4062600000', 'CISL')",0.00022935779816513763,0.0,0.1016980779996268,2.2821691413744628e-07,0.10662925502796505
"('0027110000', 'Dept. of Materials Science & Engineering')",0.0009174311926605505,0.0,0.11513679095806485,3.7623305302633255e-07,0.12357787897402639
"('0027110000', 'School of Electrical and Computer Engr')",0.0009174311926605505,0.0,0.11513679095806485,3.7623305302633255e-07,0.12357787897402639
"('0027110000', 'Electrical & Computer Enginnering')",0.0009174311926605505,0.0,0.11513679095806485,3.7623305302633255e-07,0.12357787897402639
"('0037283001', 'Academic Affairs')",0.0016055045871559634,0.0,0.13004444179318161,0.0005003729013148764,0.14130409355365506
"('0068718000', 'Information Systems Technology')",0.0016055045871559634,0.0,0.13004444179318161,0.0005003729013148764,0.14130409355365506
"('6250002236', 'Computer Science and IT')",0.0016055045871559634,0.0,0.13004444179318161,0.0005003729013148764,0.14130409355365506
"('0037283000', 'School of Cybersecurity')",0.0016055045871559634,0.0,0.13004444179318161,0.0005003729013148764,0.14130409355365506
"('0017756000', 'Civil and Environmental Eng')",0.0009174311926605505,0.0,0.147646461225872,0.00018878105273643055,0.16034151660011622
"('0013128000', 'Institute of Transportation Studies')",0.0009174311926605505,0.0,0.147646461225872,0.00018878105273643055,0.16034151660011622
"('0017756000', 'School of Social Work')",0.0009174311926605505,0.0,0.147646461225872,0.00018878105273643055,0.16034151660011622
"('0013169000', 'Chemical & Environmental Engineering')",0.0011467889908256881,0.006858634776514267,0.12914691943127962,2.4785746051420214e-05,0.13844848926557565
"('0036327060', 'Materials Science and Engineering, Chemi')",0.00022935779816513763,0.0,0.10170756741625454,7.035651112066675e-08,0.10673107171686758
"('0023879000', 'Plant Biology')",0.0006880733944954129,0.001833599575695966,0.11105733717109452,3.014764717489821e-06,0.11809059842195019
"('0033787000', 'Department of Statistics and Data Scienc')",0.00045871559633027525,0.0009172207243896947,0.1135830771635492,8.365522726309832e-06,0.11946034765887668
"('4035523000', 'Unknown Dept')",0.0009174311926605505,0.0,0.0973453303266427,1.8474492716541643e-07,0.10185281710136306
"('4002911000', 'Unknown Dept')",0.0011467889908256881,0.0009172207243896947,0.10783804506443076,1.833477948847519e-06,0.11439074252484789
"('7203584872', 'Research')",0.00045871559633027525,0.0,0.0973453303266427,1.703460916907839e-07,0.10185281710136306
"('0013706000', 'Cooperative Institute for Research in En')",0.00022935779816513763,0.0,0.12148569199476163,9.563215418795865e-06,0.13128450687122398
"('0029744000', 'School of Information and Library Scienc')",0.0006880733944954129,0.0,0.1440132122213047,0.000386556855613635,0.15614016694764044
"('0037986000', 'Information School')",0.0022935779816513763,0.011891953333264054,0.16626625481447585,0.003716087831955408,0.1853980076371129
"('7203589478', 'Unknown Dept')",0.0006880733944954129,0.0,0.1440132122213047,0.0003865568556136351,0.15614016694764046
"('0080010000', 'Civil, Materials, and Environmental Engi')",0.00022935779816513763,0.0,0.1098541157499559,1.14425927315013e-06,0.11503850527882414
"('0010819000', 'CIDSE: Computer Science Engineering')",0.0006880733944954129,0.00045871559633027525,0.14310565529917615,0.057293970785063805,0.16020002360025257
"('7203584154', 'Unknown Dept')",0.00022935779816513763,0.0,0.12225213100044863,3.2784740236356095e-05,0.1288308055199587
"('0018259000', 'Electrical and Computer Information')",0.0009174311926605505,0.0,0.15365638766519824,0.003019266120737598,0.1674211300931473
"('0018259000', 'Aeronautics and Astronautics')",0.0009174311926605505,0.0,0.15365638766519824,0.003019266120737598,0.1674211300931473
"('0018259000', 'Purdue University Libraries and School o')",0.0009174311926605505,0.0,0.15365638766519824,0.003019266120737598,0.16742113009314727
"('0018259000', 'School of Aviation & Transportation Tech')",0.0009174311926605505,0.0,0.15365638766519824,0.003019266120737598,0.1674211300931473
"('4003554000', 'Civil & Environmental Engineering')",0.0009174311926605505,0.0,0.13491351301172758,6.498410636387356e-05,0.14738728556102337
"('0037549000', 'Agricultural, Leadership, and Community')",0.0009174311926605505,0.0,0.13491351301172758,6.498410636387356e-05,0.14738728556102337
"('0037549000', 'School of Public and Internat. Affairs')",0.0009174311926605505,0.0,0.13491351301172758,6.498410636387356e-05,0.14738728556102337
"('0010819000', 'Mechanical & Aerospace Engineering')",0.0009174311926605505,0.0,0.10074169920746782,1.1821457323328325e-07,0.10656899637316146
"('0038950000', 'Urban and Regional Planning')",0.0009174311926605505,0.0,0.10074169920746782,1.1821457323328325e-07,0.10656899637316146
"('0019893001', 'Department of Community & Leadership Dev')",0.0009174311926605505,0.0,0.10074169920746782,1.1821457323328325e-07,0.10656899637316146
"('0037853000', 'Mathematics')",0.00045871559633027525,0.0,0.1225373092380765,5.964167236988288e-06,0.1303823386243788
"('0010835000', 'Electrical & Computer Engineering')",0.0009174311926605505,0.0,0.1299552906110283,0.0002883647350263687,0.14020317612246241
"('0010835000', 'Department of Electrical & Comp. Engr.')",0.00045871559633027525,0.0,0.1299552906110283,0.00026610801665354853,0.14020317612246241
"('0017756000', 'Mechanical Science & Engineering')",0.0013761467889908258,0.004468236011341839,0.15854545454545454,0.0008695007765123411,0.17378770216786213
"('0033290000', 'Curriculum & Instruction')",0.00045871559633027525,0.0,0.1343026121241991,0.00010682298651299662,0.14529264027257086
"('0014803000', 'Industrial Engineering')",0.00045871559633027525,0.0,0.13588057468756817,6.31257828525451e-05,0.14639577429900524
"('0028381000', 'Yang Institute for Theoretical Physics')",0.0006880733944954129,0.0,0.12265451374236926,6.552400282270012e-06,0.1318068992342127
"('0036582000', 'Department of Physics')",0.00045871559633027525,0.0,0.0944868238557559,7.908091371663156e-09,0.098514677775467
"('0036582000', 'Aerospace Engineering & Eng Mechanics')",0.0009174311926605505,0.0013755153841782583,0.10433866992126738,8.568651351384172e-08,0.1099662619640343
"('0028357000', 'Atmospheric and Environmental Science')",0.00045871559633027525,0.0,0.10807595062218035,1.421371939363038e-06,0.11395443719124813
"('0028357000', 'Flight Research Laboratory')",0.00045871559633027525,0.0,0.10807595062218035,1.421371939363038e-06,0.11395443719124813
"('0013201000', 'Department of Physis')",0.00022935779816513763,0.0,0.10743414730305793,8.377329264804488e-07,0.11315535368945236
"('0036962000', 'Extension')",0.00022935779816513763,0.0,0.1400713207183474,0.001235023071305193,0.15217851656498346
"('7203589433', 'Unknown Dept')",0.0009174311926605505,0.0,0.1145800483548828,7.082141590947242e-06,0.12364059624566202
"('0013508000', 'Economics')",0.0009174311926605505,0.0,0.1145800483548828,7.082141590947242e-06,0.12364059624566202
"('0013508000', 'Biology')",0.0013761467889908258,0.0009172207243896947,0.11458607095926412,7.188541761190082e-06,0.12386995404382714
"('0013656000', 'Engineering Technology and Construction')",0.0009174311926605505,0.0,0.1145800483548828,7.082141590947242e-06,0.12364059624566202
"('0015941000', 'Environmental and Health Sciences')",0.00045871559633027525,0.0,0.10691515448749386,3.3431379609296397e-07,0.11131464462936969
"('0010553000', 'Atmospheric Science')",0.00045871559633027525,0.0,0.10691515448749386,3.3431379609296397e-07,0.11131464462936969
"('0010819000', 'Dept of Computer Science and Engineering')",0.00022935779816513763,0.0,0.12519382070866594,0.004791642971110936,0.1354484550872161
"('0010579000', 'Unknown Dept')",0.0009174311926605505,0.00045871559633027525,0.10617055471679734,1.7251431024375204e-07,0.11301088007003883
"('0080010000', 'Electrical and Computer Engineering')",0.00022935779816513763,0.0,0.11121597836900238,3.578112010231229e-07,0.1175201046554921
"('0023259000', 'Department of Elec Eng and Comp Science')",0.00022935779816513763,0.0,0.10082090415076887,3.7341656751206064e-07,0.10532152665378844
"('0023259000', 'Naval Architecture and Marine Engineerin')",0.0006880733944954129,0.00045871559633027525,0.11212261482281541,4.452057352304468e-06,0.11862520263660231
"('0025684000', 'Civil and Environmental Engineering')",0.0009174311926605505,0.00045871559633027525,0.13239402404955666,2.9197193121680426e-05,0.14374473108890226
"('6250003964', 'Unknown Dept')",0.00022935779816513763,0.0,0.11691829127671556,2.4488676332109885e-06,0.12420927993799687
"('0037986000', 'NOAA PMEL')",0.00045871559633027525,0.0,0.14576577178964262,0.0003954140317389422,0.15794257952801455
"('6250013374', 'Clark R. Bavin National Fish and Wildlif')",0.00045871559633027525,0.0,0.14577551907452607,0.0002510647502532194,0.16024923566494592
"('0035303000', 'Electrical Engineering and Computer Scie')",0.0011467889908256881,0.00045871559633027525,0.13172603401915467,8.258720102566073e-06,0.14383627372058283
"('4005518000', 'National Research Council')",0.00022935779816513763,0.0,0.10883402810713662,9.820357304730972e-07,0.11422099262493096
"('0016949000', 'Chemistry Physics and Engineering Studie')",0.0006880733944954129,0.0,0.14214455710233756,0.00011933791455921498,0.15376865712014712
"('0021550000', 'School of Eng. & Applied Sciences')",0.0006880733944954129,0.0,0.1491057077391334,0.0004961040154988933,0.1615367427552047
"('0021550000', 'Organismic & Evolutionary Biology')",0.0006880733944954129,0.0,0.1491057077391334,0.0004961040154988933,0.1615367427552047
"('0021550000', 'Harvard Forest')",0.0006880733944954129,0.0,0.1491057077391334,0.0004961040154988933,0.1615367427552047
"('P270006922', 'Unknown Dept')",0.00022935779816513763,0.0,0.11453489899387921,1.623860216524331e-06,0.122079394323221
"('5300009754', 'School of Natural Science')",0.00022935779816513763,0.0,0.16151139099833303,0.002966418523692898,0.1766886168749694
"('0036525000', 'Psychology')",0.00022935779816513763,0.0,0.11402866408620149,1.0961172768498116e-06,0.12125028431423412
"('0036525000', 'Unknown Dept')",0.0020642201834862386,0.0038901872191713107,0.12870088850842754,1.3085221994803715e-05,0.1403718088703581
"('0039545000', 'School of Modeling Simulation and Traini')",0.0006880733944954129,0.0,0.12435469610108098,5.331100860645468e-06,0.1330863198982463
"('0039545000', 'Health Management and Informatics')",0.0006880733944954129,0.0,0.12435469610108098,5.331100860645468e-06,0.1330863198982463
"('0039545000', 'Psychology')",0.0006880733944954129,0.0,0.12435469610108098,5.331100860645468e-06,0.1330863198982463
"('0037986000', 'Henry M. Jackson School of International')",0.00045871559633027525,0.0,0.14537209922646038,0.00035528525889605954,0.15762351222112286
"('0020776000', 'Chemistry')",0.0013761467889908258,0.006334204195983367,0.12692128551467163,8.397323107231221e-06,0.1387158688324027
"('0027110000', 'Lab of Atomic & Solid State Physics')",0.0006880733944954129,0.0,0.11568976039483111,8.990394840950746e-07,0.1243766638410452
"('0027110000', 'Applied & Engineering Physics')",0.0006880733944954129,0.0,0.11568976039483111,8.990394840950746e-07,0.12437666384104523
"('0039321000', 'Chemistry')",0.0009174311926605505,0.0,0.11858460032093997,1.2153000398697023e-05,0.12564843613767626
"('P269789261', 'Orthopaedic Surgery')",0.0006880733944954129,0.0,0.08974147867610736,4.256697749483513e-09,0.09447738246705553
"('7203576443', 'Orthopaedic Surgery')",0.0006880733944954129,0.0,0.08974147867610736,4.256697749483513e-09,0.09447738246705553
"('6250001852', 'Surgery')",0.0006880733944954129,0.0,0.08974147867610736,4.256697749483513e-09,0.09447738246705553
"('0033290000', 'Department of Architectural Engineering')",0.0022935779816513763,0.01067391728694486,0.1181379721454506,9.918325537832478e-07,0.12862320704077082
"('0021782000', 'Chemical Engineering')",0.0009174311926605505,0.0,0.1228688178103424,7.419441234764679e-06,0.13168708191880044
"('6250030884', 'Unknown Dept')",0.0009174311926605505,0.0,0.1228688178103424,7.419441234764679e-06,0.13168708191880046
"('4019519000', 'Unknown Dept')",0.0009174311926605505,0.0,0.1228688178103424,7.419441234764679e-06,0.13168708191880046
"('0015354000', 'Educational Leadership')",0.00022935779816513763,0.0,0.11743475098984567,6.211046823674579e-07,0.12430963086352932
"('0032896000', 'Materials Science and Engineering/Bioeng')",0.00045871559633027525,0.0,0.12472466172726493,1.8537419566283228e-05,0.1336368891347306
"('4003554000', 'Davidson School of Chemical Engineering')",0.00045871559633027525,0.0,0.12472466172726493,1.8537419566283228e-05,0.1336368891347306
"('0037499000', 'School of Public Policy')",0.0006880733944954129,0.0,0.13981528989225245,0.00036690387750841724,0.15056369917035015
"('0037499000', 'Systems Engineering/Operations Research')",0.0006880733944954129,0.0,0.13981528989225245,0.00036690387750841724,0.15056369917035012
"('0037499000', 'Systems Engineering and Operations Resea')",0.0016055045871559634,0.001833599575695966,0.13983322642719692,0.000380152227110774,0.15102241476668038
"('0037549000', 'Bradley Dept. of Electrical & Comp. Eng.')",0.00045871559633027525,0.0,0.11211973152981716,4.423148851941663e-06,0.1185105237375197
"('0018259000', 'Department of Botany and Plant Pathology')",0.00045871559633027525,0.0,0.11063181933519411,2.1883573883794507e-07,0.1169563703857741
"('0018259000', 'Botany & Plant Pathology')",0.0011467889908256881,0.0009172207243896947,0.12438662558484537,2.3612939055690625e-06,0.13402419996355533
"('6250025126', 'Department of Biology')",0.00045871559633027525,0.0,0.11063181933519411,2.1883573883794507e-07,0.1169563703857741
"('0036616000', 'Department of Electrical and Computer En')",0.00022935779816513763,0.0,0.10019763754194053,3.5805160311853483e-08,0.10521596528359063
"('0029744000', 'Anthropology')",0.00022935779816513763,0.0,0.1146523614179026,2.8412776174956776e-06,0.12209351535090175
"('0013508000', 'Biochemistry & Molecular Biology')",0.0011467889908256881,2.5888708790059695e-05,0.11458305957793488,7.455824338185547e-06,0.1237552751447446
"('0029728000', 'Forestry and Environmental Resources')",0.001834862385321101,0.001833599575695966,0.13234178175747457,3.596925733450972e-05,0.14322019955519627
"('4006821000', 'Center for Economics Research')",0.0009174311926605505,0.0,0.11688694673065066,4.067910500290808e-06,0.12402405486745016
"('0029207000', 'Sanford School of Public Policy')",0.0009174311926605505,0.0,0.11688694673065066,4.067910500290808e-06,0.12402405486745016
"('4006821000', 'Ceneter For Water Resources')",0.0009174311926605505,0.0,0.11688694673065066,4.067910500290808e-06,0.12402405486745013
"('4006821000', 'Center for Water Resources')",0.0009174311926605505,0.0,0.11688694673065066,4.067910500290808e-06,0.12402405486745016
"('0018259000', 'School of Industrial Engineering')",0.00022935779816513763,0.0,0.15364014377334556,0.002261080899231077,0.16707709339589963
"('0036327000', 'Department of Teaching, Learning & Cultu')",0.0009174311926605505,0.0,0.09618990888432943,7.788944884087257e-08,0.10195969152977614
"('0036327000', 'Biology')",0.0009174311926605505,0.0,0.09618990888432943,7.788944884087257e-08,0.10195969152977614
"('0036327001', 'Chemistry')",0.0009174311926605505,0.0,0.09618990888432943,7.788944884087257e-08,0.10195969152977614
"('0036327060', 'Computer Science')",0.00045871559633027525,0.0,0.11680865884370144,7.0934758799532045e-06,0.12428929546947598
"('0032169000', 'Mathematics and Statistics')",0.0011467889908256881,0.00045871559633027525,0.13472175014677254,0.00010068972094228444,0.1451659136607527
"('0032169000', 'Graduate School of Education')",0.00022935779816513763,0.0,0.11872991667120528,8.433437499827255e-06,0.125402440097529
"('0021030000', 'Department of Mathematics, University of')",0.00045871559633027525,0.0,0.14393239139046612,0.06952951526577561,0.1616184840898138
"('0021030000', 'Teaching, Learning, Policy & Leadership')",0.00022935779816513763,0.0,0.1282239802370379,0.00015269554566124237,0.13790188086633093
"('P270063350', 'Unknown Dept')",0.00022935779816513763,0.0,0.10016310965103724,2.4251130016492067e-08,0.10602245798840902
"('0036327000', 'Occupational and Environmental Health')",0.0006880733944954129,0.0,0.13188940649767075,5.919922390542569e-05,0.1425710206587494
"('0027110000', 'CLASSE')",0.0011467889908256881,0.0,0.08977104266183496,6.005747779459702e-09,0.09520368216124511
"('0039420000', 'Department of Chemistry, University of P')",0.0011467889908256881,0.0,0.08977104266183496,6.005747779459702e-09,0.09520368216124514
"('0001099000', 'Department of Chemistry')",0.0011467889908256881,0.0,0.08977104266183496,6.005747779459702e-09,0.09520368216124511
"('0014894000', 'National High Magnetic Field Laboratory')",0.0020642201834862386,0.0009173259585251225,0.08977473952971214,6.614195352501791e-09,0.09543303995941027
"('0027110000', 'CHESS')",0.0011467889908256881,0.0,0.08977104266183496,6.005747779459702e-09,0.09520368216124511
"('0014316000', 'Geography and Spatial Sciences')",0.0011467889908256881,0.0,0.13891986617811056,3.351064214605948e-05,0.15065687848084522
"('0014316000', 'English')",0.0006880733944954129,0.0,0.13891986617811056,3.0909583107134773e-05,0.15065687848084522
"('0022905000', 'Physics and Astronomy')",0.00045871559633027525,0.00045871559633027525,0.10216515137313713,1.1071435350572506e-05,0.10722855068493728
"('0022905000', 'Physics and Astronomy and CMSE')",0.0011467889908256881,0.0009172207243896947,0.11378167488713171,0.00013144457041076537,0.12106706939849116
"('0013136000', 'Dept of Electrical and Computer Engineer')",0.0009174311926605505,0.0,0.11658689199668422,1.0171764434248548e-05,0.12331528286128914
"('0001966000', 'Electrical and Computer Engineering')",0.0009174311926605505,0.0,0.11658689199668422,1.0171764434248548e-05,0.12331528286128914
"('0026682000', 'Ceramic Engineering')",0.0009174311926605505,0.0,0.11658689199668422,1.0171764434248548e-05,0.12331528286128914
"('0021782000', 'Materials Research Laboratory')",0.0009174311926605505,0.0,0.11658689199668422,1.0171764434248548e-05,0.12331528286128914
"('0037986000', 'Dept. of Computer Science & Engineering')",0.00022935779816513763,0.0,0.15069818885662933,0.000541956038284456,0.1627230752173401
"('0036046000', 'Chemistry')",0.0009174311926605505,0.00045871559633027525,0.10523013057224917,2.3324581887025854e-07,0.11101013640898118
"('0036046000', 'Chemical Engineering')",0.00022935779816513763,0.0,0.09521313766596785,1.9640874260495622e-08,0.0991961173521106
"('0015354000', 'Environmental Engineering Sciences')",0.00022935779816513763,0.0,0.11775191076781807,3.4578574436617414e-07,0.12510332025712442
"('4005658000', 'Unknown Dept')",0.0013761467889908258,0.0009172207243896947,0.1313529961136384,2.6081645613775382e-05,0.1427021386974838
"('0038950000', 'Public Affairs')",0.0009174311926605505,0.0,0.1313450820906763,2.5711620696493703e-05,0.1424727808993187
"('4005658000', 'Statistics and Methodology')",0.0009174311926605505,0.0,0.1313450820906763,2.5711620696493703e-05,0.14247278089931867
"('0014894000', 'College of Criminology and Criminal Just')",0.00022935779816513763,0.0,0.07569575860692027,1.16889558981966e-11,0.07835944966164882
"('0014894000', 'Unknown Dept')",0.0006880733944954129,0.0009173259585251225,0.08189331329827197,1.3715948674149488e-10,0.08559092185929391
"('0036301000', 'Computer Science')",0.0006880733944954129,0.0,0.09390075809786354,4.868986486971636e-08,0.09873029259840435
"('0036301000', 'Unknown Dept')",0.0013761467889908258,0.00045871559633027525,0.1036294060323723,5.329831999423851e-07,0.11065484799648836
"('0014316000', 'School of Marine Science and Policy')",0.0006880733944954129,0.0009173259585251225,0.12344630368923243,5.001589228183495e-06,0.13185206581135475
"('0013136000', 'Department of Earth and Planetary Scienc')",0.00022935779816513763,0.0,0.10988457079489894,4.1907726326998994e-07,0.1155076610743084
"('0036772000', 'ADVS')",0.00045871559633027525,0.0,0.06956743733346098,1.0962084494698414e-11,0.07225060598114363
"('0039321000', 'Department of Chemistry')",0.0009174311926605505,0.0,0.11858460032093997,1.2153000398697023e-05,0.12564843613767626
"('7203581601', 'Unknown Dept')",0.0009174311926605505,0.0,0.11858460032093997,1.2153000398697023e-05,0.12564843613767626
"('0039321000', 'Civil & Architectural Engineering')",0.0009174311926605505,0.0,0.11858460032093997,1.2153000398697023e-05,0.1256484361376762
"('0025650000', 'Biological Sciences')",0.00022935779816513763,0.0,0.11208226221079691,1.3907571754666136e-06,0.11853465987825718
"('0021030060', 'Chesapeake Biological Laboratory')",0.0006880733944954129,0.0,0.11630388390951771,9.108357693805844e-05,0.12358246098582659
"('0021030060', 'Horn Point Laboratory')",0.0011467889908256881,0.00045871559633027525,0.13160674937366054,0.0009979859546857647,0.14292364172524755
"('0036582000', 'Geography and the Environment')",0.0006880733944954129,0.004976178384650872,0.14662855221119891,7.067966706054321e-05,0.1608768757363929
"('0015644000', 'Environmental Health')",0.00045871559633027525,0.0,0.1392926743554519,5.9278356595038536e-05,0.1508415160909423
"('0013177000', 'Mechanical and Aerospace Engineer')",0.0009174311926605505,0.0,0.13311351285339196,2.765517964408283e-05,0.1442078942336965
"('0013177000', 'Qualcomm Institute - Calit2')",0.0009174311926605505,0.0,0.13311351285339196,2.765517964408283e-05,0.14420789423369648
"('6250038251', 'Unknown Dept')",0.0009174311926605505,0.0,0.13311351285339196,2.765517964408283e-05,0.1442078942336965
"('0013128000', 'ESPM')",0.0013761467889908258,0.0,0.12312210550096013,3.6443056439551015e-06,0.1335714772612703
"('6250041556', 'Unknown Dept')",0.0013761467889908258,0.0,0.12312210550096013,3.6443056439551015e-06,0.13357147726127028
"('0001271000', 'Department of Integrative Biology')",0.0027522935779816515,0.008011065510415347,0.13260340632603407,6.449274141447426e-06,0.14617068679281953
"('5300002722', 'President & CEO')",0.0013761467889908258,0.0,0.12312210550096013,3.6443056439551015e-06,0.1335714772612703
"('0038026000', 'Huxley Environmental Science')",0.0013761467889908258,0.0,0.12312210550096013,3.6443056439551015e-06,0.13357147726127028
"('7203584723', 'Unknown Dept')",0.00045871559633027525,0.0,0.1607788184969393,0.0030989540110407574,0.1770043030364124
"('0031252000', 'Teacher Education and Leadership')",0.00045871559633027525,0.0,0.09705496071054916,1.7523899091864554e-08,0.10262256180020893
"('0031252000', 'Teacher Education, Special Education')",0.00045871559633027525,0.0,0.09705496071054916,1.7523899091864554e-08,0.10262256180020891
"('0013284000', 'Ming Hsieh Department of Electrical and')",0.00022935779816513763,0.0,0.09137396261212172,7.294803688925614e-09,0.09529607831889506
"('0025734000', 'Dept of Earth Sciences')",0.00022935779816513763,0.0,0.1086766868566016,6.413572211223119e-07,0.11394802306735553
"('0023879000', 'Ecology, Evolution, Behavior')",0.00022935779816513763,0.0,0.08332377785422161,1.8048594328169893e-09,0.08613150063553039
"('0013052000', 'Management Science and Engineering')",0.00022935779816513763,0.0,0.11286272682560637,2.710661296119292e-07,0.119123189932181
"('0033787000', 'Department of Physics and Astronomy')",0.00022935779816513763,0.0,0.12148569199476163,9.563215418795865e-06,0.131284506871224
"('0036525000', 'Political Science')",0.0009174311926605505,0.00045871559633027525,0.11745373238867488,2.0293921722943583e-06,0.12620015549150657
"('0036525000', 'Department of Political Science')",0.00022935779816513763,0.0,0.1051108968177435,1.7013869245013145e-07,0.11083678317501465
"('0010512000', 'Chemical & Biological Engineering')",0.0009174311926605505,0.0,0.11536833192209991,9.88435696204783e-06,0.12271082551944608
"('0010512000', 'Chemical Engineering')",0.0009174311926605505,0.0,0.11536833192209991,9.88435696204783e-06,0.12271082551944607
"('0010512000', 'Chemistry')",0.0009174311926605505,0.0,0.11536833192209991,9.88435696204783e-06,0.12271082551944607
"('0013144000', 'Department of Mathematics')",0.00045871559633027525,0.0,0.08881826885860376,6.17477357031911e-09,0.09230995160051114
"('0013144000', 'Developmental & Cell Biology')",0.00045871559633027525,0.0,0.08881826885860376,6.17477357031911e-09,0.09230995160051114
"('0033787000', 'Physics & Astronomy')",0.0009174311926605505,0.0,0.12926561712472945,2.5804999981921936e-05,0.14044669311769975
"('0033787000', 'Physics')",0.0009174311926605505,0.0,0.12926561712472945,2.5804999981921936e-05,0.14044669311769975
"('7203586285', 'Natural Capital and Plant Health')",0.00045871559633027525,0.0,0.12919284105724785,0.008586227735310249,0.14076030875342752
"('0013508000', 'Biochemistry')",0.0009174311926605505,0.0,0.1145770372900954,7.109095965366279e-06,0.12360236994596785
"('0013508000', 'Department of Art and Art History')",0.0009174311926605505,0.0,0.1145770372900954,7.109095965366279e-06,0.12360236994596785
"('0013508000', 'Art and Art History')",0.0009174311926605505,0.0,0.1145770372900954,7.109095965366279e-06,0.12360236994596785
"('0036582000', 'CAEE')",0.00045871559633027525,0.0,0.1411368639129872,1.7516281742259527e-05,0.15311010313590498
"('0032102000', 'Fisheries, Wildlife, and Conservation Sc')",0.0009174311926605505,0.0,0.1283598787058027,1.2421670470459881e-05,0.13805594730193338
"('0021287000', 'Unknown Dept')",0.0013761467889908258,0.005734097907088848,0.13632242128630837,3.480573467536955e-05,0.14817897093986535
"('P270055994', 'Unknown Dept')",0.0009174311926605505,0.0,0.1283598787058027,1.2421670470459881e-05,0.13805594730193338
"('P270056039', 'Unknown Dept')",0.0009174311926605505,0.0,0.1283598787058027,1.2421670470459881e-05,0.13805594730193338
"('0017400000', 'Computer Science')",0.00045871559633027525,0.0,0.13331294909035316,0.0002584098764173376,0.1424522479941056
"('0036582000', 'Jackson School of Geosciences')",0.0006880733944954129,0.0,0.1254965171838121,2.246873221456466e-05,0.1333515207397088
"('0036582000', 'Environmental Science Institute')",0.0006880733944954129,0.0,0.1254965171838121,2.246873221456466e-05,0.13335152073970885
"('0034140000', 'Cell and Molecular Biology')",0.00022935779816513763,0.0,0.09790712296775353,6.191111236138097e-08,0.10262100046310907
"('0027078000', 'Department of Computer Science')",0.00045871559633027525,0.0,0.12149246245158414,1.0443211077770584e-05,0.1314374120700007
"('0023259000', 'Linguistics')",0.0006880733944954129,0.00045871559633027525,0.12149584796299392,1.0511202906042045e-05,0.1315520909690833
"('0017756000', 'Department of Physics')",0.0009174311926605505,0.0,0.16031769377849683,0.0008126752985327296,0.1762227152307421
"('0013128000', 'EECS')",0.0016055045871559634,0.006975568000335208,0.1499879596821356,0.00024207047604263472,0.16365429973126822
"('0013128000', 'Department of Astronomy')",0.00045871559633027525,0.0,0.13379568539601683,2.246337287349006e-05,0.14344680337276786
"('0013128000', 'Radio Astronomy Laboratory')",0.0011467889908256881,0.00658623728748782,0.14076776547315403,2.6088624920815262e-05,0.15331715535169316
"('0033290000', 'Comp Sci & Engr Dept, and Elec Engr Dept')",0.00045871559633027525,0.0,0.09943894539980842,5.6964403193689964e-08,0.10461272040936422
"('0018093000', 'Medical and Molecular Genetics')",0.00022935779816513763,0.0,0.09326402703801151,6.710702522788343e-09,0.09686328317404669
"('0029751000', 'Research Computing, OneIT')",0.0006880733944954129,0.0,0.12925028903447663,1.727951842240515e-05,0.1376484966995281
"('0029751000', 'Department of Bioinformatics & Genomics')",0.0006880733944954129,0.0,0.12925028903447663,1.727951842240515e-05,0.1376484966995281
"('0029751000', 'Biology')",0.0006880733944954129,0.0,0.12925028903447663,1.727951842240515e-05,0.1376484966995281
"('4201968000', 'School of Geography and the Environment')",0.00022935779816513763,0.0,0.11771693935957665,2.0358885526255558e-05,0.1240878951878007
"('4008363000', 'Department of Entomology')",0.00022935779816513763,0.0,0.11132104376244702,0.0005204067880199448,0.11849040294567718
"('0024109000', 'Biology')",0.0006880733944954129,0.0,0.09795991731823492,7.2361604364726235e-06,0.10291675972210737
"('0024109000', 'Physics, Atmospheric Sci & Geoscience')",0.0006880733944954129,0.0,0.09795991731823492,7.2361604364726235e-06,0.10291675972210737
"('0016105000', 'Oceanography')",0.00045871559633027525,0.0,0.1232717916819814,9.577846221310623e-06,0.13371381622140469
"('0016105000', 'Hawaii Institute of Marine Biology')",0.00045871559633027525,0.0,0.1232717916819814,9.577846221310623e-06,0.13371381622140469
"('7203585186', 'Unknown Dept')",0.0006880733944954129,0.0,0.07960417009001114,6.713346249288148e-10,0.08205406230344334
"('0013284000', 'Department of Chemical Engineering')",0.0013761467889908258,0.0,0.13198123202663842,2.958220168116563e-05,0.14237214365654702
"('0013706000', 'Vice Chancellor for Research')",0.0013761467889908258,0.0,0.13198123202663842,2.958220168116563e-05,0.14237214365654702
"('0017756000', 'Chemical and Biomolecular Engineering')",0.0013761467889908258,0.0,0.13198123202663842,2.958220168116563e-05,0.14237214365654705
"('0021998000', 'Biology/Marine Science Center')",0.0009174311926605505,0.0,0.11641567873544804,9.017125522651664e-07,0.12382029931527322
"('0021998000', 'Department of Psychology')",0.0009174311926605505,0.0,0.11641567873544804,9.017125522651664e-07,0.12382029931527322
"('0021998000', 'Marine and Environmental Sciences')",0.0013761467889908258,0.0009172207243896947,0.11642189586114819,9.14830136018905e-07,0.12404965711343839
"('0021998000', 'Marine Science Center')",0.0011467889908256881,0.002749136553918814,0.13173001389812072,7.987062480979373e-06,0.14281221740797442
"('0021998000', 'Marine Sci. & Maritime Studies')",0.0009174311926605505,0.0,0.11641567873544804,9.017125522651665e-07,0.12382029931527322
"('0027854000', 'Mech. & Aero. Eng., Civil & Urban Eng.')",0.00045871559633027525,0.0,0.13680148097016095,0.0002705802902627954,0.14875972628738415
"('0027854000', 'Electrical and Computer Engineering')",0.0011467889908256881,0.0007080037547651553,0.1368186525245552,0.0002994348402950379,0.14914198928432607
"('0045096000', 'Dept. of Computer Science')",0.00022935779816513763,0.0,0.10064170629241494,0.00011740556506783396,0.1060570058015061
"('0033290000', 'ARCHITECTURAL ENGINEERING')",0.001834862385321101,0.0005658812013363535,0.10681823749908126,1.739994785906686e-07,0.11563060299894216
"('0033290000', 'Architectural Engineering')",0.0016055045871559634,0.0,0.10601050379303638,1.5630664945525373e-07,0.11389985286222877
"('4002911000', 'U.S. Division ? School Improvement')",0.0006880733944954129,0.0,0.10783271090445923,1.8058040857652375e-06,0.11416138472668276
"('7203585772', 'Unknown Dept')",0.0006880733944954129,0.0,0.10783271090445923,1.8058040857652375e-06,0.11416138472668276
"('0013052000', 'Department of Computer Science')",0.00045871559633027525,0.0,0.09283311331601585,7.153831687812031e-08,0.09724983005344262
"('0013052000', 'Psychology')",0.00045871559633027525,0.0,0.09283311331601585,7.153831687812031e-08,0.09724983005344262
"('0030320000', 'Unknown Dept')",0.0006880733944954129,0.0,0.11346779440468445,9.547423303223662e-06,0.12009998602315065
"('0030320000', 'Electrical and Computer Engineering')",0.0006880733944954129,0.0,0.11346779440468445,9.547423303223662e-06,0.12009998602315065
"('0030320000', 'Law')",0.0006880733944954129,0.0,0.11346779440468445,9.547423303223662e-06,0.12009998602315068
"('0039438000', 'Department of Physics and Electronics')",0.00022935779816513763,0.0,0.11448076670605226,2.2029286303355644e-06,0.12180810345138379
"('0013177000', 'IPAPS')",0.00045871559633027525,0.0,0.12512555603386424,4.607248918360311e-06,0.1346627761554571
"('0013177000', 'Physics and IPAPS')",0.00045871559633027525,0.0,0.12512555603386424,4.607248918360311e-06,0.13466277615545708
"('0016105000', 'Curriculum Research & Development Group')",0.0006880733944954129,0.0,0.12327527708663198,1.0544830965969937e-05,0.1338284951204873
"('0016105000', 'Dept of Info and Computer Sciences')",0.0006880733944954129,0.0,0.12327527708663198,1.0544830965969937e-05,0.1338284951204873
"('0016105000', 'Institute for Teacher Education - Elemen')",0.0006880733944954129,0.0,0.12327527708663198,1.0544830965969937e-05,0.1338284951204873
"('0001057000', 'Chemistry')",0.0013761467889908258,0.0013755153841782583,0.13344760039177278,2.8297101827929657e-05,0.14325788294723776
"('0001057000', 'Material Science & Engineering')",0.0006880733944954129,0.0,0.1334353481254782,2.7628237986628756e-05,0.14291384624999007
"('0001057000', 'Biol Phys Group, Physics')",0.0006880733944954129,0.0,0.1334353481254782,2.7628237986628756e-05,0.14291384624999007
"('0018259000', 'Ag & Biological Engineering')",0.0006880733944954129,0.0,0.12437952872710675,2.3270180076702323e-06,0.13379484216539028
"('0018259000', 'Biological Sciences')",0.001834862385321101,0.0013755153841782583,0.12439017431742318,2.5919047274926306e-06,0.13413887886263792
"('0029207000', 'The Department of Biology')",0.00022935779816513763,0.0,0.11594819562268968,1.28719449664734e-06,0.12259163183087154
"('0037457000', 'Environmental Sciences')",0.0013761467889908258,0.00045871559633027525,0.13115148598243292,1.534861305165506e-05,0.14170513323322895
"('0010819000', 'School of Sustain Eng & Built Environmnt')",0.0020642201834862386,0.02339036486228248,0.1757143432877927,0.0898875623083166,0.2003798285048283
"('0020776000', 'Earth and Planetary Science')",0.00045871559633027525,0.0,0.13067585793496178,1.689298585370607e-05,0.14178792612616106
"('0028381000', 'School of Social Welfare')",0.0006880733944954129,0.0,0.1140763997906855,1.6035484832720257e-06,0.12200939783592867
"('0033795000', 'Civil and Environmental Engineering')",0.00045871559633027525,0.0,0.1111111111111111,1.7628281005741485e-07,0.11943743336430518
"('0025684000', 'Computer Science')",0.00022935779816513763,0.0,0.11083430779399055,2.469287899496365e-07,0.11747389520594999
"('0025684000', 'Department of Geography')",0.0011467889908256881,0.00045871559633027525,0.1246462163012093,2.93784099501897e-06,0.1350884535316875
"('4002911000', 'Learning and Teaching Division')",0.001834862385321101,0.0025867805985257176,0.12402218745555398,1.7793536216459114e-05,0.13396051937808526
"('0029728000', 'Dept. of Math, Science & Tech. Educ.')",0.0009174311926605505,0.0,0.12082582790633227,1.7108073966476467e-05,0.1298159617186192
"('0080010000', 'Educational Psychology')",0.0011467889908256881,0.0003097496776210589,0.12249255492498735,2.750350991228423e-05,0.13212639847859722
"('0013177000', 'Ctr. Scientific Computation in Imaging')",0.00022935779816513763,0.0,0.1381583116800811,8.018343271338341e-05,0.14835418626989655
"('0027854000', 'Technology Management & Innovation')",0.0006880733944954129,0.0,0.13679289680921156,0.00029736173218782486,0.14877883943723125
"('0027854000', 'Management and Organizations')",0.0006880733944954129,0.0,0.13679289680921156,0.00029736173218782486,0.14877883943723125
"('0027854020', 'Population Health')",0.0011467889908256881,0.0,0.13679289680921156,0.0003222358322119197,0.14877883943723125
"('0013482000', 'Mechanical Eng., and Materials Sci. Prg.')",0.00022935779816513763,0.0,0.12042202949787328,2.3454009162045816e-05,0.12842777837381167
"('0029363000', 'Unknown Dept')",0.0006880733944954129,0.0,0.11169177169791987,2.0714923471643742e-06,0.11998640769046792
"('0018929000', 'Ophthalmology & Visual Sciences')",0.00022935779816513763,0.0,0.08597909682508381,5.853869484990027e-09,0.09061998859362347
"('0001057000', 'School of Computer Science')",0.0009174311926605505,0.0,0.12879593524754815,9.17826667884616e-06,0.138166875173756
"('0001966000', 'Dept. of Computer Science')",0.0016055045871559634,0.0013755153841782583,0.12880735029099827,9.406944950079362e-06,0.13851091187100373
"('0015693000', 'Computer Science')",0.0009174311926605505,0.0,0.12879593524754815,9.17826667884616e-06,0.138166875173756
"('0013706000', 'Physics and JILA')",0.0006880733944954129,0.0,0.11338812025382294,7.711470421293355e-07,0.12057137486845983
"('0033290000', 'Biomedical Engineering')",0.00022935779816513763,0.0,0.10634405717212615,1.0062573452483496e-07,0.11268669238764643
"('6250041978', 'Unknown Dept')",0.00045871559633027525,0.0013755153841782583,0.09466530603382765,8.343712699845974e-08,0.0989045976946973
"('0013706000', 'MCD-Biology')",0.0009174311926605505,0.0,0.106395958905781,5.840992879650256e-07,0.11300628186573108
"('0029975000', 'Biology')",0.0009174311926605505,0.0,0.106395958905781,5.840992879650256e-07,0.11300628186573107
"('0036327000', 'Landscape Architecture/Urban Planning')",0.0009174311926605505,0.0,0.13121858729346617,1.1396453420715556e-05,0.1421926173005499
"('P270032856', 'Unknown Dept')",0.0009174311926605505,0.0,0.13121858729346617,1.1396453420715556e-05,0.1421926173005499
"('0036525000', 'Hobby School of Public Affairs')",0.0009174311926605505,0.0,0.10393573148346802,1.2313641504235143e-07,0.10937761486985348
"('0002261000', 'CSET')",0.0009174311926605505,0.0,0.10393573148346802,1.2313641504235143e-07,0.10937761486985349
"('7203577490', 'Unknown Dept')",0.0009174311926605505,0.0,0.10393573148346802,1.2313641504235143e-07,0.10937761486985348
"('0036525000', 'Earth and Atmospheric Sciences')",0.0009174311926605505,0.0,0.10393573148346802,1.2313641504235143e-07,0.10937761486985348
"('0028068000', 'School of Physics and Astronomy')",0.0011467889908256881,0.0007392604574104907,0.12472466172726493,4.566568203256414e-06,0.13359561182955657
"('0023879000', 'Bioproducts/Biosystems Engr')",0.00045871559633027525,0.0,0.11104602297328274,2.995144732319422e-06,0.1178994669234792
"('0013151000', 'Civil & Environmental Engineering')",0.0009174311926605505,0.005973337902304294,0.1471829321810755,7.391801008935054e-05,0.16128990148485484
"('0013706000', 'Ethnography & Evaluation Research')",0.0009174311926605505,0.0013755153841782583,0.12647212391947554,2.8748274063603e-06,0.13655829685545007
"('0036582000', 'Architecture')",0.0016055045871559634,0.0001301111381173511,0.14847607696237017,0.0005660558824265225,0.16081404324523502
"('0036582000', 'LBJ School')",0.0009174311926605505,0.0,0.14317614606593984,0.00045754401163898914,0.15387469468604725
"('P270032900', 'Unknown Dept')",0.0009174311926605505,0.0,0.14317614606593984,0.00045754401163898914,0.15387469468604725
"('7203589598', 'Unknown Dept')",0.0009174311926605505,0.0,0.14317614606593984,0.00045754401163898914,0.1538746946860472
"('0036582000', 'ECE')",0.00022935779816513763,0.0,0.13768276123409226,1.2356836643421406e-05,0.14907050359171845
"('0018259000', 'Biochemistry')",0.0011467889908256881,0.0029638973341305453,0.1595491638306437,0.003202647601677442,0.1759459888989698
"('0015693000', 'MSE')",0.00045871559633027525,0.0,0.13228556691647197,1.8511418272081067e-05,0.14202766525014204
"('0021030000', 'Information Studies')",0.00022935779816513763,0.0,0.1270581378405945,1.931839223367822e-05,0.1359514634830003
"('0036327000', 'Department of BIology')",0.00022935779816513763,0.0,0.11445371974589175,0.0007401942544621817,0.1221456964289524
"('5300019713', 'Unknown Dept')",0.0009174311926605505,0.0,0.11547833456933997,4.638835240302209e-06,0.12480848976531622
"('0010611000', 'Unknown Dept')",0.0009174311926605505,0.0,0.11547833456933997,4.638835240302209e-06,0.12480848976531622
"('0018051000', 'Unknown Dept')",0.00022935779816513763,0.0,0.15364014377334556,0.002261080899231077,0.16707709339589963
"('0015370000', 'Mechanical Engineering')",0.0006880733944954129,0.0,0.10655978101476195,1.5799505760283965e-06,0.11244673915309213
"('0036616000', 'Physics')",0.00022935779816513763,0.0,0.1271359421473144,1.0306711246802842e-05,0.13554153074694095
"('0036806000', 'Mathematics')",0.0006880733944954129,0.0,0.11587731887524584,2.558715242223984e-06,0.12280397937120112
"('0036806000', 'Physics')",0.0006880733944954129,0.0,0.11587731887524584,2.558715242223984e-06,0.12280397937120112
"('0036806000', 'Microbiology')",0.0006880733944954129,0.0,0.11587731887524584,2.558715242223984e-06,0.12280397937120112
"('0025171000', 'Civil, Architectural and Environmental')",0.0009174311926605505,0.0,0.10437863589571712,1.6518811584853347e-07,0.11083361963185064
"('0013508000', 'Civil & Environmental Engineering')",0.0009174311926605505,0.0,0.10437863589571712,1.6518811584853347e-07,0.11083361963185062
"('4063053000', 'Unknown Dept')",0.0009174311926605505,0.0,0.10437863589571712,1.6518811584853347e-07,0.11083361963185064
"('0034280000', 'Geology and Environmental Geosciences')",0.0009174311926605505,0.0,0.10437863589571712,1.6518811584853347e-07,0.11083361963185064
"('0013151000', 'Spanish and Portuguese')",0.00045871559633027525,0.0,0.1116774672779898,6.659148430233203e-07,0.11805251376014893
"('0013151000', 'Spanish & Porttuguese')",0.00045871559633027525,0.0,0.1116774672779898,6.659148430233203e-07,0.11805251376014893
"('7203583923', 'Unknown Dept')",0.00022935779816513763,0.0,0.09613476506515556,5.7460415997215604e-08,0.10120499515581374
"('0013052000', 'Department of Chemistry')",0.00022935779816513763,0.0,0.11539275883972051,4.914994318852573e-06,0.12161746179032301
"('0021782000', 'McGovern Institute for Brain Research')",0.00045871559633027525,0.0,0.11918755638172822,4.200037400800434e-06,0.1258833329155104
"('0021782000', 'Brain and Cog Science')",0.00045871559633027525,0.0,0.11918755638172822,4.200037400800434e-06,0.1258833329155104
"('7203596666', 'Unknown Dept')",0.0009174311926605505,0.0,0.11261203089082315,3.7010716232443814e-06,0.11839826128479582
"('0014340000', 'Physics')",0.0009174311926605505,0.0,0.11261203089082315,3.7010716232443814e-06,0.1183982612847958
"('0014340000', 'Department of Performing Arts, Audio Tec')",0.0009174311926605505,0.0,0.11261203089082315,3.7010716232443814e-06,0.1183982612847958
"('0014340000', 'School of Communication')",0.0009174311926605505,0.0,0.11261203089082315,3.7010716232443814e-06,0.1183982612847958
"('0018697000', 'Department of Physics')",0.00045871559633027525,0.0,0.09368486645609059,1.0103177590967355e-07,0.09778540836149881
"('0018697000', 'Physics')",0.00045871559633027525,0.0,0.09368486645609059,1.0103177590967355e-07,0.09778540836149882
"('0013177010', 'Climate, Atmospheric Science & Physical')",0.00022935779816513763,0.0,0.13309319576299644,2.0452137632349802e-05,0.14378740493706044
"('0023879000', 'Curriculum and Instruction')",0.00045871559633027525,0.0,0.1214890771288453,1.0436996057355641e-05,0.13139918577030654
"('0023879000', 'Educational Psychology')",0.00045871559633027525,0.0,0.1214890771288453,1.0436996057355641e-05,0.13139918577030654
"('7203595688', 'Unknown Dept')",0.0013761467889908258,0.0012007974176289943,0.11592661526189843,0.0011069875268432294,0.12566907512721645
"('0033795000', 'Bioengineering, Engineering')",0.0006880733944954129,0.0,0.1388933133700742,0.00019588614617577454,0.1505360223364808
"('0035691000', 'Bioengineering and Mechanical Engineerin')",0.0006880733944954129,0.0,0.1388933133700742,0.00019588614617577454,0.1505360223364808
"('0038000000', 'School of Electrical Engineering and Com')",0.00022935779816513763,0.0,0.1112585485352659,1.1749306799572976e-06,0.1178366422995053
"('0010090000', 'Electrical and Computer Engineering')",0.0006880733944954129,0.0,0.10738387271562977,6.685438944519997e-08,0.1141579380998551
"('0016105000', 'Information Technology Services')",0.0013761467889908258,0.0025438610170123005,0.13231366836610828,0.001053410654571808,0.14470260562577006
"('0035949000', 'Biology')",0.00045871559633027525,0.0,0.10250382038321382,3.571374811384234e-07,0.10666706011653221
"('0035949000', 'Philosophy')",0.00045871559633027525,0.0,0.10250382038321382,3.571374811384234e-07,0.10666706011653226
"('0038968000', 'Department of Physics')",0.0009174311926605505,0.0,0.13407134071340712,7.587205382438964e-05,0.14404647945072205
"('0033795000', 'Biological Sciences')",0.0009174311926605505,0.0,0.13132925690532848,2.3746809196809012e-05,0.14234558964675625
"('0037986000', 'Institute for Health Metrics and Evaluat')",0.0009174311926605505,0.0,0.13132925690532848,2.3746809196809012e-05,0.14234558964675625
"('4002751000', 'Microsoft AI + Research')",0.0009174311926605505,0.0,0.13132925690532848,2.3746809196809012e-05,0.14234558964675625
"('0028381000', 'ITPA/SoMAS')",0.0006880733944954129,0.0,0.10030597924862539,4.013216726145976e-08,0.10609871127659452
"('0028381000', 'School of Marine and Atmos Sciences')",0.0006880733944954129,0.0,0.10030597924862539,4.013216726145976e-08,0.10609871127659452
"('0028381000', 'Geosciences')",0.0011467889908256881,0.0,0.10030597924862539,4.370950459276438e-08,0.10609871127659454
"('0036525000', 'Engineering Technology')",0.0009174311926605505,0.0,0.1189988809738257,1.2080547396111696e-06,0.12886993815083328
"('0036525000', 'Economics')",0.0009174311926605505,0.0,0.1189988809738257,1.2080547396111696e-06,0.12886993815083328
"('0035238000', 'Computer Science')",0.001834862385321101,0.0036638316590582387,0.10621193666260657,2.1210205726624254e-07,0.1138327455134639
"('0035238000', 'Civil and Environmental Engineering')",0.0006880733944954129,0.0,0.09603101184969826,2.1565693624734094e-08,0.10146438223660793
"('0035238000', 'Information Technology Services')",0.0006880733944954129,0.0,0.09603101184969826,2.1565693624734094e-08,0.10146438223660793
"('7203584453', 'Unknown Dept')",0.00045871559633027525,0.0,0.10557411981209744,1.5824338628064157e-07,0.1117272150781985
"('P270049708', 'Unknown Dept')",0.00045871559633027525,0.0,0.10557411981209744,1.5824338628064157e-07,0.1117272150781985
"('7203589503', 'Biostatistics Program')",0.00022935779816513763,0.0,0.11789200443446989,1.7343632201733634e-06,0.12593467019984597
"('0014266000', 'Yale Cardiovascular Center')",0.00022935779816513763,0.0,0.1306288761722144,1.877104879880186e-05,0.13992434616861193
"('0001966000', 'Physical Therapy')",0.0011467889908256881,0.0,0.11411820132963409,1.0373711042004624e-06,0.12055555446981461
"('0001966000', 'Computer Science')",0.0006880733944954129,0.0,0.11411820132963409,9.5698994086887e-07,0.12055555446981459
"('0001966000', 'Psychology')",0.0006880733944954129,0.0,0.11411820132963409,9.5698994086887e-07,0.12055555446981459
"('4100756000', 'Radio and Geoastronomy Division')",0.00022935779816513763,0.0,0.11318795430944964,1.4885982393807069e-06,0.11946037130181003
"('4001897000', 'Unknown Dept')",0.00045871559633027525,0.0,0.11059253246753246,7.1965927032238625e-06,0.11768508770566123
"('0021550000', 'Economics')",0.00045871559633027525,0.0,0.11059253246753246,7.1965927032238625e-06,0.11768508770566123
"('4005518000', 'Board on Chemical Sciences and Technolog')",0.00022935779816513763,0.0,0.10883402810713662,9.820357304730972e-07,0.11422099262493096
"('0018259000', 'Physics and Astronomy')",0.00045871559633027525,0.0,0.15372681757280868,0.0024916491291630573,0.16770018208091483
"('0021998000', 'Bioengineering')",0.00022935779816513763,0.0,0.0899024681939089,5.224542244076754e-09,0.0940390806164195
"('0035691000', 'Physics')",0.0006880733944954129,0.0,0.0990031562932855,1.317848388872989e-07,0.10456701032553996
"('0035949000', 'Material Science and Engineering')",0.0006880733944954129,0.0,0.0990031562932855,1.317848388872989e-07,0.10456701032553996
"('0038000000', 'Science Programs')",0.0006880733944954129,0.0,0.12062525937197399,3.335598246642967e-06,0.12927431045449037
"('0038000000', 'School of Economic Sciences')",0.0006880733944954129,0.0,0.12062525937197399,3.335598246642967e-06,0.12927431045449037
"('0023259000', 'Department of Biostatistics')",0.00045871559633027525,0.0,0.13135695348276694,7.982504831894828e-05,0.14107032652617468
"('7203585967', 'School of Teacher Preparation, Administr')",0.00045871559633027525,0.0,0.11128126595201633,3.225615722898309e-07,0.11770077781545546
"('7203585967', 'Unknown Dept')",0.0009174311926605505,0.0,0.11128126595201633,3.4980460128474086e-07,0.11770077781545549
"('0020297000', 'Department of Ecology and Evolutionary B')",0.00022935779816513763,0.0,0.12076558734731185,6.732570098560287e-06,0.12957584919352944
"('0036707000', 'Department of Electrical & Comp. Eng.')",0.00045871559633027525,0.0,0.13308100848544044,2.4178873725864213e-05,0.1419929755814133
"('0017756000', 'Department of Chemistry')",0.00022935779816513763,0.0,0.14168264387612517,0.00010297571940016777,0.15284740457045454
"('0028381000', 'School of Marine & Atmospheric Sciences')",0.0006880733944954129,0.0,0.11774555078452024,2.8668252410524345e-06,0.12423542383742053
"('0028381000', 'Marine Science Research Center')",0.0006880733944954129,0.0,0.11774555078452024,2.8668252410524345e-06,0.12423542383742053
"('0028381000', 'SoMAS')",0.0006880733944954129,0.0,0.11774555078452024,2.8668252410524345e-06,0.12423542383742053
"('0014175000', 'Dept. of Civil & Environ Engineering')",0.00045871559633027525,0.0,0.10542860597267562,5.349077841573099e-07,0.1109328268421615
"('0014175000', 'Natural Resources and the Environment')",0.0009174311926605505,0.0,0.10542860597267562,5.800318434775408e-07,0.1109328268421615
"('0030908000', 'Department of Physics')",0.0009174311926605505,0.0030354862127933437,0.1352063757868949,2.7739319146862177e-05,0.1465228215973626
"('0023259000', 'Electrical Engineering and Computer Sci')",0.0011467889908256881,0.0009172207243896947,0.150334459692435,0.0007444106274641413,0.16449474009680345
"('0023259000', 'Electrical Eng. & Computer Science Dept.')",0.00045871559633027525,0.0,0.13069544364508393,6.871011339912211e-05,0.13950960768334622
"('0023259000', 'Electrical Engineering')",0.0009174311926605505,0.0,0.13069544364508393,7.447843904739129e-05,0.13950960768334625
"('0027854020', 'Rehabilitation Medicine')",0.00022935779816513763,0.0,0.12035554574062828,2.5047533988320757e-05,0.12812196797625822
"('0037457000', 'Materials Science and Engineering')",0.00045871559633027525,0.0,0.11039651592646985,6.038828997566888e-07,0.11743328675431886
"('0026963000', 'Construction Management & Civil Engineer')",0.0006880733944954129,0.0,0.13895971443141256,7.52833258329307e-05,0.14964175032408944
"('6250033083', 'Unknown Dept')",0.00022935779816513763,0.0,0.13312164142647778,0.000150502925119585,0.14326927914083862
"('0025163000', 'Mechanical and Aerospace Engineering')",0.0009174311926605505,0.0,0.10329061145199118,5.337006469261678e-06,0.10909658951142014
"('0019281000', 'Biological & Agricultural Engineering')",0.0009174311926605505,0.0,0.10329061145199118,5.337006469261678e-06,0.10909658951142014
"('0019489001', 'Aerospace Engineering')",0.0009174311926605505,0.0,0.10329061145199118,5.337006469261678e-06,0.10909658951142019
"('0019281000', 'Agonomy')",0.0009174311926605505,0.0,0.10329061145199118,5.337006469261678e-06,0.10909658951142014
"('0013219000', 'Computer Science and Engineering')",0.0006880733944954129,0.0,0.1503240932285202,0.0007333209654915494,0.16426538229863835
"('0013706000', 'Institute of Arctic and Alpine Research')",0.00022935779816513763,0.0,0.11546915967054212,3.4742137002488065e-06,0.12446445306806854
"('0026633000', 'Dept. of Physics and Astronomy')",0.0011467889908256881,0.0,0.12364935764725901,2.196053635343428e-06,0.13295877701554287
"('0026633000', 'Department of Chemistry & Chem Biol')",0.0011467889908256881,0.0,0.12364935764725901,2.196053635343428e-06,0.13295877701554287
"('0026633000', 'Physics & Astronomy')",0.0011467889908256881,0.0,0.12364935764725901,2.196053635343428e-06,0.13295877701554287
"('0026633000', 'Physics')",0.0011467889908256881,0.0,0.12364935764725901,2.196053635343428e-06,0.13295877701554287
"('0036046000', 'OIT/CRC')",0.00022935779816513763,0.0,0.12412104648845618,6.71578348448951e-06,0.1339612567268732
"('0028381000', 'Department of Physics and Astronomy')",0.00022935779816513763,0.0,0.11944550983507753,4.727782681812159e-06,0.1272214649369936
"('0015354000', 'Computer & Information Sciences and Engi')",0.00045871559633027525,0.0,0.12761224609260668,7.283494525359564e-05,0.1365987860253909
"('0015354000', 'Department of Civil and Coastal Eng.')",0.00045871559633027525,0.0,0.12761224609260668,7.283494525359564e-05,0.13659878602539088
"('0014316000', 'Bartol Research Institute')",0.00022935779816513763,0.0,0.1300289284542662,1.0156872608499637e-05,0.1395729013895495
"('0023408000', 'Archaeology')",0.00045871559633027525,0.0,0.08382519754676715,4.86534546443964e-10,0.08725119699670011
"('0028365000', 'Anthropology')",0.00045871559633027525,0.0,0.08382519754676715,4.86534546443964e-10,0.08725119699670013
"('0023259000', 'Chemical Engineering')",0.0009174311926605505,0.0,0.13086805138672108,0.0001830702774237899,0.14079599659200265
"('0029728000', 'Industrial and Systems Engineering')",0.00045871559633027525,0.0,0.09463243114188354,6.79916377137875e-08,0.09866977899657588
"('7203588987', 'Unknown Dept')",0.0009174311926605505,0.0009172207243896947,0.10451875824044109,7.336515613190181e-07,0.110215810041429
"('0029728000', 'Graphic Design')",0.00045871559633027525,0.0,0.09463243114188354,6.79916377137875e-08,0.09866977899657586
"('0027078000', 'Marine Geology and Geophysics')",0.00022935779816513763,0.0,0.12431569343065693,7.049468854056513e-05,0.1347572589534946
"('0021030000', 'UMD AGNR Extension')",0.0009174311926605505,0.0,0.13160277693932992,0.0009909561611195763,0.142808962826165
"('0021030000', 'Fischell Department of Bioengineering')",0.0009174311926605505,0.0,0.13160277693932992,0.0009909561611195763,0.142808962826165
"('0015693000', 'School of Electrical and Computer Engin.')",0.0009174311926605505,0.0,0.13160277693932992,0.0009909561611195763,0.142808962826165
"('0015354000', 'Florida Museum of Natural History Dickin')",0.00022935779816513763,0.0,0.11650277896536981,3.1776532901336805e-07,0.12353969084372429
"('0033290000', 'Chemical and Biomedical Engineering Buil')",0.00045871559633027525,0.0,0.10673455898553208,4.968673990254449e-07,0.11372481600743065
"('0027854000', 'Epidemiology')",0.0006880733944954129,0.0,0.13679289680921156,0.0002948628607570318,0.14877883943723122
"('0027854000', 'Epidemiology, College of Global Public H')",0.0006880733944954129,0.0,0.13679289680921156,0.0002948628607570318,0.14877883943723125
"('0013177010', 'Integrative Oceanography Division')",0.0009174311926605505,0.0,0.12246846998679813,1.3025853184894514e-05,0.13068131005529815
"('0013177010', 'Unknown Dept')",0.0009174311926605505,0.0,0.12246846998679813,1.3025853184894514e-05,0.13068131005529815
"('0013177010', 'Political Science')",0.0009174311926605505,0.0,0.12246846998679813,1.3025853184894514e-05,0.13068131005529815
"('0017400000', 'Preventive Medicine & Computer Science')",0.00022935779816513763,0.0,0.13450977972481026,2.931664984338798e-05,0.14710596870000509
"('0036327000', 'Epidemiology and Biostatistics')",0.00045871559633027525,0.0,0.11680865884370144,7.0934758799532045e-06,0.12428929546947598
"('0018093000', 'Informatics')",0.00022935779816513763,0.0,0.14168264387612517,0.00010297571940016777,0.1528474045704545
"('0027086000', 'Environmental Science')",0.0006880733944954129,0.0,0.1455808207285719,0.0770980687161158,0.16381687693040847
"('0031849000', 'Department of Botany & Microbiology')",0.00045871559633027525,0.0,0.12560135972114195,1.3465093994574032e-05,0.13468736443220375
"('0015982001', 'Plant BIology')",0.0006880733944954129,0.00045871559633027525,0.12560497810555427,1.3553074170301154e-05,0.13480204333128634
"('0036756000', 'Medicinal Chemistry')",0.0006880733944954129,0.0,0.12831832362116663,0.0012376239279398907,0.1382738146155571
"('0021550000', 'Research Computing')",0.0006880733944954129,0.0,0.12831832362116663,0.0012376239279398907,0.1382738146155571
"('0013177000', 'Information Technology Services')",0.0006880733944954129,0.0,0.12831832362116663,0.0012376239279398907,0.1382738146155571
"('0036582000', 'Aerospace Engineering & Engr Mechanics')",0.00045871559633027525,0.0,0.10433117970806413,8.444933179296488e-08,0.10969867786617499
"('0017376000', 'Department of Physics')",0.00022935779816513763,0.0,0.09987401214064827,2.463724870062965e-07,0.10422266312524979
"('0022905000', 'Earth & Environmental Science')",0.00045871559633027525,0.0,0.08997111019397441,6.372491783283072e-09,0.09502531914852956
"('0030791000', 'Mathematical and Physical Sciences')",0.00022935779816513763,0.0,0.1284241531664212,1.7275304065507622e-05,0.13943134506106705
"('0036525000', 'Psychological, Health, & Learning Scienc')",0.00045871559633027525,0.0,0.12106739233054731,3.5270290920026423e-06,0.12924415275990384
"('P270016177', 'Unknown Dept')",0.00022935779816513763,0.0,0.14097258147956543,5.528737876324712e-05,0.15249667731605743
"('0036202000', 'Mathematics and Computer Science')",0.0011467889908256881,0.0013609532973455868,0.14277293863383325,1.746821904160504e-05,0.15773798321963403
"('P269986643', 'N/A')",0.0009174311926605505,0.0,0.1427355463890526,1.718779238891699e-05,0.1574933349015913
"('0036582000', 'GeoForce')",0.00045871559633027525,0.0,0.13770015475476108,1.3622708267702206e-05,0.1492998613898836
"('0036616000', 'College of Engineering')",0.00045871559633027525,0.0,0.12600427720940985,2.4210696201054672e-05,0.13445815693420915
"('0036616000', 'Teacher Education')",0.00045871559633027525,0.0,0.12600427720940985,2.4210696201054672e-05,0.13445815693420915
"('0033290000', 'Educational Psychology')",0.0009174311926605505,0.0,0.11963232267800795,1.1049954648042007e-06,0.12989504581584926
"('0033290000', 'Agricultural & Biological Engineering')",0.0009174311926605505,0.0,0.11963232267800795,1.1049954648042007e-06,0.12989504581584926
"('0033290000', 'Leonhard Center')",0.0009174311926605505,0.0,0.11963232267800795,1.1049954648042007e-06,0.12989504581584926
"('0025650000', 'School of Computing')",0.0009174311926605505,0.0,0.13142030383409695,6.439076915987697e-05,0.14268816873748044
"('0036137000', 'Electrical and Computer Engineering')",0.0009174311926605505,0.0,0.13142030383409695,6.439076915987697e-05,0.14268816873748044
"('0022335000', 'STEM Education Center')",0.0013761467889908258,0.0009172207243896947,0.08569519242108574,1.5417727952481828e-08,0.09065261921277568
"('0013151000', 'Civil and Environmental Engineering')",0.0022935779816513763,0.015631934927953863,0.14371415386643813,2.3665088395157067e-05,0.15852231515935525
"('0013151000', 'CENS/Civil & Environ. Engin.')",0.0011467889908256881,3.1079147996377137e-06,0.12588058667282595,2.8501444736775183e-06,0.13542777600015846
"('0013151000', 'Civil and Environmental')",0.00045871559633027525,0.0,0.12566290062255014,2.2227472271732337e-06,0.13465696997132492
"('0036582000', 'Geological Sciences')",0.00045871559633027525,0.00045871559633027525,0.1120851435769557,1.0638680146353102e-06,0.11862258036755381
"('0010835000', 'Aerospace and Mechanical Engineering')",0.0016055045871559634,0.00045871559633027525,0.11655260906757912,3.517540247523815e-07,0.12592737769815393
"('0080010000', 'Mechanical Engr')",0.00022935779816513763,0.0,0.10438863217372567,2.9753864563410492e-08,0.11048975410719727
"('0020107000', 'Civil and Environmental Engineering')",0.0011467889908256881,0.0,0.13344760039177278,7.738724065525867e-05,0.14366621655612433
"('0020107000', 'Louisiana Business & Technology Center')",0.0011467889908256881,0.0,0.13344760039177278,7.738724065525867e-05,0.14366621655612433
"('0035691000', 'Physics/Space Sciences')",0.00045871559633027525,0.0,0.14448568398727465,0.0002483608700498238,0.15829092066190617
"('0013201000', 'Materials Department')",0.0006880733944954129,0.0,0.1257027533515929,8.150040785622235e-06,0.13636090537078796
"('0013151000', 'Biostatistics')",0.00022935779816513763,0.0,0.11167460683366631,6.096665204417681e-07,0.11793783486106636
"('0017749000', 'Microbiology')",0.00022935779816513763,0.0,0.12670367033797333,2.1643036953311193e-06,0.13524093304533838
"('0036046000', 'Chemical and Biomolecular Engineering')",0.0006880733944954129,0.0,0.10522759086740358,2.3171886105175102e-07,0.11089545750989858
"('0015743000', 'Language Research Center')",0.0011467889908256881,0.0,0.08851893208811289,2.9066616612438244e-09,0.0932748566386741
"('0038950000', 'Physics Department')",0.0006880733944954129,0.0,0.12198192653106903,1.4565858932272805e-06,0.13062985339074765
"('0038950000', 'WIPAC')",0.0016055045871559634,0.0013755153841782583,0.1389154400050978,1.4219953702702766e-05,0.15276129897116067
"('7203593108', 'Unknown Dept')",0.0006880733944954129,0.0,0.12198192653106903,1.4565858932272802e-06,0.13062985339074762
"('0038950000', 'WIPAC / Dept. of Physics')",0.0006880733944954129,0.0,0.12198192653106903,1.4565858932272802e-06,0.13062985339074765
"('6250011244', 'Electrical and Computer Engineering')",0.0006880733944954129,0.0,0.13103717729089653,2.973970901357684e-05,0.14119711232956644
"('6250011244', 'Electronics & Biomedical Engineering')",0.0006880733944954129,0.0,0.13103717729089653,2.973970901357684e-05,0.14119711232956647
"('6250011244', 'Unknown Dept')",0.0006880733944954129,0.0,0.13103717729089653,2.973970901357684e-05,0.14119711232956644
"('0011080000', 'Electrical Engineering')",0.0016055045871559634,0.0009165893195771272,0.0694577200025489,9.650723730354363e-12,0.07270017356051343
"('0011080000', 'Department of Physics')",0.0011467889908256881,0.0009165893195771272,0.0694577200025489,8.904979605723373e-12,0.07270017356051343
"('0029751000', 'Department of Anthropology')",0.0009174311926605505,0.0,0.1221459588177616,6.4962035225051065e-06,0.12892106405766662
"('0029751000', 'Anthropology')",0.0009174311926605505,0.0,0.1221459588177616,6.4962035225051065e-06,0.12892106405766662
"('5300000942', 'Liberal Studies')",0.0009174311926605505,0.0,0.1221459588177616,6.4962035225051065e-06,0.1289210640576666
"('0015982000', 'Department of Anthropology')",0.0009174311926605505,0.0,0.1221459588177616,6.4962035225051065e-06,0.12892106405766662
"('0037986000', 'Applied Physics Lab, University of Wash.')",0.00022935779816513763,0.0,0.14103186155587902,0.0003355469968627857,0.1512254556395808
"('0022905000', 'Computational Mathematics in Science and')",0.0009174311926605505,0.0,0.11377573654132199,0.00013059002333398,0.12091416419971443
"('0022905000', 'Statistics')",0.0009174311926605505,0.0,0.11377573654132199,0.00013059002333398,0.12091416419971443
"('0022905000', 'Comp Math Sci and Engr')",0.0013761467889908258,0.002749136553918814,0.1283598787058027,0.0011687327505398796,0.13885867700087823
"('0022905000', 'Engineering Deans Office')",0.0009174311926605505,0.0,0.11377573654132199,0.00013059002333398,0.12091416419971443
"('0037549000', 'Department of Electrical Engineering')",0.00045871559633027525,0.0,0.1475065971987279,0.00027561855043843663,0.16303137961681455
"('0013284000', 'Computer Science Department')",0.0006880733944954129,0.0,0.14127863646673797,0.0001458168425293125,0.15321557519951934
"('0015644000', 'Global Health')",0.0006880733944954129,0.0,0.14127863646673797,0.0001458168425293125,0.15321557519951934
"('0036210000', 'Department of Biological Sciences')",0.00022935779816513763,0.0,0.11025971726980754,2.0480752143154283e-06,0.11608598217306935
"('0018697000', 'Genetics, Development, and Cell Biology')",0.00022935779816513763,0.0,0.11159171764224105,1.136572209874644e-06,0.11767141411535531
"('0028357000', 'Biological Sciences')",0.0011467889908256881,0.0013755153841782583,0.09756970863357652,1.2317185743716784e-07,0.10215339225069828
"('0027078000', 'LDEO')",0.0006880733944954129,0.0,0.14331262531637248,2.2301284614168437e-05,0.15688950607241775
"('0026633000', 'Geography & Environmental Studies')",0.0013761467889908258,0.0,0.13055064826181992,0.00038862491984549113,0.14289861419161812
"('0038000000', 'Environmental Research')",0.0013761467889908258,0.0,0.13055064826181992,0.00038862491984549113,0.14289861419161812
"('0026633000', 'Community and Regional Planning')",0.0013761467889908258,0.0,0.13055064826181992,0.00038862491984549113,0.14289861419161812
"('0034017000', 'Economics')",0.0009174311926605505,0.0027206827516997423,0.15037593984962405,0.0005199710807715429,0.16371755315275807
"('0035303000', 'Electrical Engineering & Computer Sci')",0.0009174311926605505,0.0,0.15939750667202865,0.0036973884358448405,0.17552932223230314
"('0036327000', 'High Performance Research Computing')",0.0011467889908256881,0.0,0.14762646441389585,0.00044894788711105556,0.16073953760306892
"('0037986000', 'Physical Sciences Division')",0.00022935779816513763,0.0,0.11550892809834154,5.204690010599631e-06,0.12188048392514077
"('0038950000', 'Department of Zoology')",0.0009174311926605505,0.00045871559633027525,0.1263768115942029,2.803843849791325e-06,0.1356500558564777
"('0013169000', 'Dept. of Electrical and Computer Eng.')",0.00045871559633027525,0.0,0.11442067970082666,2.3184431200028344e-06,0.12096572588157177
"('6250037101', 'School Age')",0.00045871559633027525,0.0,0.13331294909035316,0.00025163502676080684,0.1424522479941056
"('6250037101', 'Meta Media')",0.00045871559633027525,0.0,0.13331294909035316,0.00025163502676080684,0.1424522479941056
"('0018697000', 'Animal Science')",0.00045871559633027525,0.0,0.0994366775378019,5.6930123222314786e-08,0.10457449410967003
"('7203595388', 'Natural Resources')",0.00045871559633027525,0.0,0.0994366775378019,5.6930123222314786e-08,0.10457449410967001
"('0037986000', 'Department of Atmospheric Science')",0.00022935779816513763,0.0,0.11761849523860908,4.115578710895244e-06,0.12409674466491105
"('0011312000', 'Mechanical Engineering / Applied Physics')",0.00045871559633027525,0.0,0.13364803972657327,5.826604523965374e-05,0.1434334655196096
"('0011312000', 'EE & Medical Engineering')",0.00045871559633027525,0.0,0.13364803972657327,5.826604523965374e-05,0.1434334655196096
"('0011312000', 'Electrical Engineering')",0.001834862385321101,0.0023866104097184896,0.15425437820626217,0.0006379802669710358,0.17048533493774298
"('0015982001', 'Plant Pathology')",0.00022935779816513763,0.0,0.1266411060764494,1.8570838039684056e-06,0.13636177310202535
"('0033290000', 'Intercollege Materials Research Lab')",0.0006880733944954129,0.0,0.10682085456683653,5.761343658052398e-07,0.11424250932328905
"('0033290000', 'Industrial and Manufacturing Engineering')",0.0006880733944954129,0.0,0.10682085456683653,5.761343658052398e-07,0.11424250932328905
"('0030908000', 'Civil, Envir and Geod Engr')",0.00022935779816513763,0.0,0.1284241531664212,1.7275304065507622e-05,0.13943134506106708
"('0025684000', 'Chemical and Materials Engineering')",0.0006880733944954129,0.0,0.13239000394740838,2.900761699272656e-05,0.14363005218981972
"('0021998000', 'D?Amore-McKim School of Business')",0.00022935779816513763,0.0,0.12216991705895539,1.749980713168933e-05,0.12940662271409714
"('0013706000', 'Civil, Environmental, Archit Engineering')",0.0009174311926605505,0.0,0.11575118804258369,0.0010216700705802588,0.1248501221637681
"('0032169000', 'Civil and Environmental Engineering')",0.0009174311926605505,0.0,0.11575118804258369,0.0010216700705802588,0.1248501221637681
"('6250001416', 'School of Engineering, Math and Technolo')",0.0009174311926605505,0.0,0.11575118804258369,0.0010216700705802588,0.1248501221637681
"('0036525000', 'Law')",0.0006880733944954129,0.0,0.11745056839609935,2.0162263406255826e-06,0.126085476592424
"('0022921000', 'School of Forest Resources')",0.0006880733944954129,0.00045871559633027525,0.08812887837810524,2.4512087831935514e-09,0.09212945019936325
"('0022921000', 'Civil and Environmental Engineering')",0.00045871559633027525,0.0,0.08812709706108258,2.4323085626160423e-09,0.09201477130028068
"('0010512000', 'Physics & Astronomy')",0.00022935779816513763,0.0,0.09145446155136971,2.493425521395183e-09,0.09541167916628364
"('0013136000', 'Anthropology')",0.00045871559633027525,0.00045871559633027525,0.1426794947313306,0.00010776655538681226,0.15598785579863467
"('0018077000', 'Department of Earth and Environmental Sy')",0.00022935779816513763,0.0,0.12486754303061547,9.031108461313133e-06,0.1331435622863373
"('4005930000', 'Global Conservation')",0.0006880733944954129,0.0,0.10113193542401187,0.00025971463701738884,0.10720932424369242
"('0010637000', 'Department of Biology and Wildlife')",0.0006880733944954129,0.0,0.10113193542401187,0.00025971463701738884,0.10720932424369244
"('0027326000', 'Center for STEM Education Research')",0.0009174311926605505,0.0,0.13426125515797252,0.00013033029812132112,0.14525059134290724
"('5300002950', 'Mathematics')",0.0009174311926605505,0.0,0.13426125515797252,0.00013033029812132112,0.14525059134290724
"('0027326000', 'Psychology')",0.0009174311926605505,0.0,0.13426125515797252,0.00013033029812132112,0.14525059134290724
"('P270047634', 'Unknown Dept')",0.0009174311926605505,0.0,0.13426125515797252,0.00013033029812132112,0.14525059134290724
"('0034512000', 'HTC Honors College')",0.00045871559633027525,0.0,0.1619192631930776,0.0032521012664910665,0.17752076701331218
"('0013136000', 'Environmental Science & Policy')",0.0020642201834862386,0.0032065893406239545,0.14369047226707973,0.00014757766729557546,0.15854211474050806
"('0011494001', 'Biological Sciences')",0.0016055045871559634,0.008396898786594772,0.14487937794909284,0.0001368904994458085,0.16065528444542068
"('0033795000', 'Department of Biological Sciences')",0.0006880733944954129,0.000883889452350177,0.13023089100630245,2.3824425160024758e-05,0.14000672279240797
"('0013201000', 'Ecology, Evolution and Marine Biology')",0.0006880733944954129,0.0011836292749059433,0.12984692358091607,2.4106125569834386e-05,0.13990677432089998
"('0025684000', 'Biology')",0.0009174311926605505,0.0023162034954502812,0.14598051361033917,0.00025699197453743955,0.16008951770706276
"('0018218000', 'Unknown Dept')",0.0009174311926605505,0.0,0.10326614717794462,1.2653156341616732e-05,0.10870285862457003
"('0027110000', 'ORIE')",0.0009174311926605505,0.0,0.12528735632183907,2.5118059265239613e-05,0.13364784148513237
"('0027110000', 'Chemical and Biomolecular Engineering')",0.002522935779816514,0.0032065893406239545,0.1431996584228331,0.00022299617872276873,0.15637555582796342
"('0017392000', 'Chemistry')",0.0016055045871559634,0.0013755153841782583,0.1252981578871742,2.5723978266149837e-05,0.13399187818238004
"('7203590314', 'Unknown Dept')",0.0009174311926605505,0.0,0.12528735632183907,2.5118059265239613e-05,0.13364784148513237
"('0027110000', 'Chemical Engineering')",0.0009174311926605505,0.0,0.12528735632183907,2.5118059265239613e-05,0.13364784148513237
"('6250004721', 'Anthropology and Heritage Studies')",0.0009174311926605505,0.0,0.11104036673882593,3.810401678550699e-06,0.11804854949228656
"('6250004721', 'School of Social Sciences')",0.0009174311926605505,0.0,0.11104036673882593,3.810401678550699e-06,0.11804854949228656
"('0013177000', 'Qualcomm Institute')",0.0009174311926605505,0.0,0.11104036673882593,3.810401678550699e-06,0.11804854949228653
"('0038950000', 'Industrial & Systems Engineering')",0.00022935779816513763,0.0,0.10447868491049819,6.072991410191552e-07,0.10935955715822636
"('0011551001', 'Physics and Astronomy')",0.00045871559633027525,0.0,0.11207361900110531,1.7964560796612637e-06,0.1181992524400099
"('0011551001', 'Physics & Astronomy')",0.00045871559633027525,0.0,0.11207361900110531,1.7964560796612637e-06,0.1181992524400099
"('4000069000', 'Engineering')",0.00045871559633027525,0.0,0.11877196327875998,5.035011049969135e-06,0.12666249957618672
"('0037986000', 'applied physics laboratory')",0.00045871559633027525,0.0,0.11877196327875998,5.035011049969135e-06,0.12666249957618675
"('0015370000', 'College of Marine Science')",0.001834862385321101,0.00457768489111424,0.12701002097413192,4.570818001425668e-05,0.13612854789645826
"('0015370000', 'Marine Science')",0.0009174311926605505,0.0,0.11272558043332127,5.1357678327291135e-06,0.11909616429921262
"('7203580410', 'Unknown Dept')",0.0009174311926605505,0.0,0.11272558043332127,5.1357678327291135e-06,0.11909616429921262
"('6250004721', 'Life and Environmental Sciences')",0.0009174311926605505,0.0,0.11104602297328274,3.856917252393645e-06,0.11812500209167495
"('6250004721', 'School of Natural Sciences')",0.001834862385321101,0.0006879681603599849,0.11105167978400958,4.2668113487499245e-06,0.11835435988984014
"('6250004721', 'Physics')",0.0011467889908256881,0.0002292525640297097,0.1110488513066069,3.90975778042496e-06,0.11823968099075755
"('0010637000', 'University of Alaska Fairbanks')",0.0009174311926605505,0.0,0.12597515169026294,0.013030217120994923,0.1375502065467656
"('0018259000', 'ECE')",0.00045871559633027525,0.0,0.14159521953754223,0.00043870543426155316,0.15307960579176114
"('0011536001', 'Physics & Astronomy')",0.00045871559633027525,0.0,0.11016499482022386,6.044946740376218e-07,0.11632803538429437
"('0014027000', 'Unknown Dept')",0.0013761467889908258,0.0,0.12136733103217905,1.0504671848569155e-05,0.13106828641991147
"('0029231000', 'Recreation & Leisure Studies')",0.0013761467889908258,0.0,0.12136733103217905,1.0504671848569155e-05,0.13106828641991147
"('4005518000', 'PRB and BASC')",0.00022935779816513763,0.0,0.10883402810713662,9.820357304730972e-07,0.11422099262493096
"('6250032532', 'Computer Science')",0.0006880733944954129,0.0,0.10619124165814214,1.905363636415084e-07,0.11329757731774524
"('0035238000', 'CEROC')",0.0006880733944954129,0.0,0.10619124165814214,1.905363636415084e-07,0.11329757731774524
"('0033290000', 'School of Engineering Design and Innovat')",0.0013761467889908258,0.0,0.144663061150005,0.08997964186008874,0.16238412708596145
"('0030908001', 'Environment and Natural Resources')",0.0013761467889908258,0.0,0.144663061150005,0.08997964186008874,0.16238412708596142
"('0030189000', 'Biological Sciences')",0.0013761467889908258,0.0,0.144663061150005,0.08997964186008874,0.16238412708596142
"('0011080000', 'Biological and Agricultural Engineering')",0.0013761467889908258,0.0,0.144663061150005,0.08997964186008874,0.16238412708596145
"('0030189000', 'Unknown Dept')",0.0013761467889908258,0.0,0.144663061150005,0.08997964186008874,0.16238412708596145
"('0036707000', 'Technology Engineering Studies')",0.0009174311926605505,0.0,0.13857546959921177,0.0008744547924269953,0.1488520220859664
"('0015982001', 'Career and Information Studies')",0.0009174311926605505,0.0,0.13857546959921177,0.0008744547924269953,0.14885202208596643
"('4002773000', 'Unknown Dept')",0.0009174311926605505,0.0,0.13857546959921177,0.0008744547924269953,0.1488520220859664
"('0036582000', 'Department of Integrative Biology')",0.00022935779816513763,0.0,0.11104319478402608,2.3153816467171931e-07,0.11705709025713622
"('0036566000', 'Materials Science and Engineering')",0.0013761467889908258,0.00045871559633027525,0.1061990013396663,9.963114588826347e-07,0.1115731908741538
"('0036566000', 'Physics')",0.00022935779816513763,0.0,0.09600563702822917,8.352181729868378e-08,0.0997277721105258
"('0037499000', 'Astronomy and Physics')",0.00045871559633027525,0.0,0.1400443259563807,0.00034951036662307606,0.15065916563049553
"('0037499000', 'Department of Physics and Astronomy')",0.00045871559633027525,0.0,0.1400443259563807,0.00034951036662307606,0.1506591656304955
"('0039545000', 'NanoScience Technology Center')",0.0006880733944954129,0.0,0.13024256183534472,2.7521690612676573e-05,0.14173206167371033
"('0037549000', 'ECE Dept.')",0.00022935779816513763,0.0,0.12325436761463221,1.0116126438393373e-05,0.1309645814175626
"('0027078000', 'LDEO-Biology Paleoenvironment')",0.00045871559633027525,0.0,0.12862495206065433,3.7760532066472293e-06,0.13820862082616678
"('0029744000', 'Chemistry')",0.00022935779816513763,0.0,0.10286658015807479,2.400829779134316e-07,0.10804377023140171
"('6250004721', 'Bioengineering')",0.00045871559633027525,0.0,0.09995644100048144,6.842248285844972e-07,0.10489153122974847
"('0018259000', 'Department of Engineering')",0.0009174311926605505,0.0,0.1593217861580063,0.003659661493314045,0.17522351183474963
"('6250038736', 'Unknown Dept')",0.0009174311926605505,0.0,0.1593217861580063,0.003659661493314045,0.17522351183474963
"('0018259000', 'Department of Mechanical and Civil Engin')",0.0009174311926605505,0.0,0.1593217861580063,0.003659661493314045,0.17522351183474963
"('7203585763', 'Unknown Dept')",0.0009174311926605505,0.0,0.1593217861580063,0.003659661493314045,0.17522351183474963
"('P270061075', 'Unknown Dept')",0.00022935779816513763,0.0,0.12033229376535202,6.1753434211363535e-06,0.12744679196126163
"('7203588577', 'Unknown Dept')",0.00022935779816513763,0.0,0.13493021384582057,7.960764768043622e-06,0.1453170877587361
"('0023259000', 'LSA Mathematics')",0.00022935779816513763,0.0,0.12534498620055198,5.390881026172391e-05,0.1343824738252689
"('0019281000', 'Division of Biology')",0.0009174311926605505,0.0,0.10281079041690247,7.167074444471398e-07,0.10895206477353504
"('0019489001', 'Kansas Biological Survey')",0.00045871559633027525,0.0,0.10281079041690247,6.613709121479388e-07,0.10895206477353504
"('0013128000', 'EECS Department')",0.0006880733944954129,0.0,0.14727242019929065,0.00021960710316914464,0.160019895781498
"('6250016061', 'Math Computer Information Systems (MCIS')",0.0006880733944954129,0.0,0.12196486516728208,1.0879881002660904e-06,0.13048841608187917
"('6250016062', 'Business Admin/Info Sys Tech')",0.0006880733944954129,0.0,0.12196486516728208,1.0879881002660904e-06,0.13048841608187917
"('0010819000', 'Sustainable Engg & the Built Env')",0.0016055045871559634,0.019811430317977403,0.17507930771393004,0.0752432414083233,0.198850230427065
"('0037986000', 'Urban Design and Planning')",0.0016055045871559634,0.0,0.17205998421468036,0.023109860043788007,0.19181610693078546
"('0013508000', 'Center for Collaborative Conservation')",0.0009174311926605505,0.0,0.12464265294453973,2.918681769815873e-06,0.1349737746326049
"('0016162000', 'Computer Science')",0.00045871559633027525,0.00045871559633027525,0.09900090826521345,1.0932707882503957e-07,0.10445233142645739
"('0016162000', 'Computer Sciences')",0.00022935779816513763,0.0,0.09008450587822063,9.209517867527155e-09,0.09393528833610648
"('0013144000', 'CalIT2')",0.0006880733944954129,0.0,0.11064024158144492,1.6819929815255813e-07,0.11749061066161356
"('0022905000', 'NSCL/ Physics & Astronomy')",0.00022935779816513763,0.0,0.09269692781970873,9.260229808500715e-07,0.09633109696638201
"('7203594994', 'Unknown Dept')",0.0006880733944954129,0.0,0.14280567292260327,0.0004157340819166083,0.1542762707775515
"('0097055000', 'STEM+B')",0.0006880733944954129,0.0,0.14280567292260327,0.0004157340819166083,0.1542762707775515
"('0018697000', 'Ecology, Evolution,  Organismal Biology')",0.0009174311926605505,0.0,0.12744438923153373,2.586280431473292e-06,0.13809752015313945
"('0018697000', 'GDCB')",0.0009174311926605505,0.0,0.12744438923153373,2.586280431473292e-06,0.13809752015313945
"('0015982001', 'Department of Pathology')",0.0009174311926605505,0.0,0.12744438923153373,2.586280431473292e-06,0.13809752015313945
"('0014266000', 'School of Forestry and Env. Studies')",0.00022935779816513763,0.0,0.1222178617480518,2.5479236850119042e-06,0.1300445655262168
"('0040634000', 'Physics')",0.00022935779816513763,0.0,0.11466743812955317,0.0007147252463146751,0.12244503616923251
"('0027110000', 'ILR - Organizational Behavior')",0.0006880733944954129,0.0,0.10029213534837715,2.5562435767743274e-07,0.10489536896845598
"('0032896000', 'Computer Science & Engineering')",0.0006880733944954129,0.0,0.10029213534837715,2.5562435767743274e-07,0.10489536896845598
"('0021550000', 'Statistics')",0.00045871559633027525,0.0,0.1491057077391334,0.0004510540318461527,0.1614602901558163
"('0038950000', 'Department of Chemistry')",0.0009174311926605505,0.0,0.10875801342014019,1.347649060824371e-07,0.1147549437992288
"('0038950000', 'Chemical and Biological Engineering')",0.0013761467889908258,0.0009172207243896947,0.12202289328594218,1.3219403483392077e-06,0.13096624482805652
"('7203583249', 'Merck Research Laboratories')",0.00045871559633027525,0.0,0.10875801342014019,1.2415209451988056e-07,0.1147549437992288
"('0033290000', 'Agricultural and Biological Engineering')",0.00045871559633027525,0.0,0.10428626100267892,8.42508579136067e-08,0.10944884169317372
"('0025163000', 'Ind/Man Sys Engr & Truman School Pub Aff')",0.00045871559633027525,0.0,0.10428626100267892,8.42508579136067e-08,0.10944884169317373
"('0014266000', 'Economics')",0.00045871559633027525,0.00045871559633027525,0.12222471406144876,2.5660541405246174e-06,0.1301974707249936
"('0027078000', 'Business School')",0.00022935779816513763,0.0,0.10891559041742649,2.1560538267914997e-07,0.11423641584849624
"('0037986000', 'School of Computer Science and Engineeri')",0.0006880733944954129,0.0,0.16793775518064863,0.003921429841518461,0.1851366306985571
"('0022335000', 'Chemistry & Biochemistry')",0.0006880733944954129,0.0,0.08569182389937106,1.4096966757617561e-08,0.09049971401399894
"('0022335000', 'Physics')",0.0011467889908256881,0.0,0.08569182389937106,1.530354127974817e-08,0.09049971401399894
"('0010835000', 'School of Plant Sciences')",0.0009174311926605505,0.0,0.14267015706806283,0.00032528784116078084,0.15335343491880124
"('4102910000', 'Crop Germplasm Research Unit')",0.0009174311926605505,0.0,0.14267015706806283,0.00032528784116078084,0.15335343491880124
"('0039321000', 'Botany')",0.0009174311926605505,0.0,0.14267015706806283,0.00032528784116078084,0.15335343491880124
"('0013128000', 'Dept Landscape Architecture & Environmen')",0.00045871559633027525,0.0,0.13400129083812276,0.0003351501988786004,0.1440509640079589
"('0013128000', 'Social Science Matrix')",0.00045871559633027525,0.0,0.13400129083812276,0.0003351501988786004,0.14405096400795891
"('4012365000', 'SEEC')",0.0006880733944954129,0.0,0.16146354108802727,0.0033597786615493707,0.17829378699791518
"('0011403001', 'Unknown Dept')",0.00022935779816513763,0.0,0.11398096831538221,0.0008324184980421048,0.12196021708922977
"('0036756000', 'Electrical & Computer Engineering')",0.0006880733944954129,0.0,0.13973911092593186,0.0007448690562336885,0.15141055300458917
"('0036756000', 'J Willard Marriott Library')",0.0006880733944954129,0.0,0.13973911092593186,0.0007448690562336885,0.15141055300458917
"('0034488000', 'Integrated Information Technology')",0.00022935779816513763,0.0,0.10226819599840499,3.311242612603431e-07,0.10796260149383118
"('0019893001', 'Civil Engineering')",0.0006880733944954129,0.0,0.09398982495472967,6.43322111795405e-08,0.09954014406192546
"('0038158001', 'NRES')",0.0006880733944954129,0.0,0.09398982495472967,6.43322111795405e-08,0.09954014406192545
"('0019638000', 'Geosciences')",0.0006880733944954129,0.0,0.09398982495472967,6.43322111795405e-08,0.09954014406192543
"('0015370000', 'USF College of Marine Science')",0.0009174311926605505,0.0,0.1269730327916594,4.4103119018262965e-05,0.1354404745019629
"('7203578653', 'Unknown Dept')",0.0009174311926605505,0.0,0.1269730327916594,4.4103119018262965e-05,0.1354404745019629
"('7203596630', 'Unknown Dept')",0.0009174311926605505,0.0,0.1269730327916594,4.4103119018262965e-05,0.1354404745019629
"('0025205000', 'Mathematics')",0.00022935779816513763,0.0,0.09256507154685575,5.980104962168485e-08,0.09566701519190333
"('0025205000', 'Mathematics and Statistics')",0.00045871559633027525,0.00045871559633027525,0.10200500666775847,7.094334726699175e-07,0.106268210113324
"('0013706000', 'Finance')",0.0009174311926605505,0.0,0.1530522694562432,0.07022241520458468,0.17193142102545705
"('4025938000', 'School for the Future of Innovation in S')",0.0009174311926605505,0.0,0.1530522694562432,0.07022241520458468,0.1719314210254571
"('0036756000', 'Department of Computer Science')",0.00022935779816513763,0.0,0.1306288761722144,1.877104879880186e-05,0.13992434616861196
"('0018259000', 'College of Engineering')",0.00022935779816513763,0.0,0.15364014377334556,0.002261080899231077,0.16707709339589963
"('0014894000', 'College of Communication and Informatio')",0.00022935779816513763,0.0,0.07569575860692027,1.16889558981966e-11,0.07835944966164882
"('0029975000', 'Civil and Environmental Engineering')",0.0016055045871559634,0.0,0.11925275566860863,1.6569281242396285e-05,0.12827481937472437
"('0011080000', 'Industrial Engineering')",0.0016055045871559634,0.0,0.11925275566860863,1.6569281242396285e-05,0.12827481937472437
"('0029975000', 'Department of Electrical and Computer En')",0.0016055045871559634,0.0,0.11925275566860863,1.6569281242396285e-05,0.12827481937472437
"('5300005447', 'Computer Science')",0.0016055045871559634,0.0,0.11925275566860863,1.6569281242396285e-05,0.12827481937472437
"('0025692000', 'Civil and Environmental Engineering and')",0.0016055045871559634,0.0,0.11925275566860863,1.6569281242396285e-05,0.12827481937472437
"('0026575000', 'Jornada Experimental Range')",0.0006880733944954129,0.0,0.1290589941686647,0.021011249974874156,0.14151773048561975
"('0026575000', 'Plant and Environmental Sciences')",0.0006880733944954129,0.0,0.1290589941686647,0.021011249974874156,0.14151773048561975
"('0026575000', 'Biological Sciences')",0.0006880733944954129,0.0,0.1290589941686647,0.021011249974874156,0.14151773048561972
"('0018259000', 'Center for Instructional Excellence')",0.0006880733944954129,0.0,0.15933343078497295,0.0035233280974708847,0.17522351183474966
"('0023259000', 'LSA Physics')",0.00022935779816513763,0.0,0.1338449731389102,3.9421867349538695e-05,0.14383999706146175
"('0080010000', 'Disability and Human Development')",0.0006880733944954129,0.0,0.12941909822197156,8.43632590895991e-05,0.13812363202322064
"('0080010000', 'Disabilty and Human Development')",0.0006880733944954129,0.0,0.12941909822197156,8.43632590895991e-05,0.13812363202322064
"('7203586038', 'Unknown Dept')",0.00022935779816513763,0.0,0.1016980779996268,2.2821691413744628e-07,0.10662925502796507
"('0017756000', 'Electrical & Computer Engineering')",0.00022935779816513763,0.0,0.12949982178923608,1.3442217726146683e-05,0.13822328770048678
"('0036616000', 'Psychology')",0.0009174311926605505,0.0,0.10019994024774205,4.694947470208421e-08,0.10548354938144996
"('0036616000', 'Political Science and Public Administrat')",0.0009174311926605505,0.0,0.10019994024774205,4.694947470208421e-08,0.10548354938144995
"('0036616000', 'Department of Teacher Education')",0.0009174311926605505,0.0,0.10019994024774205,4.694947470208421e-08,0.10548354938144995
"('0036616000', 'Ctr for Institut Eval & Plan')",0.0009174311926605505,0.0,0.10019994024774205,4.694947470208421e-08,0.10548354938144995
"('0025650000', 'Computer Science and Engineering')",0.00022935779816513763,0.0,0.11807398580945676,1.235177983359731e-05,0.12577694126719305
"('5300004629', 'Unknown Dept')",0.0009174311926605505,0.0,0.12134368651025577,3.15295740456799e-05,0.1292984622074276
"('0019489001', 'Environmental Studies Program')",0.00022935779816513763,0.0,0.11781554840976032,2.9953838207545017e-06,0.12476733997848365
"('5300001173', 'NRS-6')",0.00022935779816513763,0.0,0.08099271808589686,2.247017192784477e-10,0.08390007556118734
"('5300012473', 'STEAM  and Advanced Manufacturing')",0.0011467889908256881,0.0,0.08857647847550941,1.0664487317299487e-08,0.09282506286602407
"('5300008811', 'Welding Technology')",0.0011467889908256881,0.0,0.08857647847550941,1.0664487317299487e-08,0.09282506286602407
"('0290080000', 'Unknown Dept')",0.0011467889908256881,0.0,0.08857647847550941,1.0664487317299487e-08,0.09282506286602407
"('0290080000', 'Training and Development')",0.0011467889908256881,0.0,0.08857647847550941,1.0664487317299487e-08,0.09282506286602407
"('0028944000', 'Biology, University of Rochester')",0.00022935779816513763,0.0,0.09864922958571849,5.813280384155813e-08,0.10319141378723572
"('0028944000', 'Department of Biology')",0.0009174311926605505,0.00045871559633027525,0.10944324514282845,6.926610214620356e-07,0.11604512533023671
"('0034140000', 'Electrical, Computer and Biomedical Eng.')",0.00045871559633027525,0.0,0.10852250099561928,7.270561072488985e-07,0.11517571508886144
"('0034140000', 'Computer Science and Statistics')",0.00045871559633027525,0.0,0.10852250099561928,7.270561072488985e-07,0.11517571508886144
"('0031237000', 'Chemical, Biomolecular and Corrosion Eng')",0.0009174311926605505,0.0,0.11801006874898501,1.6373392185627273e-06,0.12688281465416482
"('0029132000', 'Engineering')",0.0009174311926605505,0.0,0.11801006874898501,1.6373392185627273e-06,0.12688281465416482
"('0032383000', 'Electrical Engineering')",0.0009174311926605505,0.0,0.11801006874898501,1.6373392185627273e-06,0.12688281465416482
"('0030056000', 'Department of Chemistry')",0.0009174311926605505,0.0,0.10316108271815257,1.8647208914429252e-07,0.10878577385542243
"('0030056000', 'EERC')",0.0009174311926605505,0.0,0.10316108271815257,1.8647208914429252e-07,0.10878577385542244
"('0031252000', 'Department of Geography')",0.0006880733944954129,0.0,0.09626849194082579,1.0942831343691511e-07,0.10061847654834968
"('0031252000', 'Department of Anthropology')",0.0006880733944954129,0.0,0.09626849194082579,1.0942831343691511e-07,0.10061847654834963
"('0036582000', 'Art and Art History')",0.0006880733944954129,0.0,0.09626849194082579,1.0942831343691511e-07,0.10061847654834968
"('0038950000', 'Biochemistry')",0.0006880733944954129,0.0,0.13947090624100317,1.3224933416659926e-05,0.15324957789407256
"('0014183000', 'Molecular Biology and Biophysics')",0.0006880733944954129,0.0,0.13947090624100317,1.3224933416659926e-05,0.15324957789407256
"('0036756000', 'University of Utah Seismograph Stations')",0.00022935779816513763,0.0,0.12522618261194243,1.1943210064216641e-05,0.1334863884204478
"('P270051784', 'Unknown Dept')",0.00022935779816513763,0.0,0.09327400308060928,8.22254550700079e-09,0.09699707522297633
"('0034017000', 'Cognitive & Psychological Sciences')",0.0009174311926605505,0.00045871559633027525,0.10286658015807479,9.763333047708238e-08,0.10820045537931695
"('0010512000', 'Physics and Astronomy')",0.00022935779816513763,0.0,0.11535612234098847,7.296062104654094e-06,0.1223285625225042
"('0034140000', 'Fisheries, Animals & Vet. Sci')",0.00045871559633027525,0.0,0.08869360022783677,2.052368254461669e-09,0.09383716094292761
"('0032896000', 'Civil Engineering')",0.00045871559633027525,0.0,0.09137587760662265,7.965645015354683e-09,0.09541075721797762
"('0032896000', 'Department of Civil Engineering')",0.00045871559633027525,0.0,0.09137587760662265,7.965645015354683e-09,0.09541075721797762
"('0036301000', 'Chemical Engineering')",0.0006880733944954129,0.0,0.10362694300518134,4.88054779435442e-07,0.11054016909740577
"('0036301000', 'College of Education')",0.0006880733944954129,0.0,0.10362694300518134,4.88054779435442e-07,0.11054016909740579
"('0290825000', 'Chemistry & Physics')",0.0009174311926605505,0.0,0.08997482355854554,4.80398710284535e-09,0.0947071584467178
"('0037499000', 'Chemistry and Biochemistry')",0.0009174311926605505,0.0,0.08997482355854554,4.80398710284535e-09,0.0947071584467178
"('0290825000', 'Division of Science and Mathematics')",0.0009174311926605505,0.0,0.08997482355854554,4.80398710284535e-09,0.09470715844671783
"('0290825000', 'DSAM')",0.0009174311926605505,0.0,0.08997482355854554,4.80398710284535e-09,0.09470715844671784
"('0030650000', 'Physics')",0.00045871559633027525,0.0,0.12248567254747725,1.324856143002219e-05,0.13031102953306822
"('6250000933', 'Department of Physical Sciences')",0.00045871559633027525,0.0,0.12248567254747725,1.324856143002219e-05,0.1303110295330682
"('0001057000', 'Electrical & Computer Engineering')",0.0009174311926605505,0.0,0.15344548462025762,0.00023888975082943844,0.16812441922246876
"('0001057000', 'Materials Science & Engineering')",0.0009174311926605505,0.0,0.15344548462025762,0.00023888975082943844,0.16812441922246876
"('0029744000', 'Statistics & Operations Research')",0.00022935779816513763,0.0,0.09713929239818198,2.1471696828954615e-08,0.1018726510734916
"('0016105000', 'Department of Mechanical Engineering')",0.00022935779816513763,0.0,0.12326830647441335,8.773461694871511e-06,0.13359913732232212
"('0010090000', 'Engineering Administration')",0.0009174311926605505,0.0,0.11654949343740811,3.2200016018897104e-07,0.1258126987990714
"('0291021000', 'Unknown Dept')",0.00022935779816513763,0.0,0.10975179982882746,8.101561251999115e-07,0.11650679266167545
"('7203577511', 'Unknown Dept')",0.00045871559633027525,0.0,0.10587406813821908,2.021443652236573e-07,0.11166315006573889
"('0029728000', 'Department of Psychology')",0.00045871559633027525,0.0,0.10587406813821908,2.021443652236573e-07,0.1116631500657389
"('4002995000', 'Plant Conservation and Science')",0.0006880733944954129,0.0,0.10555622805955696,5.23104638462159e-07,0.11111691295227952
"('4002995000', 'Plant Biology and Conservation')",0.0006880733944954129,0.0,0.10555622805955696,5.23104638462159e-07,0.11111691295227955
"('4002995000', 'Unknown Dept')",0.0006880733944954129,0.0,0.10555622805955696,5.23104638462159e-07,0.11111691295227955
"('0037549000', 'Business Information Technology')",0.0006880733944954129,0.0,0.13159086107506113,0.00032704287159702496,0.1412196627276903
"('0037499000', 'Information Sciences and Technology')",0.0006880733944954129,0.0,0.13159086107506113,0.00032704287159702496,0.14121966272769026
"('0037549000', 'Fisheries and Wildlife Sciences')",0.0006880733944954129,0.0009172207243896947,0.14932529625316804,0.0014401870577379888,0.16304264351856018
"('4025938000', 'Wharton School')",0.0006880733944954129,0.0,0.12728440474105213,0.0007288153088829458,0.1374678319259734
"('0013128000', 'Agricultural and Resource Economics and')",0.0006880733944954129,0.0,0.12728440474105213,0.0007288153088829458,0.1374678319259734
"('4025938000', 'Agricultural and Resource Economics')",0.0006880733944954129,0.0,0.12728440474105213,0.0007288153088829458,0.1374678319259734
"('0035303000', 'Freshman Engineering Programs--Engineeri')",0.00045871559633027525,0.0,0.10033829655029572,6.90127551187837e-07,0.10589351536362937
"('0035303000', 'Theory and Practice in Teacher Education')",0.00045871559633027525,0.0,0.10033829655029572,6.90127551187837e-07,0.10589351536362934
"('0013177000', 'Linguistics')",0.00045871559633027525,0.0,0.1331053852729271,2.23549956929472e-05,0.14397853643553138
"('0027110001', 'Dept of Plant Breeding Statutory')",0.0016055045871559634,0.0,0.14316674328495435,0.00021515656760359993,0.15580216133255062
"('4201968000', 'Department of Biology')",0.0016055045871559634,0.0,0.14316674328495435,0.00021515656760359993,0.15580216133255062
"('0027110000', 'School or Integrative Plant Science')",0.0016055045871559634,0.0,0.14316674328495435,0.00021515656760359993,0.15580216133255062
"('0010835000', 'Plant Sciences')",0.0016055045871559634,0.0,0.14316674328495435,0.00021515656760359993,0.15580216133255062
"('0037986000', 'Industrial and Systems Engineering')",0.00022935779816513763,0.0,0.15010155954143284,0.002137881714321425,0.1633101932471189
"('0036582000', 'Chemical Engineering')",0.0011467889908256881,0.0,0.09731273993393447,9.298363749528761e-08,0.10185747157697676
"('0036582000', 'Ctr for Energy & Environmental Resources')",0.0006880733944954129,0.0,0.09731273993393447,8.580175229798442e-08,0.10185747157697676
"('7203578838', 'Unknown Dept')",0.0006880733944954129,0.0,0.09731273993393447,8.580175229798442e-08,0.10185747157697678
"('0037549000', 'Fish and Wildlife Conservation')",0.00045871559633027525,0.0,0.12993205388008106,0.00013164385604312942,0.13858262246163575
"('0037549000', 'Mathematics')",0.00045871559633027525,0.0,0.12993205388008106,0.00013164385604312942,0.13858262246163575
"('0021782000', 'Nuclear Sci Eng and Materials Sci Eng')",0.00045871559633027525,0.0,0.14487937794909284,0.0004437869933454372,0.15575127821974105
"('0021782000', 'Nuclear Science & Engineering')",0.00045871559633027525,0.0,0.14487937794909284,0.0004437869933454372,0.15575127821974105
"('0036327000', 'Electrical and Computer Engineering')",0.00022935779816513763,0.0,0.1165370325822575,4.992437811848853e-06,0.12343904989445992
"('0023259000', 'CSHPE')",0.00045871559633027525,0.0,0.14331262531637248,0.0006302400982097678,0.15541066540493081
"('7203585450', 'Unknown Dept')",0.00022935779816513763,0.0,0.12584062112159783,7.778582870460905e-05,0.1338667757446425
"('0036756000', 'Graduate School')",0.00022935779816513763,0.0,0.11316445182724252,1.4818803293592718e-06,0.11917367405410356
"('0020107000', 'Comp. Biomed. Sci.')",0.00022935779816513763,0.0,0.13760020198194786,0.0002687553282610614,0.14727073576270752
"('0038273000', 'Department of Chemistry')",0.00022935779816513763,0.0,0.10458143439673782,7.450686266424356e-08,0.10982297273767032
"('P269947661', 'Unknown Dept')",0.00045871559633027525,0.0,0.13014536879496136,5.3782800088066317e-05,0.1411208380349637
"('0034488000', 'Department of Geography')",0.0009174311926605505,0.0,0.1258769523919508,2.678162329934068e-06,0.1353130971010759
"('0025684000', 'Department of Civil and Environmental En')",0.0009174311926605505,0.0,0.1258769523919508,2.678162329934068e-06,0.1353130971010759
"('0010835000', 'Geography')",0.0006880733944954129,0.0,0.10823961669273355,3.0119081853183284e-06,0.1140018028794661
"('0013714000', 'Geography and the Environment')",0.0006880733944954129,0.0,0.10823961669273355,3.0119081853183284e-06,0.1140018028794661
"('0014266000', 'Peabody Museum of Natural History')",0.0006880733944954129,0.0,0.12223842099360771,3.0963938847092363e-06,0.13040771537331164
"('0013144000', 'Civil & Env. Engineering')",0.00022935779816513763,0.0,0.11539275883972051,4.914994318852573e-06,0.12161746179032301
"('7203586095', 'Unknown Dept')",0.00022935779816513763,0.0,0.11657754010695187,7.616687760195839e-06,0.12297124616404143
"('0027110000', 'Economics')",0.00022935779816513763,0.0,0.09116570831155253,3.593418205484977e-08,0.09454770605089378
"('0011551001', 'Physics')",0.00022935779816513763,0.0,0.11207073822743163,1.6457982594678914e-06,0.11808457354092733
"('0014282000', 'Academic Affairs')",0.0006880733944954129,0.0,0.10752953362764199,6.338220616264392e-07,0.11291859973389766
"('0014282000', 'Biology')",0.0011467889908256881,0.0,0.10752953362764199,6.873491629267248e-07,0.11291859973389766
"('0014282000', 'Psychology')",0.0006880733944954129,0.0,0.10752953362764199,6.338220616264392e-07,0.11291859973389767
"('0023887000', 'Civil Engineering')",0.00022935779816513763,0.0,0.12330316742081449,0.0002024367563555314,0.13236582043533557
"('0035220000', 'TIGER Institute')",0.0011467889908256881,0.0,0.1541834641770988,0.000830918768721542,0.16835491884517031
"('0015511000', 'Research and Sponsored Programs')",0.0011467889908256881,0.0,0.1541834641770988,0.000830918768721542,0.16835491884517031
"('0034900000', 'department of life and physical sciences')",0.0011467889908256881,0.0,0.1541834641770988,0.000830918768721542,0.1683549188451703
"('0025320000', 'Department of Earth Sciences')",0.0009174311926605505,0.0,0.0959042716994413,9.77970304730259e-08,0.1004997218033491
"('0025320000', 'Unknown Dept')",0.0006880733944954129,0.009134322955142897,0.09594648122881916,9.084835381630401e-08,0.10090655885009435
"('4025938000', 'Yale School of Management')",0.00045871559633027525,0.0,0.13332925598605547,0.00010330571302900452,0.1427159054929896
"('0013706000', 'CEA Engineering')",0.0011467889908256881,0.008759852830248962,0.12435824301197947,7.0428811225341185e-06,0.13396806928006366
"('0010827000', 'Health Sciences')",0.00045871559633027525,0.0,0.13280940631758506,4.101801081596856e-05,0.14393377073996305
"('6250015197', 'Unknown Dept')",0.00022935779816513763,0.0,0.11923971010529194,1.8371111206644307e-06,0.12781131148862535
"('P270054595', 'Unknown Dept')",0.00022935779816513763,0.0,0.11681804785253061,3.4003815971948286e-05,0.12329510330842612
"('0018408000', 'Mendoza College of Business')",0.00022935779816513763,0.0,0.12435469610108098,1.9069376503670502e-06,0.13337435286875418
"('0021782000', 'Comp Sci and Artificial Intelligence Lab')",0.00022935779816513763,0.0,0.13190536697525262,6.503280948872651e-05,0.14099850869059588
"('0029728000', 'Department of Marine, Earth and Atmosphe')",0.00045871559633027525,0.0,0.09894249534788727,1.6203256317476538e-07,0.10418327607544012
"('0029728000', 'Marine Earth and Atmospheric Sciences')",0.0009174311926605505,0.0,0.09894249534788727,1.7579871116088783e-07,0.1041832760754401
"('0029728000', 'Computer Science')",0.0006880733944954129,0.001833599575695966,0.11669923181927679,7.807185483723097e-06,0.12469530001538838
"('0026211000', 'Center for Solar-Terrestrial Research')",0.00022935779816513763,0.0,0.09921944336982,4.674426761562194e-08,0.10334525444006311
"('0036525000', ""Dean's Office"")",0.0009174311926605505,0.0,0.13227352709180268,1.996866027250938e-05,0.14165280597333313
"('0036327000', 'Economics')",0.0009174311926605505,0.0,0.13227352709180268,1.996866027250938e-05,0.1416528059733331
"('0001479000', 'College of Public Policy')",0.0009174311926605505,0.0,0.13227352709180268,1.996866027250938e-05,0.1416528059733331
"('0013128000', 'Environmental Science, Policy & Managem')",0.0009174311926605505,0.0,0.11009822984268074,6.791711996311702e-07,0.11642538378827415
"('0013128000', 'Department of Mechanical Engineering')",0.0009174311926605505,0.0,0.11009822984268074,6.791711996311702e-07,0.11642538378827413
"('0013128000', 'Plant and Microbial Biology Department')",0.0009174311926605505,0.0,0.11009822984268074,6.791711996311702e-07,0.11642538378827415
"('5300010311', 'Unknown Dept')",0.0009174311926605505,0.0,0.11009822984268074,6.791711996311702e-07,0.11642538378827415
"('0015982000', 'Department of Political Science')",0.00022935779816513763,0.0,0.13234579893152015,5.5680754380458026e-05,0.14261142654491224
"('7203585485', 'Unknown Dept')",0.00022935779816513763,0.0,0.10033598748101441,6.315542069005382e-07,0.1057788364645468
"('0017392000', 'Department of Earth and Planetary Scienc')",0.0006880733944954129,0.0,0.13332925598605547,0.0002773409957766004,0.14266249264242362
"('0017400000', 'Medical Social Sciences')",0.0006880733944954129,0.0,0.13332925598605547,0.0002773409957766004,0.14266249264242362
"('5300016183', 'School of Biological Sciences')",0.00022935779816513763,0.0,0.11220051982809645,2.4040115076289976e-07,0.11827840896361441
"('6250036692', 'Marine Sciences and Engineering')",0.0006880733944954129,0.0,0.13167431746798744,2.1574841518554696e-05,0.14208615989005874
"('0032102000', 'COMES')",0.0006880733944954129,0.0,0.13167431746798744,2.1574841518554696e-05,0.14208615989005874
"('4305910000', 'High School Linked Learning Office')",0.00022935779816513763,0.0,0.10679992161473643,1.1003723510818459e-06,0.11231744439076974
"('0035998000', 'Department of Physics')",0.0009174311926605505,0.0,0.10125406409660938,6.77542557077739e-07,0.10747883822644115
"('0022905000', 'Epidemiology & Biostatistics')",0.0009174311926605505,0.0,0.08256481148332608,8.097194871170034e-10,0.08668055551831143
"('0038950000', 'Department of Agronomy')",0.0009174311926605505,0.0,0.08256481148332608,8.097194871170034e-10,0.08668055551831147
"('0038950000', 'Agronomy')",0.0009174311926605505,0.0,0.08256481148332608,8.097194871170034e-10,0.08668055551831143
"('7203585737', 'Unknown Dept')",0.0009174311926605505,0.0,0.08256481148332608,8.097194871170034e-10,0.08668055551831143
"('6250011296', 'Unknown Dept')",0.0009174311926605505,0.0,0.11859105127158982,4.0002043413117876e-06,0.12694982642230335
"('P269666084', 'Unknown Dept')",0.00045871559633027525,0.0,0.11859105127158982,3.689582374179915e-06,0.12694982642230335
"('0017392000', 'Medill School')",0.0013761467889908258,0.0009172207243896947,0.1345388342024871,3.9871414894075853e-05,0.1477558157948062
"('0013482000', 'Mining Engineering Kroll Institute for E')",0.00045871559633027525,0.0,0.10754014256468442,2.9393772646292937e-06,0.1136465725304402
"('0037499000', 'Krasnow')",0.00045871559633027525,0.0,0.14162281556551679,0.0003375860157010902,0.15349553288200043
"('0037499000', 'Bioengineering')",0.00045871559633027525,0.0,0.14162281556551679,0.0003375860157010902,0.1534955328820004
"('0022210000', 'Dept Environmental Conservation')",0.0009174311926605505,0.0,0.12992818189945465,0.023622780589862207,0.14274605554995395
"('0001024000', 'Biology')",0.0009174311926605505,0.0,0.12992818189945465,0.023622780589862207,0.14274605554995393
"('0013128000', 'Department of Environmental Science, Pol')",0.0009174311926605505,0.0,0.12992818189945465,0.023622780589862207,0.14274605554995393
"('0010819000', 'Criminal Justice & Criminology')",0.00045871559633027525,0.0,0.12294850826236535,6.017028687848563e-06,0.13047930099147745
"('0013169000', 'School of Public Policy')",0.00045871559633027525,0.0,0.12294850826236535,6.017028687848563e-06,0.13047930099147745
"('0030908000', 'Evolution, Ecology & Organismal Biology')",0.00022935779816513763,0.0,0.1284241531664212,1.7275304065507622e-05,0.13943134506106708
"('0014894000', 'Department of Physics')",0.00022935779816513763,0.0,0.08238072744449693,5.640062170853719e-10,0.08611990078283935
"('0032102000', 'Wood Science and Engineering')",0.00045871559633027525,0.0,0.13960487976689828,0.000796360671281303,0.15095702176264034
"('0037986000', 'School of Aquatic and Fishery Sciences')",0.00045871559633027525,0.0,0.1452607029818424,0.000378244644540749,0.15724777929766362
"('0014316000', 'Chemical Engineering')",0.00022935779816513763,0.0,0.11184649325329639,5.740895473840206e-07,0.11828762418549174
"('0028944000', 'Anthropology')",0.00022935779816513763,0.0,0.10823155595273558,7.8278753483887e-07,0.1134008583709712
"('0027078000', 'Camborne School of Mines')",0.00045871559633027525,0.0,0.1421399230618765,5.606916389043226e-05,0.15545068877350943
"('0025650000', 'Architectural Engineering')",0.0009174311926605505,0.0,0.12111111111111111,5.086752051541578e-05,0.13046112303853025
"('0025650000', 'Durham School of Architectural Engineeri')",0.0009174311926605505,0.0,0.12111111111111111,5.086752051541578e-05,0.13046112303853025
"('0034256000', 'College of Architecture, Art, and Constr')",0.0009174311926605505,0.0,0.12111111111111111,5.086752051541578e-05,0.13046112303853027
"('5300008543', 'IEN')",0.0009174311926605505,0.0,0.1311435962221019,0.010227520592739438,0.14334477067275178
"('0015693000', 'Electrical and Computing Engineering')",0.0009174311926605505,0.0,0.1311435962221019,0.010227520592739438,0.14334477067275178
"('0015693000', 'Institute for Electronics and Nanotechno')",0.0013761467889908258,0.0,0.1311435962221019,0.011082869884721652,0.1433447706727518
"('0022301000', 'Department of Biology')",0.00045871559633027525,0.0,0.12100019426636695,7.004033616388444e-06,0.12864752156609946
"('0027078000', 'Department of Mathematics, Columbia Univ')",0.00022935779816513763,0.0,0.11057850820462096,5.9377673010781684e-06,0.1174557299074961
"('0027078000', 'Department of Mathematics')",0.00045871559633027525,0.00045871559633027525,0.12432278300541774,7.099133551932245e-05,0.13491016415227136
"('0036566000', 'Department of Chemistry and Biochemistry')",0.0006880733944954129,0.0,0.10619641465315667,9.12789641583951e-07,0.11145851197507121
"('0017400000', 'Materials Science and Engineering')",0.0009174311926605505,0.00045871559633027525,0.1061990013396663,9.187488431843502e-07,0.11157319087415378
"('0021303000', 'Information Systems')",0.0006880733944954129,0.0,0.11418993242889319,1.2599903518763935e-06,0.12192508350242391
"('0021303000', 'Mathematics and Statistics')",0.0006880733944954129,0.0,0.11418993242889319,1.2599903518763935e-06,0.12192508350242391
"('0029975000', 'Agricultural and Biosystems Engineering')",0.0006880733944954129,0.0,0.11678362886377029,9.66293837484153e-06,0.12447570055266978
"('0029975000', 'Computer Science')",0.0006880733944954129,0.0,0.11678362886377029,9.66293837484153e-06,0.12447570055266981
"('0029975000', 'Industrial & Manufacturing Engineering')",0.0006880733944954129,0.0,0.11678362886377029,9.66293837484153e-06,0.12447570055266978
"('0031849000', 'Information Technology/Engineering')",0.00045871559633027525,0.0,0.12833720896005651,0.001128348977741407,0.13834262195500663
"('0049544000', 'PM&R')",0.00022935779816513763,0.0,0.10519712396853738,1.7025798368778126e-07,0.11038704772396589
"('0037549000', 'Via Department of Civil and Environmenta')",0.00022935779816513763,0.0,0.1493048421341004,0.0014181309902682921,0.16273683312100667
"('4091876000', 'Merit Research')",0.0009174311926605505,0.0,0.13482590141629044,1.0122155001641365e-05,0.1456513979626835
"('4091876000', 'Infrastructure Strategy and Research')",0.0009174311926605505,0.0,0.13482590141629044,1.0122155001641365e-05,0.1456513979626835
"('0013284000', 'ISI Internet and Networked Division')",0.0009174311926605505,0.0,0.13482590141629044,1.0122155001641365e-05,0.1456513979626835
"('0032896000', 'Physics')",0.0006880733944954129,0.0,0.13897300226309248,9.813468947308779e-05,0.1505099813203222
"('0029769000', 'Physics and Astronomy')",0.0006880733944954129,0.0,0.13897300226309248,9.813468947308779e-05,0.15050998132032223
"('7203589944', 'Unknown Dept')",0.00022935779816513763,0.0,0.10598473430891146,1.814402318533453e-07,0.1112836533856488
"('0020776000', 'Departments of Mechanical Engineering')",0.0009174311926605505,0.0,0.12384956254971026,3.620947137742618e-06,0.13385847280679966
"('0020776000', 'Department of Computer Science')",0.0009174311926605505,0.0,0.12384956254971026,3.620947137742618e-06,0.13385847280679966
"('0026575000', 'Water Resources Research Institute')",0.0006880733944954129,0.0,0.13643333229026505,3.0144787749227775e-05,0.14921382675683037
"('7203585870', 'Unknown Dept')",0.00045871559633027525,0.0,0.09108000835596407,7.1420979072953584e-09,0.09608643344107681
"('7203578861', 'Educational Technology & Leadership')",0.0011467889908256881,0.0,0.11956342894751275,1.7789605091817413e-05,0.12803267110505348
"('7203578861', 'ISTEAM')",0.0011467889908256881,0.0,0.11956342894751275,1.7789605091817413e-05,0.1280326711050535
"('7203578861', 'College of Science')",0.0011467889908256881,0.0,0.11956342894751275,1.7789605091817413e-05,0.12803267110505348
"('6250010758', 'Programs and Partnerships')",0.0011467889908256881,0.0,0.11956342894751275,1.7789605091817413e-05,0.12803267110505348
"('7203578861', 'Professional Learning & Instructional Su')",0.0011467889908256881,0.0,0.11956342894751275,1.7789605091817413e-05,0.12803267110505348
"('0032102000', 'Oceanic / Atmo Sciences')",0.00045871559633027525,0.0,0.11677424538661381,3.8184568877901e-06,0.1234882867814257
"('4006250000', 'Unknown Dept')",0.0009174311926605505,0.0,0.11677424538661381,4.139057119541552e-06,0.1234882867814257
"('0026575000', 'Computer Science')",0.0006880733944954129,0.010951085069170398,0.14290864990658494,3.892246863368394e-05,0.15604542374037703
"('7203586498', 'Institute of Logic and Computation')",0.00045871559633027525,0.0,0.1427963187371041,3.865226846452288e-05,0.15537646349572873
"('0011510000', 'Department of Chemistry and Biochemistry')",0.00045871559633027525,0.0,0.08636741808961611,1.9712729375490215e-09,0.08983214869751796
"('0014266000', 'Molecular, Cellular  and Developmental B')",0.00022935779816513763,0.0,0.1089319175515303,2.2129879064700242e-07,0.11440843419712012
"('0027078000', 'Applied Physics & Applied Math')",0.00022935779816513763,0.0,0.12711740867080673,1.664539750224137e-05,0.1360474813120859
"('6250035397', 'Institute of Biology, Behavioural Ecolog')",0.00045871559633027525,0.0,0.09527763816350167,4.219498023327027e-08,0.09931237920753301
"('0015420000', 'Psychology')",0.0006880733944954129,0.0,0.08851893208811289,2.678324907865807e-09,0.09327485663867409
"('0034231000', 'Psychology')",0.0006880733944954129,0.0,0.08851893208811289,2.678324907865807e-09,0.09327485663867409
"('0013268000', 'Dept. of Chemistry & Biochemistry')",0.00022935779816513763,0.0,0.09995414947271894,3.57053568324965e-07,0.10477685233066593
"('0014894000', 'Applied Superconductivity Center')",0.00022935779816513763,0.0,0.08238072744449693,5.640062170853719e-10,0.08611990078283935
"('0027086000', 'Dept. of Environmental Science')",0.00022935779816513763,0.0,0.1301337153772684,4.371232724701086e-05,0.14092970653649275
"('0001289000', 'Integrative Biology')",0.00045871559633027525,0.0,0.12293464162860204,8.901270902494626e-07,0.13215649802991258
"('0032375000', 'Anthropology')",0.00022935779816513763,0.0,0.11857492521076965,9.099203679165748e-06,0.1253043994404286
"('0039545000', 'Educational and Human Sciences')",0.0009174311926605505,0.0,0.13449733164697536,9.511118455152032e-05,0.14467185942243244
"('0036582000', 'Civil, Architectural and Environmental E')",0.00022935779816513763,0.0,0.13768276123409226,1.2356836643421406e-05,0.14907050359171845
"('0037549000', 'Construction Engineering and Mngmt')",0.00045871559633027525,0.0,0.126585953604506,0.00014216997849597572,0.13522474722016
"('0037549000', 'Department of Mechanical Engineering')",0.00045871559633027525,0.0,0.126585953604506,0.00014216997849597572,0.13522474722016
"('6250012346', 'Research & Development')",0.00045871559633027525,0.0,0.1295575431610852,1.6857000998550575e-05,0.14015193978834
"('0080010000', 'Unknown Dept')",0.00022935779816513763,0.0,0.12024932428705389,2.6408429736855547e-06,0.12703564697729566
"('0026294000', 'Department of Geography')",0.0009174311926605505,0.0,0.11595744680851064,1.3936149773719458e-06,0.1236566992176131
"('0014175000', 'Marine Sciences')",0.0009174311926605505,0.0,0.11595744680851064,1.3936149773719458e-06,0.1236566992176131
"('7203587256', 'Unknown Dept')",0.0009174311926605505,0.0,0.11595744680851064,1.3936149773719458e-06,0.1236566992176131
"('7203586504', 'Colorado Parks and Wildlife')",0.00022935779816513763,0.0,0.12504301938740392,7.4278131613026e-06,0.13358782240949651
"('0017756000', 'Department of Mechanical Science and Eng')",0.0006880733944954129,0.0,0.143373890167708,0.00045460082941886274,0.15591293199664674
"('0013144000', 'Economics')",0.00022935779816513763,0.0,0.12727697337692667,0.0006069057475149084,0.13723847412780824
"('0037549000', 'Bradley Department of Electrical and Com')",0.00022935779816513763,0.0,0.11211396538867031,4.049732284429602e-06,0.11835761853874296
"('0032235000', 'Computer Science')",0.0009174311926605505,0.0,0.12666686034688127,6.280130257021478e-05,0.13632601384793766
"('0032235000', 'Information Service')",0.0009174311926605505,0.0,0.12666686034688127,6.280130257021478e-05,0.13632601384793766
"('0032235000', 'Information Security Office')",0.0009174311926605505,0.0,0.12666686034688127,6.280130257021478e-05,0.13632601384793766
"('0010827000', 'School of Earth Sci. & Env. Sustain.')",0.00022935779816513763,0.0,0.11560387113880419,6.1905452250250115e-06,0.12301078476823846
"('0013144000', 'California Alliance for Minority Partici')",0.0009174311926605505,0.0,0.105075432592664,6.059748062337211e-07,0.1110218835213756
"('0013144000', 'Physics and Astronomy')",0.0011467889908256881,0.0052942758201766455,0.11622947323523139,5.141173328287732e-06,0.12391378677013432
"('0013144000', 'Chicano/Latino Studies')",0.0009174311926605505,0.0,0.105075432592664,6.059748062337213e-07,0.11102188352137561
"('0027078000', 'Department of Earth and Environ. Science')",0.0011467889908256881,0.0,0.13114754098360656,1.5248975729462346e-05,0.1415904543341464
"('0021626000', 'Knapp Center for Biomedical Discovery')",0.0011467889908256881,0.0,0.13114754098360656,1.5248975729462346e-05,0.1415904543341464
"('0036152000', 'Chemistry and Biochemistry')",0.0011467889908256881,0.0,0.13523573200992556,2.1598813247350296e-05,0.1466517329809962
"('0036152000', 'Physics')",0.0006880733944954129,0.0,0.13523573200992556,1.9925237384802285e-05,0.1466517329809962
"('0117119000', 'College of Science and Engineering')",0.0006880733944954129,0.0,0.13523573200992556,1.9925237384802285e-05,0.1466517329809962
"('5300008543', 'Earth and Atmospheric Sciences')",0.00022935779816513763,0.0,0.12507530336498465,1.088014666455751e-05,0.13354703177810956
"('0037499000', 'College of Education and Human Developme')",0.0009174311926605505,0.0,0.14542543610953604,0.0009535356594077442,0.15843973177688703
"('0037283001', 'Teaching & Learning')",0.0009174311926605505,0.0,0.14542543610953604,0.0009535356594077442,0.15843973177688708
"('0016261000', 'Biological Sciences')",0.00045871559633027525,0.0,0.10477746803806594,8.392192566139912e-07,0.11010880127579029
"('0037986000', 'Allen School of Computer Science and Eng')",0.00022935779816513763,0.0,0.09351808159238129,6.27993322017572e-08,0.09724642419508459
"('0016105000', 'Dept. of Civil and Environmental Eng.')",0.0006880733944954129,0.0,0.12969242667618539,2.2753979873766596e-05,0.14125873594235658
"('0016105000', 'Department of Psychology')",0.0006880733944954129,0.0,0.12969242667618539,2.2753979873766596e-05,0.1412587359423566
"('0010579000', 'Leadership and Teacher Education')",0.0006880733944954129,0.0,0.09598238855255917,1.5836779271560586e-08,0.10069985624272415
"('0017749000', 'Enrico Fermi Institute')",0.00022935779816513763,0.0,0.11025971726980754,2.6796313286103134e-07,0.11630277752393806
"('0017392000', 'Material Science and Engineering')",0.00022935779816513763,0.0,0.1333088729896655,0.0002305682299319804,0.1423375690950231
"('0014878000', 'Marine Science')",0.0011467889908256881,0.00045871559633027525,0.12585515111277892,9.198587405580276e-06,0.1337801323294441
"('0026633000', 'Biological Sciences')",0.0006880733944954129,0.0,0.11488801054018445,9.118857178753329e-05,0.1227575536721177
"('0026633000', 'Museum of Southwest Biology')",0.0006880733944954129,0.0,0.11488801054018445,9.118857178753329e-05,0.12275755367211767
"('0013052000', 'Electrical Engineering')",0.00045871559633027525,0.001833599575695966,0.11397202980002615,8.374672392667096e-06,0.1224733269893141
"('0017392000', 'Institute for BioNanotechnology in Med')",0.00022935779816513763,0.0,0.09600563702822917,7.701671647014091e-08,0.09972777211052582
"('0017749000', 'Mathematics and Computer Science Divisio')",0.00045871559633027525,0.0,0.11260330578512397,7.35029228217917e-07,0.11961012813414229
"('0017749000', 'Computation Institute')",0.00045871559633027525,0.0,0.11260330578512397,7.35029228217917e-07,0.11961012813414229
"('0036582000', 'Electrical & Computer Engineering')",0.00022935779816513763,0.0,0.12721013012779367,3.2059533232002565e-06,0.13648888359796352
"('0028357000', 'College of Emergency Preparedness, Homel')",0.00022935779816513763,0.0,0.08995440384575708,5.43193207339565e-09,0.09439762761771496
"('7203583634', 'Unknown Dept')",0.0006880733944954129,0.0,0.12045529892805835,2.852808942743113e-05,0.12890560711998908
"('7203583515', 'Unknown Dept')",0.0006880733944954129,0.0,0.12045529892805835,2.852808942743113e-05,0.12890560711998908
"('0010819000', 'School of Sustainable Engineering and Th')",0.0009174311926605505,0.0,0.13232571549971167,3.470061774636349e-05,0.14276148395886598
"('0031849000', 'Geography & Environmental Sustainability')",0.0009174311926605505,0.0,0.12269248086447546,4.270503137212425e-05,0.13003486447293744
"('0036327040', 'Wildlife and Fisheries Sciences')",0.0009174311926605505,0.0,0.12269248086447546,4.270503137212425e-05,0.13003486447293744
"('0021394000', 'George Perkins Marsh Institute')",0.0009174311926605505,0.0,0.12269248086447546,4.270503137212425e-05,0.13003486447293744
"('0031849000', 'Psychology')",0.0009174311926605505,0.0,0.12269248086447546,4.270503137212425e-05,0.13003486447293744
"('0014266000', 'Applied Physics')",0.0006880733944954129,0.0,0.1074420896993593,1.0071717623579779e-06,0.11342293778731169
"('0014266000', 'Yale Quantum Institute')",0.0006880733944954129,0.0,0.1074420896993593,1.0071717623579779e-06,0.11342293778731168
"('0026633000', 'Mechanical Engineering Department')",0.00022935779816513763,0.0,0.12363182668859525,1.4463449452055642e-06,0.1324618351195184
"('0028340001', 'Chemistry')",0.00022935779816513763,0.0,0.10988457079489894,4.1907726326998994e-07,0.11550766107430838
"('0020107000', 'Computer Science and Engineering')",0.00045871559633027525,0.0,0.15013257119245205,0.0017070511526388916,0.16509130650185613
"('0036327060', 'Civil  Engineering')",0.0006880733944954129,0.0,0.13199321869702108,5.776540830271556e-05,0.14250949451924172
"('0029728000', 'Forestry')",0.0009174311926605505,0.0,0.12985465808911126,1.7010326381302987e-05,0.14084174553784606
"('0027110000', 'School of Applied & Enginneering Physics')",0.0009174311926605505,0.0,0.14844069181533434,0.00015469076310868163,0.16155717816841558
"('0021998000', 'Biology')",0.00022935779816513763,0.0,0.13168227121715495,7.681838758929925e-06,0.14208591771378487
"('0039545000', 'NanoScience Technolohy Center')",0.00022935779816513763,0.0,0.12434760288623335,4.435434180205652e-06,0.13285696210008116
"('0035352000', 'Department of EECS')",0.0009174311926605505,0.0,0.11670235546038545,1.0317889706484218e-05,0.12474117157502145
"('0018093000', 'Ctr for Research on Learning & Technolog')",0.0009174311926605505,0.0,0.11670235546038545,1.0317889706484218e-05,0.12474117157502145
"('0029744000', 'Computer Science')",0.0009174311926605505,0.0,0.11670235546038545,1.0317889706484218e-05,0.12474117157502142
"('7203581878', 'Unknown Dept')",0.00045871559633027525,0.0,0.11199301327990548,1.3943674602734394e-06,0.11817763836196715
"('0036582000', 'Spanish and Portuguese')",0.00045871559633027525,0.0,0.13768710920229899,1.3487257631729443e-05,0.149185182490801
"('0036582000', 'Mexican American & Latina/o Studies')",0.00045871559633027525,0.0,0.13768710920229899,1.3487257631729443e-05,0.149185182490801
"('0013136000', 'Feminist Research Institute')",0.0009174311926605505,0.0,0.12566290062255014,1.657337958647686e-05,0.13506978463687178
"('0013136000', 'Land, Air and Water Resources')",0.0009174311926605505,0.0,0.12566290062255014,1.657337958647686e-05,0.13506978463687178
"('0013136000', 'Earth and Planetary Science')",0.0009174311926605505,0.0,0.12566290062255014,1.657337958647686e-05,0.13506978463687178
"('0018259000', 'Dept. of Computer & Information Tech')",0.00045871559633027525,0.0,0.14014786242365798,0.00042066715337480353,0.15111819118699799
"('0022921000', 'Materials Science and Engineering')",0.00022935779816513763,0.0,0.13056237647481583,0.00015046232181841783,0.14016480757205216
"('0013706000', 'CIRES/Ecology and Evolutionary Biology')",0.00022935779816513763,0.0,0.11227275068239172,3.255803733702662e-07,0.11875496679446268
"('5300013006', 'Gehan Lab')",0.0009174311926605505,0.0,0.10569184524386696,5.651900646528375e-07,0.11181781946167231
"('0024661000', 'Mathematics and Natural Sciences')",0.0009174311926605505,0.0,0.10569184524386696,5.651900646528375e-07,0.11181781946167231
"('0024661000', 'Unknown Dept')",0.0009174311926605505,0.0,0.10569184524386696,5.651900646528375e-07,0.11181781946167231
"('5300013006', 'Science Education Research and Outreach')",0.0009174311926605505,0.0,0.10569184524386696,5.651900646528375e-07,0.11181781946167231
"('0013706000', 'CIRES and Geological Sciences')",0.00022935779816513763,0.0,0.10802775024777007,1.1762979744734007e-06,0.11448987362101112
"('0014456000', 'Department of Physics')",0.00022935779816513763,0.0,0.12133017949074719,9.055119531340714e-06,0.12861096779337478
"('6250009817', 'Biological Sciences')",0.00045871559633027525,0.0,0.08445684177901751,6.686500209266613e-09,0.08813074504472686
"('0001057000', 'Machine Learning Department')",0.0011467889908256881,0.0,0.1468804743296052,0.001409290140473269,0.16022059935477262
"('0001057000', 'Tepper School of Business')",0.0006880733944954129,0.0,0.1468804743296052,0.001300006475026091,0.1602205993547726
"('0030510000', 'Physics')",0.00045871559633027525,0.0,0.153954802259887,0.0005737792346517544,0.16778457812574707
"('0039693000', 'Forest Resources')",0.0011467889908256881,0.0,0.11766293347726353,5.0164045486442735e-06,0.1255333451439426
"('0023879000', 'Ecology,Evolution, and Behavior')",0.0011467889908256881,0.0,0.11766293347726353,5.0164045486442735e-06,0.1255333451439426
"('0023879000', 'Forest Resources')",0.0011467889908256881,0.0,0.11766293347726353,5.0164045486442735e-06,0.1255333451439426
"('0023879000', 'Humphrey School of Public Affairs')",0.0011467889908256881,0.0,0.11766293347726353,5.0164045486442735e-06,0.1255333451439426
"('0018093000', 'Department of Physics')",0.00045871559633027525,0.0,0.15524301228413745,0.0006249025564145746,0.16954019890659736
"('0033704000', 'Department of Biology')",0.00045871559633027525,0.0,0.12664478461672524,2.0292528725767205e-06,0.13647645200110795
"('0015354000', 'Whitney Laboratory')",0.00045871559633027525,0.0,0.12664478461672524,2.0292528725767205e-06,0.13647645200110795
"('0013144000', 'School of Physical Sciences')",0.00022935779816513763,0.0,0.11974403339650105,6.2667097133655e-07,0.1276779251883809
"('0029751000', 'Management')",0.0006880733944954129,0.0,0.12924262635245296,1.569384537435604e-05,0.13741913890136298
"('0013151000', 'Chemical Engineering / Chem & Biochem')",0.00022935779816513763,0.0,0.1123306023599732,6.064089602192726e-07,0.11891852529703204
"('0013128000', 'Landscape Architecture and Environmental')",0.00045871559633027525,0.0,0.12973487666260006,1.1126069826667402e-05,0.13742728961091052
"('0039446000', 'Physics')",0.00045871559633027525,0.0,0.13148371531966224,4.794915795702039e-05,0.14157048672530292
"('0013268000', 'Chemistry and Biochemistry')",0.0009174311926605505,0.0,0.12849985263778368,1.647241987133022e-05,0.13962856619680009
"('0036467000', 'Chemistry and Biochemistry')",0.0009174311926605505,0.0,0.12849985263778368,1.647241987133022e-05,0.13962856619680009
"('0036756000', 'Gender Studies')",0.0009174311926605505,0.0,0.12849985263778368,1.647241987133022e-05,0.13962856619680009
"('4200143000', 'Institute of Archaeology, Bar-Ilan Unive')",0.0006880733944954129,0.0,0.11132672862833214,1.871720261526304e-06,0.11757125806150916
"('4203741000', 'Unknown Dept')",0.0006880733944954129,0.0,0.11132672862833214,1.871720261526304e-06,0.11757125806150916
"('0032169000', 'Women, Gender and Sexuality Studies')",0.0009174311926605505,0.0,0.1347175874428377,0.00010003779250131963,0.14505123476167017
"('0032169000', 'World Languages and Literatures')",0.0009174311926605505,0.0,0.1347175874428377,0.00010003779250131963,0.14505123476167017
"('0029728000', 'Kenan Inst. for Eng., Tech., & Science')",0.00045871559633027525,0.0,0.12649780949894102,1.2716369645752406e-05,0.1367088763046329
"('6250039365', 'Unknown Dept')",0.0009174311926605505,0.0,0.11510335542120964,2.068183013304174e-06,0.12255725268390487
"('6250039365', 'Art')",0.0009174311926605505,0.0,0.11510335542120964,2.068183013304174e-06,0.12255725268390487
"('0013706000', 'GSD')",0.0009174311926605505,0.0,0.11510335542120964,2.068183013304174e-06,0.12255725268390487
"('0037549000', 'Physics Department')",0.00022935779816513763,0.0,0.14562944654130064,0.00014594653131750788,0.1579697504630037
"('5300001416', 'Mechanical and Materials Engineering')",0.00022935779816513763,0.0,0.12109765581602044,3.8072862173980725e-05,0.13007886004158836
"('0036327000', 'Mechanical Engineering')",0.00022935779816513763,0.0,0.10159854592906743,7.575833908111923e-08,0.1063701062297553
"('0025171000', 'Department of Mathematics and Statistics')",0.00022935779816513763,0.0,0.1067842272838599,1.6347538105177834e-06,0.1117119941580268
"('0018259000', 'School of Electrical Engineering')",0.0006880733944954129,0.0,0.16100443131462333,0.0033080529792256794,0.1771900894721991
"('0018259000', 'Physics')",0.0006880733944954129,0.0,0.16100443131462333,0.0033080529792256794,0.1771900894721991
"('0013706000', 'Civil Environmental & Architectural')",0.0009174311926605505,0.0,0.11330855791470672,8.08927789733408e-07,0.12106996908801144
"('0013706000', 'Civil, Environ., & Arch. Engineering')",0.0009174311926605505,0.0,0.11330855791470672,8.08927789733408e-07,0.12106996908801144
"('0013706000', 'CE&A Engineering')",0.0009174311926605505,0.0,0.11330855791470672,8.08927789733408e-07,0.12106996908801144
"('0022228000', 'Curriculum and Instruction')",0.00022935779816513763,0.0,0.11093865296048447,6.401557263548116e-07,0.11719844196098798
"('0020107000', 'Mechanical Engineering')",0.0011467889908256881,0.0,0.13011429765137725,5.833834317561089e-05,0.13892637561215482
"('0020107000', 'Department of Chemistry')",0.0006880733944954129,0.0,0.13011429765137725,5.3819395228183786e-05,0.13892637561215482
"('0020107000', 'Computer Science')",0.0006880733944954129,0.0,0.13011429765137725,5.3819395228183786e-05,0.13892637561215482
"('0013177000', 'Computer Science Engineering')",0.00022935779816513763,0.0,0.12012012012012012,4.509815257459259e-06,0.12831177751088033
"('0018697000', 'Electrical & Computer Engineering')",0.00022935779816513763,0.0,0.11450481918218347,5.15214095135956e-06,0.1212729459633129
"('0028829000', 'Physics Department')",0.0006880733944954129,0.0,0.12035222347972507,8.159257556162639e-06,0.1281577041864414
"('0028829000', 'Department of Physics')",0.0011467889908256881,0.0,0.12035222347972507,8.842891617707108e-06,0.1281577041864414
"('4008298000', 'ICR')",0.00045871559633027525,0.0,0.12412458008312931,7.332698317576452e-06,0.1340759356259557
"('0010819000', 'College of Integrative Sciences and Arts')",0.00045871559633027525,0.0,0.12412458008312931,7.332698317576452e-06,0.1340759356259557
"('0028381000', 'Career Center')",0.00045871559633027525,0.0,0.10242916882018513,3.0323494410862397e-07,0.10816289610356492
"('4062600000', 'NCAR, Climate & Global Dynamics')",0.00022935779816513763,0.0,0.1274220416751907,2.4754660190872667e-05,0.13574495617786925
"('0015644000', 'Department of Anthropology')",0.00045871559633027525,0.0,0.12751893773215173,1.7278678171837677e-05,0.13593970631814623
"('0010751000', 'Liberal Arts & Learning Support')",0.00022935779816513763,0.0,0.12589149077469466,0.011439679648747085,0.13679593342437324
"('0015370000', 'College of Public Health')",0.00045871559633027525,0.0,0.10131759347477517,4.792302038861261e-07,0.10584185869327811
"('0015370000', 'Department of Civil & Environmental Eng')",0.00045871559633027525,0.0,0.10131759347477517,4.792302038861261e-07,0.10584185869327811
"('0049544000', ""Children's Learning Institute"")",0.00022935779816513763,0.0,0.1092896174863388,1.7840022189122336e-07,0.11602776517826048
"('0014266000', 'School of Law')",0.00045871559633027525,0.0,0.13810142219125146,2.6334393931249737e-05,0.14933568979440506
"('0027078000', 'Ocean and Climate Physics')",0.00022935779816513763,0.0,0.1301337153772684,4.371232724701086e-05,0.14092970653649275
"('0029280000', 'Chemistry and Physics')",0.0006880733944954129,0.0,0.0995093004678763,2.9919956325737695e-08,0.10562633321436414
"('0029280000', 'Chemistry, Physics and Materials Science')",0.0006880733944954129,0.0,0.0995093004678763,2.9919956325737695e-08,0.10562633321436417
"('0029280000', 'Department of Chemistry and Physics')",0.0006880733944954129,0.0,0.0995093004678763,2.9919956325737695e-08,0.10562633321436415
"('0036582000', 'Texas Materials Institute/Mech. Engi.')",0.00022935779816513763,0.0,0.10079060520597347,8.926315014031025e-08,0.1053410549170784
"('0034256000', 'Electrical & Computer Engineering')",0.0009174311926605505,0.0,0.15253822202008185,0.0005933080989074025,0.16833925981001624
"('0018408000', 'Aerospace and Mechanical Engineering')",0.00022935779816513763,0.0,0.11895991923821997,2.8828924682748344e-06,0.12568341380841355
"('0029058000', 'Mathematics & Statistics')",0.0011467889908256881,0.0009159579147645597,0.10158907684421455,2.3762651606797694e-07,0.10815270318622612
"('0029058000', 'Department of Mathematics')",0.0016055045871559634,0.0009159579147645597,0.10158907684421455,2.578402529072819e-07,0.10815270318622612
"('0029058000', 'Psychology')",0.0009174311926605505,0.0,0.09223609054368521,6.838084700984612e-08,0.09713127133582171
"('0029058000', 'Mathematics and Statistics')",0.0011467889908256881,0.0009159579147645597,0.10158907684421455,2.3762651606797697e-07,0.10815270318622615
"('0013482000', 'Hydrologic Science and Engineering')",0.00022935779816513763,0.0,0.10748711880284989,1.9758093162241297e-06,0.11301966121545551
"('0015354000', 'Economics')",0.0009174311926605505,0.0,0.13303228168670286,6.5037423739892984e-06,0.14363224886734063
"('7203586138', 'Corporate Technology')",0.0009174311926605505,0.0,0.13303228168670286,6.5037423739892984e-06,0.1436322488673407
"('0016105000', 'NREM')",0.0009174311926605505,0.0,0.11322910715213214,0.0015448871046728,0.12162209032048399
"('0014316000', 'PLANT & SOIL SCIENCES')",0.0009174311926605505,0.0,0.11322910715213214,0.0015448871046728,0.12162209032048399
"('0035352000', 'CEE')",0.00045871559633027525,0.0,0.12102706453851492,2.362118366980911e-06,0.13050679515887964
"('0013508000', 'Atmospheric Science Department')",0.0011467889908256881,0.0029014418345375127,0.1259860721819285,6.263429407957706e-06,0.13786879732592736
"('0021030000', 'Entomology')",0.00022935779816513763,0.0,0.13569872393401805,0.00017077154857727641,0.1458324139545464
"('0016105000', 'Dept. of Civil and Env. Engineering')",0.0009174311926605505,0.0,0.1340177665754772,0.0004106539453036788,0.14435677440551245
"('0015354000', 'Civil and Coastal Engineering')",0.0009174311926605505,0.0,0.1340177665754772,0.0004106539453036788,0.1443567744055124
"('6250029275', 'Unknown Dept')",0.00022935779816513763,0.0,0.13234579893152015,5.5680754380458026e-05,0.1426114265449122
"('0011080000', 'Unknown Dept')",0.0009174311926605505,0.0,0.06495150982466072,1.8679412448170722e-12,0.06753517565280068
"('7203586701', 'Electrical Engineering - MUSiC')",0.0009174311926605505,0.0,0.06495150982466072,1.8679412448170722e-12,0.06753517565280068
"('0035303000', 'Electrical Engineering &Computer Science')",0.00022935779816513763,0.0,0.11639703134176944,6.953532873871303e-07,0.12403937434664614
"('0032896000', 'Psychology')",0.0006880733944954129,0.0,0.10286415325815128,9.699401306160928e-08,0.1080857764802344
"('0029181000', 'Psychology')",0.0006880733944954129,0.0,0.10286415325815128,9.699401306160928e-08,0.10808577648023442
"('0011502001', 'Biological Sciences')",0.00045871559633027525,0.0,0.12574625789519223,2.1740795217542305e-06,0.13506981400802218
"('0032102000', 'College Of Forestry')",0.00045871559633027525,0.0,0.13881813550687722,0.0005111425308265793,0.14953419255311395
"('6250024974', 'Unknown Dept')",0.00045871559633027525,0.0,0.13881813550687722,0.0005111425308265793,0.14953419255311395
"('0039545000', 'Information Systems')",0.0006880733944954129,0.0,0.13518960652382872,3.19803112562129e-05,0.14668267766891574
"('0026864000', 'Office of the University Provost')",0.0006880733944954129,0.0,0.1213774672197322,1.1185181701135089e-05,0.12920347543863472
"('0026864000', 'CUNY Central Research Office')",0.0006880733944954129,0.0,0.1213774672197322,1.1185181701135089e-05,0.12920347543863467
"('0029207000', 'Economics')",0.00022935779816513763,0.0,0.12727697337692667,0.0006069057475149084,0.13723847412780824
"('4000069000', 'Research and Development')",0.0009174311926605505,0.0,0.11877843463099681,6.161536224380671e-06,0.12689185737435188
"('0013219000', 'Computational Media')",0.0009174311926605505,0.0,0.11877843463099681,6.161536224380671e-06,0.12689185737435188
"('0018259000', 'Computer Graphics Technology')",0.0009174311926605505,0.0,0.11877843463099681,6.161536224380671e-06,0.12689185737435188
"('7203587310', 'Unknown Dept')",0.0009174311926605505,0.0,0.11877843463099681,6.161536224380671e-06,0.12689185737435188
"('0033290000', 'Population Research Institute')",0.0006880733944954129,0.0,0.10273327049952875,4.3332846014487015e-08,0.11002038116165645
"('0015644000', 'Department of Environmental Sciences')",0.0006880733944954129,0.0,0.10273327049952875,4.3332846014487015e-08,0.11002038116165645
"('0029728000', 'Civil, Construction, & Envi. Engin.')",0.00045871559633027525,0.0,0.10451374739314907,7.230025791046141e-07,0.10998645224326384
"('0022905000', 'Educational Administration')",0.0006880733944954129,0.0,0.1122814246349566,2.9751877418910077e-07,0.11898432459262781
"('0034280000', ""Women's and Gender Studies"")",0.0006880733944954129,0.0,0.1122814246349566,2.9751877418910077e-07,0.11898432459262781
"('0013706000', 'Ethnography & Evaluation Research (E&ER)')",0.0006880733944954129,0.0,0.1122814246349566,2.9751877418910077e-07,0.11898432459262781
"('0014316000', 'Sociology and Criminal Justice')",0.00045871559633027525,0.0,0.1297889441252642,5.997642128964988e-05,0.13944820756460619
"('0014316000', 'Human Dvlpmnt & Family Studies')",0.00045871559633027525,0.0,0.1297889441252642,5.997642128964988e-05,0.13944820756460619
"('6250023418', 'Unknown Dept')",0.0006880733944954129,0.0,0.10944049800446798,6.881576653744653e-07,0.11593044643115416
"('0034140000', 'Oceanography/Physical')",0.0006880733944954129,0.0,0.10944049800446798,6.881576653744653e-07,0.11593044643115416
"('0026211000', 'Center for Solar Research')",0.00022935779816513763,0.0,0.11013994846662961,5.495292217306186e-07,0.11590754608765827
"('0037549000', 'Myers Lawson School of Construction')",0.00045871559633027525,0.0,0.13414146386487402,5.2626096261572424e-05,0.14600896268614086
"('0038638000', 'College of Engineering')",0.00045871559633027525,0.0,0.13414146386487402,5.2626096261572424e-05,0.1460089626861409
"('P270052035', 'Unknown Dept')",0.00022935779816513763,0.0,0.10833643930923097,8.799956589747191e-07,0.11494667400866702
"('0017400000', 'Department of Chemical & Biological Engi')",0.0006880733944954129,0.0,0.11135516166930581,2.60114292730823e-06,0.11716673309900427
"('0017392000', 'Department of Chemistry')",0.0006880733944954129,0.0,0.11135516166930581,2.60114292730823e-06,0.11716673309900427
"('6250028185', 'Unknown Dept')",0.0006880733944954129,0.0,0.11135516166930581,2.60114292730823e-06,0.11716673309900426
"('6250027514', 'Information Technolgoy Services - Cyberi')",0.0009174311926605505,0.0,0.12038545434464477,0.00011963512228838711,0.12992268180341565
"('0016105000', 'Information & Computer Sciences')",0.0009174311926605505,0.0,0.12038545434464477,0.00011963512228838711,0.12992268180341565
"('0016055000', 'Natural Sciences & Mathematics')",0.0009174311926605505,0.0,0.12038545434464477,0.00011963512228838711,0.12992268180341565
"('7203583498', 'Unknown Dept')",0.00022935779816513763,0.0,0.12751520823584464,1.582750456257977e-05,0.13582502741906366
"('0017392000', 'Political Science')",0.0009174311926605505,0.0,0.134530531642445,3.9274317049590266e-05,0.1475264579966411
"('0017392000', 'Northwestern Center for Water Research')",0.0009174311926605505,0.0,0.134530531642445,3.9274317049590266e-05,0.1475264579966411
"('7203579619', 'Biological Services Division')",0.0009174311926605505,0.0,0.134530531642445,3.9274317049590266e-05,0.1475264579966411
"('0018259000', 'Department of Chemistry')",0.0006880733944954129,0.0,0.14445217506543417,0.0006557916194602109,0.15606238244426274
"('0021923000', 'Miller Worley Center for the Environment')",0.00045871559633027525,0.0,0.14451920845901423,0.00012192262296368079,0.15859856886232931
"('0036582000', 'Aerospace Engineering and Engineering Me')",0.0009174311926605505,0.0,0.14846090983383275,0.00046004796158683153,0.16047000654798732
"('0036582000', 'Department of Computer Science')",0.0009174311926605505,0.0,0.14846090983383275,0.00046004796158683153,0.16047000654798732
"('P269923355', 'Biology and Paleo Environment')",0.0006880733944954129,0.0,0.13404660886675276,0.0001262260261515714,0.1469466839525527
"('0022228000', 'Institute for New England Native America')",0.0006880733944954129,0.0,0.12413518207442417,8.158299894719144e-06,0.13426706712442665
"('P270058664', 'Unknown Dept')",0.0006880733944954129,0.0,0.12413518207442417,8.158299894719144e-06,0.1342670671244267
"('0022905000', 'Department of Chemistry')",0.00045871559633027525,0.0,0.0825538682924982,5.914607672200318e-10,0.08629829252136957
"('0022905000', 'Chemical Engineering & Materials Science')",0.00045871559633027525,0.0,0.0825538682924982,5.914607672200318e-10,0.08629829252136953
"('0014878000', 'Unknown Dept')",0.00022935779816513763,0.0,0.11178913901851187,7.725949303287162e-07,0.11701276456723629
"('0033290000', 'Center for Science and The Schools')",0.00022935779816513763,0.0,0.09044892540038171,4.8144339155725885e-09,0.09419389527496387
"('0013128000', 'Center for Science, Technology, Medicine')",0.00022935779816513763,0.0,0.14097258147956543,5.528737876324712e-05,0.15249667731605743
"('0014316000', 'Kinesiology and Applied Physiology')",0.00022935779816513763,0.0,0.12287574331369952,0.00011354959633686579,0.1306741245502714
"('0035998000', 'Env.&Earth Sciences (Multidisciplinary)')",0.0009174311926605505,0.0,0.11254807816412402,2.3797705566533296e-06,0.12010930369774052
"('0035998000', 'Environmental and Earth Sciences')",0.0009174311926605505,0.0,0.11254807816412402,2.3797705566533296e-06,0.12010930369774049
"('0035998000', 'School of Earth, Environ, and Marine Sci')",0.0009174311926605505,0.0,0.11254807816412402,2.3797705566533296e-06,0.12010930369774049
"('0035998000', 'School of Earth, Environmental and Marin')",0.0009174311926605505,0.0,0.11254807816412402,2.3797705566533296e-06,0.12010930369774049
"('0015982001', 'Faculty of Engineering')",0.00045871559633027525,0.0,0.11242908715832904,2.108871134073539e-07,0.11912417102969525
"('0015982000', 'Engineering Education Transformations In')",0.00045871559633027525,0.0,0.11242908715832904,2.108871134073539e-07,0.11912417102969525
"('0028357000', 'Office of the President')",0.00045871559633027525,0.0,0.0889015761678527,1.1376428726758057e-08,0.09229923088918429
"('0010827000', 'Department of STEM Education')",0.0006880733944954129,0.0,0.14095890853835957,0.00021286560802185112,0.15278637169405487
"('0010827000', 'Sch. of Informatics, Comp., & Cyber Sys.')",0.0006880733944954129,0.0,0.14095890853835957,0.00021286560802185112,0.1527863716940549
"('0038950000', 'SCHOOL OF HUMAN ECOLOGY')",0.0009174311926605505,0.0,0.13890216317818344,1.3876827885740924e-05,0.15241726227391297
"('7203581015', 'Programming')",0.0009174311926605505,0.0,0.13890216317818344,1.3876827885740924e-05,0.152417262273913
"('0031278000', 'Electrical & Computer Engineering')",0.00022935779816513763,0.0,0.11974403339650105,6.2667097133655e-07,0.1276779251883809
"('5300003243', 'Research and Development')",0.00022935779816513763,0.0,0.13102930127723517,2.4752212428097542e-05,0.14096775453140134
"('4005658000', 'Education and Child Development')",0.00045871559633027525,0.0,0.11610875875476019,2.388808050853717e-06,0.12335613698484449
"('4005658000', 'Public Health')",0.00045871559633027525,0.0,0.11610875875476019,2.388808050853717e-06,0.12335613698484446
"('5300001194', 'TReNDS Center')",0.0009174311926605505,0.0,0.08852072928087058,2.9592803105450683e-09,0.09338953553775665
"('5300001194', 'Psychology Department')",0.0009174311926605505,0.0,0.08852072928087058,2.9592803105450683e-09,0.09338953553775665
"('5300001194', 'Unknown Dept')",0.0009174311926605505,0.0,0.08852072928087058,2.9592803105450683e-09,0.09338953553775661
"('5300001194', 'Neuroscience')",0.0009174311926605505,0.0,0.08852072928087058,2.9592803105450683e-09,0.09338953553775667
"('6250000545', 'Unknown Dept')",0.0006880733944954129,0.0,0.11063743402354852,2.648867198223979e-07,0.11710927558455088
"('P269897961', 'Unknown Dept')",0.0006880733944954129,0.0,0.11063743402354852,2.648867198223979e-07,0.11710927558455088
"('0033787000', 'Education')",0.0006880733944954129,0.0,0.11063743402354852,2.648867198223979e-07,0.11710927558455088
"('0010827000', 'W.A. Franke College of Business and Scho')",0.00022935779816513763,0.0,0.11757092007334699,3.343264926899579e-05,0.12575442565020237
"('0030908000', 'Anthropology')",0.00022935779816513763,0.0,0.1284241531664212,1.7275304065507622e-05,0.13943134506106708
"('0033712000', 'Department of Computer and Information S')",0.00022935779816513763,0.0,0.10442113330459357,2.517904163913106e-07,0.10875884320602197
"('0016105000', 'Academics')",0.0006880733944954129,0.0,0.12327876268838182,1.0728331480571214e-05,0.13386672142018147
"('0016105000', 'Vice Chancellor for Academic Affairs')",0.0006880733944954129,0.0,0.12327876268838182,1.0728331480571214e-05,0.13386672142018147
"('0013854000', 'Unknown Dept')",0.00022935779816513763,0.0,0.10891286970423661,7.1421922695335425e-06,0.1135323795750775
"('0037986000', 'Department of Earth and Space Sciences')",0.00022935779816513763,0.0,0.13308507066328867,4.431554849000187e-05,0.14265067415195593
