Node,Degree,Betweenness,Closeness,Eigenvector,Harmonic
"('0036582000', 'ICES/Mathematics')",0.0002673082063619353,0.0,0.1172323023408856,1.9298028667690255e-05,0.125032699888825
"('6250004721', 'Applied Mathematics')",0.0010692328254477412,0.0,0.13307957738963394,0.00014097979812368163,0.14466970479400412
"('0013136000', 'Computer Science')",0.0018711574445335472,0.001603277455912014,0.11245040278946736,6.945805098379154e-06,0.12161466580601829
"('0001479000', 'Eduational Psychology')",0.0005346164127238706,0.0,0.09915186853962364,1.2597160595057652e-06,0.10566255775050844
"('0017756000', 'Crop Sciences')",0.0010692328254477412,0.0,0.14953233671756336,0.0009482502805044933,0.1681543818838034
"('0027110000', 'Sibley School of Mechanical and Aerospac')",0.0010692328254477412,0.0,0.08393914916532041,1.2186599245610634e-07,0.08894988231277574
"('0025684000', 'Journalism')",0.0005346164127238706,0.0,0.12289750328515112,0.0006171380516698495,0.135218330622595
"('0021998000', 'Network Science Institute')",0.0002673082063619353,0.0,0.0921723704634489,3.78024080843904e-08,0.09783123752532565
"('0015354000', 'Academic Affairs/UF CPET')",0.0005346164127238706,0.0,0.11830371260514831,0.0016588418916118066,0.12810959091208185
"('0023259000', 'Anthropology and Linguistics')",0.0002673082063619353,0.0,0.14274812073110238,0.00018527114066465325,0.15938393242793855
"('0028381000', 'Physics and Astronomy')",0.003475006682705159,0.004805115164094361,0.09088921282798834,1.152851160549973e-06,0.09748260348111593
"('0010819000', 'Chemistry & Biochemistry')",0.0024057738572574178,0.026037858998811326,0.15225265556957387,0.0823532835102581,0.17365722058985825
"('0038950000', 'Computer Science')",0.0021384656508954825,0.003948896048160192,0.14380718074882756,0.002183219391842219,0.15981776505680978
"('7203576514', 'Instruction & Teacher Education')",0.0010692328254477412,0.0,0.08632545689496031,1.2219663029654917e-07,0.0908564380341834
"('7203577490', 'Computer Science')",0.0010692328254477412,0.0,0.09814518456331821,1.2694414191793165e-07,0.10456482792382897
"('0020107000', 'Museum of Natural Science')",0.0005346164127238706,0.0,0.10481634025384551,2.7103124669403772e-05,0.11374745297810664
"('0017400000', 'Mechanical Engineering')",0.0008019246190858059,0.0010689469343179423,0.09450788197251414,1.36622724902047e-07,0.10097233779296579
"('7203595688', 'Unknown Dept')",0.0005346164127238706,0.0,0.10171841861982707,4.640234727133275e-07,0.11000548158302502
"('0025650000', 'Computer Science and Engineering')",0.0013365410318096765,0.008044733071919196,0.14195188586172877,0.0010257518404759238,0.1573490507532213
"('0029231000', 'Mathematics, Science and Instructional T')",0.0002673082063619353,0.0,0.12399323854032017,0.0005997430067690823,0.13422883358375662
"('0013169000', 'Education')",0.0002673082063619353,0.0,0.10987106816646598,1.7092143671677335e-06,0.12039044277285889
"('0036046000', 'School Mathematics Project (RUSMP)')",0.0010692328254477412,0.0,0.13730959809139293,0.00018664945663944812,0.1511746680516439
"('0023259000', 'Youth Policy Lab')",0.0008019246190858059,0.0,0.11830745390721356,0.0002472527655234784,0.1308449701451725
"('0036525000', 'Physics')",0.0024057738572574178,0.005914466801194212,0.11459992647959809,1.6793288062159975e-06,0.12400516076337985
"('6250002767', 'Unknown Dept')",0.0005346164127238706,0.0,0.10159411237541754,7.293769036793454e-07,0.1079583654407493
"('0036327000', 'Industrial and Systems Engineering')",0.0013365410318096765,0.00546082060753921,0.1437298294144767,0.07013821057207,0.16249511277578665
"('0011536001', 'Biology')",0.0005346164127238706,0.0,0.09836970812516434,2.1899883407146004e-07,0.10576292166448925
"('0039552000', 'Intelligent Systems and Robotics')",0.0002673082063619353,0.0,0.11678581462866419,3.874396060348435e-06,0.12487506014841566
"('0022905000', 'Statistics & Probabilty')",0.0002673082063619353,0.0,0.13165581559035722,0.0020876168749760747,0.1473775753399792
"('0010512000', 'Center for Advanced Public Safety')",0.0010692328254477412,0.0,0.11140559857057772,0.0012554514183559674,0.12022492011642393
"('0500744000', 'Unknown Dept')",0.0008019246190858059,0.0,0.13637854981590172,0.0005806137366579035,0.1506968683993549
"('0037549000', 'Interdisciplinary Ctr for Applied Math')",0.0002673082063619353,0.0,0.1265604384451436,0.00020362244533796492,0.1375740108298256
"('0035352000', 'Electrical Engineering and Computer Scie')",0.0021384656508954825,0.0069294292040648,0.10678503125624411,3.669540728110787e-05,0.11658743095413947
"('4062600000', 'Research Applications Laboratory')",0.0016038492381716118,0.00020914760285140047,0.1301760734915443,0.00022250582516805594,0.14310229535640542
"('0013136000', 'Department of Evolution and Ecology')",0.0008019246190858059,0.0,0.09329875052996484,4.39536177322101e-08,0.09870876097926116
"('0035691000', 'Jindal School of Management')",0.0008019246190858059,0.0,0.13883322199955467,0.0008526495421380025,0.1539219683165154
"('0018259000', 'School of Mechanical Engineering')",0.002673082063619353,0.005771622619300478,0.14693059974078002,0.002224224826308365,0.16612722232857646
"('0011429001', 'Criminal Justice')",0.0010692328254477412,0.0,0.11621621621621622,7.187114982284084e-05,0.12576615185877413
"('0026211000', 'Department of Biological Sciences')",0.0010692328254477412,0.0,0.12784061784506032,0.00030154794522772394,0.13980807870142337
"('0013706000', 'Vice Chancellor for Research')",0.0013365410318096765,0.0,0.13166044907439994,0.0001250320919574438,0.14418099456839567
"('0028373000', 'Urban and Regional Planning')",0.0010692328254477412,0.0,0.123424612339162,3.8862122262784805e-05,0.13374409827898262
"('0020396000', 'Computer Science')",0.0005346164127238706,0.0,0.1190529230181714,0.00022302705753552286,0.13111840120838153
"('0011080000', 'Sociology and Criminal Justice')",0.0010692328254477412,0.0,0.08893590718904526,2.318779270248409e-06,0.09420453000195965
"('0034900000', 'Life and Physical Sciences')",0.0016038492381716118,0.0,0.09651204788194624,7.759569136545954e-06,0.10379235507000205
"('0036327000', 'Unknown Dept')",0.0048115477145148355,0.027827046808935968,0.13708318065225358,0.0004091838888858519,0.15563823965989185
"('0015354000', 'Schl of Forest Resources & Conservation')",0.0008019246190858059,0.0,0.13062150837988826,0.00020148138067158179,0.14399037984289711
"('0036327040', 'Ecosystem Science and Management')",0.0010692328254477412,0.0,0.09517873044141967,1.052126632433963e-06,0.10212614148294905
"('0013706000', 'CIRES')",0.002673082063619353,0.01674211522370893,0.12430223285486443,9.65411573366853e-06,0.13816566871899696
"('0013136000', 'Center for Neuroscience')",0.0002673082063619353,0.0,0.1385914866817323,0.0019385903660791466,0.15176474631814596
"('0034256000', 'Mechanical Engineering')",0.0016038492381716118,0.0016888223108007417,0.13700285651505165,0.0026891808266939032,0.15847641584409797
"('0029728000', 'Crop Science')",0.0010692328254477412,0.0,0.14953233671756336,0.0009482502805044933,0.1681543818838034
"('0037549000', 'VT Carilion Research Institute')",0.0005346164127238706,0.0,0.1352299016772701,0.0002089890115455197,0.1476071383248616
"('0020081000', 'Engineering')",0.0010692328254477412,0.0,0.10758965804837364,1.6505698185163166e-05,0.11615739473408887
"('0026575000', 'Department of Computer Science')",0.0008019246190858059,0.0,0.10877213386444916,2.2958157980435604e-06,0.1170651026009761
"('0039206000', 'Unknown Dept')",0.0013365410318096765,0.0,0.13559752075102396,0.0028894469054603863,0.1491355591460553
"('0037051000', 'William & Mary Law School')",0.0008019246190858059,0.0005346164127238706,0.12266378123155616,2.6933602288043106e-05,0.13209428824552283
"('0014894000', 'Center for Ocean-Atmospheric Prediction')",0.0005346164127238706,0.0,0.11415232515562065,8.278747785357244e-06,0.12238954751560892
"('0020107000', 'Educational Psychology')",0.0013365410318096765,0.0,0.08695753236791334,1.5985405527163506e-07,0.092708368931644
"('0023879000', 'Surgery')",0.0010692328254477412,0.0,0.09839040555467887,5.371311928016945e-07,0.10488543151376555
"('0047415000', 'Unknown Dept')",0.002673082063619353,0.0029415338345004836,0.0885653409090909,6.5977903795460055e-09,0.09572197891166344
"('0013177010', 'Inst. of Geophysics & Planetary Physics')",0.0008019246190858059,0.0005346164127238706,0.13307957738963394,5.7177462730786825e-05,0.1469766042427433
"('0020537000', 'Climate Change Institute/School of Earth')",0.0002673082063619353,0.0,0.06386465677655052,3.398285977010406e-11,0.067484069117158
"('0018259000', 'Agricultural Economics')",0.0008019246190858059,0.0,0.13408121572703488,0.0013688945097676973,0.14757515750546166
"('7203580862', 'Mathematisches Institut')",0.0008019246190858059,0.0,0.129913876927351,0.000417729364506377,0.14326552223504951
"('0018697000', 'Veterinary Pathology')",0.0005346164127238706,0.0,0.11200934159705381,6.462780231853796e-05,0.12308654539478998
"('0036327000', 'Materials Science and Engineering')",0.0002673082063619353,0.0,0.10728727523014712,6.455504615979115e-06,0.11393918967035477
"('4062600000', 'NCAR/CGD')",0.0010692328254477412,0.0,0.13275843713403598,0.0002479153283737958,0.1460838687146538
"('0013136000', 'Chemistry')",0.0021384656508954825,0.006085148017728803,0.1442674790790945,0.0026836563422409725,0.16054008025386413
"('4012746000', 'Multiscale Computational Modeling')",0.0005346164127238706,0.0,0.12706769471145682,0.0004983814928172631,0.1379439952079002
"('0032656000', 'Physics and Astronomy')",0.0010692328254477412,0.0,0.09651204788194624,6.5494053827703694e-06,0.1036281514575226
"('7203597160', 'Unknown Dept')",0.0010692328254477412,0.0,0.12226289299954245,0.000359716037838857,0.13624802128387228
"('0026294000', 'WINLAB, Electrical & Computer Eng.')",0.0005346164127238706,0.0,0.08846272080209984,4.432186285945423e-09,0.09358351326076812
"('6250012383', 'Education')",0.0005346164127238706,0.0,0.10903208883448456,4.880014316019467e-05,0.11887291015787485
"('0038950000', 'Chemistry')",0.0010692328254477412,0.0005346164127238706,0.139605179684293,0.00227641961912132,0.1539801450451719
"('0025692000', 'Mathematical Sciences')",0.0010692328254477412,0.0,0.10949161471595399,0.0001417162119397624,0.1183764730612451
"('0001016000', 'Earth and Environmental Sciences')",0.0002673082063619353,0.0,0.14274812073110238,0.00018527114066465325,0.15938393242793855
"('0029504000', 'Information Technology Services')",0.0016038492381716118,3.8118817306514835e-07,0.11284046692607004,1.8021542953174014e-05,0.12103020441444362
"('0010819000', 'School of Sustainable Engineering and Th')",0.0008019246190858059,0.0,0.1426991150442478,0.0827976535775432,0.16071678996699063
"('0013284000', 'School of International Relations')",0.0005346164127238706,0.0,0.11768221711912925,6.188071585177804e-06,0.1265896891886265
"('0031849000', 'Communication')",0.0008019246190858059,0.0,0.0920091492658452,7.988435345679164e-07,0.09850006114691345
"('0012948000', 'Chemistry, School of Math, Science and E')",0.0010692328254477412,0.0,0.11401316591490918,7.626129890576803e-06,0.12150886087203214
"('0023259000', 'Electrical Engr & Computer Sci')",0.0002673082063619353,0.0,0.11490263529700842,1.255815611206211e-05,0.12386358394176519
"('5300004653', 'Department of Computing Sciences')",0.0008019246190858059,0.0,0.1077011659709227,8.977608732989238e-06,0.11587421016226522
"('0014803000', 'Chemistry')",0.0010692328254477412,0.0,0.06915227919701283,8.89770636812451e-12,0.07295087161769259
"('0015693000', 'Materials Characterization Facility')",0.0010692328254477412,0.0,0.11098914139915741,2.1741598093319536e-06,0.12038214095150702
"('7203591180', 'Engineering and Computer Science')",0.0010692328254477412,0.0,0.12063072359086804,6.228382934069773e-05,0.13220928103646665
"('6250004721', 'Unknown Dept')",0.0037423148890670943,0.005927386895660714,0.13141993957703926,0.00044306055193811506,0.14425679758478574
"('0019893001', 'Biochemistry')",0.0010692328254477412,0.0,0.11832242148211405,4.441180456058313e-06,0.12877195181595705
"('0010512000', 'Electrical and Computer Engineering')",0.0016038492381716118,0.014882205707244623,0.14301005390114302,0.07746188329742199,0.16221530704289333
"('0027854000', 'Mechanical and Aerospace Engineering')",0.0010692328254477412,0.0,0.12784061784506032,0.00030154794522772394,0.13980807870142337
"('0014266000', 'Department of Epidemiology of Microbial')",0.0010692328254477412,0.0,0.11699765441751368,0.00023109280576076466,0.12931725768121294
"('0011015000', 'Unknown Dept')",0.0010692328254477412,0.007989227622229178,0.1210836354220611,0.00042364157907411634,0.13208023075351785
"('0018093000', 'Department of Physics')",0.0018711574445335472,0.0010689469343179423,0.1382074774641643,0.00024303580798973223,0.1520233315506688
"('0014175000', 'Mechanical Engineering')",0.0010692328254477412,0.0037371688487307145,0.11211004225478738,6.680271136386296e-05,0.12405776521123842
"('0036566000', 'Computer Science and Engineering')",0.0032076984763432237,0.021350557553466577,0.14961007798440312,0.01705391594459057,0.1684770822601614
"('0018697000', 'Geological & Atmospheric Sciences')",0.0016038492381716118,0.0006360744098373295,0.11206974027141188,9.053908656905299e-05,0.12417805390410128
"('0013706000', 'EBIO')",0.0002673082063619353,0.0,0.10388492405098441,7.837885790963092e-07,0.11010226096197012
"('0038000000', 'Math and Statistics')",0.0010692328254477412,0.0,0.12549059072154573,1.5181466744971132e-05,0.14027970599389067
"('0022301000', 'Geology & Geophysics')",0.0013365410318096765,0.0017291836715752251,0.10206531525386735,5.894270210747347e-07,0.11113869064290482
"('0036426000', 'Department of Engineering')",0.0005346164127238706,0.0,0.10023310023310024,3.2075585808341684e-07,0.10617002941156652
"('0021550000', 'Linguistics')",0.0002673082063619353,0.0,0.11582401931948358,2.020945082093081e-06,0.12412798222388222
"('0023879000', 'Physics')",0.0005346164127238706,0.0,0.11557711319822046,4.830041828220388e-06,0.12428635764570789
"('0032102000', 'Fisheries and Wildlife')",0.0013365410318096765,0.001689437053815022,0.12617200674536255,6.121992678921571e-06,0.14154734632528385
"('0036756000', 'Chemical Engineering')",0.0008019246190858059,0.0,0.11943681757231339,6.81414961185606e-06,0.12875733947175394
"('0013706000', 'LASP')",0.0013365410318096765,0.0005346164127238706,0.12734452122408688,5.418753809056118e-05,0.14064757479528892
"('0015354000', 'Food and Resource Economics')",0.0008019246190858059,0.0,0.13062606934599671,0.000193557945908738,0.1440349312106241
"('0023259000', 'Aerospace Engineering')",0.0018711574445335472,0.001671322286979537,0.13251859723698192,5.669211099945938e-05,0.1459239162491684
"('0025692000', 'Electrical and Computer Engineering')",0.0008019246190858059,0.0,0.0871012805587893,2.5771665305341606e-08,0.09238603920465667
"('0032102000', 'School of Psychological Science')",0.0013365410318096765,0.0016029915647822151,0.11543089882440064,0.00019717106032721008,0.12360663256460197
"('0037283001', 'Electrical & Computer Engineering')",0.0010692328254477412,0.0,0.08647511615542867,6.768009921587139e-08,0.0906596162321349
"('0001024000', 'Mechanical and Aerospace Engineering')",0.0002673082063619353,0.0,0.10012043356081894,0.0001374856563068818,0.10581975744483219
"('0023259000', 'Mechanical Engineering/Applied Mechanics')",0.0002673082063619353,0.0,0.10655084021646255,2.1628380274080995e-06,0.11325450131985121
"('0039693000', 'Forest Resources')",0.0010692328254477412,0.0,0.09533396192757575,1.0612834598618551e-06,0.10271440275685584
"('0010835000', 'Unknown Dept')",0.0029403902699812884,0.009794335319447105,0.11110451130052568,6.296432106838e-06,0.12227773598344606
"('0025650000', 'School of Biological Sciences')",0.0005346164127238706,0.0,0.08661927805691264,2.7001082747507507e-08,0.09146642775621566
"('0035097000', 'Physics')",0.0010692328254477412,0.0,0.10761441762793775,1.6850903607343826e-05,0.1163445104785422
"('0029504000', 'Mathematics and Physics')",0.0002673082063619353,0.0,0.10140134984956496,1.678208430699971e-06,0.10678148503871226
"('0020537000', 'Computer Science')",0.0008019246190858059,0.0,0.07426302729528536,3.90197489867166e-09,0.08060117920677957
"('0037275000', 'Math, Science, Engineering')",0.0008019246190858059,0.0,0.08359963351136339,7.852964414111848e-09,0.08847896986520604
"('0015370000', 'School of Geosciences')",0.0008019246190858059,0.0005346164127238706,0.10965207960840637,1.1521944337159607e-06,0.11845654075581674
"('0036525000', 'Natural Science and Mathematics')",0.0008019246190858059,0.0,0.10986138846470105,1.4958435063596383e-06,0.11689166924732201
"('0021303000', 'Center for Space Physics')",0.0005346164127238706,0.0,0.11137906395141121,2.515618736533176e-06,0.12164129989427602
"('0036301000', 'Computer Science')",0.0008019246190858059,0.0,0.09326386118867172,4.765727352326839e-08,0.09808176967771576
"('0021055000', 'Graduate School')",0.0008019246190858059,0.0,0.09555311486296646,1.683730386764214e-07,0.1012243129505654
"('0080010000', 'Department of Computer Science')",0.0002673082063619353,0.0,0.08841254460804009,3.2164485178886257e-07,0.09252818937362031
"('0025650000', 'Architectural Engineering')",0.0005346164127238706,0.0,0.11072305916476752,4.829098323232956e-06,0.11850315704094126
"('0013128000', 'Integrative Biology')",0.0016038492381716118,0.002219848389693436,0.14345425262673517,0.09882676674716112,0.16318716330745217
"('0013706000', 'Electrical, Computer & Energy Engr')",0.0016038492381716118,0.00011685342645946754,0.13363577909552046,0.00013410720876329838,0.14591876425276684
"('0010827000', 'SICCS')",0.002673082063619353,0.004361613294987859,0.10214892280807143,1.0343222696914302e-06,0.11055494021053978
"('0020255000', 'Mechanical Engineering')",0.0021384656508954825,0.0008012813640437584,0.08696359663396717,1.721770956751535e-07,0.09310933124118688
"('0018259000', 'Aeronautics & Astronautics Engineering')",0.0005346164127238706,0.0,0.12219899392434834,0.0004401094985820136,0.1322212659486833
"('0017590000', 'Geography')",0.0010692328254477412,0.0,0.09814003515307328,1.265208977426442e-07,0.10452027655610195
"('0013169000', 'Department of Sociology')",0.0010692328254477412,0.0,0.0992518306271888,2.077747897767653e-07,0.10539018395145365
"('0029728000', 'PowerAmerica')",0.0005346164127238706,0.0,0.13038477624424927,0.00016556054321842384,0.14156464799655608
"('0010512000', 'Unknown Dept')",0.002673082063619353,0.005338730957863936,0.09124390243902439,2.2664522748964804e-05,0.09786460925302405
"('0021998000', 'Mathematics')",0.0005346164127238706,0.0005346164127238706,0.1371786879835723,0.00037446846299741854,0.14972560699953597
"('0011379001', 'Physics')",0.0005346164127238706,0.0,0.09715621347876899,5.735307101823287e-07,0.10260124544217332
"('0015370000', 'College of Pharmacy')",0.0005346164127238706,0.0,0.1096456519827662,1.1398161864317146e-06,0.11827833528490879
"('0013177010', 'SIO CASPO')",0.0008019246190858059,0.0,0.12387827411503692,0.000451657722577598,0.13393454754368062
"('0018697000', 'Department of Chemical Engineering')",0.0005346164127238706,0.0,0.1008654857235299,8.721312147049794e-06,0.1093316856482808
"('0036756000', 'School of Computing')",0.0029403902699812884,0.011433758168831902,0.13562209976798145,5.292178607480729e-05,0.15047658609855002
"('0033795000', 'Chemistry/Arts and Sciences')",0.0010692328254477412,0.0010689469343179423,0.13072192326507792,0.0003380689254400457,0.1461875066490856
"('0020107000', 'Department of Geology and Geophysics')",0.0002673082063619353,0.0,0.12156760796802392,6.356968361455703e-05,0.1306409598363232
"('0036756000', 'Department of Biochemistry')",0.0008019246190858059,0.0,0.10470193115029387,3.030158829841569e-05,0.11315046465056507
"('0038273001', 'Unknown Dept')",0.0002673082063619353,0.0,0.09395720313441833,3.3709774721196875e-06,0.09869261338719804
"('4062600000', 'Mesoscale & Microscale Meterology')",0.0002673082063619353,0.0,0.05664920197462067,4.2662294080478116e-13,0.059255274939593254
"('0036327001', 'University Telecommunications')",0.0013365410318096765,0.0007808930567215177,0.13951667039606175,0.00020697929432206063,0.15358864234164982
"('0037986000', 'Dept. of Computer Science & Engineering')",0.0002673082063619353,0.0,0.10062131848624223,5.741270362531363e-07,0.10699909876509471
"('0013706000', 'Electrical, Computer & Energy Engineerin')",0.0018711574445335472,0.007518995152643814,0.13950626491646778,0.00030780426547418225,0.15317028897622367
"('0032235000', 'Unknown Dept')",0.0056134723336006415,0.03268185389348976,0.14326197679316816,0.00032296616103195665,0.16225033802219008
"('0017756000', 'National Center for Supercomputing Appli')",0.0037423148890670943,0.03551085660363816,0.1654943596549436,0.00433806755780934,0.19181283939350333
"('0013706000', 'Cognitive and Computer Science')",0.0008019246190858059,0.0,0.1097872340425532,7.132953763393569e-06,0.11720775215161652
"('7203589803', 'Unknown Dept')",0.0002673082063619353,0.0,0.11535615171137835,1.7115557230726877e-05,0.1227827651732017
"('0016915000', 'Chemical and Biological Engineering')",0.0002673082063619353,0.0,0.09180593388794817,9.54226796843507e-09,0.0965431321860422
"('0021055000', 'Education')",0.0002673082063619353,0.0,0.0771499278201691,1.1685855832600875e-09,0.08081448172257383
"('0034140000', 'Graduate School of Oceanography')",0.0024057738572574178,0.016982647837876858,0.1432181003790054,0.1016698053916107,0.16304364425856016
"('7203588577', 'Unknown Dept')",0.0005346164127238706,0.0,0.11924266088674976,0.0012075798743018938,0.12861256072138738
"('0025171000', 'Materials Science & Engineering')",0.0010692328254477412,0.0,0.10115458453884217,3.248681618470914e-07,0.10907655458105808
"('0015941000', 'Unknown Dept')",0.0016038492381716118,0.0016037062926067124,0.08190476190476191,1.5869957573969033e-09,0.08682486511722427
"('0010819000', 'Sch. of Human Evol. and Social Change')",0.0010692328254477412,0.0,0.1385093857603021,0.0001760940818016218,0.15379011002153647
"('0017749000', 'Unknown Dept')",0.004276931301790965,0.016005069049375285,0.15304995295176532,0.0017211047953036773,0.1741166470682019
"('0021303000', 'Electrical and Computer Engineering')",0.0010692328254477412,0.0,0.1003056628056628,4.675709049735229e-07,0.10847360987139056
"('0037549000', 'Civil & Environmental Engineering')",0.0005346164127238706,0.0,0.1352299016772701,0.0002067556873271849,0.1476071383248616
"('0011098000', 'Unknown Dept')",0.0016038492381716118,0.0,0.12052967330369224,0.00010559134333026041,0.13303494605147986
"('0018093000', 'Electrical & Computer Engineering')",0.0018711574445335472,8.025028671371341e-05,0.12855670103092784,0.0005078482185988545,0.1416866976775468
"('0021998000', 'Communication Studies')",0.0013365410318096765,0.002418742388155606,0.1310745944430819,2.2560196502011424e-05,0.14366075980597975
"('0027854000', 'Linguistics')",0.0013365410318096765,0.0005346164127238706,0.12425269031486648,5.566862349930137e-05,0.13487136248764248
"('0014811000', 'Psychology')",0.0010692328254477412,0.0,0.08782308613282626,6.003068664093696e-07,0.09318824964253108
"('0025734000', 'Education')",0.0005346164127238706,0.0,0.09656934871834585,2.6792637733151148e-08,0.1014040317672734
"('0011643000', 'Biological Sciences')",0.0002673082063619353,0.0,0.09094445119727726,9.078214176524241e-08,0.09635278152769551
"('0036616000', 'Department of Electrical & Computer Eng.')",0.0013365410318096765,0.0,0.12458787091617544,1.6802504741676084e-05,0.1342994125637184
"('0032102000', 'Computer Science')",0.0016038492381716118,0.002136750304116689,0.1154380226494276,0.0002015961431097478,0.12378483803550991
"('6250035115', 'Unknown Dept')",0.0008019246190858059,0.0,0.12220298565968706,0.0004966547612685094,0.13235492005186425
"('0023879000', 'Computer Science')",0.002673082063619353,0.021733979826345576,0.13761265403715284,0.00032206505342275,0.15414666635243165
"('0015982001', 'Mathematics and Science Education')",0.0005346164127238706,0.0,0.1261379728909569,0.0005335879386056703,0.1404021551675923
"('0035352000', 'Unknown Dept')",0.0002673082063619353,0.0,0.12492903656703958,1.92617277828237e-05,0.13550322109439966
"('0027110000', 'Cornell Tech')",0.0005346164127238706,0.0005346164127238706,0.11072961373390558,2.084842008003838e-06,0.11814930746896846
"('0037549000', 'Architecture + Design')",0.0008019246190858059,0.0,0.1265690022668065,0.0002565825402687011,0.13784131903618746
"('0036582000', 'Jackson School of Geosciences')",0.0008019246190858059,0.0,0.1188864524740204,4.237120806885647e-05,0.12815179039765104
"('0010827000', 'School of Earth & Sustainability')",0.0013365410318096765,0.0010689469343179423,0.11141223420096492,3.969708657853939e-05,0.1192298745820073
"('0021030000', 'Hearing and Speech Sciences')",0.0010692328254477412,0.0005346164127238706,0.1302758044295863,0.0019941213522602043,0.14210559884825344
"('0021303000', 'Faculty of Computing and Data Sciences')",0.0008019246190858059,0.0,0.1003056628056628,4.118111099085422e-07,0.10838450713593659
"('0035097000', 'Computer Science')",0.0008019246190858059,0.0010689469343179423,0.10761751337667567,1.1953747719767405e-05,0.11629995911081524
"('0029058000', 'Computer Science')",0.0021384656508954825,0.0021374650319411865,0.09305044274201572,2.6154232757859618e-05,0.09976411180821779
"('0033290000', 'Dept. of Materials Science & Engineering')",0.0005346164127238706,0.0,0.12655615696887687,4.372808186089701e-05,0.13737482848997684
"('0034256000', 'School of Computing')",0.0021384656508954825,0.004803828654010266,0.12585365853658537,0.0008296372322302555,0.14200995923305965
"('0036525000', 'Mathematics')",0.0008019246190858059,0.006121999001557522,0.13157709622960045,9.553230261717384e-05,0.14285549461973007
"('0029769000', 'Division of Student Success')",0.0010692328254477412,0.0,0.10631767414101799,6.953419207510124e-05,0.11555111718739593
"('0013136000', 'Physics Department')",0.0002673082063619353,0.0,0.10804332129963899,4.769135613449378e-06,0.11426368863027919
"('0034256000', 'Department of Materials Science and Engi')",0.0002673082063619353,0.0,0.10753708175232839,3.15591004191915e-05,0.11635235640082435
"('0013201000', 'MCDB')",0.0018711574445335472,0.0003387522295253792,0.12301065368933316,0.00010701364327521807,0.1328912845151825
"('5300004653', 'School of Engineering and Computer Sci.')",0.0008019246190858059,0.0,0.1077011659709227,8.977608732989238e-06,0.11587421016226522
"('0027854000', 'Mech. & Aero. Eng., Civil & Urban Eng.')",0.0010692328254477412,0.0005346164127238706,0.11211004225478738,8.400595262523243e-05,0.12092948187575209
"('0021998000', 'College of Computer Science')",0.0005346164127238706,0.0023463441466220233,0.12897776245474918,4.0613076177953227e-05,0.13925703847162552
"('0015693000', 'Literature, Media & Culture')",0.0005346164127238706,0.0,0.09324294010617881,6.421555375889303e-08,0.09879320919496423
"('0015354000', 'Animal Sciences')",0.0005346164127238706,0.0,0.13061694773227192,0.00017126846738148464,0.14385672573971617
"('6250004409', 'Conservation Medicine')",0.0010692328254477412,0.0,0.1003056628056628,4.675709049735229e-07,0.10847360987139056
"('0035303000', 'Electrical Engineering & Computer Scienc')",0.0013365410318096765,0.013288370442276534,0.14303739389768297,0.07675559248015663,0.16227927007798706
"('0011551000', 'Department of Geography & Envir. Studies')",0.0013365410318096765,0.0,0.09009464634058233,4.2339612883892114e-06,0.09637648824148287
"('0021303000', 'Unknown Dept')",0.0045442395081529,0.01543268907767233,0.11147531213683363,3.095904887034729e-06,0.12415845217085093
"('0035303040', 'Forestry, Wildlife, and Fisheries')",0.0010692328254477412,0.0,0.10482515131136516,3.539597691649166e-05,0.11405931255219554
"('7203583249', 'Process Research and Development')",0.0002673082063619353,0.0,0.13324073084731275,9.433233849832004e-05,0.14600213023298467
"('0024232000', 'Industrial and Systems Engineering')",0.0010692328254477412,0.0002672367335794856,0.1330606437844567,0.0007906990342256764,0.14706797178376083
"('0036368000', 'Mathematics')",0.0008019246190858059,0.0,0.10621805792163544,1.2965363650651952e-05,0.1146612366527149
"('0014316000', 'Department of Geography & Spatial Scienc')",0.0008019246190858059,0.0,0.10658726992991054,2.7335498457513496e-06,0.11508363368002857
"('0013169000', 'Political Science')",0.0013365410318096765,0.0010689469343179423,0.09925709737330857,2.0982732986255056e-07,0.10556838942236164
"('0014456000', 'Department of Computer Science')",0.0005346164127238706,0.0,0.13157709622960045,0.000302962302881244,0.14275288924447022
"('6250003653', 'Teaching & Learning, Science')",0.0010692328254477412,0.0,0.12400556881463802,0.0008648534712122807,0.13462979589329951
"('0034017000', 'Epidemiology')",0.0010692328254477412,0.0,0.1006510977184675,8.828256781597529e-07,0.10766736928099953
"('0025171000', 'Dept. of Electrical & Computer Engineer')",0.0008019246190858059,0.0,0.10108625162127108,1.0503444229860038e-07,0.10785084547690535
"('0028381000', 'Division of Information Technology')",0.0008019246190858059,0.0,0.08332219697982093,1.4812906306171644e-07,0.08767917671142926
"('0017756000', 'Department of Physics')",0.0010692328254477412,0.0,0.10855434971853055,3.6286216892427464e-05,0.11597927371713192
"('0026880000', 'Economics and Business')",0.0010692328254477412,0.0,0.10083286164793402,1.3040257565367044e-05,0.10719859262655959
"('0016105000', 'Hawai?i Institute of Marine Biology')",0.0002673082063619353,0.0,0.10014991701022648,3.274825209200639e-07,0.10592911498167558
"('0023259000', 'Ecology and Evolutionary Biology')",0.0008019246190858059,0.0005346164127238706,0.10637511373976342,2.3944418399808086e-05,0.11470700488578539
"('0033290000', 'Architectural Engineering and School of')",0.0005346164127238706,0.0,0.13058959053304012,6.777502455293838e-05,0.14135773856751355
"('0036327060', 'Mechanical Engineering')",0.0021384656508954825,0.0021374412076803698,0.1201773266086286,6.295521558807294e-05,0.13062976487725342
"('0015354000', 'CISE')",0.0005346164127238706,0.0,0.12623586974860806,0.0017457191409607459,0.13740183191513494
"('0023259000', 'AOSS')",0.0005346164127238706,0.0,0.10413361169102296,9.787834086103787e-06,0.11082692184512909
"('0096354000', 'CIARA - Center for Internet Augmented Re')",0.0005346164127238706,0.0,0.09716630736863978,1.3635248153870575e-06,0.10320708102976724
"('0017392000', 'Industrial Eng. & Mgmt. Sciences')",0.0005346164127238706,0.0,0.10426712004236462,4.7651555238101305e-06,0.11065956662328974
"('0014316000', 'Information Technologies')",0.0008019246190858059,0.0,0.1065751239245627,2.7128898967211987e-06,0.11490542820912061
"('0013284000', 'Occupational Therapy')",0.0008019246190858059,0.0,0.13068539090337455,4.849284563302809e-05,0.14370610970096886
"('0022681000', 'Annis Water Resources Institute')",0.0005346164127238706,0.0,0.11943681757231339,6.90488069565882e-05,0.1288793832184971
"('0023879000', 'Chemistry')",0.0016038492381716118,0.005531129064741142,0.13462645746365337,4.039807976176676e-05,0.14861845061972515
"('0033795000', 'Mechanical Engineering')",0.0002673082063619353,0.0,0.11856993439193686,0.00021740083898196086,0.12714580182149415
"('0013706000', 'Inst of Cognitive Science')",0.0013365410318096765,0.0010689469343179423,0.10979367827898923,7.287023563090915e-06,0.11747506035797846
"('0012492000', 'Biology Department')",0.0002673082063619353,0.0,0.11137906395141121,4.995523370996197e-06,0.11870956947670373
"('0024232000', 'Unknown Dept')",0.0005346164127238706,0.0,0.11744207948766246,0.00016168565454303602,0.12649213534207496
"('0013151000', 'Civil & Environmental Engineering')",0.0008019246190858059,0.0,0.11739416951705527,1.8492891558646072e-06,0.1257963456404416
"('5300004653', 'College of Science and Engineering')",0.0008019246190858059,0.0,0.09726483282200614,1.42248479945061e-06,0.10337337653130682
"('0015354000', 'Research Computing - UFIT')",0.0002673082063619353,0.0,0.14268822946067586,0.06587826493451046,0.1604494817606287
"('0037986000', 'Applied Physics Laboratory')",0.0010692328254477412,0.0069142099032600286,0.13058959053304012,7.159301498962355e-05,0.14476853891095176
"('0001057000', 'Civil & Environmental Engineering')",0.0005346164127238706,0.0,0.11121681481701698,3.2049009497388228e-06,0.1196922480690508
"('0032565000', 'Educational Technology & Psychology')",0.0008019246190858059,0.0,0.10908613751676678,3.808526546314955e-06,0.11600060958167391
"('0013706000', 'Mechanical Engineering')",0.0013365410318096765,0.0008017816735209065,0.11592451426977782,7.662506909800724e-06,0.12552399410859644
"('0058891000', 'Biostatistics and Epidemiology')",0.0010692328254477412,0.0,0.09215647632655072,9.254235447482785e-07,0.09950278514482586
"('0026575000', 'Computer Science')",0.0018711574445335472,0.009798761760841105,0.12189638318670577,1.7647649747684217e-05,0.13373337356544154
"('0022335000', 'Computer Science')",0.0002673082063619353,0.0,0.11288813784362835,1.629218323205851e-06,0.12064645009359262
"('0013482000', 'Civil and Environmental Engineering')",0.00400962309542903,0.014471753597506956,0.13668749314918338,0.00022436494133036002,0.15280496771722873
"('7203587587', 'Unknown Dept')",0.0002673082063619353,0.0,0.1273098519652884,3.6877427376339463e-05,0.13995702859552064
"('0025890000', 'Electrical Engineering')",0.0010692328254477412,0.0,0.07830455259026688,2.1485580842507022e-08,0.08501945167462495
"('0010819000', 'Physics')",0.0005346164127238706,0.0,0.1426936720448564,0.07525203460009972,0.16058313586380968
"('0001057000', 'Department of Philosophy')",0.0002673082063619353,0.0,0.1014535987416608,2.4508045420088347e-07,0.10692998914423688
"('0027110000', 'Cornell Jeb E Brooks School of Public Po')",0.0005346164127238706,0.0,0.12415784408084697,1.9557686822775048e-05,0.13421124447234203
"('0011510001', 'Psychology')",0.0008019246190858059,0.00896534409694366,0.13638849392978233,0.00013499671928667045,0.15033762366230338
"('0026633000', 'Biology')",0.0018711574445335472,0.01100384094150212,0.11593529193008553,9.708615129779459e-06,0.12646293532420155
"('0028381000', 'History / Africana Studies')",0.0005346164127238706,0.0,0.11082802547770701,6.197279179483569e-05,0.1187141973830015
"('0025692000', 'Civil and Environmental Engineering')",0.0021384656508954825,0.002136750304116689,0.12293789023989483,0.0009582130116835109,0.13619846071258887
"('5300004653', 'Computing and Mathematical Sciences')",0.0002673082063619353,0.0,0.10769496502288627,7.135421029514424e-06,0.11560690195590331
"('0038950000', 'Educational Psychology')",0.0010692328254477412,0.0004289139808598518,0.1456435412286849,0.003586968705530764,0.16216626822728533
"('0013508000', 'Center for Collaborative Conservation')",0.0013365410318096765,0.0,0.09896301782974445,2.9586563457304107e-05,0.106916787421794
"('4003045000', 'Unknown Dept')",0.0016038492381716118,0.0122269918392377,0.10530612244897959,3.3798494514296016e-07,0.11427902146201811
"('0037986000', 'Bioengineering')",0.0008019246190858059,0.0,0.12587483176312247,5.074108725469607e-05,0.1392233579046637
"('0036616000', 'Unknown Dept')",0.005078855920876771,0.01638733124648033,0.12204351939451277,5.347026887421701e-06,0.13599651224952033
"('0015693000', 'Biomedical Engineering')",0.0021384656508954825,0.025439060744568254,0.15245120013040467,0.0007641688867859789,0.17359765149460413
"('0039545000', 'Physics')",0.002673082063619353,0.006934003462141581,0.07428367188896169,5.937788452003793e-11,0.07960304348724445
"('0035451000', 'Unknown Dept')",0.0008019246190858059,0.0005346164127238706,0.12663755458515283,0.001942873925918469,0.1403087375137947
"('0016162000', 'Electrical and Computer Engineering')",0.0016038492381716118,0.003736311175341318,0.11498739779922543,3.5645716859951996e-05,0.1252434577868552
"('0023879000', 'Department of Fisheries, Wildlife & CB')",0.0002673082063619353,0.0,0.11671658554848371,3.038749225852567e-05,0.124815728183098
"('0013177000', 'Electrical & Computer Engineering')",0.0013365410318096765,1.253714596753934e-05,0.13815133498282803,0.00020707494043531986,0.15386870453901352
"('P269984332', 'Unknown Dept')",0.0005346164127238706,0.0,0.09843441652414156,1.5262189110803394e-06,0.10438943362842941
"('0026633000', 'Department of Economics')",0.0008019246190858059,0.0,0.09921761039649914,5.701157318611042e-07,0.1066509762833863
"('0016105000', 'Department of Oceanography')",0.0008019246190858059,1.4294556489943064e-07,0.1112929136669245,3.4359124897066973e-06,0.11962791648362023
"('0014480000', 'Radiology')",0.0008019246190858059,0.0,0.1261422261186229,9.945354088711941e-05,0.13617768521537665
"('0035097000', 'Leadership')",0.0010692328254477412,0.0,0.10761441762793775,1.6850903607343826e-05,0.1163445104785422
"('4100756000', 'Science Education')",0.0010692328254477412,0.0,0.1116816431322208,0.0024804110243602656,0.12016679193078976
"('0027078000', 'Marine Geology and geophysics')",0.0005346164127238706,0.0,0.11054637865311309,5.311157227259514e-07,0.11946107744835718
"('0015792001', 'Chemistry and Biochemistry')",0.0005346164127238706,0.0,0.1096456519827662,1.1398161864317146e-06,0.11827833528490879
"('0018697000', 'Industrial & Manufacturing Systems Engin')",0.0010692328254477412,0.0,0.08733308432159866,1.662606203385158e-07,0.09367377392672017
"('0017392000', 'Molecular Biosciences')",0.0016038492381716118,0.0026702231523213645,0.11363222161472572,4.7506811884573004e-06,0.12420162398435282
"('4002995000', 'Plant Biology and Conservation')",0.0002673082063619353,0.0,0.12576903681290974,0.0004135240287950855,0.140584315465796
"('0022301000', 'Geology and Geophysics')",0.0013365410318096765,0.0018086329620791532,0.10670888242341263,3.057159087117116e-06,0.1161453017836498
"('0026997000', 'Chemistry')",0.0002673082063619353,0.0,0.07729019462005703,4.115975149389842e-07,0.08070085797690849
"('0010819000', 'Civil, Environmental and Sustainable Eng')",0.0010692328254477412,0.0,0.13215812343236655,0.012150543819604726,0.14496696871396225
"('0015511000', 'School of Education')",0.0008019246190858059,0.0,0.1234083261859207,3.766537694412488e-05,0.13387762030150874
"('4000600000', 'Unknown Dept')",0.0008019246190858059,0.0,0.12500417683028703,0.01194134643989878,0.13666858884380972
"('0014266000', 'Mechanical Engineering')",0.0010692328254477412,0.0010689469343179423,0.09752854684811513,8.805063776273096e-06,0.10478643877280387
"('7203576416', 'Community Environmental Health Program')",0.0005346164127238706,0.0,0.08955116696588869,8.086848171142818e-07,0.0948685662010321
"('0029728000', 'Department of Entomology & Plant Patholo')",0.0010692328254477412,0.0,0.1401701075349395,0.001156706422929454,0.15609050498432153
"('0022335000', 'Global School')",0.0002673082063619353,0.0,0.1080090079685876,5.089017990997019e-05,0.11712049444256767
"('0026294000', 'Human Ecology')",0.0010692328254477412,0.0,0.08136323104025751,9.723541448781584e-10,0.08627768457843508
"('0023879000', 'Mathematics')",0.0016038492381716118,0.012607371704915236,0.12617200674536255,4.521205386799263e-05,0.13964251595436494
"('0013201000', 'Psychology')",0.0002673082063619353,0.0,0.11875813466239167,1.892777620788921e-05,0.12735760954060765
"('0013151000', 'Bioengineering')",0.0002673082063619353,0.0,0.10443886097152429,7.96292125105341e-07,0.11104740539709398
"('0013144000', 'Department of Mathematics')",0.0002673082063619353,0.0,0.08960908306984766,1.245135683165211e-07,0.09383311038670766
"('0036566000', 'Computer Science & Engineering')",0.0008019246190858059,0.0005346164127238706,0.13015795699672952,0.001961504616053985,0.14166885079723074
"('0500330000', 'Computer Science')",0.0008019246190858059,0.0,0.08707492493540954,5.957215507594661e-09,0.09226046698475728
"('0031252000', 'Engineering Education')",0.002673082063619353,0.020682538319220966,0.1447811447811448,0.0010993996628745626,0.16259761355992347
"('0013144000', 'Department of Chemical & Biomolecular En')",0.0002673082063619353,0.0,0.12856995566553253,9.42154558194051e-06,0.1402064284145993
"('6250038251', 'Unknown Dept')",0.0005346164127238706,0.0,0.12233886000196213,2.8023384377663896e-05,0.13192765783559662
"('4006680000', 'Infrastruture Security Environment')",0.0024057738572574178,0.003736311175341318,0.10054289400129005,0.00025166950264537497,0.10882335858395858
"('0028829000', 'Physics')",0.0016038492381716118,0.0032045536739154362,0.1076051314502675,5.024036547151284e-06,0.11562725642693962
"('0034710000', 'Research Computing Services')",0.0037423148890670943,0.0053368726655202425,0.1094531730009655,3.1256628907565155e-06,0.11868902391438146
"('6250027514', 'Information Technolgoy Services - Cyberi')",0.0037423148890670943,0.007463592955833154,0.13762784195423441,0.00012865048261201782,0.15305933184488793
"('0020776000', 'Earth and Planetary Sciences')",0.0002673082063619353,0.0,0.1273098519652884,3.6877427376339463e-05,0.13995702859552064
"('0013201000', 'Earth Research Institute')",0.0005346164127238706,0.0,0.1090829566992273,1.8712641919851304e-06,0.1196394592231584
"('0096354000', 'University of Graduate School')",0.0013365410318096765,0.0,0.13624444606307815,0.017102688596799157,0.15180090076842293
"('0018697000', 'Computer Science Department')",0.0002673082063619353,0.0,0.0774951319550897,2.039719450467784e-08,0.08145002226848148
"('0029751000', 'Political Science')",0.0005346164127238706,0.0,0.10410173642030277,8.434208827875674e-06,0.11058188932263063
"('0013177000', 'Center for Memory and Recording Research')",0.0008019246190858059,0.0,0.13728944181437852,0.00017670858898489344,0.1524026173872809
"('5300010311', 'Environmental genomics and systems biolo')",0.0008019246190858059,0.0,0.12599353361174728,0.00044316959842022785,0.1369158214451632
"('0025171000', 'English')",0.0010692328254477412,0.0,0.10115458453884217,3.248681618470914e-07,0.10907655458105808
"('0032102000', 'COAS')",0.0008019246190858059,0.0,0.12341646872525733,6.474151543932438e-06,0.13736842061468257
"('0103648000', 'Science')",0.0002673082063619353,0.0,0.11137574801274226,4.346522586456892e-06,0.11866501810897673
"('0017756000', 'Electrical & Computer Engineering')",0.0010692328254477412,0.0010690898798828418,0.09795758051846033,7.430029340881681e-06,0.10372473130196774
"('0013151000', 'Electrical Engineering Department')",0.0008019246190858059,0.0005346164127238706,0.10444760867744367,8.97427749683756e-07,0.11135926497118291
"('0016162000', 'Micron Schools of Materials Science and')",0.0008019246190858059,0.0,0.10314878129480534,4.613109433919461e-06,0.11021025298101264
"('0029728000', 'Crop and Soil Sciences')",0.0005346164127238706,0.0,0.11950931220649778,8.14837237446097e-05,0.12942818396777878
"('0016162000', 'Unknown Dept')",0.0013365410318096765,0.0010690898798828418,0.12047145203361995,6.479002152052747e-05,0.13244686799748365
"('4062600000', 'Unknown Dept')",0.005078855920876771,0.01035265618902259,0.14961606143017117,0.0012696614738370382,0.17064809165497916
"('0020107000', 'Mechanical Engineering')",0.0010692328254477412,0.0,0.08001283285210138,4.427000520538007e-08,0.08445223500942298
"('0010827000', 'Educational Specialities')",0.0005346164127238706,0.0,0.09268618998067489,1.184393011579264e-07,0.09822726951501495
"('0028381000', 'SoMAS')",0.0002673082063619353,0.0,0.09977596415426468,5.746513855999196e-06,0.10515799793359942
"('6250014191', 'Unknown Dept')",0.0008019246190858059,0.0,0.11137906395141121,0.0015594687545200277,0.11987275216201057
"('0037457000', 'Graduate Arts & Sciences')",0.0005346164127238706,0.0,0.10469900086759397,3.5876674035438303e-06,0.11063663931121541
"('0018259000', 'Technology Leadership and Communication')",0.0008019246190858059,0.0,0.14333333333333334,0.0008801677027336459,0.1604138725193965
"('0023259000', 'Civil & Environmental Engineering')",0.0010692328254477412,0.0,0.1328291435875586,0.000621274630993932,0.1492884539360795
"('0018408000', 'Dept. of Computer Science & Engineering')",0.0002673082063619353,0.0,0.10669975186104218,6.4067758556468185e-06,0.11301288088093342
"('0025163000', 'Dept. of Fisheries and Wildlife Sciences')",0.0010692328254477412,0.0,0.09533396192757575,1.0612834598618551e-06,0.10271440275685584
"('0021030000', 'Electrical and Computer Engineering')",0.0013365410318096765,0.002195381155361524,0.11570938108935697,2.4426971258279154e-06,0.12561269030442043
"('0032169000', 'Applied Linguistics')",0.0008019246190858059,0.0,0.09009681614565772,3.162613359584309e-06,0.09617600708671142
"('0010835000', 'department of Soil, Water and Environmen')",0.0008019246190858059,0.0,0.14274812073110238,0.08900440747736525,0.16094400194239825
"('0013706000', 'Astrophysical and Planetary Sciences')",0.0002673082063619353,0.0,0.11296313071836217,5.594717077413126e-06,0.12154453026871878
"('0001065000', 'Unknown Dept')",0.0005346164127238706,0.0,0.08802560060236711,7.623709258742697e-07,0.0931571295233547
"('0025650000', 'Agricultural Economics')",0.0013365410318096765,0.0,0.08663131324826899,4.2267435813899626e-08,0.09200104416893955
"('0023259000', 'Institute for Social Research')",0.0013365410318096765,0.0,0.14276991184215548,0.0003149716890471403,0.1599185488406624
"('0029744000', 'RENCI')",0.0010692328254477412,0.0,0.09866807332190426,4.652015499875148e-07,0.10488345416556911
"('0038950000', 'Department of Biomedical Engineering')",0.0002673082063619353,0.0,0.13556803768798695,0.0017027042304055035,0.14851183999787743
"('4091876000', 'Merit Research')",0.0010692328254477412,0.0016029915647822151,0.11397148427979527,1.477652620575383e-06,0.12122751384909337
"('0010819000', 'Sustainability and the Built Environment')",0.0008019246190858059,0.0,0.1426991150442478,0.0827976535775432,0.16071678996699063
"('0035295000', 'Computational Engineering')",0.0010692328254477412,0.0,0.10506066052572456,0.00023561265073788657,0.11412059832621999
"('0010553000', 'Space Science')",0.0010692328254477412,0.0,0.14407301856273588,0.00028420895774902905,0.16260793747632188
"('0016162000', 'Materials Science and Engineering')",0.00400962309542903,0.02259615680896402,0.13689757382808213,0.0004668871070331452,0.1559578671211299
"('0017756000', 'Biochemistry')",0.0005346164127238706,0.0,0.14200576981475857,0.0004946669864192405,0.15705180051257753
"('0022301000', 'Unknown Dept')",0.0018711574445335472,0.004279295224705796,0.10271546635182999,2.9442183310839285e-06,0.1109774981595511
"('0017590000', 'Unknown Dept')",0.0010692328254477412,0.0,0.10879427674053394,8.018097928945869e-07,0.1175995237507563
"('0023879000', 'Civil Engineering Department')",0.0010692328254477412,0.0,0.12529725022607763,0.00032672675408843227,0.135864066834868
"('4025938000', 'Unknown Dept')",0.0013365410318096765,0.004268926350156597,0.1301217391304348,2.3256651819802644e-05,0.14297235216087628
"('0017756000', 'Discovery Partners Institute')",0.0016038492381716118,0.0010689469343179423,0.13851964305550413,0.0001799638376206158,0.1540574182278984
"('0037549000', 'Mechanical Engineering')",0.0018711574445335472,0.0073719976128078625,0.1387920160273058,0.0001681874492092236,0.1520145270245514
"('0026575000', 'Chemical and Materials Engineering')",0.0021384656508954825,0.002136750304116689,0.09830508474576272,3.945734151695175e-07,0.10589409802272788
"('0028381000', 'Yang Institute for Theoretical Phys. Sto')",0.0010692328254477412,0.0,0.08332405283203778,1.6997136632973506e-07,0.08781283081461022
"('P270033622', 'Unknown Dept')",0.0002673082063619353,0.0,0.11923886020271562,2.068400177902268e-05,0.12905136677838225
"('0035691000', 'Electrical and Computer Engineering')",0.0005346164127238706,0.0,0.0975132937128558,3.4119450850836985e-07,0.10382320370880967
"('0016162000', 'Anthropology')",0.0005346164127238706,0.0,0.09351798615103868,5.437705968586992e-07,0.09868393332297873
"('0001057000', 'Human Computer Interaction Institute')",0.0029403902699812884,0.009062319977929206,0.12724922616415524,1.5856414058335465e-05,0.14009734766197443
"('0015354000', 'Department of Computer & Information Sci')",0.0008019246190858059,0.0,0.12457127634777397,0.0018749808967308175,0.13546430138899196
"('0013284000', 'Civil Engineering')",0.0005346164127238706,0.0,0.1130177336032144,3.1487228652407114e-06,0.11981039167934789
"('0023879000', 'Speech-Language-Hearing Sciences')",0.0002673082063619353,0.0,0.08438218974150764,3.0090710826281374e-09,0.08763781018967362
"('0025692000', 'School of Life Sciences')",0.0024057738572574178,0.0023155055157479147,0.09540446801999387,1.9896731021919113e-07,0.10315936128108115
"('0020107000', 'School of Education')",0.0013365410318096765,0.002136750304116689,0.12688237688237688,0.0023312942261349808,0.13927982412993567
"('0036327060', 'Chemical Engineering')",0.0013365410318096765,1.2865100840948758e-06,0.12063461352423334,6.681678337438361e-05,0.13234293513964762
"('0026633000', 'Civil Engineering')",0.0021384656508954825,0.0010689469343179423,0.12042491549975858,4.902967407372928e-05,0.13149472504795318
"('0014316000', 'College of Marine and Earth Studies')",0.0010692328254477412,0.0,0.10103438031706592,2.05923312404303e-06,0.10698376597239641
"('0022301000', 'Marine Chemistry and Geochemistry')",0.0021384656508954825,0.006349357247987344,0.1106608294385612,2.3893350193934504e-06,0.12292594819529308
"('0010512000', 'Physics and Astronomy')",0.0010692328254477412,0.0,0.1397407642598334,0.00032584516067660354,0.15418380287713757
"('0031849000', 'Management Information Systems')",0.0008019246190858059,0.0,0.0920091492658452,7.988435345679164e-07,0.09850006114691345
"('0036616000', 'Civil Engineering')",0.0021384656508954825,0.005604333029811923,0.11704890335095898,5.167909668921397e-05,0.12643046386029458
"('7203590731', 'Technology')",0.0010692328254477412,0.0,0.09086934343802376,1.0267203313154393e-06,0.09627971655248727
"('0013128000', 'Environmental Science, Policy & Managem')",0.0005346164127238706,0.0,0.12901334620822844,0.011387324962924985,0.14162440999850878
"('0026864000', 'Unknown Dept')",0.0018711574445335472,0.002136750304116689,0.11212684330416017,8.846381235469527e-05,0.12141954692074897
"('0027078000', 'Psychology')",0.0016038492381716118,0.009070555996676279,0.1252008032128514,1.53227735762477e-05,0.13741142275553758
"('0036582000', 'Architecture')",0.0010692328254477412,0.0,0.09724966205677446,7.804367779013922e-07,0.1032995485505021
"('0021030000', 'Unknown Dept')",0.006682705159048383,0.03410902348916546,0.14975980784627702,0.015362392896680462,0.16995680557228215
"('0027110000', 'Chemical Engineering')",0.0002673082063619353,0.0,0.11616208663251049,4.483419637866833e-05,0.1250043234706426
"('0018093000', 'IUCF')",0.0005346164127238706,0.0,0.12143344045184536,2.7850089946082804e-05,0.13031182405609928
"('0013169000', 'Unknown Dept')",0.0005346164127238706,0.0005346164127238706,0.09030124553442116,2.1900658151615743e-08,0.09486396801535085
"('0013144000', 'Urban Planning and Public Policy')",0.0008019246190858059,0.0,0.128578793607149,1.1862794685164303e-05,0.14047373662096121
"('0010819000', 'Unknown Dept')",0.019246190858059342,0.14056058034254437,0.16642939763324138,0.6447700227657138,0.20166446535732802
"('7203576416', 'Unknown Dept')",0.0005346164127238706,0.0,0.08955116696588869,8.086848171142818e-07,0.09486856620103211
"('5300004653', 'Physical and Environmental Sciences')",0.0013365410318096765,0.0005346164127238706,0.09727494929533517,2.9893671248892434e-06,0.1037075117892592
"('0029207000', 'Radiology')",0.0002673082063619353,0.0,0.12702454925129877,2.685533203760883e-05,0.1371422597866074
"('0030908000', 'Center of Healthy Aging, Self-Management')",0.0005346164127238706,0.0,0.08092323000713837,1.221052157442021e-07,0.08505392650762503
"('0037986000', 'Mechanical Engineering')",0.0021384656508954825,0.005185887335110256,0.13455382512678488,0.0004631896739731002,0.14877309712561446
"('0033290000', 'Penn State Harrisburg')",0.0013365410318096765,0.0,0.14666562120202298,0.001234246046423542,0.1630158003955117
"('0010819000', 'School of Public Affairs')",0.0008019246190858059,0.0,0.14270455845889757,0.08380481824513455,0.16076134133471762
"('0015644000', 'Computer Science')",0.0005346164127238706,0.010557933110870218,0.1388229182128544,7.732314401421821e-05,0.1527638133356571
"('0034256000', 'School of Mathematical and Statistical S')",0.0010692328254477412,0.0005346164127238706,0.11861128725428027,0.00024830807574800263,0.12772942473871773
"('0027078000', 'Electrical Engineering')",0.0024057738572574178,0.004226301054990822,0.12065795839380745,2.4687658628264878e-06,0.1327337399363202
"('0013177010', 'Geosciences Research Division')",0.0029403902699812884,0.020872424201784937,0.14785392459094143,0.00046873885757096716,0.16741385299572
"('0026278000', 'Geosciences')",0.0005346164127238706,0.0005346164127238706,0.103462580894961,5.911011186055624e-08,0.11125389819667711
"('0036327000', 'Sociology')",0.0005346164127238706,0.0,0.1322889776866226,0.0015242994654323903,0.1500569573497544
"('7203587408', 'Unknown Dept')",0.0010692328254477412,0.0,0.11618373241405013,7.215513669436338e-05,0.12547656796854867
"('0096354000', 'Biological Sciences')",0.0005346164127238706,0.0,0.12685226001152894,0.002440237614876698,0.1387006563494849
"('0017749000', 'University Research Administration')",0.0013365410318096765,0.0005346164127238706,0.14277536065949165,0.00027101393516616945,0.15996310020838936
"('0010827000', 'Mechanical Engineering')",0.0010692328254477412,0.0,0.14358088658606794,0.10093349221572648,0.16217486365842446
"('6250026896', 'Unknown Dept')",0.0005346164127238706,0.0,0.14263926487970413,0.000627332474105086,0.15715779619796358
"('0037549000', 'Institute for Creativity, Arts, and Tech')",0.0008019246190858059,7.147278244971532e-08,0.13523479015291184,0.00022846782478243155,0.14774079242804253
"('0029769000', 'Office of the Provost')",0.0010692328254477412,0.0,0.10631767414101799,6.953419207510124e-05,0.11555111718739593
"('0029751000', 'Computer Science')",0.0010692328254477412,0.0,0.11618373241405013,7.215513669436338e-05,0.12547656796854867
"('0011015000', 'STEM Education Center')",0.0016038492381716118,0.009579354086170444,0.1375974694718258,0.003254401021524853,0.15378452552316907
"('0010827000', 'School of Earth Sci. & Env. Sustain.')",0.0008019246190858059,0.0,0.09335928726510444,1.4125138335142702e-07,0.09958916060296068
"('0036756000', 'Department of Chemistry')",0.0018711574445335472,0.004271213479194988,0.07720884155779828,1.2383531157398546e-09,0.08227513013590876
"('0022301000', 'Applied Ocean Physics and Engineering')",0.0008019246190858059,0.0,0.1251924235325614,2.5579226267055575e-05,0.13704342552153265
"('0029975000', 'Electrical and Computer Engineering')",0.0005346164127238706,0.0026702231523213645,0.10452056325435852,4.187829372536454e-06,0.11123595890376581
"('0027078000', 'L-DEO')",0.0002673082063619353,0.0,0.11757865292139422,1.252272306596665e-06,0.12798224775546152
"('0035295000', 'Computer Science and Engineering')",0.0021384656508954825,0.007263784799655691,0.11422551983145553,0.001555698653317958,0.12564346575148955
"('0028381000', 'Institute Advanced Computational Science')",0.0008019246190858059,0.0,0.08332219697982093,1.4812906306171644e-07,0.08767917671142927
"('0014266000', 'Chemical Engineering')",0.0002673082063619353,0.0,0.08161706955231696,9.522081443171726e-08,0.08555470770467773
"('0036327000', 'Department of Geography')",0.0010692328254477412,0.0,0.123424612339162,3.8862122262784805e-05,0.13374409827898262
"('0010819000', 'Arts, Media, and Engineering')",0.0010692328254477412,0.0,0.1456832431169438,0.0951583697521049,0.1642271766369601
"('0025171000', 'Mechanical and Aerospace Engineering')",0.0010692328254477412,0.0016029915647822151,0.11243688386631402,7.945664070456146e-07,0.12205527531178999
"('5300001194', 'Neuroscience')",0.0016038492381716118,0.0,0.11921606118546844,4.361263852898547e-06,0.1309949092915208
"('0035097000', 'CREP')",0.0010692328254477412,0.0,0.10761441762793775,1.6850903607343826e-05,0.1163445104785422
"('0035303000', 'Microbiology')",0.0002673082063619353,0.0,0.11923886020271562,2.068400177902268e-05,0.12905136677838225
"('0016162000', 'Civil Engineering')",0.0008019246190858059,0.0,0.1296931877275091,9.28838467537314e-05,0.14310488432027282
"('0034140000', 'Chemical Engineering')",0.0010692328254477412,0.0,0.09304118583366494,2.51067126662478e-05,0.09922949539549397
"('0014811000', 'Comp & Electr Eng and Computer Science')",0.0008019246190858059,0.0,0.13880231522707034,0.0015836090361282772,0.15233083765561717
"('0032169000', 'Geography')",0.0021384656508954825,0.004269641077981094,0.0990101630319712,2.390901386007665e-05,0.10791919319565123
"('0034017000', 'Computer Science')",0.0018711574445335472,0.0032046966194803355,0.11190212676856809,5.982701159297461e-06,0.12196786396795148
"('0001057000', 'Mechanical Engineering')",0.0005346164127238706,0.0,0.12710223218836,1.3937311821560904e-05,0.13806580529362378
"('0038950000', 'School of Journalism and Mass Communicat')",0.0008019246190858059,0.0,0.11307580703663402,1.1804209151545008e-05,0.12176702391747855
"('0014266000', 'Yale Quantum Institute')",0.0008019246190858059,0.0,0.09240002963914343,7.449036604523238e-08,0.09675659287687771
"('0013706000', 'University of Colorado Boulder Anthropol')",0.0002673082063619353,0.0,0.10977434783884504,5.658194513404916e-06,0.11685134120980062
"('0039545000', 'CREOL, The College of Optics & Photonics')",0.0002673082063619353,0.0,0.06468625179395847,9.368521961166092e-13,0.06748565404919886
"('0014456000', 'Biology')",0.0010692328254477412,0.0016029915647822151,0.10972605150466358,2.987816587165164e-07,0.11818228502847355
"('0001479000', 'Educational Leadership & Policy Studies')",0.0008019246190858059,0.0,0.11195570851414036,4.367179974515503e-05,0.1197361416687792
"('0021246000', 'Unknown Dept')",0.0002673082063619353,0.0,0.12573099415204678,0.00022313815490307513,0.13561281892924965
"('0014241000', 'Physics and Mathematics')",0.0005346164127238706,0.0,0.1456378712967649,0.00027050557688394175,0.16153971584652324
"('0038000000', 'Institute of Biological Chemistry')",0.0002673082063619353,0.0,0.09488421639992899,3.7312618934051705e-06,0.10124221427829849
"('0014456000', 'Computer Science')",0.0005346164127238706,0.0,0.13157709622960045,0.000302962302881244,0.14275288924447022
"('6250028082', 'Unknown Dept')",0.0002673082063619353,0.0,0.11373240507098775,3.833235435809449e-05,0.12142010380653054
"('0015693000', 'Chemical & Biomolecular Engineering')",0.0008019246190858059,0.0008895422752315641,0.12794555217346695,2.426869552412115e-05,0.13996436227437767
"('0038000000', 'School of Biological Sciences')",0.0013365410318096765,0.0005346164127238706,0.10482808865973604,3.574914219529523e-05,0.11419296665537652
"('0036442000', 'Educational Psychology, Leadership, and')",0.0008019246190858059,0.0,0.108984443279147,5.165022007772168e-05,0.11856996085733129
"('0026294000', 'Plant Biology and Pathology')",0.0002673082063619353,0.0,0.09701008738946659,3.268522542967949e-08,0.1036124730212816
"('0031849000', 'Institute for Quality Communities')",0.0008019246190858059,0.0,0.07795049174862477,1.5679596223658013e-08,0.08270982969780187
"('0026963000', 'electrical engineering technology')",0.0010692328254477412,0.0,0.10408725411090398,4.117858542138823e-07,0.11142670542055533
"('6250006425', 'Computer Science')",0.0010692328254477412,0.0,0.13227026835908495,0.0002311903529814344,0.14419819169217876
"('0016105000', 'Institute for Astronomy')",0.0008019246190858059,0.0,0.12098965071151359,1.765761449261488e-05,0.13058781938623013
"('0035949000', 'Mathematics')",0.0008019246190858059,0.0,0.09843441652414156,1.546575494892149e-06,0.1045008120477469
"('0020776000', 'Mechanical Engineering')",0.0005346164127238706,0.0005346164127238706,0.11209996404171162,6.673509761985735e-05,0.12061762230166315
"('0039545000', 'Florida Space Institute, University of C')",0.0010692328254477412,0.0,0.09651204788194624,6.5494053827703694e-06,0.1036281514575226
"('0013177000', 'Pediatrics')",0.0008019246190858059,0.0,0.12603173533672474,0.0004565125428671918,0.13702127414684692
"('0010819000', 'Computing, Informatics, Decision Systems')",0.0010692328254477412,0.0,0.10480459448101975,3.309790280922735e-05,0.11376972866197019
"('0017590000', 'Civil Engineering')",0.0010692328254477412,0.0,0.09814003515307328,1.265208977426442e-07,0.10452027655610197
"('0010819000', 'The Design School')",0.0002673082063619353,0.0,0.1248915003004607,0.008551086964148347,0.13588893990858744
"('7203587855', 'Unknown Dept')",0.0002673082063619353,0.0,0.118600006340551,4.736734594297285e-05,0.1274820482972989
"('0096354000', 'Research & Economic Development')",0.0013365410318096765,0.0,0.13624444606307815,0.017102688596799157,0.15180090076842293
"('0039453000', 'UPR-MSC-Institute of Neurobiology-CREST')",0.0010692328254477412,0.0,0.10767946577629382,3.673738036776419e-07,0.11568903219440248
"('0025197000', 'Unknown Dept')",0.0008019246190858059,0.0,0.12136253041362531,1.4865893239337765e-05,0.13132155345113558
"('0001057000', 'Pittsburgh Super Computing Center')",0.0016038492381716118,0.0003469071924869834,0.15256310917173035,0.0016223743778385437,0.17261783105455036
"('0010868000', 'Unknown Dept')",0.0018711574445335472,0.0,0.09758706143211164,1.4537742954426338e-05,0.10441310100715444
"('0023259000', 'School of Information')",0.0002673082063619353,0.0,0.12819985607073095,2.5865838678886553e-05,0.14005006998721467
"('0018408000', 'Department of Chemistry and Biochemistry')",0.0010692328254477412,0.0,0.12945980551614356,0.0002061903169762632,0.14145068506405797
"('7203582078', 'Mechanical Engineering')",0.0010692328254477412,0.0,0.11063792032650165,5.120946060560299e-05,0.11802874276811637
"('0020537000', 'Frontier Institute for Research in Senso')",0.0008019246190858059,0.0,0.06821041115872004,3.2534255017961433e-10,0.07300867895559925
"('0035691000', 'Mathematics')",0.0002673082063619353,0.0,0.11373240507098775,3.833235435809449e-05,0.12142010380653054
"('0025064000', 'Department of Earth and Atmospheric Scie')",0.0008019246190858059,0.002932515328172493,0.1415490559612547,0.00021148137104473055,0.15642627957831537
"('0038950000', 'Department of Computer Sciences')",0.0002673082063619353,0.0,0.13033480820820123,6.995442869515482e-05,0.1420500359641299
"('0010835000', 'Hydrology and Atmospheric Sciences')",0.0018711574445335472,0.007718988434675255,0.1208138220571613,4.8564300534438825e-05,0.1326034243322739
"('5300002828', 'Unknown Dept')",0.0018711574445335472,0.0,0.09922813718469006,1.2026629159130113e-06,0.10718559269611012
"('6250007085', 'Natural Sciences')",0.0010692328254477412,0.0,0.13713845815462444,0.0009556673846426717,0.15109364224240027
"('0025650000', 'Ag Leadership, Education & Communication')",0.0010692328254477412,0.0,0.12959883600083144,5.478856304196635e-05,0.14334291770715132
"('0035949000', 'Information Science')",0.0029403902699812884,0.0037371688487307145,0.10023310023310024,5.703636465173057e-07,0.10894267762090926
"('0021030000', 'Chemical and Biomolecular Engineering')",0.0002673082063619353,0.0,0.13025766016713092,0.0015696608282154743,0.1416600851709836
"('0023887000', 'Chemistry and Biochemistry')",0.0005346164127238706,0.0,0.09837488166614074,4.107161540180152e-07,0.10448446920422261
"('0010819000', 'Civil and Environmental Engineering')",0.0008019246190858059,0.0,0.12375124048957989,0.00026590296595711393,0.13414993998040461
"('0020081000', 'Mechanical Engineering Program')",0.0010692328254477412,0.0,0.10758965804837364,1.6505698185163166e-05,0.11615739473408887
"('0013128000', 'Physics')",0.0002673082063619353,0.0,0.10892415198718881,5.9528494167220256e-05,0.11584377333822976
"('0025650000', 'Educational Psychology')",0.0005346164127238706,0.0,0.08661927805691264,2.7001082747507507e-08,0.09146642775621566
"('7203589348', 'Unknown Dept')",0.0002673082063619353,0.0,0.10503706199460916,3.6383086515800495e-06,0.11097469993880063
"('0018259000', 'Civil Eng/Environ & Ecological Eng')",0.0008019246190858059,0.0,0.13917410714285713,0.003646085025093448,0.15476059959820979
"('6250042415', 'Unknown Dept')",0.0005346164127238706,0.0,0.1130177336032144,3.1487228652407114e-06,0.11981039167934789
"('0015982001', 'Chemical, Materials and Biomedical Engin')",0.0010692328254477412,0.0,0.12970218077176437,6.482773665410166e-05,0.1421919748403316
"('0035303000', 'Industrial & Systems Engineering')",0.0008019246190858059,0.0,0.10481927710843374,3.067740776629141e-05,0.1138811070812876
"('0011098000', 'Department of Physiology and Biophysics')",0.0002673082063619353,0.0,0.14237868696479544,0.0005546577454122521,0.15813814622602804
"('0022905000', 'Computational Math Sci and Engr')",0.0013365410318096765,0.0,0.14422854499190377,0.0015848037348368176,0.1615536851102204
"('0027078000', 'Marine and Large Programs')",0.0010692328254477412,0.0,0.11614405464141571,2.6032255427205557e-06,0.12635038568089044
"('0030908000', 'School of Communication')",0.0002673082063619353,0.0,0.10673323823109843,8.497323637504192e-07,0.1135971897056077
"('0020297000', 'Physics')",0.0013365410318096765,0.0,0.13819726634650906,0.00023783990790019014,0.15175602334430682
"('0018259000', 'Electrical & Computer Engineering')",0.0005346164127238706,3.973955804874076e-05,0.14524207011686144,0.020074520573634676,0.16141374255849
"('0023275000', 'Computer Science')",0.0002673082063619353,0.0,0.09110391349877019,5.870385812315029e-08,0.09663626873698684
"('0023259000', 'Mechanical Engineering')",0.004276931301790965,0.02388812428162718,0.14704610667819662,0.00025181228711030723,0.1672521617955365
"('0022210000', 'Unknown Dept')",0.003475006682705159,0.012074107583962082,0.11637528774964226,4.791517934870287e-05,0.1274057920963427
"('0033795000', 'Biological Sciences')",0.0005346164127238706,0.0,0.12710223218836,1.3937311821560904e-05,0.13806580529362378
"('0020537000', 'Physics and Astronomy Department')",0.0010692328254477412,0.0,0.07125171415511199,1.6457720674188018e-09,0.07738244452628308
"('7203583983', 'City Managers Office - Facilities')",0.0010692328254477412,0.0,0.08733308432159866,1.662606203385158e-07,0.09367377392672019
"('0036582000', 'Department of Molecular Biosciences')",0.0010692328254477412,0.0,0.13507853403141362,0.0002631761792951765,0.14807041061050744
"('4057006000', 'Finance and Infrastructure')",0.0013365410318096765,0.030380592683977085,0.16014554794520547,0.0008504006904849355,0.180412961093064
"('0027854000', 'Electrical  and Computer Engineering')",0.0008019246190858059,0.003567827039589914,0.12670618120237087,0.0002545999935245231,0.13755923381023685
"('0017749000', 'Consortium for Advanced Science and Engi')",0.0002673082063619353,0.0,0.1327395947911862,0.0001763085090782637,0.1450027605688194
"('0037986000', 'Chemical Engineering')",0.0005346164127238706,0.0016029915647822151,0.10065380579546372,7.220640016496487e-07,0.10737523959833256
"('4000032000', 'Unknown Dept')",0.0021384656508954825,0.005334585536481852,0.10679417642021125,4.400508944707165e-05,0.11680127751922902
"('0033290000', 'Information Sciences and Technology')",0.0008019246190858059,0.0,0.10231934795689514,1.910414500156207e-07,0.10756987752588197
"('5300002735', 'Unknown Dept')",0.0008019246190858059,0.0,0.12457127634777397,0.0018749808967308175,0.13546430138899196
"('0025684000', 'NRES')",0.0010692328254477412,0.0,0.11739048575373415,1.5572687284699125e-06,0.1278832015063669
"('0010512000', 'Department of Geography')",0.0010692328254477412,0.0,0.10031911185004425,0.0001960158263311633,0.10720201666590456
"('0017400000', 'Schoool of Education and Social Policy')",0.0002673082063619353,0.0,0.1385606874328679,9.9184666125593e-05,0.1537589871155141
"('0021055000', 'Unknown Dept')",0.0029403902699812884,0.004803590411402101,0.10563917205545986,1.1209311938038342e-06,0.11412867695875617
"('0028381000', 'Yang Institute for Theoretical Physics')",0.0010692328254477412,0.0,0.09086934343802376,1.0267203313154393e-06,0.09627971655248727
"('0001289000', 'Medicine, Division of Pulmonary Sciences')",0.0010692328254477412,0.0,0.07168039854378233,1.862187204972943e-10,0.07544250326346517
"('0015693000', 'G.W. Woodruff School of Mechanical Engin')",0.0010692328254477412,0.0,0.11456132292145153,3.823047978610725e-06,0.12379818846208131
"('0015941000', 'Sociology')",0.0005346164127238706,0.0,0.08916271420740282,6.7370135628846255e-09,0.09428316872889597
"('0013144000', 'Dept. of Computer Science')",0.0002673082063619353,0.0,0.1232863168995518,3.968344638839014e-06,0.13215798980280863
"('0010819000', 'Physics Department')",0.0010692328254477412,0.0,0.11696838945689898,1.110909200113705e-05,0.12614958036781554
"('7203588757', 'Unknown Dept')",0.0010692328254477412,0.0,0.14462442494297753,0.0005958447623128299,0.1604590140175547
"('4002457000', 'Dolan DNA Learning Center')",0.0008019246190858059,0.0,0.10966493712074575,3.7116192471973864e-06,0.11714514713154124
"('0026575000', 'Water Resources Research Institute')",0.0008019246190858059,0.0,0.10877213386444916,2.2958157980435604e-06,0.1170651026009761
"('0019893001', 'Graduate School')",0.0002673082063619353,0.0,0.11239972358260975,6.92353331773916e-07,0.12134245342815815
"('0032102000', 'School of Electrical Engineering and Com')",0.0024057738572574178,0.0004845104749162788,0.12056851875725151,0.00012804576871522008,0.13364975492611228
"('0023259000', 'School of Education')",0.0008019246190858059,0.0,0.1003271830079382,4.092119741688675e-07,0.10865181534229854
"('0035352000', 'Civil & Environmental Engineering')",0.0016038492381716118,0.0,0.09651204788194624,7.759569136545954e-06,0.10379235507000206
"('0010835000', 'Department of Geosciences')",0.0016038492381716118,0.031039208416220706,0.11222775544489111,4.658874279327886e-05,0.12242334730836464
"('0016717000', 'Steans Center')",0.0010692328254477412,0.0,0.09111722726940595,7.407890898067734e-08,0.09637299586637287
"('4003110000', 'National Solar Observatory')",0.0008019246190858059,0.0,0.13015795699672952,0.0001636593883211694,0.14265678167913556
"('0026294000', 'Department of Mathematics')",0.0016038492381716118,0.0032046966194803355,0.109156162464986,1.1510210288543941e-05,0.11765914213081421
"('0035105000', 'Mathematical Sciences')",0.0010692328254477412,0.0,0.11282004885551435,2.874072814249811e-06,0.12058662397121639
"('4000093000', 'Usable Security and Privacy')",0.0002673082063619353,0.0,0.1006510977184675,4.723364746835507e-06,0.10579172345045
"('0036582000', 'Electrical and Computer Engineering')",0.0024057738572574178,0.030615947462717102,0.15711225903993953,0.0025119391397388302,0.17732044419093282
"('0039545000', 'Physics Department')",0.0002673082063619353,0.0,0.06914844457588584,6.131868281412171e-12,0.07254990930814968
"('0025163000', 'Electrical Engineering and Computer Scie')",0.0010692328254477412,0.0005346164127238706,0.11125650557620818,0.001345620311776708,0.11960406498474285
"('0019489001', 'Dept of Ecology and Evolutionary Biology')",0.0010692328254477412,0.0,0.10457023060796646,1.4258111130575438e-06,0.11179942342012875
"('6250007085', 'Department of Natural Sciences')",0.0013365410318096765,0.0005346164127238706,0.13714348559278539,0.0009648199217337192,0.15122729634558124
"('0021550000', 'Physics')",0.0008019246190858059,0.0010689469343179423,0.10501052631578947,7.012870886221895e-06,0.11156390900100793
"('0013284000', 'Rossier School of Education')",0.0008019246190858059,0.0026702231523213645,0.11927687794924118,2.118556263397982e-05,0.12957707291756074
"('0013136000', 'Electrical & Computer Engineering')",0.0002673082063619353,0.0,0.10108625162127108,7.15773078435707e-07,0.10708298804540746
"('0037986000', 'Department of Biochemistry')",0.0010692328254477412,0.0010689469343179423,0.13862229962574574,0.0022136052171580884,0.1522993627308697
"('0037986000', 'Computer  Science & Engineering')",0.0005346164127238706,0.0,0.1211973952765089,1.0904121435071015e-05,0.1348359902454438
"('0036566000', 'The Department of CSE')",0.0005346164127238706,0.0,0.13015342866089136,0.0019429247986892282,0.1415351966940498
"('0029728000', 'Physics')",0.0008019246190858059,0.0005346164127238706,0.13039386545834786,0.000167330074290217,0.14174285346746401
"('0028936000', 'Mathematical Sciences')",0.0010692328254477412,0.0,0.12711086949135267,1.807801700178138e-05,0.13833311349998578
"('0030908000', 'The School of Environment and Natural Re')",0.0010692328254477412,0.0,0.12525529848997222,5.543941007668819e-05,0.13591403584386808
"('7203592685', 'Unknown Dept')",0.0002673082063619353,0.0,0.1225071225071225,0.00023261804804498737,0.1315131859001859
"('0027078000', 'Department of Computer Science')",0.0016038492381716118,0.012819806967264973,0.13309378112992742,4.870770017090411e-05,0.14852927726694826
"('0036475000', 'Engineering Science')",0.0002673082063619353,0.0,0.13339751818570816,0.00020968759835215207,0.1447973426822671
"('0028829000', 'Department of Mech., Aero., Manuf. Eng.')",0.0002673082063619353,0.0,0.0885653409090909,5.448197585254234e-08,0.09261374871417824
"('0018929000', 'Anatomy & Cell Biology')",0.0008019246190858059,0.0,0.07818018432216672,1.8232324817454876e-08,0.08385655490226554
"('0032243000', 'Shiley School of Engineering')",0.0008019246190858059,0.0,0.09010332618801031,3.1762174847333074e-06,0.0963096611898924
"('0013508000', 'Agricultural Biology')",0.0010692328254477412,0.0,0.10879427674053394,8.018097928945869e-07,0.1175995237507563
"('0014811000', 'Computer and Electrical Engineering')",0.0005346164127238706,0.0,0.11612242364042712,0.00013398107961880515,0.12381901081780793
"('0013706000', 'Linguistics')",0.0005346164127238706,0.0,0.0989368454458902,8.301756952455189e-07,0.10413725044603693
"('0017392000', 'Political Science')",0.0016038492381716118,0.0010689469343179423,0.13919482065783598,0.00015073545009114403,0.1560052246464348
"('0037457000', 'Electrical and Computer Engineering')",0.0002673082063619353,0.0,0.10510493636389177,2.902752052018261e-07,0.11277647354808285
"('0010819000', 'School of Sustainability, Arizona State')",0.0005346164127238706,0.0,0.1426936720448564,0.07337524378374316,0.16058313586380968
"('5300013006', 'Plant Sciences')",0.0002673082063619353,0.0,0.1385914866817323,0.0019385903660791466,0.15176474631814596
"('0037986000', 'The Information School')",0.0008019246190858059,0.0,0.11735734228440568,3.5028199620231976e-05,0.12620440086004484
"('0023879000', 'Biology Teaching and Learning')",0.0008019246190858059,0.0,0.12089971883786317,2.567775252606035e-06,0.13293814352001074
"('0026575000', 'Biology')",0.0008019246190858059,0.0,0.09143122494867534,6.905041094757773e-08,0.09755071581988548
"('0038968000', 'Physics')",0.0005346164127238706,0.0,0.07570269340510351,1.0426943346868403e-10,0.07909036117286987
"('0013177010', 'Ship Operations & Marine Tech Support')",0.0008019246190858059,0.0,0.1267018898597846,1.317988982823824e-05,0.1404849449320894
"('0010835000', 'Department of English')",0.0008019246190858059,0.0,0.11620538626409468,6.081764397148457e-05,0.12554339502013917
"('0020107000', 'Biological Sciences')",0.0005346164127238706,0.0,0.0951956842587409,8.212092791355201e-07,0.10217069285067605
"('0032094000', 'Behavioral Sciences Division')",0.0008019246190858059,0.0,0.10349406589758486,2.532144261391386e-05,0.10917546229163967
"('0010637000', 'Water and Environmental Research Center')",0.0002673082063619353,0.0,0.10166865963691706,3.7347622925967485e-07,0.10956951462741091
"('0035238000', 'Electrical and Computer Engineering')",0.0008019246190858059,0.0,0.0950868007015225,3.140173843341521e-05,0.10168722782751766
"('0010819000', 'Mechanical & Aerospace Engineering')",0.0013365410318096765,0.0005346164127238706,0.13216279234084646,0.01226672904793857,0.14510062281714317
"('0013706000', 'Civil, Environmental, and Architectural')",0.0005346164127238706,0.0,0.09825086668767728,3.459453244646425e-06,0.1047767210775136
"('0020107000', 'Office of Strategic Initiatives')",0.0016038492381716118,0.0005346164127238706,0.08695955369595537,1.6138525299087659e-07,0.09284202303482497
"('0010504000', 'Physics')",0.0013365410318096765,0.0005346164127238706,0.12713678844519966,1.8440829880521507e-05,0.13868952444180163
"('0011080000', 'Physics')",0.0018711574445335472,0.0,0.09758706143211164,1.4537742954426338e-05,0.10441310100715444
"('0013177000', 'Medicine')",0.0010692328254477412,0.0016358962908325943,0.14815841584158415,0.0002840767739433735,0.16709339321254968
"('0021030000', 'Smith School of Business and UMIACS')",0.0016038492381716118,0.0019738880147765255,0.11839356921324135,5.967860051024249e-06,0.1289155487518561
"('0030908000', 'School of Music')",0.0005346164127238706,0.0,0.10904480135249366,4.897003456114813e-05,0.11900656426105584
"('0018697000', 'Civil, Construction, and Env Engineering')",0.0016038492381716118,0.000888964173553054,0.11205295632900018,8.457487495828017e-05,0.12395529706546632
"('0026963000', 'Chemistry')",0.0002673082063619353,0.0,0.09427923387096775,4.2896026969804004e-08,0.09936304850622263
"('0010637000', 'International Arctic Research Cener')",0.0002673082063619353,0.0,0.10166865963691706,3.7347622925967485e-07,0.10956951462741091
"('0022335000', 'Robotics Engineering Department')",0.0016038492381716118,0.0026702231523213645,0.10804644177449169,6.690877480525722e-05,0.11802488720742554
"('0014266000', 'Department of Chemical Engineering')",0.0005346164127238706,0.0005346164127238706,0.08886830102622577,9.200725072128088e-07,0.09417008855829097
"('0035998000', 'Unknown Dept')",0.0008019246190858059,0.0,0.11173167672182067,4.932244904840136e-05,0.11914790733897647
"('6250012534', 'Unknown Dept')",0.0002673082063619353,0.0,0.11518566414188065,4.711130522415338e-06,0.1238073212699312
"('0036582000', 'Unknown Dept')",0.0056134723336006415,0.02973343238023091,0.1531000613873542,0.001207987228117319,0.174081024562179
"('0021998000', 'Chemistry & Chemical Biology')",0.0002673082063619353,0.0,0.13913787332167962,0.002878303719495704,0.1542705345532129
"('0013151000', 'Earth, Planetary, and Space Sciences')",0.0005346164127238706,0.0005346164127238706,0.1129767764926162,5.711925988771108e-06,0.12178956279121722
"('0010819000', 'School of Historical Philosophical and R')",0.0008019246190858059,0.0,0.0982947528836806,6.294844702166615e-06,0.10522668989155622
"('0022905000', 'Physics-astronomy')",0.0010692328254477412,0.0,0.13230301315603338,0.0019873167145488656,0.15036881692384327
"('5300004653', 'Physical and Environmental Science')",0.0002673082063619353,0.0,0.08865349068676241,3.0712696133940596e-07,0.0930613115833171
"('0022210000', 'Civil and Environmental Engineering')",0.0008019246190858059,0.0005346164127238706,0.08523775889174964,4.463873146891168e-08,0.08976347281623458
"('0014894000', 'Computer Science')",0.0005346164127238706,0.0005346164127238706,0.09352032398380081,4.93185661078176e-07,0.09872848469070573
"('0034710000', 'Office of Engineering Research')",0.0013365410318096765,0.0,0.10942115885226242,2.6969803178806477e-06,0.1174415856180258
"('0117119000', 'Department of Mathematics')",0.0016038492381716118,0.0,0.09111500803741049,1.2132613255025406e-07,0.09730453925289163
"('0025650000', 'Department of Computer Science and Engin')",0.0018711574445335472,0.025817098008334698,0.14877117633023146,0.002604739991746604,0.16630183131786974
"('0029728000', 'Plant and Microbial Biology')",0.002673082063619353,0.002191824280262452,0.13572050500653027,0.0007149054221160646,0.15162444326084176
"('0015941000', 'Environmental and Health Sciences')",0.0005346164127238706,0.0,0.10857010186609398,8.628366025926322e-07,0.11809987686667477
"('0096354000', 'TEACHING AND LEARNING')",0.0010692328254477412,0.0,0.1116816431322208,0.0024804110243602656,0.12016679193078976
"('0037549000', 'Biological Sciences')",0.0029403902699812884,0.010674041038829811,0.13706309078918444,0.0003495967019204164,0.15220939178437212
"('0015354000', 'Computer & Information Science & Enginee')",0.0002673082063619353,0.0,0.11844604863221884,1.8271120695905566e-05,0.12712038395325306
"('0027110000', 'Division of Nutritional Sciences')",0.0010692328254477412,0.0,0.10205139396584648,7.140790354725176e-07,0.10949894865847162
"('0013284000', 'Civil & Environmental Engineering')",0.0010692328254477412,0.016047229155686554,0.14603583557793653,0.00021648568478302346,0.16453912147223215
"('0017749000', 'Computational Institute')",0.0005346164127238706,0.0,0.1327725724020443,0.00020343677489313106,0.145319075279681
"('0036566000', 'Department of Mathematics')",0.0010692328254477412,0.0,0.1045673076923077,1.4114401177825819e-06,0.11175487205240175
"('0016931000', 'Department of Computer Science')",0.0005346164127238706,0.0,0.09813488628315102,9.431590442223018e-08,0.10420841698201305
"('0103952000', 'Engineering')",0.0002673082063619353,0.0,0.11965456580841197,0.00010331362486281675,0.13013352110184484
"('0029207000', 'Nicholas School of Environment')",0.0002673082063619353,0.0,0.11274184798987402,3.2128260218872795e-06,0.11969366338263397
"('0013284000', 'Aerospace and Mechanical Engineering')",0.0008019246190858059,0.0010690898798828418,0.11925406439273191,2.1126977557648793e-05,0.12940777772019815
"('0033290000', 'Social Science Research Institute')",0.0005346164127238706,0.0,0.12345719754471653,7.882620902059703e-06,0.13411094811325422
"('0010553000', 'Center for Space Plasma and Aeronomic Re')",0.0029403902699812884,0.009963856301618708,0.14424522845575477,0.00031854002432689404,0.1640781326113125
"('0022905000', 'Computational Math, Sci and Eng (CMSE)')",0.0013365410318096765,0.0,0.14422854499190377,0.0015848037348368176,0.1615536851102204
"('0032235000', 'School of Urban and Public Affairs')",0.0010692328254477412,0.0,0.12001154882586937,9.093360828569888e-06,0.1295598543693979
"('0114637000', 'Natural Sciences')",0.0005346164127238706,0.0,0.10158859470468432,3.338200934844928e-07,0.10899034684696013
"('0023259000', 'Chemical Engineering')",0.0005346164127238706,0.0020419150383739386,0.13581905315132153,9.22821736432829e-05,0.1494564376646085
"('0025650000', 'Agricultural Research Division / School')",0.0013365410318096765,0.0,0.12256331291157488,0.0004972988432404801,0.13244876462245272
"('0031849000', 'Chemical, Biological and Materials Engin')",0.0010692328254477412,0.0,0.1008709251220104,1.1038990800795192e-05,0.10959899385464275
"('0026294000', 'Physics and Astronomy Department')",0.0010692328254477412,0.0,0.1377951305757118,0.00044631859079290696,0.15167051750499183
"('0035303000', 'Theory and Practice in Teacher Education')",0.0018711574445335472,0.0016024197825226176,0.12532663316582915,0.010927371104679796,0.13826289136032544
"('0010512000', 'Chemical and Biological Engineering')",0.0008019246190858059,0.0005346164127238706,0.08362205780450187,2.6067005510215938e-06,0.08820857509546162
"('0015354000', 'Electrical Engineering')",0.0005346164127238706,0.0,0.10046459166957596,2.3533293535188218e-05,0.10629628601631248
"('0017756000', 'Mechanical Science and Engineering')",0.0018711574445335472,0.005333727863092455,0.12174167724299521,0.0002420231632312974,0.13251149481749985
"('0029751000', 'Mechanical Engineering Engineering Scien')",0.0010692328254477412,0.0,0.12590024904085617,8.51228087051834e-05,0.13723947719183424
"('0020107000', 'Bert S. Turner Department of Constructio')",0.0010692328254477412,0.0,0.11260949399476235,0.0003435017638169374,0.12093403049875025
"('P269892764', 'Civil, Architectural, and Environmental')",0.0008019246190858059,0.0,0.13041204768876805,9.869125506695536e-05,0.1425432817661171
"('0029728000', 'Computer Science')",0.0008019246190858059,0.003753355247037747,0.12460862034508027,2.7130288470861133e-05,0.13563137198509215
"('0015644000', 'Department of Environmental Sciences')",0.0016038492381716118,0.012948226999394949,0.13156321434851415,1.1702251694428995e-05,0.14672383568604527
"('0037457000', 'Weldon Cooper Center for Public Service')",0.0013365410318096765,0.0,0.1302758044295863,0.0026546098398537617,0.1421947015837074
"('0013128000', 'Materials Science and Engineering')",0.0016038492381716118,0.0010689469343179423,0.1290667586682767,0.002459383547090237,0.14166733608039883
"('0018259000', 'Forestry and Natural Resources')",0.0008019246190858059,0.0,0.14020688104340004,0.0037380706197759845,0.15606253135322895
"('0014175000', 'Ecology & Evolutionary Biology')",0.0018711574445335472,0.005333299026397757,0.10287081339712918,3.2616092107179315e-07,0.11030061240259065
"('0015354000', 'Department of Civil and Coastal Eng.')",0.0002673082063619353,0.0,0.13061238740311432,0.00015373511261546261,0.1437230716365352
"('0036582000', 'Civil, Architecture & Envir Engineering')",0.0010692328254477412,0.0,0.13507853403141362,0.0002631761792951765,0.14807041061050744
"('0029751000', 'Office of Assessment and Accreditation')",0.0002673082063619353,0.0,0.089619816496179,1.62373184875659e-07,0.09396676448988867
"('0021303000', 'Department of Physics')",0.0008019246190858059,0.0005346164127238706,0.09117718742383622,3.871635803978644e-08,0.09707623436650364
"('4202859000', 'Geography, CLES')",0.0002673082063619353,0.0,0.11274524577318344,5.261138099593561e-07,0.12298306144536991
"('0022301000', 'Physical Oceanography')",0.0010692328254477412,0.011695520228941617,0.1429881894278179,0.00019357206541705096,0.16085412756292905
"('0025684000', 'The Department of Electrical & Biomedica')",0.0016038492381716118,0.002136750304116689,0.12516310348288667,0.010366799419400023,0.13745640552978203
"('0013508000', 'Political Science')",0.0010692328254477412,0.0005346164127238706,0.13041659403869618,9.964120024609301e-05,0.14267693586929808
"('0037812000', 'Physical Sciences - Geology program')",0.0010692328254477412,0.0005346164127238706,0.12533083185366345,4.2249545941035545e-05,0.136636901027911
"('0500330000', 'CMES')",0.0016038492381716118,0.0010689469343179423,0.08343369463401579,4.47777800666215e-09,0.08886284803482859
"('0028936000', 'Unknown Dept')",0.0008019246190858059,0.0,0.1266246953696182,8.438777720677798e-06,0.1390858962223122
"('0020537000', 'Mechanical Engineering')",0.0018711574445335472,0.00972890419313648,0.07892238560367924,2.3063504871098127e-08,0.08718019082882317
"('0033290000', 'College of Information Sciences and Tech')",0.0005346164127238706,0.0,0.13638849392978233,0.0006999996585510658,0.14964694747172808
"('0013151000', 'Mechanical and Aerospace Engineering')",0.0008019246190858059,0.0,0.11739416951705527,1.8492891558646072e-06,0.12579634564044162
"('0025361000', 'Mathematics')",0.0008019246190858059,0.0,0.129913876927351,0.000417729364506377,0.14326552223504951
"('0026633000', 'Earth and Planetary Sciences')",0.0010692328254477412,0.0,0.10283687943262411,7.885648012775027e-07,0.1109473121401735
"('0037457000', 'Anthropology')",0.0005346164127238706,0.0,0.10469900086759397,3.5876674035438303e-06,0.11063663931121541
"('0028373000', 'Department of Communication')",0.0010692328254477412,0.0,0.14118046645029814,0.00020195360498063782,0.15565896205431107
"('0021055000', 'Computer Science & Electrical Eng.')",0.0010692328254477412,0.0,0.08359589729838439,1.1202763545704505e-08,0.08880676411040217
"('0014175000', 'Physiology and Neurobiology')",0.0008019246190858059,0.0,0.12517566753663922,0.012882229798324981,0.13697896337230772
"('4003554000', 'Physics')",0.0002673082063619353,0.0,0.11788246415629432,1.2070009832393324e-05,0.12568091969301984
"('0036962000', 'Computer Science')",0.0002673082063619353,0.0,0.1313507250447667,8.614678133632672e-05,0.1428017269937891
"('0036582000', 'Mathematics')",0.0010692328254477412,0.0005346164127238706,0.13279613787228,0.00018801632585434944,0.1450548378675892
"('0038950000', 'Chemical Engineering')",0.0008019246190858059,0.001526293571960576,0.1344909404659189,9.409591792942853e-05,0.14810819318284368
"('0025684000', 'Geography')",0.002673082063619353,0.015922134691887982,0.12315643929417962,0.0009882644850313276,0.13774884830948805
"('0014894000', 'Chemistry')",0.0010692328254477412,0.0,0.12114637305699481,6.984758238153045e-05,0.13060752244722662
"('0027110000', 'Earth and Atmospheric Sciences')",0.0010692328254477412,0.0,0.1301670146137787,0.00019236940924982838,0.1428349871500435
"('0025692000', 'Mechanical Engineering & Mechanics')",0.0008019246190858059,0.0,0.07795049174862477,1.5679596223658013e-08,0.08270982969780187
"('0021998000', ""Chancellor's Office"")",0.0002673082063619353,0.0,0.1313507250447667,8.614678133632672e-05,0.1428017269937891
"('4025938000', 'Economics')",0.0021384656508954825,0.0032054113473048325,0.1151892108261231,2.8518055050566753e-06,0.12432315593549537
"('0036327000', 'Geochemical and Environmental Research G')",0.0005346164127238706,0.0,0.09062280468011918,2.865827500481538e-08,0.09642343353634221
"('0017392000', 'ECE')",0.0002673082063619353,0.0,0.11503690036900369,3.565683668482152e-05,0.1235042592577138
"('0017392000', 'Computer Science')",0.0021384656508954825,0.009161711182009386,0.12998610145934678,0.0003449929103700276,0.14355926677498504
"('0039321000', 'Electrical & Computer Engineering')",0.0010692328254477412,0.0,0.13032118720824915,0.0014383317706516473,0.14250623551593097
"('0015511000', 'Department of Chemistry')",0.0018711574445335472,0.0030987476723107615,0.13101491910065138,6.604486412050985e-05,0.14254871216579426
"('0016105000', 'Office of the Chancellor')",0.0008019246190858059,0.0,0.11132271983335813,3.6306870274994783e-06,0.11983730791193707
"('6250023418', 'Unknown Dept')",0.0008019246190858059,0.0,0.10908613751676678,2.1126733570206968e-06,0.11977311332633939
"('0015693000', 'Computational Science and Engineering')",0.0010692328254477412,0.0017154135522577509,0.11525663934931296,1.2008116194118591e-05,0.12509536332358143
"('0033787000', 'Graduate School of Education')",0.0013365410318096765,0.0005346164127238706,0.12859205279802008,1.3782109438991994e-05,0.1407855961950501
"('0017400000', 'Department of Anthropology')",0.0010692328254477412,0.0,0.10205139396584648,7.140790354725176e-07,0.10949894865847162
"('0001024000', 'MS&E')",0.0010692328254477412,0.0,0.0945054945054945,1.9369239630507296e-07,0.10101688916069278
"('0029751000', 'Political Science and Public Administrat')",0.0005346164127238706,0.0,0.10410173642030277,8.434208827875674e-06,0.11058188932263063
"('P270071340', 'Unknown Dept')",0.0002673082063619353,0.0,0.11526374168104511,0.00020375098368561917,0.12283201735534383
"('0017756000', 'Chemical & Biomolecular Engineering')",0.0005346164127238706,0.0,0.11925786604609646,2.0531147040784497e-05,0.1282089787467399
"('0026294000', 'Center for Women and Work')",0.0008019246190858059,0.0,0.08136500065248597,8.674009927468925e-10,0.0861796715694357
"('0037457000', 'Mathematics')",0.0010692328254477412,0.0005346164127238706,0.09842923671955166,1.6891436263899601e-06,0.10452308773161038
"('0017749000', 'Booth School of Business')",0.0005346164127238706,0.0,0.1327867106804387,0.00020164713669542275,0.14540817801513495
"('0013706000', 'Psychology and Neuroscience')",0.0002673082063619353,0.0,0.1067149703331812,3.217153975683011e-05,0.11513060122946693
"('0011544000', 'Department of Computer Science')",0.0013365410318096765,9.529704326628709e-08,0.10156101533867246,4.722513035142185e-06,0.10895021701768905
"('0018697000', 'Computer Science')",0.0010692328254477412,0.0005346164127238706,0.08400323348452868,1.931275598868766e-07,0.08957455613311917
"('0032896000', 'Computer Science and Engineering')",0.0018711574445335472,0.006142240187911132,0.13063063063063063,4.553244366478689e-05,0.1427135417978151
"('0018093000', 'Education')",0.0013365410318096765,4.7538269967286764e-05,0.14527027027027026,0.0014640900866303619,0.1633089006550021
"('0035303000', 'Ecology and Evolutionary Biology')",0.0032076984763432237,0.00533773033890964,0.11708187280921382,0.00023318272783276898,0.13103248533870204
"('0013177000', 'Department of Structural Engineering')",0.0005346164127238706,0.0,0.12233886000196213,2.8023384377663896e-05,0.1319276578355966
"('0001479000', 'Academy for Teacher Excellence Research')",0.0008019246190858059,0.0,0.13096905195350791,0.00012879788029028041,0.14317276406820822
"('0036582000', 'Communication Studies')",0.0016038492381716118,0.0010689469343179423,0.1173757530120482,4.126640351941242e-05,0.12669446590504171
"('0034017000', 'Bio Med Ecology & Evolutionary Biology')",0.0010692328254477412,0.0,0.1006510977184675,8.828256781597529e-07,0.10766736928099953
"('0021550000', 'Engineering and Applied Sciences')",0.0002673082063619353,0.0,0.09624636599861072,3.297692573229691e-06,0.1026911886798204
"('0026880000', 'Earth and Atmospheric Sciences')",0.0002673082063619353,0.0,0.1105431121092134,4.764122773787847e-07,0.11932742334517624
"('0021303000', 'CDS')",0.0008019246190858059,0.0,0.1003056628056628,4.118111099085422e-07,0.1083845071359366
"('0027854000', 'ECE')",0.0005346164127238706,0.0,0.125284661754856,0.0002518157918215922,0.1355739043990852
"('0027854000', 'Electrical and Computer Engineering')",0.00400962309542903,0.041330551755874086,0.14198960033400387,0.002209447033784686,0.15912536185190604
"('0028381000', 'Physics & Astronomy')",0.0013365410318096765,0.006927713857286006,0.09991720306615742,6.83873832381527e-06,0.10685986018077032
"('0021998000', 'Marine Science Center')",0.0013365410318096765,0.003736311175341318,0.11625594331707013,1.981780903350726e-05,0.12505592579416794
"('0013052000', 'Genetics')",0.0002673082063619353,0.0,0.11652390593365519,0.00017673882835790193,0.12443810677217901
"('0014480000', 'Electrical Engineering & Computer Scienc')",0.0013365410318096765,0.0,0.120486972205224,3.626932329690485e-05,0.13107688403044318
"('0037986000', 'Information School')",0.0010692328254477412,0.0005346164127238706,0.11736102396787551,3.536778789864399e-05,0.1263380549632258
"('0018408000', 'Department of Computer Science and')",0.0008019246190858059,0.0,0.11945207229069545,0.00010892567973868604,0.12914669142485902
"('0011312000', 'Mechanical Engineering / Applied Physics')",0.0010692328254477412,0.0,0.12697712307378997,0.010366963190016355,0.1390384612417497
"('0013128000', 'Chemical and Biomolecular Engineering')",0.0005346164127238706,0.0005346164127238706,0.12400145845072756,0.0006060707638586805,0.13440703905466456
"('0013128000', 'Civil and Environmental Engineering')",0.0024057738572574178,0.004271070533630088,0.09141111789859499,3.5026730288523244e-05,0.09830820394280963
"('4005518000', 'Unknown Dept')",0.0024057738572574178,0.0021376079775060858,0.13838641660193096,0.0006210849681284356,0.15326841547771852
"('0025163000', 'Unknown Dept')",0.0021384656508954825,0.008811013220877288,0.08072242361470741,2.285181318861382e-08,0.08844139607556874
"('0028381000', 'Applied Mathematics and Statistics')",0.0002673082063619353,0.0,0.09978660976260337,7.303809825800007e-06,0.10531392772064387
"('0022194000', 'Engineering-Center for STEM Diversity')",0.0002673082063619353,0.0,0.11221428999940009,7.286617612369442e-07,0.12009024139549064
"('0022301000', 'Department of Geology and Geophysics')",0.0005346164127238706,0.0,0.09966697748767817,3.0522053301173157e-07,0.10786773864500802
"('0021550000', 'Anthropology')",0.0005346164127238706,0.0,0.11047455925346249,3.8375528914140696e-07,0.11881759365413565
"('0013284000', 'ECE-Electrophysics')",0.0013365410318096765,0.0,0.120486972205224,3.626932329690485e-05,0.13107688403044318
"('0031849000', 'Biology')",0.0010692328254477412,0.0,0.11699765441751368,0.00023109280576076466,0.12931725768121294
"('0036756000', 'City & Metropolitan Planning')",0.0021384656508954825,0.007448261946985024,0.12823061630218688,4.387217624681933e-05,0.14008129816068976
"('0010504000', 'Unknown Dept')",0.0024057738572574178,0.0010689469343179423,0.13902411832472408,0.0002743733977484984,0.1556262776556193
"('0034256000', 'Architecture')",0.0005346164127238706,0.0,0.11175504107542943,5.5825419570046656e-05,0.12178278144066515
"('0015693000', 'School of Earth and Atmospheric Science')",0.0010692328254477412,0.0,0.11098914139915741,2.1741598093319536e-06,0.12038214095150704
"('0027078000', 'Columbia Astrophysics Laboratory')",0.0005346164127238706,0.0005346164127238706,0.08631151512354936,7.846267153390703e-08,0.0904217439747901
"('0010819000', 'School of Earth & Space Exploration')",0.0005346164127238706,0.0,0.1426936720448564,0.07337524378374316,0.16058313586380968
"('0031849000', 'Computer Science')",0.0021384656508954825,0.0032046966194803355,0.08453473132372215,1.2188250583598815e-07,0.09139886396795119
"('0013706000', 'Electrical, Computer and Energy Engineer')",0.0010692328254477412,0.0,0.09648466716529544,6.418528554402638e-06,0.10324946483184318
"('6250004721', 'Life and Environmental Sciences')",0.0024057738572574178,0.005675007183533852,0.13592268284707335,0.00021054941720506428,0.14889185260075466
"('0036962000', 'Chemistry')",0.0008019246190858059,0.0,0.0846590780510987,1.2830635610060716e-07,0.09138896044962745
"('0038661000', 'Sustainability - ABS')",0.0013365410318096765,0.0010689469343179423,0.11181850789096126,1.1416689485363586e-05,0.11997597258740922
"('0015354000', 'School of Forest Resources and Conservat')",0.0010692328254477412,0.0,0.13062606934599671,0.00022742407763271322,0.1441240339460781
"('7203581657', 'Unknown Dept')",0.0008019246190858059,0.0,0.12514635533402468,0.009994940591394883,0.1370108918525121
"('0037986000', 'electrical and computer engineering')",0.0005346164127238706,0.0,0.12851695351953005,4.685002999569042e-05,0.14127019023417461
"('0013144000', 'Electrical Eng. & Computer  Science')",0.0010692328254477412,0.0016029915647822151,0.12859647313602146,9.81459868729497e-06,0.14074104482732316
"('0013144000', 'Public Health')",0.0008019246190858059,0.0,0.128578793607149,1.1862794685164303e-05,0.14047373662096121
"('0036137000', 'Physics')",0.0010692328254477412,0.0,0.12223093511076259,0.0005768598614457653,0.1326489590788624
"('0022905000', 'Mechanical Engineering')",0.0010692328254477412,0.0,0.14072903735470038,0.0006590355001769728,0.15535296700092227
"('0023879000', 'Electrical & Computer Engineering')",0.0005346164127238706,0.0,0.11656384370910451,7.216212267007412e-06,0.12567486224839725
"('0013177000', 'Hal?c?o?lu Data Science Institute')",0.0010692328254477412,0.0,0.13787638668779714,0.0002978538324795627,0.15370498308419334
"('5300004653', 'Physical & Environmental Sciences')",0.0018711574445335472,0.0010680892609285456,0.10773838666013881,1.1445203674114356e-05,0.11674296183294154
"('0021303000', 'Astronomy')",0.0016038492381716118,0.01644016941908352,0.1252091840149943,2.121831183577175e-05,0.13988153930886504
"('0001479000', 'Mechanical Engineering')",0.0008019246190858059,0.0,0.11653116531165311,4.7851087031055316e-05,0.12598716588291478
"('4203543000', 'Physiology')",0.0010692328254477412,0.0,0.12314833102903416,2.7563348155215754e-05,0.13382752986318638
"('0013284000', 'Information Sciences Institute')",0.0021384656508954825,0.006179389483923173,0.1301760734915443,4.593356842119325e-05,0.14407199763702513
"('0096354000', 'Institute of Water and Environment')",0.0008019246190858059,0.0,0.12685656154628688,0.0027536162776253858,0.13883431045266584
"('0080127000', 'Networkmaine')",0.0005346164127238706,0.0,0.07262385463581301,2.5029662694087613e-09,0.07740296598072267
"('0035295000', 'Mathematics')",0.0010692328254477412,0.0,0.09304118583366494,2.51067126662478e-05,0.09922949539549397
"('0027854000', 'Civil and Urban Engineering')",0.0002673082063619353,0.0,0.10081112398609501,8.585900074622024e-06,0.10661942484610874
"('0010504000', 'Materials Science and Engineering')",0.0010692328254477412,0.0,0.12619754419106732,5.242442988255093e-05,0.13886582718354945
"('0013482000', 'Geophysics Department')",0.0002673082063619353,0.0,0.10736425209505224,3.4782679310632937e-06,0.11409727184869169
"('0021550000', 'Mathematics')",0.0002673082063619353,0.0,0.11098255606977572,2.3440286258656807e-06,0.11899440448487537
"('0022905000', 'Lyman Briggs College')",0.0005346164127238706,0.0,0.1403541682299092,0.0002904702658278061,0.15435853162043114
"('0013508000', 'Electrical and Computer Engineering')",0.0024057738572574178,0.002670794934580962,0.1349129070648058,0.00014910941354673833,0.14944017470952148
"('0018697000', 'Department of Statistics')",0.0008019246190858059,0.0,0.08400134725496801,1.911752631651816e-07,0.0894409020299382
"('0029728000', 'Mathematics')",0.0016038492381716118,0.001603277455912014,0.11880716463414634,0.00033914474776048574,0.1318814498262817
"('0018697000', 'Civil, Construction, and Environmental E')",0.0010692328254477412,0.0,0.11192891122879454,7.880396388042767e-05,0.12290197544277819
"('0010637000', 'ACEP')",0.0002673082063619353,0.0,0.09506746969581459,9.05472434536527e-08,0.10162562295905084
"('0014480000', 'Electrical Engineering and Computer Scie')",0.0013365410318096765,0.0011531577910338026,0.13138301608484934,0.00010300611144708287,0.14215650250133124
"('0015941000', 'Department of Biology')",0.0008019246190858059,0.0,0.07570882156517515,2.0666849296458232e-10,0.0793353936953683
"('0036756000', 'Physics')",0.0010692328254477412,0.0010689469343179423,0.07168314555070131,1.4661486784341959e-10,0.07553160599891912
"('0011510001', 'Mathematics and Statistics')",0.0016038492381716118,0.0020421474758889127,0.11993459861502949,5.491544624216485e-06,0.1328920498414283
"('4030409000', 'Department of Psychological and Brain Sc')",0.0002673082063619353,0.0,0.10137112508129201,1.3635800675954255e-07,0.10644724325250948
"('0032102000', 'Center for Research on Lifelong STEM')",0.0008019246190858059,0.0,0.12290557855312438,1.0612573658706207e-05,0.13430626721394645
"('0015826000', 'Sociology')",0.0005346164127238706,0.0,0.1324669806309975,6.679851497787322e-05,0.14362310407819756
"('0025205000', 'Computer Science & Engineering')",0.0008019246190858059,0.0,0.10388492405098441,9.367951927673144e-07,0.11126929597788908
"('0020107000', 'Communication Sciences and Disorders')",0.0002673082063619353,0.0,0.11801634120950187,6.599074618566447e-06,0.12772513733631594
"('0032102000', 'Civil and Construction Engineering')",0.0021384656508954825,0.005869344894770622,0.130457525456828,0.0016635846663094268,0.14256346392119426
"('0015941000', 'Biology Department')",0.0008019246190858059,0.0,0.07570882156517515,2.0666849296458232e-10,0.0793353936953683
"('0013128000', 'CITRIS')",0.0010692328254477412,0.0,0.0837643581648418,5.167795544192581e-06,0.08869200268394134
"('0014449000', 'Unknown Dept')",0.0021384656508954825,0.0037905413830628953,0.11345990537425694,5.110996593398736e-07,0.12433619867107222
"('0035352000', 'Biomedical Engineering Department')",0.0002673082063619353,0.0,0.09648466716529544,3.7527991685677114e-06,0.10290132771546229
"('5300005189', 'Unknown Dept')",0.0005346164127238706,0.0,0.11114081996434938,0.0013920278364450331,0.11913182048683668
"('0032235000', 'Environmental Studies & Geography')",0.0002673082063619353,0.0,0.09137093031775884,2.5477290444822863e-05,0.09683800880781894
"('0037549000', 'Industrial and Systems Engineering/CHPM')",0.0002673082063619353,0.0,0.1365926683218928,9.288168421441395e-05,0.14890011673940215
"('0014316000', 'Department of Geological Sciences')",0.0010692328254477412,0.0,0.10103438031706592,2.05923312404303e-06,0.10698376597239641
"('0013169000', 'Botany and Plant Sciences')",0.002673082063619353,0.007297358686343208,0.1317207140593641,4.6554998772311636e-05,0.1470209284027159
"('0030908000', 'Polar Rock Repository')",0.0005346164127238706,0.0,0.056650059814952226,4.753979300821811e-13,0.05938892904277421
"('7203589249', 'Unknown Dept')",0.0010692328254477412,0.0,0.09648466716529544,6.418528554402638e-06,0.10324946483184318
"('0026278000', 'Unknown Dept')",0.0008019246190858059,0.0,0.13962081062924536,0.00012601164075362134,0.15593574572771765
"('7203583343', 'Unknown Dept')",0.0008019246190858059,0.0,0.1120126953709803,7.506968093282932e-05,0.12322019949797096
"('0033787000', 'Research Servicesa')",0.0010692328254477412,0.0,0.14276991184215548,0.0002684088900579826,0.1598294461052084
"('0010827000', 'Merriam-Powell Center for Environmental')",0.0016038492381716118,3.8118817306514835e-07,0.11141223420096492,4.659925394327846e-05,0.11931897731746126
"('0032102000', 'Chemical, Biological & Environmental Eng')",0.0010692328254477412,0.0,0.12584519124028662,8.355818718339837e-05,0.1372040940893194
"('0036525000', 'ECE/CS')",0.0002673082063619353,0.0,0.11745682888540031,0.0001678296589168135,0.12514151322939468
"('0020107000', 'Mechanical and Industrial Engineering')",0.0010692328254477412,0.0,0.08001283285210138,4.427000520538007e-08,0.08445223500942296
"('0018259000', 'Department of Chemical Engineering')",0.0010692328254477412,0.0,0.14023315965063538,0.004452141771482883,0.15637439092731784
"('0030908001', 'Evolution Ecology and Organismal Biolog')",0.0010692328254477412,0.0,0.11361841705642957,0.0003158148121870518,0.12383681932186513
"('0023259000', 'Naval Architecture & Marine Engineering')",0.0002673082063619353,0.0,0.14274812073110238,0.00018527114066465325,0.15938393242793855
"('0021030000', 'Institute for Advanced Computer Studies')",0.0005346164127238706,0.0,0.1162198266488552,5.323957244468896e-06,0.12538306516724707
"('0017392000', 'Mathematics')",0.0008019246190858059,0.0010441816283827102,0.10573172799728675,1.8886299536684516e-06,0.11405202407949472
"('P269791068', 'Mathematical Biosciences Institute')",0.0008019246190858059,0.0,0.0982947528836806,6.294844702166615e-06,0.1052266898915562
"('0027078000', 'Department of Environmental Health Scien')",0.0005346164127238706,0.0,0.10595332502548997,3.9858682184814143e-07,0.11333882218581211
"('0027854000', 'Anthropology')",0.0010692328254477412,0.0005346164127238706,0.11211004225478738,8.400595262523243e-05,0.12092948187575207
"('0020776000', 'Department of Physics and Astronomy')",0.0002673082063619353,0.0,0.1129460781353783,4.2893975566453874e-06,0.12139751075521972
"('P269851267', 'Information Science')",0.0005346164127238706,0.0,0.13058959053304012,6.777502455293837e-05,0.14135773856751355
"('0018093000', 'School of Informatics and Computing')",0.0018711574445335472,0.0020128435039897113,0.14061795218764095,0.0003645267467119912,0.15719403019793998
"('0080010000', 'Math, Stat. & Computer Science')",0.0010692328254477412,0.0,0.1321954839393618,3.517446513956358e-05,0.14439098646844384
"('0001057000', 'Mathematical Sciences (CMU)')",0.0002673082063619353,0.0,0.12709791397703335,1.2505633936061353e-05,0.13793215119044286
"('0111633000', 'Unknown Dept')",0.0010692328254477412,0.0,0.11260949399476235,0.0003435017638169374,0.12093403049875025
"('0013201000', 'Marine Science Institute')",0.003475006682705159,0.011630656404619225,0.12243094645896059,1.6389842984142155e-05,0.13966081064764976
"('0021030000', 'Department of Physics')",0.0018711574445335472,0.012241730505378074,0.15251956947162426,0.0007455633921664792,0.17145167007483667
"('0013508000', 'Unknown Dept')",0.0045442395081529,0.02955536354620462,0.1537165632575913,0.0009201686460057043,0.17584669551035936
"('0029207000', 'Evolutionary Anthropology')",0.0021384656508954825,0.0006474738577031044,0.12771405161818927,5.622754692183692e-05,0.13961927725961495
"('4008363000', 'Unknown Dept')",0.0016038492381716118,0.0005846777346070537,0.1040177950785486,8.46204856728528e-07,0.11128724466133512
"('0015370000', 'Institute for the Advanced Study of Cult')",0.0002673082063619353,0.0,0.09983454312553373,2.1314285755829953e-07,0.10660319876764245
"('0018697000', 'Department of Electrical and Computer En')",0.0010692328254477412,0.0,0.08400134725496801,2.2047364710206425e-07,0.08953000476539218
"('0026294000', 'Environmental Sciences')",0.0021384656508954825,0.0032034101093962406,0.08855695483382256,6.400387654871782e-09,0.09538784365371107
"('0039321000', 'Civil and Architectural Engineering and')",0.0005346164127238706,0.0,0.10748764509826457,5.6367842958880466e-06,0.11472703725391818
"('0001024000', 'Materials Science and Engineering')",0.0013365410318096765,0.0,0.13501515807708964,0.0004567279588577564,0.14825704600811965
"('0018689000', 'Unknown Dept')",0.002673082063619353,0.003736311175341318,0.09331504115739586,5.5311076624564167e-08,0.09964433970152789
"('0037549000', 'Psychology')",0.0013365410318096765,0.00813039179498283,0.14237326838179326,0.00034755611220968225,0.1574236442520323
"('0021626000', 'The Ecosystem Center')",0.0005346164127238706,0.0,0.0862398856589594,3.734372105523443e-08,0.08995531505266836
"('0013201000', 'NCEAS')",0.0002673082063619353,0.0,0.14268822946067586,0.06587826493451046,0.1604494817606287
"('0015354000', 'Epidemiology')",0.0008019246190858059,0.0,0.14562653275721127,0.0007891459825917369,0.16335706264181696
"('0016931000', 'Biology')",0.0005346164127238706,0.0,0.09813488628315102,9.431590442223018e-08,0.10420841698201305
"('0039545000', 'Department of Physics')",0.0010692328254477412,0.0,0.06915739268680444,8.952181405601515e-12,0.07312907708860049
"('0023259000', 'CLASP')",0.0002673082063619353,0.0,0.14274812073110238,0.00018527114066465325,0.15938393242793855
"('0029058000', 'Leadership Studies & Adult Education')",0.0005346164127238706,0.0,0.08513301322167353,2.976749775813049e-06,0.08978025622600971
"('0035949000', 'College of Information')",0.0010692328254477412,0.0,0.1002143048486472,4.967743973435893e-07,0.10800709889864252
"('0036582000', 'The Energy Institute')",0.0008019246190858059,0.0,0.128112050957159,9.354065138252431e-05,0.13972085823529337
"('0038273001', 'Department of Mechanical and Aerospace E')",0.0010692328254477412,0.0,0.10369200066522534,3.236260932159545e-05,0.11039043394566533
"('0027854000', 'Mathematics')",0.0002673082063619353,0.0,0.1120932462395877,6.603796727738482e-05,0.12043941683075517
"('5300012004', 'Unknown Dept')",0.0005346164127238706,0.0005346164127238706,0.12667614790735474,2.9441693980157782e-05,0.13721684085427138
"('0016931000', 'Computer Science')",0.0016038492381716118,0.0010689469343179423,0.10880693386074108,8.220874728238308e-07,0.11795593469257219
"('0027078000', 'Integrated Science and Engineering (ISE)')",0.0002673082063619353,0.0,0.08630753258738032,7.76380630924836e-08,0.09024353850388213
"('0017392000', 'Communication Studies')",0.0008019246190858059,0.0010689469343179423,0.10282557308559177,5.55540170099498e-07,0.11060121923447605
"('0037812000', 'Physical Science')",0.0008019246190858059,0.0,0.12532663316582915,4.184380652153733e-05,0.13650324692473004
"('0021782000', 'Electrical Engineering & Computer Sci.')",0.0008019246190858059,0.0,0.10388492405098441,9.367951927673144e-07,0.11126929597788908
"('0039545000', 'College of Optics & Photonics')",0.0013365410318096765,0.0005346164127238706,0.06915867117741667,9.040351060673091e-12,0.07326273119178146
"('0025684000', 'Natural Resources and Environmental Sci.')",0.0005346164127238706,0.0,0.1096585079876887,0.00011278808894996997,0.11892572778050783
"('0013169000', 'Statistics')",0.0010692328254477412,0.0,0.11190547412503739,3.645224518558003e-06,0.1203521975427482
"('0013508000', 'Forest and Rangeland Stewardship')",0.0010692328254477412,0.0,0.11171165790731008,5.143163061484763e-05,0.12007297336617034
"('0021055000', 'The Hilltop Institute')",0.0002673082063619353,0.0,0.09554823385181212,1.1505785564958453e-07,0.10095700474420348
"('0034702000', 'Department of Chem. and Chem. Eng.')",0.0010692328254477412,0.0,0.07973655604578297,1.1779446543130475e-08,0.08393075418006433
"('0013177000', 'Department of Psychology')",0.0008019246190858059,0.0,0.11724332455810454,2.7318498978227838e-05,0.12585623883314218
"('0025205000', 'Chemistry')",0.0005346164127238706,0.0,0.11173167672182067,0.0002423007976216579,0.11917141787005894
"('7203581099', 'Unknown Dept')",0.0010692328254477412,0.0,0.11136580138128126,8.812453461704802e-06,0.11902185182233707
"('0013052000', 'Electrical Engineering')",0.0016038492381716118,0.004802399198361272,0.13587331565757454,0.00027653894504727937,0.1487966126964435
"('0027078000', 'Columbia Climate School')",0.0002673082063619353,0.0,0.11757865292139422,1.252272306596665e-06,0.12798224775546152
"('0022905000', 'Program in Mathematics Education')",0.0008019246190858059,0.0,0.1341244801376739,0.0018043547308944578,0.15355923561145543
"('0012658000', 'Unknown Dept')",0.0008019246190858059,0.0,0.11181182377906629,1.1175281102122521e-05,0.11970866438104728
"('0018259000', 'Learning Design and Technology, Departme')",0.0008019246190858059,0.0,0.14020688104340004,0.0037380706197759845,0.15606253135322895
"('0029207000', 'Statistical Science')",0.0005346164127238706,0.0,0.11323667403214578,5.4454750080546825e-06,0.12071773732170397
"('0011015000', 'Office of Provost')",0.0008019246190858059,0.0,0.12102487787519006,0.0004186509438714675,0.13148769756274886
"('0017756000', 'Agricultural and Biological Engineering')",0.0002673082063619353,0.0,0.08922012878607202,7.593032870538108e-07,0.09322502344321139
"('0022210000', 'CICS')",0.0005346164127238706,0.0,0.10735192837465565,2.584830505057895e-05,0.11464445010013072
"('0010637000', 'Alaska Quaternary Center')",0.0005346164127238706,0.0,0.09230427595055392,4.499918081714024e-08,0.09819493032352362
"('0022210000', 'Civil & Environmental Engineering')",0.0005346164127238706,0.0,0.08523581681476418,4.421558945177571e-08,0.08962981871305363
"('0013508000', 'Mathematics')",0.0018711574445335472,0.0032034101093962406,0.13478166882836143,0.002490898353939236,0.15493266312231818
"('0022905000', 'Educational Administration')",0.0010692328254477412,0.0,0.12959883600083144,5.478856304196635e-05,0.14334291770715132
"('0013201000', 'Bren School of Envir. Sci. & Management,')",0.0010692328254477412,0.0,0.12229486760379209,1.4698678924668733e-05,0.1378233849529667
"('0013151000', 'Inst of the Enivronment & Sustainability')",0.0016038492381716118,0.0,0.1204171629059774,4.7974779147651866e-05,0.13122741684159123
"('7203577003', 'Unknown Dept')",0.0013365410318096765,0.0,0.09762780865888984,2.766608831252194e-07,0.10481173661145997
"('0018408000', 'Department of Chemical Engineering')",0.0005346164127238706,0.0,0.11944825824579329,0.00010536952238197356,0.12901303732167807
"('4025938000', 'Booth School of Business')",0.0002673082063619353,0.0,0.1097067448680352,2.8688333146620905e-07,0.11764766861574967
"('0010512000', 'Department of Civil, Construction and En')",0.0010692328254477412,0.0,0.10031911185004425,0.0001960158263311633,0.10720201666590456
"('0025205000', 'Institute for School Partnership')",0.0010692328254477412,0.0,0.09814003515307328,1.265208977426442e-07,0.10452027655610195
"('0026963000', 'Construction Management & Civil Engineer')",0.0021384656508954825,0.0026702231523213645,0.11616208663251049,2.7576137903879486e-06,0.1269295534613413
"('0036327060', 'Computer Science and Engineering')",0.0010692328254477412,0.0014155519873685143,0.13076761744966442,0.00011069104807238753,0.14385917699871295
"('0031252000', 'Hoxworth Blood Center')",0.0005346164127238706,0.0,0.11200934159705381,6.462780231853796e-05,0.12308654539478998
"('0010827000', 'Sustainable Communities')",0.0010692328254477412,0.0,0.11139896373056994,3.927377967180151e-05,0.11898484205950885
"('0018093000', 'Psychological and Brain Sciences')",0.0008019246190858059,0.0010690898798828418,0.11280303944035701,1.3265930402013993e-06,0.12025694385003668
"('0037457000', 'Department of Mathematics')",0.0002673082063619353,0.0,0.0896112295494287,1.7393409143826852e-07,0.09386429634411658
"('0025684000', 'Unknown Dept')",0.0021384656508954825,0.04265295239799814,0.15559622343301585,0.014357751673833604,0.1788137068610197
"('0025650000', 'Research')",0.0005346164127238706,0.0,0.08661927805691264,2.7001082747507507e-08,0.09146642775621566
"('0014316000', 'Disaster Research Center')",0.0010692328254477412,0.0,0.09634055265123226,4.2880107370394267e-07,0.10255661744823771
"('0002501000', 'Information Technology Services')",0.0018711574445335472,0.0,0.1390137861840883,0.00026843032809414533,0.1553589694492574
"('0114629000', 'School of Engineering')",0.0005346164127238706,0.0,0.11279283625290198,1.9722536999105287e-06,0.12009655892621951
"('0001057000', 'Computer Science Department')",0.0013365410318096765,0.0005346164127238706,0.11290517293414619,2.382619871646563e-06,0.12122561787404348
"('0018259000', 'Earth and Atmospheric Sciences')",0.0008019246190858059,0.0,0.13914822391668216,0.003617843370502623,0.15453784275957483
"('4003554000', 'Civil and Environmental Engineering')",0.0002673082063619353,0.0,0.11616208663251049,4.483419637866833e-05,0.12500432347064258
"('0011544000', 'Computer Science')",0.0016038492381716118,0.0032565028687448895,0.11117715236708371,2.8172563593852886e-05,0.12059004578981201
"('0015693000', 'Electrical and Computer Engineering')",0.0016038492381716118,0.002274244119321089,0.11753432404411071,1.165346766937717e-05,0.12798349998630645
"('0036756000', 'Chemistry')",0.0013365410318096765,0.004801255633842076,0.08363701401775135,1.0948886655409386e-08,0.08937702161730764
"('0017756000', 'Institute of Government & Public Affairs')",0.0010692328254477412,0.0,0.10023041474654378,4.6476884521752345e-07,0.10694934130262353
"('0038950000', 'Bacteriology')",0.0005346164127238706,0.0,0.13894150417827297,0.001961431295941705,0.1525516224257911
"('0013508000', 'Civil and Environmental Engineering')",0.0002673082063619353,0.0,0.12164271314300579,1.8588402064222518e-05,0.13046196646766875
"('0037549000', 'Population Health Sciences')",0.0010692328254477412,0.0,0.1422379377209992,0.0010933340394123328,0.15828017211337184
"('0036046000', 'Mechanical Engineering')",0.0010692328254477412,0.0,0.14464679271546224,0.00039102709207944266,0.1591221102548292
"('0011536001', 'BIOLOGY')",0.0005346164127238706,0.0,0.09836970812516434,2.1899883407146004e-07,0.10576292166448925
"('0026963000', 'Environmental Control Technology & Facil')",0.0010692328254477412,0.0,0.10408725411090398,4.117858542138823e-07,0.11142670542055533
"('0038000000', 'School of Electrical Engineering and Com')",0.0010692328254477412,0.0,0.08362018865394072,1.0832735398246834e-08,0.08893150794003774
"('0036442000', 'Psychology')",0.0002673082063619353,0.0,0.10894952966188078,3.786694142470955e-05,0.11796851739301693
"('0033290000', 'Department of Architectural Engineering')",0.0005346164127238706,0.0,0.10561233131951894,9.446421681673041e-07,0.11292579003012743
"('0001057000', 'HCII')",0.0005346164127238706,0.0,0.11289154445047982,1.8159531003933672e-06,0.1207801041967736
"('0022335000', 'Mechanical Engineering Department')",0.0008019246190858059,0.0,0.10803084120246037,6.445041816858793e-05,0.11755709784629217
"('0014811000', 'Department of Biological Sciences')",0.0008019246190858059,0.0,0.10741974386952277,2.840483269084405e-07,0.11567770366652261
"('0013706000', 'Department of Anthropology')",0.0005346164127238706,0.0005346164127238706,0.10978079056254952,5.718005340964397e-06,0.11702954668070857
"('0029207000', 'Family Medicine and Community Health')",0.0002673082063619353,0.0,0.12702454925129877,2.685533203760883e-05,0.1371422597866074
"('7203588126', 'Unknown Dept')",0.0005346164127238706,0.0,0.12222694154931878,0.0002721393340491173,0.13566885350342142
"('0014480000', 'Unknown Dept')",0.0021384656508954825,0.005781073454008639,0.1412444310201616,0.0007439848717615962,0.15672720015141858
"('0016105000', 'Information and Computer Sciences')",0.0010692328254477412,0.0,0.12099356382806689,2.1838681649234325e-05,0.1307214734894111
"('0001305000', 'SPO/EPSCoR')",0.002673082063619353,2.165625308226374e-05,0.12307540465850769,0.0013915024974515513,0.1371964113496734
"('0033290000', 'Behavioral Sciences and Education')",0.0021384656508954825,0.003757655928743552,0.14887774594078318,0.0013810934197030543,0.16570550725522662
"('0029728000', 'Entomology and Plant Pathology')",0.0010692328254477412,0.0,0.11505812880605278,1.6632501994241026e-05,0.12360798467867144
"('0010835000', 'Lunar and Planetary Laboratory')",0.0005346164127238706,0.0,0.10091173931808373,5.312236285172283e-06,0.10765679442444716
"('P270066648', 'Unknown Dept')",0.0002673082063619353,0.0,0.12215510204081632,0.00029728602535022275,0.1317312009036864
"('0015693000', 'Industrial and Systems Engineering')",0.0002673082063619353,0.0,0.10499579006455234,1.2415922127650484e-06,0.11166677141946489
"('0022905000', 'Bio/computational Evolution In Action')",0.0010692328254477412,0.0,0.10482515131136516,3.539597691649167e-05,0.11405931255219555
"('4012365000', 'SEEC')",0.0005346164127238706,0.0,0.10902891116810445,4.87429165080234e-05,0.11882835879014784
"('0036475000', 'Economics')",0.0005346164127238706,0.0,0.1322889776866226,0.0015242994654323903,0.15005695734975438
"('0036707000', 'Civil Engineering')",0.0013365410318096765,0.0,0.11503690036900369,4.236568504600296e-06,0.12305497742475323
"('0016105000', 'Information & Computer Sciences')",0.0024057738572574178,1.357982866544591e-06,0.12102096273291925,3.6292644149942056e-05,0.1314788467407699
"('0014795000', 'Unknown Dept')",0.0018711574445335472,0.001603277455912014,0.11884113218336033,0.00024001656336925374,0.1291535349828192
"('0025189000', 'Data Science and Analytics Innovation Ce')",0.0008019246190858059,0.0,0.1449606695857713,0.0841264502548492,0.16436949622595198
"('0015370000', 'Sociology')",0.0013365410318096765,0.0032034101093962406,0.12125239036722522,1.4148949605850665e-05,0.1356156391806661
"('0013706000', 'PSL')",0.0005346164127238706,0.0,0.11590655595488908,6.646368528728023e-06,0.12503392906359953
"('0015693000', 'IDEaS')",0.0010692328254477412,0.0011927945865623125,0.1474343816505084,0.0007166267252155648,0.1652518365393976
"('0022905000', 'Computational Math, Science and Engr')",0.0005346164127238706,0.0,0.1322889776866226,0.0015242994654323903,0.15005695734975438
"('0028035000', 'Chemical and Biological Engineering')",0.0010692328254477412,0.0,0.1301941950302777,5.9240807796462014e-05,0.14239034521359292
"('0036582000', 'Geography and the Environment')",0.0013365410318096765,0.0,0.13288104287287322,0.00023956534301547205,0.14581221111894788
"('0029207000', 'OIT')",0.0010692328254477412,0.0,0.11332586107661083,1.948215411679134e-05,0.12158203385560755
"('0023879000', 'Department of Earth and Environmental Sc')",0.0002673082063619353,0.0,0.12225490196078431,1.6302576927229413e-05,0.1328701762028748
"('0114629000', 'Department of Geomatics')",0.0010692328254477412,0.0,0.08682836253916676,9.99335237720861e-09,0.09234286148446591
"('0020081000', 'Mechanical Engineering')",0.002673082063619353,0.002136750304116689,0.12054520848102082,0.00011172368068783456,0.1335695624642037
"('0029751000', 'Management')",0.0016038492381716118,0.0032034101093962406,0.13142917369308602,0.00048522494832480017,0.1453533680077392
"('0047415000', 'Computer Science-Camden')",0.0008019246190858059,0.0,0.1270720108695652,0.00025813473127226066,0.139796676741816
"('5300008543', 'Mechanical Engineering')",0.0008019246190858059,0.0,0.12998158507348598,0.0005352508646988878,0.14508786784896552
"('0019893001', 'Unknown Dept')",0.002673082063619353,0.010917352230189557,0.12662898148461565,6.724002876177181e-06,0.14107681719597417
"('0021303000', 'Professional Dev & Postdoctoral Affairs')",0.0005346164127238706,0.0,0.10030028419754411,3.587400976903204e-07,0.10820630166502863
"('0029728000', 'Department of Mathematics')",0.0002673082063619353,0.0,0.10619393664130805,3.531820154668706e-05,0.1147653159204399
"('0036772000', 'Department of Wildland Resources')",0.0010692328254477412,0.0,0.11171165790731008,5.143163061484763e-05,0.12007297336617034
"('0015693000', 'Unknown Dept')",0.007751937984496124,0.10383459015732592,0.16084096478782406,0.0009636439011266411,0.18855220445684578
"('0013177010', 'Marine Physical Laboratory')",0.0010692328254477412,0.014338011941672491,0.12550743114033616,0.010764739267657303,0.13839060528114272
"('0036756000', 'Department of Electrical and Computer En')",0.0010692328254477412,0.0,0.14464679271546224,0.00039102709207944266,0.1591221102548292
"('0037283001', 'Electrical and Computer Engineering')",0.0013365410318096765,0.002136750304116689,0.09465135107782613,4.5689958055862604e-07,0.10007329408104741
"('0010637000', 'Institute of Arctic Biology, Toolik Fiel')",0.0002673082063619353,0.0,0.0923019985196151,4.029917443855629e-08,0.09806127622034266
"('0014316000', 'Mechanical Engineering')",0.0013365410318096765,0.0032034101093962406,0.11236933797909408,1.3858145842594525e-05,0.12050653398417357
"('0013177000', 'SDSC')",0.0013365410318096765,0.0,0.14859980139026813,0.00042183872287654455,0.16677999666819918
"('0022301000', 'Biology Department')",0.0010692328254477412,0.0005346164127238706,0.10268727182893689,2.8093665937486094e-06,0.11028695195978282
"('0018259000', 'Computer Science Department')",0.0005346164127238706,0.0,0.11690990343448232,5.2582057682180185e-05,0.12583346569784004
"('0011551001', 'Environmental Studies')",0.0021384656508954825,0.0026702231523213645,0.09900230237912509,2.4338200284565178e-05,0.10778553909247027
"('0014803000', 'Chemical and Biomedical Engineering')",0.0010692328254477412,0.0,0.06915227919701283,8.89770636812451e-12,0.07295087161769258
"('7203586187', 'Unknown Dept')",0.0010692328254477412,0.0,0.14134048662535892,0.015092817772510937,0.15695439914565856
"('0018697000', 'Civil, Construction and Env Engineering')",0.0016038492381716118,0.000888964173553054,0.11205295632900018,8.457487495828017e-05,0.12395529706546632
"('0034066000', 'Biology')",0.0010692328254477412,0.0,0.12784061784506032,0.00030154794522772394,0.13980807870142337
"('0027110000', 'Animal Science')",0.0010692328254477412,0.0,0.13179960541149943,0.0001306681753931757,0.1430869684979557
"('0010835000', 'School of Geography and Development')",0.002673082063619353,0.0346350041012659,0.12574367248159726,0.00034873197763311505,0.13855907969781284
"('0038000000', 'Center for Institutional Research Comput')",0.0010692328254477412,0.0,0.08362018865394072,1.0832735398246834e-08,0.08893150794003774
"('0010835000', 'Civil & Architectural Engineering and Me')",0.0005346164127238706,0.0,0.1,7.256150702591828e-07,0.1071469600530663
"('0014894000', 'Department of Biological Sciences')",0.0002673082063619353,0.0,0.10759894155545328,5.424179814784242e-06,0.1139650683373252
"('0020107000', 'Computer Science and Engineering')",0.0005346164127238706,0.0,0.1208567551851134,2.940230090755328e-05,0.13046084792275692
"('0025684000', 'Department of Chemical and Materials Eng')",0.0002673082063619353,0.0,0.11098255606977572,2.3440286258656807e-06,0.11899440448487537
"('0029744000', 'Biology')",0.0005346164127238706,0.0,0.13304644711572658,0.0006839402860036416,0.14675611220967186
"('0033290000', 'Unknown Dept')",0.007217321571772253,0.051432849965632306,0.15791473195441114,0.00614666863460049,0.18184487629154752
"('0018093000', 'Mathematical Sciences')",0.0008019246190858059,0.006308793747900195,0.14403973509933773,0.0005725455996190803,0.16069189426895011
"('0036525000', 'Engineering Technology')",0.0005346164127238706,0.0,0.11779709049688268,1.0950697050336146e-05,0.12544640900695384
"('0027078000', 'Applied Physics and Applied Mathematics')",0.0008019246190858059,0.0,0.11074928209834513,4.883469504043218e-07,0.1198260708137343
"('0013144000', 'Physics & Astronomy')",0.0005346164127238706,0.0,0.128578793607149,1.051369740238007e-05,0.1403846338855073
"('7203594994', 'Unknown Dept')",0.0008019246190858059,0.0,0.11735734228440568,3.502819962023197e-05,0.12620440086004484
"('5300009103', 'Corvallis Forestry Sciences Lab')",0.0010692328254477412,0.0,0.12272414132467277,3.8414892822258845e-06,0.13682907242450099
"('0038562000', 'Physics')",0.0008019246190858059,0.0,0.13918446312969715,0.0036502223731803194,0.15480515096593678
"('0022210000', 'College of Information and Computer Scie')",0.0013365410318096765,0.01566002663902724,0.1341918358562307,0.0018469409320160282,0.14792837285466742
"('0029207000', 'Dept of Electrical and Computer Engineer')",0.0008019246190858059,0.0,0.1075216279136608,5.027833743632245e-06,0.1143952754069963
"('0017582000', 'Geology & Science Education')",0.0010692328254477412,0.0,0.09103961841721016,5.901090981805588e-08,0.09646824643584509
"('0033290000', 'Population Research Institute')",0.0010692328254477412,0.017431374947836586,0.13772411000257703,6.522638009528688e-05,0.1526545575227124
"('0017392000', 'Department of Mathematics')",0.0005346164127238706,0.0,0.10104802549835233,1.4348327386561367e-06,0.10810288226663271
"('0029207000', 'Electrical and Computer Engineering')",0.0021384656508954825,0.0036401611354760534,0.1277533039647577,5.121777679474371e-05,0.1398375789614772
"('0017400000', 'Mathematics')",0.0010692328254477412,0.0013526937913983638,0.10950122936424306,1.1796706080227374e-05,0.11866298253556357
"('5300019847', 'Radio Observatorio de Jicamarca')",0.0005346164127238706,0.0,0.0798949256791389,7.821400380171246e-10,0.08391603892465337
"('7203580548', 'Unknown Dept')",0.0010692328254477412,0.0,0.12226289299954245,0.000359716037838857,0.13624802128387228
"('0015693000', 'CEISMC/Psychology')",0.0010692328254477412,0.0,0.1507920512717159,0.0008969185814075763,0.1697358738422
"('0033290000', 'Materials Science and Engineering')",0.00400962309542903,0.017661672341045244,0.1448820727314976,0.0003830977144857524,0.16302211439187148
"('0018697000', 'Department of Mathematics')",0.0008019246190858059,0.0,0.08400134725496801,1.911752631651816e-07,0.0894409020299382
"('0033290000', 'Anthropology')",0.0005346164127238706,0.0,0.13638849392978233,0.0006999996585510658,0.14964694747172808
"('0037986000', 'Evans School of Public Policy & Governan')",0.0008019246190858059,0.0,0.11188204683434519,6.9182594953759865e-06,0.1212550420843196
"('0037275000', 'Unknown Dept')",0.0018711574445335472,0.0021371791408113876,0.09121942893370072,5.926809479965492e-08,0.09805190931972461
"('0013706000', 'Political Science')",0.0010692328254477412,0.0,0.09648466716529544,6.418528554402638e-06,0.10324946483184318
"('0036327000', 'Department of Chemistry')",0.0005346164127238706,0.0,0.11431976530986432,0.00027988776894653864,0.12240501556507027
"('0013177000', 'Academic Enrichment Programs')",0.0008019246190858059,0.0,0.13814113215907833,0.000159416675898836,0.1536013963326516
"('0028365000', 'Geological Sciences & Environmental Stud')",0.0008019246190858059,0.0,0.08532524404707599,4.402688803619964e-09,0.08921253396355766
"('0027110000', 'ORIE')",0.0010692328254477412,0.0,0.11056924986699769,2.9349643652101773e-06,0.11838638439008711
"('0036442000', 'Department of Design')",0.0002673082063619353,0.0,0.10380997308322003,1.5711072684331305e-06,0.1093859346200553
"('0015354000', 'Biology')",0.0005346164127238706,0.0005346164127238706,0.13062150837988826,0.0001553638049762094,0.14390127710744313
"('0038000000', 'School of Engineering & Computer Science')",0.0018711574445335472,0.006927713857286006,0.09122165325530358,7.242672847300752e-08,0.09843550754504679
"('0025205000', 'Mathematics & Statistics')",0.0005346164127238706,0.0,0.12576903681290974,0.0020841263672475964,0.13657680230101157
"('0026294000', 'Mechanical and Aerospace Engineering')",0.0008019246190858059,0.0,0.08136500065248597,8.674009927468925e-10,0.0861796715694357
"('0017756000', 'Department of Geography and Geographic I')",0.0005346164127238706,0.0,0.13908097256301583,0.00020101735592223182,0.15303240890296932
"('5300004653', 'Computing Sciences')",0.0032076984763432237,0.00799594606377945,0.1206890989450592,6.959714350944851e-05,0.13356809775213987
"('0019893001', 'Department of Chemical and Materials Eng')",0.0008019246190858059,0.0,0.09326386118867172,4.765727352326839e-08,0.09808176967771576
"('0033290000', 'Industrial & Manufacturing Engineering')",0.0005346164127238706,0.0,0.12655615696887687,4.3728081860897e-05,0.13737482848997684
"('0015693000', 'Center for Education Integrating Science')",0.0002673082063619353,0.0,0.12518823411304086,5.8345845454463875e-05,0.13549862767632545
"('0027078000', 'Seismology, Geology & Tectonophysics')",0.0005346164127238706,0.0,0.11054637865311309,5.311157227259514e-07,0.11946107744835718
"('0032896000', 'Mathematics')",0.0013365410318096765,0.0,0.12237087435805175,2.7877602266236232e-05,0.13217128696927372
"('0013706000', 'Physics')",0.0029403902699812884,0.017321822433178164,0.13904478721427244,0.00041633318905916265,0.1559005115440565
"('0037986000', 'Computer Science and Engineering')",0.0021384656508954825,0.009062605869059003,0.12594687405312593,5.374898672130323e-05,0.14033714209783837
"('0013136000', 'Chemical Engineering & Materials Science')",0.0008019246190858059,0.0,0.14059152918185577,0.0024646910580562904,0.1546822548691746
"('0029207000', 'Unknown Dept')",0.0013365410318096765,0.0016034204014769135,0.12706337884654575,3.121482390453869e-05,0.1378996330379662
"('0014316000', 'Information Technology')",0.0008019246190858059,0.0,0.1065751239245627,2.7128898967211987e-06,0.1149054282091206
"('0025171000', 'Electrical and Computer Engineering')",0.0013365410318096765,0.002136750304116689,0.1124402632923567,8.069579058002392e-07,0.12218892941497095
"('0021030000', 'Institute Biosience and Biotechnology Re')",0.0008019246190858059,0.0,0.12529725022607763,1.7039837652242915e-05,0.13697134709210806
"('0013128000', 'Department of Physics')",0.0013365410318096765,0.0005346164127238706,0.12223492893318086,0.0005823805914160462,0.13278261318204335
"('7203586587', 'Unknown Dept')",0.0002673082063619353,0.0,0.14371326495332487,0.0016008553102828888,0.1584812240250002
"('0038273001', 'Department of Physics and Astronomy')",0.0008019246190858059,0.0,0.08802974327599596,8.735096882271745e-07,0.09333533499426266
"('0034256000', 'Human-Centered Computing')",0.0005346164127238706,0.0,0.11180514046622833,9.729498005049922e-05,0.12224611566502588
"('0036566000', 'College of Architecture, Planning, and P')",0.0010692328254477412,0.0,0.14134048662535892,0.015092817772510937,0.15695439914565856
"('0013284000', 'Institute for Creative Technologies')",0.0008019246190858059,0.00024109282212214685,0.11925026298173472,2.5380094729586077e-05,0.12936322635247116
"('6250041590', 'Unknown Dept')",0.0005346164127238706,0.0,0.11067065053397628,2.8054645573524708e-05,0.1187310343502841
"('0010637000', 'Geology')",0.0002673082063619353,0.0,0.11305188722009006,2.5216571136304353e-06,0.12348132186614408
"('0023879000', 'Genetics, Cell Biology & Development')",0.0002673082063619353,0.0,0.11656021187100794,6.473331703185082e-06,0.12554120814521627
"('0013128000', 'Electronics Research Laboratory')",0.0002673082063619353,0.0,0.12399323854032017,0.0005997430067690823,0.13422883358375665
"('0013508000', 'Biochemistry and Molecular Biology')",0.0010692328254477412,0.0,0.13488858440902862,0.00013944330161627677,0.14877190419361663
"('5300002935', 'Unknown Dept')",0.0002673082063619353,0.0,0.1008029747790472,6.8206402697838475e-06,0.10650804642679126
"('6250021164', 'Unknown Dept')",0.0013365410318096765,0.0032034101093962406,0.09101082593358473,2.9343550071192563e-08,0.09769689209257389
"('0037275000', 'STEM')",0.0008019246190858059,0.0,0.09121053273192735,5.643874396636049e-08,0.09751729290700074
"('0015693000', 'Civil and Environmental Engineering')",0.0010692328254477412,0.001110054108072882,0.11730950141110066,1.2120610656458984e-05,0.1273313257038899
"('0029769000', 'Department of Biology')",0.0021384656508954825,0.002136750304116689,0.11895071542130366,0.00045800534713786114,0.1326337314927574
"('0022905000', 'Geological Sciences')",0.0002673082063619353,0.0,0.12772277227722773,0.00028882094598835543,0.1397666053540154
"('0038638000', 'Computer Science')",0.0005346164127238706,0.0,0.11612242364042712,0.00013398107961880515,0.12381901081780793
"('0015982001', 'Warnell School of Forestry & Nat.  Res.')",0.0010692328254477412,0.0,0.12686946790110895,2.6613698267950857e-05,0.1385578364291993
"('0013144000', 'Department of Civil and Environmental En')",0.0008019246190858059,0.0,0.11395412592524902,1.2717357618343106e-06,0.1220085669757759
"('0013177010', 'Scripps Institution of Oceanography')",0.0029403902699812884,0.006030188644389817,0.14137787687540154,0.0035168762396416884,0.15774664644599604
"('0015982000', 'Department of Political Science')",0.0005346164127238706,0.0,0.12377171215880893,8.516605845036276e-05,0.13328300868397153
"('6250007332', 'Unknown Dept')",0.0010692328254477412,0.0,0.13230301315603338,0.002421584885607948,0.1503688169238433
"('0022905000', 'Linguistics')",0.0002673082063619353,0.0,0.13228429985855727,0.0013660692613510202,0.14992330324657344
"('0035352000', 'Department of Mechanical Engineering')",0.0013365410318096765,0.0010689469343179423,0.08804424570487174,1.0713182026165478e-06,0.093814580421383
"('5300001194', 'Urban Studies Institute')",0.0013365410318096765,0.0,0.1085795553491612,1.2516397926176996e-06,0.11850083917621768
"('0020537000', 'Earth and Climate Science/Climate Change')",0.0005346164127238706,0.0,0.06819921974696468,2.874798258854298e-10,0.07267899883441956
"('0018929000', 'School of Planning and Public Affairs')",0.0002673082063619353,0.0,0.09078554614507243,5.55793354817633e-08,0.09581149099311463
"('0010868000', 'Chemistry and Physics')",0.0021384656508954825,0.007458613685322492,0.10809639389736476,5.38177508099785e-05,0.11691902489215344
"('0018093000', 'Unknown Dept')",0.006415396952686447,0.08943397280313925,0.16600843132904372,0.005422160838350892,0.19465205370023983
"('0015693000', 'College of Engineering')",0.0005346164127238706,0.0063965281381197225,0.10842221191745885,5.421195514639306e-07,0.11750612392152011
"('0026633000', 'Biological Sciences')",0.0010692328254477412,0.0,0.10739199081383666,1.452403967604027e-06,0.11528034789627203
"('0025064000', 'Office of the Provost')",0.0010692328254477412,0.0,0.11194900798994524,9.207815103141239e-07,0.12195274722988224
"('0013177000', 'CAL(IT)2')",0.0005346164127238706,0.0,0.1430538029138465,0.00026374570319587476,0.1586193544057129
"('0023259000', 'CSHPE')",0.0016038492381716118,0.0,0.12925851703406813,5.448838691701923e-05,0.14248405971069913
"('0027078000', 'Marine Geology and Geophysics')",0.0002673082063619353,0.0,0.10440388479571333,2.247126304441363e-07,0.11209489342537912
"('0014175000', 'Mathematics')",0.0002673082063619353,0.0,0.10081112398609501,6.9889226979017764e-06,0.10872133191042105
"('0037986000', 'Architecture')",0.0010692328254477412,0.0,0.13223753976670202,0.0004423610125062752,0.1446715962919569
"('0291021000', 'Mathematics and Natural Sciences')",0.0005346164127238706,0.0,0.1142883328750802,6.525424653293381e-06,0.12444248906628537
"('5300001194', 'Public Management and Policy')",0.0013365410318096765,0.0,0.1085795553491612,1.2516397926176996e-06,0.11850083917621768
"('7203579945', 'Unknown Dept')",0.0002673082063619353,0.0,0.10355422687261252,9.234905899889035e-08,0.11121905122270571
"('0031849000', 'Regional and City Planning')",0.0008019246190858059,0.0,0.07795049174862477,1.5679596223658013e-08,0.08270982969780187
"('0036327060', 'Computer Science & Engineering')",0.0013365410318096765,0.0007808930567215177,0.13951667039606175,0.00020697929432206063,0.15358864234164982
"('4000949000', 'Unknown Dept')",0.0021384656508954825,0.0032041248372207377,0.13902928497101233,0.002261136185456652,0.15431062225368586
"('0015982000', 'Physics & Astronomy')",0.0008019246190858059,0.0,0.12424443706409831,4.803715018073131e-05,0.13460405428128053
"('0020107000', 'Construction Management')",0.0010692328254477412,0.0,0.11260949399476235,0.0003435017638169374,0.12093403049875025
"('0015354000', 'Department of Civil and Coastal Engineer')",0.0008019246190858059,0.0005346164127238706,0.13435569602068667,0.00017844389867285927,0.1480607043622993
"('0029058000', 'BIOLOGY')",0.0005346164127238706,0.0,0.08513301322167353,2.976749775813049e-06,0.08978025622600971
"('0013508000', 'Office of the Provost and Executive Vice')",0.0013365410318096765,0.0,0.13644818907976802,0.00018479112379040456,0.15079824682518297
"('0021998000', 'Department of Civil and Environmental En')",0.0002673082063619353,0.0,0.1161368434123929,1.2572715920649262e-05,0.12391604722846744
"('0013151000', 'Department of Anthropology')",0.0010692328254477412,0.0,0.14826410906785034,0.0029368007985381478,0.16481735351670246
"('0011510001', 'Department of Chemistry and Biochemistry')",0.0005346164127238706,0.0,0.13424480568414254,0.0001334049471638074,0.1470562522373873
"('0029785000', 'School of Business')",0.0010692328254477412,0.0,0.11621621621621622,7.187114982284084e-05,0.12576615185877413
"('0001479000', 'Department of Interdisciplinary Learning')",0.0005346164127238706,0.0,0.09915186853962364,1.2597160595057652e-06,0.10566255775050844
"('0036327060', 'ECE')",0.0005346164127238706,0.0,0.1293971152848397,0.00010639712910344002,0.14041549356835578
"('0036327060', 'Computer Science')",0.0024057738572574178,0.0031225719629374704,0.13648303538854434,0.00026900935479319874,0.15155290520166276
"('0010835000', 'Tree Ring Laboratory')",0.0008019246190858059,0.0,0.11196576080450138,4.502188446234635e-05,0.1207871452912484
"('0010637000', 'Anthropology')",0.0010692328254477412,0.0016029915647822151,0.09232477788746297,5.188588321489737e-08,0.09865826454788433
"('0018259000', 'Earth, Atmospheric, and Planetary Scienc')",0.0008019246190858059,0.0,0.13914822391668216,0.003617843370502623,0.15453784275957483
"('0019489001', 'Electrical Engineering and Computer Scie')",0.0018711574445335472,0.044158009251392426,0.15902231668437833,0.09455973867865058,0.18435820394521218
"('0018408000', 'Chemistry & Biochemistry')",0.0005346164127238706,0.0,0.11943681757231339,7.383050264333447e-05,0.1288793832184971
"('5300004653', 'Conrad Blucher Institute')",0.0018711574445335472,0.0010680892609285456,0.10773838666013881,1.1445203674114356e-05,0.11674296183294154
"('0117119000', 'Computing Science')",0.0016038492381716118,0.0,0.09111500803741049,1.2132613255025406e-07,0.09730453925289163
"('7203586102', 'Unknown Dept')",0.0002673082063619353,0.0,0.11673843849466392,0.0012533287158422374,0.12498546438649762
"('4001926000', 'Cary Institute of Ecosystem Studies')",0.0013365410318096765,0.0005346164127238706,0.13223753976670202,4.995421296511663e-05,0.14607531078709043
"('0039321000', 'Physics & Astronomy')",0.0010692328254477412,0.0,0.13032118720824915,0.0014383317706516473,0.14250623551593097
"('5300009754', 'Department of Mathematics and Statistics')",0.0010692328254477412,0.0,0.11411750350802269,3.3594640576919943e-06,0.12344943093315032
"('0096354000', 'Dept. of Electrical & Comp.  Engineering')",0.0008019246190858059,0.0010689469343179423,0.1313691751237841,0.001177164795400154,0.1429920824668221
"('0014449000', 'Decision Sciences')",0.0008019246190858059,0.0,0.10190683737401253,6.633343289517258e-08,0.10930761020847064
"('0036582000', 'Dept. of Electrical and Computer Eng.')",0.0002673082063619353,0.0,0.1357845450255889,0.0002567758269426895,0.1476694630929507
"('0028365000', 'Department of Anthropology')",0.0008019246190858059,0.0,0.08532524404707599,4.402688803619964e-09,0.08921253396355766
"('0034710000', 'Plant Science')",0.0013365410318096765,0.0,0.10942115885226242,2.6969803178806477e-06,0.1174415856180258
"('0013706000', 'INSTAAR')",0.0029403902699812884,0.02582226368063777,0.12706769471145682,5.122803305212218e-06,0.14392023447757224
"('0010835000', 'Department of Civil Engr. & Engr. Mech.')",0.0005346164127238706,0.0,0.1,7.256150702591828e-07,0.1071469600530663
"('0096354000', 'Counseling, Recreation, School Psycholog')",0.0008019246190858059,0.0,0.12685656154628688,0.0027536162776253858,0.13883431045266584
"('0015941000', 'Spelman Technology Services')",0.0018711574445335472,0.0,0.1390137861840883,0.00026843032809414533,0.1553589694492574
"('0023259000', 'Industrial and Operations Engineering')",0.0008019246190858059,0.0005346164127238706,0.11667654305585878,1.6121118463762407e-05,0.12510517152304518
"('0020776000', 'Epidemiology')",0.0010692328254477412,0.0,0.10965529370383398,1.4821998814001054e-06,0.11859019485899769
"('0013136000', 'Dept. of Civil & Environmental Eng.')",0.0005346164127238706,0.0,0.13859662122110256,0.0021592190191216318,0.15189840042132688
"('6250022580', 'Unknown Dept')",0.0008019246190858059,0.0,0.13590786892392648,0.0009898274231680856,0.15248316535405582
"('0020537000', 'RiSE Center')",0.0010692328254477412,0.0,0.07125171415511199,1.6457720674188018e-09,0.07738244452628307
"('0025171000', 'Materials Science and Engineering')",0.0010692328254477412,0.0,0.13215812343236655,0.012150543819604726,0.14496696871396222
"('0010827000', 'School of Forestry')",0.0018711574445335472,0.004269307538329661,0.1253476294186631,0.00025187386175024723,0.13659025412881798
"('0500330000', 'Center for Marine/Environmental Studies')",0.0008019246190858059,0.0,0.10160239000543184,9.76762019271848e-07,0.10933135695891237
"('0022301000', 'Department of Geology & Geophysics')",0.0002673082063619353,0.0,0.09261505706434284,6.03419088319256e-08,0.0987035518060118
"('0037986000', 'Sciences and Math, SIAS UW Tacoma')",0.0010692328254477412,0.0,0.12120524866353474,1.3979104014128171e-05,0.13510329845180571
"('4000600000', 'Science')",0.0013365410318096765,0.002136750304116689,0.1250208869431541,0.012202212956238176,0.13702499978562563
"('0013052000', 'Environmental Earth System Science')",0.0002673082063619353,0.0,0.09656685596282912,4.4541854277544445e-07,0.10095299216707439
"('0027078000', 'Department of Biological Sciences')",0.0005346164127238706,0.0,0.11963925933032717,2.4569638035600154e-06,0.12883440323224615
"('0028373000', 'Architecture')",0.0008019246190858059,0.0,0.13118030717441617,0.00042198469255293175,0.14315572524922096
"('0010637000', 'Institute of Northern Engineering')",0.0018711574445335472,0.00878787258804541,0.11725067385444744,3.746985481474865e-06,0.13063217778180702
"('0013706000', 'Institute of Behavioral Science')",0.0005346164127238706,0.0,0.10388780894196056,1.5601342157889625e-06,0.11023591506515108
"('0037549000', 'Mechanical Engineeering')",0.0002673082063619353,0.0,0.12188049781716297,1.7534366509531243e-05,0.13016092689957046
"('0035998000', 'Teaching and Learning')",0.0008019246190858059,0.0,0.11173167672182067,4.932244904840136e-05,0.11914790733897647
"('0015354000', 'Department of Electrical and Computer En')",0.0010692328254477412,0.0010689469343179423,0.11167830915278525,0.00020678296084452593,0.12008498275716006
"('0032565000', 'Department of Information Science')",0.0008019246190858059,0.0,0.10908613751676678,3.808526546314955e-06,0.11600060958167391
"('0018408000', 'Provost Office & Psychology')",0.0002673082063619353,0.0,0.11351154534696727,1.583089789765458e-05,0.12144852584424555
"('5300004653', 'Life Sciences Department')",0.0008019246190858059,0.0,0.09726483282200614,1.42248479945061e-06,0.10337337653130682
"('0080010000', 'Biological Sciences')",0.0005346164127238706,0.0,0.09471845250151914,6.855881429492006e-08,0.09920339675370796
"('0010512000', 'Graduate School')",0.0008019246190858059,0.0,0.08362018865394072,2.9104018555136198e-06,0.08816402372773463
"('6250002291', 'Biology')",0.0016038492381716118,0.0032034101093962406,0.10771977310029082,5.269638678327303e-06,0.11632417897630783
"('0029207000', 'Civil and Environmental Engineering')",0.0008019246190858059,0.0,0.12375124048957989,0.00026590296595711393,0.13414993998040461
"('7203582078', 'Electrical and Computer')",0.0010692328254477412,0.0,0.11063792032650165,5.120946060560299e-05,0.11802874276811635
"('0036582000', 'Dept of Geological Sciences')",0.0002673082063619353,0.0,0.11365293474298213,1.1508443205224242e-05,0.12159919511209581
"('0035998000', 'Mechanical Engineering')",0.0021384656508954825,0.0021368932496815887,0.12577326519634213,0.000379516396687746,0.13720766453855357
"('0032102000', 'Integrative Biology')",0.003475006682705159,0.025519327405727165,0.13789163287873202,2.07639356844325e-05,0.15710273230969923
"('0036772000', 'Mathematics Department')",0.0005346164127238706,0.0,0.10619695120220285,3.943246159635383e-05,0.11489897002362087
"('5300001194', 'Department of Anthropology')",0.0016038492381716118,0.0,0.11921606118546844,4.361263852898547e-06,0.1309949092915208
"('0031849000', 'Gaylord College')",0.0008019246190858059,0.0,0.0920091492658452,7.988435345679164e-07,0.09850006114691345
"('0034256000', 'Industrial Engineering')",0.0013365410318096765,0.001603277455912014,0.12580710250201776,0.0004792957420944513,0.14131941303329132
"('5300004653', 'Unknown Dept')",0.0010692328254477412,0.0,0.09727241997971867,2.960731885123873e-06,0.10357385768607827
"('0037218000', 'Chemistry and Biochemistry')",0.0010692328254477412,0.0026702231523213645,0.10626633337120782,2.7755638671063787e-05,0.11373154864887866
"('0031849000', 'College of Architecture')",0.0008019246190858059,0.0,0.07795049174862477,1.5679596223658013e-08,0.08270982969780187
"('0023259000', 'Computer Science and Engineering')",0.0005346164127238706,0.002136750304116689,0.12860089377793055,1.3823287581283148e-05,0.13871996750552448
"('7203593020', 'Engineering Education & Outreach')",0.0008019246190858059,0.0,0.10881642863375898,3.4462698615163335e-05,0.1156245758485241
"('5300002935', 'Civil and Environmental Engineering')",0.0008019246190858059,0.0010689469343179423,0.11168497731072367,0.001761073985580121,0.12012224056306277
"('0013177010', 'Political Science')",0.0008019246190858059,0.0,0.1140966207148957,4.86215426657072e-05,0.12213477224031882
"('0017756000', 'Electrical and Computer Engineering')",0.0013365410318096765,0.00160177652748057,0.10856695107086889,3.069325789294176e-05,0.11624658192349382
"('5300012004', 'Severe Storms Research Center')",0.0002673082063619353,0.0,0.11243688386631402,3.0199820726246848e-06,0.11952575082604133
"('0014894000', 'Dept. of Computer Science')",0.0002673082063619353,0.0,0.08552421014128297,5.05849357805231e-08,0.08928528102244615
"('4025938000', 'Carlson School of Management')",0.0002673082063619353,0.0,0.10329403318883397,2.931340007603315e-07,0.10917571187913393
"('0036046000', 'Department of Computer Science Rice Univ')",0.0010692328254477412,0.0,0.12497077000167028,0.00010636884341206828,0.13616883928501838
"('0037986000', 'School of STEM')",0.0002673082063619353,0.0,0.12119346896462356,9.683651093551641e-06,0.13470233614226282
"('0015644000', 'Biomedical Engineering')",0.0005346164127238706,0.0,0.11925786604609646,2.0531147040784497e-05,0.1282089787467399
"('0025890000', 'Complex Systems Research Center')",0.0010692328254477412,0.0,0.09436960799152413,3.202714844950925e-07,0.0993509070368752
"('0017749000', 'Neurobiology')",0.0002673082063619353,0.0,0.10496927523218945,2.6550291728753517e-06,0.11098474122055706
"('6250017845', 'SageFox Consulting Group')",0.0002673082063619353,0.0,0.1172323023408856,1.620430288910322e-05,0.125032699888825
"('0027078000', 'Lamont-Doherty Earth Observatory of Col')",0.0002673082063619353,0.0,0.1105431121092134,4.764122773787847e-07,0.11932742334517624
"('0022905000', 'Integrative Biology')",0.0037423148890670943,0.026918279335426273,0.15178317848013956,0.0008680367690468205,0.17035008859387316
"('0013177000', 'Unknown Dept')",0.005880780539962577,0.03300353963382465,0.15911700905958912,0.0011761667942886461,0.18534388622246586
"('0023259000', 'Office of Tech Transfer')",0.0002673082063619353,0.0,0.125284661754856,7.09127877617952e-05,0.13654986648701078
"('5300002935', 'College of Engineering')",0.0005346164127238706,0.0,0.10046998791459648,0.00020040993241934952,0.10637031695689944
"('0025361000', 'spectrUM Discovery Area')",0.0010692328254477412,0.0,0.12400556881463802,0.0008648534712122807,0.13462979589329951
"('0022905000', 'Department of Chemistry')",0.0013365410318096765,0.0005346164127238706,0.13230769230769232,0.0020069533460274646,0.15050247102702424
"('4006821000', 'Unknown Dept')",0.0010692328254477412,0.0016029915647822151,0.10659030686383451,2.475133408071474e-06,0.11390495128866523
"('0032235000', 'Oregon Institute of Marine Biology')",0.0008019246190858059,0.0,0.11064119247604401,3.2915505155905972e-06,0.11793819360791198
"('0015511000', 'Chemistry')",0.0005346164127238706,0.0,0.12611245954692557,3.668012898377805e-05,0.13659757439475909
"('4004842000', 'Surgery')",0.0010692328254477412,0.0,0.09839040555467887,5.371311928016945e-07,0.10488543151376555
"('0025890000', 'Mechanical Engineering')",0.0002673082063619353,0.0,0.10317438429079677,4.437561405057003e-07,0.108626322417531
"('0015941000', 'Psychology')",0.0005346164127238706,0.0,0.08916908995566573,6.746790973012474e-09,0.09437227146434994
"('0028373000', 'Materials Design and Innovation')",0.0018711574445335472,0.005599991466205487,0.1338940586972083,0.00031470841065515135,0.14683811354821824
"('0037986000', 'Physics')",0.0008019246190858059,7.147278244971532e-08,0.12120132184280438,1.1917043594390458e-05,0.13496964434862474
"('0001479000', 'Department of Chemistry')",0.0005346164127238706,0.007458613685322492,0.08019808347803717,4.98098055151342e-10,0.0850487629090756
"('0028381000', 'Unknown Dept')",0.0029403902699812884,0.013303657834060212,0.12463352878464819,0.0005444136364701042,0.13734737670182767
"('0017749000', 'Psychology')",0.0013365410318096765,0.0016029915647822151,0.13280085197018104,0.00021184321484265324,0.14585369169240484
"('0013508000', 'Natural Resource Ecology Laboratory')",0.0013365410318096765,0.0,0.09896301782974445,2.9586563457304107e-05,0.106916787421794
"('5300002828', 'SHEM')",0.0018711574445335472,0.0,0.09922813718469006,1.2026629159130113e-06,0.10718559269611012
"('0023259000', 'CLaSP')",0.0010692328254477412,0.0,0.14407301856273588,0.00028420895774902905,0.16260793747632188
"('0025650000', 'Earth and Atmospheric Sciences')",0.0010692328254477412,0.0005346164127238706,0.11249436175011276,1.9080600928620674e-06,0.12138349706159411
"('0010819000', 'ASU Law')",0.0010692328254477412,0.0,0.13215812343236655,0.012150543819604726,0.14496696871396222
"('0018259000', 'Materials Engineering')",0.0010692328254477412,0.000710205831029625,0.14023841655420602,0.00368691646986649,0.15641894229504483
"('0017392000', 'EECS')",0.0005346164127238706,0.0,0.09192323758507998,6.485306025102167e-08,0.09738496875172707
"('0015354000', 'Entomology and Nematology')",0.0013365410318096765,0.0005346164127238706,0.12056851875725151,5.268161208592993e-05,0.13030101748024753
"('0022905000', 'Physics & Lyman Briggs')",0.0010692328254477412,0.0,0.13230301315603338,0.0019873167145488656,0.1503688169238433
"('0028373000', 'Engineering Education')",0.0008019246190858059,0.0016029915647822151,0.11552357718556032,6.0994558051105415e-06,0.12486694148611537
"('0033290000', 'Mechanical and Nuclear Engineering')",0.0013365410318096765,0.0150825929047926,0.13982955819690512,0.00011927326769364741,0.1549846296603225
"('0029728000', 'Electrical & Computer Engineering')",0.002673082063619353,0.00652286730166053,0.14992185308379755,0.0014532941165734789,0.1685242327849292
"('0010637000', 'Department of Alaska Native Studies and')",0.0008019246190858059,0.0,0.11311341577722009,3.23032057408353e-06,0.12425651566459371
"('0036566000', 'Industrial, Manufacturing, and Systems E')",0.0016038492381716118,0.009823782548189743,0.08748626084516264,1.702129839814746e-07,0.09488716224917017
"('0027375000', 'Education')",0.0018711574445335472,0.0,0.09922813718469006,1.2026629159130113e-06,0.10718559269611012
"('0013144000', 'Department of Anthropology')",0.0002673082063619353,0.0,0.12856995566553253,9.42154558194051e-06,0.1402064284145993
"('0017756000', 'Unknown Dept')",0.006415396952686447,0.14345227480902256,0.17488663456593895,0.0053550598775748475,0.20684552938609793
"('0035303000', 'Theory and Practice of Teacher Education')",0.0013365410318096765,2.858911297988613e-07,0.11138569642112785,0.002776203192990098,0.12014006036837249
"('0021998000', 'PhD Network')",0.0010692328254477412,0.0,0.13141532300558542,0.00012537265696855497,0.14347445264646658
"('0021030000', 'Clark School of Engineering')",0.0002673082063619353,0.0,0.12950013846579894,0.00024113105907440894,0.14008220160633147
"('0013987000', 'Science')",0.0005346164127238706,0.0,0.13325496901047232,0.00010537709344454818,0.14622488707161957
"('0013706000', 'Office of the Senior Vice Chancellor for')",0.0013365410318096765,0.0,0.13166044907439994,0.00012503209195744377,0.14418099456839564
"('0037549000', 'Computer Science')",0.0032076984763432237,0.025318011475431817,0.15379871731623088,0.001887052256321582,0.1748188133111944
"('0027078000', 'Ocean and Climate Physics')",0.0016038492381716118,0.005106254131514961,0.12159131537036436,2.0759795773960345e-06,0.13424444966675708
"('0033290000', 'Biochemistry and Molecular Biology')",0.0010692328254477412,0.0,0.12911575895630564,6.728985284185704e-05,0.14096396263243888
"('0001479000', 'Computer Science Department')",0.0002673082063619353,0.0,0.09914924067742704,1.1309133007623428e-06,0.10552890364732745
"('0026278000', 'Department of Geosciences')",0.0002673082063619353,0.0,0.09376409845105017,6.083095915307063e-09,0.09925077525671748
"('0013284000', 'Annenberg School for Communication')",0.0005346164127238706,0.0,0.10754326453170816,6.6168621109221505e-06,0.11460703010599156
"('0010637000', 'International Arctic Research Center')",0.0029403902699812884,0.007726485579220942,0.1131715876089061,3.597093647156785e-06,0.12565988374799383
"('0035220000', 'Mechanical and Manufacturing Engineering')",0.0002673082063619353,0.0,0.10622107385218206,2.454883990885916e-05,0.11300090621815603
"('0032102000', 'School of Writing, Literature, and Film')",0.0008019246190858059,0.0,0.12290557855312438,1.0612573658706207e-05,0.13430626721394642
"('6250029715', 'Unknown Dept')",0.0002673082063619353,0.0,0.11490263529700842,1.255815611206211e-05,0.12386358394176519
"('0022301000', 'Marine Chem and Geochemistry')",0.0002673082063619353,0.0,0.09963777765940446,2.4487862417980603e-07,0.1074845968825559
"('0013052000', 'Biology')",0.0013365410318096765,0.0,0.09009464634058233,4.2339612883892114e-06,0.09637648824148287
"('0037549000', 'Department of Economics')",0.0008019246190858059,0.0,0.13806465899025686,0.00025575822042428974,0.15097011678808053
"('0027110000', 'Lab of Ornithology')",0.0010692328254477412,0.0,0.12525529848997222,5.543941007668819e-05,0.13591403584386808
"('0035063000', 'Unknown Dept')",0.0010692328254477412,0.0,0.12197984935928788,3.371346125871153e-05,0.1305869718359696
"('0013706000', 'Mathematics')",0.0018711574445335472,0.0034700750607161283,0.10916571828766523,1.190812378486562e-05,0.11785962328558569
"('0033290000', 'College of Info Sciences & Technology')",0.0010692328254477412,0.001669178568839354,0.1397929823250252,0.00023353897932457961,0.1543969918533577
"('0013177010', 'Department of Oceanography')",0.0008019246190858059,0.0,0.12387827411503692,0.000451657722577598,0.13393454754368062
"('0038158001', 'CITE')",0.0008019246190858059,0.0,0.10479285134037368,6.645862931687369e-06,0.11104361429671467
"('0013144000', 'Molecular Biology & Biochemistry')",0.0010692328254477412,0.0,0.1285876327638951,1.3649619815410413e-05,0.14065194209186913
"('0018408000', 'Department of Anthropology')",0.0002673082063619353,0.0,0.11943300450148453,6.198665922307367e-05,0.12874572911531612
"('0031849000', 'Chemical, Biological and Materials Eng')",0.0010692328254477412,0.0,0.1008709251220104,1.1038990800795192e-05,0.10959899385464275
"('0031849000', 'The Office of the Senior Vice President')",0.0005346164127238706,0.0,0.12650907984173684,0.0001256412670019787,0.13740352507393472
"('0022905000', 'Biochemistry & Molecular Biology')",0.0008019246190858059,0.0016029915647822151,0.11902262097928797,0.00020393706312619064,0.13108721525097267
"('0034702000', 'Chemical and Biological Engineering')",0.0010692328254477412,0.0,0.07973655604578297,1.1779446543130475e-08,0.08393075418006433
"('0035451000', 'Department of Chemistry')",0.0002673082063619353,0.0,0.12608270702032287,0.00027425370739781005,0.13594563084987252
"('0014340000', 'CTRL')",0.0002673082063619353,0.0,0.11518566414188065,2.2881723958700497e-05,0.12348026380279653
"('0015354000', 'Department of Engineering Education')",0.0005346164127238706,0.0,0.10046459166957596,2.3533293535188218e-05,0.10629628601631248
"('0037218000', 'Unknown Dept')",0.0013365410318096765,0.001603277455912014,0.09607828029894445,3.2746378196874655e-06,0.10186490710928793
"('0014449000', 'Curriculum and Pedagogy')",0.0010692328254477412,0.0,0.12400556881463802,0.0008648534712122807,0.13462979589329951
"('0014175000', 'Psychological Sciences')",0.0008019246190858059,0.0,0.10149213239283776,2.461688691955235e-07,0.10746906069373345
"('0013136000', 'Center for Educational Effectiveness, Un')",0.0005346164127238706,0.0,0.14271544653416243,0.0021685660664126963,0.1567351338266246
"('0018697000', 'Department of Elec. & Comp. Engineering')",0.0018711574445335472,0.0,0.08536418400876232,1.660282304647514e-08,0.09020157432709681
"('0036616000', 'The University of Texas at El Paso')",0.0005346164127238706,0.0,0.10481634025384551,2.710312466940377e-05,0.11374745297810662
"('0015982001', 'Mechanical Engineering')",0.0005346164127238706,0.0,0.10159411237541754,7.293769036793454e-07,0.10795836544074931
"('0018697000', 'Electrical & Computer Engineering')",0.0010692328254477412,4.7648521633143544e-08,0.11201604934574962,8.21799458507644e-05,0.12335385360115192
"('0026294000', 'School of Communication & Information')",0.0010692328254477412,0.0,0.08854437869822485,6.03091990983669e-09,0.09476412450553327
"('0010819000', 'Public Affairs/Org Research & Design')",0.0008019246190858059,0.0,0.14270455845889757,0.08380481824513455,0.16076134133471762
"('0015644000', 'Department of Radiology & Imaging Scienc')",0.0010692328254477412,0.0,0.1222908698636854,0.00036277912355363957,0.13647523325927993
"('0034488000', 'Instruction and Teacher Education')",0.0010692328254477412,0.0,0.08632545689496031,1.2219663029654917e-07,0.0908564380341834
"('0013706000', 'Information Science')",0.0010692328254477412,0.0,0.12576058089891418,0.0003586438466250262,0.13655780125307043
"('0033290000', 'Earth & Environmental Systems Institute')",0.0005346164127238706,0.0,0.13638849392978233,0.0006999996585510658,0.14964694747172808
"('0035659000', 'Computer Science Department')",0.0010692328254477412,0.0,0.13227026835908495,0.0002311903529814344,0.14419819169217873
"('0089078000', 'Earth and Ecosystem Sciences')",0.0010692328254477412,0.0,0.1430428631514549,0.09660083098034597,0.16193049651349584
"('6250027947', 'Unknown Dept')",0.0008019246190858059,0.0,0.11211340206185567,8.36266907017029e-05,0.1208849305080251
"('0013219000', 'Unknown Dept')",0.0032076984763432237,0.003462290629225078,0.1059383229971965,5.403079974291712e-06,0.115288921973074
"('0013508000', 'Statistics')",0.0002673082063619353,0.0,0.10898126838931453,9.481797679977895e-06,0.11588154255850738
"('0027110000', 'Information Science')",0.0008019246190858059,0.0010689469343179423,0.12450494225713049,2.010954478757025e-05,0.13553304112292777
"('0018259000', 'Physics')",0.0016038492381716118,0.0009639755432225167,0.1462928202721727,0.004701395209059704,0.16443148723621834
"('0021550000', 'Department of Molecular and Cellular Bio')",0.0005346164127238706,0.0,0.09503607356975917,8.024561591423022e-07,0.09977703842061741
"('0021782000', 'Media Lab')",0.0013365410318096765,0.0005346164127238706,0.10152793985941867,3.679765208364236e-07,0.10993689816393575
"('0027110000', 'Chemical and Biomolecular Engineering')",0.0018711574445335472,0.0032054113473048325,0.13142455647286141,0.00043709461382672346,0.1454424707431932
"('0026211000', 'Humanities and Social Sciences')",0.0018711574445335472,0.002136750304116689,0.11137906395141121,9.147802223017737e-06,0.11946736549960693
"('0017749000', 'Pritzer School of Molecular Engineering')",0.0005346164127238706,0.0,0.11431976530986432,0.00027988776894653864,0.12240501556507027
"('0032896000', 'Materials Science and Engineering/Bioeng')",0.0010692328254477412,0.0,0.10905433768656717,4.359693965096959e-06,0.1159560582139469
"('7203585454', 'Unknown Dept')",0.0002673082063619353,0.0,0.10655084021646255,2.1628380274080995e-06,0.11325450131985121
"('0013201000', 'Statistics and Applied Probability')",0.0013365410318096765,0.0025279309331032785,0.12335135848061198,2.0526946790645104e-05,0.13458348162213354
"('0036616000', 'Engineering Education and Leadership')",0.0005346164127238706,0.0,0.10877529658060014,6.12399960272277e-07,0.11715401007348644
"('0037549000', 'Industrial & Systems Engineering')",0.0013365410318096765,0.004724332584645149,0.13909648633575014,0.0005837122433137567,0.15501644209543153
"('6250004721', 'Molecular and Cell Biology')",0.0010692328254477412,0.0,0.13307957738963394,0.00014097979812368165,0.14466970479400412
"('0010637000', 'Mining and Geological Engineering')",0.0013365410318096765,0.0,0.12256331291157488,0.0004972988432404801,0.13244876462245272
"('0011452001', 'Chemistry & Biochemistry')",0.0005346164127238706,0.0,0.08361831958693756,2.5792020748979205e-06,0.08803036962455364
"('0027110000', 'Mechanical and Aerospace Eng.')",0.0010692328254477412,0.0,0.08393914916532041,1.2186599245610634e-07,0.08894988231277574
"('4000949000', 'Education and Career Development')",0.0005346164127238706,0.0,0.12207936300744028,0.0002585671592122042,0.13167399671539032
"('0001289000', 'Bioengineering')",0.0008019246190858059,0.0,0.07818018432216672,1.8232324817454876e-08,0.08385655490226554
"('6250018355', 'Unknown Dept')",0.0010692328254477412,0.0,0.07168039854378233,1.862187204972943e-10,0.07544250326346517
"('0013151000', 'Computer Science')",0.0018711574445335472,0.0026712237712756604,0.13299441857158092,1.4264198945859082e-05,0.14607081596503335
"('0014894000', 'FL Natural Areas Inventory')",0.0002673082063619353,0.0,0.12185667752442997,1.5380802680213887e-05,0.1319303641363587
"('0018408000', 'ACMS')",0.0005346164127238706,0.0,0.12951358836766488,0.00019088153138688277,0.14174026895428332
"('0013151000', 'Electrical and Computer Engineering Depa')",0.0002673082063619353,0.0,0.09457238921050636,9.248789661955944e-08,0.09939509849612858
"('0021303000', 'Professional Development & Postdoctoral')",0.0005346164127238706,0.0,0.10030028419754411,3.587400976903204e-07,0.10820630166502863
"('0001057000', 'Computer Science')",0.0010692328254477412,0.0003907161468183012,0.13460223797359047,4.188834316888689e-05,0.14783255852822888
"('0028373000', 'Mechanical and Aerospace')",0.0005346164127238706,0.0,0.10728112184910098,4.903507267621137e-06,0.11393918967035477
"('0013169000', 'Chemical & Environmental Engineering')",0.0008019246190858059,0.0021371791408113876,0.11642236952665484,4.908846252120568e-06,0.12624884392774346
"('0023259000', 'ICPSR')",0.0013365410318096765,0.0,0.14276991184215548,0.0003149716890471403,0.15991854884066237
"('0032102000', 'Fisheries & Wildlife')",0.0005346164127238706,0.0,0.1119356093474163,6.839026894048375e-07,0.1215963362880663
"('0033290000', 'School of Science, Engineering & Tech')",0.0013365410318096765,0.0,0.14666562120202298,0.0012342460464235417,0.16301580039551167
"('0036046000', 'Civil & Env. Eng. , Mech. Eng. & Mat. Sc')",0.0002673082063619353,0.0,0.10364029255319149,3.56888639463175e-06,0.11041467543648509
"('0013136000', 'Political Science')",0.0005346164127238706,0.0,0.09476884103863205,2.2323966017817798e-07,0.10035673643555268
"('0017749000', 'Dept. of Public Health Sciences')",0.0010692328254477412,0.0,0.09137316203409701,3.725194819246758e-05,0.09727906734831614
"('0013482000', 'Engineering, Design and Society')",0.0010692328254477412,0.0,0.12027005304613406,3.3443650620252896e-05,0.13037903151044733
"('4023263000', 'Lifelong Learning Group')",0.0008019246190858059,0.0,0.09834901940165099,6.7523220788529795e-06,0.10560474006912526
"('0027078000', 'Environmental Health Sciences')",0.0013365410318096765,0.0002672367335794856,0.11850232823339352,1.941865708087305e-06,0.1296696679408064
"('0039206000', 'Anthropology, Global Religions, and Cult')",0.0013365410318096765,0.0,0.13559752075102396,0.0028894469054603863,0.14913555914605528
"('0080010000', 'Department of Chemistry')",0.0013365410318096765,0.0016029915647822151,0.11682958058773929,5.6292177154447425e-06,0.1256146128526837
"('0029728000', 'Chemical Engineering')",0.0002673082063619353,0.0,0.11616208663251049,4.483419637866833e-05,0.12500432347064258
"('0017590000', 'Center for STEM Research, Education, and')",0.0010692328254477412,0.0,0.09814003515307328,1.265208977426442e-07,0.10452027655610195
"('0037788000', 'Unknown Dept')",0.0010692328254477412,0.0,0.11194900798994524,9.207815103141239e-07,0.12195274722988224
"('0017756000', 'Civil and Environmental Engineering')",0.0024057738572574178,0.032705586813288244,0.16077875193398658,0.0009575309372953994,0.18259069885620688
"('0021303000', 'BU Center for Emerging Infectious DIseas')",0.0010692328254477412,0.0,0.1003056628056628,4.675709049735228e-07,0.10847360987139056
"('0020776000', 'Computer Science')",0.0016038492381716118,0.0063965281381197225,0.14038050208262975,0.0001831844268124331,0.1564544901039491
"('0015982000', 'Department of Anthropology')",0.0005346164127238706,0.0,0.13061694773227192,0.00017126846738148464,0.14385672573971617
"('0037986000', 'Department of Statistics')",0.0010692328254477412,0.0005346164127238706,0.12120917573872472,1.2310411134240487e-05,0.13514784981953273
"('0018259000', 'Computer and Information Science')",0.0005346164127238706,0.0,0.11542021473528323,0.00019012861548995088,0.12320567025505905
"('0036756000', 'Department of Physics')",0.0005346164127238706,0.0,0.06689076832299247,1.6983445969660616e-11,0.06973002475376988
"('0028068000', 'Golisano Institute for Sustainability')",0.0013365410318096765,0.004268926350156597,0.11136911672769492,3.0763204022384273e-06,0.12055012979556891
"('0035303000', 'Department of Physics and Astronomy')",0.0013365410318096765,0.0,0.13819726634650906,0.00023783990790019014,0.15175602334430682
"('0010827000', 'School of Informatics, Computing, and Cy')",0.0008019246190858059,0.0,0.09335928726510444,1.4125138335142702e-07,0.09958916060296066
"('0015354000', 'Department of Mathematics')",0.0005346164127238706,0.0,0.13061694773227192,0.00017126846738148464,0.14385672573971617
"('0034256000', 'Department of Industrial Engineering')",0.0002673082063619353,0.0,0.12576903681290974,0.0004135240287950855,0.140584315465796
"('5300001194', 'Biology')",0.002673082063619353,0.005654544800450933,0.1331885502705782,1.7785515950680515e-05,0.14947878085054395
"('0038950000', 'Physics')",0.0010692328254477412,0.0,0.14366911171703983,0.01645922271990962,0.1602649344329376
"('0013508000', 'Atmospheric Science')",0.0002673082063619353,0.0,0.13324073084731275,9.433233849832004e-05,0.14600213023298467
"('0023259000', 'LSA Dept. Earth & Environmental Sciences')",0.0002673082063619353,0.0,0.09614989205304822,2.4952860522143504e-06,0.1019840948291821
"('0036442000', 'Curriculum and Instruction')",0.0008019246190858059,0.0005346164127238705,0.10824026387361843,2.139720943263964e-05,0.11652020167810875
"('0025171000', 'Psychological Sciences')",0.0010692328254477412,0.0,0.10115458453884217,3.248681618470914e-07,0.10907655458105808
"('0036616000', 'Teacher Education')",0.0021384656508954825,0.008252575531973172,0.1274486423874902,1.7805190825696444e-05,0.13895750173463892
"('0028373000', 'Industrial and Systems Engineering')",0.0008019246190858059,0.0005346164127238706,0.10357142857142858,7.087884990813564e-07,0.11019480316604384
"('0015982000', 'Geography')",0.0013365410318096765,0.0005346164127238706,0.12687377060299804,2.687180402967136e-05,0.13869149053238025
"('0025684000', 'CEP Counseling and Educational Psycholog')",0.0010692328254477412,0.0,0.12290557855312438,0.0007996216508639481,0.13548563882895698
"('0014803000', 'Physics')",0.0010692328254477412,0.0,0.12114637305699481,6.984758238153045e-05,0.13060752244722662
"('0018259000', 'ECE')",0.0013365410318096765,0.0032609198965987646,0.15830230196343942,0.10577560950989076,0.1811481428963381
"('0018259000', 'Electrical and Computer Engineering')",0.00400962309542903,0.07317091761785975,0.16622234070914424,0.10757396028973035,0.19419753002351198
"('0010512000', 'Civil, Construction and Environmental En')",0.0013365410318096765,0.0005346164127238706,0.11140891628696507,0.0012674561442079005,0.1203585742196049
"('0029132000', 'Engineering')",0.0005346164127238706,0.0,0.12819985607073095,0.000328025249200087,0.13887781119667128
"('0036046000', 'Department of Chemistry')",0.0005346164127238706,0.0005346164127238706,0.11561997774755842,3.491720078176665e-05,0.1255422455695987
"('0038000000', 'Biological Sciences')",0.0002673082063619353,0.0,0.12276038590273676,0.00010519296115399146,0.13259781443422228
"('0036368000', 'Geography')",0.0010692328254477412,0.0,0.12001154882586937,9.093360828569888e-06,0.1295598543693979
"('0018408000', 'Physics')",0.0005346164127238706,0.0,0.11943681757231339,6.90488069565882e-05,0.1288793832184971
"('0036327000', 'High Performance Research Computing')",0.0010692328254477412,0.0,0.12063072359086804,6.228382934069773e-05,0.13220928103646665
"('0028373000', 'Unknown Dept')",0.00400962309542903,0.02362278087029141,0.1539252797893351,0.0020513653923981455,0.17359793522584194
"('0033290000', 'Department of Geography')",0.0010692328254477412,0.0,0.11456132292145153,3.823047978610725e-06,0.12379818846208131
"('0010090000', 'Civil Engineering')",0.0005346164127238706,0.0,0.13851964305550413,0.00010926611876659681,0.15135858226923915
"('0020107000', 'Human Resource Education')",0.0010692328254477412,0.0,0.09517873044141967,1.052126632433963e-06,0.10212614148294905
"('4091862000', 'Unknown Dept')",0.0010692328254477412,0.0,0.09725977537437604,7.833763334400683e-07,0.10343320265368305
"('0037499000', 'Mathematical Sciences')",0.0021384656508954825,0.002670794934580962,0.11676758848866971,9.644494489806633e-06,0.1274415742425962
"('0030908000', 'Materials Science & Engineering')",0.0010692328254477412,0.0,0.0945054945054945,1.9369239630507296e-07,0.10101688916069278
"('0017749000', 'Department of Computer Science')",0.0005346164127238706,0.0016029915647822151,0.09718902629117739,1.221190261718792e-06,0.10339865191099328
"('0010504000', 'Psychology and Sociology')",0.0010692328254477412,0.0,0.1271324678855434,1.826417198682936e-05,0.1385558703386207
"('0028381000', 'C.N.Yang Instit. of Theoretical Physics')",0.0010692328254477412,0.0,0.08332405283203778,1.6997136632973506e-07,0.08781283081461022
"('0037986000', 'Mathematics')",0.0018711574445335472,0.002137322086376287,0.12902669517831275,5.7280260997002514e-05,0.14521288873380953
"('0010520000', 'Department of Civil, Construction, and E')",0.0016038492381716118,0.0,0.12052967330369224,0.00010559134333026041,0.13303494605147986
"('0025650000', 'Holland Computing Center')",0.0005346164127238706,0.0,0.12332695984703633,0.00011654597181795173,0.13255867547166722
"('0025361000', 'WA Franke College of Forestry and Conser')",0.0010692328254477412,0.0,0.08682836253916676,9.99335237720861e-09,0.09234286148446591
"('0036707000', 'Mechanical Engineering')",0.0021384656508954825,0.0037371688487307145,0.12996352266805627,2.3935037203995547e-05,0.14166078133246507
"('5300004653', 'Department of Life Sciences')",0.0008019246190858059,0.0,0.09726483282200614,1.42248479945061e-06,0.10337337653130682
"('0018929000', 'Physics & Astronomy')",0.0010692328254477412,0.0,0.1273401865341412,5.366327325390465e-05,0.14051392069210794
"('0037499000', 'Department of Information Sciences and T')",0.0008019246190858059,0.0,0.14270455845889757,0.08289944668687622,0.1607613413347176
"('0020545000', 'Casco Bay Estuary Partnership')",0.0010692328254477412,0.0,0.06652558950101362,2.657184757301683e-10,0.07138453934155307
"('0021030000', 'Graduate School')",0.0002673082063619353,0.0,0.13025766016713092,0.0015696608282154743,0.1416600851709836
"('0015354000', 'Department of Geological Sciences')",0.0010692328254477412,0.0005346164127238706,0.09316630970762564,3.833648980810992e-07,0.09914667313042476
"('0021030000', 'IPST')",0.0008019246190858059,0.0,0.13694267515923567,0.002016885374121016,0.15007062233051754
"('0014449000', 'Educational Leadership')",0.0002673082063619353,0.0,0.10558848433530905,2.197001267330536e-07,0.1124076856191507
"('0029728000', 'Plant Pathology')",0.002673082063619353,0.008138839770050567,0.15172777417261518,0.0020115581434855465,0.17302389385034816
"('0022905000', 'Computer Science And Engineering')",0.0005346164127238706,0.0,0.12302683504340962,2.0129350308180592e-05,0.132856310046738
"('0018408000', 'Center for Research Computing')",0.0010692328254477412,0.0,0.12945980551614356,0.0002061903169762632,0.14145068506405797
"('5300007032', 'Unknown Dept')",0.0010692328254477412,0.0,0.1007758202683045,2.3604331097497377e-05,0.10903573727695151
"('0010819000', 'Psychology')",0.0005346164127238706,0.0,0.12356729975227085,2.1475225815431824e-05,0.134310527262312
"('0015982001', 'Germanic and Slavic Studies')",0.0010692328254477412,0.0,0.12424856355242618,5.513982537187251e-05,0.13473770838446153
"('0037549000', 'Sustainable Biomaterials')",0.0010692328254477412,0.0,0.11136580138128126,8.812453461704802e-06,0.11902185182233706
"('0010090000', 'Aerospace Engineering')",0.0010692328254477412,0.0,0.1188298075090528,0.00023266307640724366,0.12875257267327625
"('0032102000', 'STEM Center')",0.0013365410318096765,0.0013982677701010562,0.11646586345381527,3.129343963025538e-06,0.12961128237438405
"('0013151000', 'Mathematics')",0.0008019246190858059,0.00817512836911155,0.11253158464685356,4.882808298269999e-06,0.12227537727253962
"('0025650000', 'School of Global Integrative Studies/Dep')",0.0008019246190858059,0.0,0.12076702069277205,1.848786241206669e-05,0.13097302720975457
"('0010819000', 'Cntr Infectious Diseases and Vaccinology')",0.0008019246190858059,0.0,0.1426991150442478,0.08279765357754322,0.16071678996699063
"('0036756000', 'Electrical & Computer Engineering')",0.0010692328254477412,0.0005346164127238706,0.13158635244460076,0.00017001384256029755,0.14461824039811283
"('0001479000', 'Department of Computer Science')",0.0005346164127238706,0.0,0.10980979218034519,9.956278737759007e-06,0.11824945377471315
"('0013136000', 'ECE')",0.0008019246190858059,0.0,0.1075216279136608,5.027833743632245e-06,0.1143952754069963
"('0013136000', 'Electrical and Computer Engineering')",0.0018711574445335472,0.002332674412369654,0.11307922497959677,7.011410817867005e-06,0.12292857435729648
"('0030908000', 'Electrical & Computer Engineering')",0.0008019246190858059,0.0,0.11395412592524902,1.2717357618343106e-06,0.12200856697577589
"('0029207000', 'Sociology')",0.0021384656508954825,0.004096918285130578,0.1299454652818785,6.865512100585171e-05,0.1425252711439569
"('0021055000', 'Department of Mechanical Engineering')",0.0010692328254477412,0.0,0.08359589729838439,1.1202763545704505e-08,0.08880676411040217
"('0013169000', 'Electrical Engineering')",0.0010692328254477412,0.0,0.0992518306271888,2.077747897767653e-07,0.10539018395145365
"('0022905000', 'MSU-DOE Plant Research Laboratory')",0.0002673082063619353,0.0,0.13228429985855727,0.0013660692613510202,0.14992330324657344
"('0001057000', 'Pittsburgh Supercomputing Center')",0.0016038492381716118,0.0003469071924869834,0.15256310917173035,0.0016223743778385437,0.17261783105455036
"('0038950000', 'Electrical and Computer Engineering')",0.0005346164127238706,0.0,0.11171833004837843,3.7550469937635895e-05,0.11880228901007538
"('0018408000', 'Computer Science & Engineering')",0.002673082063619353,0.002704108062480446,0.1327819975864272,0.00034302644573108195,0.1469453774873791
"('0019489001', 'Aerospace Engineering')",0.0010692328254477412,0.0,0.142612076852699,0.015010219199018576,0.16193691625728496
"('0010637000', 'College of Liberal Arts')",0.0010692328254477412,0.002136750304116689,0.1016962975044854,4.773185302950643e-07,0.11021550945945222
"('0017749000', 'Pritzker School of Molecular Egineering')",0.0010692328254477412,0.0,0.09137316203409701,3.725194819246758e-05,0.09727906734831614
"('0016162000', 'Mechanical & Biomedical Engineering')",0.0016038492381716118,0.0036147512465039573,0.12973816542396394,0.00011640629781996325,0.14371969319490518
"('0022194000', 'Computer Science')",0.0018711574445335472,0.0061815938549016885,0.1263936752483276,7.1111057995213445e-06,0.13879627488936935
"('0010512000', 'Alabama Transportation Institute')",0.0008019246190858059,0.0,0.07795049174862477,1.5679596223658013e-08,0.08270982969780187
"('0013706000', 'Department of Mathematics')",0.0008019246190858059,0.0,0.09843441652414156,1.546575494892149e-06,0.1045008120477469
"('0036582000', 'Institute for Geophysics')",0.0005346164127238706,0.0005346164127238706,0.10957178841309824,9.50620133163164e-05,0.11837329082069316
"('0015982001', 'School of Computing')",0.0005346164127238706,0.0,0.10673323823109843,2.700046975495269e-05,0.1131377679833905
"('0002501000', 'Unknown Dept')",0.0018711574445335472,0.0,0.1390137861840883,0.00026843032809414533,0.1553589694492574
"('0034256000', 'Materials Science & Engineering')",0.0016038492381716118,0.0016029915647822151,0.13697777452308593,0.002583055741879769,0.15832048605705354
"('0027110000', 'Department of Mathematics')",0.0002673082063619353,0.0,0.08960908306984766,1.245135683165211e-07,0.09383311038670766
"('0021998000', 'Electrical and Computer Engineering')",0.0037423148890670943,0.032519729368208614,0.15896825734075554,0.003625776693867609,0.18041290031065416
"('0015354000', 'FSRC')",0.0002673082063619353,0.0,0.13061238740311432,0.00015373511261546261,0.1437230716365352
"('0010819000', 'Center for Behavior, Institutions, and t')",0.0002673082063619353,0.0,0.12489566988281642,0.009363954177069833,0.13593349127631443
"('0029975000', 'Electircal and Computer Engineering')",0.0013365410318096765,0.0032034101093962406,0.11668018214709001,4.042927845712946e-05,0.12614682454226184
"('0023259000', 'Department of Statistics')",0.0005346164127238706,0.0005346164127238706,0.12705906327480215,2.049789272464299e-05,0.13813817858100144
"('0033290000', 'Statistics')",0.0008019246190858059,0.0010690898798828418,0.1223068623925197,9.226208494584416e-05,0.13268020479327652
"('0035691000', 'Electrical Engineering')",0.0018711574445335472,0.003987330507916653,0.14983178468439604,0.018783943074902425,0.1687332993567955
"('0021030000', 'Electical and Computer Engineering')",0.0005346164127238706,0.0,0.10477524156280633,3.156764418959869e-07,0.1122178703326386
"('0037283001', 'Department of Physics')",0.0010692328254477412,0.0,0.08647511615542867,6.768009921587139e-08,0.0906596162321349
"('0036327060', 'Soil and Crop Sciences')",0.0008019246190858059,0.0063965281381197225,0.12065406695478295,4.2995173075441935e-05,0.13226719781451174
"('0017590000', 'Center for STEM Research, Educ, Outreach')",0.0021384656508954825,0.002136750304116689,0.10880693386074108,8.491050828349337e-07,0.11813414016348016
"('0013706000', 'CIRES/Ecology and Evolutionary Biology')",0.0002673082063619353,0.0,0.10977434783884504,5.658194513404916e-06,0.1168513412098006
"('0026880000', 'Interdisciplinary Arts and Sciences')",0.0010692328254477412,0.0,0.10083286164793402,1.3040257565367044e-05,0.10719859262655959
"('0010512000', 'Department of Educational Studies in Psy')",0.0002673082063619353,0.0,0.11273845041135522,2.11250192007271e-06,0.1202113509884664
"('0030908000', 'Civil and Environmental Engineering and')",0.0005346164127238706,0.0,0.09736355828540197,6.164885237444991e-07,0.10245043095863275
"('0010819000', 'Ctr for Study of Institutional Diversity')",0.0005346164127238706,0.0,0.12491652197141713,0.01115829276887518,0.13617852379881284
"('0017392000', 'Biomedical Engineering')",0.0002673082063619353,0.0,0.10190128568315537,5.2643778383470086e-08,0.10904030200210874
"('0020537000', 'School of Earth and Climate Sciences')",0.0005346164127238706,0.0,0.06819921974696468,2.874798258854298e-10,0.07267899883441956
"('0047415000', 'Biology')",0.0016038492381716118,9.148516153563561e-06,0.0813844714686623,1.513322774852453e-09,0.086870217769204
"('0013136000', 'Unknown Dept')",0.006682705159048383,0.05803364746236791,0.1608824667784802,0.018972484071058806,0.18465288943436453
"('0025650000', 'Architecture')",0.0002673082063619353,0.0,0.10776011061182164,1.9266570274118217e-06,0.11473024509165672
"('0013284000', 'Department of Computer Science')",0.0018711574445335472,0.0003116432456146291,0.12049473379070441,3.924122990929134e-05,0.13134419223680513
"('0018697000', 'Agricultural and Biosystems Engineering')",0.0005346164127238706,0.0,0.12591296152939987,0.00011915711796806876,0.13637295647119288
"('7203577490', 'Unknown Dept')",0.0021384656508954825,0.002136750304116689,0.1088132635253054,8.519231788337307e-07,0.11822324289893414
"('0018697000', 'Human Development and Family Studies')",0.0010692328254477412,0.0,0.1271324678855434,1.826417198682936e-05,0.1385558703386207
"('0026294000', 'Department of Anthropology')",0.0002673082063619353,0.0,0.09260588657573582,7.477705038887405e-08,0.0978516526937489
"('0018259000', 'Mathematics')",0.0016038492381716118,0.002277449307355245,0.14554154995331467,0.004366700306499542,0.16334214176034537
"('0037499000', 'Atmospheric, Oceanic and Earth Sciences')",0.0005346164127238706,0.0024384051376855464,0.11990000320502547,2.465966491365071e-06,0.13329369065783514
"('0032235000', 'Landscape Architecture')",0.0010692328254477412,0.0,0.12533083185366345,4.8082988884878793e-05,0.136636901027911
"('0028373000', 'Pharmacology and Toxicology')",0.0005346164127238706,0.0,0.12685226001152894,0.002440237614876698,0.1387006563494849
"('0029769000', 'Psychology')",0.0010692328254477412,0.0,0.10631767414101799,6.953419207510124e-05,0.11555111718739593
"('0018259000', 'School of Electrical and Computer Engine')",0.0005346164127238706,0.0,0.13914304842669048,0.0032059755265114345,0.1544041886563939
"('0010835000', 'Soil, Water and Environmental Sciences')",0.0013365410318096765,0.0,0.13288104287287322,0.00023956534301547205,0.14581221111894788
"('0022905000', 'Construction & Civil Engineering')",0.0005346164127238706,0.0005346164127238706,0.13229365584553363,0.0013809674363141373,0.15010150871748135
"('0036756000', 'Chemical And Fuels Engineering')",0.0008019246190858059,0.0,0.11943681757231339,6.81414961185606e-06,0.12875733947175394
"('0037549000', 'Department of Forest Resources and Envir')",0.0010692328254477412,0.0,0.1390137861840883,0.0009816182998255952,0.1541031438786051
"('0021998000', 'Unknown Dept')",0.005346164127238706,0.030960520864303898,0.15120649933309083,0.0008422913940399955,0.17122962501871863
"('0015362010', 'Marine Ecosystem and Society')",0.0010692328254477412,0.0,0.09517873044141967,1.052126632433963e-06,0.10212614148294907
"('0013706000', 'ATLAS Institute')",0.0002673082063619353,0.0,0.1067149703331812,3.217153975683011e-05,0.11513060122946693
"('0025684000', 'Undergraduate Research')",0.0010692328254477412,0.0,0.12290557855312438,0.0008759023187725406,0.13548563882895695
"('0013136000', 'Materials Science and Engineering')",0.0008019246190858059,0.0,0.14059152918185577,0.002464691058056291,0.1546822548691746
"('0013144000', 'Anthropology')",0.0008019246190858059,0.0,0.128578793607149,1.1862794685164303e-05,0.14047373662096121
"('6250041978', 'Unknown Dept')",0.0008019246190858059,0.0005346164127238706,0.10903526668609735,4.928831015388268e-05,0.11900656426105581
"('0020396000', 'Unknown Dept')",0.0005346164127238706,0.0,0.1052379880724654,3.2227916865029816e-07,0.11342490809788071
"('0026633000', 'Department of Anthropology')",0.0002673082063619353,0.0,0.09027073982915883,5.3271859706492453e-08,0.09535751508721796
"('0025163000', 'Dept of Chemical/Mech & Aerospace Engr')",0.0013365410318096765,0.0,0.07481700731970721,5.012405146892114e-09,0.08142437709258743
"('6250001726', 'Library')",0.0013365410318096765,0.0,0.09762780865888984,2.766608831252194e-07,0.10481173661145997
"('0013169000', 'Department of Evolution, Ecology & Organ')",0.0010692328254477412,0.0,0.12597232043640771,2.308270642394266e-05,0.1382456000303548
"('0015511000', 'Department of Mathematical Sciences')",0.0005346164127238706,0.0,0.12197189527566757,1.9641576811942804e-05,0.13031966362960765
"('0033795000', 'Computational and Systems Biology/SOM')",0.0005346164127238706,0.0,0.12710223218836,1.3937311821560904e-05,0.13806580529362378
"('0032102000', 'Department of Botany and Plant Pathology')",0.0005346164127238706,0.0,0.1234897999603882,1.4919332716465597e-05,0.13418977436266072
"('0023259000', 'Mathematics')",0.0010692328254477412,0.0005346164127238706,0.118694079573577,9.288921548902e-05,0.13063461756501504
"('0029751000', 'Geography & Earth Sciences')",0.0002673082063619353,0.0,0.09882446176198653,1.5426418017008784e-07,0.10492730887002052
"('0013136000', 'Anthropology')",0.0002673082063619353,0.0,0.1385914866817323,0.0019385903660791466,0.15176474631814596
"('0014316000', 'Chemistry & Biochemistry')",0.0005346164127238706,0.0005346164127238706,0.1065751239245627,2.1794298940790545e-06,0.11481632547366664
"('0039206000', 'Religious Studies & Anthropology')",0.0008019246190858059,0.0,0.08452709114736319,6.864077411029047e-09,0.08926239857204722
"('0020107000', 'Mechanical and industrial engineering')",0.0010692328254477412,0.0,0.09517873044141967,1.052126632433963e-06,0.10212614148294907
"('0018259000', 'Armstrong Hall- School of Engineering Ed')",0.0008019246190858059,0.0,0.13637854981590172,0.0005806137366579035,0.1506968683993549
"('4007555000', 'Planetary Sciences Directorate')",0.0008019246190858059,0.0,0.13015795699672952,0.0001636593883211694,0.14265678167913556
"('4023263000', 'Unknown Dept')",0.0013365410318096765,0.0026702231523213645,0.10906069616931957,5.090567978811124e-05,0.11949662930605263
"('0013128000', 'Chemical & Biomolecular Engineering')",0.0002673082063619353,0.0,0.11032469255949748,6.192770372387577e-05,0.11717033584915862
"('0032235000', 'Institute for a Sustainable Environment')",0.0010692328254477412,0.0,0.12533083185366345,4.8082988884878793e-05,0.136636901027911
"('0010835000', 'Cellular and Molecular Medicine')",0.0002673082063619353,0.0,0.09325688645145208,3.250947796311569e-08,0.09788456067631189
"('0016105000', 'Geology & Geophysics')",0.0008019246190858059,0.0,0.08532524404707599,4.402688803619964e-09,0.08921253396355766
"('0036582000', 'Civil, Architectural, and Environmental')",0.0005346164127238706,0.0,0.10505180983404004,4.733423742155691e-06,0.11124200814516258
"('0030908000', 'Chemical Engineering')",0.0005346164127238706,0.0,0.11276563677467973,4.429288006045661e-05,0.12091344383303268
"('0030908000', 'English')",0.0010692328254477412,0.0,0.11361841705642957,0.0003158148121870518,0.12383681932186513
"('0020537000', 'School of Marine Sciences')",0.0029403902699812884,0.0037384553588148094,0.07126121492656723,1.7959202961594856e-09,0.07831802324854971
"('0026294000', 'Chemistry and Chemical Biology')",0.0005346164127238706,0.0,0.08848155156102176,4.356731929283737e-09,0.09375280845813065
"('0026393000', 'Civil, Environmental&Ocean Engineering')",0.0010692328254477412,0.0,0.06652558950101362,2.657184757301683e-10,0.07138453934155307
"('0036756000', 'Urban Institute for Teacher Education')",0.0005346164127238706,0.0,0.10645987478656802,2.735359939274614e-05,0.11521934561464578
"('0035303000', 'Ecology & Evolutionary Biology')",0.0010692328254477412,0.0,0.11152183633924578,0.0016462425055426013,0.12051683764972074
"('4002341000', 'Pathology')",0.0008019246190858059,0.0,0.1075865639019901,4.867976483616458e-06,0.11509264001421576
"('0022301000', 'Marine and Coastal Environmental Science')",0.0002673082063619353,0.0,0.09259213424745687,5.766672589911519e-08,0.09847633983060419
"('0020537000', 'Electrical and Computer Engineering')",0.0016038492381716118,0.0010689469343179423,0.0783078307830783,2.1950484292128207e-08,0.08528675988098686
"('0022210000', 'Mechanical and Industrial Engineering')",0.0002673082063619353,0.0,0.07854458418190598,4.562663581122307e-09,0.0818141600893078
"('6250004721', 'School of Social Sciences')",0.0002673082063619353,0.0,0.0746945132177941,2.3374866533503322e-09,0.079696950846316
"('0029769000', 'Teacher Education')",0.0002673082063619353,0.0,0.09118607712182518,4.348467352540139e-08,0.09693812512654994
"('0013128000', 'Space Sciences Laboratory')",0.0002673082063619353,0.0,0.12399323854032017,0.0005997430067690823,0.13422883358375665
"('0036616000', 'Center for Education Research & Policy')",0.0010692328254477412,0.0005346164127238706,0.11630654438053785,2.6839274961273498e-06,0.12576414121770083
"('0029207000', 'Office of Information Technology')",0.002673082063619353,0.0016712380627380847,0.12714975188634356,5.815971077698496e-05,0.13907578914595858
"('0038950000', 'Mathematics')",0.0002673082063619353,0.0,0.09192097891788294,5.820196672697884e-08,0.09725131464854612
"('0034702000', 'Materials and Metallurgical Engineering')",0.0010692328254477412,0.0,0.07973655604578297,1.1779446543130475e-08,0.08393075418006433
"('0036566000', 'Nursing')",0.0002673082063619353,0.0,0.11517147958869528,0.00020041973106455958,0.12271978298618677
"('6250041044', 'Unknown Dept')",0.0010692328254477412,0.0,0.13141532300558542,0.00012537265696855497,0.14347445264646658
"('0017756000', 'Economics')",0.0008019246190858059,0.0,0.1327490152939924,0.0002217702697294045,0.14527006877518128
"('0035097000', 'Center for Earthquake Research and Infor')",0.0002673082063619353,0.0,0.09701008738946659,3.268522542967949e-08,0.1036124730212816
"('0026633000', 'Chemistry and Chemical Biology')",0.0002673082063619353,0.0,0.09921234783992362,4.522599856927229e-07,0.10638366807702437
"('0001479000', 'Civil & Environmenal Engineering')",0.0008019246190858059,0.0,0.11195570851414036,4.367179974515503e-05,0.1197361416687792
"('0026633000', 'Chemistry Department')",0.0010692328254477412,0.0,0.10739199081383666,1.452403967604027e-06,0.11528034789627203
"('0019489001', 'Ecology and Evolutionary Biology')",0.0005346164127238706,0.0,0.12949117341640706,0.00029170171059513845,0.14158021056223868
"('0010751000', 'STEM Initiatives/Honors')",0.0010692328254477412,0.0,0.11401316591490918,7.626129890576803e-06,0.12150886087203214
"('0033795000', 'Office of Research Protections')",0.0010692328254477412,0.0,0.14276991184215548,0.0002684088900579826,0.1598294461052084
"('0029728000', 'Forestry and Environmental Resources')",0.0010692328254477412,0.0005346164127238706,0.1330606437844567,0.0007801944048186032,0.14706797178376083
"('0036525000', 'Unknown Dept')",0.0005346164127238706,0.0,0.11582760542448449,1.518498954502282e-05,0.12392595696466144
"('0035691000', 'Mathematics Department')",0.0008019246190858059,0.0,0.13883322199955467,0.0008526495421380025,0.1539219683165154
"('5300001640', 'Unknown Dept')",0.0013365410318096765,0.0,0.1301715438950555,0.0002209696371520546,0.14296864125322442
"('0021287000', 'Lynch School of Education')",0.0013365410318096765,0.0032034101093962406,0.11293584905660377,1.8953978828616862e-06,0.12152856717458702
"('0034140000', 'Oceanography/Physical')",0.0008019246190858059,0.0,0.10908613751676678,2.1126733570206968e-06,0.1197731133263394
"('4203543000', 'Department of Computer Science')",0.0005346164127238706,0.0,0.12717568670111504,1.4134852259267206e-05,0.13861378711666578
"('7203589401', 'Housing and Economic Development')",0.0010692328254477412,0.0,0.06652558950101362,2.657184757301683e-10,0.07138453934155307
"('0036426000', 'Engineering')",0.0005346164127238706,0.0,0.10023310023310024,3.2075585808341684e-07,0.10617002941156652
"('4100749000', 'Conservation Ecology Center')",0.0008019246190858059,0.0,0.1330559112249253,0.0007727945626137538,0.14693431768057985
"('0015982000', 'Unknown Dept')",0.0037423148890670943,0.011397143560145047,0.14184961892844955,0.00037305593526670833,0.15890377406014947
"('0036327000', 'Department of Electrical and Computer En')",0.0008019246190858059,0.0,0.12940159114493255,0.00011853803098716098,0.14054914767153676
"('0038273001', 'Biology')",0.0016038492381716118,0.0010690898798828418,0.10369774919614148,3.2987698327672795e-05,0.11065774215202726
"('0010637000', 'IARC')",0.0008019246190858059,0.0,0.1016852405544985,4.7241011393824317e-07,0.1099482012530903
"('0025684000', 'Mining and Metallurgical Engineering')",0.0010692328254477412,0.0,0.12290557855312438,0.0007996216508639481,0.13548563882895698
"('0023606000', 'Biological Sciences')",0.0005346164127238706,0.0,0.11683322923173017,2.09257234038917e-05,0.12464679095593234
"('0032235000', 'Biology')",0.0013365410318096765,0.0021371791408113876,0.12439316352995944,2.540792559869242e-05,0.13514268342385347
"('0037986000', 'Department of Mathematics')",0.0005346164127238706,0.0,0.1142883328750802,6.525424653293381e-06,0.12444248906628536
"('0038950000', 'Civil and Environmental Engineering')",0.0018711574445335472,0.0016778801280845504,0.13564668769716087,0.0022510093000550195,0.14975927829423316
"('0021782000', 'Inst. for Medical Engineering & Science')",0.0010692328254477412,0.0,0.1222908698636854,0.00036277912355363957,0.13647523325927993
"('0010819000', 'Electrical, Computer and Energy Engr')",0.0002673082063619353,0.0,0.14268822946067586,0.06587826493451046,0.1604494817606287
"('0033290000', 'Curriculum & Instruction')",0.0008019246190858059,0.0,0.11620538626409468,6.081764397148457e-05,0.12554339502013917
"('0034256000', 'English')",0.0005346164127238706,0.0,0.12577326519634213,0.00046166932854914004,0.14071796956897692
"('7203577468', 'Unknown Dept')",0.0008019246190858059,0.0,0.12287328384681075,0.00031180936933693904,0.13652807989863994
"('0037275000', 'NOVA SySTEMic')",0.0002673082063619353,0.0,0.08359589729838439,6.201955127221489e-09,0.0882116616588441
"('0037549000', 'Department of Biological Sciences')",0.0016038492381716118,0.0031010726492968557,0.13993416623026858,0.001024022022448086,0.15597814894126033
"('0036525000', 'Curriculum and Instruction')",0.0008019246190858059,0.0002672367335794856,0.10282839943926775,1.9648782426320345e-07,0.10909784581243011
"('0036046000', 'Department of Computer Science')",0.0005346164127238706,0.0,0.12856995566553253,1.5235263702338478e-05,0.13847493498302607
"('0023879000', 'Geology and Geophysics')",0.0010692328254477412,0.0,0.12231885953439707,2.3779193763361354e-05,0.13358299808650664
"('0027078000', 'Health Policy and Management')",0.0013365410318096765,0.0002672367335794856,0.11850232823339352,1.941865708087305e-06,0.1296696679408064
"('0021782000', 'Mechanical Engineering')",0.0016038492381716118,0.004482564195530938,0.13998652896273012,0.00048018273692710913,0.15567789671285157
"('0010827000', 'Landscape Conservation Init')",0.0010692328254477412,0.0,0.11139896373056994,3.927377967180151e-05,0.11898484205950885
"('0022335000', 'School of Business')",0.0002673082063619353,0.0,0.1080090079685876,5.089017990997019e-05,0.11712049444256767
"('0017749000', 'Computer Science')",0.0018711574445335472,0.0016034204014769135,0.1328385768056246,0.00026462239530082447,0.14629920536967478
"('0010819000', 'The Polytechnic School')",0.0005346164127238706,0.0,0.1426936720448564,0.07337524378374316,0.16058313586380968
"('4012365000', 'CSTL')",0.0008019246190858059,7.147278244971532e-08,0.10903208883448456,5.395127371105052e-05,0.11896201289332882
"('0023259000', 'Climate & Space Research Building')",0.0005346164127238706,0.0,0.10413361169102296,9.787834086103787e-06,0.11082692184512909
"('0023309000', 'Geography')",0.0010692328254477412,0.0,0.10965529370383398,1.4821998814001054e-06,0.11859019485899767
"('0029728000', 'Chemical & Biomolecular Engineering')",0.0010692328254477412,0.0,0.12334322453016815,0.00026072796033267746,0.1350912480711001
"('0021998000', 'Civil and Environmental Engineering')",0.0018711574445335472,0.0016034204014769135,0.131392245012644,0.00012289791603141333,0.1437373057160558
"('0021550000', 'Genetics')",0.0005346164127238706,0.0,0.11047455925346249,3.8375528914140696e-07,0.11881759365413565
"('0021030000', 'Department of Computer Science')",0.0008019246190858059,0.007927464751183827,0.14452943903569773,0.00017946020447765661,0.16195069034530818
"('0023879000', 'Electrical and Computer Engineering')",0.002673082063619353,0.009884024317930664,0.13193440310350907,6.29329738586905e-05,0.14645272362664188
"('6250005028', 'Psychology & Counseling')",0.0002673082063619353,0.0,0.09889499841387332,1.5479686046824153e-05,0.1057406313138015
"('5300004653', 'Computer Sciences')",0.0002673082063619353,0.0,0.14268822946067586,0.06587826493451046,0.1604494817606287
"('0010819000', 'ISTL')",0.0016038492381716118,0.0005346164127238706,0.12496659540352753,0.016273880414941957,0.13697153814435326
"('0022905000', 'Computer Science & Engineering')",0.0005346164127238706,0.0,0.1322889776866226,0.0015242994654323903,0.15005695734975438
"('0032102000', 'Mech, Indus, & Manufac Engineering')",0.0008019246190858059,0.0,0.12635952171857057,4.509069400849957e-05,0.13792991286623163
"('0096354000', 'Global and Sociocultural Studies')",0.0008019246190858059,0.0,0.12685656154628688,0.0027536162776253858,0.13883431045266584
"('0034017000', 'School of Engineering')",0.0016038492381716118,0.0032045536739154362,0.13454898575744498,0.0019129007749427857,0.14851873856131265
"('0013706000', 'Department of Physics')",0.0013365410318096765,0.0005346164127238706,0.13363100553670298,0.00011667108463140415,0.1457851101495859
"('0021998000', 'College of Engineering')",0.0010692328254477412,0.0,0.11623065929286025,1.9617207120594613e-05,0.12469951485235202
"('0018259000', 'Industrial Engineering')",0.003475006682705159,0.0028466332279542157,0.145,0.006493413437440764,0.16356459372698318
"('0035352000', 'Computer Science')",0.0021384656508954825,0.00905560153637893,0.11944825824579329,0.00030816442769906967,0.13245066358184876
"('0036582000', 'Aerospace Enginnering and Engineering Me')",0.0002673082063619353,0.0,0.09875402565862415,9.739626147754955e-06,0.10488397215722259
"('0015354000', 'Geomatics')",0.0010692328254477412,0.0,0.13062606934599671,0.00022742407763271322,0.14412403394607806
"('0016162000', 'Mechanical and Biomedical Engineering')",0.0016038492381716118,0.0004626398034866638,0.12050249637622805,8.958534198831358e-05,0.13279436866575411
"('0026211000', 'Humanities')",0.0010692328254477412,0.0005346164127238706,0.10023041474654378,1.202106910321774e-06,0.10596688752733668
"('0017392000', 'McCormick School of Engineering')",0.0005346164127238706,0.0,0.08635136070909216,1.582572506067143e-08,0.09103239365451839
"('0027110000', 'Material Science Engineering')",0.0002673082063619353,0.0,0.09956087824351298,2.1070329838741791e-07,0.10481736561668803
"('0026575000', 'Chemistry and Biochemistry')",0.0010692328254477412,0.0,0.0982947528836806,3.7275457595517526e-07,0.10535948161000404
"('0089078000', 'Division of Atmospheric Sciences')",0.0010692328254477412,0.0,0.12292173227311559,0.000905525525419637,0.13566384429986494
"('0016105000', 'University of Hawaii - Kapiolani CC')",0.0008019246190858059,0.0,0.11132271983335813,3.6306870274994783e-06,0.11983730791193709
"('0033290000', 'Learning and Performance Systems')",0.0005346164127238706,0.0,0.13058959053304012,6.777502455293837e-05,0.14135773856751355
"('0020537000', 'Anthropology')",0.0002673082063619353,0.0,0.06652204064939453,1.8398573911096838e-10,0.07098357703201022
"('0001479000', 'Computer Science')",0.0018711574445335472,0.005775060604841571,0.11005854490894648,1.1061559718121853e-05,0.12004338884851988
"('0036582000', 'Electrical & Computer Engineering (ECE)')",0.0002673082063619353,0.0,0.1357845450255889,0.0002567758269426895,0.1476694630929507
"('0014811000', 'Division of Research')",0.0010692328254477412,0.0,0.08782308613282626,6.003068664093696e-07,0.09318824964253107
"('0038950000', 'Physics Department')",0.0010692328254477412,0.0,0.1397407642598334,0.00032584516067660354,0.1541838028771375
"('0035998000', 'Mechanical and Industrial Engineering')",0.0010692328254477412,1.4294556489943064e-07,0.11173501388847407,5.3430955762902614e-05,0.11928156144215743
"('4100749000', 'SERC')",0.0002673082063619353,0.0,0.09328944415351238,4.864950633765706e-09,0.09834539147701707
"('0027110000', 'Department of Advertising and Public Re')",0.0013365410318096765,0.004268926350156597,0.11117054470892396,2.583027557493084e-06,0.12309856805516231
"('0020776000', 'Department of Mathematics')",0.0002673082063619353,0.0,0.10610357932951386,9.720441550289472e-06,0.11399201146464441
"('0025684000', 'Counseling and Educational Psychology')",0.0010692328254477412,0.0,0.12290557855312438,0.0007996216508639481,0.13548563882895698
"('0018093000', 'OVPIT')",0.0018711574445335472,0.0023868553493645982,0.15146362200898822,0.0005222837897462354,0.170852454549799
"('0029710000', 'UNC System Office')",0.0016038492381716118,0.0,0.09556043731480536,2.43501865772832e-07,0.10162527526010827
"('0010827000', 'Department of Biological Sciences')",0.0010692328254477412,0.0,0.11140559857057772,3.931703664139117e-05,0.11905166911109935
"('0013177000', 'San Diego Supercomputer Center')",0.005078855920876771,0.05442892471939216,0.16312025813203104,0.0014983634252059609,0.1896072147440139
"('0032235000', 'Chemistry')",0.0002673082063619353,0.0,0.11463855606288113,7.261519762815276e-06,0.12278357768062424
"('0013706000', 'Civil, Environmental and Architectural E')",0.0008019246190858059,0.0010689469343179423,0.12740957700429126,2.7340636862352682e-05,0.1374564403498561
"('0026294000', 'DIMACS')",0.0002673082063619353,0.0,0.08128014600443227,4.658762321855528e-10,0.08504870327728063
"('4000949000', 'Professional Services')",0.0029403902699812884,0.02940870441794616,0.14704032701831618,0.0025794613372763084,0.1649197122934093
"('0025650000', 'Electrical and Computer Engineering')",0.0005346164127238706,0.0,0.08661927805691264,2.7001082747507507e-08,0.09146642775621566
"('0029058000', 'Industrial and Systems Engineering')",0.0010692328254477412,0.0010689469343179423,0.11668018214709001,1.6313249051868675e-05,0.12523882562622618
"('0023879000', 'Unknown Dept')",0.002673082063619353,0.020398442276913977,0.1432181003790054,0.002214204790574006,0.16013422144784528
"('0032102000', 'CEOAS')",0.003475006682705159,0.02487910463410268,0.1401123595505618,8.202956412049589e-05,0.15864791371654913
"('0018259000', 'Psychological Sciences')",0.0005346164127238706,0.0005346164127238706,0.13914822391668216,0.002908689501161212,0.15444874002412087
"('0020537000', 'Mathematics')",0.0010692328254477412,0.0,0.07125171415511199,1.6457720674188018e-09,0.07738244452628307
"('0013706000', 'Research Computing')",0.0021384656508954825,0.007719420548195941,0.13746601014183876,0.00015106567765221237,0.15314412394274107
"('0029264000', 'Dept. of Mathematics & Computer Science')",0.0013365410318096765,0.0,0.14859980139026813,0.00042183872287654444,0.16677999666819918
"('0022905000', 'Cyclotron lab')",0.0010692328254477412,0.0,0.13230301315603338,0.0019873167145488656,0.15036881692384327
"('0015693000', 'H. Milton Stewart School of Industrial &')",0.0013365410318096765,0.0005346164127238705,0.0889380215391199,2.340996561330069e-06,0.09433818410514058
"('0026294000', 'Electrical and Computer Engineering')",0.0016038492381716118,0.0032045536739154362,0.09704280155642023,3.833483873017278e-08,0.10459260311127527
"('0026294000', 'ECE')",0.0008019246190858059,0.0005346164127238706,0.08846899683110249,4.486321202861887e-09,0.09380627009940305
"('0027854000', 'Chemical & Biomolecular Engineering')",0.0005346164127238706,0.0,0.08373248578718832,4.372905012391674e-06,0.08809501435639969
"('0035097000', 'Unknown Dept')",0.0032076984763432237,0.006403246579669996,0.12057629085283311,0.00011405804367930662,0.13401953127824628
"('0015370000', 'College of Public Health')",0.0005346164127238706,0.0,0.10964886570138929,1.1410951897844086e-06,0.11832288665263578
"('0035352000', 'Chemistry')",0.0002673082063619353,0.0,0.08000427715996579,1.6503208911414534e-08,0.08396216996442614
"('0027854000', 'Department of Linguistics')",0.0010692328254477412,0.0,0.12424856355242618,5.513982537187251e-05,0.13473770838446153
"('0038950000', 'Industrial Engineering')",0.0010692328254477412,0.0,0.12575212612188644,0.0003228499899165455,0.13610288397424652
"('0014456000', 'School of Continuing Studies')",0.0008019246190858059,0.0,0.09888454218650877,3.86009894832062e-08,0.10490064206072267
"('4001926000', 'Education')",0.0010692328254477412,0.0,0.12400556881463802,0.0008648534712122807,0.13462979589329951
"('0036525000', 'College of Engineering')",0.0018711574445335472,0.002137250613593837,0.10284818826634409,3.6917259224997106e-07,0.10976611632833494
"('0013706000', 'Environmental Studies')",0.0013365410318096765,0.005047825380544,0.1146561235748437,3.5764427115442866e-07,0.12488703004588139
"('0080010000', 'Physics')",0.0013365410318096765,0.0005346164127238706,0.11682228398338694,5.6278709693406555e-06,0.1255255101172297
"('0014175000', 'Marine Sciences Department')",0.0002673082063619353,0.0,0.11945207229069545,0.00020572980663688693,0.128257267948999
"('0014480000', 'Office of Research Administration')",0.0002673082063619353,0.0,0.12376761728313372,7.641319974624042e-05,0.13314935458079055
"('0022905000', 'Chemistry')",0.0002673082063619353,0.0,0.11685147587068562,0.0002084461642588746,0.12816337725708388
"('0032102000', 'Anthropology')",0.0010692328254477412,0.0,0.12533083185366345,4.8082988884878793e-05,0.136636901027911
"('0026633000', 'Computer Science')",0.0018711574445335472,0.007017637268549127,0.1125281997292826,1.5889675907781045e-06,0.12230845225797715
"('0025650000', 'History')",0.0002673082063619353,0.0,0.08661727251678629,2.4230453747268703e-08,0.09133277365303469
"('0096354000', 'English')",0.0008019246190858059,0.0,0.12685656154628688,0.0027536162776253858,0.13883431045266584
"('0036566000', 'Chemistry and Biochemistry')",0.0010692328254477412,0.0,0.07168039854378233,1.862187204972943e-10,0.07544250326346517
"('0030908000', 'Byrd Polar Research Center')",0.0005346164127238706,0.0,0.056650059814952226,4.753979300821811e-13,0.05938892904277421
"('0013144000', 'Physics and Astronomy')",0.0008019246190858059,0.0005346164127238706,0.12858321303361517,1.0615667002658796e-05,0.14051828798868823
"('0031252000', 'Electrical Engineering & Computer Sci.')",0.0010692328254477412,0.0,0.12911575895630564,6.728985284185704e-05,0.14096396263243888
"('0013706000', 'Electrical & Computer Engineering')",0.0013365410318096765,0.007495321767292812,0.14311947664409502,0.0018732220841152253,0.1580593016238573
"('0013201000', 'Ecology, Evolution and Marine Biology')",0.0005346164127238706,0.0,0.1090829566992273,1.8712641919851304e-06,0.11963945922315841
"('0030908000', 'Byrd Polar & Climate Research Center')",0.0005346164127238706,0.0,0.060047190253768,4.0328316671470575e-12,0.06336403889883901
"('0014803000', 'Soil and Plant Science')",0.0013365410318096765,0.0,0.13501515807708964,0.0004567279588577564,0.14825704600811962
"('0037986000', 'School of Engineering and Technology')",0.0010692328254477412,0.0,0.12120524866353474,1.3979104014128171e-05,0.13510329845180571
"('0035451000', 'Computer Science')",0.0021384656508954825,0.0010693757710126407,0.11623065929286025,8.554459966615768e-05,0.12630076827149797
"('0016055000', 'Natural Sciences & Mathematics')",0.0024057738572574178,0.0005352358435051013,0.12102096273291925,3.3014251196936433e-05,0.1314788467407699
"('0015354000', 'Soil and Water Sciences Department')",0.0010692328254477412,0.0005346164127238706,0.13063063063063063,0.0001954164940890721,0.14416858531380503
"('0018093000', 'Informatics and Computing')",0.0002673082063619353,0.0,0.10137112508129201,1.3635800675954255e-07,0.10644724325250947
"('0013136000', 'AI Institute for Next Generation Food Sy')",0.0002673082063619353,0.0,0.11328468037428459,5.274183351556937e-06,0.12082466060424872
"('0023259000', 'Department of Mathematics')",0.0021384656508954825,0.00371048677137413,0.1188298075090528,9.787015890094734e-05,0.13150973371679517
"('4003838000', 'Board of Regents')",0.0013365410318096765,0.0,0.09866807332190426,5.458761602234731e-07,0.10497255690102308
"('0033787000', 'Department of Computer & Info. Science')",0.0002673082063619353,0.0,0.11211004225478738,2.2234256627025092e-05,0.1202481116816687
"('0036327000', 'Oceanography')",0.0008019246190858059,0.0010689469343179423,0.09964839379894518,2.507616990679933e-07,0.10784100782437181
"('7203585321', 'Aerospace Engineering')",0.0008019246190858059,0.0,0.10729342931711934,8.122391020377093e-06,0.1142064978767167
"('0010090000', 'Department of Geosciences')",0.0002673082063619353,0.0,0.1105431121092134,4.764122773787847e-07,0.11932742334517624
"('0036582000', 'LBJ School of Public Affairs')",0.0021384656508954825,0.00039072913678289223,0.13518592129512522,0.0003570463407645725,0.14927329753913612
"('0010819000', 'School of Computing, Informatics, and De')",0.0002673082063619353,0.0,0.09268389366499022,1.0625906099350434e-07,0.09809361541183396
"('7203590120', 'Unknown Dept')",0.0024057738572574178,0.011627778595767245,0.14077140169332078,0.0023355185226724825,0.1567241625581645
"('0026534000', 'Biology')",0.0018711574445335472,0.0,0.09922813718469006,1.2026629159130113e-06,0.10718559269611012
"('0021782000', 'Chemical Engineering')",0.0024057738572574178,0.012118905532714965,0.1459105269316276,0.00250438783904446,0.1630359856968418
"('0018259000', 'School of Materials Engineering &')",0.0002673082063619353,0.0,0.12299447659126775,0.00037683820217364073,0.13298287254429142
"('0018259000', 'Davidson School of Chemical Engineering')",0.0010692328254477412,0.0,0.14023315965063538,0.004452141771482883,0.15637439092731784
"('6250013747', 'Unknown Dept')",0.0008019246190858059,0.0,0.13639346653055273,0.0007899775068167597,0.149780601574909
"('0026294000', 'Department of Statistics')",0.0005346164127238706,0.0,0.12219500244977952,1.733940918293098e-05,0.13269260718007725
"('0022210000', 'Department of Computer Science')",0.0010692328254477412,0.0032034101093962406,0.10737041501635956,2.642026173225527e-05,0.11508996377740063
"('0025205000', 'Electrical and Systems Engineering')",0.0002673082063619353,0.0,0.1313507250447667,8.614678133632672e-05,0.1428017269937891
"('0022905000', 'Facility for Rare Isotope Beams')",0.0002673082063619353,0.0,0.11685147587068562,0.0002084461642588746,0.12816337725708388
"('0022210000', 'College of Education')",0.0008019246190858059,0.0,0.10425259168431612,8.867563985536033e-06,0.11135153017022334
"('5300006541', 'Unknown Dept')",0.0008019246190858059,0.0,0.11125319693094629,0.0013328752503172418,0.11947041088156185
"('0035352000', 'Office of the Dean of Engineering')",0.0016038492381716118,0.0,0.09651204788194624,7.759569136545954e-06,0.10379235507000206
"('7203586014', 'Unknown Dept')",0.0010692328254477412,0.0,0.1301941950302777,5.9240807796462014e-05,0.1423903452135929
"('0023291000', 'Computing & Information Technology')",0.0005346164127238706,0.0,0.1350882894594302,6.741424360596457e-05,0.14845031332530237
"('0023879000', 'School of Statistics')",0.0010692328254477412,0.0016254915448196043,0.1257267686103176,3.863265693479031e-05,0.13757448092722802
"('0027854000', 'Psychology and Linguistics')",0.0002673082063619353,0.0,0.11052351689907823,5.6959465734060755e-06,0.11740899217018287
"('0025650000', 'Anthropology')",0.0010692328254477412,0.0005346164127238706,0.1207709194214876,1.8668329467194654e-05,0.13110668131293554
"('0035691000', 'Mathematical Sciences')",0.0005346164127238706,0.0,0.1142883328750802,6.525424653293381e-06,0.12444248906628534
"('0030908000', 'Battelle Center for Science, Engineering')",0.0013365410318096765,0.0,0.11578817047881396,0.00037262051664533827,0.12636245608968338
"('0010819000', 'SFAz Center for STEM at ASU')",0.0008019246190858059,0.0,0.1426991150442478,0.0827976535775432,0.16071678996699065
"('0013128000', 'Radio Astronomy Laboratory')",0.0008019246190858059,0.0,0.10676369863013699,4.112086662376255e-05,0.1159102501646892
"('6250043908', 'Unknown Dept')",0.0010692328254477412,0.0,0.09111722726940595,7.407890898067734e-08,0.09637299586637287
"('4003554000', 'Center for Quantitative Cell Imaging')",0.0018711574445335472,0.002136750304116689,0.11693182883755822,0.00023014737632966284,0.1293618090489399
"('0038950000', 'Soil Science')",0.0008019246190858059,0.002793084227280906,0.146064344838357,0.002531562022337553,0.16263357621617439
"('0013169000', 'Evolution, Ecology, and Organismal Biolo')",0.0005346164127238706,0.0,0.11519985218944387,0.000450922987588566,0.1230984696118662
"('0013284000', 'Chemistry')",0.0002673082063619353,0.0,0.11767851525636992,5.552440680800797e-06,0.12645603508544553
"('0016162000', 'Educational Technology')",0.0002673082063619353,0.0,0.1075216279136608,6.629703772584627e-06,0.11529373464829572
"('0016162000', 'Computer Science')",0.0016038492381716118,0.002137322086376287,0.10316015883520847,4.760156355255629e-06,0.11065576665828254
"('0018259000', 'EAPS')",0.0002673082063619353,0.0,0.13913787332167962,0.002878303719495704,0.1542705345532129
"('0018697000', 'Office of the Senior Vice President and')",0.0018711574445335472,0.0,0.08536418400876232,1.660282304647514e-08,0.09020157432709683
"('7203587999', 'Unknown Dept')",0.0010692328254477412,0.0,0.09192775525248802,8.407246997358579e-08,0.09765227695808901
"('0037986000', 'Department of Physics')",0.0005346164127238706,0.0,0.1211973952765089,1.0904121435071015e-05,0.13483599024544377
"('0080010000', 'Computer Science')",0.002673082063619353,0.0032051254561750336,0.13222351818471,3.762925356203434e-05,0.14519291108752957
"('0023879000', 'Civil Engineering')",0.0010692328254477412,0.0,0.12529725022607763,0.00032672675408843227,0.135864066834868
"('0025205000', 'Biochemistry & Molecular Biophysics')",0.0010692328254477412,0.0,0.11691721098853017,0.00022153539535565772,0.12891629537167
"('0037812000', 'Unknown Dept')",0.0008019246190858059,0.0,0.12532663316582915,4.184380652153733e-05,0.13650324692473004
"('0001057000', 'Heinz College')",0.0005346164127238706,0.0,0.11121681481701698,3.2049009497388228e-06,0.11969224806905078
"('0029744000', 'The Joint Department of Biomedical Engin')",0.0008019246190858059,0.0,0.13312693498452013,0.0007949482885709304,0.1473130043062592
"('4076931000', 'Thoracic Surgery')",0.0005346164127238706,0.0,0.11519985218944387,0.000450922987588566,0.1230984696118662
"('0036582000', 'Mathematics Department')",0.0010692328254477412,0.0,0.1045673076923077,1.4114401177825819e-06,0.11175487205240175
"('0026898000', 'Department of Computer Science')",0.0002673082063619353,0.0,0.06508803674577215,6.043928146405703e-11,0.06855715196639847
"('0025650000', 'Mathematics')",0.0008019246190858059,0.002641607336414976,0.11915151129088766,0.00035604069734543087,0.13272474357254246
"('0010637000', 'Business Adiministration')",0.0002673082063619353,0.0,0.11305188722009006,2.5216571136304353e-06,0.12348132186614408
"('P270048462', 'Unknown Dept')",0.0005346164127238706,0.0,0.10329688535453943,3.267515633013374e-07,0.1093093659823149
"('4005518000', 'Board on Life Sciences')",0.0002673082063619353,0.0,0.12156760796802392,6.356968361455703e-05,0.1306409598363232
"('0015099000', 'Physical Therapy')",0.0002673082063619353,0.0,0.13061238740311432,0.00015373511261546261,0.1437230716365352
"('0013706000', 'Research and Innovation Office')",0.0010692328254477412,0.0005346164127238706,0.10288212969583631,4.685987382259215e-08,0.1101451495839192
"('0022301000', 'Biology')",0.0002673082063619353,0.0,0.0931268825769834,2.8710199125193157e-07,0.09830910741715741
"('0028944000', 'Economics')",0.0002673082063619353,0.0,0.10329403318883397,2.931340007603315e-07,0.10917571187913393
"('0034017000', 'Physics')",0.0005346164127238706,0.0005346164127238706,0.11860376640669583,0.0001975156803374802,0.12746211653235578
"('0014803000', 'Department of Chemical and Biomedical En')",0.0010692328254477412,0.0,0.06915227919701283,8.89770636812451e-12,0.07295087161769258
"('0037978000', 'Mathematics and Computer Science')",0.0008019246190858059,0.0,0.09119274553299368,6.835997903124906e-08,0.09769595484077878
"('0016105000', 'Unknown Dept')",0.002673082063619353,0.007731997078192653,0.12525529848997222,2.7954984278105235e-05,0.1382463124501614
"('0010819000', 'School for Engineering of Matter, Transp')",0.0008019246190858059,0.0010689469343179423,0.14286805422952073,0.0745795613515214,0.16131346007047706
"('0010520000', 'Physics')",0.0005346164127238706,0.0,0.11206974027141188,6.1600929991563295e-06,0.12056425775677004
"('7203578622', 'Environmental Data & Governance Initiati')",0.0005346164127238706,0.0,0.11082802547770701,6.197279179483568e-05,0.1187141973830015
"('0016055000', 'Unknown Dept')",0.0008019246190858059,0.0,0.10796536796536796,6.248133227906621e-06,0.1149358906510117
"('0036582000', 'Government')",0.0005346164127238706,0.0,0.12399734835929732,0.0006679984675825562,0.1343624876869376
"('0026294000', 'Mathematics')",0.0008019246190858059,0.0010690898798828418,0.09842664702167965,1.2095952255818868e-06,0.10442061958583831
"('4203543000', 'Department of Economics')",0.0008019246190858059,0.0,0.1327490152939924,0.0002217702697294045,0.14527006877518128
"('0020107000', 'Textiles, Apparel Design, and Merchandis')",0.0010692328254477412,0.0,0.09517873044141967,1.052126632433963e-06,0.10212614148294907
"('7203576763', 'Statistics and Biostatistics')",0.0005346164127238706,0.0,0.12219500244977952,1.733940918293098e-05,0.13269260718007725
"('0031849000', 'Information Technology/Engineering')",0.0005346164127238706,0.0,0.08452327157704474,1.1314874977475403e-07,0.09059693934886541
"('0036566000', 'Unknown Dept')",0.0032076984763432237,0.052979785395991214,0.16134040626212964,0.09944198309686443,0.18613023348388186
"('0022905000', 'University Outreach and Engagement')",0.0008019246190858059,0.0,0.13488372093023257,0.0018466478438514038,0.15293706375302202
"('0025320000', 'Mechanical Engineering')",0.0005346164127238706,0.0,0.11032143910350929,5.465410328531459e-06,0.1176922934852487
"('0027110000', 'School of Civil & Environmental Eng.')",0.0010692328254477412,0.0,0.09634055265123226,4.2880107370394267e-07,0.10255661744823771
"('0014316000', 'Chemistry and Biochemistry')",0.0002673082063619353,0.0,0.0963132691416508,2.2345426116786131e-07,0.1018660712484694
"('0013136000', 'Neurological Surgery')",0.0010692328254477412,0.0,0.1124402632923567,6.729592914602719e-06,0.1212137034964754
"('0034488000', 'Biological Sciences')",0.0021384656508954825,0.002136750304116689,0.0944720826283492,8.25698249010049e-07,0.10071866035357852
"('0036046000', 'Computer Science')",0.0018711574445335472,0.014505611888750849,0.1475274075242527,0.0001332815159452136,0.16350153858821756
"('0036772000', 'Sociology')",0.0008019246190858059,0.0,0.11160834153763537,1.412962862974447e-06,0.12038974267970808
"('0080010000', 'Biomedical & Health Information Sciences')",0.0008019246190858059,0.0,0.11679310667790578,4.88108882039988e-06,0.12514236835477757
"('P270051864', 'Unknown Dept')",0.0005346164127238706,0.0,0.11209660504000239,7.355573788964119e-05,0.12057307093393614
"('0018408000', 'Department of Biological Sciences')",0.003475006682705159,0.01658352253491675,0.14633287698024644,0.00125993876975052,0.1652171879482132
"('0021030000', 'Biology')",0.0016038492381716118,0.0010520717592507345,0.10772287491361437,6.220892150477459e-07,0.11713270426829926
"('0035949000', 'Unknown Dept')",0.0021384656508954825,0.025598536156155684,0.12483315536572344,2.2850170618794883e-05,0.13755058163284992
"('0013706000', 'Civil, Environmental & Arch. Engineering')",0.0005346164127238706,0.0,0.09825086668767728,3.459453244646425e-06,0.1047767210775136
"('0035303000', 'Theory & Practice in Teacher Education')",0.0008019246190858059,0.0,0.11137906395141121,0.0015594687545200277,0.11987275216201056
"('0027078000', 'Computer Science Department')",0.0008019246190858059,0.0010689469343179423,0.10688571428571429,2.3417885566556937e-07,0.11356606880675679
"('0011536000', 'Department of Biology')",0.0005346164127238706,0.0,0.10908931851981454,1.8759295660602456e-06,0.11972856195861238
"('0029231000', 'Economics')",0.0010692328254477412,0.0,0.09634055265123226,4.2880107370394267e-07,0.10255661744823771
"('0023879000', 'Institute on the Environment')",0.0005346164127238706,0.0,0.08959406059154593,6.409790343091854e-08,0.0944439752174278
"('0028373000', 'Civil, Structural, Environmental Eng.')",0.0002673082063619353,0.0,0.12505432057496238,0.00017500193354240892,0.1344451806926463
"('0029744000', 'City and Regional Planning')",0.0002673082063619353,0.0,0.1330417155659874,0.0006140143107080436,0.14662245810649094
"('0026294000', 'School of Planning and Public Policy')",0.0005346164127238706,0.0,0.09705287189332226,3.6737002038101654e-08,0.10417382025464166
"('6250002291', 'Middle Grades and Secondary Science')",0.0010692328254477412,0.0,0.09725977537437604,7.833763334400683e-07,0.10343320265368305
"('0036566000', 'Materials Science and Engineering')",0.0008019246190858059,0.0,0.14740533511958706,0.013476005856153472,0.16371267769623857
"('0010090000', 'Mechanical Engineering')",0.0010692328254477412,0.0,0.08001283285210138,4.427000520538007e-08,0.08445223500942298
"('0080010000', 'Chemistry')",0.0008019246190858059,0.0010689469343179423,0.10462287104622871,5.948858034794434e-07,0.11081983029232145
"('0029207000', 'Fuqua School of Business')",0.0016038492381716118,4.654276612859571e-05,0.11507936507936507,2.0193307894637606e-05,0.12398667130435084
"('0039321000', 'Physics and Astronomy')",0.0010692328254477412,0.0,0.13032118720824915,0.001438331770651647,0.14250623551593097
"('0015354000', 'Mechanical and Aerospace Engineering')",0.0005346164127238706,0.0,0.13061694773227192,0.00017126846738148464,0.14385672573971617
"('0039545000', 'Unknown Dept')",0.0018711574445335472,0.0016034204014769135,0.06916122830045664,9.222074678094227e-12,0.07353003939814334
"('0020776000', 'Cognitive Science')",0.0010692328254477412,0.0,0.12424856355242618,5.513982537187251e-05,0.13473770838446153
"('0014795000', 'Department of Graduate Studies')",0.0005346164127238706,0.0,0.10622408995400079,2.734616134449483e-05,0.113134560321337
"('0038950000', 'Computer Sciences Department')",0.0005346164127238706,0.0005346164127238706,0.14372430750316953,0.0016177553840523151,0.1586594294959081
"('0014480000', 'Department of Mechanical Engineering')",0.0016038492381716118,0.01101543986402536,0.12722326135011053,0.00033385690556653934,0.14005507842717166
"('0036442000', 'Honors College')",0.0002673082063619353,0.0,0.09767113988825649,2.227106219229093e-06,0.1034538105726905
"('0017392000', 'Department of Psychology')",0.0010692328254477412,0.00261447414427881,0.12680066433921974,0.00034412298509991606,0.14127046844568897
"('0035691000', 'Unknown Dept')",0.0008019246190858059,0.0,0.12598080484930124,0.00035555679986318635,0.13649545154804898
"('5300011765', 'Human Ecology')",0.0002673082063619353,0.0,0.11135254196928206,3.370512953292491e-05,0.11832548181714944
"('0018259000', 'Deparment of Computer Science')",0.0008019246190858059,0.0,0.09532667414127001,4.393081340967048e-08,0.10188917047231358
"('0016105000', 'Ocean and Resources Engineering')",0.0005346164127238706,0.0,0.11128629224178962,3.139106166577025e-06,0.11944971101271225
"('0010835000', 'Higher Education')",0.0008019246190858059,0.0,0.10002138923052244,8.269101311510784e-07,0.10754792236260921
"('0037986000', 'Electrical & Computer Engineering')",0.0032076984763432237,0.044841939138220155,0.14054399278683596,0.00038461692344177363,0.16104491638420138
"('0018309000', 'Electrical and Computer Engineering')",0.0010692328254477412,0.0,0.10767946577629382,3.673738036776419e-07,0.11568903219440248
"('0021030000', 'College of Information Studies')",0.0016038492381716118,0.00185588960512893,0.11777113174878011,3.2888832344144726e-06,0.12820193316253836
"('0013706000', 'COSINC/College of Engineering and Applie')",0.0010692328254477412,0.0,0.12625717178535267,9.897806520809364e-05,0.13728221012703895
"('0013508000', 'Psychology')",0.002673082063619353,0.01071860896571613,0.14280261098599076,0.00028334307813302086,0.15905294135694184
"('0020081000', 'Psychology and Behavioral Sciences')",0.0010692328254477412,0.0,0.10758965804837364,1.6505698185163166e-05,0.11615739473408887
"('5300005431', 'Unknown Dept')",0.0008019246190858059,0.0,0.12558748489324562,2.5517547777400503e-05,0.13677413791616821
"('0037986000', 'Mathematics Education')",0.0010692328254477412,0.0,0.12549059072154573,1.5181466744971132e-05,0.14027970599389067
"('4000949000', 'Institutional Research & Analytics')",0.0002673082063619353,0.0,0.12206342991386061,0.0002311517825694222,0.13140668850902837
"('0037218000', 'Geology and Environmental Science')",0.0005346164127238706,0.0,0.08766051176305183,3.7321739711572385e-07,0.09182556565728046
"('0010520000', 'Biology')",0.0010692328254477412,0.0,0.13179960541149943,0.0001306681753931757,0.1430869684979557
"('0013508000', 'Electrical Engineering')",0.0010692328254477412,0.0,0.11889023072522723,2.2117843564256857e-05,0.12831850474710435
"('0022905000', 'Physics and Astronomy and CMSE')",0.0024057738572574178,0.008746508030868877,0.15016859344894026,0.0020518100755110274,0.16867205086932416
"('5300010311', 'Unknown Dept')",0.0018711574445335472,0.0026702231523213645,0.12586636161765696,8.669123634717657e-05,0.13769415913431626
"('0036566000', 'Mathematics')",0.0018711574445335472,0.002136750304116689,0.11676394394331908,9.54739002941832e-06,0.12730792013941522
"('0033290000', 'Materials Science Engineering')",0.0002673082063619353,0.0,0.12655187578228072,3.924616643358636e-05,0.13724117438679587
"('0028829000', 'Unknown Dept')",0.0010692328254477412,0.0016034204014769135,0.09716883116883117,5.315022616012603e-07,0.10300220775171624
"('0035691000', 'Materials Science and Engineering')",0.0013365410318096765,0.0057190362167388415,0.14234618165214413,0.0027486130895758992,0.1582262479280029
"('7203587035', 'Unknown Dept')",0.0002673082063619353,0.0,0.10863315619827511,1.7901619533380506e-06,0.11559092447742093
"('0036046000', 'Chemistry')",0.0010692328254477412,0.0,0.11138569642112785,2.7153836924413393e-06,0.11975977684548106
"('0013151000', 'Electrical & Computer Engineering')",0.0002673082063619353,0.0,0.10443886097152429,7.96292125105341e-07,0.11104740539709398
"('0033795000', 'Pediatrics')",0.0005346164127238706,0.0,0.1344909404659189,0.001817085741802455,0.14767226257449992
"('0037549000', 'ISE')",0.0005346164127238706,0.0,0.13689757382808213,0.00022146332177959652,0.14991616242618683
"('0022905000', 'Department of Forestry')",0.0002673082063619353,0.0,0.13178567654207912,8.995940015875904e-05,0.1426860061884129
"('0001057000', 'Electrical & Computer Engineering')",0.0010692328254477412,0.0010689469343179423,0.12712382764713878,1.7218196901081482e-05,0.13846676760316676
"('0037986000', 'Biochemistry')",0.0005346164127238706,0.0,0.1217535637570787,0.0002519281663858372,0.13048518793954939
"('0036442000', 'Mechanical Engineering')",0.0008019246190858059,0.0005346164127238706,0.11583119175155587,1.5331076725272802e-05,0.12405961106784243
"('0011494001', 'Department of Chemistry')",0.0005346164127238706,0.0,0.10899079361379793,4.583127369011378e-05,0.11856996085733129
"('0011478001', 'Biology')",0.0010692328254477412,0.0,0.11616930099680153,7.087141717207506e-05,0.12424616436774993
"('0025163000', 'Electrical Eng & Computer Science')",0.0013365410318096765,0.0,0.07481700731970721,5.012405146892114e-09,0.08142437709258746
"('0013128000', 'Museum of Vertebrate Zoology')",0.0013365410318096765,0.0,0.09009464634058233,4.2339612883892114e-06,0.09637648824148287
"('0029769000', 'Department of Mathematics and Statistics')",0.0010692328254477412,0.0,0.10457023060796646,1.4258111130575438e-06,0.11179942342012873
"('0028373000', 'Chemical and Biological Engineering')",0.0016038492381716118,0.001526592291461234,0.14292263610315187,0.001712468806135106,0.15817084212232574
"('0500438000', 'Science')",0.0010692328254477412,0.0005346164127238706,0.11364257723503145,6.967878233118964e-07,0.12470132298720818
"('0023259000', 'Department of Natural Resources')",0.0005346164127238706,0.0,0.14525898889492894,0.00021671818494342697,0.16259062801635027
"('0038950000', 'Wisconsin Center for Education Research')",0.0018711574445335472,0.0010690898798828418,0.13560735128865045,0.0029452533867222255,0.14940286735241723
"('0023879000', 'Physics and Astronomy')",0.0008019246190858059,0.0,0.10966493712074575,3.7116192471973864e-06,0.11714514713154123
"('0032565000', 'Materials Engineering')",0.0024057738572574178,0.002900798809921323,0.11140891628696507,2.8575236597871656e-06,0.1203672911937449
"('0026963000', 'Construction Technology')",0.0013365410318096765,0.0005346164127238706,0.10409015025041736,4.1580236057782284e-07,0.11156035952373627
"('0021055000', 'Center for Women In Technology')",0.0005346164127238706,0.0,0.08359029360504089,8.608420447134323e-09,0.08849490453631328
"('0025684000', 'Department of Chemistry')",0.0010692328254477412,0.0,0.12290557855312438,0.0007996216508639481,0.13548563882895698
"('0025197000', 'Biology')",0.0002673082063619353,0.0,0.0988427393785669,3.8776231682004283e-07,0.10416628939867863
"('0029751000', 'Unknown Dept')",0.0016038492381716118,0.0010689469343179423,0.11619094946734168,7.372620694142615e-05,0.1257438761749106
"('0026963000', 'Department of Mechanical Engineering Tec')",0.0010692328254477412,0.0,0.10408725411090398,4.117858542138823e-07,0.11142670542055533
"('0010090000', 'Department of Civil Engineering')",0.0010692328254477412,0.0,0.1188298075090528,0.00023266307640724366,0.12875257267327625
"('0010520000', 'Clinical and Diagnostic Sciences')",0.0010692328254477412,0.0,0.14274267399267399,0.09600318057724772,0.16114002796039706
"('0022301000', 'Applied Ocean Physics & Engineering')",0.0010692328254477412,0.00882948025673704,0.12611245954692557,0.0001965185251961188,0.13754137835580427
"('0018259000', 'Research Computing')",0.0008019246190858059,0.0,0.1391689297273167,0.003703132467155987,0.15467149686275583
"('5300012706', 'Mathematics')",0.0010692328254477412,0.0,0.10949161471595399,0.0001417162119397624,0.1183764730612451
"('0014894000', 'Earth, Ocean, and Atmospheric Science')",0.0018711574445335472,0.001603277455912014,0.12885337374711536,7.219942493152197e-05,0.1414506835804953
"('0033290000', 'School of Business Administration')",0.0005346164127238706,0.0,0.12265975933637169,2.667703761657718e-05,0.13196063414234185
"('0032102000', 'Hatfield Marine Science Center')",0.0016038492381716118,0.0010689469343179423,0.12603598140287042,5.958417865971828e-06,0.14117756997314995
"('0015982000', 'School of Public and International Affai')",0.0010692328254477412,0.0,0.12686946790110895,2.6613698267950857e-05,0.1385578364291993
"('0015354000', 'Geological Sciences')",0.0002673082063619353,0.0,0.08522804939171641,3.9182061279634934e-08,0.08938478619055523
"('0013136000', 'Department of Physics')",0.0013365410318096765,0.0010689469343179423,0.13780528235164108,0.00045064486618512844,0.15184872297589977
"('0037549000', 'Chemical Engineering')",0.0010692328254477412,0.0,0.1422379377209992,0.0010933340394123328,0.15828017211337184
"('0023259000', 'EECS')",0.0032076984763432237,0.011717200589487045,0.13454898575744498,0.0006897711434134616,0.15305595859572513
"('0035949000', 'Information Technology and Decision Scie')",0.0010692328254477412,0.0,0.11621621621621622,7.187114982284084e-05,0.12576615185877413
"('0025692000', 'Educational Psychology and Higher Educat')",0.0010692328254477412,0.0,0.10949161471595399,0.0001417162119397624,0.1183764730612451
"('0037218000', 'Integrated Science and Technology')",0.0008019246190858059,0.0,0.12287328384681075,0.00031180936933693904,0.13652807989863994
"('0021998000', 'Electical and Computer Egineering')",0.0002673082063619353,0.0,0.13716862831371687,0.00037055664716239656,0.149547401528628
"('0022905000', 'Institute for Research on Math & Science')",0.0005346164127238706,0.0,0.10823713219338599,2.1186972802563835e-05,0.11638654757492778
"('0010637000', 'Mechanical Engineering/ACEP')",0.0005346164127238706,0.0,0.1049987369839176,4.793055084481647e-07,0.11398045687268497
"('0035352000', 'Department of Mathematics')",0.0010692328254477412,0.0,0.11282004885551435,2.874072814249811e-06,0.12058662397121639
"('0028373000', 'Biochemistry')",0.0010692328254477412,0.0,0.13363100553670298,0.0003040186970642088,0.145725071877839
"('0028381000', 'Ecology & Evolution')",0.0008019246190858059,0.0,0.11083787627399858,7.010810652097534e-05,0.11893695422163646
"('0013177000', 'Ecology, Behavior, and Evolution')",0.0002673082063619353,0.0,0.08337605027970313,1.216556441524213e-08,0.08752481501724754
"('0010819000', 'Schl fr Future of Innovation in Society')",0.0008019246190858059,0.0,0.14270455845889757,0.08289944668687622,0.16076134133471762
"('0037457000', 'UVA Department of Otolaryngology')",0.0002673082063619353,0.0,0.11731318009344915,2.3874268873135267e-06,0.12797967554252532
"('0026294000', 'Mechanical & Aerospace Engineering')",0.0005346164127238706,0.0,0.09702769996887645,3.6657185325738615e-08,0.10396888396309746
"('0022905000', 'Department of Mathematics')",0.0002673082063619353,0.0,0.12990485450378497,0.000331188840252286,0.14299821402868756
"('0001966000', 'Dept. of Computer Science')",0.0008019246190858059,0.0,0.09752346193952033,8.718782307854981e-06,0.1046082333018959
"('0018929000', 'Mathematics')",0.0008019246190858059,0.0,0.10621805792163544,1.2965363650651952e-05,0.11466123665271488
"('0022228000', 'Unknown Dept')",0.0008019246190858059,0.0,0.12078651685393259,2.6779821214204043e-05,0.13154946863494463
"('0029728000', 'North Carolina Institute for Climate Stu')",0.0010692328254477412,0.0,0.14528155339805826,0.0004249745911749927,0.1623328874496385
"('0015982001', 'Ecology')",0.0021384656508954825,0.0062384390184969715,0.13327395796223726,7.504964810331485e-05,0.1468048691484942
"('0036426000', 'Biology')",0.0010692328254477412,0.0,0.11138569642112785,2.7153836924413393e-06,0.11975977684548106
"('0022210000', 'Computer Science')",0.0018711574445335472,0.01072358830456377,0.12023139964647277,0.00022653383773747396,0.13117403620257553
"('0022905000', 'Counseling, Educational Psychology,')",0.0002673082063619353,0.0,0.11684052720344806,0.000143332029118253,0.1280297231539029
"('0030908000', 'Chemistry & Biochemistry')",0.0005346164127238706,0.0,0.09736355828540197,6.164885237444991e-07,0.10245043095863275
"('0018697000', 'Architecture')",0.0021384656508954825,0.011875337295626417,0.09549701332516465,1.1233456953231799e-06,0.10388419438374447
"('0013508000', 'Department of Journalism and Tech. Comm.')",0.0008019246190858059,0.0,0.14989782425772327,0.0007209034140255323,0.16883527528723094
"('0019893001', 'Department of Chemistry')",0.0002673082063619353,0.0,0.10580948071048761,4.6140833462075116e-07,0.11276062688027157
"('0033787000', 'Univ. of PA Mus of Arch & Anthro')",0.0002673082063619353,0.0,0.1124031007751938,0.00017830300768130412,0.12135114823154292
"('0010819000', 'Research Technologies Office')",0.0010692328254477412,0.0,0.09866807332190426,4.652015499875148e-07,0.10488345416556911
"('0015362000', 'Industrial Engineering')",0.0010692328254477412,0.0,0.09517873044141967,1.052126632433963e-06,0.10212614148294907
"('4003554000', 'Department of Geoscience')",0.0002673082063619353,0.0,0.1066754113319456,1.8158546792962577e-05,0.11261651698098471
"('0027110000', 'Department of Earth and Atmospheric Scie')",0.0008019246190858059,0.0010689469343179423,0.08682836253916676,6.6735260987262074e-09,0.09220920738128494
"('0035352000', 'Department of Biomedical Engineering')",0.0016038492381716118,0.0,0.09651204788194624,7.759569136545954e-06,0.10379235507000206
"('6250041978', 'Digital Promise Learning Sciences')",0.0002673082063619353,0.0,0.09831800262812089,5.1511305508558495e-06,0.1050433928357652
"('0027078000', 'Data Science Institute')",0.0016038492381716118,0.002136750304116689,0.11181850789096126,0.0001032674917915376,0.12278073207774977
"('0023259000', 'Electrical & Computer Engineering')",0.0002673082063619353,0.0,0.0863035504187141,5.5685897200369085e-09,0.08999555655213333
"('0023879000', 'Humphrey School of Public Affairs')",0.0013365410318096765,0.0005346164127238706,0.12530144694533762,0.0003298515677379327,0.135997720938049
"('0034702000', 'CAPE Lab/Materials and Met. Eng. Dept.')",0.0021384656508954825,0.0008012813640437584,0.0866373320981936,4.5561465890498614e-08,0.09240200647848244
"('0036756000', 'Department of Physics & Astronomy')",0.0005346164127238706,0.0,0.07168039854378233,1.4341391654979424e-10,0.07526429779255724
"('0022905000', 'Department of Biomedical Engineering')",0.0010692328254477412,0.0,0.1376025306212528,0.0044475533738198595,0.15825913193123875
"('0029710000', 'Academic Affairs')",0.0016038492381716118,0.0,0.09556043731480536,2.43501865772832e-07,0.10162527526010827
"('0032565000', 'Physics')",0.0024057738572574178,0.005315386098071266,0.14530412491260777,0.0005154583045389264,0.16193306525751508
"('0014449000', 'Law School')",0.0008019246190858059,0.0,0.10190683737401253,6.633343289517258e-08,0.10930761020847066
"('6250040632', 'Unknown Dept')",0.0008019246190858059,0.0,0.13880231522707034,0.0015836090361282772,0.15233083765561717
"('0028290000', 'Mathematics, CS and Statistics')",0.0010692328254477412,0.0,0.12711086949135267,1.807801700178138e-05,0.13833311349998575
"('0018929000', 'Civil and Environmental Engineering')",0.0013365410318096765,0.0005346164127238706,0.09984786612218753,5.400525720121191e-07,0.1071823665480933
"('0023879000', 'Chemical Engineering and Materials Scien')",0.0024057738572574178,0.004852694813153952,0.13414371772805508,0.00013925645245380352,0.14834077676546778
"('0023879000', 'Law - Medicine - Consortium on Law and V')",0.0010692328254477412,0.0,0.09839040555467887,5.371311928016945e-07,0.10488543151376555
"('0026898000', 'Computer Science')",0.0008019246190858059,0.0005346164127238706,0.06961813309513175,5.902725397000604e-10,0.07447498621464745
"('6250020147', 'R&D')",0.0008019246190858059,0.0,0.11060847968777719,2.590140760459844e-06,0.11861805150226747
"('0035303000', 'Mathematics')",0.0005346164127238706,0.0005346164127238706,0.11240647817072805,6.998022583855494e-07,0.12152065889906609
"('0001057000', 'Chemical Engineering')",0.0005346164127238706,0.0005346164127238706,0.11122012129860863,2.9040622495426034e-06,0.11973679943677781
"('0014449000', 'Engineering Management & Systems Engr')",0.0002673082063619353,0.0,0.13850425768233987,0.0006747658517782095,0.15281613972472066
"('0010819000', 'School of Earth and Space Exploration')",0.0005346164127238706,0.0,0.1426936720448564,0.07337524378374316,0.16058313586380968
"('0013128000', 'CIEE')",0.0008019246190858059,0.0,0.11181182377906629,1.117528110212252e-05,0.11970866438104728
"('0036582000', 'TACC')",0.0021384656508954825,0.01017128505467444,0.14730086230657163,0.0004503303676782379,0.1652900653802817
"('0017756000', 'Communication')",0.0002673082063619353,0.0,0.13847349718685223,0.00017932750062714958,0.15197973337154483
"('0022905000', 'NSCL/ Physics & Astronomy')",0.0010692328254477412,0.0,0.13230301315603338,0.0019873167145488656,0.1503688169238433
"('0032169000', 'Environmental Science and Management')",0.0013365410318096765,7.147278244971532e-07,0.09010766673892623,3.7647878421415855e-06,0.0965769693962543
"('0014894000', 'Chemistry and Biochemistry')",0.0002673082063619353,0.0,0.10806204685288426,7.218130374368881e-06,0.11446416978505063
"('0015693000', 'Psychology')",0.0010692328254477412,0.0,0.10186521443158611,9.574297741982681e-07,0.10897669947832955
"('0023259000', 'Mechanical Engineering & Applied Mech')",0.0016038492381716118,0.0,0.12925851703406813,5.448838691701923e-05,0.14248405971069913
"('0038950000', 'Electrical & Computer Engineering')",0.0005346164127238706,0.0,0.11945207229069545,0.0002562016750591612,0.12839537718895264
"('0030320000', 'Biological, Geological, and Environmenta')",0.0013365410318096765,0.005211542553240015,0.12897331586568297,2.5768861508457913e-05,0.14106269558354648
"('0031849000', 'Geography')",0.0010692328254477412,0.0,0.09215647632655072,9.254235447482785e-07,0.09950278514482586
"('0036756000', 'Department of Psychology')",0.0005346164127238706,0.0,0.10014723597911926,1.8502210815304426e-07,0.10588248732066145
"('0036772000', 'Landscape Architecture and Environmental')",0.0008019246190858059,0.0,0.08266672559331771,4.2545604911111035e-07,0.08743163264242863
"('0038950000', 'Biomolecular Chemistry')",0.0008019246190858059,0.0,0.10470193115029387,3.030158829841569e-05,0.11315046465056507
"('0014449000', 'Department of Computer Science')",0.0008019246190858059,0.0027535065355888755,0.11804985799936889,2.1329148925401992e-06,0.12818678896134753
"('0036525000', 'Division of Energy and Innovation')",0.0005346164127238706,0.0,0.12056463308517838,4.8763923960729914e-05,0.1314385423747897
"('0039172000', 'Unknown Dept')",0.0013365410318096765,0.0,0.13559752075102396,0.0028894469054603863,0.14913555914605525
"('0036327000', 'Mechanical Engineering')",0.0013365410318096765,0.0010689469343179423,0.12016574585635359,4.290940802914676e-05,0.13022880256771052
"('0015354000', 'Computer and Information Science and Eng')",0.0008019246190858059,0.0005346164127238706,0.11322639225181598,0.0016010531993339056,0.12195989324273644
"('5300000250', 'Engineering and Computing Education Prog')",0.0008019246190858059,0.0,0.13279142410904443,0.00015624596902915513,0.1449211837644082
"('0032102000', 'STEM Research Center')",0.0013365410318096765,0.0010689469343179423,0.09835419076664213,6.906035373575008e-06,0.10587204827548718
"('0038950000', 'Astronomy')",0.0013365410318096765,0.0005346164127238706,0.10658423316903616,3.149403588417572e-06,0.11521728778320954
"('0016105000', 'Physics and Astronomy')",0.0008019246190858059,0.0,0.12098965071151359,1.765761449261488e-05,0.13058781938623013
"('0015941000', 'Sociology and Anthropology')",0.0008019246190858059,0.0010674460058864982,0.08917759237187127,6.885538882004045e-09,0.09463957967071189
"('0033290000', 'Psychology')",0.0010692328254477412,0.00039846350653691213,0.13911717675058569,0.00015654420502364747,0.15310010680547098
"('0014894000', 'Biological Science')",0.0013365410318096765,0.0005346164127238706,0.12056851875725151,5.268161208592993e-05,0.13030101748024753
"('6250002291', 'Middle Grades & Secondary Education')",0.0010692328254477412,0.0,0.09725977537437604,7.833763334400683e-07,0.10343320265368305
"('0015362000', 'Department of Mathematics')",0.0010692328254477412,0.0,0.11282004885551435,2.874072814249811e-06,0.12058662397121639
"('0010819000', 'School of Life Sciences')",0.0016038492381716118,0.0021371791408113876,0.13876112759643916,0.00014921887075214788,0.1550267917514021
"('0021998000', 'College of Computer and Information Scie')",0.0002673082063619353,0.0,0.09527569081879536,3.4686090412933815e-08,0.10130236531453816
"('0037457000', 'Curriculum, Instruction and Special Educ')",0.0016038492381716118,0.003736311175341318,0.10034602076124567,4.255106375337687e-07,0.10923098312274936
"('0033290000', 'mechanical engineering')",0.0021384656508954825,0.006884055193509878,0.11804240817872018,8.091968545555975e-06,0.12872449355656151
"('0018697000', 'Political Science')",0.0016038492381716118,0.0034545511723680505,0.12599353361174728,0.0005056790883084295,0.1425197541694784
"('0036046000', 'Materials Science and Nanoengineering')",0.0005346164127238706,0.0,0.11172833975450229,4.427760588388489e-05,0.11901425323579551
"('0021923000', 'Biological Sciences')",0.0010692328254477412,0.0,0.12314833102903416,2.7563348155215754e-05,0.13382752986318638
"('0033290000', 'Electrical Engineering')",0.006148088746324512,0.05852369070834598,0.16196207463849685,0.002070964426981287,0.186750140248537
"('0014894000', 'Earth, Ocean and Atmospheric Science')",0.0002673082063619353,0.0,0.11414884203460166,7.42617224616006e-06,0.12225589341242796
"('6250017679', 'Unknown Dept')",0.0005346164127238706,0.0,0.10498695029888025,4.370644890337867e-07,0.11399382228300314
"('0023879000', 'CSENG Earth Sciences')",0.0002673082063619353,0.0,0.1252804661598741,0.00022624998514082488,0.13541855315759815
"('0025205000', 'Social Work')",0.0005346164127238706,0.0,0.11173167672182067,0.0002423007976216579,0.11917141787005894
"('0018093000', 'Kelley School of Business')",0.0010692328254477412,0.0,0.12854344912895577,0.00038787461788540595,0.14128573536800387
"('0036327000', 'Construction Science')",0.0013365410318096765,0.0,0.13179496212788444,0.00018878197289152378,0.1446710615114794
"('0017392000', 'Electrical Engineering/Computer Science')",0.0008019246190858059,0.0,0.09532667414127001,4.393081340967048e-08,0.10188917047231358
"('0035998000', 'Biology')",0.0018711574445335472,0.006131151944440726,0.12670618120237087,0.0003751153805488219,0.13845782591301325
"('0018259000', 'Electrical and Computer Eng')",0.0005346164127238706,0.0,0.13914304842669048,0.0032059755265114345,0.15440418865639394
"('0017749000', 'James Franck Institute')",0.0002673082063619353,0.0,0.10687960687960688,4.310528112122575e-06,0.11289773445405094
"('0036756000', 'Elctrical and Computer Engineering')",0.0005346164127238706,0.0,0.11166497522535968,0.00020192300521675795,0.11972857181534415
"('0500718000', 'Unknown Dept')",0.0010692328254477412,0.0,0.09814518456331821,1.2694414191793165e-07,0.10456482792382898
"('0015370000', 'USF College of Public Health')",0.0010692328254477412,0.0,0.10965529370383398,1.4821998814001054e-06,0.11859019485899767
"('0025890000', 'College of Biological Sciences')",0.0008019246190858059,0.0,0.12089971883786317,2.567775252606035e-06,0.13293814352001074
"('0033290000', 'Engineering')",0.0002673082063619353,0.0,0.11315447203653851,2.2075907564833667e-06,0.12155777535205155
"('0010819000', 'Schl of Human Evolution & Social Change')",0.0016038492381716118,0.0010689469343179423,0.1427372276698844,0.09805144254093096,0.16129595774744146
"('0013201000', 'Physics')",0.0013365410318096765,0.0016029915647822151,0.09193905136397149,6.764088361497614e-08,0.09796413653217793
"('0021782000', 'Lab. for Information & Decision Systems')",0.0008019246190858059,0.0,0.1186075267112647,0.00024595602001587153,0.12759577063553676
"('0013706000', 'Environmental Studies Program')",0.0010692328254477412,0.004494753956783978,0.12435594854236612,2.7756337644981136e-06,0.13667661227451797
"('0014894000', 'COAPS')",0.0005346164127238706,0.0,0.11415232515562065,8.278747785357244e-06,0.12238954751560893
"('0013128000', 'Unknown Dept')",0.005346164127238706,0.009888511032117547,0.14153834512504257,0.005869570683797415,0.1592256732257444
"('0033290000', 'Biochemistry & Molecular Biology')",0.0002673082063619353,0.0,0.13111593999719612,0.00018196367191772076,0.14153168176471245
"('0030908000', 'Educational Studies')",0.0005346164127238706,0.0,0.11361151603498543,0.0002438734378050583,0.1235695111155032
"('0038968000', 'Mathematical Sciences')",0.0021384656508954825,0.002136750304116689,0.12714975188634356,1.9336466028195075e-05,0.13909048675134464
"('0010835000', 'Arizona Institutes for Resilience')",0.0016038492381716118,0.0,0.1204171629059774,4.7974779147651866e-05,0.13122741684159123
"('5300012886', 'Soil and Crop Sciences')",0.0010692328254477412,0.0,0.123424612339162,3.8862122262784805e-05,0.13374409827898262
"('0033290000', 'Agricultural and Biological Engineering')",0.0013365410318096765,0.0,0.08663131324826899,4.2267435813899626e-08,0.09200104416893955
"('0022210000', 'Mathematics and Statistics')",0.0008019246190858059,0.0,0.11115072644620733,1.676513742291379e-05,0.11985781666308935
"('0028944000', 'Department of Biology')",0.0008019246190858059,0.0,0.10908613751676678,2.1126733570206968e-06,0.1197731133263394
"('4001926000', 'Unknown Dept')",0.0002673082063619353,0.0,0.11679675304402123,5.136222799221503e-06,0.12554509858569007
"('0026294000', 'Labor Studies and Employment Relations')",0.0008019246190858059,0.0,0.08136500065248597,8.674009927468925e-10,0.08617967156943572
"('0031849000', 'Political Science')",0.0018711574445335472,5.717822595977226e-07,0.09201820194318042,1.2608907051243232e-06,0.09903467755963732
"('0035659000', 'Computer Science & IT Sys')",0.0010692328254477412,0.0,0.13227026835908495,0.0002311903529814344,0.1441981916921788
"('6250022589', 'Unknown Dept')",0.0013365410318096765,0.0016029915647822151,0.12209131555758625,0.0002681574981515073,0.13207495902493321
"('0037457000', 'Unknown Dept')",0.002673082063619353,0.028562239725959417,0.13289992539699458,2.3299246752145692e-05,0.1503851823583892
"('6250005028', 'Physical and Life Sciences')",0.0013365410318096765,0.0005346164127238706,0.10974536493780802,0.00015105010870493463,0.1200573325207733
"('0025320000', 'LRES')",0.0010692328254477412,0.0,0.12056463308517838,5.21749172590951e-05,0.13016736337706655
"('6250004721', 'Department of Life and Environmental Sci')",0.0002673082063619353,0.0,0.11966222051626524,2.1764334942324937e-05,0.12762698853316376
"('0034017000', 'Physics Department')",0.0002673082063619353,0.0,0.10603140411541295,2.0181542991853614e-05,0.11204446294591303
"('0036616000', 'Department of Geological Sciences')",0.0008019246190858059,0.0021134789632982144,0.11536682394301045,6.500868446606336e-06,0.12460455209051788
"('0037549000', 'Virginia Bioinformatics Institute')",0.0002673082063619353,0.0,0.12054520848102082,3.595463559238947e-05,0.12967729833206962
"('0032169000', 'Biology')",0.0021384656508954825,0.013756207351012942,0.13427853553481695,1.6289209547050843e-05,0.15103154066312727
"('0029728000', 'Electrical and Computer Engineering')",0.0029403902699812884,0.027251161921030123,0.1613821664294034,0.0070269538096230455,0.1848664919535008
"('7203585184', 'Unknown Dept')",0.0005346164127238706,0.0,0.11946733090630389,0.00022997111930698352,0.12852457615536092
"('0032193000', 'Social Science SOURCE')",0.0010692328254477412,0.0,0.10350265604249669,2.9704604951102923e-05,0.1093759434464111
"('0035238000', 'Computer Science')",0.0018711574445335472,0.0016029915647822151,0.1050695127088892,0.0002443508273006842,0.11452156063576291
"('0020776000', 'Pediatrics')",0.0002673082063619353,0.0,0.1273098519652884,3.6877427376339463e-05,0.13995702859552056
"('0021303000', 'Questrom School of Business')",0.0005346164127238706,0.0,0.09117496527016158,8.732826071159846e-08,0.09699604190459504
"('0037275000', 'Engineering')",0.0008019246190858059,0.0,0.08359963351136339,7.852964414111848e-09,0.08847896986520604
"('0027110000', 'Chemical & Biomolecular Engineering')",0.0005346164127238706,0.0,0.11616569370264564,4.9961336068553396e-05,0.12513797757382356
"('0013706000', 'Department of Linguistics')",0.0005346164127238706,0.0,0.0989368454458902,8.301756952455189e-07,0.10413725044603692
"('4002457000', 'Unknown Dept')",0.0018711574445335472,0.0016029915647822151,0.12316049382716049,2.8604460214644296e-05,0.13422849217272925
"('0026294000', 'Dept. Cell Biol. & Neuroscience, Rutgers')",0.0005346164127238706,0.0,0.09702518349456649,3.656056404661623e-08,0.10390205691150699
"('0018697000', 'Genetics, Development and Cell Biology')",0.0010692328254477412,0.0,0.08400134725496801,2.2047364710206425e-07,0.08953000476539219
"('0029207000', 'Electrical Engineering')",0.0010692328254477412,0.0,0.1270892784345699,4.4843758487908214e-05,0.13803328714114718
"('0037549000', 'Department of Chemical Engineering')",0.0002673082063619353,0.0,0.13284801136363636,0.0012099783509769268,0.1446874140739425
"('0018929000', 'Physics and Astronomy')",0.0010692328254477412,0.0,0.1273401865341412,5.366327325390465e-05,0.14051392069210794
"('0025684000', 'Computer Science and Engineering')",0.005078855920876771,0.027483214617041687,0.14010711209318003,0.005410492108169013,0.16077073747482712
"('0015693000', 'School of Earth and Atmospheric Sciences')",0.0013365410318096765,0.010241113986022019,0.1267319353636641,1.450469426370043e-05,0.13994179251797573
"('0013706000', 'Ethnography and Evaluation Research')",0.0008019246190858059,0.0,0.09547995201755953,6.748432161566536e-07,0.10010782683727022
"('0029728000', 'Industrial and Systems Engineering')",0.0024057738572574178,0.0008365586581292405,0.12972466883972536,0.0005987211880996503,0.14439558476895162
"('0013177000', 'Research IT Services')",0.0005346164127238706,0.0,0.14026470698511492,0.00017192200653796914,0.15535852645786527
"('0011015000', 'School of Education')",0.0008019246190858059,0.0,0.12102487787519006,0.0004186509438714675,0.13148769756274886
"('6250032970', 'Unknown Dept')",0.0010692328254477412,0.0,0.12444695785236685,2.5680587339778485e-05,0.13591858091527376
"('0010637000', 'Geosciences')",0.0005346164127238706,0.0,0.09230427595055392,4.499918081714024e-08,0.09819493032352364
"('0034017000', 'Molecular, Cellular Biology Biochemistry')",0.0010692328254477412,0.0,0.13179960541149943,0.0001306681753931757,0.14308696849795574
"('0017392000', 'Electrical and Computer Engineering')",0.0008019246190858059,0.006287534092467413,0.11843854872411828,4.0399208537928574e-05,0.12848177083105586
"('0036756000', 'Geography')",0.0021384656508954825,0.010074858682600156,0.12213516160626836,9.694743483181505e-06,0.13332208088623576
"('0020776000', 'Biomedical Engineering')",0.0008019246190858059,0.0005346164127238706,0.12732285072493363,4.1568537717535184e-05,0.14026888816960953
"('0010512000', 'Mechanical Engineering')",0.0013365410318096765,0.010638008939815629,0.12528885763086506,0.00843628614654092,0.13788600800429215
"('0015693000', 'Interactive Computing')",0.0005346164127238706,0.0,0.09324294010617881,6.421555375889303e-08,0.0987932091949642
"('0036582000', 'Inst. for Comp. Engineering & Sciences')",0.0005346164127238706,0.0,0.13748621830209481,9.601864131295874e-05,0.15078721209081153
"('5300005042', 'NCIL')",0.0013365410318096765,0.0,0.1301715438950555,0.0002209696371520546,0.14296864125322445
"('0036616000', 'Sociology and Anthropology')",0.0008019246190858059,0.0,0.1140966207148957,4.86215426657072e-05,0.12213477224031882
"('0013169000', 'CE-CERT')",0.0013365410318096765,0.0032034101093962406,0.11016874282180404,1.3897945078265437e-06,0.11854060806357353
"('0021550000', 'Unknown Dept')",0.0021384656508954825,0.007959494517347898,0.1309919815119577,1.9670533790452404e-05,0.14453254461922424
"('0029066000', 'Research Institute for Environment, Ener')",0.0010692328254477412,0.0,0.12510868838204803,2.691138662957888e-05,0.13772428597656275
"('0032102000', 'Statistics')",0.0010692328254477412,0.0,0.1211973952765089,3.096653531062579e-06,0.1329389698640607
"('0036566000', 'Economics')",0.0002673082063619353,0.0,0.13893118431314294,0.010160492163315982,0.15297791956773593
"('0013201000', 'Computer Science')",0.0013365410318096765,0.004328456853399,0.13475739346565324,0.00018468034621320128,0.14826217972639397
"('0029728000', 'Unknown Dept')",0.006148088746324512,0.028104703227937428,0.15345174125271752,0.006006243522542372,0.17752908118432387
"('0036327060', 'Engineering Studio for Advanced Instruct')",0.0008019246190858059,0.0,0.12940159114493255,0.00011853803098716098,0.14054914767153676
"('0029728000', 'School of Electrical & Computer Engr')",0.0005346164127238706,0.0,0.13038477624424927,0.00016556054321842384,0.14156464799655608
"('0013706000', 'Center for STEM Learning')",0.0010692328254477412,0.0010689469343179423,0.13326446280991736,0.00010766866919470028,0.14649219527798155
"('0011510001', 'ARPE')",0.0008019246190858059,0.0,0.088040101666196,1.0486481911341635e-06,0.09354727221502109
"('0018697000', 'Electrical and Computer Engineering')",0.003475006682705159,0.02042581101357458,0.1261294672960216,0.0005543642285290773,0.14409241745024118
"('0011379001', 'Department of Physics')",0.0005346164127238706,0.0,0.09715621347876899,5.735307101823286e-07,0.10260124544217332
"('0027078000', 'Physics')",0.0010692328254477412,0.0021374650319411865,0.09445777048352481,7.577161038540421e-07,0.10012612716280957
"('0029728000', 'Department of Electrical & Computer Engi')",0.0021384656508954825,0.0010684949210602703,0.13326921021694987,0.0009745145405974419,0.14872082752643204
"('0015693000', 'School of Mathematics')",0.0002673082063619353,0.0,0.08167587275942624,2.3941643030594965e-07,0.08537341774181302
"('0117119000', 'Center for Faculty Development')",0.0010692328254477412,0.0,0.12575635336829366,0.0003612966000608591,0.1366730481258297
"('0029769000', 'Mathematics & Statistics')",0.0010692328254477412,0.0,0.10631767414101799,6.953419207510124e-05,0.11555111718739593
"('0013706000', 'Electrical and Computing Engineering')",0.0010692328254477412,0.0,0.12625717178535267,9.897806520809364e-05,0.13728221012703895
"('0013201000', 'National Center for Ecological Analysis')",0.0010692328254477412,0.0,0.11114412192875606,2.558065496977999e-06,0.12280452902816419
"('0080010000', 'Deartment of Physics')",0.0002673082063619353,0.0,0.10460531834577635,5.805521423818969e-07,0.11041886798277857
"('0038950000', 'Medical Microbiology & Immunology')",0.0018711574445335472,0.0032034101093962406,0.12532243475930455,1.806452804214065e-05,0.13759506624028583
"('0036962000', 'Geology')",0.0010692328254477412,0.0,0.12272414132467277,3.8414892822258845e-06,0.13682907242450099
"('0025205000', 'Physics')",0.0010692328254477412,0.0010689469343179423,0.12577749386410247,0.0021290519524390546,0.13684411050737352
"('0033290000', 'Mathematics Department')",0.0002673082063619353,0.0,0.12791930244486238,9.890231765310163e-05,0.13788969312873864
"('0032235000', 'Department of Earth Sciences')",0.0002673082063619353,0.0,0.10499579006455234,1.2415922127650484e-06,0.11166677141946489
"('0036582000', 'Civil Engineering')",0.0008019246190858059,0.0,0.128112050957159,9.354065138252431e-05,0.1397208582352934
"('0011445001', 'Geography and Anthropology')",0.0008019246190858059,0.0,0.09898920406435224,2.2367929144261206e-05,0.10711726857656545
"('0038968000', 'Unknown Dept')",0.0010692328254477412,0.0010689469343179423,0.0818993826349665,9.05030614835269e-10,0.08651300554313536
"('5300004653', 'Life Sciences')",0.0018711574445335472,0.0016029915647822151,0.10773528395346159,1.1012591830203882e-05,0.11669841046521454
"('0011544000', 'Department of Anthropology')",0.0005346164127238706,0.0,0.11519985218944387,0.000450922987588566,0.12309846961186618
"('0023259000', 'CEE')",0.0013365410318096765,0.018695481026631527,0.1501565384924139,0.0003041619264257063,0.16933000316768432
"('0023259000', 'Department of Computational Medicine and')",0.0002673082063619353,0.0,0.10448845068848979,1.6494859450308777e-06,0.11014025731995777
"('0035303040', 'University of Tennessee Department of Fo')",0.0008019246190858059,0.0,0.10481927710843374,3.0677407766291406e-05,0.11388110708128758
"('0036616000', 'Department of Chemistry and Biochemistry')",0.0010692328254477412,0.0,0.08951473966309341,5.854404697491164e-08,0.09490194887861253
"('0114629000', 'Physics & Astronomy')",0.0010692328254477412,0.0,0.10658119658119658,3.119341041335459e-06,0.11508363368002858
"('0037275000', 'Engineering - Math, Science, Technology')",0.0008019246190858059,0.0,0.08359963351136339,7.852964414111848e-09,0.08847896986520604
"('0033787000', 'Department of Anthropology')",0.0005346164127238706,0.0005346164127238706,0.12663326788978405,0.0017440476969364902,0.14017508341061374
"('0036962000', 'Unknown Dept')",0.002673082063619353,0.01562581698981007,0.08480493278625348,1.4171585698281694e-07,0.09332938466350786
"('0026294000', 'Math & Computer Science')",0.0005346164127238706,0.0,0.11211340206185567,2.4767521086796354e-05,0.12038176578484967
"('0026633000', 'Institute of Meteoritics')",0.0010692328254477412,0.0,0.10283687943262411,7.885648012775027e-07,0.1109473121401735
"('0028373000', 'Center for Computational Research')",0.0008019246190858059,0.0,0.13379828326180257,0.00025588620464355295,0.14664113541065335
"('0020107000', 'Political Science/Manship School of Comm')",0.0010692328254477412,0.0,0.1005834431210174,1.5742135354436527e-05,0.10827751542811229
"('0025163000', 'Computer Science')",0.0018711574445335472,0.0016029915647822151,0.0748214964299286,5.121530827742887e-09,0.08173623666667634
"('0011080000', 'Unknown Dept')",0.003475006682705159,0.0037378835765552116,0.09760488415779586,1.569816757594403e-05,0.10525957699396724
"('0031849000', 'Electrical and Computer Engineering')",0.0024057738572574178,0.021321483023227745,0.09230883114960396,9.842101438169212e-07,0.101297568816113
"('0017392000', 'Unknown Dept')",0.002673082063619353,0.006935718808920375,0.10122300990313329,5.677625638388276e-07,0.10949267255609803
"('0037457000', 'Civil Engineering')",0.0013365410318096765,0.0,0.1302758044295863,0.0026546098398537617,0.14219470158370742
"('0036525000', 'Curriculum & Instruction')",0.0005346164127238706,0.0,0.09324526420737787,4.031773787935509e-08,0.09770308305203636
"('0035303000', 'Department of Mathematics')",0.0002673082063619353,0.0,0.101050754976905,7.214801894302336e-08,0.10726722255968177
"('0022905000', 'Microbiology and Molecular Genetics')",0.0008019246190858059,0.002136750304116689,0.13809014063711195,0.0017162179681866412,0.1570158798105873
"('0019893001', 'Department of Computer Science')",0.0021384656508954825,0.006874957389172131,0.12818228542059276,2.7555153657164913e-05,0.14152330245824685
"('0021550000', 'School of Eng and Applied Sciences')",0.0002673082063619353,0.0,0.11582401931948358,2.020945082093081e-06,0.12412798222388222
"('0018697000', 'Unknown Dept')",0.0005346164127238706,0.0,0.10069444444444445,1.066850213679295e-05,0.10847343537142595
"('0010819000', 'Civil & Environmental Engineering')",0.0008019246190858059,0.0005346164127238706,0.12186858650682478,1.7338723322864484e-05,0.13224222371044764
"('0026963000', 'Physics Department')",0.0010692328254477412,0.0,0.11614405464141571,2.6032255427205557e-06,0.12635038568089044
"('0025205000', 'Mechanical Engineering & Materials Scien')",0.0002673082063619353,0.0,0.08922012878607202,7.593032870538108e-07,0.09322502344321139
"('0022210000', 'Mathematics & Statistics')",0.0010692328254477412,0.00801834283381403,0.12296617690563061,9.866133522442921e-05,0.1347348714429712
"('0014316000', 'Geography and Spatial Sciences')",0.0005346164127238706,0.0,0.09177215189873418,2.4055033806599316e-07,0.09614116669346291
"('0037499000', 'Child, Family, and Community Engagement')",0.0002673082063619353,0.0,0.09325921124794335,3.787203945242049e-08,0.09781446147135382
"('0038950000', 'Plant Pathology')",0.0008019246190858059,0.0,0.11654205607476635,3.743924895850261e-05,0.12563010935622232
"('7203589129', 'Unknown Dept')",0.0010692328254477412,0.0004441297343099135,0.12793680106699498,5.308726988492047e-05,0.1400672502509808
"('0013169000', 'CNAS')",0.0010692328254477412,0.0,0.12597232043640771,2.308270642394266e-05,0.1382456000303548
"('0019489001', 'Kansas Biological Survey')",0.0005346164127238706,0.0,0.10003476214669627,0.00016182694338799758,0.10580237083963488
"('0022905000', 'Electrical & Computer Engineering')",0.0018711574445335472,0.00016931875652824715,0.13761771630370806,0.005150171582645409,0.15866009424078165
"('0035352000', 'Depart of Physics and Astronomy')",0.0002673082063619353,0.0,0.08803181475903614,8.317481430899431e-07,0.09319086127320515
"('0017392000', 'Education & Social Policy')",0.0010692328254477412,0.0,0.09192775525248802,8.407246997358579e-08,0.09765227695808901
"('4006268000', 'Unknown Dept')",0.0008019246190858059,0.0,0.12515054195102368,1.3478124105895994e-05,0.14079762380330818
"('0033795000', 'Information Sciences')",0.0010692328254477412,0.0,0.12711086949135267,1.807801700178138e-05,0.13833311349998578
"('0011080000', 'Anthropology')",0.0002673082063619353,0.0,0.08892745079395264,1.605076337243785e-06,0.09375901632468983
"('0013144000', 'Biomedical Engineering')",0.0005346164127238706,0.0005346164127238706,0.128578793607149,9.522417833682067e-06,0.1403846338855073
"('0027854000', 'Unknown Dept')",0.0045442395081529,0.010706325023177438,0.12624012958088682,0.0006461582080431655,0.14038149916257442
"('0014894000', 'Civil and Environmental Engineering')",0.0010692328254477412,0.0,0.09724966205677446,7.804367779013922e-07,0.1032995485505021
"('7203578736', 'Unknown Dept')",0.0002673082063619353,0.0,0.1075216279136608,6.629703772584627e-06,0.11529373464829572
"('0030908000', 'Physics')",0.0002673082063619353,0.0,0.11360806583862249,0.00021893786757046005,0.12343585701232224
"('0013706000', 'Information Sciences')",0.0018711574445335472,0.013149581774826785,0.12870708043762472,0.0003728806500873143,0.1407053422089518
"('0013177000', 'Qualcomm Institute/CALIT2')",0.0010692328254477412,0.0,0.13937113478876387,0.0002394051281867027,0.15413119932837277
"('0014175000', 'Digital Media & Design')",0.0008019246190858059,0.0,0.10580948071048761,3.378271640222699e-05,0.11453383198338735
"('0013151000', 'Medicine')",0.0002673082063619353,0.0,0.10443886097152429,7.96292125105341e-07,0.11104740539709398
"('0036525000', 'Earth & Atmospheric Sciences')",0.0005346164127238706,0.0,0.10404961895755688,8.583869544638033e-08,0.1116630269261277
"('0039545000', 'Department of Philosophy')",0.0002673082063619353,0.0,0.0646884888727499,9.557991910612114e-13,0.06757475678465283
"('0013136000', 'Biomedical Engineering')",0.0018711574445335472,0.005724159069558434,0.1260232440626579,4.46851104009815e-05,0.1384800065398216
"('0027078000', 'Computer Science')",0.0018711574445335472,0.011667174391006464,0.13588812204867418,2.150245094303909e-05,0.15045205465862135
"('0015982001', 'Institute of Ecology, UGA')",0.0010692328254477412,0.0,0.13223286557562475,4.947496807845815e-05,0.14594165668390943
"('6250019332', 'Unknown Dept')",0.0002673082063619353,0.0,0.12566764083442508,0.0001653443575497853,0.13516285011520707
"('0015354000', 'Materials Science & Engr')",0.0002673082063619353,0.0,0.1079996535696758,9.072237311215752e-07,0.11423409281137673
"('0010512000', 'Advertising and Public Relations')",0.0005346164127238706,0.0,0.08362018865394072,2.5820116230049652e-06,0.08807492099228066
"('0014175000', 'Computer Science & Engineering Departmen')",0.0002673082063619353,0.0,0.10673019314712846,2.4241312670096578e-05,0.11300411388020952
"('0015982001', 'Chemistry')",0.0010692328254477412,0.0005346164127238706,0.12424856355242618,4.849779299469684e-05,0.13473770838446153
"('0013177000', 'Psychology')",0.0008019246190858059,0.0,0.11724332455810454,2.7318498978227838e-05,0.12585623883314218
"('0031849000', 'Unknown Dept')",0.004276931301790965,0.02906698845730325,0.1013244495002844,6.213039425774745e-06,0.11154315873583144
"('7203588140', 'Unknown Dept')",0.0010692328254477412,0.0,0.0998452012383901,5.348613950094681e-07,0.10704871244491232
"('0001057000', 'Robotics Institute')",0.0002673082063619353,0.0,0.12709791397703335,1.2505633936061353e-05,0.13793215119044286
"('0010819000', 'Chemical Engineering, SEMTE')",0.0005346164127238706,0.0005346164127238706,0.1250208869431541,0.007700414238208041,0.1363473946974352
"('0001289000', 'Physics')",0.0010692328254477412,0.0,0.12223093511076259,0.0005768598614457653,0.1326489590788624
"('0028373000', 'Family Medicine')",0.0010692328254477412,0.0,0.13363100553670298,0.0003040186970642088,0.145725071877839
"('0026278000', 'Computer Science')",0.0008019246190858059,0.0005346164127238706,0.1051137960101152,3.2695052746676175e-07,0.11308833312217176
"('0015354000', 'School of Teaching and Learning')",0.0021384656508954825,0.005529455019165481,0.13328820322799018,0.01446122550554823,0.14787050136889746
"('0029728000', 'Chemical and Biomolecular Engineering')",0.0024057738572574178,0.003335744267711574,0.1485879969813719,0.0021373078422656875,0.16775952702824312
"('0030908000', 'Chemistry and Biochemistry')",0.0021384656508954825,0.0044397246691630235,0.12088018611865065,5.16039794289687e-05,0.1314242099920617
"('0023879000', 'Earth Sciences')",0.0018711574445335472,0.006927713857286006,0.12237087435805175,2.4725950770448524e-05,0.13432255079077465
"('4003554000', 'Unknown Dept')",0.002673082063619353,0.003425171992839784,0.13872510846590277,0.0006294153440345293,0.1545090486314135
"('0026575000', 'Animal and Range Sciences')",0.0018711574445335472,0.0018494601407402474,0.09856408905282571,4.0418158809246863e-07,0.10652402142731035
"('0040766000', 'Unknown Dept')",0.0018711574445335472,0.0,0.08536418400876232,1.660282304647514e-08,0.09020157432709683
"('0021030000', 'Bioengineering')",0.0002673082063619353,0.0,0.13025766016713092,0.0015696608282154743,0.1416600851709836
"('0023606000', 'Iron Range Engineering')",0.0005346164127238706,0.0,0.13227026835908495,0.000178614958706612,0.14401998622127077
"('0001479000', 'School of Civil & Environmental Engineer')",0.0013365410318096765,0.023684424644726254,0.128441941907574,0.0003399315615462265,0.14148636269726955
"('0023291000', 'Computer Science')",0.0005346164127238706,0.007989227622229178,0.08713171072551532,4.782520477171156e-09,0.092648063883982
"('0080010000', 'Civil and Materials Engineering')",0.0005346164127238706,0.0,0.1167420814479638,1.822883600949556e-05,0.12658179381963502
"('0036046000', 'Electrical & Computer Engr.')",0.0008019246190858059,0.0,0.1186075267112647,0.00024595602001587153,0.12759577063553676
"('0029728000', 'Department of Entomology and Plant Patho')",0.0005346164127238706,0.0,0.11950931220649778,8.14837237446097e-05,0.12942818396777878
"('7203576408', 'Sustainble Eng & Built Environ')",0.0013365410318096765,0.0,0.12496242108427698,0.01611974186642035,0.1368378840411723
"('0029728000', 'College of Engineering')",0.0008019246190858059,0.0,0.1435533384497314,0.0010854576545401057,0.1586607098099395
"('0018697000', 'Mathematics')",0.0002673082063619353,0.0,0.10456146235116552,9.875929917323493e-07,0.11139846111058585
"('0036616000', 'Mechanical Engineering')",0.0005346164127238706,0.0,0.10877529658060014,6.12399960272277e-07,0.11715401007348644
"('0034744000', 'Information Technology Services')",0.0013365410318096765,0.0,0.09866807332190426,5.458761602234731e-07,0.10497255690102308
"('0038968000', 'Civil Engineering')",0.0008019246190858059,0.0,0.14740533511958706,0.013476005856153472,0.16371267769623857
"('0033795000', 'Mechanical Engineering and Materials Sci')",0.0008019246190858059,0.0,0.12348572371678494,0.0005177267365113918,0.13468752870965292
"('0001271000', 'Department of Integrative Biology')",0.0013365410318096765,0.0,0.09896301782974445,2.9586563457304107e-05,0.10691678742179399
"('0036152000', 'Department of Mathematics')",0.0005346164127238706,0.0,0.09840852295146653,1.2864581626518744e-06,0.1040642086440224
"('0037549000', 'Hume/Statistics')",0.0010692328254477412,0.0,0.14528719561924736,0.0012617105736018393,0.16173931729264537
"('4062600000', 'COMET')",0.0005346164127238706,0.0,0.11722495534735061,5.083031546657768e-05,0.12610576028708373
"('5300019854', 'Unknown Dept')",0.0002673082063619353,0.0,0.09889499841387332,1.5479686046824153e-05,0.10574063131380151
"('0013151000', 'Department of Linguistics')",0.0002673082063619353,0.0,0.11801634120950187,6.599074618566447e-06,0.12772513733631594
"('0020081000', 'College of Engineering and Science')",0.0010692328254477412,0.0,0.10758965804837364,1.6505698185163166e-05,0.11615739473408887
"('0029728000', 'Fitts Department of Industrial and Syste')",0.0002673082063619353,0.0,0.11483209527902265,6.125347020081812e-05,0.1239360796184167
"('0039446000', 'Geology')",0.0010692328254477412,0.0,0.11468775866826084,1.9199503902429757e-06,0.12510265062390108
"('0096354000', 'Architecture')",0.0008019246190858059,0.0,0.1449606695857713,0.0841264502548492,0.16436949622595198
"('0026633000', 'Electrical & Computer Engineering')",0.0008019246190858059,0.0,0.09921761039649914,5.701157318611042e-07,0.1066509762833863
"('0034256000', 'Engineering and Science Education')",0.00400962309542903,0.023207710065090398,0.14433427215556155,0.004603129006850329,0.16866212361400784
"('0018259000', 'Engineering Technology')",0.0002673082063619353,0.0,0.13913787332167962,0.002878303719495704,0.1542705345532129
"('0015982001', 'Alton Standifer')",0.0010692328254477412,0.0,0.12970218077176437,6.482773665410166e-05,0.14219197484033164
"('0033787000', 'Physics')",0.0002673082063619353,0.0,0.1178045093840534,3.0168935900557184e-05,0.1271567733563519
"('0036756000', 'Geology and Geophysics')",0.0008019246190858059,0.0005346164127238706,0.106465934316125,2.7654678758150105e-05,0.11539755108555375
"('0017392000', 'Civil and Environmental Engineering')",0.0002673082063619353,0.0,0.10426421404682275,4.271258707706131e-06,0.11052591252010877
"('0036582000', 'Civil, Architectural and Env Engineering')",0.0005346164127238706,0.0,0.10505180983404004,4.733423742155691e-06,0.11124200814516258
"('P270068138', 'Unknown Dept')",0.0008019246190858059,0.0,0.11724332455810454,2.7318498978227838e-05,0.12585623883314218
"('0022905000', 'Computational Mathematics, Science and E')",0.0005346164127238706,0.0,0.129913876927351,0.0003698719507807964,0.14317641949959556
"('0029207000', 'Department of Computer Science')",0.0005346164127238706,0.002136750304116689,0.1133121308496138,5.333280801783374e-06,0.12120334722992815
"('0026211000', 'Informatics')",0.0002673082063619353,0.0,0.09110169491525423,1.2414150095704306e-07,0.09507678106246416
"('0025320000', 'Mechanical and Industrial Engineering')",0.0005346164127238706,0.0026702231523213645,0.10083829752823527,7.072240261681278e-06,0.10916684558769094
"('0010819000', 'Sch Science Hlth Care Deliv')",0.0010692328254477412,0.0005346164127238706,0.14271000228885328,0.08369214447721728,0.16089499543789856
"('0030908000', 'Electrical and Computer Engineering')",0.0018711574445335472,0.0044893244229980605,0.12046369344710997,3.911567731539773e-05,0.13072886819525886
"('0033795000', 'Learning Research & Development Center')",0.0002673082063619353,0.0,0.10146460537021969,1.8958943455170033e-07,0.10694335455455502
"('0020776000', 'Chemical & Biomolecular Engineering')",0.0008019246190858059,0.0005346164127238706,0.13861716318363718,0.002187616793379111,0.1521657086276888
"('6250004419', 'School of Education')",0.0010692328254477412,0.0,0.09814518456331821,1.2694414191793165e-07,0.10456482792382898
"('0025692000', 'Office of Undergraduate Research')",0.0008019246190858059,0.0,0.0871012805587893,2.577166530534161e-08,0.09238603920465667
"('0023259000', 'Department Computational Medicine and Bi')",0.0002673082063619353,0.0,0.12174563915646967,0.0002235303921283576,0.13030698246864142
"('0018259000', 'Purdue Online')",0.0013365410318096765,0.0,0.13836594296704516,0.0005974712905496576,0.15273379906499468
"('0016410000', 'Political Science & International Studie')",0.0010692328254477412,0.0,0.11192891122879454,7.880396388042766e-05,0.12290197544277817
"('0034488000', 'Mathematical Education')",0.0010692328254477412,0.0,0.08632545689496031,1.2219663029654915e-07,0.0908564380341834
"('0117119000', 'College of Science and Engineering')",0.0016038492381716118,0.0,0.09111500803741049,1.2132613255025406e-07,0.09730453925289163
"('0026211000', 'Department of Chemistry and Env. Science')",0.0002673082063619353,0.0,0.07524589174728966,1.035823643501238e-10,0.07874885593586949
"('5300000942', 'Biological Sciences')",0.0010692328254477412,0.0,0.11739048575373415,1.5572687284699125e-06,0.12788320150636687
"('0034256000', 'Mathematical Sciences')",0.0002673082063619353,0.0,0.1060374149659864,2.537138221638907e-05,0.11213356568136698
"('0025692000', 'Electrical & Computer Engr')",0.0008019246190858059,0.0,0.07795049174862477,1.5679596223658013e-08,0.08270982969780186
"('0032235000', 'Education Studies')",0.0008019246190858059,0.0,0.12436835106382979,5.669502015688961e-05,0.13469716974658355
"('0025163000', 'Health Management and Informatics')",0.0005346164127238706,0.0,0.06961683756071235,5.846570691639874e-10,0.07434133211146646
"('0037549000', 'Crop & Soil Environmental Sciences')",0.0010692328254477412,0.0,0.1390137861840883,0.0009816182998255952,0.1541031438786051
"('0015354000', 'Lastinger Center for Learning')",0.0010692328254477412,0.0,0.13287632308020175,0.00026716324173700954,0.1478132425506125
"('7203582772', 'Unknown Dept')",0.0010692328254477412,0.0,0.14358088658606794,0.10093349221572648,0.16217486365842443
"('0025171000', 'Engineering Management & Systems Enginee')",0.0010692328254477412,0.0,0.10115458453884217,3.248681618470914e-07,0.10907655458105808
"('0013177010', 'Integrative Oceanography Division')",0.0002673082063619353,0.0,0.11151518764718156,0.0010998646497100435,0.11982098771569918
"('0018697000', 'Veterinary Microbiology & Preventive Med')",0.0010692328254477412,0.0,0.08400134725496801,2.2047364710206425e-07,0.08953000476539219
"('0010579000', 'Electrical and Computer Engineering')",0.0021384656508954825,0.004978300936391593,0.12819107014357675,8.458091356181148e-05,0.14143716326884845
"('0025684000', 'Computer Science & Engineering')",0.0005346164127238706,0.0,0.12289750328515112,0.0006171380516698494,0.13521833062259503
"('6250004721', 'Department of Molecular and Cell Biology')",0.0010692328254477412,0.0,0.13307957738963394,0.00014097979812368165,0.14466970479400415
"('0033290000', 'Ecosystem Science and Management')",0.0008019246190858059,0.0,0.13639346653055273,0.0007899775068167597,0.14978060157490905
"('0022905000', 'College of Arts & Letters')",0.0008019246190858059,0.0,0.1349761870399769,0.001853861358055382,0.15331129524192869
"('0011494001', 'Computer Science')",0.0010692328254477412,0.0,0.10880060493252676,8.044687846105898e-07,0.11768862648621027
"('0033787000', 'Computer and Information Science')",0.0016038492381716118,0.004212236009082622,0.12626143305545243,0.00021740819974896175,0.13897060752160117
"('0001057000', 'Department of Materials Science & Eng.')",0.0005346164127238706,0.0,0.12710223218836,1.3937311821560904e-05,0.1380658052936238
"('0017756000', 'Illinois State Water Survey')",0.0005346164127238706,0.0,0.12167436414492942,2.0682456030455043e-05,0.13157832167383962
"('0117119000', 'Teacher Education/Instructional Tech.')",0.0016038492381716118,0.0,0.09111500803741049,1.2132613255025406e-07,0.09730453925289163
"('0015354000', 'Engineering School of Sustainable Infras')",0.0005346164127238706,0.0,0.12072804724561913,0.0001879104911270456,0.1296199456348522
"('0025684000', 'Biology')",0.0008019246190858059,0.0,0.0982947528836806,6.294844702166615e-06,0.1052266898915562
"('0025684000', 'Computer Science')",0.0005346164127238706,0.0,0.12289750328515112,0.0006964761488774202,0.13521833062259503
"('0036756000', 'Unknown Dept')",0.0021384656508954825,0.0048044004362698635,0.10649321073756725,3.162300335807249e-05,0.11624402707236652
"('0030908000', 'Unknown Dept')",0.0037423148890670943,0.008516250906254238,0.12816471958614548,0.00214141399080189,0.1440713809115624
"('0021030000', 'IREAP')",0.0008019246190858059,0.0010690898798828418,0.1302758044295863,0.001603133979697377,0.14201649611279948
"('0080010000', 'Electrical & Computer Engineering')",0.0021384656508954825,0.004268926350156597,0.13223286557562475,3.72692022399533e-05,0.14505925698434863
"('0021030000', 'Department of Hearing and Speech Science')",0.0008019246190858059,0.0,0.13027126789009993,0.0019752328361106164,0.1419719447450725
"('0027078000', 'Seismology Department')",0.0010692328254477412,0.0009026472197135863,0.11607558410127525,1.8448985843990006e-06,0.12691367109617896
"('0013151000', 'Urban Planning Program')",0.0002673082063619353,0.0,0.12399323854032017,0.0005997430067690823,0.13422883358375662
"('0034017000', 'Department of Physics')",0.0002673082063619353,0.0,0.10064297436173361,6.118829998585807e-07,0.10726640697145662
"('0015693000', 'School of Materials Science & Engr.')",0.0010692328254477412,0.0,0.11098914139915741,2.1741598093319536e-06,0.12038214095150704
"('0011080000', 'Computer Science & Computer Engineering')",0.0016038492381716118,0.0027617050581559073,0.12203555700538249,0.0002260072728688358,0.13267277358743998
"('0022905000', 'Kellogg Biological Station')",0.0005346164127238706,0.0,0.10637208905570246,2.3708589082370622e-05,0.11457335078260446
"('0017376000', 'Computer Science')",0.0002673082063619353,0.0,0.11678581462866419,3.874396060348435e-06,0.12487506014841565
"('0027078000', 'Biology and Paleo Environment (BPE)')",0.0002673082063619353,0.0,0.12881344260037186,4.8143588283502495e-05,0.14051510485822866
"('0026534000', 'ARMAS Center')",0.0018711574445335472,0.0,0.09922813718469006,1.2026629159130113e-06,0.10718559269611012
"('0001057000', 'Language Technologies Institute')",0.0002673082063619353,0.0,0.12709791397703335,1.2505633936061353e-05,0.13793215119044286
"('0024232000', 'Ag & Bio Engineering')",0.0013365410318096765,0.0,0.12256331291157488,0.0004972988432404801,0.13244876462245275
"('5300013006', 'Unknown Dept')",0.0010692328254477412,0.0005346164127238706,0.10968101325202298,3.75870025405029e-06,0.11741245533790318
"('4004149000', 'Office of the Provost')",0.0005346164127238706,0.0,0.10511084262875446,3.238260208944714e-07,0.11295467901899078
"('0014282000', 'Physics and PreEngineering')",0.0008019246190858059,0.0,0.08707492493540954,5.957215507594661e-09,0.09226046698475726
"('0030510000', 'Biological Sciences')",0.0013365410318096765,0.010108824458557935,0.11456483126110124,2.081510299878438e-06,0.12366875375743636
"('0018697000', 'CP Tech Center')",0.0002673082063619353,0.0,0.08399568907449818,1.5058802837208749e-07,0.08912904245584927
"('0020990000', 'Physics, Astronomy and Geosciences')",0.0008019246190858059,0.0,0.11249097907144576,1.8895369831888683e-06,0.12124984295841315
"('0011510000', 'Department of Mathematics & Statistics')",0.0005346164127238706,0.0,0.13511268419531927,0.00013356871534572274,0.148191043668891
"('0027110000', 'Operations Research and Information Engr')",0.0010692328254477412,0.0,0.11056924986699769,2.9349643652101773e-06,0.11838638439008711
"('0027110000', 'Operations Res & Information Eng')",0.0010692328254477412,0.0,0.11056924986699769,2.9349643652101773e-06,0.11838638439008711
"('0010579000', 'Unknown Dept')",0.0010692328254477412,0.0,0.11665835100411626,4.0040058975786714e-05,0.12587951633589992
"('0017400000', 'Unknown Dept')",0.0013365410318096765,0.0071338400716060265,0.11459290571586106,5.244172666438272e-06,0.12597466891214587
"('0038968000', 'School of Freshwater Sciences')",0.0005346164127238706,0.0,0.11945588657917425,0.00022914542190649313,0.12839092205217997
"('0026633000', 'Anthropology Department')",0.0002673082063619353,0.0,0.09027073982915883,5.3271859706492453e-08,0.09535751508721796
"('0096354000', 'Physics')",0.0010692328254477412,0.0,0.11264679313459801,0.000433124537092855,0.12119242843156673
"('0026310000', 'Clement Price Institute on Ethnicity, Cu')",0.0010692328254477412,0.0,0.08136323104025751,9.723541448781584e-10,0.08627768457843508
"('4003554000', 'Molecular and Computational Biology')",0.0002673082063619353,0.0,0.12182889894812257,6.439860554929432e-05,0.1315396319859979
"('0013144000', 'Chemical & Biomolecular Engineering')",0.0005346164127238706,0.0,0.12662898148461565,0.0019223507046177942,0.14013053204288672
"('0014480000', 'Biology')",0.0013365410318096765,0.0,0.12458787091617544,1.6802504741676084e-05,0.13429941256371844
"('0030908000', 'Anthropology')",0.0016038492381716118,0.0005346164127238706,0.11579175436424415,0.000376189241841839,0.12649611019286436
"('4025938000', 'LTI')",0.0010692328254477412,0.0,0.11290176550475328,2.35974591579227e-06,0.12109196377086251
"('0038158001', 'Unknown Dept')",0.0008019246190858059,0.0,0.10479285134037368,6.645862931687369e-06,0.11104361429671467
"('0026393000', 'Electrical and Computer Engineering')",0.0008019246190858059,0.004024372963077805,0.10700800915331808,5.586895297923611e-07,0.11534597184450825
"('0013797000', 'Psychology Department')",0.0005346164127238706,0.0,0.10014723597911926,1.8502210815304426e-07,0.10588248732066145
"('0036046000', 'Electrical & Computer Engineering')",0.0002673082063619353,0.0,0.11865643237756915,4.147292115691875e-06,0.1274235722163689
"('0028373000', 'Industrial and System Engineering')",0.0008019246190858059,0.0,0.13976686841515357,0.0003089068372000827,0.1538534811590148
"('0036327000', 'Visualization')",0.0018711574445335472,0.0013641683502195545,0.12625291080287537,0.000134703837183457,0.13907028253459788
"('0033290000', 'Food Science')",0.0018711574445335472,0.0032961276191950228,0.13900345557908816,0.001280105399321563,0.1541283907663231
"('0032193000', 'Computer Science')",0.0010692328254477412,0.0,0.10350265604249669,2.9704604951102923e-05,0.1093759434464111
"('0018093000', 'Luddy School')",0.0016038492381716118,0.0,0.12925851703406813,5.448838691701923e-05,0.14248405971069913
"('0037218000', 'Chemistry & Biochemistry Department')",0.0002673082063619353,0.0,0.0876584577172716,3.3502727454014763e-07,0.0916919115540995
"('0015982001', 'Grady College of Journalism and Mass Com')",0.0010692328254477412,0.0,0.1005834431210174,1.5742135354436527e-05,0.10827751542811229
"('0010819000', 'School of Arts, Media and Engineering')",0.0008019246190858059,0.0,0.14278625954198473,0.08938508183344569,0.16114893823394238
"('0022210000', 'Department of Geosciences')",0.0013365410318096765,0.0016029915647822151,0.0931709503885236,3.8797123340407476e-07,0.0993248786013327
"('0010819000', 'SHESC')",0.0013365410318096765,0.0002672367335794856,0.142731781762686,0.09783598845956015,0.1611623036442605
"('0015354000', 'Physics')",0.0013365410318096765,0.0005346164127238706,0.12223492893318086,0.0005823805914160462,0.13278261318204337
"('0013482000', 'METALLURGICAL AND MATERIALS ENGINEERING')",0.0010692328254477412,0.0,0.1301941950302777,5.9240807796462014e-05,0.14239034521359292
"('0032102000', 'Applied Economics')",0.0002673082063619353,0.0,0.1190074757435979,2.413322712981601e-06,0.13155852689380193
"('0032235000', 'Department of Chemistry & Biochemistry')",0.0008019246190858059,0.0,0.12635952171857057,4.509069400849957e-05,0.13792991286623166
"('0014811000', 'Ocean and Mechanical')",0.0005346164127238706,0.0,0.0962587484561548,3.7092134483395692e-06,0.10300304825390935
"('0010512000', 'Biological Sciences')",0.0013365410318096765,0.0005346164127238706,0.1328432939171194,1.5232265227444215e-05,0.14784957976264218
"('0032565000', 'Centralized Research Facility - Office o')",0.0010692328254477412,0.0,0.10141234514353872,4.788033834035703e-07,0.1078778321901742
"('0035691000', 'Mechanical Engineering')",0.0021384656508954825,0.005016271658359041,0.1283229856275512,0.0003750607670598373,0.14033821322962378
"('0013706000', 'Geography')",0.0010692328254477412,0.00026716526079703586,0.11592092216162618,7.589765034041202e-06,0.1253903400054154
"('0029504000', 'Environmental, Earth and Geospatial Sci')",0.0002673082063619353,0.0,0.10140134984956496,1.678208430699971e-06,0.10678148503871226
"('0025684000', 'Chemistry')",0.0013365410318096765,0.0016029915647822151,0.10900032050348184,4.762152562739551e-05,0.11897092316687419
"('0034256000', 'Unknown Dept')",0.006415396952686447,0.051137672302734694,0.1438569505864257,0.003972717569725992,0.1699405027091468
"('0096354000', 'Chemistry and Biochemistry')",0.0008019246190858059,0.0,0.12688668045992607,0.0027742935291291643,0.13906152242807343
"('0080010000', 'Mechanical and Industrial Engr')",0.0002673082063619353,0.0,0.1488599737376149,0.000548208941838206,0.16614713061833267
"('0013177000', 'Computer Science and Engineering')",0.0029403902699812884,0.004351269337774767,0.14986179545727676,0.0006806687713309422,0.16942576487130528
"('6250019409', 'Unknown Dept')",0.0008019246190858059,0.0,0.10231934795689514,1.910414500156207e-07,0.10756987752588196
"('0017392000', 'Physics and Astronomy')",0.0021384656508954825,0.0037371688487307145,0.13922072122362397,0.00390221527617846,0.15556252421729558
"('0022905000', 'Plant Biology')",0.0016038492381716118,0.010117401192451901,0.1350687800122757,0.0019158719386972345,0.15414440581842329
"('5300010311', 'Computing Sciences Research')",0.0010692328254477412,0.0,0.15953091684434967,0.0031477408093579444,0.18150808875194444
"('0015693000', 'Computer Science')",0.0010692328254477412,0.0015629091981756366,0.10774459260965986,1.1407022353408972e-06,0.11688849994430328
"('0031708000', 'Pathobiology')",0.0013365410318096765,0.0,0.10942115885226242,2.6969803178806477e-06,0.11744158561802577
"('0030908000', 'Mathematics')",0.0013365410318096765,0.00569106074236159,0.13288104287287322,0.00010539248184635971,0.14613586889920122
"('0036582000', 'LBJ School')",0.0005346164127238706,0.0,0.11734997961040183,3.097227235392353e-05,0.12602619538913687
"('5300001640', 'Science Production')",0.0013365410318096765,0.0,0.1301715438950555,0.0002209696371520546,0.14296864125322445
"('0032896000', 'Unknown Dept')",0.0016038492381716118,0.0005346164127238706,0.12237487733071639,2.814525977444772e-05,0.13230494107245472
"('0035097000', 'Biomedical Engineering')",0.0010692328254477412,0.0,0.10761441762793775,1.6850903607343826e-05,0.11634451047854219
"('0025692000', 'Biological Sciences')",0.0008019246190858059,0.0,0.0871012805587893,2.577166530534161e-08,0.09238603920465667
"('0036582000', 'Department of Geological Sciences')",0.0021384656508954825,0.0009189306610232065,0.13290464686656245,0.0002579040262411454,0.14630227616394473
"('0014316000', 'Electrical & Computer Engineering')",0.0002673082063619353,0.0,0.10656905195989061,2.156504995146462e-06,0.11463812000275868
"('7203584118', 'Unknown Dept')",0.0008019246190858059,0.0,0.1327490152939924,0.0002217702697294045,0.1452700687751813
"('0034256000', 'Materials Science and Engineering')",0.0008019246190858059,0.0005346164127238706,0.12049085287297089,0.00030305075361531107,0.13375950583424984
"('0028381000', 'Department of Computer Science')",0.0002673082063619353,0.0,0.09978660976260337,7.303809825800007e-06,0.10531392772064388
"('0037549000', 'Department of Biomedical Sciences and Pa')",0.0010692328254477412,0.0,0.1422379377209992,0.0010933340394123328,0.15828017211337184
"('0023879000', 'Bio-based Products')",0.0010692328254477412,0.0,0.12529725022607763,0.00032672675408843227,0.13586406683486804
"('0028373000', 'Electrical Engineering')",0.0008019246190858059,5.026919032296644e-06,0.11838982246273616,3.987800387364104e-05,0.12734024784593223
"('0030908001', 'Department of Sociology')",0.0010692328254477412,0.0,0.11361841705642957,0.0003158148121870518,0.12383681932186515
"('0029728000', 'Science, Technology, Engineering, and Ma')",0.0005346164127238706,0.0,0.12221096991277645,0.0002718118931159097,0.13555747508410396
"('0017756000', 'Dept. of Civil and Environmental Eng.')",0.0005346164127238706,0.0,0.13851964305550413,0.00010926611876659681,0.1513585822692392
"('5300008543', 'Department of Civil & Environmental Eng.')",0.0010692328254477412,0.0,0.11468775866826084,1.9199503902429757e-06,0.12510265062390108
"('4100749000', 'Unknown Dept')",0.0013365410318096765,0.0010690898798828418,0.10288495915953906,4.731822618754478e-08,0.11027880368710016
"('0010835000', 'Linguistics')",0.0010692328254477412,0.0,0.11618373241405013,7.215513669436338e-05,0.12547656796854864
"('0032102000', 'School of Civil and Construction Enginee')",0.0005346164127238706,0.0,0.11542377587855975,0.00019058078129198993,0.12325022162278602
"('4012365000', 'ERC')",0.0005346164127238706,0.0,0.10902891116810445,4.87429165080234e-05,0.11882835879014784
"('0036756000', 'Civil and Environmental Engineering')",0.0002673082063619353,0.0,0.11628846751631955,1.7456249581379527e-05,0.1245559431370075
"('0013169000', 'ECE department')",0.0002673082063619353,0.0,0.12586212697237828,0.0015631271483742798,0.1365408429827748
"('0030908000', 'Chemical and Biomolecular Engineering')",0.0008019246190858059,0.0010689469343179423,0.10785953177257525,5.406728562115796e-06,0.11500591181164982
"('4001863000', 'Unknown Dept')",0.0018711574445335472,0.0026702231523213645,0.12316860369407039,2.8614307891078746e-05,0.13431759490818326
"('0080010000', 'Chemical Engineering')",0.0008019246190858059,0.009049597822653155,0.11680404645934807,1.8410563553672815e-05,0.1271119550955862
"('0096354000', 'ECE')",0.0008019246190858059,0.0,0.13312693498452013,0.0007949482885709305,0.14731300430625924
"('0096354000', 'Electrical and Computer Engineering')",0.0024057738572574178,0.03326723813794013,0.15120649933309083,0.011251998912374432,0.1702526519487223
"('0010835000', 'STEM Learning Center')",0.0008019246190858059,0.0,0.10002138923052244,8.269101311510784e-07,0.10754792236260921
"('0010520000', 'Department  of Physics')",0.0005346164127238706,0.0,0.11206974027141188,6.1600929991563295e-06,0.12056425775677006
"('0014175000', 'Unknown Dept')",0.0018711574445335472,0.004271356424759887,0.13565160635288998,0.0020133120505546115,0.14973700261036962
"('0037549000', 'Commonwealth Cyber Initiative')",0.0024057738572574178,0.01934452209581355,0.15150042522172275,0.0026549725643562625,0.17011557230081614
"('0019893001', 'Chemistry')",0.0013365410318096765,0.0005346164127238706,0.11832616396761134,4.484266456213559e-06,0.12890560591913802
"('0035949000', 'Learning Technologies')",0.0008019246190858059,0.0,0.11112431308480618,2.984237980094351e-06,0.12005345414055697
"('0032235000', 'Institute of Ecology and Evolution, Depa')",0.0002673082063619353,0.0,0.11063464837049743,2.613483365582389e-06,0.11767088540155005
"('0001057000', 'Department of Psychology')",0.0005346164127238706,0.0016029915647822154,0.12712382764713878,1.2641991942820897e-05,0.13824401076453183
"('0026294000', 'Biomedical Engineering')",0.0010692328254477412,0.0023937664298058657,0.09704280155642023,3.7406318052907484e-08,0.10434757058877688
"('0080010000', 'Mathematics, Statistics and Computer Sci')",0.0002673082063619353,0.0,0.11676758848866971,3.65622818482999e-06,0.12465230330978072
"('0032235000', 'Geological Sciences')",0.0024057738572574178,0.006398100539333616,0.10055640674139182,0.0002493563268408005,0.10900156405486655
"('0017392000', 'Center for Quantum Devices')",0.0005346164127238706,0.0,0.09192323758507998,6.485306025102167e-08,0.09738496875172707
"('6250021469', 'Unknown Dept')",0.0013365410318096765,0.0,0.10052398226521564,0.00023774751621870446,0.10815508806805375
"('0015354000', 'Electrical and Computer Engineering')",0.0018711574445335472,0.003909788045967174,0.12569297449853845,0.0017742768009434333,0.13816690782054794
"('0024232000', 'Bagley College of Engineering')",0.0008019246190858059,0.0,0.1330559112249253,0.0007756999652510796,0.14693431768057985
"('0038265000', 'Biology')",0.0010692328254477412,0.0,0.11152183633924578,0.0016462425055426013,0.12051683764972075
"('0026294000', 'Agricultural and Resource Management Age')",0.0010692328254477412,0.0,0.08136323104025751,9.723541448781584e-10,0.08627768457843508
"('0047415000', 'Department of Chemistry')",0.0008019246190858059,0.0,0.08137384986840102,9.425829281979834e-10,0.08635787704034366
"('0035295000', 'Engineering Technology and Management')",0.0008019246190858059,0.0,0.11260271498660566,0.0014486143050930545,0.12217970001827698
"('0013508000', 'Provost/Executive Vice President')",0.0013365410318096765,0.0,0.13644818907976802,0.00018479112379040456,0.150798246825183
"('0023879000', 'Earth & Environmental Science')",0.0005346164127238706,0.0,0.10404961895755688,8.583869544638033e-08,0.1116630269261277
"('0021055000', 'CSEE')",0.0013365410318096765,0.0005346164127238706,0.08359776536312849,1.1312334090106005e-08,0.08894041821358313
"('0026211000', 'Mathematical Sciences')",0.0010692328254477412,0.0010689469343179423,0.12707632732090085,0.0005091345733057366,0.13821130341426216
"('0018101000', 'Engineering & Technology, IUPUI')",0.0016038492381716118,0.0011704037333186749,0.14334981032302563,0.0009583316895771893,0.16081483482893938
"('0038638000', 'Biological Science')",0.0010692328254477412,0.0,0.13179960541149943,0.0001306681753931757,0.14308696849795574
"('0025361000', 'Department of Geosciences')",0.0010692328254477412,0.0,0.08682836253916676,9.99335237720861e-09,0.09234286148446592
"('0001024000', 'Mathematics, Applied Math & Statistics')",0.0010692328254477412,0.0,0.11282004885551435,2.874072814249811e-06,0.12058662397121639
"('0025684000', 'Dept. of Nat. Res. and Env. Sciences')",0.0005346164127238706,0.0,0.1096585079876887,0.00011278808894996997,0.11892572778050782
"('0029728000', 'Dept of Marine, Earth & Atmospheric Sci')",0.0002673082063619353,0.0,0.12819985607073095,2.5865838678886553e-05,0.14005006998721467
"('0027078000', 'LDEO')",0.0008019246190858059,0.0010689469343179423,0.1105561794432295,4.879708662333331e-07,0.11968383428699214
"('0015693000', 'School of Mechanical Engineering')",0.0002673082063619353,0.0,0.12518823411304086,5.8345845454463875e-05,0.13549862767632548
"('0014175000', 'Curriculum and Instruction')",0.0016038492381716118,0.0016029915647822151,0.11831867923334809,0.00025682504031943445,0.1312459324547154
"('0032102000', 'Dept. of Physics')",0.0010692328254477412,0.0,0.10427002619989965,7.092996360884814e-06,0.11160992810303988
"('0036046000', 'Chemical Engineering')",0.0010692328254477412,0.0,0.14464679271546224,0.00039102709207944266,0.15912211025482922
"('0013706000', 'Electrical, Computer, & Energy Engr')",0.0010692328254477412,0.0,0.09648466716529544,6.418528554402638e-06,0.10324946483184318
"('0036582000', 'Computer Sciences')",0.0002673082063619353,0.0,0.10504591020133097,4.195194024153967e-06,0.11106380267425461
"('0093336000', 'Management, Marketing, and Operations')",0.0010692328254477412,0.0,0.10023041474654378,4.6476884521752345e-07,0.10694934130262353
"('0026294000', 'Computer Science')",0.0008019246190858059,0.0005346164127238706,0.08846899683110249,4.486321202861887e-09,0.09380627009940302
"('4005518000', 'Policy and Global Affairs')",0.0002673082063619353,0.0,0.12156760796802392,6.356968361455703e-05,0.1306409598363232
"('0023341000', 'Unknown Dept')",0.0010692328254477412,0.0,0.11893558847841292,0.0004316947866784234,0.13209911508003355
"('0018259000', 'Agricultural and Biological Engineering')",0.0021384656508954825,0.007286725609334828,0.14003893089765665,0.00015948701467259592,0.1581516458987099
"('0020255000', 'Unknown Dept')",0.0010692328254477412,0.0,0.1045673076923077,1.4114401177825819e-06,0.11175487205240175
"('0026294000', 'WINLAB')",0.0005346164127238706,0.0,0.08846272080209984,4.432186285945423e-09,0.09358351326076812
"('0011080000', 'Economics')",0.0002673082063619353,0.0,0.08892745079395264,1.605076337243785e-06,0.09375901632468983
"('0017749000', 'The Enrico Fermi Institute')",0.0002673082063619353,0.0,0.10496927523218945,2.6550291728753517e-06,0.11098474122055704
"('0028373000', 'Cora P. Maloney College')",0.0005346164127238706,0.0,0.10356856122477229,7.019309151120482e-07,0.11006114906286286
"('0037549000', 'Geography')",0.0008019246190858059,0.0,0.1265690022668065,0.0002565825402687011,0.13784131903618746
"('0038000000', 'EECS')",0.0002673082063619353,0.0,0.11678581462866419,3.874396060348435e-06,0.12487506014841565
"('0034256000', 'Civil Engineering')",0.0005346164127238706,0.0,0.11175504107542943,5.582541957004664e-05,0.12178278144066516
"('0037986000', 'Human Centered Design & Engineering')",0.0010692328254477412,0.002136750304116689,0.11189543265635749,6.985266266809744e-06,0.12146888864940916
"('0019893001', 'Department of Electrical and Computer En')",0.0002673082063619353,0.0,0.11239972358260975,6.92353331773916e-07,0.12134245342815815
"('0014480000', 'COAS')",0.0010692328254477412,0.0,0.12197984935928788,3.371346125871153e-05,0.13058697183596957
"('0031278000', 'Dept. of ECE and Electro-Optics')",0.0005346164127238706,0.0,0.12864954090580832,4.867174849634492e-05,0.13911000634784873
"('0032896000', 'Civil and Environmental Engineering')",0.0010692328254477412,0.0,0.10905433768656717,4.359693965096959e-06,0.1159560582139469
"('0029751000', 'Educational Leadership')",0.0008019246190858059,0.0,0.13471857106845764,0.0021381415961563032,0.1540639114516419
"('0028035000', 'ISE')",0.0010692328254477412,0.0,0.08893590718904526,2.3187792702484086e-06,0.09420453000195965
"('0018408000', 'Civil & Environmental Eng & Earth Sci')",0.0018711574445335472,0.005440951480918426,0.1378560636768987,0.0017804699470211043,0.1516832364531555
"('0014175000', 'Allied Health Sciences')",0.0008019246190858059,0.0,0.13908097256301583,0.00097904386130369,0.15398438844709902
"('0021055000', 'Provost')",0.0018711574445335472,1.9059408653257418e-07,0.09556287838148517,2.5919532472167384e-07,0.10175892936328922
"('7203587508', 'Unknown Dept')",0.0002673082063619353,0.0,0.1393919069975408,0.00021200708300841284,0.15311051807289836
"('0023879000', 'Earth and Environmental Sciences')",0.0010692328254477412,0.0,0.12231885953439707,2.3779193763361354e-05,0.13358299808650664
"('0036616000', 'Biological Sciences')",0.0018711574445335472,0.016414346743120863,0.1255284880209382,6.035028172326212e-06,0.1413003885101626
"('0027078000', 'Deparment of Ocean and Climate Physics')",0.0008019246190858059,0.0,0.11074928209834513,4.883469504043218e-07,0.1198260708137343
"('0013177000', 'Structural Engineering')",0.0016038492381716118,0.0010689469343179423,0.13938152011922503,0.000244632736348308,0.1543985075347347
"('0037754000', 'Engineering')",0.0005346164127238706,0.0,0.12851695351953005,4.685002999569042e-05,0.14127019023417461
"('7203583552', 'Unknown Dept')",0.0002673082063619353,0.0,0.1005212811693895,5.215047258205448e-06,0.10745777026193568
"('0010835000', 'Department of Applied Mathematics')",0.0002673082063619353,0.0,0.09094445119727726,9.078214176524241e-08,0.09635278152769551
"('0500438000', 'Physical Sciences')",0.0002673082063619353,0.0,0.10204861016394337,7.163992078133624e-08,0.1093575283572439
"('0022194000', 'Data Intensive Studies Center')",0.0016038492381716118,0.0016029915647822151,0.133812640841292,0.0002653872255319236,0.1470420977201962
"('0021030000', 'Geographical Sciences')",0.0005346164127238706,0.0,0.1302758044295863,0.001787061667197435,0.1419273933773455
"('0014894000', 'Department of Physics')",0.0021384656508954825,0.0026702231523213645,0.13782051282051283,0.0004723227904941595,0.15224968528544275
"('6250016062', 'Unknown Dept')",0.0010692328254477412,0.0,0.1285876327638951,1.3649619815410413e-05,0.14065194209186913
"('0016105000', 'Hawaii Institute of Marine Biology')",0.0008019246190858059,0.0005346164127238706,0.1112929136669245,3.1729584574653657e-06,0.11962791648362021
"('4200986000', 'Unknown Dept')",0.0005346164127238706,0.0,0.0798949256791389,7.821400380171248e-10,0.08391603892465337
"('0026278000', 'Department of Mathematics')",0.0005346164127238706,0.0,0.1142883328750802,6.525424653293381e-06,0.12444248906628537
"('0021782000', 'Chemistry')",0.0010692328254477412,0.005466064593011888,0.13237791932059448,0.00026962736010704736,0.1448757744833039
"('4000093000', 'Unknown Dept')",0.0005346164127238706,0.0005346164127238706,0.11191216943879383,4.621372697339721e-05,0.11929579667798378
"('0030908001', 'Physics')",0.0010692328254477412,0.0,0.11696838945689898,1.110909200113705e-05,0.12614958036781557
"('0022194000', 'Education')",0.0005346164127238706,0.0,0.10902891116810445,4.928831015388268e-05,0.11882835879014787
"('0013193000', 'Orthopaedic Surgery')",0.0010692328254477412,0.0,0.08393914916532041,1.2186599245610634e-07,0.08894988231277576
"('0036327060', 'Electrical and Computer Engineering')",0.005880780539962577,0.044087140430159044,0.14861751152073732,0.0009107132476996812,0.16782035571129425
"('0033290000', 'Communication Arts and Sciences')",0.0008019246190858059,0.0005346164127238706,0.11948259342063239,8.249037779991051e-06,0.12979793880826337
"('0029231000', 'Engineering')",0.0010692328254477412,0.0,0.11893558847841292,0.0004316947866784234,0.13209911508003355
"('0031849000', 'Economics')",0.0013365410318096765,0.0,0.09201367538185307,1.1028564583821947e-06,0.09876736935327539
"('0033290000', 'College of Info Sciences & Tech')",0.0008019246190858059,0.0,0.10231934795689514,1.910414500156207e-07,0.10756987752588196
"('0017756000', ""Nat'l Ctr for Supercomputing Application"")",0.0005346164127238706,0.0,0.14200576981475857,0.0004946669864192405,0.15705180051257753
"('0033795000', 'Electrical and Computer Engineering')",0.002673082063619353,0.02395938062457428,0.14085620693550208,0.002421454428747456,0.15903404151847536
"('0015354000', 'Anthropology')",0.0016038492381716118,0.0005346164127238706,0.09896563582973995,2.9871617610206432e-05,0.10705044152497495
"('0036582000', 'School of Information')",0.0037423148890670943,0.006934861135530978,0.13294243070362474,0.0002703619201191494,0.14719330351848442
"('7203588096', 'Downtown Austin Community Court')",0.0005346164127238706,0.0,0.11734997961040183,3.097227235392353e-05,0.12602619538913687
"('0023291000', 'Department of Mathematics')",0.0008019246190858059,0.0,0.09842664702167965,1.672894333374276e-06,0.10438943362842942
"('0014175000', 'Civil and Environmental Engineering')",0.0008019246190858059,0.0,0.10149213239283776,2.461688691955235e-07,0.10746906069373345
"('0036962000', 'Graduate College')",0.0005346164127238706,0.0,0.10877529658060014,6.12399960272277e-07,0.11715401007348644
"('0036756000', 'Scientific Computing and Imaging (SCI) I')",0.0002673082063619353,0.0,0.09624636599861072,3.297692573229691e-06,0.1026911886798204
"('0033290000', 'Aerospace Engineering')",0.0005346164127238706,0.0,0.13941268539912052,0.00031090940066151444,0.15337782627926025
"('0014175000', 'Dept. of Molecular and Cell Biology')",0.0018711574445335472,0.002136750304116689,0.14306474434968833,0.1001948494750059,0.16237601019076575
"('0033290000', 'Comp Sci & Engr Dept, and Elec Engr Dept')",0.0005346164127238706,0.0,0.1393971010172523,0.00023619543647002464,0.15324417217607933
"('0035352000', 'Institute of Software Integrated Systems')",0.0008019246190858059,0.0,0.10671192629146818,3.9613157910738916e-05,0.11526871046942061
"('0011692000', 'Claremont Evaluation Center')",0.0010692328254477412,0.0,0.07168039854378233,1.862187204972943e-10,0.07544250326346517
"('0036756000', 'Physics and Astronomy')",0.0005346164127238706,0.0,0.06689076832299247,1.6983445969660616e-11,0.06973002475376988
"('0013128000', 'School of Information')",0.0005346164127238706,0.0,0.1154166538117422,2.396273748077387e-06,0.12445570760396277
"('0026211000', 'Unknown Dept')",0.0016038492381716118,0.0010690898798828418,0.08136677034169258,9.919868958007108e-10,0.08654499278479699
"('0016162000', 'Biological Sciences')",0.0008019246190858059,0.0,0.10314878129480534,4.613109433919461e-06,0.11021025298101264
"('0036327060', 'Industrial and Systems Engineering')",0.0021384656508954825,0.0021028147468641124,0.13183676346208062,0.00021115220835074054,0.1453393320273842
"('0036616000', 'Geological Sciences')",0.0008019246190858059,0.0021134789632982144,0.11536682394301045,6.500868446606336e-06,0.12460455209051785
"('6250015963', 'Advanced Manufacturing')",0.0005346164127238706,0.0,0.12665041641275646,0.0010405668322151069,0.13779536157891414
"('0013508000', 'Agricultural and Resource Economics')",0.0008019246190858059,0.0,0.13041204768876805,9.869125506695536e-05,0.14254328176611714
"('7203592163', 'Unknown Dept')",0.0002673082063619353,0.0,0.1139333028780265,9.795549082214091e-07,0.121607604666233
"('0028381000', 'Chemistry  and Physics')",0.0002673082063619353,0.0,0.0833184855233853,1.1784334009596974e-07,0.08741186850506735
"('0038950000', 'Department of Psychology')",0.0005346164127238706,0.0,0.11171833004837843,3.7550469937635895e-05,0.11880228901007535
"('0038950000', 'Nelson Inst Ctr for Sust & Global Envir')",0.0010692328254477412,0.0,0.12256732848437193,0.0006586571338774395,0.13240421325472576
"('0015354000', 'Mathematics')",0.0005346164127238706,0.0,0.13061694773227192,0.00017126846738148464,0.14385672573971617
"('0024109000', 'Department of Chemistry, Physics and At')",0.0008019246190858059,0.0,0.08362018865394072,2.9104018555136198e-06,0.08816402372773464
"('0037549000', 'Physics')",0.0021384656508954825,0.05130668026056201,0.1531941031941032,0.011838111182175317,0.17335541734098206
"('0032102000', 'Department of Biomedical Sciences')",0.0010692328254477412,0.0,0.1211973952765089,3.096653531062579e-06,0.1329389698640607
"('0026930000', 'Psychology')",0.0002673082063619353,0.0,0.12489566988281642,0.009812724318745506,0.13593349127631443
"('0025205000', 'Biochemistry and Molecuar Biophysics')",0.0005346164127238706,0.0,0.12663326788978405,0.0019244492128374958,0.14017508341061372
"('7203580922', 'Unknown Dept')",0.0002673082063619353,0.0,0.09554823385181212,1.1505785564958453e-07,0.10095700474420348
"('0019281000', 'Mechanical and Nuclear Engineering')",0.0010692328254477412,0.0,0.1007758202683045,2.3604331097497377e-05,0.10903573727695151
"('0027078000', 'School of International and Public Affai')",0.0002673082063619353,0.0,0.11757865292139422,1.252272306596665e-06,0.12798224775546152
"('0038562000', 'Anthropology')",0.0002673082063619353,0.0,0.10884492289787605,9.980794158687674e-07,0.11593530689006737
"('P270071074', 'Unknown Dept')",0.0008019246190858059,0.0,0.10796536796536796,6.248133227906621e-06,0.11493589065101167
"('0023606000', 'Science, Engineering and Technology')",0.0005346164127238706,0.0,0.11683322923173017,2.09257234038917e-05,0.12464679095593237
"('0023259000', 'Educational Studies')",0.0013365410318096765,0.0010690898798828418,0.10033256450142145,4.1743639078511536e-07,0.10891912354866047
"('0036582000', 'Mechanical Engineering')",0.0032076984763432237,0.01818543377208826,0.14691905902682323,0.000722869698647353,0.1664032008859592
"('0037457000', 'Astronomy')",0.0008019246190858059,0.0005346164127238706,0.10470779220779221,3.6264171211889865e-06,0.11083712046598686
"('0036327060', 'Unknown Dept')",0.003475006682705159,0.012455786376914392,0.13746095902994673,0.00025748536334660715,0.15344017635517282
"('0021782000', 'Mathematics')",0.0008019246190858059,0.0,0.0984214680347277,1.4909447858353622e-06,0.10433151685038433
"('0010819000', 'Electrical Computer and Energy Engineeri')",0.0010692328254477412,0.0,0.1456832431169438,0.0951583697521049,0.1642271766369601
"('0037457000', 'Chemistry & Astronomy')",0.0005346164127238706,0.0,0.10470486159702203,3.5920378892553133e-06,0.11070346636280588
"('0096354000', 'Civil and Environmental Engineering')",0.0013365410318096765,0.010054109912375075,0.13954789615040286,0.010349217639916322,0.15489321965865713
"('0036327000', 'Department of Atmospheric Sciences')",0.0002673082063619353,0.0,0.1205607476635514,4.191466049382755e-05,0.13130488827160872
"('0013177000', 'Computer Science & Engineering')",0.0010692328254477412,0.0,0.13937113478876387,0.0002394051281867027,0.15413119932837277
"('4070660000', 'Unknown Dept')",0.0010692328254477412,0.0,0.11282685405796665,1.1068159971141419e-05,0.1206737934726277
"('0011387001', 'Department of Statistics, College of Sci')",0.0010692328254477412,0.0,0.11411750350802269,3.359464057691995e-06,0.12344943093315032
"('0013128000', 'Mechanical Engineering')",0.0013365410318096765,0.0005346164127238706,0.08376623376623377,5.217209105905861e-06,0.08882565678712231
"('P270075775', 'Unknown Dept')",0.0005346164127238706,0.0,0.10444469261265285,8.887800217249003e-07,0.11122561086800195
"('0013706000', 'Unknown Dept')",0.003475006682705159,0.013852989856820538,0.12330663502422624,5.533252951093566e-05,0.1349802674381662
"('4012365000', 'CSR')",0.0005346164127238706,0.0,0.10902891116810445,4.87429165080234e-05,0.11882835879014786
"('0021782000', 'CEE + MechE + IMES')",0.0008019246190858059,0.0,0.11704524122395345,0.00020595830839546754,0.12978504704234634
"('0037986000', 'Aeronautics and Astronautics')",0.0005346164127238706,0.0,0.11860376640669583,5.276383262856161e-05,0.12761570240047984
"('6250004721', 'Chemistry & Biochemistry')",0.0008019246190858059,0.0,0.11616569370264564,5.7035885454643484e-05,0.12411251026456897
"('0027110000', 'Unknown Dept')",0.0024057738572574178,0.00749909058443063,0.12429810280094361,1.9793362748964793e-05,0.13605567109623942
"('7203584826', 'Unknown Dept')",0.0002673082063619353,0.0,0.10903526668609735,2.8813967417809292e-06,0.11542144180122306
"('0018259000', 'Dept. of Earth & Atmospheric Sciences')",0.0008019246190858059,0.0,0.13914822391668216,0.003617843370502623,0.1545378427595749
"('0013508000', 'Civil & Environmental Engineering')",0.0005346164127238706,0.0005346164127238706,0.13848374916709855,0.000181235231172454,0.1521579388424528
"('0013177000', 'Computer Science')",0.0016038492381716118,1.1159964459648404e-05,0.13788655044045556,0.00033370385754968434,0.15397229129055526
"('0035352000', 'Physics & Astronomy')",0.002673082063619353,0.0032041248372207377,0.09652698936938797,8.130861359746186e-06,0.10441607421817992
"('0020081000', 'Biomedical Engineering')",0.0016038492381716118,0.0,0.12052967330369224,0.00010559134333026041,0.13303494605147986
"('0011544000', 'Physics and Astronomy')",0.0008019246190858059,0.0,0.10155550126231778,3.914019549214782e-06,0.10868290881132711
"('0014340000', 'School of Education')",0.0016038492381716118,0.0005346164127238706,0.1301760734915443,0.00022309923890040829,0.14310229535640545
"('0013151000', 'Political Science')",0.0005346164127238706,0.0,0.09476884103863205,2.2323966017817798e-07,0.1003567364355527
"('0022210000', 'Educational Policy, Research & Admin.')",0.0008019246190858059,0.0,0.10425259168431612,8.867563985536033e-06,0.11135153017022334
"('0114629000', 'Unknown Dept')",0.0018711574445335472,0.00639952999498261,0.10502231829538755,4.641091025994795e-07,0.1149294010052699
"('0018259000', 'Material Science and Engineering')",0.0008019246190858059,0.0,0.13917410714285713,0.003646085025093448,0.15476059959820987
"('0028381000', 'Computer Science')",0.0013365410318096765,0.0010690898798828418,0.11084444444444444,7.146267809402352e-05,0.11920426242799838
"('0038950000', 'Department of Geoscience')",0.0005346164127238706,0.0005346164127238706,0.11941013118835583,0.00017770084440049637,0.12805233165745483
"('0013177000', 'San Diego Supercomputer Center (SDSC)')",0.0005346164127238706,0.0,0.14031731742995388,0.00017269640027643658,0.15560801411713635
"('0013482000', 'Division of Engineering')",0.0010692328254477412,0.0,0.12027005304613406,3.3443650620252896e-05,0.13037903151044733
"('0036582000', 'Civil, Architectural & Envir Engineering')",0.0002673082063619353,0.0,0.11365293474298213,1.1508443205224242e-05,0.12159919511209584
"('0014316000', 'Biomedical Engineering')",0.0002673082063619353,0.0,0.10656905195989061,2.156504995146462e-06,0.11463812000275868
"('0011536000', 'Biology')",0.0010692328254477412,0.0010689469343179423,0.10909568108249978,1.9166889488912184e-06,0.11999587016497429
"('0034140040', 'Graduate School of Oceanography')",0.0005346164127238706,0.0,0.125284661754856,0.011570062346042714,0.13713934829612484
"('0014373000', 'Biology')",0.0010692328254477412,0.0,0.09304118583366494,2.51067126662478e-05,0.09922949539549397
"('0001289000', 'Department of Bioengineering')",0.0008019246190858059,0.0,0.07818018432216672,1.8232324817454876e-08,0.08385655490226555
"('0029744000', 'Culture, Curriculum and Teacher Educatio')",0.0008019246190858059,0.0,0.14238952536824878,0.0007846964713240425,0.1584054544323899
"('0021998000', 'Mechanical Industrial Engineering')",0.0002673082063619353,0.0,0.10064297436173361,6.118829998585807e-07,0.10726640697145662
"('0027110000', 'Materials Science and Engineering')",0.0005346164127238706,0.0005346164127238706,0.11056598197133147,2.0523294058867216e-06,0.11816362755145217
"('0010090000', 'Curriculum and Teaching')",0.0005346164127238706,0.0,0.1249498997995992,0.011702736316785398,0.1364369217316294
"('6250004721', 'Chemistry and Chemical Bioloogy')",0.0002673082063619353,0.0,0.1095364975258396,9.141125151422431e-06,0.11578568976854176
"('0034660000', 'Technology Services')",0.0013365410318096765,0.0,0.09866807332190426,5.458761602234731e-07,0.10497255690102308
"('0040519000', 'Unknown Dept')",0.0010692328254477412,0.0,0.11290176550475328,2.35974591579227e-06,0.12109196377086252
"('0010819000', 'SFIS')",0.0005346164127238706,0.0,0.12567608425437565,0.01575240862625126,0.13767692515687727
"('0018697000', 'Statistics')",0.0008019246190858059,0.0,0.1120126953709803,7.506968093282932e-05,0.12322019949797099
"('6250027672', 'Unknown Dept')",0.0008019246190858059,0.0,0.1301715438950555,0.0037950602124312473,0.14180250490041169
"('0016915000', 'Mechanical, Materials & Aerospace Eng')",0.0005346164127238706,0.0,0.10108078897595245,9.1480404715891e-08,0.10767264000599738
"('0020776000', 'Political Science')",0.0005346164127238706,0.0,0.12399734835929732,0.0006679984675825562,0.13436248768693757
"('0018697000', 'World Languages and Cultures')",0.0005346164127238706,0.0,0.10069444444444445,1.066850213679295e-05,0.10847343537142595
"('0022335000', 'Department of Civil & Env. Eng.')",0.0008019246190858059,0.0,0.10803084120246037,6.445041816858793e-05,0.11755709784629215
"('0021030000', 'Center for Global Sustainability, School')",0.0013365410318096765,0.0,0.1302758044295863,0.0026546098398537617,0.14219470158370742
"('0017756000', 'Computer Science')",0.0018711574445335472,0.0010693042982301908,0.1085732528442071,4.0495372149139404e-05,0.11651389012985576
"('0010504000', 'Office of Information Technology')",0.0018711574445335472,0.0,0.1390137861840883,0.00026843032809414533,0.1553589694492574
"('0010637000', 'Geophysical Institute')",0.004276931301790965,0.023795840101630432,0.12745732683724575,2.4369873730760218e-05,0.14468404263559723
"('0034140000', 'Unknown Dept')",0.0005346164127238706,0.0,0.125284661754856,0.011570062346042714,0.13713934829612484
"('0037549000', 'ECE')",0.0010692328254477412,0.0010689469343179423,0.14272633627103123,0.0008810009408232783,0.15875580580873286
"('0037549000', 'Electrical and Computer Engineering')",0.0048115477145148355,0.04980566970773293,0.15636363636363637,0.0018058799924773657,0.17790880671794873
"('0018093000', 'VPIT')",0.0008019246190858059,8.683429487901997e-05,0.14361947174447173,0.0006928420875640754,0.16041196317506554
"('0014282000', 'Physical and Computational Sciences')",0.0008019246190858059,0.0,0.08707492493540954,5.957215507594661e-09,0.09226046698475726
"('0022905000', 'Computer Science & Engineering (CSE)')",0.0002673082063619353,0.0,0.13165581559035722,0.0020876168749760747,0.1473775753399792
"('0037986000', 'Applied Mathematics')",0.0013365410318096765,0.009268687095915414,0.1317346291992394,5.790426754028095e-05,0.14654276337964298
"('0080010000', 'Medicine')",0.0008019246190858059,0.0,0.11679310667790578,4.88108882039988e-06,0.1251423683547776
"('0014696000', 'Mechanical and Civil Engineering')",0.0005346164127238706,0.0,0.12274427455869807,1.3767649224032202e-05,0.13273042243441235
"('0022905000', 'Drew Laboratory - Natural Sciences')",0.0010692328254477412,0.0,0.13230301315603338,0.0019873167145488656,0.15036881692384332
"('0026161000', 'Mathematics')",0.0005346164127238706,0.0,0.10619695120220285,3.943246159635383e-05,0.11489897002362086
"('0014175000', 'Natural Resources and the Environment')",0.0008019246190858059,0.0,0.10580948071048761,3.378271640222699e-05,0.11453383198338733
"('0038638000', 'College of Engineering')",0.0016038492381716118,0.010249822085843081,0.1454283937179288,0.0004276350925118347,0.16109987906299023
"('0016105000', 'Information Technology Services')",0.0018711574445335472,1.9059408653257418e-07,0.12101313320825516,3.184288540765662e-05,0.13121153853440798
"('0037986000', 'Genome Sciences')",0.0002673082063619353,0.0,0.11550930929076482,7.321664640512714e-06,0.12457164723473793
"('0013177010', 'SIO - CASPO')",0.0010692328254477412,0.0,0.1288400606144097,6.996044322292818e-05,0.14104972127095244
"('0023879000', 'School of Physics and Astronomy')",0.0008019246190858059,0.0014863659354141853,0.12357138138336526,8.591002314588086e-06,0.13430597595121913
"('0038000000', 'Pharmaceutical Sciences')",0.0010692328254477412,0.0,0.08362018865394072,1.0832735398246834e-08,0.08893150794003775
"('0016105000', 'Department of Mechanical Engineering')",0.0002673082063619353,0.0,0.11131609486118964,2.8810189321132865e-06,0.11956999970557514
"('0018259000', 'Engineering Education')",0.0029403902699812884,0.04107289982575756,0.15123094958968347,0.003983664811813186,0.1736392212735433
"('0025320000', 'Computer Science')",0.0008019246190858059,2.1441834734914594e-07,0.1103312000471879,5.985305979441895e-06,0.11791505032388366
"('0013201000', 'Media Arts and Technology')",0.0005346164127238706,0.0,0.11876190476190476,2.1090602542678007e-05,0.12749126364378863
"('0031849000', 'School of Geology and Geophysics')",0.0013365410318096765,0.0,0.09201367538185307,1.1028564583821947e-06,0.09876736935327539
"('0014316000', 'Dept of Civil & Environ Engineering')",0.0008019246190858059,0.0,0.10658726992991054,2.7335498457513496e-06,0.11508363368002858
"('0020107000', 'Unknown Dept')",0.004276931301790965,0.023888554042557315,0.10517881241565452,7.1351985542547e-06,0.11601955573781954
"('0001966000', 'Rist Institute for Sustainability and En')",0.0005346164127238706,0.0,0.08223423898707465,7.658194780581578e-09,0.0859804544657283
"('0001966000', 'NERVE Center')",0.0008019246190858059,0.0,0.09752346193952033,8.718782307854981e-06,0.1046082333018959
"('0013201000', 'Environmental Studies')",0.0008019246190858059,0.0,0.08420365535248042,8.728873023343508e-09,0.08857945894956581
"('0011510001', 'School of Teacher Education')",0.0005346164127238706,0.0,0.13424480568414254,0.0001334049471638074,0.1470562522373873
"('0036442000', 'Hospitality & Retail Mgt')",0.0005346164127238706,0.0,0.10898126838931453,4.5621316807151296e-05,0.11843630675415032
"('0023879000', 'Dept. of Electrical & Comp. Engineering')",0.0005346164127238706,0.0,0.11656384370910451,7.216212267007412e-06,0.12567486224839722
"('0034140000', 'Oceanography Department')",0.0002673082063619353,0.0,0.1252804661598741,0.010387915551860208,0.13700569419294387
"('0039404000', 'Science and Tecnology')",0.0010692328254477412,0.0,0.0834299732381802,4.381489556107552e-09,0.08859553982846669
"('0028381000', 'Chemistry')",0.0005346164127238706,0.0005346164127238706,0.1108313088819103,5.622627793883649e-05,0.11875874875072852
"('0037457000', 'Darden School of Business')",0.0002673082063619353,0.0,0.11731318009344915,2.3874268873135267e-06,0.12797967554252532
"('0036616000', 'Department of Chemistry')",0.0010692328254477412,0.0,0.08951473966309341,5.854404697491164e-08,0.09490194887861253
"('0021030000', 'Linguistics')",0.0008019246190858059,0.0,0.13027126789009993,0.0019752328361106164,0.1419719447450725
"('0034256000', 'Teaching & Learning')",0.0005346164127238706,0.0,0.1261379728909569,0.0005335879386056703,0.1404021551675923
"('0013201000', 'Electrical & Computer Engineering')",0.0002673082063619353,0.0,0.08419607490097228,6.751614916419737e-09,0.08822304800774991
"('0037457000', 'Engineering Systems & Environment')",0.0005346164127238706,0.0,0.10518176961790424,5.778682834391903e-07,0.11321488022145344
"('6250004721', 'School of Engineering')",0.0008019246190858059,0.0,0.11616569370264564,5.7035885454643484e-05,0.12411251026456897
"('0037986000', 'Electrical and Computer Engineering')",0.0010692328254477412,0.01756538815438672,0.13716862831371687,7.353549461511966e-05,0.15222651023573266
"('0036046000', 'Kinder Institute for Urban Research')",0.0018711574445335472,0.0034880432153275433,0.1358289158376298,0.0002141288333184053,0.1504022070180858
"('0036327060', 'Civil Engineering')",0.0016038492381716118,0.002136750304116689,0.1077135700095016,5.2669501626145385e-06,0.11623507624085386
"('0018259000', 'Aeronautics and Astronautics')",0.0005346164127238706,0.0,0.12219899392434834,0.0004401094985820136,0.1322212659486833
"('5300004653', 'HARTE Research Institute')",0.0010692328254477412,0.0,0.1077259769055778,1.0615072650782189e-05,0.11629744815567165
"('4000659000', 'Facilitation and Business Development')",0.0002673082063619353,0.0,0.08787053131018932,2.924732608721235e-08,0.09168713708289712
"('0018093000', 'Ctr for Research on Learning & Technolog')",0.0008019246190858059,0.0,0.14525898889492894,0.0013184246376708724,0.16304159244864014
"('0014894000', 'Department of Biology')",0.0010692328254477412,0.0,0.12056463308517838,5.21749172590951e-05,0.13016736337706658
"('0010504000', 'DAES/GWCAES/CEP')",0.0005346164127238706,0.0,0.12206342991386061,3.165192699712649e-05,0.13234652405532554
"('0025205000', 'Department of Physics')",0.0018711574445335472,0.0021391327301983477,0.14384035681328822,0.018268024838770387,0.16113177675928267
"('0023259000', 'Naval Architecture and Marine Engineerin')",0.0002673082063619353,0.0,0.12188049781716297,1.7534366509531243e-05,0.13016092689957043
"('0028944000', 'Dept. of Biomedical Engineering')",0.0008019246190858059,0.0,0.12562544074683502,4.2124085464015685e-05,0.13710740011509015
"('0010553000', 'Department of Computer Science')",0.0008019246190858059,0.0,0.12607845780533836,4.1378141517484284e-05,0.1382554734456898
"('0039446000', 'Department of Physics')",0.0016038492381716118,0.0010689469343179423,0.09651702786377708,6.690907699820673e-06,0.10389545966388454
"('6250009361', 'Population Health')",0.0010692328254477412,0.0,0.10457023060796646,1.4258111130575438e-06,0.11179942342012872
"('0032102000', 'Engineering')",0.0005346164127238706,0.0005346164127238706,0.11828874976285335,1.4403964264172369e-05,0.1272437301193312
"('0015354000', 'Rinker School of Construction Mgmt')",0.0008019246190858059,0.0,0.1276443291933943,0.013608562049312116,0.14040608734874993
"('0037986000', 'Biostatistics')",0.0002673082063619353,0.0,0.1081088891457635,1.2607989964641626e-06,0.11704725873600988
"('0013144000', 'Electrical Engineering and Computer Scie')",0.0005346164127238706,0.0005346164127238705,0.11943681757231339,5.475790573961296e-06,0.12866823673629996
"('0033290000', 'Dept. of Computer Science & Engineering')",0.0008019246190858059,0.0005345629616254425,0.14170991325428994,0.0008377476932380823,0.15610908627147696
"('0033712000', 'Geography & Urban Studies')",0.0010692328254477412,0.0,0.10480459448101975,3.309790280922735e-05,0.11376972866197016
"('5300001194', 'Office of Faculty Affairs')",0.0016038492381716118,0.0,0.11921606118546844,4.361263852898547e-06,0.1309949092915208
"('0010611000', 'Unknown Dept')",0.0005346164127238706,0.0,0.1019040614529705,5.86993466750844e-08,0.10917395610528967
"('0014456000', 'Communication, Culture, and Technology')",0.0008019246190858059,0.0,0.09888454218650877,3.86009894832062e-08,0.10490064206072267
"('0013151000', 'Electrical and Computer Engineering')",0.0002673082063619353,0.0,0.10443886097152429,7.96292125105341e-07,0.111047405397094
"('0018408000', 'Kaneb Center for Teaching Excellence')",0.0008019246190858059,0.0,0.11249097907144576,1.8895369831888683e-06,0.12124984295841315
"('0035295000', 'Department of Biology')",0.0008019246190858059,0.0,0.11260271498660566,0.0014486143050930545,0.12217970001827698
"('0036582000', 'Environmental Science Institute')",0.0008019246190858059,0.0,0.1188864524740204,4.237120806885647e-05,0.12815179039765107
"('0013284000', 'ITS')",0.0002673082063619353,0.0,0.10052398226521564,5.16354694984531e-06,0.1074399497148449
"('0036616000', 'Computer Science Department')",0.0002673082063619353,0.0,0.10419161676646707,2.755006022840691e-07,0.1103822186072514
"('0001057000', 'Electrical and Computer Engineering')",0.0016038492381716118,0.03424551637015538,0.1477838350319981,0.00023968173682101113,0.16537381579482602
"('6250037167', 'Unknown Dept')",0.0002673082063619353,0.0,0.11373240507098775,3.833235435809449e-05,0.12142010380653052
"('0037275000', 'MTSB Division - Engineering')",0.0002673082063619353,0.0,0.13850425768233987,0.0006747658517782095,0.15281613972472066
"('0021998000', 'Civil & Environmental Eng.')",0.0005346164127238706,0.0,0.1313691751237841,9.8719497256976e-05,0.14306903520015102
"('0037549000', 'Materials Science and Engineering')",0.0005346164127238706,0.0,0.0960708782742681,3.174249816102444e-06,0.10146394479974509
"('0013508000', 'Microbiology, Immunology, Pathology')",0.0002673082063619353,0.0,0.11537749814951888,9.14308036356363e-06,0.12342060161402452
"('0013219000', 'Coastal Science and Policy Program')",0.0002673082063619353,0.0,0.09579289683250966,5.5252375668567e-07,0.10172535402359265
"('0017756000', 'NCSA')",0.0037423148890670943,0.023445691574078737,0.16072349200893624,0.00174940132004142,0.18421924198434925
"('0021303000', 'Rafik B. Hariri Institute')",0.0013365410318096765,0.00026759409749173415,0.10031373179953343,4.561114328749301e-07,0.10869636671002551
"('0032102000', 'College of Oceanic & Atmospheric Sc.')",0.0008019246190858059,0.0,0.12341646872525733,6.474151543932438e-06,0.13736842061468257
"('0013144000', 'Earth System Science')",0.0005346164127238706,0.0,0.1285743744844652,1.0501972741903476e-05,0.14034008251778027
"('0037986000', 'Unknown Dept')",0.00855386260358193,0.05539901716467413,0.1379017988793866,9.459613260844042e-05,0.16203080417842852
"('0013151000', 'Biostatistics')",0.0005346164127238706,0.0,0.11802006435737271,7.359678559085812e-06,0.1278587914394969
"('0013508000', 'Chemical and Biological Engineering')",0.0002673082063619353,0.0,0.13324073084731275,9.433233849832004e-05,0.14600213023298467
"('0020107000', 'College of Science')",0.0018711574445335472,0.004801255633842076,0.09521749090076102,8.977881113002162e-07,0.10301716883748882
"('0010637000', 'Anthropology 405A Bunnell Building')",0.0008019246190858059,0.0,0.08452709114736319,6.864077411029047e-09,0.08926239857204724
"('0013177010', 'Unknown Dept')",0.0018711574445335472,0.012751887953548409,0.11167830915278525,0.0013504025090561012,0.12174560680150516
"('0036442000', 'Computer Science')",0.0013365410318096765,0.0005346164127238706,0.12226688891067752,0.0003632955070483313,0.13638167538705326
"('0018093000', 'CEEM')",0.0005346164127238706,0.0,0.12143344045184536,2.7850089946082804e-05,0.13031182405609928
"('0022905000', 'School of Planning Design Construction')",0.0005346164127238706,0.0,0.1322889776866226,0.0015242994654323903,0.15005695734975438
"('0017582000', 'Geography')",0.0010692328254477412,0.0,0.09103961841721016,5.901090981805588e-08,0.09646824643584509
"('0034256000', 'Sociology')",0.0008019246190858059,0.0,0.11179511699488988,0.00010935926712324743,0.12220156429729889
"('0010819000', 'School of Sustainable Engineering and th')",0.0018711574445335472,0.007773453849431248,0.1447867482003251,0.10482465387230536,0.16429306236844354
"('0010827000', 'Unknown Dept')",0.0005346164127238706,0.0005346164127238706,0.10025190266909637,4.099241493268309e-06,0.10569664828697493
"('0025684000', 'Physiology and Cell Biology')",0.0010692328254477412,0.0,0.12290557855312438,0.0008759023187725406,0.13548563882895698
"('6250021099', 'College of Science and Mathematics')",0.0010692328254477412,0.0,0.13475253944240329,0.0023969914009187624,0.15439804670959426
"('0019281000', 'Biological and Agricultural Engineering')",0.0013365410318096765,0.0,0.08663131324826899,4.2267435813899626e-08,0.09200104416893955
"('6250002236', 'Workforce Solutions Center for Miltary a')",0.0010692328254477412,0.0,0.11401316591490918,7.626129890576803e-06,0.12150886087203211
"('0047415000', 'Chemistry Department')",0.0008019246190858059,0.0,0.08137384986840102,9.425829281979834e-10,0.08635787704034366
"('0010819000', 'School of Human Evolution and Social Cha')",0.0013365410318096765,0.0005346164127238706,0.142731781762686,0.09690046578359006,0.1611623036442605
"('0037549000', 'Mathematics')",0.00400962309542903,0.010582836106962047,0.14489329563499748,0.001975350101316123,0.1637264128843917
"('7203582078', 'Electrical and Computer Engineering')",0.0021384656508954825,0.002136750304116689,0.12438489160792658,0.0003474302614055916,0.13546730898374876
"('0037986000', 'Materials Science and Engineering')",0.0005346164127238706,0.0,0.11860376640669583,5.276383262856161e-05,0.12761570240047984
"('0013151000', 'Unknown Dept')",0.002673082063619353,0.011372895955631655,0.13380306877928394,6.396246286454404e-05,0.14945442964617855
"('P270045359', 'Unknown Dept')",0.0008019246190858059,0.0,0.08362018865394072,2.9104018555136198e-06,0.08816402372773464
"('6250020070', 'Biology')",0.0002673082063619353,0.0,0.1095364975258396,9.141125151422431e-06,0.11578568976854176
"('0029207000', 'Department of Statistical Science')",0.0010692328254477412,0.0006452371915465544,0.12706769471145682,3.270799285829399e-05,0.13785508167023924
"('0014175000', 'Dept. of Ecology & Evolutionary Biology')",0.0008019246190858059,0.0,0.12517566753663922,0.012882229798324981,0.13697896337230772
"('0013177000', 'Halicioglu Data Science Institute')",0.0018711574445335472,0.0007955519059684518,0.15429349170997278,0.0007054778970719002,0.1757168563869359
"('0001057000', 'Unknown Dept')",0.00855386260358193,0.05193279070951475,0.1455981941309255,0.00012182233839203451,0.16536754069833492
"('4003554000', 'Mechanical Engineering')",0.0002673082063619353,0.0,0.1008355795148248,7.461064767757377e-06,0.10896190929614678
"('0018929000', 'Business Analytics')",0.0008019246190858059,0.0010689469343179423,0.12580287184315836,0.0004686786132790389,0.1410966561946564
"('0037549000', 'Forestry')",0.0010692328254477412,0.0,0.14319617224880382,0.001146304509144039,0.15961891178410847
"('4062600000', 'The COMET Program')",0.0016038492381716118,0.00035302794841025556,0.13276786031160165,0.00027333759963379944,0.14635117692101568
"('0010835000', 'Architecture')",0.0016038492381716118,0.0,0.1204171629059774,4.7974779147651866e-05,0.13122741684159123
"('0028365000', 'Unknown Dept')",0.0010692328254477412,0.0016029915647822151,0.09327781379344736,3.38866528817478e-08,0.09848600414062621
"('0039404000', 'Department of Natural Sciences')",0.0010692328254477412,0.0,0.0834299732381802,4.381489556107552e-09,0.08859553982846669
"('0026633000', 'Community and Regional Planning')",0.0016038492381716118,0.0,0.1204171629059774,4.7974779147651866e-05,0.13122741684159123
"('0013508000', 'Mechanical Engineering')",0.0021384656508954825,0.004271213479194988,0.14994588961481423,0.0007649438967025124,0.1696371999063167
"('0027854000', 'Tandon School of Engineering')",0.0018711574445335472,0.001603277455912014,0.09137985783727008,3.8426638364397904e-05,0.09768002965785906
"('0014316000', 'Chemical & Biomolecular Engineering')",0.0002673082063619353,0.0,0.11113091524819535,0.0007867743296229086,0.11864663487735279
"('4076246000', 'Unknown Dept')",0.0005346164127238706,0.0,0.12302683504340962,2.0129350308180592e-05,0.132856310046738
"('0015354000', 'Gulf Coast Research & Education Center')",0.0010692328254477412,0.0,0.13062606934599671,0.00022742407763271322,0.1441240339460781
"('0021030000', 'Institute for Biosci  and Biotech Res')",0.0002673082063619353,0.0,0.10426712004236462,5.017158782788519e-07,0.11074850178627929
"('6250004721', 'Chemistry and Chemical Biology')",0.0008019246190858059,0.0,0.11616569370264564,5.7035885454643484e-05,0.12411251026456897
"('0026294000', 'SAS-Anthropology')",0.0013365410318096765,0.0005346164127238706,0.10205417791963335,7.211172224226714e-07,0.1096326027616526
"('0038950000', 'Division of Continuing Studies')",0.0002673082063619353,0.0,0.11941775465253615,0.0003009627976669491,0.12808351761486372
"('0020776000', 'Unknown Dept')",0.0056134723336006415,0.03091293125689862,0.14587638915968024,0.00035792078733994646,0.16770773313345508
"('0018408000', 'CBE')",0.0016038492381716118,0.0007668764835067482,0.1325937477847877,0.00042426238382735365,0.14573941973347704
"('0017756000', 'Coordinated Science Laboratory')",0.0005346164127238706,0.0,0.1402121359769124,0.00036063313879067536,0.1550553974235515
"('0022301000', 'Dept. of Geology and Geophysics')",0.0002673082063619353,0.0,0.09261505706434284,6.03419088319256e-08,0.0987035518060118
"('0001057000', 'Materials Science and Engineering')",0.0024057738572574178,0.012591117033764483,0.13772918047271923,7.650271558405182e-05,0.15285042887936978
"('0037218000', 'Mathematics and Statistics')",0.0005346164127238706,0.0,0.08766051176305183,3.7321739711572385e-07,0.09182556565728046
"('0023259000', 'Electrical and Computer Engineering')",0.0013365410318096765,0.004948498663811131,0.12934342910486463,3.4563870070489825e-05,0.14240529443546224
"('0013177010', 'Sonoma Water')",0.0013365410318096765,0.0,0.10052398226521564,0.0002377475162187045,0.10815508806805374
"('0010835000', 'Department of Chemical & Envir. Eng.')",0.0002673082063619353,0.0,0.09999732698938815,6.505138794635175e-07,0.10701330594988533
"('0021782000', 'Aeronautics &Astronautics')",0.0008019246190858059,0.0,0.11653116531165311,4.7851087031055316e-05,0.1259871658829148
"('0047415000', 'Physics')",0.0008019246190858059,0.0,0.08135438413361169,7.136419603104262e-10,0.08601928664561855
"('0019992001', 'Neurological Surgery')",0.0010692328254477412,0.0,0.14462442494297753,0.0005958447623128302,0.16045901401755472
"('0020776000', 'Institute for Computational Medicine')",0.0008019246190858059,0.0,0.11296313071836217,4.998741149252462e-06,0.12175392169703562
"('7203588162', 'Unknown Dept')",0.0008019246190858059,0.0,0.11060847968777719,2.590140760459844e-06,0.11861805150226748
"('0018408000', 'Chemistry and Biochemistry')",0.0010692328254477412,2.858911297988613e-07,0.11945588657917425,0.00011577644287656483,0.12928034552804
"('6250004721', 'School of Natural Sciences')",0.0016038492381716118,0.0010690898798828418,0.12300660901588137,8.895659789353807e-05,0.13275763041200153
"('0030908000', 'School of Earth Sciences')",0.0010692328254477412,0.0032041248372207377,0.06387774267907453,3.5192646978684505e-11,0.06821916668465333
"('0011395001', 'Mathematics and Statistics')",0.0008019246190858059,0.0,0.129913876927351,0.000417729364506377,0.14326552223504951
"('7203582078', 'Unknown Dept')",0.0010692328254477412,0.0,0.11063792032650165,5.120946060560299e-05,0.11802874276811638
"('6250017845', 'Unknown Dept')",0.0010692328254477412,0.0005346164127238706,0.13279613787228,0.000157756156255953,0.14505483786758916
"('5300001194', 'Unknown Dept')",0.0037423148890670943,0.004649385416069125,0.121785272478677,7.02352798229607e-06,0.1370244295351549
"('0016105000', 'Dept of Information & Computer Science')",0.0016038492381716118,0.0,0.12100921882581271,2.985651214560731e-05,0.131077884431227
"('0021998000', 'Computer and Information Science')",0.0010692328254477412,0.0,0.13799336038362228,0.0001966913602445344,0.15128328263853574
"('0013136000', 'Pathology, Microbiology, and Immunology')",0.0010692328254477412,0.0,0.14826410906785034,0.0029368007985381478,0.16481735351670246
"('0035451000', 'Department of Environmental Science')",0.0002673082063619353,0.0,0.11240647817072805,0.00019863154757299414,0.12139569959926991
"('0001057000', 'Engineering & Public Policy')",0.0005346164127238706,0.0,0.11279283625290198,1.9722536999105287e-06,0.1200965589262195
"('0014696000', 'Department of Biological Sciences')",0.0002673082063619353,0.0,0.11259254800457473,2.7646730327426145e-06,0.1201687878016943
"('0013177000', 'Nanoengineering')",0.0010692328254477412,0.0,0.12510868838204803,2.6911386629578888e-05,0.13772428597656275
"('0036137000', 'Teaching and Learning')",0.0010692328254477412,0.0,0.13287632308020175,0.00026716324173700954,0.1478132425506125
"('0018259000', 'Unknown Dept')",0.010157711841753542,0.05729089432004627,0.16161921631312914,0.028162826126139164,0.18982755787086153
"('0037986000', 'School of Art + Art History + Design')",0.0008019246190858059,0.0,0.11188204683434519,6.9182594953759865e-06,0.12125504208431961
"('0020776000', 'Anthropology')",0.0002673082063619353,0.0,0.1273098519652884,3.6877427376339463e-05,0.13995702859552056
"('7203579671', 'Cell Fabrication')",0.0008019246190858059,0.0,0.12220298565968706,0.0004966547612685094,0.13235492005186425
"('0015693000', 'School of Computer Science, College of C')",0.0002673082063619353,0.0,0.13211145248437334,2.380649489188608e-05,0.1434286769255409
"('0031849000', 'Civil Engineering and Environmental Scie')",0.0010692328254477412,0.0,0.09215647632655072,9.254235447482785e-07,0.09950278514482586
"('0015693000', 'Institute for Electronics and Nanotechno')",0.0010692328254477412,0.0,0.11401316591490918,7.626129890576803e-06,0.12150886087203211
"('5300000627', 'Unknown Dept')",0.0010692328254477412,0.0,0.12590024904085617,8.51228087051834e-05,0.13723947719183424
"('5300006491', 'Unknown Dept')",0.0008019246190858059,0.0,0.11179511699488988,0.00010935926712324743,0.12220156429729889
"('0033290000', 'Electrical Engineering Department')",0.0010692328254477412,0.0,0.14101549247992762,0.00031598455822923725,0.1562070309929875
"('0030908000', 'Entomology')",0.0008019246190858059,0.0,0.14275901545506584,0.00023327465343729017,0.1596512406343005
"('0035303040', 'Forestry, Wildlife, & Fisheries')",0.0010692328254477412,0.0,0.10482515131136516,3.539597691649167e-05,0.11405931255219555
"('0029744000', 'Department of Geography')",0.0010692328254477412,0.0,0.11505812880605278,1.6632501994241022e-05,0.12360798467867143
"('0029728000', 'Biomedical Engineering')",0.0002673082063619353,0.0,0.11760082990160636,9.965442267894861e-05,0.1271559507212071
"('0036327000', 'Department of Oceanography')",0.0005346164127238706,0.0,0.09062280468011918,2.8658275004815388e-08,0.0964234335363422
"('0014316000', 'Department of Computer and Information S')",0.0008019246190858059,0.0,0.12581556467343782,0.0007796293301374845,0.14116348324624686
"('0036582000', 'Chemical Engineerintg')",0.0002673082063619353,0.0,0.11925406439273191,1.8421602180004885e-05,0.12807532464355895
"('6250004721', 'Physics')",0.0010692328254477412,0.0,0.1229985204668749,8.725213943895815e-05,0.13249032220563958
"('0022194000', 'Electrical and Computer Engineering')",0.0008019246190858059,0.0,0.11803123521060103,3.412570644511592e-05,0.12668271471929649
"('0015693000', 'College of Computing')",0.0029403902699812884,0.005753237659688055,0.11252481501534019,2.1923890060977757e-06,0.12451853071339812
"('0037283000', 'Electrical & Computer Engineering')",0.0010692328254477412,0.0,0.08647511615542867,6.768009921587139e-08,0.0906596162321349
"('0010819000', 'The Biodesign Institute')",0.0005346164127238706,0.0,0.1455981941309255,0.07429256452765302,0.1644408548177596
"('0023259000', 'Unknown Dept')",0.0090884790163058,0.10689856875902863,0.16651088262785418,0.0018028147098778455,0.1970776312561305
"('0010819000', 'School of Manufacturing Systems and Netw')",0.0018711574445335472,0.007350046207945485,0.11307580703663402,6.379058873133117e-06,0.12259182327864108
"('0013201000', 'Bren School of Environmental Science and')",0.0010692328254477412,0.0,0.11114412192875606,2.558065496977999e-06,0.1228045290281642
"('6250009905', 'IHMC')",0.0010692328254477412,0.0,0.10186521443158611,9.574297741982681e-07,0.10897669947832955
"('7203587544', 'Unknown Dept')",0.0008019246190858059,0.0,0.12220298565968706,0.0004966547612685094,0.13235492005186425
"('0027110000', 'Cornell Lab of Ornithology')",0.0002673082063619353,0.0,0.12060738925785028,9.86537045588527e-05,0.1293605904336364
"('0028373000', 'Industrial & Systems Engineering')",0.0002673082063619353,0.0,0.09385348720521826,7.318082279231339e-08,0.09854180933337356
"('0028944000', 'Unknown Dept')",0.0010692328254477412,0.0005346164127238706,0.12496242108427698,0.013348189972803695,0.13674878130571833
"('0013052000', 'Electrical Engineering, Computer Science')",0.0010692328254477412,0.0,0.11965073882172328,4.095599015841273e-05,0.1283792523532611
"('6250020070', 'STEM')",0.0008019246190858059,0.0,0.1426991150442478,0.0827976535775432,0.16071678996699065
"('0025684000', 'Electrical and Biomedical Engineering')",0.0008019246190858059,0.0,0.13983478488393825,0.004109678377444191,0.15772342392230113
"('0013508000', 'Department of Ecosystem Science and Sust')",0.0010692328254477412,0.0,0.13275843713403598,0.0002479153283737958,0.1460838687146538
"('0015792001', 'school of Computer and Cyber Sciences')",0.0005346164127238706,0.0,0.10673323823109843,2.700046975495269e-05,0.1131377679833905
"('0036756000', 'Biochemistry')",0.0010692328254477412,0.0005346164127238706,0.10470486159702203,3.060343432908144e-05,0.113284118753746
"('0013268000', 'Department of Biology')",0.0013365410318096765,0.0,0.09009464634058233,4.2339612883892114e-06,0.09637648824148287
"('0022905000', 'Geography')",0.0010692328254477412,0.0,0.14072903735470038,0.0006590355001769728,0.1553529670009223
"('0021303000', 'Department of Anthropology')",0.0002673082063619353,0.0,0.10029759510978846,3.2139404982098686e-07,0.10807264756184767
"('0001057000', 'School of Computer Science')",0.0002673082063619353,0.0,0.12709791397703335,1.2505633936061353e-05,0.13793215119044286
"('0001057000', 'Civil and Environmental Engineering')",0.0018711574445335472,0.002137322086376287,0.12512542644992977,2.7785614116125522e-05,0.13816979965383264
"('0013144000', 'Unknown Dept')",0.006148088746324512,0.04159943528833545,0.14753322553929882,9.167464562797872e-05,0.16796602921950796
"('6250007704', 'Microbial Genomics')",0.0010692328254477412,0.0,0.1288400606144097,6.996044322292818e-05,0.14104972127095244
"('0029728000', 'Computer Science, College of Engineering')",0.0002673082063619353,0.0,0.11080504709436645,2.7986276751714427e-06,0.11802059796894412
"('0022905000', 'NSCL')",0.0013365410318096765,0.0005346164127238706,0.13230769230769232,0.0020069533460274646,0.15050247102702427
"('0025551000', 'Unknown Dept')",0.0018711574445335472,0.0,0.08536418400876232,1.660282304647514e-08,0.09020157432709683
"('0029058000', 'Department of Computer Science')",0.0002673082063619353,0.0,0.08513107591480065,2.6725671354503665e-06,0.08964660212282875
"('0047415000', 'Computer Science')",0.0008019246190858059,0.0,0.08135438413361169,7.136419603104262e-10,0.08601928664561855
"('0022905000', 'Plant Resilience Institute')",0.0010692328254477412,0.0,0.11691721098853017,0.00022153539535565772,0.12891629537167001
"('0037051000', 'School of Education')",0.0010692328254477412,0.0,0.10350265604249669,2.9704604951102923e-05,0.10937594344641109
"('0027078000', 'Institute for Genomic Medicine')",0.0002673082063619353,0.0,0.10669670868746792,5.607876782657064e-07,0.11292388716547135
"('0038950000', 'Unknown Dept')",0.0048115477145148355,0.025573734850992357,0.15682246908404945,0.016663295972819545,0.17952278237963862
"('0036582000', 'Department of Chemical Engineering')",0.0013365410318096765,0.007819321952910782,0.14545101088646967,0.0005852422508093216,0.16289237953231517
"('0021030000', 'Chemistry & Biochemistry')",0.0008019246190858059,0.0,0.13694267515923567,0.002016885374121016,0.15007062233051754
"('0015743000', 'Urban Studies Institute')",0.0013365410318096765,0.0,0.1085795553491612,1.2516397926176996e-06,0.11850083917621762
"('0022210000', 'College of Info and Computer Sciences')",0.0005346164127238706,0.0,0.08841463414634146,3.5825557759532173e-07,0.09266184347680127
"('0010090000', 'Physics Department')",0.0010692328254477412,0.0,0.12619754419106732,5.2424429882550934e-05,0.13886582718354945
"('0020776000', 'Civil Engineering')",0.0010692328254477412,0.0016029915647822151,0.12733585213928317,3.842787056740398e-05,0.1404916450082445
"('0022194000', 'Unknown Dept')",0.0002673082063619353,0.0,0.09660925031634945,4.297973502556494e-08,0.1026830685408474
"('0036582000', 'Geological Sciences')",0.0016038492381716118,0.0014544746910540606,0.12822182615848643,0.00011188686400521142,0.14077672565042304
"('7203588215', 'Unknown Dept')",0.0008019246190858059,0.0,0.1077011659709227,8.977608732989238e-06,0.11587421016226523
"('0014480000', 'Physiology and Biophysics')",0.0008019246190858059,0.0,0.1261422261186229,9.945354088711941e-05,0.13617768521537668
"('0013128000', 'Department of Chemical Engineering')",0.0013365410318096765,0.003089476534205942,0.1294777281694528,7.076883673190926e-05,0.14230376230824482
"('7203584597', 'Unknown Dept')",0.0016038492381716118,0.0026702231523213645,0.10817453662203973,1.5911984429135968e-06,0.11816104292918468
"('0032565000', 'School of Biomedical Eng. & Health Scien')",0.0010692328254477412,0.0,0.10141234514353872,4.788033834035703e-07,0.10787783219017422
"('0018408000', 'Unknown Dept')",0.005346164127238706,0.009851842477244972,0.13562701664068447,0.0006061631201054837,0.15151052349976915
"('0096354000', 'Department of Physics')",0.0018711574445335472,0.003736311175341318,0.12691681367892524,0.0029353001017648566,0.13968524157625123
"('0017582000', 'Electrical and Computer Engineering')",0.0005346164127238706,0.0,0.1001365132899703,3.7457661421518455e-07,0.10713452853930394
"('0021998000', 'CATLR')",0.0010692328254477412,0.0,0.13141532300558542,0.00012537265696855497,0.1434744526464666
"('0038273001', 'Physics')",0.0018711574445335472,0.0016029915647822151,0.09651951804742125,6.792606784181437e-06,0.10402911376706549
"('0013177000', 'Department of Mathematics')",0.0002673082063619353,0.0,0.08337605027970313,1.216556441524213e-08,0.08752481501724754
"('0036582000', 'Department of Mechanical Engineering')",0.0008019246190858059,0.0,0.128112050957159,9.354065138252431e-05,0.1397208582352934
"('0032235000', 'Physics')",0.0024057738572574178,0.00892481151848419,0.14201655151469136,0.0002347468167475839,0.1585972790027231
"('0011452001', 'Statistics Department')",0.0010692328254477412,0.0,0.11411750350802269,3.359464057691995e-06,0.12344943093315032
"('0015511000', 'OITC')",0.0018711574445335472,0.0,0.1390137861840883,0.00026843032809414533,0.1553589694492574
"('4003554000', 'Center for Sustainable Macromolecular Ma')",0.0008019246190858059,0.0,0.1427372276698844,0.0847680318999339,0.16100637385721606
"('0035352000', 'Political Science')",0.0005346164127238706,0.0005346164127238706,0.14275901545506584,0.00018725456693281908,0.1595621378988465
"('0014811000', 'School of Urban and Regional Planning')",0.0010692328254477412,0.0,0.09517873044141967,1.052126632433963e-06,0.10212614148294903
"('0020776000', 'CENTER FOR IMAGING SCIENCE')",0.0005346164127238706,0.0,0.1273185175101249,4.116682493298485e-05,0.14013523406642855
"('0015693000', 'Mechanical Engineering')",0.0032076984763432237,0.01200402436513055,0.14309757870175574,0.0005706950556814944,0.16017602080800852
"('0001057000', 'Physics Department')",0.0005346164127238706,0.0,0.12877796901893288,2.8943076663674907e-05,0.13946009105391693
"('0035238000', 'Department of Chemical Engineering')",0.0008019246190858059,0.0,0.0950868007015225,3.140173843341521e-05,0.10168722782751763
"('0017749000', 'Physics')",0.0008019246190858059,0.0010690898798828416,0.11727640364901722,2.588366531543831e-05,0.12611018162918605
"('0032243000', 'Mathematics')",0.0010692328254477412,0.0,0.13730959809139293,0.00018664945663944812,0.15117466805164392
"('0013177000', 'CREATE')",0.0008019246190858059,0.0,0.12387827411503692,0.000451657722577598,0.13393454754368062
"('0010637000', 'Department of Geosciences')",0.0002673082063619353,0.0,0.11305188722009006,2.5216571136304353e-06,0.12348132186614406
"('0018259000', 'Civil Engineering')",0.0016038492381716118,0.0015258756496399136,0.1449550526968382,0.0046735631267627335,0.16258446363698933
"('0029728000', 'Plant Pathology & Entomology')",0.0010692328254477412,0.0,0.14953233671756336,0.0009482502805044931,0.1681543818838034
"('0030908000', 'Anthropology Department')",0.0002673082063619353,0.0,0.10377829560585886,3.84667418036261e-05,0.11085467342533753
"('0034710000', 'Electrical Engineering and Computer Sci')",0.0013365410318096765,0.0,0.10942115885226242,2.6969803178806477e-06,0.11744158561802576
"('7203583520', 'Unknown Dept')",0.0002673082063619353,0.0,0.07729338842975207,5.330493091816763e-07,0.08078996071236248
"('0033787000', 'Mechanical Engineering & Applied Mech')",0.0005346164127238706,0.0,0.12195201460425088,4.272709201261929e-05,0.1329140651601558
"('0038950000', 'Geoscience')",0.0005346164127238706,0.0010689469343179423,0.13558769163857778,0.001720862777198466,0.14875687252037587
"('0018259000', 'College of Engineering')",0.0002673082063619353,0.0,0.14253600548655032,0.010991543212267543,0.15804733706698437
"('0001057000', 'Human-Computer Interaction Institute')",0.0005346164127238706,0.0,0.11289154445047982,1.8159531003933672e-06,0.1207801041967736
"('0033290000', 'Mechanical Engineering')",0.0024057738572574178,0.008595344556693234,0.12758773575253232,2.1488657258690878e-05,0.14094950220521632
"('0023879000', 'Earth & Environmental Sciences')",0.0010692328254477412,0.0,0.12231885953439707,2.3779193763361354e-05,0.13358299808650664
"('0018697000', 'Office of the Dean')",0.0013365410318096765,0.0,0.1389982908523445,0.0021908414537755985,0.1537760058409621
"('4018578000', 'Unknown Dept')",0.0008019246190858059,0.0,0.09834901940165099,6.7523220788529795e-06,0.10560474006912525
"('0047415000', 'Chemistry')",0.0013365410318096765,0.0013323241376451433,0.08851923713974728,4.634362236123586e-09,0.09449236116239859
"('0001305000', 'NSHE - System Computing Services')",0.0016038492381716118,9.720298413161283e-06,0.12305921052631578,0.0010826711027500796,0.13666179493694955
"('6250002291', 'Department of Mathematical Sciences')",0.0005346164127238706,0.0,0.08864718845524988,9.157090933917995e-08,0.09315646057581979
"('0034017000', 'Engineering')",0.0010692328254477412,0.0,0.1006510977184675,8.828256781597529e-07,0.10766736928099951
"('0023259000', 'Civil and Environmental Engineering')",0.0021384656508954825,0.018591613941468892,0.14322358346094946,0.0006797209051118433,0.16172288754132233
"('0022210000', 'Computer Science Department')",0.0002673082063619353,0.0,0.08841254460804009,3.2164485178886257e-07,0.09252818937362031
"('0019505000', 'English')",0.0002673082063619353,0.0,0.09914924067742704,1.1309133007623428e-06,0.10552890364732746
"('0032565000', 'Engineering Leadership and Society')",0.0008019246190858059,0.0,0.10908613751676678,3.808526546314955e-06,0.11600060958167391
"('Unknown Inst', 'Unknown Dept')",0.0005346164127238706,0.0,0.13140147523709167,0.0004582115655235885,0.14472964885956133
"('0014266000', 'Electrical Engineering/ YINS')",0.0005346164127238706,0.0,0.11658927291426434,7.2696238282904225e-06,0.12596444613862268
"('0017582000', 'Unknown Dept')",0.0016038492381716118,0.002136750304116689,0.10014723597911926,3.9661335491067275e-07,0.10766914495202783
"('0015354000', 'Statistics')",0.0005346164127238706,0.0,0.1303257272252221,4.045491131110197e-05,0.14228375016914682
"('0018697000', 'Civil, Construction and Environmental')",0.0021384656508954825,0.0013359835441065688,0.11196240984048125,9.121706156442433e-05,0.12363707301027357
"('0027110000', 'Sociology')",0.0010692328254477412,0.0,0.11056924986699769,2.9349643652101773e-06,0.11838638439008711
"('0036566000', 'Computer Science & Engineering Departmen')",0.0002673082063619353,0.0,0.13014437293442338,0.0017425050676246683,0.14135699122314183
"('0023259000', 'College of Engineering')",0.0024057738572574178,0.005798824079960818,0.13058047401305456,5.7830389397630806e-05,0.14491838386833522
"('0016162000', 'Department of Anthropology')",0.0005346164127238706,0.0,0.09351798615103868,5.437705968586991e-07,0.09868393332297871
"('0016915000', 'Department of Physics')",0.0008019246190858059,0.0005346164127238706,0.10108352022481018,9.237507428659118e-08,0.10780629410917832
"('0036558000', 'Unknown Dept')",0.0016038492381716118,0.0,0.09556043731480536,2.43501865772832e-07,0.10162527526010826
"('0035451000', 'Statistical Science')",0.0010692328254477412,0.0,0.12711086949135267,1.807801700178138e-05,0.13833311349998578
"('0036525000', 'Biology')",0.0005346164127238706,0.0,0.10832175121612231,2.491989414623028e-07,0.11620907563817491
"('0027078000', 'Biomedical Engineering')",0.0005346164127238706,0.0,0.11963925933032717,2.4569638035600154e-06,0.12883440323224615
"('0010512000', 'Computer Science')",0.0010692328254477412,0.0,0.10031911185004425,0.0001960158263311633,0.1072020166659046
"('0010827000', 'Landscape Conservation Initiative')",0.0016038492381716118,3.8118817306514835e-07,0.11141223420096492,4.659925394327846e-05,0.11931897731746126
"('0500320000', 'Natural Sciences')",0.0010692328254477412,0.0,0.10457023060796646,1.4258111130575438e-06,0.11179942342012872
"('0021303000', 'Physics')",0.0002673082063619353,0.0,0.08356041992405629,4.043041060540703e-09,0.08779287880221044
"('0038968000', 'Department of  Computer Science')",0.0005346164127238706,0.0,0.07570269340510351,1.0426943346868405e-10,0.07909036117286986
"('0030908001', 'Ohio Supercomputer Center')",0.0010692328254477412,0.0,0.12444695785236685,2.5680587339778485e-05,0.13591858091527376
"('0014316000', 'Computer and Information Sciences')",0.0018711574445335472,0.010115685845673109,0.09537284894837476,4.6044080664885835e-08,0.10264654372367235
"('0015354000', 'Management')",0.0008019246190858059,0.0,0.14562653275721127,0.0007891459825917371,0.16335706264181696
"('0025205000', 'Biomedical Engineering')",0.0010692328254477412,0.0,0.14101549247992762,0.00031598455822923725,0.1562070309929875
"('0036327000', 'Mathematics')",0.0013365410318096765,0.011712673696729547,0.12246701803777785,9.507259079338012e-05,0.13408357287667674
"('0019893001', 'Analytics and Technologies')",0.0010692328254477412,0.0,0.11832242148211405,4.441180456058313e-06,0.12877195181595705
"('0036525000', 'Department of Economics')",0.0005346164127238706,0.0,0.11241323357072028,0.00045442209432637614,0.12157390507017787
"('0080010000', 'Mathematics, Statistics, and Computer Sc')",0.0005346164127238706,0.0,0.1285876327638951,6.936919568352004e-05,0.13982850344989542
"('0013151000', 'Atmospheric and Oceanic Sciences')",0.0016038492381716118,0.001603277455912014,0.1273531914893617,5.472809100157515e-05,0.14082578026619688
"('4005518000', 'National Academy of Engineering (NAE)')",0.0016038492381716118,0.0001351638611865281,0.1383710608078118,0.000627909383910428,0.15286745316817568
"('6250001726', 'Unknown Dept')",0.0013365410318096765,0.0,0.09762780865888984,2.766608831252194e-07,0.10481173661145993
"('0013169000', 'Computer Science and Engineering')",0.0005346164127238706,0.0005346164127238706,0.0944530007321938,5.367467020152485e-08,0.09946616516725183
"('0035949000', 'Computer Science and Engineering')",0.0024057738572574178,0.02171486076387251,0.11125981441827267,3.250213566013369e-06,0.12181705185443535
"('0022194000', 'Civil and Environmental Engineering')",0.0008019246190858059,0.0,0.11803123521060103,3.412570644511592e-05,0.12668271471929649
"('0014175000', 'Ecology & Environmental Biology')",0.0010692328254477412,0.0,0.10284253353859688,3.1266997181310987e-07,0.1095877905189588
"('0036046000', 'OIT/CRC')",0.0010692328254477412,0.0,0.14528155339805826,0.0004249745911749927,0.1623328874496385
"('0020537000', 'Unknown Dept')",0.0037423148890670943,0.008252982293208621,0.0767007011932587,1.0985017845167447e-08,0.0855639703506156
"('0021998000', 'Khoury College of Computer Sciences')",0.0005346164127238706,0.0026338329457901875,0.1396572964497704,0.0003747088793237223,0.152624937465025
"('4012365000', 'Unknown Dept')",0.004276931301790965,0.009597150809000424,0.12236286919831224,0.0004185120907340036,0.13830183933608636
"('0034256000', 'Communications Studies')",0.0010692328254477412,0.0,0.14121777207353442,0.00016173424280245422,0.1557328890628815
"('0021030000', 'TLPL')",0.0002673082063619353,0.0,0.12950013846579894,0.00024113105907440894,0.1400822016063315
"('0021303000', 'Boston University - Center for Space Phy')",0.0018711574445335472,0.03503014199450724,0.14095173505142986,0.0001341619334231504,0.1594456220523491
"('0015354000', 'Electrical & Computer Engineering')",0.0002673082063619353,0.0,0.10171288743882545,0.0001635839792887448,0.10768590690756655
"('0018408000', 'Chemical and Biomolecular Engineering')",0.0002673082063619353,0.0,0.1170745446579458,4.338286315889989e-05,0.12531957316309744
"('0013284000', 'Electrical Engineering -- Systems')",0.0016038492381716118,0.009959823291366236,0.15792806484295846,0.0032044746246577367,0.17866610240955696
"('0036582000', 'Department of Chemistry')",0.0002673082063619353,0.0,0.11925406439273191,1.8421602180004885e-05,0.12807532464355895
"('0029728000', 'Genetics')",0.0008019246190858059,0.0,0.11654205607476635,3.743924895850261e-05,0.1256301093562223
"('0011080000', 'Computer Science and Computer Engineerin')",0.0010692328254477412,0.0044947282708219195,0.1276530403330376,0.0017869823790075934,0.1397622480887025
"('0031849000', 'Marine Biology')",0.0002673082063619353,0.0,0.12387007052746597,0.00035935556570423167,0.1336672393373187
"('0010819000', 'American Indian Studies')",0.0005346164127238706,0.0,0.1426936720448564,0.07337524378374316,0.16058313586380968
"('0011544000', 'Special Education')",0.0010692328254477412,0.0,0.10155825822564882,4.359583432949251e-06,0.10881656291450806
"('0023259000', 'Education and Psychology')",0.0005346164127238706,0.0,0.14685561749234513,0.0002457657061589095,0.16522467459586573
"('0013128000', 'Department of Chemistry')",0.0005346164127238706,0.0,0.0813844714686623,1.4619510396846472e-08,0.08502041692004021
"('5300002935', 'Mechanical Engineering')",0.0010692328254477412,0.0,0.10141234514353872,4.788033834035703e-07,0.10787783219017422
"('0022301000', 'Geology & Geophysics Department')",0.0008019246190858059,0.0005346164127238706,0.10203747647492022,5.632979784606265e-07,0.11061298450372634
"('0013714000', 'Geography')",0.0010692328254477412,0.0,0.11171165790731008,5.143163061484763e-05,0.12007297336617033
"('6250043842', 'Unknown Dept')",0.0002673082063619353,0.0,0.11859624651280751,7.200227260159748e-05,0.12982314622427346
"('0023879000', 'Department of Food Science and Nutrition')",0.0008019246190858059,0.0,0.10966493712074575,3.7116192471973864e-06,0.11714514713154126
"('0036616000', 'Physics')",0.0016038492381716118,0.010174190038143485,0.13990799955121733,9.577830703410871e-05,0.15352827986796622
"('P269964643', 'Department of Mathematics')",0.0008019246190858059,0.0,0.118795846432314,0.00032835911108275423,0.1314804875167388
"('0037986000', 'School of Oceanography')",0.0024057738572574178,0.015757884459765645,0.13525434759029611,3.310281186098753e-05,0.15464667905172194
"('0018697000', 'Dept. of World Languages and Cultures')",0.0002673082063619353,0.0,0.12490818030050084,0.009900619062881528,0.1360003183279049
"('0022905000', 'Electrical and Computer Engineering')",0.0037423148890670943,0.045999599167892036,0.15161094224924013,0.02038764020857722,0.1787045359820009
"('0029058000', 'The Graduate College')",0.0005346164127238706,0.0,0.10449428786905393,1.8594580137947293e-06,0.11031846279086575
"('0037457000', 'Department of Chemistry')",0.0010692328254477412,0.0016029915647822151,0.11693913913288112,3.1516349799080084e-05,0.12557557143433268
"('0017103000', 'Unknown Dept')",0.0010692328254477412,0.0,0.10658119658119658,3.119341041335459e-06,0.1150836336800286
"('0028381000', 'School of Marine and Atmos Sciences')",0.0010692328254477412,0.0,0.09634055265123226,4.2880107370394267e-07,0.10255661744823774
"('0010512000', 'Civil, Construction, and Environmental E')",0.0021384656508954825,0.007989227622229178,0.11145538507373752,0.0013283295629014898,0.12101793446196435
"('0013177000', 'NanoEngineering')",0.0018711574445335472,0.0033794034829777867,0.13296605651323973,0.0004942450154655525,0.1463145655772676
"('0050187000', 'Unknown Dept')",0.0016038492381716118,0.0005346164127238706,0.13645316603443244,0.00018657968952990963,0.15093190092836398
"('0027110000', 'Materials SE & ECE')",0.0008019246190858059,0.0,0.1249582470438907,0.013221761996057853,0.13661512720253735
"('5300001194', 'Physics and Astronomy')",0.0016038492381716118,0.0,0.11921606118546844,4.361263852898547e-06,0.1309949092915208
"('0010819000', 'Department of Electrical Engineering')",0.0002673082063619353,0.0,0.1110880152037059,0.0016627476729522619,0.11883014408251395
"('0080010000', 'Urban Planning & Public Affairs')",0.0010692328254477412,0.0,0.1385093857603021,0.0001760940818016218,0.1537901100215365
"('0013482000', 'Chemistry')",0.0010692328254477412,0.0,0.11616930099680153,7.087141717207506e-05,0.12424616436774992
"('0096354000', 'SUCCEED')",0.0008019246190858059,0.0,0.12688668045992607,0.0027742935291291643,0.13906152242807343
"('0028381000', 'Biochemistry and Cell Biology')",0.0008019246190858059,0.007458613685322492,0.11092003439380911,6.267915230334546e-05,0.11948048090790571
"('7203581563', 'Unknown Dept')",0.0002673082063619353,0.0,0.10987106816646598,1.7092143671677335e-06,0.1203904427728589
"('0015693000', 'Chemical Engineering')",0.0005346164127238706,0.0,0.13981388047987442,0.0001125651362804359,0.15573706487546812
"('0027110001', 'Dept. of Microbiology and Immunology')",0.0005346164127238706,0.0,0.11616569370264564,4.9961336068553396e-05,0.12513797757382356
"('0026211000', 'Dept. of Electrical and Computer Eng.')",0.0002673082063619353,0.0,0.07524589174728966,1.035823643501238e-10,0.07874885593586949
"('0021998000', 'Marine & Environmental Sciences')",0.0005346164127238706,0.0,0.11614044891496694,1.4005880287010388e-05,0.1240497013316484
"('0013128000', 'CEDR')",0.0010692328254477412,0.0,0.0837643581648418,5.167795544192581e-06,0.08869200268394135
"('0036616000', 'Chemistry and Biochemistry')",0.0010692328254477412,0.0,0.08951473966309341,5.854404697491164e-08,0.09490194887861253
"('0021303000', 'Computer Science')",0.0010692328254477412,0.000801638727956007,0.10031104199066875,3.8219847860547626e-07,0.10856271260684454
"('0035303000', 'Inst. for a Secure and Sustainable Envir')",0.0010692328254477412,0.0,0.11152183633924578,0.0016462425055426013,0.12051683764972075
"('0037986000', 'Economics')",0.0008019246190858059,0.0,0.12900889716532174,5.485818535916812e-05,0.1446782723210857
"('0013490000', 'Sociology')",0.0013365410318096765,0.0,0.12496242108427698,0.01611974186642035,0.1368378840411723
"('0032102000', 'Unknown Dept')",0.004276931301790965,0.03409898176113853,0.13507853403141362,2.351324190232064e-05,0.15645152576788482
"('0034488000', 'Chemical Engineering')",0.0002673082063619353,0.0,0.09508438389589263,1.6762633195556046e-08,0.10014611537430257
"('0014811000', 'Geosciences')",0.0010692328254477412,0.0,0.08782308613282626,6.003068664093696e-07,0.09318824964253107
"('0020107000', 'Division of Computer Science & En')",0.0010692328254477412,0.0,0.11260949399476235,0.0003435017638169374,0.12093403049875023
"('0010835000', 'Mathematics')",0.0021384656508954825,0.0037378835765552116,0.10004011231448054,8.765994188829647e-07,0.10830529561396804
"('0114629000', 'Institute of Social & Economic Research')",0.0018711574445335472,0.002136750304116689,0.09507471790179933,6.545779801923735e-08,0.10265794179409622
"('0036327060', 'Engineering Student Serv & Academic Prog')",0.0010692328254477412,0.0,0.12697712307378997,0.010366963190016355,0.1390384612417497
"('0033290000', 'Communication Arts & Sciences')",0.0005346164127238706,0.0,0.13640341281995186,0.0007273273047959439,0.14978060157490902
"('0020537000', 'School or Marine Sciences')",0.0002673082063619353,0.0,0.06652204064939453,1.8398573911096838e-10,0.07098357703201022
"('0050187000', 'Anthropology')",0.0002673082063619353,0.0,0.12007318012581847,1.9177014188303184e-05,0.12912554695704295
"('0013169000', 'School of Public Policy')",0.0002673082063619353,0.0,0.08282412327311371,2.265193994990867e-09,0.08619220854810286
"('0037986000', 'Neurobiology & Biophysics')",0.0010692328254477412,0.0,0.11965073882172328,4.095599015841273e-05,0.1283792523532611
"('0013052000', 'Bioengineering')",0.0018711574445335472,0.0021374650319411865,0.11966604823747681,4.2159822577494774e-05,0.12882476603053097
"('0010637000', 'School of Education')",0.0002673082063619353,0.0,0.11305188722009006,2.5216571136304353e-06,0.12348132186614406
"('0022905000', 'Unknown Dept')",0.012830793905372895,0.09661101880772528,0.15244498777506113,0.013179888333679073,0.18541351279923746
"('0010819000', 'Mathematical & Statistical Sciences')",0.0005346164127238706,0.0,0.09840852295146653,1.2864581626518744e-06,0.1040642086440224
"('0017392000', 'Industrial Engineering and Management Sc')",0.0013365410318096765,0.001603277455912014,0.11639701306782825,4.126831252375677e-05,0.12585525852130353
"('0117119000', 'School of Science & Computer Engineering')",0.0016038492381716118,0.0,0.09111500803741049,1.2132613255025406e-07,0.09730453925289165
"('0025320000', 'Mechanical & Industrial Engineering')",0.0013365410318096765,0.002136750304116689,0.09162156204844359,7.928008540508546e-07,0.09816975914340095
"('0001479000', 'Unknown Dept')",0.0021384656508954825,0.018112309930025966,0.12305111505821985,8.63289699123948e-05,0.13535085529872992
"('0037457000', 'Department of Astronomy')",0.0002673082063619353,0.0,0.09478564913347522,3.7068823470682887e-07,0.09912013480196159
"('0017749000', 'Public Health Sciences')",0.0010692328254477412,0.0,0.09137316203409701,3.7251948192467576e-05,0.09727906734831615
"('0014316000', 'Geography')",0.0005346164127238706,0.0,0.09177215189873418,2.4055033806599316e-07,0.09614116669346286
"('0017749000', 'Anthropology')",0.0002673082063619353,0.0,0.1249415536704295,2.7891728383297593e-05,0.13563687519758058
"('0023879000', 'Curriculum and Instruction')",0.0016038492381716118,0.002136750304116689,0.09840075753590405,5.494000369644047e-07,0.10524184245558145
"('0013706000', 'Chemical and Biological Engineering')",0.002673082063619353,0.011860668417863861,0.1459845469445095,0.00025875949416079866,0.16197170059439545
"('0013284000', 'Electrical and Computer Engineering')",0.0008019246190858059,0.0,0.1249582470438907,0.013221761996057853,0.13661512720253735
"('0029207000', 'Information Technology')",0.0032076984763432237,0.0027388508384502412,0.12715839564921821,6.0230557449637555e-05,0.13934309735232048
"('0013706000', 'School of Information')",0.0008019246190858059,0.0,0.11796424179358622,4.882389487128391e-05,0.1267324369770235
"('0038950000', 'Depts of Mechanical Engr & Engr Physics')",0.0002673082063619353,0.0,0.11941775465253615,0.0003009627976669491,0.12808351761486372
"('0026633000', 'Electrical and Computer Engineering')",0.0013365410318096765,0.0010689469343179423,0.10804332129963899,2.981387433627246e-06,0.11767538172439237
"('0026633000', 'ECE')",0.0008019246190858059,0.0,0.09921761039649914,5.701157318611042e-07,0.1066509762833863
"('0036327060', 'Aerospace Engineering Department')",0.0008019246190858059,0.0,0.10729342931711934,8.122391020377093e-06,0.11420649787671669
"('0036756000', 'Department of Geology & Geophysics')",0.0002673082063619353,0.0,0.09622408560111116,2.882990112375845e-06,0.10237932910573147
"('0038950000', 'Educational Policy Studies')",0.0013365410318096765,0.0,0.13559752075102396,0.0028894469054603863,0.14913555914605525
"('0037986000', 'Sociology')",0.0008019246190858059,0.0,0.12120524866353474,1.2193237233979375e-05,0.13501419571635173
"('0025189000', 'Computer Science and Electrical Engineer')",0.0002673082063619353,0.0,0.12494572659563809,0.010507033913542086,0.13630326762844844
"('4003554000', 'AOPE')",0.0013365410318096765,0.0060252957885754774,0.11241661157521486,2.1202745313071596e-05,0.12160413967621153
"('0035451000', 'Electrical and Computer Engineering')",0.0008019246190858059,0.0,0.1162126060078904,6.364851851171792e-05,0.12563249775559313
"('0036616000', 'Computer Science')",0.0010692328254477412,0.00013021183237945093,0.11630654438053785,2.7356544032250556e-06,0.12576414121770083
"('0017756000', 'Department of Computer Sciences')",0.0005346164127238706,0.0,0.0979473215688328,7.27483212407623e-06,0.10336832036015178
"('0015354000', 'Anthropology Department')",0.0002673082063619353,0.0,0.09005560771286199,3.0635356711296506e-06,0.09551219170757932
"('P270072020', 'Unknown Dept')",0.0010692328254477412,0.0,0.12122881493243462,1.400102664738935e-05,0.13525922823885017
"('0025650000', 'Unknown Dept')",0.0029403902699812884,0.006934575244401179,0.09482889733840304,2.363001682322685e-07,0.1022056181962227
"('0021550000', 'Department of Science Education')",0.0010692328254477412,0.0,0.1116816431322208,0.0024804110243602656,0.12016679193078979
"('0047415000', 'Bloustein School of Planning & Public Po')",0.0016038492381716118,0.008244456928357112,0.09709821428571429,3.909721506048389e-08,0.10524305308008935
"('7203588964', 'Department of Community and Behavioral H')",0.0005346164127238706,0.0,0.09268618998067489,1.184393011579264e-07,0.09822726951501493
"('0013128000', 'ElectricalEngineering & Computer Science')",0.0010692328254477412,0.0,0.11938345672708706,0.00029373430876432496,0.13148835403894577
"('0033290000', 'Department of Materials Science and Engi')",0.0010692328254477412,0.0,0.12911575895630564,6.728985284185704e-05,0.14096396263243882
"('7203576544', 'Dept. of Geological Sciences and Engr.')",0.0008019246190858059,0.0,0.10108625162127108,1.0503444229860038e-07,0.10785084547690531
"('0029728000', 'Friday Institute')",0.0005346164127238706,0.0,0.12221096991277645,0.0002718118931159097,0.13555747508410396
"('0020537000', 'College of Engineering')",0.0005346164127238706,0.0,0.07428219689448394,3.4853160764036793e-09,0.08069600997522701
"('0020776000', 'Economics')",0.0008019246190858059,0.0,0.11296313071836217,4.998741149252462e-06,0.12175392169703562
"('0015941000', 'Mathematics')",0.0010692328254477412,0.002667864550500524,0.0891839702481703,6.980030905344881e-09,0.0948623365093468
"('0021303000', 'Chemistry')",0.0005346164127238706,0.0,0.09117496527016158,3.8333071666624766e-08,0.09694258026332264
"('0031849000', 'CIWRO')",0.0002673082063619353,0.0,0.09200462359509112,6.354197927659392e-07,0.09823275294055153
"('0017749000', 'Mathematics')",0.0008019246190858059,0.0,0.12397269353128314,4.5809376668350605e-05,0.13461101088276362
"('0039321000', 'Dept. Molecular Biology')",0.0010692328254477412,0.0,0.11691721098853017,0.00022153539535565772,0.12891629537167001
"('0013284000', 'Industrial and Systems Engineering')",0.0005346164127238706,0.0005346164127238706,0.11175504107542943,4.942001964817754e-05,0.12176050575680164
"('0037218000', 'Department of Chemistry and Biochemistry')",0.0005346164127238706,0.0,0.10625124258002215,2.7157101881894324e-05,0.11333058633933576
"('0029504000', 'JLC-BBRI')",0.0010692328254477412,0.0,0.11282685405796665,1.1068159971141415e-05,0.1206737934726277
"('0026294000', 'Unknown Dept')",0.0029403902699812884,0.01888825657097379,0.10742899807598426,3.1611553827201803e-07,0.11806681511502351
"('0033290000', 'School of Engineering Design, Technology')",0.0010692328254477412,0.0,0.14101549247992762,0.00031598455822923725,0.1562070309929875
"('0010819000', 'School of Electrical, Computer and Energ')",0.0002673082063619353,0.0,0.13918446312969715,0.00010132079220261953,0.15170599095666373
"('0022335000', 'Unknown Dept')",0.0016038492381716118,0.005335729101001048,0.1210836354220611,0.0004935854007182377,0.13504946986891875
"('0022905000', 'Horticulture')",0.0013365410318096765,0.004268926350156597,0.13235918482875744,0.001459170802551542,0.15087224737915828
"('0026575000', 'Unknown Dept')",0.0021384656508954825,0.00650868831402785,0.10888927698218652,2.4630379323047615e-06,0.11834531797501673
"('0035659000', 'Unknown Dept')",0.0010692328254477412,0.0,0.13227026835908495,0.0002311903529814344,0.1441981916921788
"('0021550000', 'MC-Biology and Physics')",0.0005346164127238706,0.0,0.09503607356975917,8.024561591423022e-07,0.0997770384206174
"('0026294000', 'Marine and Coastal Sciences')",0.0002673082063619353,0.0,0.09701008738946659,3.268522542967949e-08,0.10361247302128158
"('0038661000', 'STEM')",0.0005346164127238706,0.0,0.10057803468208093,1.3006955581743084e-06,0.1062110995194658
"('0034256000', 'Environmental Engineering & Science')",0.0002673082063619353,0.0,0.11175170271239096,4.999103753410817e-05,0.12164912733748419
"('0080010000', 'Biological Science')",0.0005346164127238706,0.0,0.09471845250151914,6.855881429492005e-08,0.09920339675370794
"('0013201000', 'Chicano Studies')",0.0008019246190858059,0.0,0.08420365535248042,8.728873023343508e-09,0.08857945894956581
"('0021030000', 'Physics')",0.002673082063619353,0.011271726243740987,0.14875934467949736,0.0023587227273655334,0.16638662685822947
"('0026575000', 'Klipsch School of Electrical and Compute')",0.0002673082063619353,0.0,0.09819928601427971,2.5251644269472673e-07,0.10433649734724432
"('0018259000', 'Dept. of Physics and Astronomy')",0.0008019246190858059,0.0,0.13918446312969715,0.0036502223731803194,0.1548051509659368
"('0013284000', 'Unknown Dept')",0.0048115477145148355,0.023071124279675382,0.13537670985018455,0.0002021031046971213,0.15202875063186905
"('0013177010', 'Shipboard Technical  (STS)')",0.0008019246190858059,0.0,0.1267018898597846,1.317988982823824e-05,0.1404849449320894
"('0013144000', 'Ecology and Evolutionary Biology')",0.0005346164127238706,0.0,0.1285743744844652,1.0501972741903477e-05,0.14034008251778027
"('0026633000', 'Unknown Dept')",0.005346164127238706,0.011532559170105993,0.11013630877027704,4.387282500614535e-06,0.12234102512771218
"('0022905000', 'Mathematics')",0.003475006682705159,0.02770799743549683,0.14929363875808124,0.003202175210208164,0.17200908109087673
"('0025320000', 'Gianforte School of Computing')",0.0016038492381716118,0.0026704375706687136,0.12399323854032017,4.739304774458427e-05,0.1351010759277605
"('0029058000', 'Industrial & Systems Engineering')",0.0002673082063619353,0.0,0.08513107591480065,2.6725671354503665e-06,0.08964660212282875
"('0010637000', 'Geography / INE')",0.0008019246190858059,0.0,0.11311341577722009,3.2303205740835303e-06,0.1242565156645937
"('0035303000', 'Electrical Engineering and Computer Scie')",0.0013365410318096765,0.0005340446304642728,0.12531823663406136,0.010638241934048947,0.13799558315396349
"('5300002935', 'Chemical Engineering')",0.0002673082063619353,0.0,0.09750821039462024,3.024767058017829e-07,0.1036449982379017
"('0037549000', 'Statistics')",0.0005346164127238706,0.0,0.1352299016772701,0.0002067556873271849,0.14760713832486158
"('0013706000', 'Academic Affairs/ATLAS')",0.0008019246190858059,0.0,0.09547995201755953,6.748432161566536e-07,0.10010782683727021
"('0021030000', 'UMIACS')",0.0005346164127238706,0.0,0.11453677055905946,2.320158487513852e-06,0.12306886417622101
"('6250002355', 'Unknown Dept')",0.0008019246190858059,0.0,0.1330559112249253,0.0007727945626137536,0.14693431768057988
"('6250043463', 'Unknown Dept')",0.0013365410318096765,0.0,0.09009464634058233,4.2339612883892114e-06,0.09637648824148286
"('0035691000', 'Mechanical Engineeering')",0.0002673082063619353,0.0,0.11373240507098775,3.833235435809449e-05,0.12142010380653052
"('0017749000', 'Computation Institute')",0.0013365410318096765,0.001602991564782215,0.11731318009344915,6.674862322619537e-05,0.1266225223580464
"('0035451000', 'Dept. Electrical & Computer  Engineering')",0.0008019246190858059,0.0,0.1162126060078904,6.364851851171792e-05,0.12563249775559313
"('0013128000', 'Environmental Science, Policy and Mgmt.')",0.0010692328254477412,0.0,0.0837643581648418,5.167795544192581e-06,0.08869200268394135
"('0080010000', 'Electrical and Computer Engineering')",0.0002673082063619353,0.0,0.08128014600443227,4.658762321855528e-10,0.08504870327728063
"('0026575000', 'MICS')",0.0010692328254477412,0.0,0.0982947528836806,3.7275457595517526e-07,0.10535948161000401
"('0027854000', 'Department of Chemistry')",0.0005346164127238706,0.0,0.11209660504000239,7.35557378896412e-05,0.12057307093393616
"('7203588379', 'Unknown Dept')",0.0010692328254477412,0.0,0.11965073882172328,4.095599015841273e-05,0.1283792523532611
"('0027110000', 'City and Regional Planning (AAP)')",0.0010692328254477412,0.0,0.08393914916532041,1.2186599245610634e-07,0.08894988231277576
"('0035352000', 'Civil and Environmental Engineering')",0.0010692328254477412,0.0,0.08893590718904526,2.3187792702484086e-06,0.09420453000195961
"('0023259000', 'Economics')",0.0013365410318096765,0.0,0.14276991184215548,0.0003149716890471403,0.15991854884066237
"('0013706000', 'School of Education')",0.0008019246190858059,0.002136750304116689,0.12224291736104304,0.00027494390542734853,0.13593616170978337
"('0021782000', 'Lab for Information and Decision Systems')",0.0010692328254477412,0.006656256255670825,0.11608999224204809,4.547784757364976e-06,0.1258624274202832
"('0036327000', 'Department of Mathematics')",0.0016038492381716118,0.02206283471752647,0.13932441994711556,0.0008792996384761272,0.15570752349020203
"('0015354000', 'Large Animal Clinical Sciences')",0.0008019246190858059,0.0,0.13062150837988826,0.00020148138067158179,0.14399037984289711
"('0010827000', 'The Pathogen and Microbiome Institute')",0.0002673082063619353,0.0,0.09111944660950896,4.188864635711806e-07,0.09503588528343783
"('0013177000', 'Herbert Wertheim School of Public Health')",0.0008019246190858059,0.0,0.12603173533672474,0.0004565125428671918,0.13702127414684692
"('0011080000', 'Electrical Engineering')",0.0018711574445335472,0.0,0.09758706143211164,1.4537742954426338e-05,0.10441310100715447
"('0026633000', 'Anthropology')",0.0010692328254477412,0.0010690898798828418,0.09922550527823458,5.155308840036621e-07,0.10687373312202121
"('0035097000', 'Civil Engineering')",0.0005346164127238706,0.002136750304116689,0.1076298981529432,1.1799512009960749e-05,0.11625986287986093
"('0500330000', 'Unknown Dept')",0.0005346164127238706,0.0,0.07701175453403875,5.145318210873432e-10,0.08094952114538383
"('4004842000', 'MGH Institute for Technology Assessment')",0.0008019246190858059,0.0,0.13908097256301583,0.00097904386130369,0.15398438844709902
"('0034140000', 'Mechanical Engineering')",0.0002673082063619353,0.0,0.1252804661598741,0.010387915551860208,0.13700569419294387
"('0016105000', 'Biology')",0.0005346164127238706,0.0,0.1356122670920032,0.0019084340370423905,0.1489350779912838
"('0039321000', 'Molecular Biology')",0.0005346164127238706,0.0,0.1069345986736794,4.125970648310574e-07,0.11552939832386269
"('0019893001', 'Mechanical Enginnering')",0.0002673082063619353,0.0,0.09504331698889763,4.830622403927475e-08,0.1015887089686485
"('0117119000', 'Biology')",0.0016038492381716118,0.0,0.09111500803741049,1.2132613255025406e-07,0.09730453925289165
"('4035523000', 'Unknown Dept')",0.0010692328254477412,0.0,0.09086934343802376,1.026720331315439e-06,0.09627971655248724
"('0036582000', 'CAEE')",0.0005346164127238706,0.0,0.13734992840621213,0.00017015111048175998,0.15083370808110202
"('0001479000', 'Civil and Environmental Engineering')",0.0016038492381716118,0.0016029915647822151,0.12605721602587863,0.0003399658280269813,0.13802027667304395
"('0013201000', 'Ecology, Evolution, and Marine Biology')",0.0002673082063619353,0.0,0.10987106816646598,1.7092143671677335e-06,0.1203904427728589
"('0037986000', 'Statistics')",0.0008019246190858059,0.0,0.12120524866353474,1.2193237233979375e-05,0.13501419571635173
"('0031849000', 'Chemical Engineering & Materials Science')",0.0010692328254477412,0.0,0.1008709251220104,1.1038990800795192e-05,0.10959899385464271
"('0010819000', 'Computer Science & Engineering')",0.0018711574445335472,0.002136750304116689,0.11705989110707804,0.0002184647413471316,0.1303196634550702
"('0036392000', 'Electrical Engineering and Computer Sci')",0.0008019246190858059,0.0,0.11125319693094629,0.0013328752503172418,0.11947041088156189
"('0026211000', 'Department of Chemistry & Environmental')",0.0008019246190858059,0.0,0.1002277294038848,1.1904756185223594e-06,0.10583323342415572
"('0027854000', 'Psychology')",0.0005346164127238706,0.0,0.11209660504000239,7.35557378896412e-05,0.12057307093393617
"('0019489001', 'Geography and Atmospheric Science')",0.0002673082063619353,0.0,0.11498386353158137,3.868311052851043e-05,0.12361625267894352
"('0036046000', 'Electrical and Computer Engineering')",0.002673082063619353,0.039186844159203774,0.1616820814244965,0.0009888754844184391,0.18314805980202928
"('0032896000', 'Biological Sciences')",0.0010692328254477412,0.0,0.10905433768656717,4.359693965096959e-06,0.11595605821394694
"('0020537000', 'Climate Change Institute')",0.0013365410318096765,0.0042699269691108925,0.06822036216423218,3.3177180336452327e-10,0.07347646831673257
"('0013284000', 'Mathematics')",0.0002673082063619353,0.0,0.12063461352423334,3.827248533238535e-05,0.12875758748382535
"('0037549000', 'Entomology')",0.0010692328254477412,0.0,0.1390137861840883,0.0009816182998255952,0.1541031438786051
"('0013508000', 'Department of Chemistry')",0.0010692328254477412,0.0010690898798828418,0.13042114070561986,8.920590668657094e-05,0.14272148723702505
"('0021030000', 'ECE')",0.0008019246190858059,5.431931466178363e-06,0.11481447380535863,2.5482852027119766e-06,0.12389295840448526
"('0021030000', 'Computer Science')",0.0018711574445335472,0.008405907694413916,0.12934342910486463,1.9999932051989228e-05,0.14252884314679792
"('0080010000', 'Unknown Dept')",0.0010692328254477412,0.00852355814382325,0.10468435191403627,1.9554821313247226e-06,0.11276207444410402
"('0023259000', 'Sociology')",0.0013365410318096765,0.0,0.14276991184215548,0.0003149716890471403,0.15991854884066237
"('0033886000', 'Chemical and Biological Engineering')",0.0010692328254477412,0.0,0.1369627297356667,0.002526180711433816,0.15800862648296463
"('0038950000', 'La Follette School of Public Affairs')",0.0010692328254477412,0.0,0.12575212612188644,0.0003228499899165455,0.13610288397424652
"('4005518000', 'Board on Chemical Sciences and Technolog')",0.0002673082063619353,0.0,0.12156760796802392,6.356968361455703e-05,0.1306409598363232
"('0010819000', 'Computer Science')",0.0005346164127238706,0.0,0.1426991150442478,0.0752422191115803,0.16062768723153667
"('4201646000', 'Department of Computing and Software')",0.0005346164127238706,0.0,0.09215420618302747,2.8912529377378984e-08,0.09658469707221237
"('0031849000', 'Psychology')",0.0013365410318096765,0.0,0.09201367538185307,1.1028564583821947e-06,0.0987673693532754
"('0015354000', 'Biomedical Engineering')",0.0005346164127238706,0.0,0.11167164179104477,0.0002024195948379115,0.11981767455079813
"('0036616000', 'Mathematics')",0.0013365410318096765,0.0,0.12458787091617544,1.6802504741676084e-05,0.13429941256371844
"('0015370000', 'Social Work')",0.0002673082063619353,0.0,0.09881924082732388,1.1870427486805244e-07,0.10483820613456653
"('0013151000', 'Statistics')",0.0002673082063619353,0.0,0.11738680222159466,1.4680958793124575e-06,0.12552903743407967
"('0036566000', 'Curriculum and Instruction')",0.0005346164127238706,0.0,0.1301489006401336,0.0033902108953069213,0.1414906453263228
"('0018093000', 'School of Public and Environmental Affai')",0.0010692328254477412,0.0,0.14352580088240935,0.000859432223320738,0.16038475019676987
"('6250029362', 'EUV Research')",0.0010692328254477412,0.0,0.11889023072522723,2.2117843564256857e-05,0.1283185047471043
"('7203588786', 'Unknown Dept')",0.0010692328254477412,0.0,0.142612076852699,0.015010219199018576,0.16193691625728499
"('0026294000', 'SMLR/EERC')",0.0010692328254477412,0.0,0.12122881493243462,1.400102664738935e-05,0.13525922823885017
"('0018408000', 'Center for Social Concerns')",0.0008019246190858059,0.0,0.13124013330994563,0.0003542256931633477,0.14312280426601967
"('0036582000', 'Department of Computer Science')",0.0010692328254477412,0.0,0.11736838802785969,4.0382536283671104e-05,0.1264271576986798
"('0036707000', 'Electrical and Computer Engr')",0.0013365410318096765,0.0,0.11503690036900369,4.236568504600296e-06,0.12305497742475323
"('0021030000', 'National Socio-Environmental Synthesis C')",0.0010692328254477412,0.0,0.11699765441751368,0.00023109280576076466,0.1293172576812129
"('0010819000', 'Law')",0.0010692328254477412,0.0,0.14271000228885328,0.09513055429261356,0.1608949954378986
"('0026310000', 'Unknown Dept')",0.0008019246190858059,0.0,0.10671192629146818,3.9613157910738916e-05,0.11526871046942058
"('0027078000', 'Lamont Doherty Earth Observatory')",0.0024057738572574178,0.017750438435257216,0.11657110806431509,2.1801911453146053e-06,0.12890107675238968
"('0035691000', 'Computer Science')",0.0016038492381716118,0.00597231087989018,0.14397875534003002,0.015298142996069809,0.16135517004602803
"('7203589240', 'Unknown Dept')",0.0010692328254477412,0.0,0.12436835106382979,0.0003284359333018198,0.13493269257102486
"('0013151000', 'Earth, Planetary, and Space Sciences, UC')",0.0002673082063619353,0.0,0.10151141019727024,5.907394162264793e-07,0.10762797072494362
"('0013284000', 'Civil and Environmental Engineering')",0.0016038492381716118,0.003865974526589585,0.12967970049916805,0.010592594696430329,0.14269313247861828
"('0013136000', 'Civil & Environmental Engineering')",0.0010692328254477412,0.0,0.13945945945945945,0.0032274715623403123,0.1544335853943626
"('0010819000', 'Mary Lou Fulton Teachers College')",0.0016038492381716118,0.003736311175341318,0.14282441873783072,0.0927302006089847,0.1616835546466662
"('0038273001', 'Mechanical & Aerospace Engineering')",0.0008019246190858059,0.0,0.08802974327599596,8.735096882271745e-07,0.09333533499426266
"('0035691000', 'Office of Diversity, Equity, and Inclusi')",0.0008019246190858059,0.0,0.12598080484930124,0.00035555679986318635,0.13649545154804898
"('0016105000', 'Assessment')",0.0005346164127238706,0.0,0.11133265877031129,5.665471973169938e-06,0.11985958359580057
"('0030908000', 'Evolution, Ecology, and Organismal Biol')",0.0010692328254477412,0.0,0.11361841705642957,0.0003158148121870518,0.12383681932186515
"('0037986000', 'Astronomy')",0.0002673082063619353,0.0,0.07732374279159174,7.89923084852214e-10,0.0802654488738673
"('0037457000', 'Department of Computer Science')",0.0013365410318096765,0.01354480700204555,0.11752324704699674,2.8047515526722823e-06,0.12938548334368197
"('0037549000', 'Aerospace and Ocean Engineering')",0.0005346164127238706,0.0015783421737047315,0.12873365450791466,2.3373908953673747e-05,0.13909300880679387
"('0001057000', 'Chemistry and Chemical Engineering')",0.0002673082063619353,0.0,0.10009096746575342,3.0083870019621924e-07,0.10599542491659293
"('0020537000', 'School of Computing and Information Scie')",0.0018711574445335472,0.002638227163733645,0.07890074661492386,2.3230574037056088e-08,0.08684605557087074
"('0021303000', 'Mathematics & Statistics  Department')",0.0010692328254477412,0.0,0.1003056628056628,4.675709049735228e-07,0.10847360987139057
"('0013219000', 'Electrical & Computer Engineering')",0.0010692328254477412,0.0,0.11938345672708706,0.00029373430876432496,0.13148835403894577
"('0037549000', 'Fish and Wildlife Conservation')",0.0021384656508954825,0.004268926350156597,0.12528885763086506,5.876566891950241e-05,0.13660458204363646
"('0033787000', 'Electrical and Systems Engineering')",0.0024057738572574178,0.00994102481657481,0.13353083952027414,0.00029473861323990846,0.14859327605565698
"('0020776000', 'International Health')",0.0008019246190858059,0.0,0.11296313071836217,4.998741149252462e-06,0.12175392169703562
"('0038273001', 'Physics and Astronomy')",0.0008019246190858059,0.0,0.08802974327599596,8.735096882271745e-07,0.09333533499426266
"('0022210000', 'Physics')",0.0010692328254477412,0.0,0.10427002619989965,7.092996360884814e-06,0.11160992810303984
"('0013136000', 'Internal Medicine: Infectious Diseases')",0.0010692328254477412,0.0,0.1291246720971973,1.8793135808253154e-05,0.14122708608120765
"('0028944000', 'Opthalmology and Biomedical Genetics')",0.0008019246190858059,0.0,0.12562544074683502,4.2124085464015685e-05,0.13710740011509015
"('0036426000', 'Physics')",0.0016038492381716118,0.0010689469343179423,0.11139232968080039,2.7757046029295076e-06,0.12002708505184297
"('0021550000', 'Science Education')",0.0010692328254477412,0.0,0.1116816431322208,0.0024804110243602656,0.12016679193078979
"('0010819000', 'School of Criminology & Criminal Justice')",0.0010692328254477412,0.0,0.14271000228885328,0.09513055429261356,0.1608949954378986
"('0014696000', 'Biological Sciences')",0.0008019246190858059,0.0,0.14274812073110238,0.08900440747736525,0.16094400194239825
"('0036756000', 'Kahlert School of Computing')",0.0002673082063619353,0.0,0.1194291916741157,5.418341476596283e-06,0.128490031265392
"('0015644000', 'Biology')",0.0002673082063619353,0.0,0.12182889894812257,6.439860554929432e-05,0.1315396319859979
"('0023259000', 'Department of Physics')",0.0024057738572574178,0.038215648100781936,0.15617433414043583,0.0005897788331493328,0.17868212079967388
"('0018408000', 'Aerospace and Mechanical Engineering')",0.0016038492381716118,0.0058207976888684995,0.12934790125164236,0.0003414802941440103,0.14202490605505025
"('0010512000', 'Department of Mathematics')",0.0002673082063619353,0.0,0.07717061699362585,2.6633108828201094e-07,0.08043080443901214
"('0036525000', 'Department of Mathematics')",0.0013365410318096765,0.005342417470428968,0.12010787555783864,1.1388219468467624e-05,0.1288736219971183
"('0013219000', 'physics')",0.0002673082063619353,0.0,0.09579289683250966,5.5252375668567e-07,0.10172535402359265
"('0013508000', 'Biochemistry & Molecular Biology')",0.0002673082063619353,0.0,0.11537749814951888,9.14308036356363e-06,0.12342060161402452
"('0015693000', 'School of Industrial and Systems Eng.')",0.0010692328254477412,0.0,0.10152518454190186,3.6445229832515354e-07,0.1098032440607548
"('0029751000', 'Department of Mathematics and Statistics')",0.0002673082063619353,0.0,0.089619816496179,1.62373184875659e-07,0.09396676448988864
"('0096354000', 'Dept. of Physics')",0.0010692328254477412,0.0,0.11264679313459801,0.000433124537092855,0.12119242843156673
"('0014175000', 'Institute for Student Success')",0.0010692328254477412,0.0,0.11623065929286025,1.9617207120594613e-05,0.12469951485235202
"('0018697000', 'Chemical & Biological Engineering')",0.0016038492381716118,0.005333513444745106,0.10090085230337685,1.200318297952595e-05,0.1102449886866841
"('0035303000', 'Industrial and Systems Engineering')",0.0010692328254477412,0.0,0.11152183633924578,0.0016462425055426013,0.12051683764972075
"('0023887000', 'Earth & Environmental Sciences')",0.0008019246190858059,0.0,0.10907023528382752,3.2644079132686855e-06,0.11733716451556152
"('4100749000', 'SCBI')",0.0002673082063619353,0.0,0.09328944415351238,4.864950633765706e-09,0.09834539147701704
"('0027110000', 'Biological and Environmental Eng.')",0.0010692328254477412,0.0,0.13945945945945945,0.0032274715623403123,0.1544335853943626
"('0036442000', 'Electrical & Computer Engineering')",0.0016038492381716118,0.0021371791408113876,0.1309873949579832,0.00013289967581124818,0.14361827774547806
"('0033787000', 'Department of Political Science')",0.0008019246190858059,0.0,0.12663755458515283,0.002180239759590878,0.1403087375137947
"('0014316000', 'Unknown Dept')",0.0045442395081529,0.020958823687648342,0.11927687794924118,2.104456042106431e-05,0.13289679186832362
"('0029975000', 'Computer Science')",0.0010692328254477412,0.0,0.11665835100411626,4.0040058975786714e-05,0.12587951633589992
"('0036566000', 'Civil Engineering')",0.0018711574445335472,0.000989762521575097,0.14137787687540154,0.016126238743909567,0.15753356692610943
"('0010835000', 'Systems & Industrial Engineering')",0.0010692328254477412,0.0,0.1290578535205437,0.0024074900519933545,0.14140002787403694
"('P270065059', 'Unknown Dept')",0.0018711574445335472,0.0,0.09922813718469006,1.2026629159130115e-06,0.10718559269611012
"('0024232000', 'Kinesiology')",0.0010692328254477412,0.0002672367335794856,0.1330606437844567,0.0007906990342256764,0.14706797178376083
"('0013177000', 'ANTHROPOLOGY')",0.0005346164127238706,0.0,0.13730959809139293,0.0001356560510633236,0.15246944443887137
"('0026294000', 'Educ. & Employment Research Center')",0.0010692328254477412,0.0,0.12122881493243462,1.400102664738935e-05,0.13525922823885017
"('0021998000', 'Electrical and Computer Engineering -ECE')",0.0002673082063619353,0.0,0.13716862831371687,0.00037055664716239656,0.149547401528628
"('0022905000', 'Physics and Astronomy')",0.0013365410318096765,0.014718550978745581,0.14788899430740038,0.001563480567872488,0.16725845325484429
"('0015354000', 'Dept. of Physics')",0.0002673082063619353,0.0,0.10892415198718881,5.9528494167220256e-05,0.11584377333822976
"('0023259000', 'Statistics')",0.0008019246190858059,0.0031969116291222146,0.14553588795954095,0.00019700351312901582,0.16304959389231682
"('5300004339', 'Unknown Dept')",0.0032076984763432237,0.054312875615963756,0.14182273106376525,0.0024179421807216414,0.15856436548096556
"('0019893001', 'Educational Leadership Studies')",0.0008019246190858059,0.0,0.10881642863375898,3.4462698615163335e-05,0.1156245758485241
"('0035303000', 'Unknown Dept')",0.002673082063619353,0.009761834822781952,0.12550322061191627,0.011173572529078076,0.13928789104210126
"('0014456000', 'Unknown Dept')",0.0013365410318096765,0.002670794934580962,0.12322134387351778,2.7968435904732974e-06,0.13558848168781987
"('0038000000', 'College of Medicine')",0.0005346164127238706,0.0,0.1007975427062564,1.9030051120568237e-05,0.10910256432854201
"('0027078000', 'Civil Engineering & Engineering Mechanic')",0.0010692328254477412,0.0,0.11849857459613557,1.9047469491776327e-06,0.12953601383762542
"('0016949000', 'Geography Program')",0.0010692328254477412,0.0,0.09111722726940595,7.407890898067734e-08,0.09637299586637282
"('7203582548', 'Unknown Dept')",0.0005346164127238706,0.0,0.1436967043097488,0.0002556985100911606,0.16107879374589515
"('0029728000', 'Department of Computer Science')",0.002673082063619353,0.01073945171240788,0.13206015249929398,0.00013962454941577232,0.14516299695730409
"('0036046000', 'Mathematics')",0.0008019246190858059,0.0,0.09095329556781989,1.1487413118624754e-07,0.0967091924695114
"('0025684000', 'Nevada Seismological Laboratory')",0.0013365410318096765,0.0010689469343179423,0.12304302065517696,0.0009183462168616867,0.13639448673058766
"('0038950000', 'Computer Sciences')",0.0029403902699812884,0.05302029111228827,0.16782557983042484,0.015663736555203683,0.19389195073838195
"('6250004721', 'Department of Undergraduate Education')",0.0010692328254477412,0.0,0.11616930099680153,7.087141717207506e-05,0.12424616436774992
"('0014316000', 'Materials Science and Engineering')",0.0010692328254477412,0.0005346164127238706,0.10804020100502512,2.9459739997824095e-06,0.11754172762121143
"('0022905000', 'Biochemistry and Molecular Biology')",0.0008019246190858059,0.0016029915647822151,0.12136253041362531,0.00018248054059110072,0.1333737274548158
"('0023879000', 'Educational Psychology')",0.0024057738572574178,0.005335586155436148,0.10910204438741287,3.5456404176017737e-06,0.11827274323782823
"('0021030000', 'Department of Electrical and Computer En')",0.0002673082063619353,0.0,0.0646884888727499,9.557991910612114e-13,0.06757475678465283
"('4025938000', 'School for the Future of Innovation in S')",0.0005346164127238706,0.0,0.1426936720448564,0.07337524378374316,0.16058313586380968
"('0036582000', 'Aerospace Engineering and Engineering Me')",0.0010692328254477412,0.0,0.11736838802785969,4.0382536283671104e-05,0.1264271576986798
"('0010819000', 'School of Molecular Sciences')",0.0024057738572574178,0.0037371688487307145,0.14277536065949165,0.09313606824988054,0.16185284984402878
"('0018408000', 'Department of Physics')",0.0005346164127238706,0.0,0.11943681757231339,6.904880695658819e-05,0.12887938321849707
"('0021998000', 'Mechanical & Industrial Engineering')",0.0010692328254477412,0.0,0.11623065929286025,1.9617207120594613e-05,0.12469951485235202
"('0032102000', 'Biological and Population Health Science')",0.0010692328254477412,0.0,0.1211973952765089,3.096653531062579e-06,0.1329389698640607
"('7203586663', 'Unknown Dept')",0.0005346164127238706,0.0,0.09633062958671301,2.827339502782451e-07,0.10152744379110384
"('7203578997', 'Unknown Dept')",0.0010692328254477412,0.0,0.1222908698636854,0.00036277912355363957,0.13647523325927993
"('0036756000', 'Psychology')",0.0008019246190858059,0.0010689469343179423,0.11128629224178962,1.6130260491007505e-06,0.11944559870392985
"('0038950000', 'Nelson Institute Environmental Studies')",0.0010692328254477412,0.0,0.12256732848437193,0.0006586571338774395,0.13240421325472576
"('0017756000', 'Electrical & Computer Engr')",0.0002673082063619353,0.0,0.09793706476778889,3.136561133931405e-06,0.10310101215378989
"('0022210000', 'College of Info. and Computer Sciences')",0.0005346164127238706,0.0,0.11855866134246054,0.00021186502336313255,0.12792761230659247
"('0022210000', 'ECE')",0.0005346164127238706,0.0,0.08841463414634146,3.5825557759532173e-07,0.09266184347680127
"('0022210000', 'Electrical and Computer Engineering')",0.0016038492381716118,0.0021374650319411865,0.0969849376506883,3.1475360772228724e-06,0.10303004858218963
"('0015693000', 'Earth and Atmospheric Sciences')",0.0029403902699812884,0.015582402404711778,0.12150837988826815,5.219045382879053e-06,0.13530245853822398
"('4000840000', 'Project Development')",0.0005346164127238706,0.0,0.11760082990160636,1.2308239219614378e-05,0.12622981853652557
"('7203587997', 'Unknown Dept')",0.0005346164127238706,0.0,0.12490818030050084,0.00010085588908320526,0.13488643139806
"('5300008543', 'Constellations')",0.0013365410318096765,0.005865771255648136,0.09787556904400607,5.855535854302301e-08,0.10500847268383348
"('0017582000', 'Department of Geography')",0.0010692328254477412,0.0,0.09103961841721016,5.901090981805588e-08,0.09646824643584505
"('0026294000', 'BSPPP-Rutgers Ctr Green Bldg')",0.0010692328254477412,0.0,0.08854437869822485,6.03091990983669e-09,0.09476412450553327
"('0010819000', 'Chemical  Engineering')",0.0013365410318096765,0.0,0.12496242108427698,0.01611974186642035,0.1368378840411723
"('0080010000', 'Dept of Mathematics, Statistics and CS')",0.0013365410318096765,0.0005346164127238706,0.13220015548802036,3.5516047002020064e-05,0.14452464057162479
"('0014894000', 'GFDI')",0.0002673082063619353,0.0,0.10987106816646598,1.7092143671677335e-06,0.1203904427728589
"('0013706000', 'Communication')",0.0002673082063619353,0.0,0.09824828636709824,3.0977132701072717e-06,0.10464306697433265
"('0030908000', 'Byrd Polar and Climate Research Center')",0.0013365410318096765,0.001603277455912014,0.060050081864586345,4.160991291735851e-12,0.06376500120838191
"('0036525000', 'Department of Earth and Atmospheric Sci')",0.0002673082063619353,0.0,0.10404672507300793,7.700885546740198e-08,0.11152937282294674
"('0027110000', 'Communication')",0.0024057738572574178,0.03456724988704648,0.1417474992421946,0.00017121140467207905,0.15803598262499668
"('0020255000', 'Department of Mechanical Engineering')",0.0021384656508954825,0.0008012813640437584,0.08696359663396717,1.721770956751535e-07,0.09310933124118684
"('7203582078', 'ECE Department')",0.0010692328254477412,0.0,0.11063792032650165,5.120946060560299e-05,0.11802874276811638
"('4003451000', 'Marketing')",0.0005346164127238706,0.0,0.0813844714686623,1.4619510396846472e-08,0.08502041692004021
"('0026211000', 'Biological Sciences')",0.0010692328254477412,0.0,0.10767946577629382,3.673738036776419e-07,0.11568903219440248
"('0010637000', 'Alaska Center for Energy and Power')",0.0013365410318096765,0.0006175063275741224,0.10505180983404004,8.698938181955068e-07,0.11486702909045203
"('0010819000', 'School Biological & Health Systems Eng')",0.0010692328254477412,0.0,0.14274267399267399,0.09600318057724772,0.16114002796039706
"('0010819000', 'School for the Future of Innovation in S')",0.002673082063619353,0.004891635519849112,0.14369118494334548,0.13733846838693156,0.16344903277541634
"('0021055000', 'Office of the Provost')",0.0018711574445335472,1.9059408653257418e-07,0.09556287838148517,2.591953247216738e-07,0.10175892936328919
"('0036327040', 'Veterinary Integrative Biosciences')",0.0002673082063619353,0.0,0.11838607594936709,1.6780012587182538e-06,0.12863850763680312
"('5300001252', 'Unknown Dept')",0.0010692328254477412,0.0,0.09192775525248802,8.407246997358579e-08,0.097652276958089
"('0018259000', 'Mechanical Engineering')",0.0021384656508954825,0.0026710808257107608,0.1392,0.0038658831852715343,0.15542887011411463
"('0013144000', 'Anatomy and Neurobiology')",0.0005346164127238706,0.0,0.12662898148461565,0.0019223507046177942,0.14013053204288672
"('0013284000', 'Physics and Astronomy')",0.0008019246190858059,0.0036930201024590837,0.12723624243248757,0.0012263431069205579,0.13881655295696177
"('0022210000', 'College of Info & Computer Sciences')",0.0005346164127238706,0.0,0.09697488140601913,3.0214601125692607e-06,0.10249543216946579
"('0013144000', 'Dept. of Electrical Eng. & Computer Sci.')",0.0008019246190858059,0.0,0.11395412592524902,1.2717357618343106e-06,0.12200856697577592
"('0038158001', 'Mechanical and Industrial Engineering')",0.0008019246190858059,0.0,0.10479285134037368,6.645862931687369e-06,0.11104361429671465
"('0025650000', 'Political Sceince')",0.0005346164127238706,0.0,0.12377171215880893,8.516605845036276e-05,0.13328300868397153
"('0033787000', 'Computer & Information Science')",0.0024057738572574178,0.03153541803450966,0.13536691272253581,0.001956322489838549,0.15321292984331325
"('0038661000', 'Liberal Arts & Sciences')",0.0005346164127238706,0.0,0.10057803468208093,1.3006955581743084e-06,0.1062110995194658
"('P270046760', 'Unknown Dept')",0.0002673082063619353,0.0,0.10081112398609501,8.585900074622024e-06,0.10661942484610874
"('0013177000', 'Mechanical and Aerospace Engineering')",0.0013365410318096765,0.0047187958660270205,0.14169917806143706,0.00016564943885701879,0.15784850002619732
"('0027854000', 'Computer Science and Engineering')",0.0002673082063619353,0.0,0.08373061169677029,3.926118924715541e-06,0.08796136025321871
"('0010819000', 'Comput., Informatics, and Dec. Sys. Eng.')",0.0013365410318096765,0.006866701077763344,0.13902411832472408,0.00015184233699192562,0.15551505352675282
"('0017749000', 'Globus')",0.0010692328254477412,0.0,0.11730214473849242,6.609570933904093e-05,0.12639976551941146
"('0001065000', 'Mathematics-Physics')",0.0005346164127238706,0.0,0.08802560060236711,7.623709258742697e-07,0.0931571295233547
"('0025734000', 'Computer Science')",0.0005346164127238706,0.0,0.09656934871834585,2.6792637733151148e-08,0.10140403176727339
"('0010637000', 'Institute of Arctic Biology')",0.0010692328254477412,0.001603277455912014,0.1016852405544985,3.8708374660992013e-07,0.11010413104013474
"('0036442000', 'STEM CORE')",0.0008019246190858059,0.0,0.108984443279147,5.165022007772168e-05,0.11856996085733129
"('0021782000', 'Comparative Media Studies/Writing')",0.0002673082063619353,0.0,0.12220697765582125,0.00024350134986896138,0.13542382098092298
"('0031849000', 'School of Civil Engineering and Environm')",0.0008019246190858059,0.0,0.0920091492658452,8.515054035223944e-07,0.09850006114691345
"('0021055000', 'Information Systems')",0.002673082063619353,0.004271356424759887,0.09121053273192735,7.489816541905693e-08,0.09867608493077251
"('0036210000', 'Natural Sciences')",0.0008019246190858059,0.0,0.11363912515188335,6.901027897395827e-07,0.1245676688840272
"('0014316000', 'IT-Network & Systems Services')",0.0008019246190858059,0.0,0.1065751239245627,2.7128898967211987e-06,0.11490542820912061
"('0025684000', 'Department of Civil and Environmental En')",0.0008019246190858059,0.0,0.11803123521060103,3.412570644511592e-05,0.12668271471929649
"('0036616000', 'Chemistry, & Biomedical Engineering')",0.0010692328254477412,0.0,0.08951473966309341,5.854404697491164e-08,0.09490194887861247
"('4002127000', 'Terrestrial Magnetism')",0.0002673082063619353,0.0,0.1105431121092134,4.764122773787847e-07,0.11932742334517622
"('0034256000', 'Psychology')",0.0008019246190858059,0.0,0.11179511699488988,0.00010935926712324743,0.12220156429729889
"('0018408000', 'Office of Information Technology')",0.0010692328254477412,0.0,0.12945980551614356,0.0002061903169762632,0.14145068506405797
"('0022905000', 'Chemical Engineering and Materials Scien')",0.0005346164127238706,4.303322668594677e-05,0.1316743514835803,0.0023611436429212163,0.1476448835463411
"('4003838000', 'Regents Information Systems')",0.0013365410318096765,0.0,0.09866807332190426,5.458761602234731e-07,0.1049725569010231
"('0010819000', 'ASU Research Computing')",0.0013365410318096765,0.0005346164127238706,0.09867067573983225,4.697147250262477e-07,0.10501710826875009
"('0031849000', 'Homer L Dodge Physics and Astronomy')",0.0008019246190858059,0.0,0.0846590780510987,1.2830635610060716e-07,0.0913889604496274
"('0037549000', 'Bradley Department of Electrical')",0.0010692328254477412,0.0,0.14528719561924736,0.0012617105736018393,0.16173931729264537
"('0036442000', 'Chemical Engineering')",0.0013365410318096765,0.0,0.13501515807708964,0.00045672795885775636,0.14825704600811962
"('0033290000', 'Dept. of Biobehavioral Health')",0.0010692328254477412,0.0,0.1475739644970414,0.0004143006289279768,0.16389154479217694
"('0018259000', 'Agronomy')",0.0010692328254477412,0.02981108402346927,0.132083465734562,0.00015964395421334097,0.14740861431566216
"('0038000000', 'Paul G. Allen School for Global Health')",0.0010692328254477412,0.0,0.11699765441751368,0.00023109280576076466,0.1293172576812129
"('0015982001', 'College of Journalism & Mass Communicati')",0.0010692328254477412,0.0,0.13223286557562475,4.947496807845815e-05,0.14594165668390943
"('0029751000', 'Mathematics and Statistics')",0.0013365410318096765,0.0010690898798828418,0.098439596873931,1.5769131884739707e-06,0.10476812025410885
"('0032896000', 'Psychology')",0.0010692328254477412,0.0,0.10905433768656717,4.359693965096959e-06,0.11595605821394694
"('0011544000', 'Education')",0.0010692328254477412,0.0,0.10155825822564882,4.359583432949251e-06,0.10881656291450806
"('0014894000', 'Dept. of Chemistry and Biochemistry')",0.0010692328254477412,0.0,0.12114637305699481,6.984758238153045e-05,0.13060752244722662
"('0029728000', 'College of Veterinary Medicine')",0.0010692328254477412,0.0,0.12334322453016815,0.00026072796033267746,0.13509124807110012
"('0013284000', 'ISI')",0.0013365410318096765,0.0005346164127238706,0.1102206770572464,1.211267586841425e-06,0.11859445737269471
"('0039321000', 'Haub School of Environment and Natural R')",0.0010692328254477412,0.0,0.1301670146137787,0.00019236940924982838,0.14283498715004356
"('0035303000', 'Civil and Environmental Engineering')",0.0008019246190858059,0.0,0.10481927710843374,3.0677407766291406e-05,0.11388110708128758
"('0023887000', 'Computer Science')",0.0005346164127238706,0.0,0.09837488166614074,4.1071615401801516e-07,0.10448446920422262
"('0036582000', 'Texas Advanced Computing Center')",0.0021384656508954825,0.009414210869394654,0.15213501423342823,0.00048465776806045675,0.1719395787624242
"('0036327040', 'Biological and Agricultural Engineering')",0.0013365410318096765,0.0,0.12256331291157488,0.0004972988432404801,0.13244876462245275
"('0033787000', 'Education')",0.0002673082063619353,0.0,0.1139437134502924,1.4184698251007315e-06,0.12174125876941398
"('0013201000', 'Political Science')",0.0008019246190858059,0.0,0.08420365535248042,8.728873023343508e-09,0.08857945894956577
"('0027854000', 'Department of Electrical Engineering')",0.0005346164127238706,0.0,0.08373248578718832,4.372905012391674e-06,0.08809501435639969
"('0013128000', 'Plant and Microbial Biology')",0.0016038492381716118,0.0017987435752210154,0.13556312509059285,0.01262450049919565,0.15050026564661742
"('0013508000', 'Electrical and computer Engineering')",0.0010692328254477412,0.0,0.11889023072522723,2.2117843564256857e-05,0.1283185047471043
"('0038000000', 'Unknown Dept')",0.0013365410318096765,0.0005346164127238706,0.1253350308228357,4.8549395516099586e-05,0.13677055513109204
"('0015982001', 'Department of Plant Biology')",0.0002673082063619353,0.0,0.0988427393785669,3.8776231682004283e-07,0.10416628939867865
"('0023259000', 'Population Studies Center')",0.0013365410318096765,0.0,0.14276991184215548,0.0003149716890471403,0.15991854884066237
"('0025361000', 'Computer Science')",0.0010692328254477412,0.0,0.08682836253916676,9.993352377208609e-09,0.09234286148446585
"('0038950000', 'Mechanical Engineering')",0.0005346164127238706,0.0,0.11945207229069545,0.0002562016750591612,0.1283953771889526
"('0096354000', 'STEM Transformation Institute, VH 176')",0.0002673082063619353,0.0,0.1268479587684796,0.002190900032924905,0.13856700224630392
"('0013169000', 'School of Medicine')",0.0010692328254477412,0.0,0.11190547412503739,3.645224518558003e-06,0.12035219754274819
"('0016105000', 'Oceanography')",0.0018711574445335472,0.0024028434731769794,0.125213374836831,2.7020964913799722e-05,0.13762259330198354
"('0026575000', 'Klipsch School of Elect & Compt Engr')",0.0008019246190858059,0.0,0.12136253041362531,1.4865893239337765e-05,0.13132155345113558
"('0033290000', 'Orthopaedics')",0.0002673082063619353,0.0,0.11315447203653851,2.2075907564833667e-06,0.12155777535205153
"('6250015637', 'Research and Development')",0.0010692328254477412,0.0,0.11456132292145153,3.823047978610726e-06,0.12379818846208131
"('0036582000', 'Computer Science')",0.0013365410318096765,0.0005346164127238706,0.11737207040441754,4.0774170886114646e-05,0.12656081180186077
"('0500718000', 'Computer Science')",0.0010692328254477412,0.0,0.09814518456331821,1.2694414191793165e-07,0.10456482792382894
"('0010819000', 'School of Computing and Augmented Intell')",0.0005346164127238706,0.0,0.10475470430107527,5.290712236313757e-07,0.11184589933410485
"('0018259000', 'Earth & Atmospheric Sciences')",0.0008019246190858059,0.0,0.1391689297273167,0.003703132467155987,0.15467149686275583
"('0014175000', 'Psychology')",0.0013365410318096765,0.0016029915647822151,0.10150039341237757,2.515978140546575e-07,0.10778092026782231
"('0014811000', 'Unknown Dept')",0.0016038492381716118,0.002136750304116689,0.0962686567164179,3.937004557561552e-06,0.10353766466663321
"('0017756000', 'Information Trust Institute')",0.0010692328254477412,0.0,0.12436835106382979,0.0003284359333018198,0.13493269257102486
"('4091876000', 'Infrastructure Strategy and Research')",0.0005346164127238706,0.0,0.1350882894594302,6.741424360596456e-05,0.1484503133253024
"('0013128000', 'Computer Science')",0.0005346164127238706,0.0,0.11211340206185567,2.4767521086796354e-05,0.12038176578484967
"('0036327060', 'Department of Mechanical Engineering')",0.0010692328254477412,0.0,0.10480459448101975,3.3097902809227345e-05,0.11376972866197016
"('0036152000', 'Mathematics')",0.0010692328254477412,0.0010689469343179423,0.10914342397012487,1.1219951166227402e-05,0.11730273118899831
"('0015370000', 'Unknown Dept')",0.0029403902699812884,0.011221822397353325,0.12314022383146807,9.936865104658887e-06,0.1367495915097166
"('0022210000', 'Mathematics')",0.0008019246190858059,0.0,0.11115072644620733,1.676513742291379e-05,0.11985781666308935
"('0019893001', 'Educational, School, and Counseling Psy')",0.0008019246190858059,0.0,0.09326386118867172,4.765727352326839e-08,0.09808176967771574
"('P269930900', 'Unknown Dept')",0.0008019246190858059,0.0,0.118795846432314,0.00032835911108275423,0.1314804875167388
"('0039545000', 'Dept. of Chemistry & CREOL')",0.0010692328254477412,0.0,0.06915739268680444,8.952181405601515e-12,0.07312907708860047
"('0018697000', 'Department of Chemical and Biological En')",0.0010692328254477412,0.0,0.08400134725496801,2.2047364710206425e-07,0.08953000476539216
"('0103952000', 'Department of Engineering')",0.0010692328254477412,0.0005346164127238706,0.13591280653950955,0.0009995148108358008,0.15261681945723676
"('0036426000', 'Mathematics')",0.0010692328254477412,0.0,0.1045673076923077,1.4114401177825819e-06,0.11175487205240171
"('0037457000', 'Computer Science')",0.0016038492381716118,0.0024023431636998314,0.11744576648981257,2.830876781544877e-06,0.1291977311511182
"('0013169000', 'Department of Environmental Sciences')",0.0002673082063619353,0.0,0.10428455941794665,5.072844679988889e-07,0.11087324561591483
"('0029207000', 'Neurobiology')",0.0010692328254477412,0.0,0.10767946577629382,3.673738036776419e-07,0.11568903219440248
"('0033795000', 'Chemical & Petroleum Engineering')",0.0008019246190858059,0.0005346164127238706,0.09633311016119894,2.854531229586083e-07,0.10166109789428482
"('0026898000', 'Anthropology')",0.0010692328254477412,0.0,0.10205139396584648,7.140790354725175e-07,0.10949894865847162
"('0026278000', 'Astrophysical Sciences')",0.0008019246190858059,0.0,0.13962081062924536,0.00012601164075362137,0.15593574572771765
"('0013136000', 'School of Education')",0.0005346164127238706,0.0,0.10108898316534709,7.981242244436455e-07,0.1072166421485884
"('0002914000', 'Psychology')",0.0008019246190858059,0.0,0.10349406589758486,2.532144261391386e-05,0.10917546229163966
"('0032565000', 'Biostatistics')",0.0005346164127238706,0.0,0.09869410368025326,4.4618197973763046e-07,0.1043401120024938
"('0032235000', 'Department of Physics')",0.0010692328254477412,6.726339213083404e-05,0.1315123391689517,8.679228813211262e-05,0.14417004328438923
"('0038950000', 'Agronomy')",0.0008019246190858059,0.0,0.10967779764871441,3.7223926627542104e-06,0.11727880123472222
"('0026997000', 'Civil & Environmental Engineering')",0.0008019246190858059,0.0005346164127238706,0.08376248264744078,4.028497411585389e-06,0.0885583485807604
"('0025890000', 'Space Science Center')",0.0010692328254477412,0.0,0.12507940753619312,2.0690955445335554e-05,0.1386786523802363
"('5300012915', 'Unknown Dept')",0.0005346164127238706,0.003736311175341318,0.10008828958985472,2.6805519933838747e-07,0.10844799461820703
"('0027078000', 'Astrophysics Laboratory')",0.0002673082063619353,0.0,0.07945542977295414,8.042224117881678e-09,0.08248340195831452
"('0015982001', 'Plant BIology')",0.0005346164127238706,0.0,0.1234897999603882,1.4919332716465597e-05,0.1341897743626607
"('0021030000', 'Fischell Department of Bioengineering')",0.0010692328254477412,0.003932937947285393,0.12706769471145682,1.7374901780836348e-05,0.139954473591674
"('0029504000', 'Unknown Dept')",0.0016038492381716118,0.0010690898798828418,0.11284046692607004,1.6264895207643927e-05,0.12103020441444358
"('4003166000', 'Department of Basic Sciences')",0.0005346164127238706,0.0,0.1217535637570787,0.0002519281663858372,0.1304851879395494
"('0015370000', 'Anthropology')",0.0021384656508954825,0.002922171228697053,0.11090359302739239,2.0737608971173673e-06,0.12139008290347277
"('0001057000', 'Engineering and Public Policy')",0.0008019246190858059,0.0,0.1300855414145629,2.274096333167446e-05,0.14243773574815244
"('0018929000', 'Psychological and Quantative Foundations')",0.0018711574445335472,0.0,0.08536418400876232,1.660282304647514e-08,0.09020157432709687
"('0037549000', 'Institue for Creativity, Arts, and Techn')",0.0008019246190858059,0.0,0.1265690022668065,0.0002565825402687011,0.13784131903618746
"('0032565000', 'Unknown Dept')",0.002673082063619353,0.0036878293245987672,0.12243094645896059,2.957970954566198e-05,0.13307122459735893
"('0011643000', 'Schmid College of Science and Technology')",0.0008019246190858059,0.0,0.13750643240461663,0.00313748663326692,0.15309397932340071
"('0036046000', 'Psychological Sciences')",0.0002673082063619353,0.0,0.1285655371503196,1.3671524996763687e-05,0.1383412808798451
"('0025734000', 'Mathematics')",0.0005346164127238706,0.0,0.10736425209505224,1.1481736092134031e-05,0.1158835810645966
"('4000600000', 'Learning Programs')",0.0008019246190858059,0.0,0.12500417683028703,0.011941346439898784,0.13666858884380972
"('4062600000', 'RAL')",0.0013365410318096765,0.005529625903482896,0.14025944811037794,0.00017850215352251258,0.15598322490510855
"('0036582000', 'Chemistry')",0.0021384656508954825,0.005618549030286105,0.13539630836047775,0.00017940680663489097,0.1497236735909552
"('0011395001', 'Biological Sciences')",0.0002673082063619353,0.0,0.0921723704634489,3.78024080843904e-08,0.09783123752532563
"('0034702000', 'Physics')",0.0010692328254477412,0.0,0.10658119658119658,3.119341041335459e-06,0.1150836336800286
"('4306054000', 'Unknown Dept')",0.0008019246190858059,0.0,0.13137378845343448,0.0001099692995352636,0.143202689303332
"('0027078000', 'Lamont-Doherty Earth Observatory')",0.00400962309542903,0.015399629716928265,0.12427745664739884,4.6311717481461625e-06,0.138883927922916
"('0010512000', 'Management')",0.0008019246190858059,0.0,0.12514635533402468,0.009994940591394883,0.1370108918525121
"('0018259000', 'School of Electrical and Computer Eng.')",0.0008019246190858059,0.0,0.1480645927333175,0.015448414381193699,0.1668058666956018
"('0037549000', 'Urban Affairs and Planning')",0.0010692328254477412,0.0,0.14319617224880382,0.001146304509144039,0.15961891178410847
"('0028381000', 'IACS')",0.0008019246190858059,0.0,0.08332219697982093,1.4812906306171644e-07,0.08767917671142926
"('0013128000', 'Chemistry')",0.0008019246190858059,0.0010689469343179423,0.08859050866723502,1.2806581090615667e-07,0.09339310368479926
"('0025650000', 'Center for Science, Math and Computer Ed')",0.0029403902699812884,0.007905691980145754,0.13495184156415713,0.0028283415034199076,0.1558790614624614
"('0017749000', 'Statistics')",0.0018711574445335472,0.003201337398705199,0.1328338600291162,0.00024716923906477605,0.14625465400194776
"('0017392000', 'Industrial Engineering & Management Scie')",0.0005346164127238706,0.0,0.10426712004236462,4.765155523810131e-06,0.11065956662328971
"('0023879000', 'Dept. of Comp. Sci. and Eng.')",0.0008019246190858059,0.0,0.12940159114493255,0.0002895565993095263,0.14149867250957027
"('0013151000', 'Communication')",0.0008019246190858059,0.0,0.11739416951705527,1.8492891558646072e-06,0.1257963456404416
"('0014449000', 'Engineering Management & Systems Eng')",0.0010692328254477412,0.0,0.1005834431210174,1.5742135354436527e-05,0.10827751542811226
"('0035949000', 'Dept. of Computer Science & Engineering')",0.0018711574445335472,0.012751887953548409,0.10027877553208599,5.169227581680292e-07,0.10904069062990868
"('0016162000', 'Department of Marketing')",0.0008019246190858059,0.0,0.12046369344710997,6.355897019054263e-05,0.1321795597911217
"('0037986000', 'Paul G. Allen School of Computer Science')",0.0002673082063619353,0.0,0.10062131848624223,5.741270362531363e-07,0.10699909876509471
"('0036756000', 'Department of Computer Science')",0.0005346164127238706,0.0,0.12229886560528294,6.1470032378332275e-06,0.1322857085452021
"('0013169000', 'Department of Mathematics')",0.0010692328254477412,0.0,0.11190547412503739,3.645224518558003e-06,0.12035219754274819
"('0034488000', 'cHEMISTRY')",0.0010692328254477412,0.0,0.09446254071661238,7.802467045148432e-07,0.10018404394085464
"('0013201000', 'Electrical and Computer Engineering')",0.0008019246190858059,0.0005346164127238706,0.09193453258625774,6.583204713050025e-08,0.097696828325816
"('0037457000', 'Chemistry')",0.0010692328254477412,0.0010689469343179423,0.11693548387096774,3.151235030388183e-05,0.12553102006660566
"('0032565000', 'Materials Science and Engineering')",0.0002673082063619353,0.0,0.10024384361853211,2.934801078667771e-07,0.1060131239206828
"('0010835000', 'Astronomy')",0.0002673082063619353,0.0,0.09999732698938815,6.505138794635175e-07,0.10701330594988533
"('0013284000', 'Electrical Engineering-Systems')",0.0005346164127238706,0.0033194795259018327,0.1195818948983506,3.001854684180608e-05,0.12849217520428424
"('0013128000', 'Agricultural and Resource Economics and')",0.0002673082063619353,0.0,0.10329403318883397,2.931340007603315e-07,0.10917571187913393
"('0018259000', 'ABE & EEE')",0.0010692328254477412,0.0,0.14023315965063538,0.004452141771482884,0.15637439092731786
"('0010512000', 'Electrical & Computer Engineering')",0.0002673082063619353,0.0,0.08361645060348681,2.315680534722954e-06,0.0878967155213727
"('0021550000', 'Department of Economics')",0.0002673082063619353,0.0,0.11582401931948358,2.020945082093081e-06,0.12412798222388224
"('0011510001', 'Unknown Dept')",0.0045442395081529,0.026086664054698745,0.15504807692307693,0.0011668363647206201,0.17694150791230873
"('0010512000', 'Aerospace Engineering and Mechanics')",0.0002673082063619353,0.0,0.08361645060348681,2.315680534722954e-06,0.0878967155213727
"('0027854020', 'Rehabilitation Medicine')",0.0002673082063619353,0.0,0.12433941569448599,0.0002257958214185627,0.134353524790574
"('0018408000', 'Keough School of Global Affairs')",0.0010692328254477412,0.0,0.12394804850573189,0.00014782017222211282,0.1348829930512978
"('0023259000', 'Physics/Biophysics')",0.0002673082063619353,0.0,0.11859624651280751,7.200227260159748e-05,0.12982314622427346
"('0021998000', 'Office of the Provost; PhD Network')",0.0021384656508954825,0.005865056527823639,0.1314661231374754,0.00013267616886871142,0.14416945398300757
"('0029686000', 'Biological and Physical Sciences')",0.0010692328254477412,0.0005346164127238706,0.11654568678151968,3.779883707428401e-05,0.12576376345940324
"('0026278000', 'Physics')",0.0013365410318096765,0.0026702231523213645,0.10428455941794665,7.163416808300839e-06,0.11189951199326523
"('0021055000', 'Center for Women in Technology')",0.0005346164127238706,0.0,0.08359029360504089,8.608420447134323e-09,0.08849490453631326
"('0071092000', 'Mathematics, Computer and Information Sc')",0.0010692328254477412,0.0,0.10880060493252676,8.044687846105898e-07,0.11768862648621026
"('0037549000', 'Virginia Tech Transportation Institute')",0.0005346164127238706,0.0,0.1352299016772701,0.0002089890115455197,0.14760713832486158
"('0029181000', 'Unknown Dept')",0.0016038492381716118,3.8118817306514835e-07,0.11284046692607004,1.8021542953174014e-05,0.12103020441444362
"('0027110000', 'Center for Advanced Computing')",0.0010692328254477412,0.0,0.1301670146137787,0.00019236940924982838,0.14283498715004356
"('0029728000', 'Physics  Department')",0.0005346164127238706,0.0,0.1303893206929002,0.00016574161301298942,0.14160919936428304
"('0028381000', 'Biomedical Informatics')",0.0008019246190858059,0.0,0.11083787627399858,7.010810652097534e-05,0.11893695422163647
"('0034256000', 'CU Life Sciences Outreach Center')",0.0005346164127238706,0.0,0.12577326519634213,0.00046166932854914004,0.14071796956897695
"('0032102000', 'College of Oceanic & Atmospheric Scienc')",0.0005346164127238706,0.0,0.12669759880787076,1.1824901646375521e-05,0.1403512908289085
"('0010504000', 'Biology')",0.0002673082063619353,0.0,0.1127996381727725,1.894831525532307e-06,0.12005200755849252
"('0114637000', 'Alaska Coastal Rainforest Center')",0.0010692328254477412,0.0010689469343179423,0.11306897177053739,2.883639286464194e-06,0.12397138691114096
"('0015982001', ""President's Office"")",0.0010692328254477412,0.0,0.12970218077176437,6.482773665410166e-05,0.14219197484033164
"('0036426000', 'Department of Physics')",0.0010692328254477412,0.0,0.11138569642112785,2.7153836924413393e-06,0.11975977684548104
"('0032169000', 'Anthropology')",0.0008019246190858059,0.0,0.09009681614565772,3.162613359584309e-06,0.09617600708671141
"('0015370000', 'Civil and Environmental Engineering')",0.0018711574445335472,0.0023875548159731736,0.11090030533898557,2.053879933958608e-06,0.12125642880029178
"('0030908000', 'Engineering Education')",0.0018711574445335472,0.0037380265221201112,0.12570564516129032,0.01683540914861868,0.138434298408236
"('0023259000', 'LSA Mathematics')",0.0008019246190858059,0.0,0.11869031377899045,9.196687934236984e-05,0.1305009634618341
"('0013706000', 'ATLAS')",0.0010692328254477412,0.002136750304116689,0.11797912264656722,4.9310889697958895e-05,0.12699974518338547
"('0036772000', 'Plants, Soils and Climate')",0.0008019246190858059,0.0,0.08266672559331771,4.2545604911111035e-07,0.08743163264242862
"('0035949000', 'MLOM')",0.0008019246190858059,0.0,0.11112431308480618,2.984237980094351e-06,0.12005345414055696
"('0033290000', 'School of Engineering')",0.0002673082063619353,0.0,0.13638352169157855,0.0006284249871428422,0.14951329336854707
"('0028373000', 'Mechanical and Aerospace Engineering')",0.0005346164127238706,0.0,0.10728112184910098,4.903507267621137e-06,0.11393918967035475
"('7203589861', 'Unknown Dept')",0.0008019246190858059,0.0,0.12685656154628688,0.0027536162776253858,0.13883431045266584
"('0011510001', 'Anthropology')",0.0016038492381716118,0.0035060736597834863,0.1248915003004607,1.586721085806741e-05,0.14187041754851584
"('0023259000', 'Biomedical Engineering')",0.0018711574445335472,0.010832520411032349,0.15686850050318685,0.0006852594885848041,0.17984642102171264
"('7203588342', 'Unknown Dept')",0.0005346164127238706,0.0,0.1127554403520405,5.797032290754999e-05,0.1201474740332701
"('0027078000', 'Economics Department')",0.0005346164127238706,0.0,0.10329688535453943,3.267515633013374e-07,0.10930936598231487
"('0013201000', 'Unknown Dept')",0.003475006682705159,0.009564442880840268,0.12342868454914382,1.6677406923915096e-05,0.14076785427674648
"('0018259000', 'Department of Computer Information and G')",0.0008019246190858059,0.0,0.1254863813229572,0.0001671100774942592,0.13687761475321664
"('5300001121', 'Mathematics and Sciences')",0.0010692328254477412,0.0,0.1285876327638951,1.3649619815410416e-05,0.14065194209186913
"('0013714000', 'Geography and the Environment')",0.0010692328254477412,0.0,0.11171165790731008,5.143163061484763e-05,0.12007297336617033
"('0035238000', 'Agriculture')",0.0008019246190858059,0.0,0.0950868007015225,3.140173843341521e-05,0.10168722782751763
"('4012365000', 'STEM Education Evaluation Center (SEEC)')",0.0005346164127238706,0.0,0.10902891116810445,4.87429165080234e-05,0.11882835879014787
"('6250026601', 'Unknown Dept')",0.0010692328254477412,0.0,0.09192775525248802,8.407246997358579e-08,0.097652276958089
"('0021055000', 'Chem., Biochem. & Enviro. Engineering')",0.0010692328254477412,0.0,0.08359589729838439,1.1202763545704502e-08,0.08880676411040217
"('0020776000', 'Emergency Medicine')",0.0010692328254477412,0.0,0.11021742973307407,1.1996227408643842e-06,0.11846080326951373
"('0015362000', 'Department of Physics')",0.0010692328254477412,0.0,0.11264679313459801,0.000433124537092855,0.12119242843156673
"('0028365000', 'Biological Sciences')",0.0013365410318096765,0.002136750304116689,0.10285384361596833,3.1583664041255983e-07,0.10985509872532073
"('7203589361', 'Unknown Dept')",0.0010692328254477412,0.0,0.06652558950101362,2.657184757301683e-10,0.07138453934155307
"('0010819000', 'School of Life Science')",0.0005346164127238706,0.0,0.12491235099669439,0.01999240803253409,0.13613397243108585
"('0033290000', 'Engineering Science & Mechanics')",0.0016038492381716118,0.002136750304116689,0.12866723989681858,5.150951690469279e-05,0.13964462276057257
"('0033290000', 'Computer Science and Engineering')",0.0016038492381716118,0.004212431162512147,0.15089545014520814,0.0017802007859438612,0.16791940309028375
"('6250004705', 'NBCL')",0.0002673082063619353,0.0,0.1038935792046212,9.927258050042667e-07,0.11062078369380463
"('0015693000', 'Electrical  and Computer Engineering')",0.0002673082063619353,0.0,0.1385606874328679,9.9184666125593e-05,0.15375898711551408
"('0010835000', 'Systems and Industrial Engineering')",0.002673082063619353,0.0058689160580759235,0.13147074327886135,0.0004711482567615179,0.14611074125909804
"('0021030000', 'Plant Science and Landscape Architecture')",0.0005346164127238706,0.0005346164127238706,0.11640063474283581,4.855171581919044e-06,0.12596817031106344
"('0021626000', 'Ecosystems Center')",0.0005346164127238706,0.0,0.0862398856589594,3.734372105523443e-08,0.08995531505266832
"('P270037173', 'Unknown Dept')",0.0002673082063619353,0.0,0.12182889894812257,6.439860554929432e-05,0.1315396319859979
"('0038950000', 'Nelson Institute for Environ. Studies')",0.0010692328254477412,0.0,0.12256732848437193,0.0006586571338774395,0.13240421325472576
"('0015982001', 'Unknown Dept')",0.0048115477145148355,0.016673878430595517,0.14087742421389568,0.00013036335826248634,0.1589761982203842
"('0033795000', 'Psychology')",0.0008019246190858059,0.0005346164127238706,0.11291880470872322,1.8436524333814255e-06,0.1211498805489076
"('0013169000', 'Department of Computer Science and Engin')",0.0005346164127238706,0.0010689469343179423,0.10429618890964343,5.128530577189258e-07,0.11111827813841328
"('0036327060', 'Engineering Technology and Industrial Di')",0.0016038492381716118,0.0009281838418825998,0.1318181818181818,0.00019463683579878317,0.1449829210855683
"('0023879000', 'Mechanical Engineering')",0.0018711574445335472,0.008260548810079737,0.1378662244333886,0.00013044237108011364,0.15355008388818983
"('0036327060', 'Electrical Engineering')",0.0010692328254477412,1.4294556489943064e-07,0.1294060673146771,0.00012842241343988402,0.1406828017747177
"('0014803000', 'College of Science and Technology')",0.0013365410318096765,0.0,0.13624444606307815,0.017102688596799157,0.15180090076842295
"('0017749000', 'Business')",0.0002673082063619353,0.0,0.1327395947911862,0.0001763085090782637,0.1450027605688194
"('0014803000', 'Chemistry/Chemical Engineering')",0.0010692328254477412,0.0,0.06915227919701283,8.89770636812451e-12,0.07295087161769258
"('0011080000', 'CSCE')",0.0016038492381716118,0.0032034101093962406,0.11566645023652722,0.00021898756321877462,0.12507239043101562
"('0027110000', 'Earth and Atmospheric Science')",0.0002673082063619353,0.0,0.13465068567109384,0.001468123159306766,0.1481996819005645
"('0018408000', 'Dept. of Computer Science and Engineerin')",0.0005346164127238706,0.0005346164127238706,0.11944063088662558,6.264203110094138e-05,0.12892393458622406
"('0023879000', 'Department of Earth Sciences')",0.0024057738572574178,0.009581784160773736,0.1392777364110201,0.00015801802977473767,0.15671804653006652
"('0021303000', 'Electrical & Computer Engineering')",0.0002673082063619353,0.0,0.09116829945898523,3.980532576520351e-08,0.09677328506596014
"('0017491000', 'Policy Research Collaborative')",0.0010692328254477412,0.0,0.09111722726940595,7.407890898067734e-08,0.09637299586637282
"('0036756000', 'School of Biological Sciences')",0.0002673082063619353,0.0,0.09478324761204997,3.191567137224139e-06,0.10073305578999012
"('0096354000', 'Earth and Environment')",0.0008019246190858059,0.0,0.12685656154628688,0.0027536162776253858,0.13883431045266584
"('0001024000', 'Biology')",0.0002673082063619353,0.0,0.09395720313441833,3.3709774721196875e-06,0.098692613387198
"('0026278000', 'Electrical and Computer Engineering')",0.0002673082063619353,0.0,0.09511823035850496,3.355081569264531e-08,0.10067769149419475
"('6250014545', 'Research and Evaluation')",0.0005346164127238706,0.0,0.11361151603498543,0.0002438734378050583,0.1235695111155032
"('0023259000', 'SNRE')",0.0008019246190858059,0.0,0.14275901545506584,0.00023327465343729017,0.1596512406343005
"('0010637000', 'Cooperative Extension')",0.0013365410318096765,0.0,0.12256331291157488,0.0004972988432404801,0.13244876462245275
"('0022301000', 'Physical Oceanography, Mail Stop 21')",0.0002673082063619353,0.0,0.10105894429736885,2.16661529753191e-06,0.10715126706788301
"('0037986000', 'Department of Health Systems and Populat')",0.0010692328254477412,0.0,0.11021742973307407,1.1996227408643842e-06,0.11846080326951373
"('0029058000', 'Mechanical Engineering')",0.0010692328254477412,0.0,0.0945054945054945,1.9369239630507296e-07,0.10101688916069276
"('0021998000', 'Marine and Environmental Sciences')",0.0013365410318096765,0.0032034101093962406,0.10418581335115716,2.1601249080597e-06,0.11082273126237319
"('0028381000', 'Computer Science Department')",0.0005346164127238706,0.0,0.13638849392978233,0.0006999996585510658,0.1496469474717281
"('0015354000', 'Department of Natural History')",0.0005346164127238706,0.0,0.13061694773227192,0.00017126846738148464,0.14385672573971617
"('5300011389', 'Applied Psychology')",0.0010692328254477412,0.0,0.10186521443158611,9.574297741982681e-07,0.10897669947832955
"('0014175000', 'Molecular and Cell Biology')",0.0002673082063619353,0.0,0.11125650557620818,0.0013288002158357126,0.11904314205012302
"('0037275000', 'Information & Engineering Technologies')",0.0008019246190858059,0.0,0.09121053273192735,5.643874396636049e-08,0.09751729290700073
"('0010819000', 'ECEE')",0.0005346164127238706,0.0,0.1426936720448564,0.07337524378374316,0.16058313586380968
"('0013136000', 'Land Air and Water Resources Department')",0.0005346164127238706,0.0,0.13859662122110256,0.0021592190191216313,0.15189840042132688
"('0034256000', 'Educational & Organizational Leadership')",0.0005346164127238706,0.0,0.120486972205224,0.00030007012731619447,0.1336258517310689
"('0014175000', 'Extension')",0.0008019246190858059,0.0,0.10580948071048761,3.378271640222699e-05,0.11453383198338733
"('0018259000', 'Biological Sciences')",0.0008019246190858059,0.0,0.13914822391668216,0.003617843370502623,0.15453784275957483
"('5300001194', 'Early Childhood and Elementary Education')",0.0008019246190858059,0.0,0.14238952536824878,0.0007846964713240425,0.1584054544323899
"('0089078000', 'Unknown Dept')",0.0010692328254477412,0.0,0.10974214556015137,0.00014961082563183143,0.11992367841759234
"('0013508000', 'Forest & Rangeland Stewardship')",0.0013365410318096765,0.0,0.09896301782974445,2.9586563457304107e-05,0.106916787421794
"('0023606000', 'Unknown Dept')",0.0010692328254477412,0.0010689469343179423,0.13227962236130264,0.00018252050622266945,0.14428729442763277
"('5300012607', 'AA Department')",0.0008019246190858059,0.0,0.11718456333792758,3.534904609501578e-06,0.12964759255504052
"('0114629000', 'Electrical Engineering')",0.0010692328254477412,0.0016029915647822151,0.09507230171033572,6.229110703748207e-08,0.10234608222000731
"('0018929000', 'Department of Management Sciences')",0.0005346164127238706,0.0,0.1208567551851134,2.940230090755328e-05,0.13046084792275695
"('0030908000', 'Dept. of Anthropology')",0.0013365410318096765,0.0,0.11578817047881396,0.00037262051664533827,0.12636245608968338
"('0038273001', 'Computer Science & Elect. Engineering')",0.0010692328254477412,0.0,0.10369200066522534,3.236260932159545e-05,0.11039043394566533
"('0033795000', 'Mechanical Engineering Materials Science')",0.0008019246190858059,0.0,0.12348572371678494,0.0005177267365113918,0.13468752870965292
"('0026633000', 'Chemical and Biological Engineering')",0.0010692328254477412,0.0,0.10283687943262411,7.885648012775027e-07,0.11094731214017352
"('0026633000', 'Department of Anthopology')",0.0005346164127238706,0.0,0.09922024188415023,5.055318453992154e-07,0.1066064249156593
"('0015354000', 'School of Forest Resources &Conservation')",0.0002673082063619353,0.0,0.11554141701155106,2.0006620792029186e-05,0.1241349631250096
"('0016105000', 'Water Resources Research Center')",0.0016038492381716118,0.0,0.12100921882581271,2.985651214560731e-05,0.131077884431227
"('0027078000', 'Unknown Dept')",0.0045442395081529,0.03186203113861388,0.13324073084731275,1.2217677717773297e-05,0.1508032299619109
"('0010637000', 'Arctic and Northern Studies')",0.0008019246190858059,0.0,0.1016852405544985,4.7241011393824317e-07,0.10994820125309027
"('0022707000', 'Architecture Construction Tech')",0.0005346164127238706,0.0,0.1322889776866226,0.0015242994654323903,0.15005695734975438
"('0035303000', 'Mechanical, Aerospace, and Biomedical En')",0.0010692328254477412,0.0,0.0945054945054945,1.9369239630507296e-07,0.10101688916069276
"('0027854000', 'Chemistry')",0.0005346164127238706,0.0,0.11209660504000239,7.35557378896412e-05,0.12057307093393616
"('0036756000', 'Dept. of Atmospheric Science')",0.0008019246190858059,0.0,0.11943681757231339,6.81414961185606e-06,0.12875733947175394
"('0010819000', 'Electrical, Computer & Energy Engineerin')",0.0013365410318096765,0.0192894327473353,0.15105386416861827,0.09625614039915611,0.17118872766426846
"('0014316000', 'Civil & Environmental Engineering')",0.0018711574445335472,0.002136750304116689,0.10659941870405197,2.8932406918281598e-06,0.11561825009275248
"('0020107000', 'Graduate School')",0.0013365410318096765,0.0,0.08695753236791334,1.5985405527163509e-07,0.092708368931644
"('0030908000', 'Evolution, Ecology, and Organismal Biolo')",0.0018711574445335472,0.0029584553751323974,0.12008859784283513,0.0003815204126210052,0.13124350554359052
"('0039446000', 'Unknown Dept')",0.0002673082063619353,0.0,0.1028934484845151,1.9879175736060915e-07,0.10978427353492083
"('0036525000', 'EDuc Leadership & Policy Studies')",0.0010692328254477412,0.0007849586162010728,0.10987752224865627,1.5301902549203792e-06,0.11720352882141097
"('0011544000', 'Health Equity Institute')",0.0005346164127238706,0.0,0.11519985218944387,0.000450922987588566,0.12309846961186621
"('0021550080', 'Epidemiology')",0.0013365410318096765,0.01310900665080615,0.1349859276899762,0.00027323428369631033,0.14991073217463674
"('7203580410', 'Unknown Dept')",0.0010692328254477412,0.0,0.0998452012383901,5.34861395009468e-07,0.10704871244491232
"('0010553000', 'Mechanical and Aerospace Engineering')",0.0008019246190858059,0.0,0.12607845780533836,4.1378141517484284e-05,0.1382554734456898
"('0114637000', 'Environmental Science')",0.0005346164127238706,0.0,0.10158859470468432,3.338200934844928e-07,0.10899034684696009
"('4007241000', 'SSRC')",0.0005346164127238706,0.0,0.11846105129829006,2.9286347734619725e-05,0.12779464568169202
"('6250003227', 'Psychological Sciences')",0.0008019246190858059,0.0,0.10349406589758486,2.532144261391386e-05,0.10917546229163966
"('0015354000', 'Geography')",0.0021384656508954825,0.011176627828356683,0.13248105389900133,0.0015307120231119232,0.15207513430778696
"('0021030000', 'Center for Global Sustainability')",0.0013365410318096765,0.0,0.1302758044295863,0.0026546098398537617,0.14219470158370742
"('0027078000', 'Anthropology')",0.0002673082063619353,0.0,0.11757865292139422,1.252272306596665e-06,0.12798224775546152
"('0015982001', 'Center for Applied Genetic Technologies')",0.0010692328254477412,0.0005346164127238706,0.10968101325202298,3.75870025405029e-06,0.11741245533790318
"('5300001373', 'Department of Sociology')",0.0010692328254477412,0.0,0.10083286164793402,1.3040257565367044e-05,0.10719859262655959
"('4005658000', 'Statistics and Data Science')",0.0002673082063619353,0.0,0.10171288743882545,0.0001635839792887448,0.10768590690756658
"('0032896000', 'Journalism and Communication')",0.0005346164127238706,0.0,0.1265390339602219,2.1885894596416505e-05,0.1366745712640573
"('0014811000', 'Chemistry & Biochemistry / College of Sc')",0.0010692328254477412,0.0,0.08782308613282626,6.003068664093696e-07,0.09318824964253102
"('0013706000', 'CARTSS')",0.0010692328254477412,0.0016029915647822151,0.10554975594616708,5.24922096495452e-06,0.1119463669182982
"('0023259000', 'Earth and Environmental Sciences')",0.0008019246190858059,0.0,0.09139325238804877,3.2362581166516265e-05,0.09741717658826983
"('0036525000', 'Department of Curriculum & Instruction')",0.0008019246190858059,0.0002672367335794856,0.10282839943926775,1.9648782426320345e-07,0.1090978458124301
"('4013520000', 'Unknown Dept')",0.0010692328254477412,0.0,0.12576058089891418,0.00035864384662502623,0.13655780125307043
"('6250020070', 'Dean of Instruction')",0.0008019246190858059,0.0,0.1426991150442478,0.0827976535775432,0.16071678996699063
"('0013508000', 'Chemistry')",0.0002673082063619353,0.0,0.11887889669198258,1.530147925621968e-05,0.1279175424375614
"('0038950000', 'Pathobiological Sciences')",0.0008019246190858059,0.0,0.09329875052996484,4.39536177322101e-08,0.09870876097926115
"('0013284000', 'Earth Sciences')",0.0008019246190858059,0.0,0.09139325238804877,3.2362581166516265e-05,0.09741717658826983
"('0030320000', 'Electrical Engineering and Computer Scie')",0.0005346164127238706,0.0,0.09195713091785064,5.207190141534226e-06,0.0964670166111505
"('0013706000', 'Cntr for STEM Learning')",0.0008019246190858059,0.0,0.09547995201755953,6.748432161566536e-07,0.10010782683727021
"('6250009905', 'Unknown Dept')",0.0005346164127238706,0.0,0.11174836454879469,4.9416988949484827e-05,0.12171595438907468
"('0033795000', 'Rehabilitation Science and Technology')",0.0010692328254477412,0.0,0.1328291435875586,0.000621274630993932,0.14928845393607948
"('0033290000', 'Architectural Engineering')",0.0029403902699812884,0.019752755027313728,0.15019270916974467,0.0005939914010692183,0.168066499749008
"('0037051000', 'Computer Science')",0.0002673082063619353,0.0,0.10926455984578538,2.7595960792544767e-06,0.1156041274813318
"('0037986000', 'Department of Chemistry')",0.0010692328254477412,0.0,0.13223753976670202,0.0004423610125062752,0.1446715962919569
"('0028381000', 'Theoretical Physics')",0.0010692328254477412,0.0,0.08332405283203778,1.6997136632973506e-07,0.08781283081461022
"('0032102000', 'COMES')",0.0005346164127238706,0.0,0.1119356093474163,6.839026894048376e-07,0.12159633628806633
"('0014316000', 'Center for Composite Materials')",0.0010692328254477412,0.0,0.1369476882527364,0.0025372724026298805,0.1578972480636472
"('0015982001', 'College of Engineering')",0.0008019246190858059,0.0,0.12424443706409831,4.803715018073132e-05,0.13460405428128056
"('0036046000', 'Statistics')",0.0005346164127238706,0.0,0.12856995566553253,1.5235263702338478e-05,0.13847493498302607
"('7203589433', 'Unknown Dept')",0.0010692328254477412,0.0,0.11696838945689898,1.110909200113705e-05,0.12614958036781557
"('4002341000', 'Unknown Dept')",0.0013365410318096765,0.010638008939815629,0.12921387123514783,1.8987199533729972e-05,0.14178397817779495
"('0036707000', 'Unknown Dept')",0.0016038492381716118,0.0005346164127238706,0.11504043789784434,4.278341263989013e-06,0.1231886315279342
"('0018697000', 'Aerospace Engineering')",0.0016038492381716118,0.0005352644326180813,0.10080025866946891,3.250988346886941e-05,0.10950352663808491
"('0010835000', 'Biomedical Engineering')",0.0008019246190858059,0.0,0.11620538626409468,6.081764397148457e-05,0.12554339502013917
"('0014316000', 'Department of Geography and Spatial Scie')",0.0010692328254477412,0.0,0.10103438031706592,2.05923312404303e-06,0.1069837659723964
"('0025171000', 'Department of Computer Science')",0.0002673082063619353,0.0,0.09181044003239502,1.0959882847724453e-08,0.09660995923763266
"('0018697000', 'Senior Vice President and Provost')",0.0018711574445335472,0.0,0.08536418400876232,1.660282304647514e-08,0.09020157432709687
"('0022905000', 'Community Sustainability')",0.0008019246190858059,0.0,0.13639346653055273,0.0007899775068167597,0.14978060157490905
"('0026575000', 'Department of Biology')",0.0008019246190858059,0.0,0.09143122494867534,6.905041094757772e-08,0.0975507158198855
"('0010868000', 'Chemisty and Physics')",0.0018711574445335472,0.0,0.09758706143211164,1.4537742954426338e-05,0.10441310100715447
"('0034389000', 'Department of Health Sciences and Resear')",0.0002673082063619353,0.0,0.0885653409090909,5.448197585254234e-08,0.09261374871417823
"('0035949000', 'Department of Information Science')",0.0010692328254477412,0.0,0.1002143048486472,4.967743973435893e-07,0.10800709889864249
"('0034702000', 'Civil and Environmental Engineering')",0.0021384656508954825,0.0008012813640437584,0.0866373320981936,4.5561465890498614e-08,0.09240200647848242
"('0026278000', 'Mathematics')",0.0008019246190858059,0.0,0.0984214680347277,1.4909447858353622e-06,0.10433151685038433
"('6250021099', 'School of Government and International A')",0.0002673082063619353,0.0,0.0646884888727499,9.557991910612114e-13,0.06757475678465283
"('0013706000', 'Civil, Environ. & Arch. Engineering')",0.0010692328254477412,0.001603277455912014,0.10894952966188078,2.968530493722168e-05,0.11832492833483285
"('0015354000', 'Engineering Education')",0.0010692328254477412,0.009840832161890736,0.1417152814607167,0.000222831260547512,0.15665552444822703
"('7203586060', 'Unknown Dept')",0.0008019246190858059,0.0,0.11137906395141121,0.0024870740223592487,0.11987275216201056
"('0010520000', 'Department of Physics')",0.0016038492381716118,0.0010689469343179423,0.12620605897037987,5.357745463497617e-05,0.13913313538991134
"('0037986000', 'Statistics and Sociology')",0.0002673082063619353,0.0,0.10329403318883397,2.931340007603315e-07,0.10917571187913393
"('0026633000', 'Department of Biology')",0.0013365410318096765,0.0050555857917350365,0.10894001164822364,1.6891904655396344e-06,0.11836622049131947
"('0015693000', 'Wallace H. Coulter Department of Biomedi')",0.0002673082063619353,0.0,0.13465068567109384,0.001468123159306766,0.1481996819005645
"('0013789000', 'Geological Sciences')",0.0008019246190858059,0.0,0.09316398954053044,3.797314354046411e-07,0.09901301902724378
"('0031849000', ""Women's & Gender Studies/Political Sci."")",0.0013365410318096765,0.0,0.09201367538185307,1.1028564583821947e-06,0.0987673693532754
"('0028944000', 'Department of Physics and Astronomy')",0.0002673082063619353,0.0,0.11108471657214122,0.0013638227735255828,0.1187633170309235
"('0021782000', 'Electrical Engineering and Computer Scie')",0.0002673082063619353,0.0,0.12119346896462356,9.683651093551641e-06,0.1347023361422628
"('0027110000', 'Government')",0.0005346164127238706,0.0,0.12415784408084697,1.9557686822775048e-05,0.13421124447234203
"('0034488000', 'Chemistry and Biochemistry')",0.0010692328254477412,0.0,0.09446254071661238,7.802467045148432e-07,0.10018404394085464
"('6250009518', 'Film Development')",0.0008019246190858059,0.0,0.11064119247604401,3.2915505155905972e-06,0.11793819360791201
"('0017756000', 'Department of Atmospheric Sciences')",0.0005346164127238706,0.0,0.12167436414492942,2.0682456030455043e-05,0.13157832167383962
"('0013169000', 'Bourns College of Engineering')",0.0010692328254477412,0.0,0.0992518306271888,2.077747897767653e-07,0.10539018395145365
"('0028373000', 'Department of Chemistry')",0.0016038492381716118,0.011947742950321368,0.14819363016954523,0.011693407329387829,0.1661993123600976
"('0025064000', 'Family of Community Medicine')",0.0010692328254477412,0.0,0.11194900798994524,9.207815103141239e-07,0.12195274722988224
"('0037986000', 'School of Interdisciplinary Arts and Sci')",0.0010692328254477412,0.0,0.12120524866353474,1.3979104014128171e-05,0.1351032984518057
"('0037986000', 'Department of Astronomy')",0.0005346164127238706,0.0005346164127238706,0.08380188615846419,7.718795152071986e-09,0.08768762038634402
"('0025692000', 'Center for Gaming Innovation')",0.0010692328254477412,0.0,0.10949161471595399,0.0001417162119397624,0.1183764730612451
"('0013144000', 'Department of Physics and Astronomy')",0.0002673082063619353,0.0,0.11393677285740392,1.0921518204395614e-06,0.12165215603396
"('0014449000', 'School of Media & Public Affairs')",0.0010692328254477412,0.0,0.1005834431210174,1.5742135354436527e-05,0.10827751542811226
"('0021030000', 'Electrical & Computer Engineering')",0.0002673082063619353,0.0,0.11526374168104511,0.0001638014322777761,0.12280974167148033
"('0026633000', 'Department of Geography and Environmenta')",0.0010692328254477412,0.0,0.10739199081383666,1.4524039676040272e-06,0.11528034789627208
"('0039446000', 'Civil Engineering')",0.0013365410318096765,0.0005346164127238706,0.11469127475626954,1.9384496487214845e-06,0.12523630472708205
"('P270071845', 'Unknown Dept')",0.0010692328254477412,0.0,0.10879427674053394,8.01809792894587e-07,0.11759952375075627
"('0013169000', 'Environmental Sciences')",0.0008019246190858059,0.003736311175341318,0.12375533428165007,1.267052519690144e-05,0.13529393318816843
"('0038273001', 'Computer Science and Electrical Eng.')",0.0010692328254477412,0.0,0.10369200066522534,3.236260932159545e-05,0.11039043394566533
"('0033704000', 'Department of Engineering')",0.0002673082063619353,0.0,0.12119346896462356,9.683651093551641e-06,0.1347023361422628
"('0036616000', 'School of Pharmacy')",0.0013365410318096765,0.0,0.12458787091617544,1.6802504741676084e-05,0.13429941256371844
"('0001057000', 'Psychology')",0.0008019246190858059,0.0005346164127238706,0.11175170271239096,4.991110726396639e-05,0.12184960849225565
"('0001966000', 'School of Criminology and Justice Studie')",0.0005346164127238706,0.0,0.08223423898707465,7.658194780581578e-09,0.08598045446572829
"('0011544000', 'Unknown Dept')",0.0018711574445335472,0.002137322086376287,0.1301896641726118,0.003962269970396611,0.14233712131313556
"('0027110000', 'Johnson School of Business')",0.0002673082063619353,0.0,0.09969353764157228,2.1400948969257233e-07,0.10489157932362018
"('0033795000', 'Department of Computer Science')",0.0016038492381716118,0.0009208156374510685,0.13451511991657977,0.0021276957288421123,0.14825143035495075
"('0021030000', 'SVPAAP')",0.0010692328254477412,0.008637758884159366,0.15031340405014465,0.0022503842114299714,0.16710660989577458
"('0015693000', 'ECE')",0.0005346164127238706,0.0,0.14593898728251542,0.00031119174913400586,0.16362001881896648
"('0032896000', 'Computer Science & Engineering')",0.0016038492381716118,0.006784954290318881,0.14250342831022397,0.00016800078151767354,0.15762533933143438
"('0033787000', 'Unknown Dept')",0.0037423148890670943,0.033461474600519146,0.14497752286467214,0.016881880072198895,0.16747547093377052
"('0013151000', 'Electrical Engineering')",0.0021384656508954825,0.003738884195509508,0.1166147132169576,7.734027707280923e-06,0.12681092212543546
"('6250009518', 'Unknown Dept')",0.0008019246190858059,0.0,0.11064119247604401,3.2915505155905972e-06,0.11793819360791201
"('0036707000', 'Manufacturing Engineering Technology')",0.0002673082063619353,0.0,0.11501921598770176,2.474597046221144e-06,0.12247580964430237
"('0033290000', 'Computer Science & Engineering')",0.0005346164127238706,0.0,0.13470401843583465,0.0002676169668422345,0.14624592079130064
"('0013706000', 'Department of Computer Science')",0.0013365410318096765,0.0,0.13166044907439994,0.00012503209195744377,0.14418099456839567
"('0029207000', 'Physics')",0.0002673082063619353,0.0,0.11274184798987402,3.2128260218872795e-06,0.11969366338263396
"('6250032658', 'Unknown Dept')",0.0002673082063619353,0.0,0.14024893154382545,0.00015386406436327242,0.1551357696192303
"('0022905000', 'Biomedical Engineering')",0.0013365410318096765,0.005865056527823639,0.13765822784810128,0.0044936835233917085,0.15870464560850858
"('0021626000', 'The Ecosystems Center')",0.0010692328254477412,0.0,0.09436960799152413,3.202714844950925e-07,0.09935090703687517
"('0025684000', 'Natural Resources and Environmental Scie')",0.0021384656508954825,0.005807157343909723,0.12616349656009712,4.9387385864126175e-06,0.14125705927029067
"('7203580380', 'Unknown Dept')",0.0013365410318096765,0.0,0.1301715438950555,0.00022096963715205465,0.14296864125322445
"('0028373000', 'Environment and Sustainability')",0.0005346164127238706,0.0,0.1426936720448564,0.07337524378374316,0.16058313586380965
"('0010819000', 'School of Sustainability')",0.0013365410318096765,0.0005347593582887701,0.14271544653416243,0.09164793904371919,0.1610286495410795
"('0001479000', 'Biomedical Engineering')",0.0008019246190858059,0.0,0.11195570851414036,4.367179974515503e-05,0.11973614166877918
"('0016105000', 'Information Technology')",0.0016038492381716118,4.288366946982919e-07,0.12100139082058414,2.513950785616415e-05,0.13098878169577305
"('0021030000', 'ECE Department')",0.0005346164127238706,0.0,0.11166497522535968,0.00020192300521675795,0.11972857181534415
"('0013177000', 'Department of Anthropology')",0.0002673082063619353,0.0,0.12075532601678503,1.4653232455586315e-05,0.13066116763566563
"('0037903000', 'Unknown Dept')",0.0010692328254477412,0.0,0.11194900798994524,9.207815103141239e-07,0.12195274722988224
"('0025650000', 'School of Computing')",0.0013365410318096765,0.0010689469343179423,0.14066553863508177,0.0010233629274340988,0.15547047401498168
"('0032193000', 'Unknown Dept')",0.0010692328254477412,0.0,0.10350265604249669,2.9704604951102923e-05,0.10937594344641109
"('0022210000', 'Department of Physics')",0.0002673082063619353,0.0,0.12221096991277645,0.0003988387505027044,0.13215889403386552
"('0033795000', 'Computer Science/Arts and Sciences')",0.0002673082063619353,0.0,0.11009741310809618,2.584623063780808e-05,0.11782237997082311
"('0014449000', 'Sustainable GW')",0.0008019246190858059,0.0,0.10190683737401253,6.633343289517258e-08,0.10930761020847062
"('0036707000', 'Civil and Environmental Engineering')",0.0013365410318096765,0.0,0.11503690036900369,4.236568504600296e-06,0.12305497742475323
"('0030320000', 'Electrical and Computer Engineering')",0.0005346164127238706,0.0,0.09195713091785064,5.207190141534226e-06,0.0964670166111505
"('0015693000', 'School of Interactive Computing')",0.002673082063619353,0.0065622933488849785,0.12735752706475115,9.161546311571408e-05,0.14031839284091843
"('0016105000', 'Atmospheric Sciences')",0.0010692328254477412,0.0,0.12099356382806689,2.1838681649234325e-05,0.1307214734894111
"('0018093000', 'Physics')",0.0010692328254477412,0.0,0.12497077000167028,0.00010636884341206828,0.1361688392850184
"('0026278000', 'Physics Department')",0.0010692328254477412,0.0,0.10427002619989965,7.092996360884814e-06,0.11160992810303984
"('0014175000', 'Computer Science & Engineering')",0.0013365410318096765,0.001603277455912014,0.11947877742646354,0.00023722531198946994,0.12892553846490384
"('5300001194', 'Geosciences')",0.0016038492381716118,2.858911297988613e-07,0.10858270687603402,1.3325118107541494e-06,0.11863449327939858
"('0080127000', 'US:IT-Networkmaine')",0.0005346164127238706,0.0,0.07262385463581301,2.502966269408761e-09,0.07740296598072259
"('0014266000', 'Department of Computer Science')",0.0008019246190858059,0.0,0.09240002963914343,7.449036604523238e-08,0.09675659287687771
"('0027078000', 'Dept of Computer Science')",0.0005346164127238706,0.0016029915647822151,0.11965839303991811,2.228920943677441e-06,0.12901260870315412
"('0080010000', 'Civil, Materials, and Environmental Engi')",0.0010692328254477412,0.0,0.11681863602298276,5.573519054515006e-06,0.12539185601404873
"('0036707000', 'Mechanical Engineer')",0.0013365410318096765,0.0,0.11503690036900369,4.236568504600296e-06,0.12305497742475323
"('7203590747', 'Unknown Dept')",0.0002673082063619353,0.0,0.09328711784948382,4.817723307074442e-09,0.09830084010929005
"('0013193000', 'Biochemistry & Biophysics')",0.0008019246190858059,0.0,0.1075865639019901,4.867976483616458e-06,0.11509264001421575
"('5300004653', 'Harte Research Institute for Gulf of Mex')",0.0010692328254477412,0.0,0.09727241997971867,2.960731885123873e-06,0.10357385768607826
"('0028381000', 'CN Yang Inst. for Theoretical Physics')",0.0010692328254477412,0.0,0.08332405283203778,1.6997136632973506e-07,0.08781283081461022
"('7203588207', 'Unknown Dept')",0.0002673082063619353,0.0,0.13913787332167962,0.002878303719495704,0.15427053455321293
"('0013482000', 'Geophysics')",0.0013365410318096765,0.0005346164127238706,0.12027391975308642,3.376876690816871e-05,0.1305126856136283
"('0013144000', 'Department of Chemistry')",0.0002673082063619353,0.0,0.12856995566553253,9.42154558194051e-06,0.14020642841459932
"('0021303000', 'ENG Mechanical Engineering')",0.0008019246190858059,0.0016029915647822151,0.10031373179953343,3.29439846173404e-07,0.10849588555525405
"('6250007085', 'Unknown Dept')",0.0010692328254477412,0.0,0.13713845815462444,0.0009556673846426718,0.1510936422424003
"('0017392000', 'Northwestern Argonne Institute')",0.0010692328254477412,0.0,0.13918446312969715,0.00014748828943939265,0.15573791644007284
"('0013136000', 'Section of Plant Biology')",0.0002673082063619353,0.0,0.12173375418958056,0.0002001746883376185,0.13021787973318744
"('0013052000', 'Chemical and Mechanical Engineering')",0.0002673082063619353,0.0,0.10687960687960688,4.310528112122575e-06,0.11289773445405094
"('0035949000', 'Electrical Engineering department')",0.0005346164127238706,0.0,0.0975132937128558,3.411945085083699e-07,0.10382320370880968
"('0023259000', 'Psychology')",0.0013365410318096765,0.0005346164127238706,0.10152793985941867,3.679765208364236e-07,0.10993689816393577
"('0038950000', 'Department of Chemistry')",0.0002673082063619353,0.0,0.1249415536704295,0.00951599729983419,0.13625871626072145
"('0013706000', 'Institute of Cognitive Sci.')",0.0008019246190858059,0.0,0.1097872340425532,7.132953763393569e-06,0.11720775215161652
"('5300002935', 'Experiential Engineering Education')",0.0005346164127238706,0.0,0.10046998791459648,0.00020040993241934952,0.10637031695689944
"('6250018692', 'Unknown Dept')",0.0010692328254477412,0.0,0.14366911171703983,0.01645922271990962,0.1602649344329376
"('0033290000', 'Department of Statistics')",0.0002673082063619353,0.0,0.10898126838931453,9.481797679977895e-06,0.11588154255850737
"('0013128000', 'Bioengineering')",0.0018711574445335472,0.0025699367053117392,0.13416777247785389,0.002608804967491619,0.14839646634601644
"('0020313000', 'Geosciences')",0.0002673082063619353,0.0,0.11726905112692391,1.5685228656252813e-06,0.1266231175500416
"('0036962030', 'Anatomy and Neurobiology')",0.0005346164127238706,0.0,0.10877529658060014,6.12399960272277e-07,0.11715401007348644
"('0029207000', 'Computer Science')",0.003475006682705159,0.0267180270964079,0.14550192524600367,0.0002611477583915328,0.16278122735620676
"('0030320000', 'Unknown Dept')",0.0008019246190858059,0.0010689469343179423,0.10126410957420892,4.575376180094003e-05,0.10747355985739127
"('0025684000', 'Civil and Environmental Engineering')",0.0013365410318096765,0.0005346164127238706,0.10974536493780802,0.00015105010870493463,0.12005733252077333
"('0015354000', 'Biostatistics')",0.0002673082063619353,0.0,0.11553428042001235,1.5904662405275216e-05,0.12404586038955563
"('0018093000', 'Computer and Information Science')",0.0008019246190858059,0.010739381120399752,0.14580816151537593,0.0006334732320986951,0.1629462936163724
"('0033290000', 'Pharmacology')",0.0002673082063619353,0.0,0.13111593999719612,0.00018196367191772076,0.14153168176471245
"('0022905000', 'Earth & Environmental Science')",0.0005346164127238706,0.0,0.1348788578021344,0.0016548902073393757,0.15280340964984104
"('0014480000', 'Mathematics')",0.0024057738572574178,0.002200028173551517,0.13140147523709167,0.0001245796595303994,0.14269111891405506
"('0022434000', 'Earth and Atmospheric Sciences')",0.0002673082063619353,0.0,0.1011217732125963,1.9732598157110555e-07,0.10716785300315074
"('0010090000', 'Computer Science and Software Engineerin')",0.0010692328254477412,0.0,0.10506066052572456,0.00023561265073788657,0.11412059832621996
"('0026278000', 'Mechanical & Aerospace Engineering')",0.0021384656508954825,0.004801255633842076,0.12052190721649485,3.7640947186682724e-05,0.13167832749475755
"('0018093000', ""O'Neill School of Public & Environmental"")",0.0010692328254477412,0.0,0.14352580088240935,0.000859432223320738,0.1603847501967699
"('0096354000', 'Unknown Dept')",0.0056134723336006415,0.019813731480914525,0.14527027027027026,0.021442207240503698,0.16566463437954979
"('0015354000', 'Industrial and Systems Engineering')",0.0002673082063619353,0.0,0.13061238740311432,0.00015373511261546261,0.1437230716365352
"('0010819000', 'Chemical Engineering')",0.0005346164127238706,0.0,0.12186461658739983,1.717096463355194e-05,0.13210856960726666
"('6250019652', 'Unknown Dept')",0.0008019246190858059,0.0,0.1234083261859207,3.766537694412488e-05,0.1338776203015087
"('0022905000', 'CMSE and Mathematics')",0.0008019246190858059,0.0005346164127238706,0.12991838860913352,0.00037350612432213176,0.14331007360277653
"('0021030000', 'Mechanical Engineering Department')",0.0002673082063619353,0.0,0.10371212331235619,2.5165785626517375e-07,0.11028853710217652
"('0018259000', 'Purdue University Libraries and School o')",0.0008019246190858059,0.0,0.13914822391668216,0.003617843370502623,0.15453784275957483
"('8888885CA0', 'Unknown Dept')",0.0010692328254477412,0.0,0.12290557855312438,0.0008759023187725406,0.13548563882895698
"('0013136000', 'Neurobiology, Physiology and Behavior')",0.0010692328254477412,0.0,0.1124402632923567,6.729592914602719e-06,0.1212137034964754
"('0026211000', 'Chemistry and Environmental Science')",0.0008019246190858059,0.0,0.1002277294038848,1.1904756185223594e-06,0.10583323342415572
"('0015941000', 'BIOLOGY')",0.0008019246190858059,0.0,0.07570882156517515,2.0666849296458232e-10,0.07933539369536828
"('0032102000', 'Precollege Programs and SMILE Program')",0.0008019246190858059,0.0,0.12290557855312438,1.0612573658706207e-05,0.13430626721394642
"('0019893001', 'Mathematics')",0.0013365410318096765,1.786819561242883e-06,0.09844477776900608,2.925993768259194e-06,0.1048349473056993
"('0035097000', 'City and Regional Planning')",0.0010692328254477412,0.0,0.09533396192757575,1.0612834598618551e-06,0.10271440275685584
"('0038950000', 'Psychology')",0.0016038492381716118,0.0010689469343179423,0.12576058089891418,0.00032981497146468696,0.13637019218060847
"('0015511000', 'Mathematical Sciences')",0.0008019246190858059,0.0,0.1234083261859207,3.766537694412488e-05,0.1338776203015087
"('7203584945', 'Unknown Dept')",0.0002673082063619353,0.0,0.10902573368694081,4.364901260933882e-05,0.11869470468696691
"('0015354000', 'Unknown Dept')",0.008286554397219995,0.06413726635179229,0.15022889727732713,0.0015021760752285955,0.17385489744150467
"('0018093000', 'Computer Science')",0.002673082063619353,0.0017008449436600715,0.13237791932059448,0.0004611931703203973,0.14657122700072855
"('0018903000', 'Psychology')",0.0010692328254477412,0.0,0.08733308432159866,1.662606203385158e-07,0.09367377392672016
"('0032102000', 'Chem, Bio & Environmental Engineering')",0.0010692328254477412,0.0,0.1211973952765089,3.096653531062579e-06,0.1329389698640607
"('0010637000', 'College of Fisheries and Ocean Sciences')",0.0005346164127238706,0.0,0.11306213733075435,2.82075975648982e-06,0.12370407870477902
"('0013201000', 'Department of Global Studies')",0.0005346164127238706,0.0,0.11876190476190476,2.1090602542678007e-05,0.12749126364378863
"('0011015000', 'Physics & Astronomy')",0.0018711574445335472,0.0,0.09758706143211164,1.4537742954426338e-05,0.10441310100715447
"('0015693000', 'School of Electrical and Computer Engine')",0.0008019246190858059,0.0032355857562263762,0.1450337287741335,0.0002841683201159385,0.16174093433162323
"('0013219000', 'Department of Anthropology')",0.0002673082063619353,0.0,0.09579289683250966,5.5252375668567e-07,0.10172535402359265
"('0020537000', 'Earth and Climate Sciences')",0.0016038492381716118,0.006930858659713794,0.07318790961557273,2.5202144238776215e-09,0.07967274693944991
"('0027078000', 'Marine Biology and Paleo Oceanography')",0.0005346164127238706,0.0,0.09955557921068739,5.603514480877955e-08,0.10580452346517358
"('0038950000', 'Department of Astronomy')",0.0002673082063619353,0.0,0.09632070856613198,3.2300374459381313e-07,0.10199972535165037
"('0011510001', 'Department of Geography')",0.0002673082063619353,0.0,0.13423998851729582,0.00011970820459255691,0.14692259813420636
"('0033290000', 'Chemical Engineering & Biochemistry')",0.0002673082063619353,0.0,0.09999732698938815,6.505138794635175e-07,0.10701330594988533
"('0033290000', 'Mathematics')",0.0016038492381716118,0.0012625761266003908,0.14667712213291512,0.00096687247264061,0.16319400586641963
"('0038950000', 'WCER')",0.0005346164127238706,0.0,0.12716704058739547,0.000589712202401352,0.1377410865747587
"('0017756000', 'School of Information Sciences')",0.0021384656508954825,0.034184537710423665,0.15819519621109607,0.0009065410940329613,0.1790579260206367
"('0022905000', 'Earth and Environmental Sciences')",0.0029403902699812884,0.01493065665203819,0.1464187866927593,0.002781508644656879,0.1668905079891446
"('4007555000', 'Unknown Dept')",0.0008019246190858059,0.0,0.13015795699672952,0.0001636593883211694,0.14265678167913562
"('0018697000', 'Department of Electrical & Comp. Eng.')",0.0010692328254477412,4.7648521633143544e-08,0.11201604934574962,8.21799458507644e-05,0.12335385360115195
"('0015354000', 'Materials Science and Engineering')",0.0008019246190858059,0.0005346164127238706,0.12107187934884624,8.838701571969472e-06,0.13047671680036443
"('0010819000', 'School of Criminology and Criminal Justi')",0.0010692328254477412,0.0,0.14271000228885328,0.09513055429261356,0.16089499543789856
"('0010819000', 'School of Human Evol. & Social Change')",0.0013365410318096765,0.0002672367335794856,0.142731781762686,0.09783598845956014,0.1611623036442605
"('0025171000', 'Computer Science')",0.0010692328254477412,0.0005346164127238706,0.10108898316534709,1.0606238543039023e-07,0.10798449958008628
"('4003554000', 'SCRIPPS OCEANOGRAPHY')",0.0010692328254477412,0.0,0.1288400606144097,6.996044322292818e-05,0.14104972127095244
"('0018408000', 'Electrical Engineering')",0.0010692328254477412,0.005360532765245158,0.13061694773227192,5.9149985861322115e-05,0.14408499126692878
"('0036525000', 'Earth and Atmospheric Sciences')",0.0016038492381716118,0.005262089034298208,0.11612602824771069,7.494687972613283e-07,0.1277428454553543
"('0037549000', 'Engineering Education')",0.00400962309542903,0.01965597295337634,0.15240772427279395,0.0015553634644972052,0.17249795706090773
"('4012365000', 'EdGE')",0.0005346164127238706,0.0,0.10902891116810445,4.928831015388268e-05,0.11882835879014787
"('0029207000', 'Chemistry')",0.0002673082063619353,0.0,0.11274184798987402,3.2128260218872795e-06,0.11969366338263396
"('6250002291', 'Mathematical Sciences')",0.0016038492381716118,0.0010689469343179423,0.09726483282200614,8.004373589441256e-07,0.10370051086004496
"('0019893001', 'Center for Computational Sciences')",0.0010692328254477412,0.0,0.09866807332190426,4.652015499875148e-07,0.10488345416556913
"('0037986000', 'College of Education')",0.0010692328254477412,0.0,0.12549059072154573,1.5181466744971132e-05,0.14027970599389067
"('0013706000', 'Computer Science; and BioFrontiers Insti')",0.0002673082063619353,0.0,0.1067149703331812,3.217153975683011e-05,0.11513060122946693
"('0014894000', 'Department of Chemistry and Biochemistry')",0.0013365410318096765,0.0005346164127238706,0.12115029631788594,7.051795670028532e-05,0.1307411765504076
"('0015693000', 'School of Computer Science')",0.0021384656508954825,0.024373851780144798,0.15221548602351792,0.0002316151278902753,0.1712774998926471
"('0038000000', 'Entomology')",0.0008019246190858059,0.0,0.14275901545506584,0.00023327465343729017,0.15965124063430042
"('0015693000', 'Chemical and Biomolecular Engineering')",0.0021384656508954825,0.018856600990034268,0.14174212859470314,0.00012984602130966335,0.15945434057550234
"('0021782000', 'Materials Science and Engineering')",0.0010692328254477412,0.0,0.11730214473849242,6.609570933904093e-05,0.12639976551941146
"('0027110000', 'Computational Biology')",0.0008019246190858059,0.0,0.10741974386952277,2.840483269084405e-07,0.1156777036665226
"('0015693000', 'GW Woodruff School of Mech Engr')",0.0010692328254477412,0.0,0.12590024904085617,8.512280870518342e-05,0.13723947719183424
"('7203578873', 'EUV Source')",0.0010692328254477412,0.0,0.11889023072522723,2.2117843564256857e-05,0.1283185047471043
"('0039404000', 'Science and Technology')",0.0010692328254477412,0.0,0.0834299732381802,4.381489556107552e-09,0.08859553982846664
"('5300001194', 'Counseling and Psychological Servies')",0.0016038492381716118,0.0,0.11921606118546844,4.361263852898547e-06,0.1309949092915208
"('0033290000', 'Engineering Science and Mechanics')",0.0016038492381716118,0.0032034101093962406,0.14760890151515152,0.0004236132231672406,0.16433705846944677
"('0025064000', 'Computer Science')",0.0013365410318096765,0.010074925172999797,0.1376025306212528,0.00011268954918176891,0.15188107394402567
"('5300016569', 'Unknown Dept')",0.0013365410318096765,0.0,0.09762780865888984,2.766608831252194e-07,0.10481173661145993
"('4000790000', 'Unknown Dept')",0.0013365410318096765,0.0005346164127238706,0.10284536082474227,3.1570759388228303e-07,0.10972144462213976
"('5300005206', 'Unknown Dept')",0.005346164127238706,0.0344984278231385,0.1392155403393867,0.002342029674406977,0.16223748073186725
"('0040634000', 'Unknown Dept')",0.0008019246190858059,0.0,0.11211340206185567,8.36266907017029e-05,0.12088493050802508
"('0036442000', 'Center for Transformative Undergraduate')",0.0008019246190858059,0.0,0.108984443279147,5.165022007772168e-05,0.11856996085733129
"('0035352000', 'Chemical & Biomolecular Engineering')",0.0016038492381716118,0.0,0.09651204788194624,7.759569136545954e-06,0.10379235507000208
"('0034488000', 'Civil and Environmental Engineering')",0.0005346164127238706,0.0005346164127238706,0.10507246376811594,1.6315247159011702e-07,0.11225655172539353
"('0015982000', 'Department of Chemistry')",0.0002673082063619353,0.0,0.11052025170610653,4.962027781464436e-06,0.11736444080245588
"('0011510001', 'Department of Physics')",0.0018711574445335472,0.0,0.09758706143211164,1.4537742954426338e-05,0.10441310100715447
"('0013128000', 'EECS')",0.0010692328254477412,0.0010689469343179423,0.126002020882452,0.00044745495012933644,0.13709402691607114
"('0013151000', 'Department of Computer Science')",0.0002673082063619353,0.0,0.11738680222159466,1.4680958793124575e-06,0.12552903743407967
"('0018093000', 'Chemistry')",0.0002673082063619353,0.0,0.1385606874328679,9.9184666125593e-05,0.15375898711551408
"('0017756000', 'Physics')",0.002673082063619353,0.013795160777468176,0.15457400214858277,0.001080993161403428,0.17517189732152724
"('0020537000', 'Earth Sciences/Climate Change Institute')",0.0008019246190858059,0.0,0.06821041115872004,3.2534255017961433e-10,0.07300867895559923
"('0018093000', 'Computer  Science')",0.0008019246190858059,0.0,0.1254863813229572,0.0001671100774942592,0.13687761475321664
"('0022210000', 'Information and Computer Sciences')",0.0010692328254477412,0.0002664610636150653,0.11067719889944085,2.9869891787290848e-05,0.11899834255664601
"('0029728000', 'Kenan Inst. for Eng., Tech., & Science')",0.0005346164127238706,0.0,0.13304644711572658,0.0006839402860036417,0.1467561122096719
"('0016105000', 'Math&Sciences')",0.0008019246190858059,0.0,0.11132271983335813,3.6306870274994783e-06,0.11983730791193707
"('0013052000', 'Earth System Science')",0.0005346164127238706,0.0005346164127238706,0.10688571428571429,4.3560779578286634e-06,0.11307593992495892
"('0029744000', 'Carolina Population Center')",0.0002673082063619353,0.0,0.09892376444456197,5.847727271836538e-07,0.10384766655581151
"('0032102000', 'Biological and Ecological Eng')",0.0008019246190858059,0.0,0.129062305940799,2.250781173762713e-05,0.14147112053735109
"('0016915000', 'Stuart School of Business')",0.0021384656508954825,0.002136750304116689,0.1002411575562701,4.926393203991794e-07,0.1074839577153474
"('0037283001', 'School of Data Science')",0.0013365410318096765,0.004268926350156597,0.10256339958875943,0.000169333932190706,0.11088075699495895
"('0028373000', 'Computer Science and Engineering')",0.0029403902699812884,0.03163161632070629,0.15188794153471377,0.0005967705365438923,0.1707014635843829
"('0027854000', 'Department of Molecular Pathobiology')",0.0008019246190858059,0.0,0.112106682649086,8.320976742662886e-05,0.12079582777257113
"('0013706000', 'JILA')",0.0013365410318096765,0.0016029915647822151,0.11265696991598156,0.00043736623097527034,0.12141518527020169
"('0023879000', 'Chemical Engineering & Materials Sci')",0.0002673082063619353,0.0,0.121165991902834,1.3580944368039877e-05,0.13100860503437903
"('0018093000', 'UITS')",0.0016038492381716118,0.0008623498364875974,0.15239530715333224,0.0015382657497859842,0.17196801753384672
"('0014456000', 'McDonough School of Business')",0.0008019246190858059,0.0,0.09888454218650877,3.86009894832062e-08,0.10490064206072268
"('0016105000', 'Cyberinfrastructure')",0.0016038492381716118,0.0,0.12100921882581271,2.985651214560731e-05,0.131077884431227
"('0015354000', 'Computer & Information Science & Eng')",0.0008019246190858059,0.0005346164127238706,0.11322639225181598,0.0016010531993339056,0.12195989324273646
"('5300011389', 'College of Technology & Applied Sciences')",0.0013365410318096765,0.0,0.12496242108427698,0.01611974186642035,0.1368378840411723
"('0029728000', 'Molecular and Structural Biochemistry')",0.0013365410318096765,0.002136750304116689,0.1318971900010577,0.0002905203261358671,0.14564580237064229
"('0013177000', 'San Diego Super Computer')",0.0010692328254477412,0.0010689469343179423,0.1402752259177322,0.0001756779203492007,0.15562583466422716
"('4003554000', 'Department of Biological Sciences')",0.0005346164127238706,0.0,0.10954612005856515,1.9242819028821435e-06,0.12058505792336827
"('0010819000', 'Sch. Eng. of Matter, Transport & Energy')",0.0010692328254477412,6.432550420474379e-07,0.14274267399267399,0.09174401094055447,0.161140027960397
"('0032102000', 'MIME')",0.0002673082063619353,0.0,0.10577956229146639,1.4746858176815724e-06,0.11186344728126568
"('0036756000', 'Educational Psychology')",0.0013365410318096765,0.006927856802850906,0.11910219675262655,0.000231205219566795,0.13187577445974039
"('0029207000', 'Mathematics')",0.0008019246190858059,0.0,0.0984214680347277,1.4909447858353622e-06,0.10433151685038433
"('7203585099', 'Unknown Dept')",0.0002673082063619353,0.0,0.13913787332167962,0.002878303719495704,0.15427053455321293
"('0015354000', 'Civil and Coastal Engineering')",0.0018711574445335472,0.007800581787868443,0.13308431163287088,0.00164252081032676,0.14536533326275894
"('0013169000', 'Microbiology and Plant Pathology')",0.0021384656508954825,0.002136750304116689,0.125989290405146,2.4446023622063608e-05,0.1387802164430786
"('0033795000', 'Computer Science')",0.0008019246190858059,0.004249658703166817,0.12371440854525613,0.000252944781835352,0.1355422785219007
"('0026682000', 'Kazuo Inamori School of Engineering')",0.0008019246190858059,0.0,0.14103144085048633,0.011178737962354458,0.15602011334769944
"('0015511000', 'Unknown Dept')",0.0032076984763432237,0.005012857550604178,0.140766104756171,0.0002886713126997379,0.15776773676379857
"('0036772000', 'Watershed Sciences')",0.0016038492381716118,0.0016029915647822151,0.0901098371712111,3.295052055058717e-06,0.09671062349943528
"('0023259000', 'Educational Studies SOE')",0.0002673082063619353,0.0,0.09118607712182518,4.348467352540139e-08,0.09693812512654991
"('0032565000', 'Chemical and Biological Engineering')",0.0002673082063619353,0.0,0.10024384361853211,2.934801078667771e-07,0.1060131239206828
"('0010819000', 'Mechanical and Aerospace Engineering')",0.0010692328254477412,0.008660337005177984,0.12680066433921974,5.6846587548273954e-05,0.1389557098144714
"('0013128000', 'Environmental Studies')",0.0002673082063619353,0.0,0.12399323854032017,0.0005997430067690823,0.13422883358375662
"('0013706000', 'Computer Science')",0.002673082063619353,0.010645728000320197,0.11945970111125304,0.00031462249030289027,0.132802619386892
"('0036327000', 'Department of Psychology')",0.0010692328254477412,0.0,0.12621457489878543,0.00010523152878450897,0.13840201201869307
"('0036582000', 'Electrical & Computer Engineering')",0.0010692328254477412,0.00030618121790631874,0.14168844449494375,0.0004191799026852907,0.15627534313380373
"('0028373000', 'School of Social Work')",0.0010692328254477412,0.0,0.14118046645029814,0.00020195360498063785,0.155658962054311
"('0013177000', 'ECE')",0.0005346164127238706,0.0,0.149311514667731,0.0009120658189000881,0.16620813802697476
"('0013177000', 'Electrical and Computer Engineering')",0.0032076984763432237,0.04005497994252273,0.16594951869760013,0.0018911646602338722,0.19172850556819163
"('0013144000', 'Electrical Eng & Computer Science')",0.0002673082063619353,0.0,0.1232863168995518,3.968344638839014e-06,0.13215798980280863
"('0028373000', 'Department of Anthropology')",0.0008019246190858059,0.0,0.12076702069277205,1.848786241206669e-05,0.1309730272097546
"('0013151000', 'UCLA FSPH Biostatistics')",0.0005346164127238706,0.0,0.11802006435737271,7.359678559085812e-06,0.1278587914394969
"('0013136000', 'Plant Sciences')",0.0005346164127238706,0.0005346164127238706,0.13860175614093587,0.001959044330784013,0.15194295178905387
"('0038950000', 'Biological Systems Engineering')",0.0032076984763432237,0.003772560978128263,0.1396572964497704,0.0028772865588439786,0.15513848060607366
"('0080010000', 'Department of Medicine')",0.0008019246190858059,0.0,0.11679310667790578,4.88108882039988e-06,0.1251423683547776
"('0036525000', 'Human development and consumer sciences')",0.0005346164127238706,0.0,0.1028340526127711,2.1006212544732132e-07,0.10909784581243011
"('0034017000', 'Center for Evidence Based Medicine')",0.0010692328254477412,0.0,0.1006510977184675,8.828256781597529e-07,0.10766736928099951
"('0038950000', 'MECHANICAL ENGINEERING')",0.0010692328254477412,0.0,0.12575212612188644,0.0003228499899165455,0.13610288397424652
"('0022194000', 'Chemical & Biological Engineering')",0.0008019246190858059,0.0005346164127238706,0.10693765543263871,4.1662162060718486e-07,0.11566305242704367
"('0025320000', 'Chemistry and Biochemistry')",0.0005346164127238706,0.0,0.09937574711117014,6.385791617248531e-07,0.10481086580992487
"('0010835000', 'Geosciences')",0.0008019246190858059,0.0005346164127238706,0.10091446143886057,5.363123081658146e-06,0.10779044852762809
"('0014795000', 'Aeronautics Graduate Studies')",0.0005346164127238706,0.0,0.10622408995400079,2.734616134449483e-05,0.113134560321337
"('5300008543', 'School of Aerospace Engineering')",0.0005346164127238706,0.0,0.1146455824216236,1.0560969516138923e-05,0.12331315432405078
"('0025650000', 'Earth and Atmoshperic Sciences')",0.0010692328254477412,0.0,0.11893558847841292,0.0004316947866784234,0.13209911508003355
"('0025163000', 'Health Management & Informatics')",0.0013365410318096765,0.0,0.07481700731970721,5.012405146892114e-09,0.08142437709258743
"('0030908000', 'Teaching & Learning')",0.0002673082063619353,0.0,0.11360806583862249,0.00021893786757046005,0.12343585701232224
"('0018259000', 'Department of Computer Science')",0.0005346164127238706,0.0,0.11690990343448232,5.2582057682180185e-05,0.12583346569784
"('6250002291', 'Unknown Dept')",0.0005346164127238706,0.0,0.08864718845524988,9.157090933917995e-08,0.09315646057581974
"('0013284000', 'Electrical Engineering - Electrophysics')",0.0016038492381716118,0.00343428669467595,0.12247503683090522,3.9053524999835747e-05,0.13348655153987998
"('0026880000', 'Biology')",0.0010692328254477412,0.0,0.10083286164793402,1.3040257565367044e-05,0.10719859262655959
"('0010520000', 'Biomedical Engineering')",0.0010692328254477412,0.0,0.14274267399267399,0.09600318057724772,0.16114002796039703
"('0034256000', 'Charles H. Houston Center')",0.0002673082063619353,0.0,0.10438349284299227,3.870321068991607e-06,0.11063960449929408
"('0021626000', 'Department of Ecosystems')",0.0016038492381716118,0.0010689469343179423,0.09437436932391524,3.2721366477811007e-07,0.09961821524323711
"('0023259000', 'Electrical Engineering & Computer Scienc')",0.0005346164127238706,0.0,0.12226688891067752,8.456042871365959e-05,0.13436573601145071
"('0014480000', 'Physics and Astronomy')",0.0002673082063619353,0.0,0.12436008244132704,2.4121720048989263e-05,0.1344298615402216
"('0014266000', 'Computer Science')",0.0010692328254477412,0.0016029915647822151,0.10179868839968434,5.727749882926581e-07,0.10768409159488734
"('0010090000', 'Chemistry and Biochemistry')",0.0016038492381716118,0.003736311175341318,0.11885623510722795,0.0002377589442392245,0.12917581066668266
"('0034488000', 'Chemistry Biochemistry')",0.0010692328254477412,0.0,0.09446254071661238,7.802467045148432e-07,0.10018404394085464
"('0033290000', 'ARCHITECTURAL ENGINEERING')",0.0005346164127238706,0.0,0.13058959053304012,6.777502455293837e-05,0.14135773856751355
"('0036707000', 'Economics')",0.0005346164127238706,0.0,0.11516793399624418,2.6814848985362372e-06,0.12352123131640956
"('0010819000', 'High Perf. Computing, School of Eng.')",0.0002673082063619353,0.0,0.08981130263600134,4.833059217913772e-08,0.09412643184391807
"('5300012004', 'GTRI-ATASL')",0.0008019246190858059,0.0,0.10881642863375898,3.4462698615163335e-05,0.1156245758485241
"('0013169000', 'Institute for Integrative Genome Biology')",0.0010692328254477412,0.0,0.11190547412503739,3.645224518558003e-06,0.12035219754274819
"('0035105000', 'Math and Science')",0.0005346164127238706,0.0,0.11903019504279487,0.000331024807594075,0.1320297422360015
"('0036525000', 'Department of Civil and Environmental En')",0.0002673082063619353,0.0,0.1174531411886597,5.8782659688385265e-06,0.12641953620878954
"('0010819000', 'School of Human Evolution & Social Chng')",0.0005346164127238706,0.0,0.12491652197141713,0.01115829276887518,0.13617852379881284
"('4000659000', 'Unknown Dept')",0.0010692328254477412,0.00439112862718464,0.1197273250976125,3.588561710549791e-06,0.13258253132822032
"('0029058000', 'Academic Affairs')",0.0005346164127238706,0.0,0.10449428786905393,1.8594580137947293e-06,0.11031846279086575
"('0020537000', 'Computing and Information Science')",0.0008019246190858059,0.0,0.07426302729528536,3.90197489867166e-09,0.08060117920677957
"('0036582000', 'Texas Advanced Computing Center (TACC) S')",0.0008019246190858059,0.0,0.13279142410904443,0.00015624596902915513,0.1449211837644082
"('0021998000', 'Marine and Environmental Science')",0.0005346164127238706,0.0,0.11614044891496694,1.4005880287010388e-05,0.1240497013316484
"('0013482000', 'Department of Civil and Environmental En')",0.0010692328254477412,0.0,0.11140559857057772,0.0012554514183559674,0.12022492011642398
"('0033290000', 'Industrial Engineering')",0.0008019246190858059,4.804124628601824e-05,0.13643326039387307,0.0002181620004984145,0.14842999188074465
"('7203586089', 'Unknown Dept')",0.0005346164127238706,0.0,0.08376060721402503,3.99034236065896e-06,0.0884246944775794
"('0018259000', 'Department of Electrical Engineering')",0.0008019246190858059,0.0,0.1480645927333175,0.015448414381193699,0.1668058666956018
"('0023259000', 'Electrical Engineering & Computer Sci.')",0.0008019246190858059,0.0,0.13571558135316525,0.0001159407764086088,0.14989069566585073
"('0011510001', 'Astronomy')",0.0002673082063619353,0.0,0.09649213309259737,4.5003336543942145e-06,0.10300443230934474
"('0015354000', 'Computer & Information Sciences and Eng')",0.0013365410318096765,0.002136750304116689,0.12766175266175267,0.013905401190721407,0.14076249829056584
"('0033290000', 'Science, Engineering & Technology')",0.0013365410318096765,0.0,0.14666562120202298,0.0012342460464235417,0.16301580039551167
"('0019893001', 'Physics and Astronomy')",0.0013365410318096765,0.0,0.13819726634650906,0.00023783990790019017,0.15175602334430688
"('0030908000', 'Diversity and Inclusion')",0.0013365410318096765,0.0,0.11578817047881396,0.00037262051664533827,0.12636245608968338
"('0025320000', 'Electrical and Computer Engineering')",0.0010692328254477412,0.0010689469343179423,0.11033445407892409,5.596256696034097e-06,0.11804870442706462
"('0013177010', 'Marine Physical Laboratory-0213')",0.0005346164127238706,0.0,0.11159835332020762,0.0012378388462583759,0.12049371336837673
"('0036442000', 'Nutritional Sciences')",0.0005346164127238706,0.0,0.10898126838931453,4.5621316807151296e-05,0.11843630675415032
"('0013482000', 'Liberal Arts and International Studies')",0.0010692328254477412,0.0,0.12027005304613406,3.3443650620252896e-05,0.13037903151044733
"('0014175000', 'Speech, Language, and Hearing Sciences')",0.0008019246190858059,0.0005346164127238706,0.09215647632655072,2.919395443848646e-08,0.09671835117539332
"('0114629000', 'CSCE')",0.0008019246190858059,0.0,0.09506505387273836,6.16579431775391e-08,0.10212332538137235
"('0022905000', 'Chemical Engineering & Materials Science')",0.0013365410318096765,6.616206783464371e-05,0.13230769230769232,0.002641225586506511,0.15050247102702427
"('0034660000', 'Unknown Dept')",0.0013365410318096765,0.0,0.09866807332190426,5.458761602234731e-07,0.1049725569010231
"('0017756000', 'Mechanical Science & Eng')",0.0010692328254477412,0.0,0.10855434971853055,3.6286216892427464e-05,0.1159792737171319
"('0017756000', 'Chemical & Biomolecular Engr')",0.0010692328254477412,0.0,0.10855434971853055,3.6286216892427464e-05,0.1159792737171319
"('0001057000', 'Institute for Software Research')",0.0008019246190858059,0.0016029915647822151,0.12579441137899727,0.00042390230277421703,0.14100755345920238
"('0014316000', 'Biden School of Public Policy & Administ')",0.0016038492381716118,0.0010689469343179423,0.10103983794733289,2.1040178327406215e-06,0.10725107417875832
"('0018697000', 'Chemical and Biological Engineering')",0.0024057738572574178,0.004804686327399663,0.09169567135643904,1.4300986546790173e-06,0.09942356192086053
"('0037549000', 'Industrial and Systems Engineering')",0.0013365410318096765,0.004724332584645149,0.13909648633575014,0.0005837122433137566,0.15501644209543156
"('0025692000', 'Education')",0.0008019246190858059,0.0,0.12078651685393259,2.6779821214204043e-05,0.13154946863494463
"('0032565000', 'School of Education')",0.0010692328254477412,0.0010373326602335312,0.10919120866291118,3.507946973207806e-06,0.11679553327154543
"('0023879000', 'Organizational Leadership, Policy, and D')",0.0008019246190858059,0.0,0.10907023528382752,3.264407913268685e-06,0.11733716451556152
"('0013136000', 'Department of Computer Science')",0.0005346164127238706,0.0,0.10108898316534709,7.981242244436455e-07,0.1072166421485884
"('0013706000', 'NCWIT')",0.0010692328254477412,0.0,0.12576058089891418,0.00035864384662502623,0.13655780125307043
"('0039933000', 'School of STEM')",0.0010692328254477412,0.0,0.08632545689496031,1.2219663029654915e-07,0.09085643803418339
"('0010090000', 'Computer Science & Software Engineering')",0.0005346164127238706,0.0,0.1249498997995992,0.011702736316785398,0.1364369217316294
"('0038968000', 'Mechanical Engineering')",0.0002673082063619353,0.0,0.09624636599861072,3.297692573229691e-06,0.10269118867982042
"('0027078040', 'Dept. of Earth and Environmental Science')",0.0002673082063619353,0.0,0.10841278581157446,2.133119264666529e-07,0.1163989853926806
"('0023259000', 'Electrical Engineering and Computer Scie')",0.0018711574445335472,0.007382943948050856,0.12981469914636684,0.00012081788649370916,0.14402776597691486
"('0036582000', 'Civil, Architectual and Environmental En')",0.0010692328254477412,0.0,0.09724966205677446,7.804367779013922e-07,0.1032995485505021
"('0036756000', 'Civil & Environmental Engineering')",0.0013365410318096765,0.0010689469343179423,0.11739785351157973,1.5724684185183323e-06,0.12806140697727483
"('0013177000', 'Anthropology')",0.0016038492381716118,0.002670794934580962,0.13733480176211454,0.00014223084769586795,0.15304861221932217
"('0010090000', 'Electrical and Computer Engineering')",0.002673082063619353,0.00373831241324991,0.1427808098927522,0.102835659959809,0.16198650394720976
"('0022905000', 'Electrical & Computer Engineering (ECE)')",0.0010692328254477412,0.0,0.13230301315603338,0.002421584885607948,0.15036881692384327
"('0013052000', 'Department of Civil & Env. Engineering')",0.0002673082063619353,0.0,0.11652390593365519,0.00017673882835790193,0.12443810677217902
"('0022905000', 'Psychology')",0.0008019246190858059,0.0,0.13488372093023257,0.001846647843851404,0.15293706375302205
"('0001966000', 'EEAS')",0.0010692328254477412,0.0010689469343179423,0.08959835221421215,6.555240110834802e-08,0.09471128342378973
"('0032565000', 'Civil and Architectural Engineering')",0.0010692328254477412,0.0,0.10480459448101975,3.3097902809227345e-05,0.11376972866197016
"('0037549000', 'Unknown Dept')",0.008286554397219995,0.1008765915538058,0.16076493339063172,0.006574177298254654,0.18705966506688193
"('4000840000', 'Unknown Dept')",0.0005346164127238706,0.0,0.11760082990160636,1.2308239219614378e-05,0.12622981853652557
"('0013706000', 'Chemistry, CIRES')",0.0002673082063619353,0.0,0.1105627142688261,9.88174015323107e-07,0.11906954334545149
"('0026294000', 'Department of Chemistry')",0.0002673082063619353,0.0,0.13804428044280442,8.706356226113082e-05,0.15009307641271483
"('0010504000', 'Continuing Education')",0.0005346164127238706,0.0,0.12206342991386061,3.165192699712649e-05,0.13234652405532554
"('0017392000', 'Mechanical Engineering')",0.0018711574445335472,0.0037380265221201112,0.10435728632001785,1.2873819024997557e-06,0.11369032417933529
"('0036582000', 'Chemical Engineering')",0.0029403902699812884,0.006039578593842435,0.14130311614730878,0.0007369557025447982,0.15813009905832703
"('0014175000', 'Educational Psychology')",0.0008019246190858059,0.0,0.11830745390721356,0.0002472527655234784,0.1308449701451725
"('0013508000', 'Department of Computer Sciences')",0.0010692328254477412,0.0,0.12436835106382979,0.0003284359333018198,0.13493269257102486
"('0029751000', 'Geography and Earth Sciences')",0.0013365410318096765,0.0005346164127238706,0.1096585079876887,1.4966312849804383e-06,0.11872384896217862
"('0018093000', 'Physics Department')",0.0010692328254477412,0.0,0.12497077000167028,0.00010636884341206828,0.1361688392850184
"('0014175000', 'Ecology and Evolutionary Biology')",0.0010692328254477412,0.0005346164127238706,0.1251798561151079,0.013005411155436668,0.13711261747548867
"('0010819000', 'School of Mathematical and Statistical S')",0.0013365410318096765,0.0023276445990626465,0.11085758312096249,0.00026914869505433676,0.12215874435554488
"('0022210000', 'Biomedical Engineering')",0.0013365410318096765,0.004268926350156597,0.10429328129356008,5.230617983717809e-06,0.11206435205385512
"('0033787000', 'Economics')",0.0010692328254477412,0.0002672367335794856,0.12664184157075153,0.0022223916604891428,0.1404423916169756
"('0033290000', 'Department of Mathematics')",0.0002673082063619353,0.0,0.12791930244486238,9.890231765310163e-05,0.13788969312873864
"('0028373000', 'Physics')",0.0005346164127238706,0.0,0.11809084882729884,3.62495308151679e-05,0.1263444187025489
"('0001289000', 'Business School')",0.0013365410318096765,0.0,0.1085795553491612,1.2516397926176996e-06,0.11850083917621762
"('0037986000', 'Sciences and Mathematics')",0.0010692328254477412,0.0,0.12120524866353474,1.3979104014128171e-05,0.1351032984518057
"('0015354000', 'Herpetology')",0.0005346164127238706,0.0,0.12106796116504855,8.754202228958776e-06,0.13034306269718346
"('0031849000', 'School of Civil Eng. and Envir. Sci.')",0.0008019246190858059,0.0,0.0920091492658452,8.515054035223944e-07,0.09850006114691345
"('0036327001', 'Plant Pathology')",0.0010692328254477412,0.0,0.12697712307378997,0.010366963190016355,0.1390384612417497
"('0018697000', 'Mechanical Engineering')",0.0021384656508954825,0.008521914269826906,0.11214028776978417,7.129072556866765e-05,0.12469484976973436
"('0013177000', 'Mathematics')",0.0013365410318096765,0.0010690898798828418,0.09095771839821051,1.1716697554892364e-07,0.09697650067587331
"('0014175000', 'Dept. of Civil & Environ Engineering')",0.0005346164127238706,0.0,0.11945588657917425,0.00022914542190649313,0.12839092205217997
"('0010819000', 'Social and Behavioral Sciences')",0.0013365410318096765,0.0005346164127238706,0.14271544653416243,0.0960402073907641,0.16102864954107954
"('0022905000', 'Department of Physics & Astronomy')",0.0010692328254477412,0.0,0.13230301315603338,0.0019873167145488656,0.15036881692384332
"('0016105000', 'CMB')",0.0013365410318096765,0.0005336157937695746,0.12100530469659723,2.123406087028647e-05,0.13094423032804606
"('0037986000', 'Computer Science & Engineering')",0.0008019246190858059,0.0010690898798828418,0.11187535512425612,5.613715683003374e-06,0.12125504208431963
"('0036327060', 'Aerospace Engineering')",0.0008019246190858059,0.0,0.10729342931711934,8.122391020377093e-06,0.11420649787671669
"('6250043038', 'Unknown Dept')",0.0005346164127238706,0.0,0.14222171532846714,0.0008669006001816305,0.1565536637774725
"('0027078000', 'Biology and Paleo Environment')",0.0005346164127238706,0.0,0.09955557921068739,5.603514480877955e-08,0.10580452346517358
"('0029728000', 'Forestry & Environmental Resources')",0.0010692328254477412,0.0,0.1401701075349395,0.0011567064229294538,0.1560905049843215
"('5300001416', 'Information Technology Services')",0.0005346164127238706,0.0,0.12332695984703633,0.00011654597181795173,0.13255867547166722
"('0021055000', 'Language, Literacy, & Culture')",0.0002673082063619353,0.0,0.083588425874204,7.71972540435795e-09,0.08836125043313228
"('0096354000', 'CIARA')",0.0005346164127238706,0.0,0.09716630736863978,1.3635248153870575e-06,0.10320708102976718
"('0021998000', 'Architecture')",0.0008019246190858059,0.0,0.13137378845343448,0.0001099692995352636,0.143202689303332
"('0036327000', 'Landscape Architecture and Urban Plannin')",0.0010692328254477412,0.0,0.09724966205677446,7.804367779013922e-07,0.1032995485505021
"('0030908000', 'College of Nursing')",0.0005346164127238706,0.0,0.08092323000713837,1.2210521574420212e-07,0.08505392650762503
"('0013052000', 'Materials Science and Engineering')",0.0002673082063619353,0.0,0.11962395676781888,2.8270617713748545e-05,0.1278223602566737
"('0019489001', 'Kansas Geological Survey')",0.0010692328254477412,0.0010689469343179423,0.11114742408936953,0.0014220308688572014,0.11939912869319862
"('0018408000', 'Department of Electrical Engineering')",0.0016038492381716118,0.005658378116519779,0.12804189341821542,0.00015477699653465785,0.14059875995391305
"('0029728000', 'Applied Ecology')",0.0002673082063619353,0.0,0.11743839271699891,7.976849920901678e-05,0.12635848123889398
"('0019489001', 'Geology')",0.0005346164127238706,0.0,0.10003476214669627,0.00016182694338799755,0.1058023708396349
"('0037788000', 'Biology')",0.0021384656508954825,0.002136750304116689,0.126044474393531,6.175007598655553e-06,0.14144487817951185
"('0010090000', 'Unknown Dept')",0.0013365410318096765,0.007458613685322492,0.13478652495045937,0.0015645829705664709,0.1493847482821022
"('0096354000', 'School of Computing and Information Scie')",0.002673082063619353,0.033095886135188525,0.15191261268577927,0.09447382379537804,0.17519762603964653
"('0036442000', 'ECE')",0.0002673082063619353,0.0,0.1158204334365325,1.361388227658969e-05,0.1237477514937535
"('0021550000', 'Human Evolutionary Biology')",0.0010692328254477412,0.0070294159600870895,0.1241866949940247,3.3521137732726425e-06,0.13700797920572436
"('0015354000', 'Natural History')",0.0010692328254477412,0.00344606245777991,0.1351712675242087,0.0020144400393017517,0.15024686727420383
"('0036772000', 'Political Science')",0.0008019246190858059,0.0,0.08266672559331771,4.2545604911111035e-07,0.08743163264242862
"('0023259000', 'Center for Research on Learning and Teac')",0.0016038492381716118,0.0,0.12925851703406813,5.448838691701923e-05,0.1424840597106991
"('0027110000', 'Meinig School of Biomedical Engineering')",0.0002673082063619353,0.0,0.11616208663251049,4.483419637866833e-05,0.12500432347064258
"('0022905000', 'Teacher Education')",0.0016038492381716118,0.0032034101093962406,0.1341533385928423,0.001875175227155555,0.1540938520241793
"('0037549000', 'Myers Lawson School of Construction')",0.0008019246190858059,0.0,0.13806465899025686,0.00025575822042428974,0.15097011678808053
"('0028829000', 'School of Information Studies')",0.0002673082063619353,0.0,0.0885653409090909,5.448197585254234e-08,0.09261374871417823
"('0010835000', 'Department of Geography, University of C')",0.0002673082063619353,0.0,0.09166646247335278,5.484478841460793e-07,0.09643821034809401
"('0029207000', 'Office of Information Technoloty')",0.0010692328254477412,0.0,0.11332586107661083,1.9482154116791344e-05,0.12158203385560755
"('0013284000', 'Psychology')",0.0005346164127238706,0.0,0.11768221711912925,6.188071585177804e-06,0.1265896891886265
"('0033787000', 'Sociology')",0.0010692328254477412,0.0002672367335794856,0.12664184157075153,0.0022223916604891428,0.1404423916169756
"('0013219000', 'MCD Biology')",0.0002673082063619353,0.0,0.09579289683250966,5.5252375668567e-07,0.10172535402359265
"('0025684000', 'Department of Geography')",0.0032076984763432237,0.011709243003171962,0.1098130155282238,0.00016996474268061022,0.12154980333962753
"('0021030000', 'Department of Linguistics')",0.0002673082063619353,0.0,0.13025766016713092,0.0015696608282154743,0.14166008517098358
"('4019519000', 'Unknown Dept')",0.0005346164127238706,0.0,0.08635136070909216,1.582572506067143e-08,0.09103239365451839
"('0027854000', 'Electrical & Computer Engineering')",0.0016038492381716118,0.010493788209217167,0.14001272502713424,0.0019549350744465567,0.15533103179454463
"('0017756000', 'Mathematics')",0.0013365410318096765,0.0018674408598461619,0.109156162464986,1.1643569206967969e-05,0.11754776371149676
"('0018697000', 'School of Education')",0.0018711574445335472,0.0,0.08536418400876232,1.660282304647514e-08,0.09020157432709687
"('6250036639', 'Pediatrics')",0.0008019246190858059,0.0,0.088040101666196,1.0486481911341635e-06,0.09354727221502107
"('0080010000', 'Departments of Physics and Chemistry')",0.0010692328254477412,0.0,0.11681863602298276,5.573519054515006e-06,0.12539185601404873
"('0013284000', 'Electrical Engineering')",0.0018711574445335472,0.0029515053691191013,0.13336898395721924,5.409907619795e-05,0.14737118515834555
"('0010819000', 'School of Geographical Sciences and Urba')",0.0010692328254477412,0.0,0.1456832431169438,0.0951583697521049,0.16422717663696013
"('0015354000', 'School of Forest Resources & Conservatio')",0.0016038492381716118,4.288366946982919e-07,0.1306351922338234,0.00026484769004751687,0.14439134215243996
"('0032235000', 'Educational Studies')",0.0018711574445335472,0.0057206866812635785,0.14198421132533778,0.00023012798841611407,0.15815176532545322
"('0030908000', 'Department of Chemistry and Biochemistry')",0.0002673082063619353,0.0,0.10784709409594095,5.2805011861701456e-06,0.11464950086983391
"('0010637000', 'Museum of the North')",0.0008019246190858059,0.0,0.08452709114736319,6.864077411029047e-09,0.08926239857204724
"('0036582000', 'Statistics and Data Sciences')",0.0008019246190858059,0.0,0.13279142410904443,0.00018621916175502477,0.14492118376440818
"('0021030000', 'Inst for Physical Sci & Technology')",0.0002673082063619353,0.0,0.11526374168104511,0.0001638014322777761,0.12280974167148033
"('0028373000', 'Computer Science & Engineering')",0.0021384656508954825,0.016187433024279146,0.14934131736526945,0.00033277490634084275,0.1670378524027281
"('0027078000', 'Astronomy')",0.0002673082063619353,0.0,0.08630753258738032,7.76380630924836e-08,0.0902435385038821
"('7203586927', 'Unknown Dept')",0.0002673082063619353,0.0,0.1273098519652884,3.6877427376339463e-05,0.13995702859552056
"('0013169000', 'Department of Political Science')",0.0002673082063619353,0.0,0.11991537647850754,0.0017641629510832973,0.12966979004645893
"('0012260000', 'Mathematics')",0.0016038492381716118,0.005533268058698637,0.12526368658965345,3.276010898015267e-05,0.13778051149389509
"('0029207000', 'Department of Mathematics')",0.0008019246190858059,0.0,0.10621805792163544,1.2965363650651952e-05,0.11466123665271484
"('0038000000', 'Communication')",0.0008019246190858059,0.0,0.11307580703663402,1.1804209151545008e-05,0.12176702391747853
"('0010553000', 'Space Science Department')",0.0002673082063619353,0.0,0.11196911196911197,4.309400819218725e-06,0.12005976655460447
"('0017582000', 'Enrollment Management')",0.0010692328254477412,0.0,0.09103961841721016,5.901090981805588e-08,0.09646824643584505
"('0021154000', 'Mathematics and Statistics')",0.0008019246190858059,0.0,0.09095329556781989,1.1487413118624754e-07,0.0967091924695114
"('0500330000', 'College of Science and Math')",0.0005346164127238706,0.0,0.07701175453403875,5.145318210873432e-10,0.08094952114538378
"('0013151000', 'Atmospheric & Oceanic Sciences')",0.0002673082063619353,0.0,0.11296995319341688,5.650717206495572e-06,0.12161135732030925
"('0036442000', 'Unknown Dept')",0.0029403902699812884,0.00533773033890964,0.1223028638681836,0.0003918425934600868,0.13731725410931994
"('0033290000', 'Science Engineering and Technology')",0.0005346164127238706,0.0,0.13810543414057885,0.0007697168602500569,0.15128760685096002
"('0015982001', 'Marine Science')",0.0010692328254477412,0.0,0.09436960799152413,3.202714844950925e-07,0.09935090703687517
"('0020776000', 'Biology')",0.0008019246190858059,0.010372218935979241,0.12770097286226317,3.7910846498428984e-05,0.1417709057101194
"('0018259000', 'Entomology Department')",0.0008019246190858059,0.0,0.13914822391668216,0.003617843370502623,0.15453784275957483
"('0018408000', 'Dept of Civil Eng & Geological Sciences')",0.0005346164127238706,0.0,0.11943681757231339,6.904880695658819e-05,0.12887938321849707
"('0013508000', 'Electrical & Computer Engineering')",0.0010692328254477412,0.0,0.13488858440902862,0.00013944330161627677,0.14877190419361666
"('0015354000', 'School of Teaching & Learning')",0.0013365410318096765,0.0029279789824464765,0.13428335546860978,0.00043164749560561857,0.14994728199419485
"('0037986000', 'Industrial & Systems Engineering')",0.0008019246190858059,0.0,0.12515054195102368,1.3478124105895994e-05,0.14079762380330818
"('0037986000', 'Chemistry')",0.0005346164127238706,0.0010689469343179423,0.0914602840867418,7.46522164390992e-08,0.09649304318075745
"('0010512000', 'Civil, Construction & Environmental Eng')",0.0002673082063619353,0.0,0.10024384361853211,0.0001294993984987277,0.10625752767009239
"('0034710000', 'Mechanical Engineering')",0.0018711574445335472,0.007989227622229178,0.12280471391524143,1.5063503032998937e-05,0.13382193094372363
"('0025890000', 'Department of Physics-Space Science Ctr')",0.0010692328254477412,0.0,0.12507940753619312,2.0690955445335554e-05,0.1386786523802363
"('0010819000', 'Cronkite School of Journalism & Mass Com')",0.0005346164127238706,0.0,0.14286259833498816,0.07372062355301585,0.16112538965385806
"('0026633000', 'Natural Resources Management Program')",0.0018711574445335472,0.0,0.09922813718469006,1.2026629159130115e-06,0.10718559269611012
"('0017756000', 'Library and Information Science')",0.0008019246190858059,0.0,0.15490683229813665,0.0008204181266797697,0.1737969702348924
"('0013136000', 'Physics')",0.0005346164127238706,0.0005346164127238706,0.12112676056338029,4.659920769859159e-05,0.1302065601376837
"('0037549000', 'College of Engineering')",0.0002673082063619353,0.0,0.13225623983596124,0.00015984315856998855,0.1437972293826358
"('0037499000', 'School of Business')",0.0010692328254477412,0.0,0.11136580138128126,8.812453461704802e-06,0.11902185182233704
"('0013052000', 'Civil and Environmental Engineering')",0.0024057738572574178,0.003968681968195432,0.1318878900052882,0.001729642862462594,0.1447691460587128
"('0010512000', 'Geography')",0.0013365410318096765,0.005865056527823639,0.10034871244635193,0.0001981168422942472,0.10775890876249196
"('6250027547', 'Unknown Dept')",0.0005346164127238706,0.0,0.1393971010172523,0.00023619543647002464,0.15324417217607933
"('0014811000', 'Harbor Branch')",0.0002673082063619353,0.0,0.06652204064939453,1.8398573911096838e-10,0.07098357703201018
"('4002127000', 'Earth and Planets Laboratory')",0.0002673082063619353,0.0,0.11614405464141571,1.2816314572324622e-05,0.12320733077549412
"('0001479000', 'Information Systems and Cyber Security')",0.0008019246190858059,0.020521340005663948,0.11693182883755822,4.4296314035679904e-05,0.12765807880082072
"('0032896000', 'Bioengineering')",0.0024057738572574178,0.002136750304116689,0.12238688782019826,2.9497842945099006e-05,0.13270590338199761
"('6250020070', 'Unknown Dept')",0.0002673082063619353,0.0,0.1205607476635514,4.191466049382755e-05,0.13130488827160872
"('0028381000', 'Physics Department')",0.0002673082063619353,0.0,0.0833184855233853,1.1784334009596974e-07,0.08741186850506734
"('0011577000', 'Computer Science')",0.0005346164127238706,0.0,0.10877529658060014,8.30236956509835e-07,0.11715401007348644
"('0016105000', 'Graduate Division')",0.0002673082063619353,0.0,0.11131609486118964,2.8810189321132865e-06,0.11956999970557514
"('0010553000', 'Physics')",0.0010692328254477412,0.0005346164127238706,0.12608270702032287,4.178153804575603e-05,0.13838912754887076
"('0036566000', 'Industrial, manufacturing, & systems eng')",0.0005346164127238706,0.0,0.08058505482196325,1.974301148168232e-08,0.08646628543967225
"('7203586072', 'Unknown Dept')",0.0002673082063619353,0.0,0.09157222235821115,3.4129074214884103e-06,0.09750053395533065
"('0025650000', 'Biological Systems Engineering')",0.0005346164127238706,0.0,0.10748764509826457,5.6367842958880466e-06,0.11472703725391813
"('4100749000', 'Smithsonian Tropical Research Institute')",0.0008019246190858059,0.0,0.10287930038775679,4.6410354866295466e-08,0.11001149548073819
"('0028829000', 'Academic Affairs')",0.0008019246190858059,0.0,0.12539804914021385,0.0003169727417681379,0.1367841609220922
"('0018259000', 'Computer Science')",0.0010692328254477412,0.00014310100652269915,0.14899633582921779,0.0888974699025986,0.16863985238083073
"('0025361000', 'College of Forestry and Conservation')",0.0005346164127238706,0.0,0.09937574711117014,6.385791617248532e-07,0.10481086580992487
"('0010512000', 'Educational Leadership, Policy, and Tech')",0.0005346164127238706,0.0,0.10658119658119658,2.4223300153158944e-06,0.11359309171457631
"('0080010000', 'Inst for Environmental Science & Policy')",0.0010692328254477412,0.0,0.10023041474654378,4.6476884521752345e-07,0.10694934130262355
"('0015354000', 'Ft. Lauderdale Research & Education Ctr')",0.0008019246190858059,0.0,0.13062606934599671,0.000193557945908738,0.1440349312106241
"('0018093000', '1315 E. Tenth Street')",0.0010692328254477412,0.0,0.14352580088240935,0.000859432223320738,0.1603847501967699
"('4008850000', 'JGCRI')",0.0013365410318096765,0.0,0.1302758044295863,0.0026546098398537617,0.1421947015837074
"('0032102000', 'CBEE')",0.0018711574445335472,0.004631401928365979,0.13396598030438675,9.705653460677439e-05,0.14834797871733651
"('0001057000', 'Heinz School of Public Policy and Mgmt')",0.0010692328254477412,0.0,0.11290176550475328,2.35974591579227e-06,0.12109196377086252
"('0013706000', 'Technology, Cybersecurity, and Policy Pr')",0.0018711574445335472,0.002136750304116689,0.1067758876584085,4.350321243524205e-05,0.11644486657741306
"('0013284000', 'Viterbi School of Engineering')",0.0002673082063619353,0.0,0.09928080464955813,1.24667293298385e-07,0.10495702346115313
"('6250021189', 'Unknown Dept')",0.0002673082063619353,0.0,0.09504331698889763,4.830622403927475e-08,0.1015887089686485
"('0011452001', 'Educational Leadership and Administratio')",0.0005346164127238706,0.0,0.08361831958693756,2.5792020748979205e-06,0.08803036962455368
"('0013706000', 'Institute of Arctic and Alpine Research')",0.0008019246190858059,0.0035949237397097373,0.11539173349784083,5.689245868001185e-07,0.12693033636297382
"('0023879000', 'Computer Science and Engineering')",0.0013365410318096765,0.0009412314774395624,0.13213478383724217,0.0002973275464457189,0.14487117247389078
"('0013169000', 'Graduate Division')",0.0016038492381716118,0.0005346164127238706,0.13624940816549513,0.0172662307780153,0.15193455487160393
"('0010835000', 'Laboratory of Tree-Ring Research')",0.0008019246190858059,0.0,0.11196576080450138,4.502188446234635e-05,0.1207871452912484
"('0028373000', 'Chemistry')",0.0021384656508954825,0.004982368632606915,0.14595606882290976,0.0017864757083912361,0.16299497415175015
"('7203577003', 'Liberal Arts')",0.0013365410318096765,0.0,0.09762780865888984,2.766608831252194e-07,0.10481173661145993
"('0018697000', 'Anthropology/Political Science')",0.0010692328254477412,0.0,0.11192891122879454,7.880396388042766e-05,0.1229019754427782
"('6250007307', 'Unknown Dept')",0.0013365410318096765,0.0,0.10052398226521564,0.0002377475162187045,0.10815508806805374
"('0013284000', 'Ming Hsieh Department of Electrical and')",0.0008019246190858059,0.0015549846468261516,0.12941949768214212,4.242118291673804e-05,0.14165439667514745
"('0038950000', 'Research and Sponsored Program - Univers')",0.0010692328254477412,0.0,0.14276991184215548,0.0002684088900579826,0.1598294461052084
"('0035352000', 'Electrical Engineering & Computer Scienc')",0.0008019246190858059,0.0,0.10671192629146818,3.9613157910738916e-05,0.11526871046942058
"('6250000618', 'Unknown Dept')",0.0010692328254477412,0.0,0.09517873044141967,1.052126632433963e-06,0.10212614148294903
"('0028373000', 'Civil, Structural and Environmental Engi')",0.0010692328254477412,0.0,0.13363100553670298,0.0003040186970642088,0.14572507187783898
"('0032565000', 'Writers Room')",0.0005346164127238706,0.0,0.10913705583756345,3.387679042488714e-06,0.11616290384982222
"('0013706000', 'Ecology and Evolutionary Biology')",0.0018711574445335472,0.007839580567309382,0.11551287593404558,8.990207178334067e-07,0.12740178381718004
"('0026211000', 'Department of Mathematics')",0.0005346164127238706,0.0,0.1127554403520405,5.797032290754999e-05,0.1201474740332701
"('0036756000', 'Mechanical Engineering')",0.0010692328254477412,0.007404178128860136,0.13923108414901933,4.250020525996852e-05,0.15238051802453526
"('0010611000', 'IGAP')",0.0005346164127238706,0.0,0.1019040614529705,5.86993466750844e-08,0.10917395610528967
"('0029207000', 'The Graduate School')",0.0010692328254477412,0.0,0.12959883600083144,5.478856304196635e-05,0.14334291770715132
"('7203588090', 'Unknown Dept')",0.0005346164127238706,0.0,0.12490818030050084,0.00010085588908320526,0.13488643139806
"('0013128000', 'Nuclear Engineering')",0.0010692328254477412,0.0,0.08647511615542867,6.768009921587139e-08,0.09065961623213487
"('0021030000', 'Physics, Geology, IREAP')",0.0002673082063619353,0.0,0.13025766016713092,0.0015696608282154743,0.14166008517098358
"('0028829000', 'Electrical Engineering and Computer Sci.')",0.0008019246190858059,0.0,0.1075216279136608,5.027833743632246e-06,0.11439527540699629
"('0010512000', 'Political Science')",0.0002673082063619353,0.0,0.1153739398612182,1.0213297794479985e-05,0.123398325930161
"('0015354000', 'Entomology & Nematology')",0.0002673082063619353,0.0,0.10759894155545328,5.424179814784242e-06,0.1139650683373252
"('0013508000', 'Atmospheric Sciences')",0.0005346164127238706,0.0,0.13041204768876805,8.75052140525699e-05,0.14245417903066313
"('0014266000', 'Applied Physics')",0.0008019246190858059,0.0,0.09240002963914343,7.449036604523238e-08,0.09675659287687771
"('0030908000', 'Department of Earth Sciences')",0.0002673082063619353,0.0,0.06004333520584223,3.606208726342276e-12,0.0630967306924771
"('0013144000', 'Computer Science')",0.0013365410318096765,0.014185365075706051,0.14061795218764095,3.856243097524426e-05,0.1550794875474108
"('0028381000', 'Institute for STEM Education')",0.0005346164127238706,0.0,0.11087401084733707,6.204499169938077e-05,0.11896814017904536
"('0031849000', 'University of Oklahoma Polytechnic Insti')",0.0008019246190858059,0.003736311175341318,0.1265390339602219,0.00012692994972170746,0.13775993601575057
"('0022905000', 'College of Education')",0.0016038492381716118,0.0,0.09556043731480536,2.43501865772832e-07,0.10162527526010826
