Node,Degree,Betweenness,Closeness,Eigenvector,Harmonic
"('0030502000', 'Chemistry & Biochemistry')",0.0009053870529651426,0.0,0.12508139633645707,8.925944024410016e-06,0.1337284810406132
"('0022905000', 'Chemistry')",0.0015844273426889996,0.003200802951036899,0.13683102081268583,6.550268812201827e-05,0.14835690942526478
"('0020107000', 'College of Science')",0.0015844273426889996,0.0018095442389803665,0.1250955630432936,9.20307306449495e-06,0.1341057256460153
"('0020107000', 'Chemistry')",0.0018107741059302852,0.00265985949584685,0.13442054340219672,1.1089988791050149e-05,0.1454106654876228
"('0020107000', 'Biological Sciences, 534 Choppin Hall')",0.0009053870529651426,0.0,0.12508139633645707,8.925944024410015e-06,0.1337284810406132
"('0017749000', 'Computer Science')",0.0018107741059302852,0.010304319165617396,0.146509699883933,0.00016705567299413643,0.16079326023305085
"('0017749000', 'CELS')",0.0011317338162064282,0.003452994945150328,0.13724759242000623,0.0004952852550269002,0.14901723634747552
"('0017749000', 'Department of Computer Science')",0.000679040289723857,0.0007841753294838004,0.13222398467662286,0.000109914499524239,0.14198974909703635
"('0029751000', 'Computer Science')",0.001358080579447714,0.012501307861323127,0.13258507892683513,9.470205087978744e-06,0.14308473956504703
"('0029751000', 'Unknown Dept')",0.002037120869171571,0.004690998610576317,0.1260161442140392,2.1553455950676392e-06,0.13497843481150365
"('0001057000', 'Unknown Dept')",0.004300588501584427,0.022736729395808238,0.15128582679861657,0.0007855582552956229,0.16839128566720094
"('0001057000', 'Human-Computer Interaction Institute')",0.0029425079221367134,0.014354805153523966,0.14667994687915006,0.005071278808268625,0.1627413272558121
"('0027110000', 'Computer Science')",0.001358080579447714,0.009800743865163712,0.15294606383715295,0.00014668536269637572,0.16796820829188372
"('0019489001', 'Sociology')",0.000679040289723857,0.0004526935264825713,0.11359662655558984,1.8916567100847784e-06,0.12058182625181171
"('0019489001', 'Unknown Dept')",0.001358080579447714,0.004355700628565352,0.12813968327629213,1.8028027770267545e-05,0.13868499402111895
"('6250009361', 'Electrical Eng & Comp Science')",0.0004526935264825713,0.0,0.11359370580824313,1.8763175287552885e-06,0.12046865287019107
"('0013128000', 'Berkeley School of Education')",0.00022634676324128565,0.0,0.11492937228480009,2.0931351436222605e-06,0.12224861122169542
"('0013128000', 'Unknown Dept')",0.004300588501584427,0.007301420771919556,0.12984951798730307,2.2207182888669615e-05,0.14222850266025827
"('0036327000', 'Biology')",0.000679040289723857,0.0013574656459727544,0.1220947906591129,4.0367629317806657e-07,0.12946391606984556
"('0010090000', 'Biological Sciences')",0.000679040289723857,0.0009051820751401561,0.10882309473373072,3.945557857615693e-08,0.11403092185968926
"('0037283001', 'Psychology')",0.00022634676324128565,0.0,0.13807544457292872,7.386006185650046e-06,0.14731064858384854
"('0036046000', 'Psychological Sciences')",0.0029425079221367134,0.028598272832999202,0.16018854242204497,7.802501681177917e-05,0.1761511481577111
"('0035303000', 'Ecology & Evolutionary Biology')",0.001358080579447714,0.005400800886342863,0.13532222494486645,5.578744866683746e-05,0.14791802935759382
"('0035303000', 'Ecology and Evolutionary Biology')",0.0036215482118605704,0.01509428802729118,0.14325086735190168,0.00020771335185306892,0.15975687081390866
"('0013284000', 'Department of Computer Science')",0.0018107741059302852,0.007211528815022243,0.1466166661135632,0.00023229672978949923,0.16295935340751908
"('0035303000', 'Economics')",0.0009053870529651426,0.0,0.13366815926418976,5.462530994705518e-05,0.1455927836812843
"('0037549000', 'School of Public and Internat. Affairs')",0.0015844273426889996,0.004568488397794414,0.14016497461928934,6.220088174262707e-05,0.15356644826427474
"('0014894000', 'National High Magnetic Field Laboratory')",0.002037120869171571,0.004116900768586435,0.10986496903986273,7.527430456002638e-07,0.11749307388037851
"('0014894000', 'Applied Superconductivity Center')",0.00022634676324128565,0.0,0.09899170961236836,7.09149122461992e-08,0.10388945630021351
"('0015982001', 'Odum School of Ecology')",0.002037120869171571,0.0015941322588763707,0.1449475065616798,0.0006845803202587247,0.15944351219928315
"('0015982001', 'Poultry Science')",0.00022634676324128565,0.0,0.1266011404991833,6.449748547924111e-05,0.13534561446196305
"('0015362000', 'Chemical, Environmental and Materials En')",0.001358080579447714,0.0018099541946303393,0.09985534761775608,7.304702228620315e-08,0.10504707862075871
"('0015354000', 'Mechanical and Aerospace Engineering')",0.001358080579447714,0.0045198635298636805,0.11090192534578407,6.737285035206259e-07,0.1176395674688078
"('0015354000', 'Environmental & Global Health')",0.000679040289723857,0.0004526935264825713,0.09984857730467603,7.100501083909288e-08,0.10470755847589677
"('6250015158', 'Unknown Dept')",0.0004526935264825713,0.0004526935264825713,0.1338706745045755,5.140747958045769e-05,0.1435566423541744
"('6250015158', 'CCS-3')",0.00022634676324128565,0.0,0.11806836099307838,4.843592229627475e-06,0.12439955651150474
"('0002824000', 'Biological Sciences')",0.0011317338162064282,0.0009052845640526493,0.11293456032719837,2.0301747146936866e-05,0.12074680387265155
"('0002824000', 'Fisheries Science')",0.00022634676324128565,0.0,0.10147690470174794,1.9945204552933287e-06,0.10664033102353462
"('0021030000', 'Department of Electrical and Computer En')",0.002037120869171571,0.005172178875489584,0.152397378406347,0.0007875148156898542,0.16656304311351722
"('0010835000', 'College of Optical Sciences')",0.0036215482118605704,0.0443756721729474,0.1722887337674999,0.0008464045506063603,0.19256260438922249
"('0022210000', 'Department of Computer Science')",0.001358080579447714,0.0004526935264825713,0.15028233213143752,0.0006459010494422424,0.16345320842830902
"('0014266000', 'Electrical Engineering/ YINS')",0.0011317338162064282,0.0,0.15027722031361612,0.0006406613429091764,0.1633400350466884
"('0021550000', 'School of Engineering and Applied Scienc')",0.002037120869171571,0.003616526255148402,0.15031812459596475,0.0006664088030963886,0.16394362641533172
"('0021782000', 'EECS')",0.002716161158895428,0.019135573513840824,0.1556949534818156,0.003853889715591108,0.17220599366932407
"('0013128000', 'Computer Science')",0.0029425079221367134,0.016141963882686714,0.14899500876837987,8.359194987139918e-05,0.1655019801635901
"('0013128000', 'EECS')",0.001358080579447714,0.0010823243345508848,0.1341104331724494,2.5677361228643363e-05,0.14568619349062853
"('0018929000', 'Computer Science')",0.000679040289723857,0.0009051820751401561,0.10689313106385037,7.730360795711723e-06,0.11307096810851347
"('0018929000', 'Computer Science Department')",0.0004526935264825713,0.0,0.09657463877412727,8.037933103921071e-07,0.10088926896334488
"('0018929000', 'Internal Medicine')",0.0004526935264825713,0.0,0.09657463877412727,8.037933103921071e-07,0.10088926896334488
"('0036327060', 'Civil Engineering')",0.00022634676324128565,0.0,0.1189456963627063,2.106142386231746e-06,0.12716509039222837
"('0036327000', 'Construction Science')",0.0022634676324128564,0.001686166304306507,0.13499969443256127,2.2324949762173556e-05,0.1487437044872525
"('0021030000', 'Mathematics')",0.0009053870529651426,0.008445338327789176,0.14745836253796601,0.026188850350538296,0.16297633569589076
"('0021030000', 'Unknown Dept')",0.007243096423721141,0.03651235433522524,0.15294076920414026,0.2626925602205916,0.17410793145288214
"('0036756000', 'Mechanical Engineering')",0.0004526935264825713,0.004024184607429503,0.1455683690280066,0.00025916428886981683,0.15847647335311327
"('0023259000', 'Mechanical Engineering')",0.003847894975101856,0.03698725232303106,0.156295326706053,6.493566881963031e-05,0.17402684898723683
"('0033290000', 'Unknown Dept')",0.008374830239927569,0.07383275667251789,0.16236080996655763,0.0002942780756780907,0.18952123275346355
"('0033290000', 'Department of Geosciences')",0.00022634676324128565,0.0,0.1396863538636651,2.7778138056714522e-05,0.15420563604696594
"('0013201000', 'Materials, Chemistry & Biochemistry')",0.000679040289723857,0.0,0.11294033437292295,1.764378688356647e-06,0.11940592597530711
"('0013201000', 'Chemistry and Biochemistry')",0.0009053870529651426,0.0004526935264825713,0.11294322161719968,1.7788101602865216e-06,0.11951909935692774
"('0013151000', 'Chemistry and Biochemistry')",0.001358080579447714,0.0013574656459727544,0.11294899654863863,1.8189295486825174e-06,0.11974544612016906
"('0013151000', 'Chemical and Biomolecular Engineering')",0.0011317338162064282,0.003164550151053284,0.12729420577981387,1.5128903341998434e-05,0.13671921107412216
"('0036582000', 'Department of Linguistics')",0.000679040289723857,0.001357670623797741,0.148624100114378,2.111720286786279e-05,0.16054621526554422
"('0036582000', 'Unknown Dept')",0.006337709370755998,0.06485685748083618,0.17452103495951019,0.00021929733545362806,0.19611422227990802
"('0038950000', 'Electrical and Computer Engineering')",0.002037120869171571,0.0021818433847301654,0.15256578492989847,0.00013439260481241879,0.1667527822009473
"('0038950000', 'Radiology')",0.00022634676324128565,0.0,0.132374531835206,1.2665650101552091e-05,0.14084636190226943
"('0017392000', 'NAISE')",0.002037120869171571,0.011698750581006457,0.13827856025039123,0.0007848681227084453,0.15201810663557977
"('0017392000', 'Industrial Engineering and Management Sc')",0.00022634676324128565,0.0,0.12148376275194545,7.392333887888821e-05,0.12985609971236878
"('0013177010', 'Integrative Oceanography Division')",0.001358080579447714,0.002258592787786229,0.12051939549348027,6.609896019929863e-06,0.12928537560723993
"('0013177010', 'Department of Oceanography')",0.00022634676324128565,0.0,0.10755934266585514,6.226755306813059e-07,0.11314677437040999
"('0033290000', 'Engineering Science & Mechanics')",0.0011317338162064282,0.0,0.13972169512966476,4.495834961849504e-05,0.1548092274156093
"('0018259000', 'NCN')",0.0011317338162064282,0.0,0.13972169512966476,4.495834961849504e-05,0.1548092274156093
"('0028654000', 'Unknown Dept')",0.0011317338162064282,0.0,0.13972169512966476,4.495834961849504e-05,0.1548092274156093
"('0052209000', 'Engineering')",0.002037120869171571,0.0018095442389803665,0.13973937246963564,4.709947359238523e-05,0.15526192094209185
"('0033290000', 'Engineering Science')",0.0011317338162064282,0.0,0.13972169512966476,4.495834961849504e-05,0.1548092274156093
"('0022905000', 'Microbiology & Molecular Genetics')",0.00022634676324128565,0.0,0.11509104644801625,1.4001603299333265e-07,0.12079156225545945
"('0036582000', 'Molecular Biosciences')",0.0011317338162064282,0.0009052845640526493,0.1300559317044451,1.4767053808262874e-06,0.13884210201548244
"('0022194000', 'Earth & Climate Sciences')",0.0004526935264825713,0.0,0.12415343543627932,5.1823820820762916e-05,0.13399941251344516
"('0026294000', 'Unknown Dept')",0.0033952014486192846,0.015857780285264925,0.14172975747465674,0.0004967998974960066,0.15809358264088774
"('0026294000', 'Marine and Coastal Sciences')",0.0011317338162064282,0.0013574656459727546,0.12416390309707155,5.3424844686458876e-05,0.13433893265830713
"('0029207000', 'Unknown Dept')",0.004300588501584427,0.014274036595352525,0.14113212369026323,3.484443499601489e-05,0.15470152803787876
"('0029207000', 'Chemistry, Radiology')",0.00022634676324128565,0.0,0.12368074801937236,3.2948363760760255e-06,0.13155542586280428
"('0018259000', 'Unknown Dept')",0.01199637845178814,0.09925593520625513,0.1788663967611336,0.0006491911189911592,0.20648513500482693
"('0018259000', 'Earth Atmospheric and Planetary Sciences')",0.000679040289723857,0.0,0.1522713172950989,7.913217887750604e-05,0.16692798235917167
"('0018697000', 'Dept. of Electrical and Computer Eng.')",0.00022634676324128565,0.0,0.12170463623591636,1.4457324217865683e-05,0.12957409335295275
"('0018697000', 'Unknown Dept')",0.001358080579447714,0.003149745684144517,0.1385647973905407,0.00014721696167183454,0.15126681765998073
"('0014894000', 'Earth, Ocean, and Atmospheric Science')",0.001358080579447714,0.0009052845640526493,0.09900723841964906,1.0070241515899218e-07,0.10453077212939717
"('0014894000', 'Geological Sciences/NHMFL')",0.00022634676324128565,0.0,0.09008972267536705,9.487212295686889e-09,0.09380937647562684
"('7203576228', 'Department of Geography')",0.00022634676324128565,0.0,0.11651458410253705,7.392594995358028e-07,0.12240467394383166
"('0025734000', 'Thayer School of Engineering')",0.0009053870529651426,0.0018100566835428326,0.13187666039819707,7.835608399521704e-06,0.14092345333857254
"('0013177000', 'Mathematics')",0.001358080579447714,0.0027142138695580562,0.11189909325768704,1.701196769454114e-07,0.11786993803410509
"('0026120000', 'School of Mathematics')",0.0009053870529651426,0.004018023038581145,0.12595147817658295,1.7092483095454415e-06,0.13385645802712956
"('0019893001', 'Physics and Astronomy')",0.00022634676324128565,0.0,0.09980797469784254,1.2138415821420742e-07,0.1040198748354535
"('0019893001', 'STEM Education')",0.000679040289723857,0.0004526935264825713,0.11087131098173057,1.2729113343428882e-06,0.11696814862706982
"('0033787000', 'Electrical and Systems Engineering')",0.0009053870529651426,0.0022618278098129646,0.12989915027491106,1.2098340809913461e-05,0.13875888522221616
"('0033787000', 'Computer and Information Science')",0.000679040289723857,0.0013574656459727544,0.11498620581958253,1.173212150004187e-06,0.12108533246741145
"('6250002735', 'Education')",0.0004526935264825713,0.0,0.12525160887931278,2.1630261299497025e-05,0.13617909201001643
"('5300005206', 'Unknown Dept')",0.0033952014486192846,0.013761970447775414,0.1431719489273446,0.00020777152537699716,0.1616959809467718
"('6250002735', 'Unknown Dept')",0.000679040289723857,0.0004526935264825713,0.12525515990020414,2.180718101478932e-05,0.13629226539163708
"('0017749000', 'Unknown Dept')",0.006564056133997284,0.03904729944118812,0.16393929273813498,0.00088018849376016,0.18527278955640036
"('0013128000', 'Chemical and Biomolecular Engineering')",0.000679040289723857,0.002184961612473701,0.14366078106201022,8.788389162649154e-05,0.15594238641997774
"('0010637000', 'Civil, Geological, and Environmental Eng')",0.00022634676324128565,0.0,0.08592823106097443,1.297963989634012e-07,0.08938262042520992
"('0010637000', 'Geology')",0.0011317338162064282,0.0004526935264825713,0.09400400017022001,1.3712226101391626e-06,0.09909740452090363
"('0013128000', 'Psychology')",0.0011317338162064282,0.001357670623797741,0.1374653847350571,1.0100193344199005e-05,0.14821953736620927
"('0010835000', 'School of Human Ecology')",0.0004526935264825713,0.0,0.12085897961975106,1.0520270566441797e-06,0.12777881479216877
"('0010835000', 'Family and Consumer Sciences')",0.0004526935264825713,0.0,0.12085897961975106,1.0520270566441797e-06,0.12777881479216877
"('0036046000', 'Unknown Dept')",0.00022634676324128565,0.0,0.11651458410253705,7.392594995358028e-07,0.12240467394383166
"('0021303000', 'Electrical and Computer Engineering')",0.0015844273426889996,0.001357670623797741,0.10902181423354061,2.669075981234614e-06,0.11673109567951419
"('0021303000', 'Biomedical Engineering')",0.00022634676324128565,0.0,0.09830666874346365,2.5139395874609636e-07,0.10334209516831198
"('0034256000', 'Unknown Dept')",0.005658669081032141,0.03872488842136687,0.16208085699611124,0.003459277137736953,0.1838364856812111
"('0010819000', 'Knowledge Enterprise')",0.002037120869171571,0.00609334874708888,0.1497627118644068,0.0005707051929625018,0.16481333225900763
"('5300002722', 'President & CEO')",0.0011317338162064282,0.0,0.14172975747465674,0.000537117983783789,0.15505775347332468
"('5300002722', 'Cyberinfrastructure Team')",0.0011317338162064282,0.0,0.14172975747465674,0.000537117983783789,0.15505775347332468
"('0020776000', 'Space Department')",0.00022634676324128565,0.0,0.11266097156700242,3.773426197567407e-07,0.1212155016418315
"('0020776000', 'Unknown Dept')",0.0061113626075147125,0.02215512886840024,0.12696131961606988,4.0020924259467585e-06,0.14192189280464393
"('0025650000', 'School of Natural Resources')",0.0011317338162064282,0.001809851705717846,0.10666859819402193,9.252510618861125e-08,0.11269883636055919
"('0025650000', 'Educational Psychology')",0.00022634676324128565,0.0,0.09638922221010145,8.727000467508415e-09,0.1004460368044816
"('0036582000', 'TACC')",0.0033952014486192846,0.003983612525084865,0.1500577406426194,4.8346760690269205e-05,0.16446505307980935
"('0036582000', 'Texas Advanced Computing Center')",0.004979628791308284,0.042368465008433276,0.16941483242579952,0.00020604853538957105,0.19080727694919547
"('0010637000', 'Geophysical Institute')",0.002716161158895428,0.00406942475945596,0.10374301413610107,6.014228872903091e-06,0.11108727902991816
"('0010637000', 'Geophysics')",0.0011317338162064282,0.0009031322968902916,0.1037259643603409,5.6249504173478844e-06,0.11029506535857365
"('0010637000', 'International Arctic Research Center')",0.0011317338162064282,0.005869027573924484,0.11567867616254714,4.9345143620191365e-05,0.12463527588301142
"('0036046000', 'Physics & Astronomy')",0.0011317338162064282,0.0,0.1495903027019706,9.133252965383214e-05,0.1618507379145664
"('0036046000', 'Office of Information Technology')",0.0011317338162064282,0.0,0.1495903027019706,9.133252965383214e-05,0.16185073791456636
"('0015693000', 'School of Computer Science')",0.00520597555454957,0.05328896794305488,0.1758687950320449,0.0006036290795939273,0.1977365958069894
"('0036046000', 'Statistics')",0.0011317338162064282,0.0,0.1495903027019706,9.133252965383214e-05,0.16185073791456636
"('0036046000', 'Physics & Astronomy Department; Computer')",0.0011317338162064282,0.0,0.1495903027019706,9.133252965383214e-05,0.16185073791456636
"('0036046000', 'Department of Earth, Environmental, and')",0.0011317338162064282,0.0,0.1495903027019706,9.133252965383214e-05,0.1618507379145664
"('0036327060', 'Unknown Dept')",0.002489814395654142,0.006728305426605971,0.13392748878380017,1.5712736770191058e-05,0.14764535110279656
"('0036327000', 'Mechanical Engineering')",0.000679040289723857,0.0,0.11811886747052376,1.826615541491635e-06,0.12657052123722473
"('0036327001', 'Psychology')",0.000679040289723857,0.0,0.11811886747052376,1.826615541491635e-06,0.1265705212372247
"('5300013181', 'Neuroscience & Experimental Therapeutics')",0.000679040289723857,0.0,0.11811886747052376,1.826615541491635e-06,0.12657052123722473
"('0036327000', 'Department of Construction Science')",0.000679040289723857,0.0,0.11906751111710012,4.729993289198781e-06,0.12814808204973324
"('0036327000', 'Unknown Dept')",0.004074241738343142,0.010649857697337787,0.12953352684199723,2.3085637421540074e-05,0.14351798514598296
"('0036327000', 'Department of Psychological & Brain Scie')",0.000679040289723857,0.0,0.11906751111710012,4.729993289198782e-06,0.12814808204973324
"('0013128000', 'Mechanical Engineering')",0.0009053870529651426,0.001357670623797741,0.11955727545801423,4.271961684367088e-06,0.126731845753462
"('6200000174', 'Unknown Dept')",0.00022634676324128565,0.0,0.10679236161469664,4.0244127791936074e-07,0.11159802369242841
"('0010827000', 'Unknown Dept')",0.003847894975101856,0.01872678694069773,0.1306752639829631,0.00040955490617929617,0.14375658105286823
"('0010637000', 'Unknown Dept')",0.001358080579447714,0.0011313238605564554,0.11564839537197005,4.9978078426041264e-05,0.12435234242895979
"('0010637000', 'Institute of Northern Engineering')",0.0015844273426889996,0.001583709920301547,0.11565142273762467,5.048562370079271e-05,0.12446551581058043
"('0010637000', 'Water and Environmental Research Center')",0.00022634676324128565,0.0,0.10366511802524755,4.776460532152578e-06,0.10928404981609594
"('0015826000', 'Biology')",0.0011317338162064282,0.0,0.11186509343191371,3.105214769015506e-06,0.11835644322878935
"('0015826000', 'Department of Biology')",0.0011317338162064282,0.0,0.11186509343191371,3.105214769015506e-06,0.11835644322878935
"('0015826000', 'Sociology')",0.001358080579447714,0.00022629551878503902,0.11186792596156281,3.1564888858436677e-06,0.11846961661041
"('0015826000', 'Physics and Dual-Degree Engineering')",0.002037120869171571,0.002713086491520631,0.1259335271649279,2.041667946709125e-05,0.13541228903383667
"('0015826000', 'Division of Science & Mathematics')",0.001358080579447714,0.00022629551878503902,0.11186792596156281,3.1564888858436677e-06,0.11846961661041003
"('0015826000', 'Computer Science')",0.0011317338162064282,0.0,0.11186509343191371,3.105214769015506e-06,0.11835644322878935
"('0035097000', 'Mechanical Engineering')",0.00022634676324128565,0.0,0.11410713363293559,3.6688615548365685e-06,0.12058609019620681
"('0014894000', 'Unknown Dept')",0.002489814395654142,0.005287015349359094,0.12880090959447246,3.894689279406872e-05,0.13923777105646654
"('0037986000', 'Chemical Engineering')",0.0011317338162064282,0.001981209593775414,0.1286321551272346,2.948552136103159e-06,0.13991270537218847
"('0037986000', 'Chemical Engineering/eScience Institute')",0.00022634676324128565,0.0,0.11397466656347548,2.7931055842917925e-07,0.12116350362978391
"('0018259000', 'Mechanical Engineering')",0.003168854685377999,0.026681593445615694,0.16743093189828326,0.0002940813373426557,0.18766351160533942
"('0018259000', 'Chemistry')",0.0011317338162064282,0.0018100566835428326,0.15426516288976572,9.311835444954167e-05,0.16923671683178126
"('0027854000', 'Electrical and Computer Engineering')",0.0022634676324128564,0.005868262805890005,0.13882604323780795,0.0004397263572777947,0.1512202525104278
"('0027854000', 'Department of Electrical Engineering')",0.0011317338162064282,0.00016980233109457047,0.13563797126366203,6.845854741120359e-05,0.1462241458054034
"('0038000000', 'Institute of Biological Chemistry')",0.001358080579447714,0.0022621352765504446,0.11510004168403501,4.085441798208674e-06,0.12266112667545286
"('0025163000', 'of Plant Sciences')",0.000679040289723857,0.0,0.11508505040506395,3.985279113430368e-06,0.12224615760951046
"('0025163000', 'Computer Sciences Department')",0.001358080579447714,0.004517711262701322,0.13001383125864455,3.41419816238181e-05,0.14063350661608393
"('0025163000', 'Biochemistry')",0.0011317338162064282,0.0009051820751401561,0.11509104644801625,4.0580231288159e-06,0.12247250437275177
"('0013201000', 'Materials Dept and BMSE Program')",0.000679040289723857,0.0004526935264825713,0.12877087644641347,0.02224502312698847,0.13915270509883373
"('0013201000', 'Department of Physics')",0.00022634676324128565,0.0,0.11408356143159634,0.002095115475952482,0.12080381610994956
"('0013508000', 'Atmospheric Science')",0.0018107741059302852,0.007615992586813903,0.1313786130605448,9.690563337750812e-07,0.14272973015616683
"('0013508000', 'Department of Atmospheric Sciences')",0.0011317338162064282,0.00265203662999673,0.12018171431680313,3.929967144469812e-07,0.12898844968220216
"('0013508000', 'Dept. of Atmospheric Science')",0.0004526935264825713,0.0,0.11750312508311392,1.306842805509024e-07,0.1250278323105391
"('0014811000', 'Dept. of Computer Science & Engineering')",0.0029425079221367134,0.0021375441830129827,0.1251628987478044,1.2679777463402551e-05,0.13480298937519308
"('0014811000', 'Department of Electrical Engineering and')",0.0004526935264825713,0.0,0.11124540464319888,1.374798842580266e-06,0.11725795424584343
"('0014811000', 'biomedical science')",0.0004526935264825713,0.0,0.11124540464319888,1.374798842580266e-06,0.11725795424584345
"('0017756000', 'Computer Science')",0.004300588501584427,0.009485843974960412,0.15052810902896083,5.9382855936018746e-05,0.16646535585534925
"('0017756000', 'Coordinated Science Laboratory')",0.001358080579447714,0.001357670623797741,0.13870836080499827,1.9536427235338677e-05,0.15032855329369502
"('0026286000', 'Department of Geological, Environmental')",0.000679040289723857,0.0,0.11045828437132785,6.199794535390038e-06,0.11725939883160892
"('0026286000', 'GeoMarine Sciences')",0.000679040289723857,0.0,0.11045828437132785,6.199794535390038e-06,0.11725939883160895
"('0026286000', 'Graduate Education, Leadership, and Coun')",0.000679040289723857,0.0,0.11045828437132785,6.199794535390038e-06,0.11725939883160892
"('0029728000', 'Chemical & Biomolecular Engineering')",0.000679040289723857,0.0010548868481977235,0.12180865729252827,1.7350969688876265e-06,0.1316539145930263
"('0027110000', 'Chemical and Biomolecular Engineering')",0.0022634676324128564,0.004069527248368453,0.11400113536667182,4.1477358012351097e-07,0.12288306356889345
"('0029728000', 'Chemical and Biomolecular Engineering')",0.0011317338162064282,0.006487990784081948,0.1285947141692863,2.258370448694404e-06,0.1406408251473874
"('0071043000', 'Dept. of Chemistry and Biochemistry')",0.0004526935264825713,0.0,0.10585839223673175,2.5983624010763237e-07,0.11107441182318545
"('0071043000', 'Department of Zoology')",0.0004526935264825713,0.0,0.10585839223673175,2.5983624010763237e-07,0.11107441182318545
"('0030775000', 'Unknown Dept')",0.0018107741059302852,0.001357670623797741,0.11838473699724002,2.436758161963343e-06,0.12633445254257744
"('0028068000', 'Networking, Security and Systems Admin.')",0.000679040289723857,0.0,0.06382271788278462,5.195298866188405e-13,0.06661970112105624
"('0028068000', 'Information Technology')",0.000679040289723857,0.0,0.06382271788278462,5.195298866188405e-13,0.06661970112105624
"('0028068000', 'Software Engineering')",0.000679040289723857,0.0,0.06382271788278462,5.195298866188405e-13,0.06661970112105622
"('0028068000', 'School of Information')",0.0018107741059302852,0.002262032787637951,0.06817059622268856,4.3145832110919324e-12,0.07213113979867782
"('0025684000', 'Geological Sciences and Engineering')",0.0011317338162064282,0.0004526935264825713,0.09226078603349622,1.9471365831044023e-07,0.09662949612449659
"('0025684000', 'Geological Sciences')",0.00022634676324128565,0.0,0.08446934210274745,1.834010588031614e-08,0.0874837168129472
"('0033290000', 'Dept. of Civil & Environmental Eng.')",0.0004526935264825713,0.0,0.13830886266161602,8.716703157276284e-06,0.15025433296143909
"('0022905000', 'Chemical Engineering and Materials Scien')",0.0004526935264825713,0.0,0.13830886266161602,8.716703157276284e-06,0.15025433296143906
"('0033290000', 'Civil and Environmental Engineering')",0.003847894975101856,0.04043120759044198,0.1604969666145966,8.24916728075643e-05,0.1814970697779649
"('0022210000', 'Electrical and Computer Engineering')",0.002716161158895428,0.014492876062897833,0.14729612589184504,0.00430990004979328,0.1636434518903948
"('0022210000', 'Department of Microbiology')",0.000679040289723857,0.0,0.12844143384597495,0.0005072801302216264,0.1387177538773277
"('0022194000', 'Biomedical Engineering')",0.000679040289723857,0.0,0.12844143384597495,0.0005072801302216264,0.13871775387732777
"('0022210000', 'Mechanical and Industrial Engineering')",0.0029425079221367134,0.005423303293491452,0.12848625854296933,0.0005676417939500996,0.1399249366146146
"('0016105000', 'Geology and Geophysics')",0.0011317338162064282,0.0013209057585026644,0.11383077398742657,6.762853062922375e-07,0.12163664788405022
"('0016105000', 'Department of Geology and Geophysics')",0.0011317338162064282,0.0009947444333325121,0.10942414860681114,2.594652295702698e-07,0.11620137469187328
"('0016105000', 'Unknown Dept')",0.0015844273426889996,0.010540029259926809,0.12041099997274536,1.4022583813591301e-06,0.12923913582016733
"('0015354000', 'Higher Education')",0.0011317338162064282,0.0,0.11374285567169559,4.541214266520778e-06,0.12040948746188562
"('0015354000', 'Higher Education Admin and Policy')",0.0011317338162064282,0.0,0.11374285567169559,4.541214266520778e-06,0.12040948746188562
"('0015354000', 'School of Teaching and Learning')",0.0015844273426889996,0.00406686253664363,0.12830714721342898,2.9827308595061533e-05,0.13786543357050307
"('0014936000', 'Computer Science')",0.0011317338162064282,0.0,0.11374285567169559,4.541214266520778e-06,0.12040948746188562
"('0014936000', 'Virtual Campus')",0.0011317338162064282,0.0,0.11374285567169559,4.541214266520778e-06,0.12040948746188562
"('0014936000', 'Unknown Dept')",0.002037120869171571,0.0018095442389803665,0.1137545702662341,4.75629969176004e-06,0.12086218098836816
"('0018259000', 'School of Mechanical Engineering')",0.001358080579447714,6.24040506042303e-05,0.1548219792542753,0.00012745670302804699,0.1699754875173603
"('0018259000', 'Dept. of Physics & Dept of Earth & Atmos')",0.0011317338162064282,0.002178655723832279,0.15324314949705167,9.560149455124853e-05,0.16846345772330237
"('0018259000', 'Biomedical Engineering')",0.0009053870529651426,0.0,0.15232381740449594,9.279332829117833e-05,0.16679900879764936
"('0018093000', 'Anatomy & Cell Biology')",0.0009053870529651426,0.0,0.15232381740449594,9.279332829117833e-05,0.16679900879764936
"('0025734000', 'Mathematics Department')",0.00022634676324128565,0.0,0.09144536667149629,1.7013802968089066e-09,0.09443395545106636
"('0025734000', 'Mathematics')",0.000679040289723857,0.0004526935264825713,0.10064698377984327,1.7959918919684403e-08,0.10488005781186865
"('0015354000', 'Department of Natural Sciences')",0.0004526935264825713,0.0,0.14211271230056613,4.6624133224140086e-05,0.15341594613323803
"('0015354000', 'Unknown Dept')",0.004979628791308284,0.04039846784317543,0.16564187162567487,0.00043458341946832314,0.18601705937038623
"('0015354000', 'Florida Museum Natural History')",0.0004526935264825713,0.0,0.14211271230056613,4.6624133224140086e-05,0.15341594613323803
"('0030908000', 'Physics')",0.001358080579447714,0.004905356086862107,0.13572964669738863,7.351397340644735e-05,0.14756433019221496
"('0030908000', 'Chemistry')",0.00022634676324128565,0.0,0.11951199718668001,6.924323480513664e-06,0.12689581085631346
"('0015354000', 'Mathematics')",0.0004526935264825713,0.0004526935264825713,0.10261770376048127,4.066608697203923e-06,0.10798929738927687
"('0015354000', 'Department of Biology')",0.000679040289723857,0.0009051820751401561,0.11434339251514053,4.264442253092756e-05,0.12205328403551527
"('0015693000', 'CHBE')",0.000679040289723857,0.0,0.1140040771037081,3.4435871228994893e-06,0.12018760720944865
"('0015693000', 'Chemical Engineering & Chemistry')",0.000679040289723857,0.0,0.1140040771037081,3.4435871228994893e-06,0.12018760720944865
"('0015693000', 'Chemical & Biomolecular Engineering')",0.0009053870529651426,0.0013574656459727544,0.12866212359485119,2.9668540190482912e-05,0.1378053193976683
"('0015693000', 'School of Public Policy')",0.000679040289723857,0.0,0.1140040771037081,3.4435871228994893e-06,0.12018760720944863
"('0036327060', 'Computer Science and Engineering')",0.003847894975101856,0.0243504475133124,0.1598928739459303,2.4940199266762384e-05,0.17767947622519698
"('0010512000', 'Computer Science')",0.002037120869171571,0.010206321263088087,0.15213498622589533,5.227369071925068e-05,0.16689082634080243
"('0010835000', 'Department of Chemistry & Biochemistry')",0.000679040289723857,0.0004526935264825713,0.11690614167394353,1.0271779273230289e-06,0.1237985835792598
"('0010835000', 'Materials Science and Engineering')",0.00022634676324128565,0.0,0.10467210007581501,9.801796920041824e-08,0.10936658301931888
"('0023879000', 'Anthropology')",0.0004526935264825713,0.00361580883276095,0.11138002319366712,4.91451197515275e-07,0.11788264981984414
"('0010835000', 'Anthropology')",0.0011317338162064282,0.004518633662913761,0.1252800226853821,5.0242557769416685e-06,0.1346757462646996
"('0023291000', 'Chemistry')",0.0022634676324128564,0.0019423123545264983,0.1251026476001699,1.3490593154253734e-06,0.13458370008845313
"('0023291000', 'Department of Chemistry')",0.000679040289723857,0.0,0.12238566165267736,8.933549574844389e-07,0.13043354022869613
"('0023259000', 'Chemical Engineering')",0.0018107741059302852,0.004721710731989173,0.1382525973213168,7.202052095180748e-06,0.15025957581978325
"('0023291000', 'Mechanical Engineering')",0.000679040289723857,0.0,0.12238566165267736,8.933549574844387e-07,0.13043354022869613
"('0033290000', 'Anthropology')",0.00022634676324128565,0.0,0.12406627351867452,1.6769595788035296e-05,0.133108935604408
"('4077384000', 'Unknown Dept')",0.0011317338162064282,0.007015579112839257,0.14163434103805342,0.0001713188264174007,0.15643036984141462
"('0010819000', 'School of Sustainable Engineering and Th')",0.0015844273426889996,0.0002568425579409085,0.14415296267293135,0.0012232904423917692,0.16068202772027937
"('0010819000', 'Chemistry & Biochemistry')",0.0018107741059302852,0.004737367063042917,0.14566435872073855,0.0012539773058831288,0.1630250188421295
"('0019893001', 'Unknown Dept')",0.0036215482118605704,0.019701353136928286,0.1512754665297038,7.967724564722125e-05,0.16828774690929407
"('0019893001', 'Department of Computer Science')",0.0004526935264825713,0.0,0.13145679600095214,8.651242642142514e-06,0.1416273863704822
"('0019893001', 'Computer Science')",0.002489814395654142,0.005873127130424213,0.13151549429940762,1.1134080040695282e-05,0.1428157068774989
"('4006680000', 'Unknown Dept')",0.0022634676324128564,0.002459820947327888,0.12722822174226062,6.572051716618148e-05,0.13771894947766372
"('6250021469', 'Unknown Dept')",0.00022634676324128565,0.0,0.1128710847682796,6.190011751013241e-06,0.11940818505723358
"('0014449000', 'Environmental and Occupational Health')",0.00022634676324128565,0.0,0.10402147297042758,3.301077636154665e-08,0.10856589400675867
"('0014449000', 'Sustainable GW')",0.0015844273426889996,0.001357704786768572,0.11609512547628432,3.4775251871728645e-07,0.12308981498327191
"('0036327060', 'Industrial and Systems Engineering')",0.003847894975101856,0.005403986551208363,0.13699224806201551,2.4765885461107893e-05,0.15195470680418507
"('0036327001', 'Dept of Ecosystem Science and Management')",0.00022634676324128565,0.0,0.1204898137289661,2.3370235580085228e-06,0.12917625449596828
"('0018093000', 'Computer Science')",0.0004526935264825713,0.0,0.101465251940655,1.4410694762973648e-06,0.10647856010376773
"('0018093000', 'Informatics')",0.0009053870529651426,0.0004241775154865306,0.10718618079479839,1.5736236727052946e-06,0.11325681143654934
"('0018093000', 'Biology')",0.0009053870529651426,0.001035069167733154,0.1097857959345957,1.3726436841901801e-05,0.1162755074762764
"('0010819000', 'Schl of Human Evolution & Social Change')",0.001358080579447714,0.0022622377654629377,0.1304091150599209,8.168016284568274e-05,0.14084071705167178
"('0010819000', 'Biomedical Informatics')",0.000679040289723857,0.002713086491520631,0.1499100810966713,0.0007884163410253627,0.16633703867180452
"('0023879000', 'Mechanical Engineering')",0.002489814395654142,0.008342855945484708,0.13417967563627528,2.498677556597493e-05,0.1465007268396801
"('0023879000', 'Veterinary Population Medicine')",0.00022634676324128565,0.0,0.11830865222397773,2.3553682173935774e-06,0.12580043795991855
"('0014373000', 'Mechanical Engineering')",0.0004526935264825713,0.0,0.13266470482253317,0.02733707329008177,0.14438799028545413
"('0021030000', 'Maryland Institute for Applied Environme')",0.000679040289723857,0.0004526935264825713,0.13266868862796913,0.02756050632599522,0.1445011636670748
"('0013284000', 'Unknown Dept')",0.005885015844273427,0.043230735267567495,0.16428066783177778,0.0013770877258405178,0.18843664823180364
"('0013284000', 'Rossier School of Education')",0.00022634676324128565,0.0,0.14110507824976046,0.0001347583178936638,0.15425869839631642
"('0032896000', 'Chemcial and Biomolecular Engineering')",0.001358080579447714,0.0009051820751401561,0.11640406808241556,1.1544865136685263e-06,0.12295701287043481
"('0032896000', 'Chemical Engineering')",0.0004526935264825713,0.0,0.10427189048855322,1.2047192479002288e-07,0.10869923612264218
"('0036327060', 'Chemical Engineering')",0.0004526935264825713,0.0,0.10427189048855322,1.2047192479002288e-07,0.10869923612264218
"('0015354000', 'Electrical and Computer Engineering')",0.004526935264825713,0.030353358172051384,0.16072467986030267,0.000649386904092707,0.1790865163205575
"('0015354000', 'Electrical & Computer Engineering')",0.00022634676324128565,0.0,0.13847359348064567,6.14708895365559e-05,0.14876236760573516
"('0017749000', 'Comparative Human Development')",0.000679040289723857,0.0004526935264825713,0.14087111791339837,9.248232343306484e-05,0.15271959065530774
"('0014456000', 'ISIM')",0.0004526935264825713,0.0,0.09331897006949284,4.0661671543889725e-09,0.0980845822418218
"('0014456000', 'Unknown Dept')",0.0015844273426889996,0.003618166077748294,0.10291890884524892,3.847003376170928e-08,0.10994696822905033
"('0114629000', 'College of Business and Public Policy')",0.0004526935264825713,0.0,0.09331897006949284,4.0661671543889725e-09,0.09808458224182179
"('0010819000', 'Sustainability and the Built Environment')",0.000679040289723857,0.00022026854524114105,0.14385256577233654,0.0008328549256653284,0.15943201710517146
"('0010819000', 'Unknown Dept')",0.016976007243096423,0.1018545336878033,0.16799756635485588,0.0070556492974795946,0.19889421603998164
"('0027854000', 'Mathematics and Center for Data Science')",0.00022634676324128565,0.0,0.14335777792199364,1.7251789540334273e-05,0.1538417294189129
"('0023259000', 'Electrical Engineering and Computer Scie')",0.0029425079221367134,0.023327952112328534,0.16734214613082837,0.0001822896176187636,0.1858921396494946
"('0029728000', 'Civil, Construction, & Envi. Engin.')",0.0004526935264825713,0.0,0.13237849823215678,6.88132740987109e-06,0.14151410935023384
"('0029728000', 'Civil, Construction & Environmental Eng.')",0.002037120869171571,0.005965712724537808,0.15256578492989847,6.534900560781682e-05,0.1678832051455401
"('0029728000', 'STEM Department')",0.0004526935264825713,0.0,0.13237849823215678,6.881327409871091e-06,0.14151410935023384
"('0013144000', 'Department of Chemistry')",0.0018107741059302852,0.00174245675553491,0.12504953297480895,5.859152768491615e-06,0.1356262503529361
"('0013144000', 'Computer Science')",0.0022634676324128564,0.004880537263122447,0.12544009085746735,5.091450983897173e-06,0.1362732402399668
"('0036327000', 'Computer Science and Engineering')",0.001358080579447714,0.0024964451495018496,0.14130365252990468,6.187602881632122e-06,0.15400787030483623
"('7203581393', 'Unknown Dept')",0.0004526935264825713,0.0,0.13886095046517474,2.9759633730673827e-06,0.1496596689613885
"('0038950000', 'Computer Sciences Department')",0.0022634676324128564,0.0095701952618439,0.1614825103256698,0.0002414867269293579,0.17848685945109538
"('0033795000', 'LRDC')",0.0004526935264825713,0.0,0.131605600238308,0.00014479916986975667,0.1411006942355967
"('0033795000', 'Learning Research & Development Center')",0.002037120869171571,0.008609846104487054,0.13500794523896834,0.0005154883494925599,0.1469593739342487
"('0033795000', 'Unknown Dept')",0.0029425079221367134,0.01314430654746851,0.151006596711898,0.0010205882896070612,0.1660751608182559
"('0017392000', 'Engineering Sciences and Applied Math')",0.00022634676324128565,0.0,0.12044054304563546,0.00011476199482249761,0.12802477092597045
"('0017400000', 'Engineering Sciences and Applied Mathema')",0.0015844273426889996,0.0005091233644978072,0.1369285603595227,0.0012184677222114796,0.14909526806878404
"('0031252000', 'School of Information Technology')",0.0004526935264825713,0.0,0.12306406685236769,3.17964364438104e-06,0.1326438634691297
"('0033290000', 'College of Info Sciences & Technology')",0.001358080579447714,0.001640044081957018,0.1403252445686698,3.048229326606024e-05,0.15584601317398852
"('0036442000', 'Department of English')",0.0004526935264825713,0.0,0.12306406685236769,3.17964364438104e-06,0.1326438634691297
"('0034710000', 'Mathematics and Statistics')",0.0011317338162064282,0.0,0.11157129147936765,6.588503043024874e-07,0.1178760945934992
"('0034710000', 'Department of Physics, SDSU')",0.0011317338162064282,0.0,0.11157129147936765,6.588503043024874e-07,0.1178760945934992
"('0034710000', 'Chemistry, Biochemistry & Physics')",0.0011317338162064282,0.0,0.11157129147936765,6.588503043024874e-07,0.1178760945934992
"('0034710000', 'Biology and Microbiology')",0.0015844273426889996,0.0009051820751401561,0.11157692696231943,6.709975825303433e-07,0.11810244135674047
"('0034710000', 'Unknown Dept')",0.002489814395654142,0.0045198635298636805,0.12555773439054196,4.31130322268715e-06,0.13491426836831938
"('0034710000', 'School of Education, Counseling, and Hum')",0.0011317338162064282,0.0,0.11157129147936765,6.588503043024874e-07,0.11787609459349917
"('0039545000', 'School of Public Administration')",0.0009053870529651426,0.0,0.11711066931742876,1.02559881946128e-06,0.12428761846168503
"('0037549000', 'Business Information Technology')",0.0009053870529651426,0.0,0.11711066931742876,1.02559881946128e-06,0.12428761846168503
"('0039545000', 'Public Administration')",0.0009053870529651426,0.0,0.11711066931742876,1.02559881946128e-06,0.12428761846168503
"('0039545000', 'Computer Science')",0.0018107741059302852,0.0025804463582384243,0.12502476158134535,1.9394098076506332e-06,0.13379397209999935
"('0032102000', 'Civil and Construction Engineering')",0.0018107741059302852,0.001713195497417982,0.12756251082751055,6.8563534948752105e-06,0.13769743221418168
"('0011544000', 'Engineering')",0.000679040289723857,0.0,0.12329417017832724,5.603128837120928e-05,0.1317336761372517
"('0011544000', 'Unknown Dept')",0.000679040289723857,0.0,0.12329417017832724,5.603128837120928e-05,0.1317336761372517
"('0010819000', 'School of Arts, Media and Engineering')",0.0018107741059302852,0.003559963129562823,0.14062002673626584,0.00047811689715317234,0.15395838694276795
"('0011544000', 'School of Engineering')",0.000679040289723857,0.0,0.12329417017832724,5.603128837120928e-05,0.1317336761372517
"('0035691000', 'Chemistry')",0.0009053870529651426,0.0017290864682734891,0.1287446089287796,6.59301065993844e-06,0.1388894180740029
"('0036327000', 'Department of Chemistry')",0.0022634676324128564,0.006444138879641892,0.14432248791323665,5.5631520677292355e-05,0.15945103447932638
"('0037457000', 'Environmental Science')",0.0011317338162064282,0.0018095442389803665,0.11161921123771507,3.0810264729020146e-07,0.11767422904765379
"('0037457000', 'Department of Architecture')",0.0009053870529651426,0.0,0.1004205023298102,4.1263030852305125e-08,0.1048349725886679
"('0037457000', 'Data Science Institute')",0.0009053870529651426,0.0,0.1004205023298102,4.1263030852305125e-08,0.1048349725886679
"('0037457000', 'Engineering and Society')",0.0009053870529651426,0.0,0.1004205023298102,4.1263030852305125e-08,0.1048349725886679
"('0037457000', 'Landscape Architecture')",0.0009053870529651426,0.0,0.1004205023298102,4.1263030852305125e-08,0.1048349725886679
"('0010835000', 'Department of Psychology')",0.0004526935264825713,0.0,0.08868636582624057,2.3237188983926917e-09,0.09176498572181353
"('0038950000', 'Wisconsin Institute for Discovery / Psyc')",0.0004526935264825713,0.0,0.08868636582624057,2.3237188983926917e-09,0.09176498572181353
"('0017756000', 'Psychology')",0.000679040289723857,0.0009051820751401561,0.09731277533039648,2.1805025211048758e-08,0.10154628422642764
"('7203581624', 'Unknown Dept')",0.00022634676324128565,0.0,0.13504921440361925,1.363130255118844e-05,0.14353165696533654
"('0027078000', 'Electrical Engineering')",0.0018107741059302852,0.001990810190872032,0.15612962504859174,0.0001444922969805817,0.17047633971581364
"('0014894000', 'Civil and Environmental Engineering')",0.0015844273426889996,0.003934489356267592,0.11640406808241556,2.5380367834657404e-06,0.12438851899763768
"('0014803000', 'Civil and Environmental Engineering')",0.0004526935264825713,0.0,0.10589899086747045,3.1003478818727653e-07,0.11181461552986292
"('0029058000', 'Department of Mechanical Engineering')",0.0004526935264825713,0.0,0.09121503045318469,1.2787590359520912e-07,0.0954691893602768
"('0029058000', 'Nanoengineering')",0.002037120869171571,0.0036170386997108686,0.10036575115291124,1.2292100971495876e-06,0.10679239296210442
"('0029058000', 'Natural Resources & Environmental Design')",0.0004526935264825713,0.0,0.09121503045318469,1.2787590359520914e-07,0.0954691893602768
"('0026278000', 'Department of Chemical & Biological Eng.')",0.000679040289723857,0.0,0.10767993370542787,6.470896085676496e-08,0.11334769351638675
"('0026278000', 'Dept. of Mechanical & Aerospace Eng.')",0.000679040289723857,0.0,0.10767993370542787,6.470896085676496e-08,0.11334769351638678
"('0013052000', 'Mechanical Engineering')",0.001358080579447714,0.00425523469256614,0.11985892566467715,5.493822973978532e-07,0.12790338991924075
"('0034488000', 'Mechanical Engineering')",0.0011317338162064282,0.0010333448726031079,0.10942143847830395,6.94277715850722e-08,0.1156714964173741
"('0037549000', 'Civil and Environmental Engineering')",0.0018107741059302852,0.006457077692049551,0.14772461296686396,5.9701926079518216e-05,0.16102789117727911
"('0037549000', 'Department of Civil Engineering')",0.000679040289723857,0.0,0.13268861124459394,1.3106779126290323e-05,0.1426512430530079
"('0037549000', 'Department of Biological Sciences')",0.0018107741059302852,0.004065570930385536,0.13331321665660834,1.422718169935733e-05,0.14413630105119385
"('0013508000', 'Department of Biology')",0.002489814395654142,0.0063446804456444095,0.1202700495453803,2.5132955054724798e-05,0.13085695741309059
"('0027854000', 'Biostatistics')",0.0009053870529651426,0.0009051820751401561,0.10737374228357556,2.798662739224177e-06,0.11436907052004236
"('6250033811', 'School of Science and Engineering')",0.0004526935264825713,0.0,0.10736852337902207,2.7440972612518807e-06,0.11414272375680107
"('0023879000', 'Computer Science and Engineering')",0.002716161158895428,0.03239811649978201,0.14878426618172022,8.314171886791949e-05,0.1643761813861397
"('0023879000', 'Unknown Dept')",0.002489814395654142,0.011457624975277157,0.13129271916790491,1.2970098963989353e-05,0.14364919792998004
"('0023879000', 'Department of Neuroscience')",0.0011317338162064282,0.0027580273691894253,0.13013638104215147,9.395035383295299e-06,0.1407962080296839
"('0013177000', 'Electrical & Computer Engineering')",0.0009053870529651426,0.007668824222035357,0.13511116547906662,1.4172546803534408e-05,0.14556536090035316
"('0013177000', 'Computer Science and Engineering')",0.0022634676324128564,0.013638037728569597,0.15398020354105674,8.585610073175592e-05,0.1686143643590445
"('0026633000', 'Dept. of Earth & Planetary Sciences')",0.000679040289723857,0.00037096683336711704,0.10186999930826166,2.765444486416203e-08,0.10680434221878794
"('0026633000', 'Earth and Planetary Sciences')",0.001358080579447714,0.0008012783626977191,0.10738940204180845,1.010594293767678e-07,0.11326904258660572
"('0036772000', 'Instructional Technology & Learning Scie')",0.000679040289723857,0.003617346166448348,0.14481447489183166,0.00043931282765003246,0.158499861764913
"('0036772000', 'Emma Eccles Jones College of Education')",0.000679040289723857,0.0009051820751401561,0.126514131897712,4.2216805255572235e-05,0.13526253082863046
"('0015693000', 'College of Computing')",0.0033952014486192846,0.009849431748268364,0.1616302041413624,0.0005710173431231208,0.17950852276338766
"('0015693000', 'School of CS, College of Computing')",0.00022634676324128565,0.0,0.13914522377247962,5.3797143516327e-05,0.1492571962015137
"('0027110000', 'Communication')",0.0018107741059302852,0.003168671071639277,0.10970128870459117,1.6268992961044478e-07,0.11686240290213212
"('0027110000', 'Department of Natural Resources')",0.000679040289723857,0.0009051820751401561,0.09886765429888555,1.5699310476423406e-08,0.10378781784245114
"('0029744000', 'Department of Anthropology')",0.0004526935264825713,0.0009051820751401561,0.1221927204336763,6.460704227418459e-06,0.13000042655146726
"('0029744000', 'Unknown Dept')",0.0033952014486192846,0.01306534720934969,0.13918029171785906,6.783079634537143e-05,0.15193772828449084
"('0021782000', 'Department of EECS, MIT')",0.0011317338162064282,8.882372416079431e-08,0.1297732346375279,1.7725636054815453e-05,0.14041772855432808
"('0035097000', 'Computer Science Department')",0.0004526935264825713,0.0,0.1202700495453803,1.086620884331741e-06,0.12810454063566265
"('0035097000', 'Computer Science')",0.001358080579447714,0.0024128524994400428,0.12116391958972109,1.1692827409238438e-06,0.13002597315917735
"('0013151000', 'Computer Science')",0.0018107741059302852,0.0046214196875001565,0.1363790708442661,1.0063636615184827e-05,0.14846193932318766
"('4003045000', 'Unknown Dept')",0.002037120869171571,0.013658257991977936,0.16063702141584554,0.00012011076491550199,0.17776038595979574
"('7203580215', 'Unknown Dept')",0.00022634676324128565,0.0,0.13840852130325815,1.1323044378364995e-05,0.1482569722667042
"('0029728000', 'Forestry & Environmental Resources')",0.0004526935264825713,0.0,0.12855729500087296,1.755500366927916e-06,0.13692570884173424
"('0029728000', 'Biological Sciences')",0.001358080579447714,0.00566217180688728,0.14511414025291508,1.2744389621310884e-05,0.15716693019771225
"('0029728000', 'Forestry and Environmental Resources')",0.002489814395654142,0.0059841452492622625,0.13310035248395746,5.714831459462955e-06,0.14405097254237095
"('0013052000', 'Bioengineering')",0.0015844273426889996,0.006049608495434333,0.13583397386625673,5.489222343598314e-06,0.146822422710833
"('0017400000', 'Chemical and Biological Engineering')",0.0009053870529651426,0.0,0.13255325532553255,3.4318458904769403e-06,0.1418674978398894
"('0017392000', 'Searle Center for Teachng Excellence')",0.0009053870529651426,0.0,0.13255325532553255,3.4318458904769403e-06,0.1418674978398894
"('0017392000', 'Biomedical Engineering')",0.0022634676324128564,0.014986055324227828,0.15094984283176166,2.3842725649973822e-05,0.16492132999036424
"('0017392000', 'Chemical & Biological Engineering')",0.0009053870529651426,0.0,0.13255325532553255,3.4318458904769403e-06,0.1418674978398894
"('0001057000', 'Electrical and Computer Engineering')",0.0022634676324128564,0.00995387985931183,0.15000169761993684,0.00031979721778938546,0.16524025494147604
"('4001459000', 'Unknown Dept')",0.00022634676324128565,0.0,0.13043991733097135,3.0128431839767765e-05,0.13937235617860225
"('0018259000', 'Civil Engineering')",0.0036215482118605704,0.03418033664937303,0.16671698113207548,0.00019561644004764434,0.18693649165582038
"('0018259000', 'Lyles School of Civil Engineering')",0.0015844273426889996,0.010593936887178575,0.1483795130142737,3.202174443871918e-05,0.16255713440525452
"('0001057000', 'Mechanical Engineering')",0.002037120869171571,0.0022621352765504446,0.10822065451695081,1.9129567054519964e-06,0.11621841954067855
"('0001057000', 'Biological Sciences')",0.00022634676324128565,0.0,0.09765478216661877,1.8026870857748574e-07,0.10290177058196474
"('0018697000', 'Agronomy')",0.0011317338162064282,0.0004526935264825713,0.11626009841846267,1.5024198392821861e-06,0.12374569929991541
"('0025171000', 'Department of Computer Science')",0.0011317338162064282,0.0018095442389803665,0.1162692773303858,1.5027736528865987e-06,0.12385887268153606
"('0025163000', 'Agricultural Economics')",0.0009053870529651426,0.0,0.11625703910320509,1.4899405857184865e-06,0.12363252591829478
"('6250027680', 'On-Farm Network')",0.0009053870529651426,0.0,0.11625703910320509,1.4899405857184865e-06,0.12363252591829478
"('0036756000', 'Department of Atmospheric Sciences')",0.000679040289723857,0.0014625380371534596,0.137256120293277,0.00012434510714173945,0.14796450845567988
"('0015354000', 'Engineering School of Sustainable Infras')",0.001358080579447714,0.0017728705448893341,0.14966124661246613,0.0007762004945878683,0.1638215011687158
"('0036756000', 'Electrical and Computer Engineering')",0.0015844273426889996,0.0037024720857881015,0.1490402455891779,0.0005309580027613697,0.1629855205907708
"('0035352000', 'Department of Mathematics')",0.000679040289723857,0.0004526935264825713,0.13632436435448037,7.05742175837965e-05,0.14817386413696879
"('0035352000', 'Vanderbilt Department of Mathematics')",0.00022634676324128565,0.0,0.11997284453496267,6.6482479953371825e-06,0.12751483614114353
"('0001057000', 'Materials Science and Engineering')",0.002716161158895428,0.00973127838808668,0.15566203932069622,3.245351958002372e-05,0.17073411599214997
"('0015354000', 'Materials Science and Engineering')",0.0004526935264825713,0.0,0.13471565787467601,3.4272686693624263e-06,0.14364907010900618
"('0015354000', 'Herpetology')",0.0009053870529651426,0.0013574656459727544,0.13472798243474018,3.4917464580122076e-06,0.14391314133278765
"('0025890000', 'Earth Systems Research Systems/EOS')",0.00022634676324128565,0.0,0.1328761767271196,9.098565108562922e-06,0.14224982363846028
"('0025890000', 'Earth Systems Research Center')",0.002489814395654142,0.016400259591921554,0.15323251942286348,9.474969954585375e-05,0.1694557906757983
"('0017756000', 'Department for Atmospheric Sciences')",0.00022634676324128565,0.0,0.12476349157041597,5.599558199501507e-06,0.13281709425326382
"('0017756000', 'Mechanical Science and Engineering')",0.001358080579447714,0.0008502753238826493,0.14254371813899464,5.9421976791220634e-05,0.1557647039595874
"('0023291000', 'Physics and Astronomy')",0.0004526935264825713,0.0,0.1370602469442204,1.3407621176293824e-05,0.1468662279323208
"('0023291000', 'Computer Science')",0.001358080579447714,0.0009051820751401561,0.1588180314904019,0.00012582011491994762,0.17545678882256366
"('0023291000', 'Department of Physics and Astronomy')",0.0004526935264825713,0.0,0.1370602469442204,1.3407621176293822e-05,0.1468662279323208
"('0036327060', 'Electrical Engineering')",0.0018107741059302852,0.002331613347567885,0.13450648480789137,1.9061150887214567e-05,0.1477636492575367
"('0033712000', 'Computer and Information Sciences')",0.002716161158895428,0.006332129104920342,0.14074994424798495,1.6523692398008477e-05,0.1537345205973531
"('0036525000', ""Dean's Office"")",0.0009053870529651426,0.0,0.12654312147337668,4.134683220587649e-06,0.13608068595053593
"('0001479000', 'Criminal Justice')",0.0009053870529651426,0.0,0.12654312147337668,4.134683220587649e-06,0.13608068595053593
"('0036327000', 'Economics')",0.0009053870529651426,0.0,0.12654312147337668,4.134683220587649e-06,0.13608068595053593
"('0014456000', 'Linguistics')",0.0004526935264825713,0.0004526935264825713,0.08536373297265964,3.582269051278106e-10,0.08898200278218994
"('P270024303', 'Unknown Dept')",0.00022634676324128565,0.0,0.07865128533789076,3.427405403020831e-11,0.08134206832549007
"('7203596418', 'Unknown Dept')",0.000679040289723857,0.0,0.1403564507418115,1.919287185583628e-05,0.15127638884429268
"('0037457000', 'Computer Science')",0.002716161158895428,0.023672797939822247,0.1632547483556278,0.00016163290298177162,0.18214380873389305
"('7203581091', 'Unknown Dept')",0.000679040289723857,0.0,0.1403564507418115,1.919287185583628e-05,0.15127638884429268
"('0037457000', 'Information Technology')",0.000679040289723857,0.0,0.1403564507418115,1.919287185583628e-05,0.15127638884429268
"('0013136000', 'Mathematics and Molecular and Cell Biol.')",0.0004526935264825713,0.0,0.1061661940693036,3.720470785803476e-07,0.11191983293795935
"('0013136000', 'Molecular and Cellular Biology')",0.0011317338162064282,0.0009051820751401561,0.11876982633474918,3.481820348170061e-06,0.12748759872741286
"('0013136000', 'Mathematics')",0.0004526935264825713,0.0,0.1061661940693036,3.7204707858034763e-07,0.11191983293795936
"('0029728000', 'Unknown Dept')",0.00882752376641014,0.08811264799960625,0.1742457109051469,0.00043832555909591506,0.19914502717241508
"('0013474000', 'Department of Mathematics and Computer S')",0.0018107741059302852,0.0013912953732462823,0.1500118841465485,6.268769620537093e-05,0.1644410114305985
"('0020362000', 'Mathematics')",0.0009053870529651426,0.0,0.14857411891310196,5.905489336188181e-05,0.16219972937378918
"('4004859000', 'Programs')",0.0009053870529651426,0.0,0.14857411891310196,5.905489336188181e-05,0.16219972937378918
"('4004859000', 'Unknown Dept')",0.0009053870529651426,0.0,0.14857411891310196,5.905489336188181e-05,0.16219972937378918
"('0013177000', 'Unknown Dept')",0.0036215482118605704,0.03294239475249668,0.16888379204892967,0.000346239974541999,0.18985173696581495
"('0098418000', 'Unknown Dept')",0.0009053870529651426,0.0,0.15880661394680087,0.00012346354949665107,0.17523044205932242
"('7203584388', 'Unknown Dept')",0.00022634676324128565,0.0,0.10415389693054836,1.4328389690698583e-07,0.10909850484168619
"('0010819000', 'School Engr of Matter, Transport, Energy')",0.0015844273426889996,0.0005903957367296829,0.147665363147164,0.0011449079177492062,0.16497004705469948
"('0010819000', 'School of Life Sciences')",0.0033952014486192846,0.024858443179665103,0.15690592037503995,0.001182149408016623,0.17793719345892156
"('0010819000', 'Chemical Engineering')",0.0009053870529651426,0.0,0.1476505581177729,0.0010216850780219511,0.16463052690983757
"('0001024000', 'Biomedical Engineering')",0.0009053870529651426,0.0,0.1476505581177729,0.0010216850780219511,0.16463052690983762
"('0038950000', 'Entomology')",0.0011317338162064282,0.0004526935264825713,0.09388414297250201,1.570681623211333e-08,0.09824410110655347
"('0038950000', 'Department of Entomology')",0.00022634676324128565,0.0,0.08582807187955319,1.4893647431162916e-09,0.08878424051704359
"('0014175000', 'Anthropology')",0.000679040289723857,0.0004526935264825713,0.0949005456029557,2.1755268014105585e-08,0.09893470638496384
"('0014175000', 'Department of Anthropology')",0.00022634676324128565,0.0,0.08667673775283985,2.0815142556390605e-09,0.089543534800254
"('0010835000', 'Biosystems Engineering')",0.0011317338162064282,0.0004526935264825713,0.12033884455097649,2.7612588191543357e-06,0.12825690355115343
"('0010835000', 'Cancer Center Division')",0.00022634676324128565,0.0,0.1074155117918794,2.633841956829908e-07,0.11258645024455848
"('0029413000', 'Unknown Dept')",0.001358080579447714,0.0,0.09639763478868014,6.53720955196081e-08,0.1016046852582863
"('0029066000', 'Biology')",0.0015844273426889996,0.0004526935264825713,0.09639973816277547,6.595121391009492e-08,0.10171785863990694
"('0029066000', 'Department of Chemistry')",0.001358080579447714,0.0,0.09639763478868014,6.53720955196081e-08,0.1016046852582863
"('0029066000', 'Mathematical Sciences')",0.001358080579447714,0.0,0.09639763478868014,6.53720955196081e-08,0.1016046852582863
"('0029066000', 'Physics & Astronomy')",0.001358080579447714,0.0,0.09639763478868014,6.53720955196081e-08,0.1016046852582863
"('0029066000', 'Unknown Dept')",0.0018107741059302852,0.0031645501510532835,0.10666344760985032,3.3836789225733333e-07,0.11375935388680514
"('0029066000', 'Office of Diversity')",0.001358080579447714,0.0,0.09639763478868014,6.53720955196081e-08,0.1016046852582863
"('0021030000', 'Joint Program in Survey Methodology')",0.000679040289723857,0.0018095442389803665,0.12652862502505943,4.2225229555536976e-05,0.1353757042102511
"('0015693000', 'H. Milton Stewart School of Industrial a')",0.0022634676324128564,0.02589937527919076,0.15660002835672762,0.00034340047514368465,0.174764112201865
"('0036327060', 'Department of Electrical & Computer Eng')",0.001358080579447714,0.00041356219427112693,0.14084866260719864,5.4805637544868035e-05,0.15475890301037326
"('0036327060', 'Electrical and Computer Engineering')",0.006790402897238569,0.028755679924699348,0.14809104012335333,8.751822962413458e-05,0.16722989173192704
"('0021998000', 'Mechanical and Industrial Engineering')",0.0018107741059302852,0.002353783221676057,0.14385256577233654,6.0693499979801934e-05,0.1581976766505952
"('6250018445', 'Unknown Dept')",0.0004526935264825713,0.0,0.09661899138345799,1.3642134413141558e-06,0.10140609407274585
"('0028381000', 'Unknown Dept')",0.002489814395654142,0.0037382655358206927,0.10694747034616316,1.3120109742012117e-05,0.11439132422742097
"('6250018445', 'GATS-Boulder')",0.0004526935264825713,0.0,0.09661899138345799,1.3642134413141558e-06,0.10140609407274585
"('0039321000', 'Department of Botany')",0.0009053870529651426,0.0,0.12190949227373069,1.8078178773143551e-06,0.12929493384134133
"('0039321000', 'Botany')",0.0009053870529651426,0.0,0.12190949227373069,1.8078178773143551e-06,0.12929493384134133
"('0025361000', 'Flathead Lake Biological Station')",0.0011317338162064282,0.0009071309800334995,0.12812110315227793,2.173851351118867e-06,0.13673202457720252
"('0039321000', 'Unknown Dept')",0.001358080579447714,0.0016323376167288706,0.1346499649507787,1.3359455470475835e-05,0.14516934451293806
"('0025684000', 'Natural Resources and Environmental Scie')",0.0009053870529651426,0.0,0.12190949227373069,1.8078178773143551e-06,0.12929493384134133
"('0023259000', 'Department of Anthropology')",0.00022634676324128565,0.0,0.10945939249789406,1.712263313651795e-07,0.11477135076331395
"('0023259000', 'Anthropology')",0.000679040289723857,0.0009052845640526493,0.12291000139101405,1.8165280311370061e-06,0.13090724538777956
"('0039545000', 'Electrical and Computer Engineering')",0.0011317338162064282,0.0030398153407649566,0.1543837579061397,9.060621516114422e-05,0.1698410129430944
"('0013508000', 'Mathematics')",0.0011317338162064282,0.005602024702132721,0.12355622675280364,1.5922907218703404e-06,0.13337308125956748
"('0013706000', 'Mathematics')",0.000679040289723857,0.0004526935264825713,0.11182545307279539,3.171590608242051e-07,0.11888582071257119
"('0037986000', 'Mathematics')",0.0011317338162064282,0.0027832312015198184,0.1172100920595336,1.695481730951672e-06,0.12538120526363777
"('0013144000', 'School of Education')",0.001358080579447714,0.002262442743287924,0.12353549758129911,3.857182933701506e-06,0.13300808234318848
"('0013144000', 'University of California, Irvine')",0.00022634676324128565,0.0,0.10995520159283226,3.6361883482201003e-07,0.11601780509557388
"('0018093000', 'Psychological and Brain Sciences')",0.0009053870529651426,0.0004526935264825713,0.1152141031659104,1.1207593527355986e-06,0.12248218850654004
"('0018093000', 'School of Informatics and Computing')",0.0011317338162064282,0.0010005486709345115,0.11550326797385621,1.2702022357915094e-06,0.12303778200011449
"('0018093000', 'Department of Statistics')",0.000679040289723857,0.0,0.11521109865178501,1.1116466617656636e-06,0.12236901512491936
"('0036046000', 'Computer Science')",0.002037120869171571,0.024061139275124398,0.16967509025270758,0.00016035521583784607,0.1872441765266565
"('0036582000', 'Computer Science')",0.003847894975101856,0.05986150595349779,0.17091570273511547,0.0006398728615689565,0.19202668778834414
"('0037457000', 'Environmental Sciences')",0.0009053870529651426,0.002261417854162992,0.12561128170135336,3.061943400603189e-06,0.13399741723893532
"('0015982001', 'Forestry & Natural Resources')",0.0009053870529651426,0.0013574656459727544,0.14476702274067763,0.00044599099385243135,0.15836405370696824
"('0015982001', 'Wildlife Disease Study/Population Health')",0.000679040289723857,0.0,0.12647067243008045,5.1774487766887816e-05,0.13508522586409144
"('0015982001', 'Veterinary Medicine')",0.000679040289723857,0.0,0.12647067243008045,5.1774487766887816e-05,0.13508522586409144
"('0015982001', 'Population Health')",0.000679040289723857,0.0,0.12647067243008045,5.1774487766887816e-05,0.13508522586409144
"('4003554000', 'Materials Science & Engineering')",0.00022634676324128565,0.0,0.11495030441796326,2.6725397931161934e-07,0.12173055829937364
"('0023259000', 'Materials Science and Engineering')",0.002037120869171571,0.0035259362262042297,0.12987623835141252,2.826624438713354e-06,0.14086099127973203
"('0021998000', 'ECE Department')",0.001358080579447714,0.0022806271182300736,0.14212642753739746,2.1512841209158222e-05,0.154732919236087
"('0021998000', 'Computer Science & Psychology')",0.0015844273426889996,0.0021268022512552763,0.1440542567413349,6.153969444411018e-05,0.15681167833725396
"('0021998000', 'Art & Design')",0.000679040289723857,0.0,0.1324658191412809,1.3577582206830364e-05,0.1425288486600157
"('0010819000', 'School of Human Evolution and Social Cha')",0.002489814395654142,0.002940201921605616,0.12591917003933192,0.00016451029538315108,0.13704561182492306
"('0010819000', 'SHESC')",0.0009053870529651426,4.612001062195089e-07,0.11185093293501101,3.535727095724212e-05,0.11911026137485953
"('P270052132', 'Unknown Dept')",0.0004526935264825713,0.0,0.11184526974000658,1.963388946673778e-05,0.11888391461161829
"('0021782000', 'Research Laboratory of Electronics')",0.0011317338162064282,0.008669031852330353,0.14966631660964125,0.0003793003948866229,0.16526320493047342
"('0021782000', 'Unknown Dept')",0.004074241738343142,0.020169139679863113,0.14580376885251312,0.0008901815305538944,0.16149682205023863
"('4077384000', 'Psychology')",0.000679040289723857,0.0,0.14136695251503903,0.00016796965222228312,0.15514890584492136
"('0015982001', 'ECE Department')",0.000679040289723857,0.0,0.13426530922352226,0.00012982042056648116,0.14452320124819604
"('0015982001', 'Mechanical Engineering')",0.000679040289723857,0.0,0.13426530922352226,0.00012982042056648116,0.1445232012481961
"('0015982001', 'Career and Information Studies')",0.000679040289723857,0.0,0.13426530922352226,0.00012982042056648116,0.14452320124819604
"('0015982001', 'College of Engineering')",0.003168854685377999,0.002601746001295938,0.15507195507195506,0.0011180540806016183,0.17230494029384807
"('0010819000', 'Arts, Media, and Engineering')",0.0015844273426889996,0.00047208911658704847,0.14389942023320956,0.0011398116955485106,0.1600921951646252
"('0010819000', 'Arts, Media and Engineering Program')",0.0009053870529651426,0.0,0.14386661890650948,0.001001555752588821,0.15960177717760243
"('0010819000', 'SNHP-Exercise & Wellness')",0.0009053870529651426,0.0,0.14386661890650948,0.001001555752588821,0.1596017771776024
"('0010819000', 'Science of Health Care Delivery')",0.0009053870529651426,0.0,0.14386661890650948,0.001001555752588821,0.15960177717760243
"('0021055000', 'Information Systems')",0.0011317338162064282,0.0019934137130289574,0.11622033987478297,9.565480908313205e-07,0.12593709380400805
"('0021055000', 'Unknown Dept')",0.003847894975101856,0.00842999155326057,0.12968181284489844,7.438437784022793e-06,0.14304412390084542
"('0096354000', 'School of Computer Science')",0.0011317338162064282,0.0004526935264825713,0.1329481508230267,0.00017649132897992254,0.14490416466989514
"('0096354000', 'Department of Biological Sciences')",0.0009053870529651426,0.0,0.13294415021665865,0.00017494057965017872,0.14479099128827447
"('0096354000', 'Physics')",0.0011317338162064282,0.0004526935264825713,0.1329481508230267,0.00017649132897992254,0.14490416466989514
"('0096354000', 'School of Computing and Information Scie')",0.002716161158895428,0.018039057653590995,0.15288255242577342,0.0012468491645654888,0.17223970134789388
"('0096354000', 'Biology')",0.0015844273426889996,0.010245015710850791,0.13335748136074135,0.00018129645758744418,0.146268622479577
"('5300008543', 'Materials Science and Engineering')",0.00022634676324128565,0.0,0.0836014078643606,1.5500515121581404e-08,0.0868199013332385
"('0015693000', 'Institute for Electronics and Nanotechno')",0.001358080579447714,0.0009052845640526493,0.0912263313304012,1.644942127995648e-07,0.09599733180783983
"('0021030000', 'Chemical and Biomolecular Engineering')",0.000679040289723857,0.0010983028375675327,0.13753813585704502,0.02520298640744452,0.15007424168809308
"('0021030000', 'Chemical & Biomolecular Engineering')",0.00022634676324128565,0.0,0.12091190235091272,0.002373707551252675,0.12874046121522975
"('0029728000', 'Industrial and Systems Engineering')",0.002489814395654142,0.00483120304315935,0.1459530888668649,2.2016311256010292e-05,0.1591382901591125
"('0029728000', 'Materials Science and Engineering')",0.002716161158895428,0.006066071361088965,0.15232906940661312,2.685978021830565e-05,0.16646968041263965
"('0029728000', 'Mechanical and Aerospace Engineering')",0.0033952014486192846,0.012160492585094463,0.1515816921704522,7.772162353510446e-05,0.16627774230196002
"('0029728000', 'Nuclear Engineering Department')",0.0009053870529651426,0.0,0.14125847295050517,1.5067798828787002e-05,0.152117639917548
"('0021055000', 'Center for Women in Technology')",0.00022634676324128565,0.0,0.11479797323632585,7.047346165471315e-07,0.12284384255548293
"('0013706000', 'CIRES')",0.004300588501584427,0.014375735619968268,0.14844931285911092,8.653611581073666e-06,0.1645343866937335
"('0013706000', 'Department of Physics')",0.0004526935264825713,0.0004526935264825713,0.12927200374531836,8.313051959734501e-07,0.1386421372501041
"('0036616000', 'Physics')",0.0004526935264825713,0.0,0.11032037356106575,3.1287795403316777e-07,0.11621531879816668
"('0036616000', 'Chemistry')",0.0015844273426889996,0.0009051820751401561,0.12399315203053521,2.983886582836858e-06,0.13316958304509185
"('0036616000', 'Department of Physics')",0.0004526935264825713,0.0,0.11032037356106575,3.1287795403316777e-07,0.11621531879816668
"('0023259000', 'EECS')",0.003168854685377999,0.0243024582376129,0.15918999747775014,5.169850328958365e-05,0.17619289945002797
"('0036582000', 'Linguistics')",0.0004526935264825713,0.0004526935264825713,0.1294045282797809,2.015311300156471e-06,0.1369045056346998
"('0036582000', 'Liguistics')",0.00022634676324128565,0.0,0.11458063177550702,1.9064278644860102e-07,0.1195956890049236
"('0010819000', 'School of Human Evolution and Soc. Chang')",0.00022634676324128565,0.0,0.1118396071184467,1.6160300949276033e-05,0.11873301676945745
"('0014316000', 'Mechanical Engineering')",0.000679040289723857,0.0009052845640526493,0.09957627118644068,2.0718541554653778e-08,0.1055003597099084
"('0014316000', 'Materials Science and Engineering')",0.002716161158895428,0.005320164888712267,0.11057439619572018,2.1259770022819367e-07,0.11956567675468215
"('0018697000', 'Mechanical Engineering')",0.004300588501584427,0.007054627173870362,0.1322992154279212,1.2531648294916064e-05,0.1446093598821074
"('0014175000', 'Mechanical Engineering')",0.0004526935264825713,0.0,0.11684739486908226,1.3102821344154703e-06,0.12417449540299204
"('0018697000', 'Civil, Construction & Environmental Engi')",0.0004526935264825713,0.0,0.11684739486908226,1.3102821344154703e-06,0.12417449540299204
"('0013052000', 'Dept of Civil and Envmtl Engineering')",0.00022634676324128565,0.0,0.13654345407343305,1.940024970464209e-05,0.14547049512531596
"('0013052000', 'Civil and Environmental Engineering')",0.001358080579447714,0.009370204595099104,0.15813021224811197,0.0002011839970771329,0.17320337162460198
"('0023879000', 'Electrical Engineering')",0.0009053870529651426,0.0004526935264825713,0.10406067458074242,1.513425177624703e-07,0.10996331661441425
"('0023879000', 'Dept. of Electrical & Computer Engineeri')",0.00022634676324128565,0.0,0.09425468820002987,1.4275091051565212e-08,0.09830141365084917
"('0037457000', 'Biocomplexity Institute & Initiative')",0.0011317338162064282,0.0022614520171338227,0.12560413942116336,2.578402457613742e-06,0.13405400392974567
"('0037457000', 'Unknown Dept')",0.0022634676324128564,0.011047668362199689,0.14359541066727338,2.570845637241235e-05,0.15658970763656105
"('0026278000', 'Mechanical & Aerospace Engineering')",0.0018107741059302852,0.004730336474394097,0.1472764850990066,0.00021578146810639893,0.16271558342065254
"('0014480000', 'Electrical Engineering & Computer Scienc')",0.001358080579447714,0.0009051820751401561,0.14355808285946384,0.000202294593364607,0.15817788606946517
"('0013284000', 'Electrical Engineering - Electrophysics')",0.0009053870529651426,0.0,0.14354875393963024,0.00019838077979284134,0.1579515393062239
"('0037986000', 'Applied Mathematics')",0.0011317338162064282,0.0009191582215906019,0.13213698220427694,1.1903619731195989e-05,0.14617807773331218
"('0037986000', 'Neurobiology & Biophysics')",0.00022634676324128565,0.0,0.11671774278769946,1.124123914551189e-06,0.12546567022807203
"('4025938000', 'Economics')",0.002489814395654142,0.00932192385345171,0.1476554927977006,0.00014488511604207981,0.16113725191362027
"('4025938000', 'Department of Economics')",0.0011317338162064282,0.0002856817874118512,0.13289216423522335,0.0001227704571249459,0.14338864633681198
"('4025938000', 'Unknown Dept')",0.001358080579447714,0.0022618790542692116,0.12870710248791004,2.753441685113214e-05,0.13740200496651322
"('0013136000', 'Neurobiology, Physiology, and Behavior')",0.002037120869171571,0.003165165084528243,0.11611038107752956,1.6441051860842364e-06,0.12478354453695899
"('0013136000', 'Chicana/o Studies')",0.00022634676324128565,0.0,0.1040337203004686,1.5506837363451368e-07,0.10955589244058002
"('0026294000', 'Mechancial and Aerospace Engineering')",0.0004526935264825713,0.0,0.11468473379539496,2.404438864591136e-06,0.12293975273447505
"('0026310000', 'Biological Sciences')",0.0004526935264825713,0.0,0.11468473379539496,2.404438864591136e-06,0.12293975273447505
"('0030908000', 'Sociology')",0.0015844273426889996,0.00379049118841567,0.13406566729380348,0.030281775499566822,0.14743704813872197
"('0030908000', 'Unknown Dept')",0.006337709370755998,0.027908851056035272,0.1498439831773165,0.2459727838987421,0.170209747246867
"('0030908000', 'Psychology')",0.0011317338162064282,0.0005503808334254879,0.1313942422079467,0.031813395525349716,0.14402031623624995
"('0030908000', 'Institute for Population Research')",0.001358080579447714,0.0033403475282568805,0.13182550575878738,0.030052847358456623,0.14487791080706314
"('0001057000', 'Robotics Institute')",0.002037120869171571,0.0013536153092880902,0.14183896237318608,0.000845549951390825,0.1554898549466214
"('0029728000', 'Department of Computer Science')",0.000679040289723857,0.0,0.13713256976130614,7.618909220188951e-06,0.1477944864601714
"('0029728000', 'Computer Science')",0.0015844273426889996,0.00934926796572352,0.15423823488339616,5.5119599183295115e-05,0.17001239982792643
"('0018408000', 'Aerospace and Mechanical Engineering')",0.000679040289723857,0.003423616959568516,0.14176159152895876,2.277343260710398e-05,0.15232442724520548
"('0018408000', 'Unknown Dept')",0.0033952014486192846,0.012574733158974696,0.16237274431254364,0.0002295130493205786,0.17917665114926193
"('0027854000', 'Unknown Dept')",0.004074241738343142,0.02444146493223636,0.15470812760444025,0.0005855619933022772,0.17301069673749467
"('0027854000', 'Sociology')",0.00022634676324128565,0.0,0.13398435130709044,5.515373415706962e-05,0.14440010155831742
"('0018697000', 'Aerospace Engineering')",0.002489814395654142,0.0038157576854473065,0.13223585752768632,2.308933984263049e-05,0.14379370503747962
"('0033886000', 'Mechanical Engineering')",0.001358080579447714,0.002713188980433124,0.1317076079179585,8.531947595821009e-06,0.1411436087929975
"('0033886000', 'Chemistry')",0.001358080579447714,0.0009052845640526493,0.11640406808241556,1.1037796348758274e-06,0.12295701287043481
"('0033886000', 'CLAS IT')",0.0004526935264825713,0.0,0.11639180146477686,9.103165312304303e-07,0.12250431934395224
"('0023879000', 'School of Physics and Astronomy')",0.0009053870529651426,0.00760625442581335,0.1297999236125393,8.85404730374522e-06,0.14015686007820383
"('0027110000', 'Mechanical and Aerospace Engineering')",0.001358080579447714,0.0038628606176460624,0.11612258844556589,9.826992920322964e-07,0.12413264706723236
"('0013177000', 'San Diego Supercomputer Center')",0.002037120869171571,0.0031662924625656683,0.11512103603720979,9.980442937683293e-07,0.12317656919752556
"('4012365000', 'Unknown Dept')",0.0011317338162064282,0.005934525583527737,0.14014274385408407,0.00011425585230615627,0.15287185927996827
"('4007712000', 'Education')",0.0009053870529651426,0.004836775903791274,0.1282363868570765,2.0516930525188334e-05,0.13905159172497947
"('0036582000', 'Civil, Architectural and Env Engineering')",0.000679040289723857,0.0,0.12640915593705293,3.6497343288614266e-06,0.134628954366391
"('0036582000', 'Department of Civl and Env. Engineering')",0.0011317338162064282,6.832594166214946e-08,0.12641639006523978,4.359067243009801e-06,0.1348553011296323
"('0036582000', 'Department of Civil Engineering')",0.0011317338162064282,6.832594166214946e-08,0.12641639006523978,4.359067243009801e-06,0.1348553011296323
"('0036582000', 'Civil, Architectural & Environmental Eng')",0.002489814395654142,0.012999990751050117,0.14468642541345997,2.9213354376546797e-05,0.15806608385829643
"('0022301000', 'Geology & Geophysics')",0.0009053870529651426,0.0002029760019064856,0.12203745649411635,1.7153359453087416e-05,0.13032048367607413
"('0022301000', 'Marine Chemistry and Geochemistry')",0.001358080579447714,0.002903179511454579,0.13810565801813066,0.00014237534876857511,0.15050478418518176
"('0022301000', 'Geology and Geophysics')",0.0009053870529651426,0.0006218421662253508,0.12300924379106805,1.5948465886842062e-05,0.13162689380434914
"('0030908000', 'Electrical and Computer Engineering')",0.0018107741059302852,0.004243246842803407,0.11722875262026694,1.4018418984964408e-05,0.1270227644067616
"('7203590102', 'Unknown Dept')",0.000679040289723857,0.0,0.11547006089751967,1.251078555865228e-05,0.12381963046007816
"('0030908000', 'Department of Physics')",0.0022634676324128564,0.009055873548184287,0.129700848427913,0.00010630085249624972,0.14201742563557843
"('0030908000', 'Surgery')",0.000679040289723857,0.0,0.11547006089751967,1.2510785558652282e-05,0.12381963046007818
"('0015354000', 'Linguistics')",0.0009053870529651426,0.0009051820751401561,0.13849529780564263,6.928470453638383e-05,0.1491773366716775
"('0015354000', 'Speech, Language, & Hearing Sciences')",0.0004526935264825713,0.0,0.1384866152592314,6.803093987683991e-05,0.14895098990843625
"('0029744000', 'RENCI')",0.0011317338162064282,0.0009051820751401561,0.14115917950028756,0.00018650586426771691,0.1549377386860403
"('0096354000', 'CIARA')",0.0015844273426889996,0.0014552883988278305,0.14756179024716098,0.0002447074687087197,0.16306882783229443
"('0096354000', 'CIARA - Center for Internet Augmented Re')",0.0015844273426889996,0.0014552883988278305,0.14756179024716098,0.0002447074687087197,0.16306882783229443
"('0013706000', 'Geological Sciences and INSTAAR')",0.00022634676324128565,0.0,0.12725753953394592,1.0466076966725705e-06,0.13646180978118436
"('0013706000', 'INSTAAR')",0.002037120869171571,0.008030650103885288,0.14580858085808582,1.0951451646026004e-05,0.16118325050534024
"('0030908000', 'Materials Science & Engineering')",0.001358080579447714,0.005858010225287938,0.1295259315723123,0.002982815876707934,0.14246030992296152
"('0030908000', 'Mechanical Engineering')",0.000679040289723857,0.0,0.12556130279088273,0.00036180012538518846,0.1362934139699636
"('0030908000', 'ElectroScience Laboratory, ECE Dept.')",0.000679040289723857,0.0,0.12556130279088273,0.00036180012538518846,0.13629341396996358
"('0023259000', 'Psychology')",0.0015844273426889996,0.002126606224070415,0.1306945923559342,3.14649800550369e-06,0.14060080995911658
"('0023259000', 'Ctr. for Human Growth & Devel./Psych')",0.000679040289723857,0.0,0.12404885581917731,1.0920545302411438e-06,0.13210042434804758
"('0013508000', 'Psychology')",0.000679040289723857,0.0,0.12404885581917731,1.0920545302411438e-06,0.13210042434804758
"('0023259000', 'School of Information')",0.001358080579447714,0.00528663879746969,0.13984110404203462,7.325336877730922e-06,0.15184012456533857
"('0017749000', 'Psychology')",0.0018107741059302852,0.0046900249498753556,0.13114072842767668,0.0005045876582972096,0.1425655847849146
"('0016931000', 'Psychology')",0.0009053870529651426,0.0,0.11915421543772588,6.712175899331471e-05,0.1275433013493214
"('0001024000', 'Cognitive Science')",0.0009053870529651426,0.0,0.11915421543772588,6.712175899331471e-05,0.1275433013493214
"('0018408000', 'Psychology')",0.0011317338162064282,0.0004526935264825713,0.11915742913396445,6.767037902359446e-05,0.127656474730942
"('0028068000', 'Unknown Dept')",0.002716161158895428,0.004616553223706199,0.12520191571967013,7.327934487355566e-05,0.13603068188287654
"('0018408000', 'Department of Economics')",0.00022634676324128565,0.0,0.1140040771037081,1.2975502928612593e-06,0.11932075896539392
"('0018408000', 'Economics')",0.0004526935264825713,0.0004526935264825713,0.12866961789375583,1.3772308461552583e-05,0.13676068913732956
"('0017392000', 'Department of Chemistry')",0.00022634676324128565,0.0,0.11367846850555784,3.9756115447853185e-05,0.11982864571422684
"('0017392000', 'Chemistry')",0.000679040289723857,0.0004526935264825713,0.12825500043545157,0.0004221082706643601,0.13761574550392938
"('0032896000', 'Unknown Dept')",0.001358080579447714,0.0004526935264825713,0.1205095332915087,3.789861079278425e-06,0.12977984586461164
"('0019505000', 'Biomedical Engineering')",0.0011317338162064282,0.0,0.12050624624952266,3.75901247821623e-06,0.12966667248299096
"('0019281000', 'School of Integrated Studies')",0.0011317338162064282,0.0,0.12050624624952266,3.75901247821623e-06,0.12966667248299096
"('6250038992', 'Envision Research Institute')",0.0011317338162064282,0.0,0.12050624624952266,3.75901247821623e-06,0.12966667248299096
"('6250038992', 'Unknown Dept')",0.0011317338162064282,0.0,0.12050624624952266,3.75901247821623e-06,0.12966667248299096
"('0001024000', 'Mechanical & Aerospace Engineering')",0.001358080579447714,0.00406686253664363,0.1213069741900055,1.3799715290438486e-05,0.13206983137048559
"('0001024000', 'Department of Biology')",0.0009053870529651426,0.0,0.10820740160180264,1.8245138353280325e-06,0.11565255263257537
"('0017400000', 'Department of Physiology')",0.0009053870529651426,0.0,0.10820740160180264,1.8245138353280325e-06,0.11565255263257537
"('0017400000', 'Physiology')",0.0009053870529651426,0.0,0.10820740160180264,1.8245138353280325e-06,0.11565255263257536
"('0037457000', 'Chemical Engineering')",0.0018107741059302852,0.0029399558921242154,0.13417560057096,0.00012900810141114048,0.14634369830159696
"('0037457000', 'Civil Engineering')",0.0004526935264825713,0.0,0.11830865222397773,1.3429515045989446e-05,0.12593050521378432
"('0037457000', 'Mechanical and Aerospace Engineering')",0.0004526935264825713,0.0,0.11830865222397773,1.3429515045989446e-05,0.12593050521378432
"('0023259000', 'Industrial and Operations Engineering')",0.002716161158895428,0.008985617725737478,0.14346950704682732,8.018566584948272e-06,0.15736341082085634
"('0018929000', 'Unknown Dept')",0.001358080579447714,0.0018095442389803665,0.12759198290302085,1.9271214644013578e-06,0.1372651322572098
"('0029728000', 'Fitts Department of Industrial and Syste')",0.001358080579447714,0.0012662960834248932,0.13424898963809292,6.449401982550885e-06,0.14578165094801535
"('0029728000', 'Industrial and Sytems Engineering')",0.0015844273426889996,0.0013677979626892784,0.13847793380140422,5.16227153490102e-06,0.15045642326085854
"('0034488000', 'Computer Science and Engineering')",0.0009053870529651426,0.000983263183158994,0.10894653777865457,4.7852891411952595e-08,0.11494773012960521
"('0029207000', 'Dept of Electrical and Computer Engineer')",0.0015844273426889996,0.006025570093221337,0.1413217324547374,0.03598430289987405,0.15608051347073393
"('0029207000', 'Biostatistics and Bioinformatics')",0.0011317338162064282,0.0016492976717100594,0.13690734428261545,0.035297019481693184,0.15039089915164916
"('0029207000', 'Electrical Engineering')",0.0009053870529651426,0.0,0.13577135832821144,0.034994834363420164,0.14852932767147212
"('0033795000', 'Pediatrics')",0.0011317338162064282,0.00017828453456372823,0.1376967430263363,0.03758575009192216,0.151385657248037
"('0023259000', 'College of Engineering')",0.0011317338162064282,0.0004526935264825713,0.13949229603435212,1.809736958002778e-05,0.15139596018387247
"('0023259000', 'Department of Psychology')",0.002037120869171571,0.004182502898393066,0.14011163262717238,1.8929669054941492e-05,0.15278411418067286
"('0038950000', 'Mechanical Engineering')",0.0018107741059302852,0.011693207297841639,0.1493576741041244,8.848931261678637e-05,0.16433107471473155
"('0011379001', 'Mechanical Engineering')",0.0009053870529651426,0.0,0.13948789189530514,1.795043682960303e-05,0.15128278680225182
"('0010819000', 'Arts, Media and Engineering')",0.001358080579447714,0.009731843803502645,0.15663889381315368,0.0008080657660317246,0.17551302942316874
"('0010819000', 'ISTL')",0.0004526935264825713,0.0,0.13680136244000618,0.00012451616768766266,0.14841437735846885
"('0013144000', 'Ecology and Evolutionary Biology')",0.000679040289723857,0.002311774784146998,0.11773170601716143,0.02315610120394537,0.12646221039158997
"('0010827000', 'Department of Biological Sciences')",0.001358080579447714,0.0026446719721275507,0.11937314239394758,0.0023306727369134523,0.1285485033928891
"('0021055000', 'Computer Science & Electrical Eng.')",0.000679040289723857,0.0,0.1355048460311618,8.39920349844666e-06,0.1458370976139186
"('0021998000', 'Electrical and Computer Engineering')",0.004074241738343142,0.044633152457744185,0.15672780162474725,7.008391423918342e-05,0.1745428468719538
"('0021998000', 'Health Sciences')",0.000679040289723857,0.0,0.1355048460311618,8.399203498446657e-06,0.14583709761391855
"('0021055000', 'Erickson School of Aging Studies')",0.000679040289723857,0.0,0.1355048460311618,8.399203498446657e-06,0.1458370976139186
"('0018408000', 'Chemical and Biomolecular Engineering')",0.00022634676324128565,0.0,0.11232298578801515,2.5408529211503056e-07,0.11739547006885738
"('0018408000', 'Chemistry and Biochemistry')",0.0009053870529651426,0.0009052845640526493,0.12653224882575323,2.6363903812898212e-06,0.13424154124131457
"('0029728000', 'Industrial & Systems Engineering')",0.0015844273426889996,0.006900944744807231,0.14587598230205376,1.61405705557152e-05,0.15881921194845522
"('0023259000', 'Materials Science & Engineering')",0.002037120869171571,0.007123319454435046,0.1430977521539159,1.5181234957150769e-05,0.15599503358670297
"('0023259000', 'Architecture')",0.0004526935264825713,0.0,0.14255291688177593,1.3556296796386132e-05,0.15391560742963992
"('0023259000', 'Computer Science and Engineering')",0.003168854685377999,0.035283989426407425,0.16582839126191729,0.00012833811506251177,0.18479880802764337
"('0039545000', 'Physics')",0.0009053870529651426,0.00022629551878503902,0.09496786397540896,1.2639231928261049e-08,0.09925301175034652
"('0039545000', 'AMPAC and Mech.Mat.Aero. Eng.')",0.0009053870529651426,0.0018095442389803665,0.10492068015578987,1.0479511899744123e-07,0.11078015059321303
"('0039545000', 'NanoScience Technology Center')",0.000679040289723857,0.0,0.0949658226215554,1.2428320977295803e-08,0.0991398383687259
"('0013169000', 'Department of Chemical and Environmental')",0.0009053870529651426,0.00022629551878503902,0.09496786397540896,1.2639231928261049e-08,0.09925301175034654
"('0015354000', 'Industrial & Systems Engineering')",0.000679040289723857,0.0,0.12581159585374188,0.00011899478316328789,0.13562717210861097
"('0010819000', 'Social Work')",0.000679040289723857,0.0,0.12581159585374188,0.00011899478316328789,0.13562717210861097
"('0010819000', 'Computer Science & Engineering')",0.0018107741059302852,0.0018283761400662217,0.14390410735806652,0.0009735433208684109,0.16020536854624579
"('0013169000', 'School of Public Policy')",0.000679040289723857,0.0,0.12581159585374188,0.00011899478316328788,0.135627172108611
"('0016915000', 'Computer Science')",0.0004526935264825713,0.0,0.13230317731261043,1.7519502909532648e-05,0.14151551757934705
"('0016915000', 'Department of Computer Science')",0.0004526935264825713,0.0,0.13230317731261043,1.7519502909532648e-05,0.14151551757934705
"('0032102000', 'School of EECS')",0.0029425079221367134,0.030076320521055157,0.15246574869724264,0.000165958419536681,0.16816475423876806
"('0022228000', 'Dean of Students')",0.0004526935264825713,0.0,0.09220879510779956,1.5909438363826478e-07,0.09591353975552983
"('0022228000', 'Unknown Dept')",0.0004526935264825713,0.0,0.09220879510779956,1.5909438363826478e-07,0.09591353975552987
"('0022228000', 'Chemistry')",0.0009053870529651426,0.0009051820751401561,0.10157022323378624,1.5299902101358057e-06,0.10675368770327737
"('0027110000', 'Biological and Environmental Engineering')",0.0004526935264825713,0.0018095442389803665,0.10218336571375705,2.6265183787508355e-08,0.10685732234854887
"('0027110000', 'Physics')",0.000679040289723857,0.001357670623797741,0.09272357126366823,2.562701117750911e-09,0.09639511055461349
"('0037986000', 'Sociology')",0.0011317338162064282,0.0004526935264825713,0.10616874534400307,3.9602787421760165e-07,0.11226312552887527
"('0037986000', 'Department of Sociology')",0.00022634676324128565,0.0,0.09598088203345644,3.825320536363038e-08,0.10011732284320107
"('0014266000', 'Department of Anthropology')",0.000679040289723857,0.0009051820751401561,0.1063169293707135,0.00039545738445509194,0.11273666946615668
"('0014266000', 'Unknown Dept')",0.002037120869171571,0.004972557056346251,0.11894889882074201,0.004116554983959926,0.1286075248894463
"('0029728000', 'Chemistry')",0.0015844273426889996,0.006890010864763389,0.15595326344029087,5.119825109644086e-05,0.17130103812991918
"('0027078000', 'Earth & Environmental Sciences')",0.000679040289723857,0.0,0.1144559585492228,4.3501817472845716e-07,0.12039538161652169
"('0027078000', 'Lamont-Doherty Geological Observatory')",0.000679040289723857,0.0,0.1144559585492228,4.3501817472845716e-07,0.12039538161652166
"('P269814882', 'Unknown Dept')",0.000679040289723857,0.0,0.1144559585492228,4.3501817472845716e-07,0.12039538161652166
"('0027078000', 'Lamont Doherty Earth Observatory')",0.001358080579447714,0.001809851705717846,0.12923796986982594,3.7396675709168554e-06,0.13827523954843943
"('0026294000', 'Chemistry and Chemical Biology')",0.0022634676324128564,0.006385129299860207,0.13148418201839232,1.3635077604972908e-05,0.14459178363909564
"('0026294000', 'Chemistry')",0.00022634676324128565,0.0,0.11620811194697249,1.2859746967694908e-06,0.12420783835118224
"('0029751000', 'College of Computing and Informatics')",0.000679040289723857,0.005733130937774107,0.14931729079356496,4.712294679738037e-05,0.1631882980456986
"('0014480000', 'Atmospheric Sciences')",0.0009053870529651426,0.0,0.1294045282797809,6.4987867998473815e-06,0.14092440116093266
"('0033290000', 'Department of Meteorology')",0.002037120869171571,0.010905372093738638,0.1482749362330514,4.812370951032579e-05,0.1661622134969786
"('0021055000', 'Physics')",0.0011317338162064282,0.0004526935264825713,0.1294083186877563,6.552517901307933e-06,0.14103757454255333
"('0033290000', 'Department of Meteorology and Atmospheri')",0.0009053870529651426,0.0,0.1294045282797809,6.4987867998473815e-06,0.14092440116093266
"('0021030000', 'Chemistry & Biochemistry')",0.000679040289723857,0.0,0.1257542980758283,0.0002951316625579673,0.13441253995237692
"('0021030000', 'Chemistry and Biochemistry')",0.0009053870529651426,0.0016760016426770376,0.13248568087084295,0.0003104385312655993,0.14350422476271193
"('0021030000', 'Animal Sciences')",0.000679040289723857,0.0,0.1257542980758283,0.0002951316625579673,0.13441253995237692
"('0021030000', 'Biology')",0.001358080579447714,0.0028214817665965486,0.1393427111587712,0.002527993290482993,0.15111334078626834
"('0026633000', 'Physics and Astronomy')",0.000679040289723857,0.0004526935264825713,0.10396761895797053,3.293548437880404e-07,0.10958689886421834
"('5300004468', 'Pathology Department')",0.00022634676324128565,0.0,0.09417833770331052,3.2234871397788555e-08,0.09809743774290343
"('0011312000', 'Physics (Theoretical Astrophysics)')",0.00022634676324128565,0.0,0.12263365347249208,1.624549040574253e-06,0.12938396452146944
"('0011312000', 'Unknown Dept')",0.0015844273426889996,0.0012731829683447237,0.1397703185801512,1.7216331710065285e-05,0.15060238727622055
"('0021998000', 'Psychology')",0.000679040289723857,0.0018095442389803665,0.1201261623796835,1.0978307821420156e-06,0.1277208095083826
"('0029207000', 'Psychology & Neuroscience')",0.000679040289723857,0.001357670623797741,0.10726164752725242,1.0790079822193038e-07,0.11268672015516315
"('0025650000', 'Mathematics')",0.0004526935264825713,0.0009051820751401561,0.10251769346791971,2.091826831686036e-08,0.10792460780194592
"('0025650000', 'Unknown Dept')",0.002037120869171571,0.005872102241299281,0.11421332919704255,2.1328849118326093e-07,0.12239830770557279
"('0036327060', 'Computer Science & Engineering')",0.002037120869171571,0.002151130601109215,0.1409250398724083,6.336112901278798e-06,0.15380597911720487
"('0036327000', 'Geology and Geophysics')",0.0009053870529651426,0.0,0.13901825047199495,3.7078272436392025e-06,0.15005838058124088
"('0036327000', 'Educational Administration and Human Res')",0.0009053870529651426,0.0,0.13901825047199495,3.7078272436392025e-06,0.15005838058124085
"('0036327000', 'Teaching, Learning, and Culture')",0.001358080579447714,0.002261417854162992,0.13904012588512982,3.7780751645857893e-06,0.15036017626556256
"('0027078000', 'Lamont-Doherty Earth Observatory')",0.0036215482118605704,0.015113702781955502,0.14836954696577895,3.437735968174453e-05,0.16286607738622108
"('0027078000', 'Lamont Doherty')",0.00022634676324128565,0.0,0.1292039539100427,3.2437822802606226e-06,0.1375584747981754
"('0015982001', 'Warnell School of Forestry and Natural R')",0.0009053870529651426,0.0,0.14478599986891263,0.0006128821781707734,0.1585149515491291
"('0015859000', 'IESA')",0.0009053870529651426,0.0,0.14478599986891263,0.0006128821781707734,0.1585149515491291
"('0029843000', 'Unknown Dept')",0.0015844273426889996,0.001357670623797741,0.14480023598046607,0.0006292581281774532,0.15885447169399097
"('0015982001', 'Unknown Dept')",0.007922136713444997,0.06954253297937123,0.16922664419504346,0.0045785551899861065,0.1937646711469697
"('0013201000', 'MCDB')",0.000679040289723857,0.0004526935264825713,0.12877087644641347,0.02224502312698847,0.13915270509883373
"('0013201000', 'Molecular Cell and Developmental Biology')",0.00022634676324128565,0.0,0.11408356143159634,0.002095115475952482,0.12080381610994953
"('0015982001', 'School of Marine Sciences')",0.0011317338162064282,0.0011257094942674127,0.14477176655634563,0.0005003431773693652,0.15847722708858886
"('0015982000', 'Odum School of Ecology')",0.0009053870529651426,3.618272707626948e-06,0.12662654055603326,0.00012387125158022874,0.13583603244898584
"('0015982000', 'Department of Computer Science')",0.000679040289723857,0.0,0.12648877691250573,6.492723115052741e-05,0.13521726147598215
"('0036525000', 'Department of Biology and Biochemistry')",0.000679040289723857,0.0,0.12648877691250573,6.492723115052741e-05,0.13521726147598215
"('0015743000', 'Sociology')",0.0004526935264825713,0.0,0.1311913528922675,0.0001229941774019724,0.1421022497697455
"('0013201000', 'Geography')",0.003168854685377999,0.0213228627512901,0.1509911141490089,0.0011293337564384077,0.1699626520303286
"('0013136000', 'Emergency Medicine, Violence Prevention')",0.0004526935264825713,0.0,0.1311913528922675,0.0001229941774019724,0.14210224976974548
"('0021287000', 'Lynch School of Education')",0.0018107741059302852,0.0024063880767521756,0.11156565656565656,1.186759347199284e-06,0.11973333857903534
"('0021287000', 'Department of Mathematics')",0.0009053870529651426,0.0,0.10643218501565888,1.0562501630886116e-06,0.11298758769961588
"('4002911000', 'U.S. Division')",0.0011317338162064282,0.002442790465704802,0.1156544502617801,7.908574509709951e-06,0.12411702704488844
"('4002911000', 'U.S. Division-STEM')",0.0009053870529651426,0.0,0.10643218501565888,1.0562501630886118e-06,0.11298758769961588
"('0021287000', 'Math Dept')",0.0009053870529651426,0.0,0.10643218501565888,1.0562501630886118e-06,0.11298758769961588
"('0036152000', 'Unknown Dept')",0.001358080579447714,0.0009052845640526493,0.10130239383655874,5.87688526912873e-08,0.10791915724144584
"('0036152000', 'Curriculum and Instruction')",0.00022634676324128565,0.0,0.09198609173624268,5.5419124383251235e-09,0.09643210560592727
"('0025171000', 'Department of Mathematics and Statistics')",0.00022634676324128565,0.0,0.11620199894792214,8.429811464158123e-06,0.12290144717713682
"('0018697000', 'Mathematics')",0.001358080579447714,0.003616526255148402,0.1314763562777133,8.949558348316959e-05,0.14212460493583073
"('0037986000', 'Unknown Dept')",0.005658669081032141,0.027786791391924123,0.14261273766099616,3.0670502721193744e-05,0.16210370748307004
"('0022301000', 'Applied Ocean Physics and Engineering')",0.0009053870529651426,0.007781123946338397,0.1311446212301116,3.993216298883984e-06,0.1443932635333781
"('0015354000', 'Industrial and Systems Engineering')",0.0011317338162064282,0.0004526935264825713,0.14585671838890724,0.00024121572022333168,0.15977385310228126
"('0015354000', 'Industrial And Systems Engineering')",0.00022634676324128565,0.0,0.12729420577981387,2.3614871000707497e-05,0.13577163681849055
"('0030908000', 'ECE and CSE')",0.0004526935264825713,0.0004526935264825713,0.10493563251151965,1.3321667851947386e-06,0.11133073865511854
"('0029728000', 'Depart. of Electrical and Computer Engin')",0.0009053870529651426,3.371219147542822e-05,0.1310395966187157,5.36280677945656e-06,0.14112463978353484
"('0029728000', 'Department of Teacher Education and Lear')",0.0018107741059302852,0.00440160535676899,0.13632857098774956,2.5694637095776754e-05,0.14961350517597563
"('7203576408', 'School for the Future of Innovation in S')",0.00022634676324128565,0.0,0.1118396071184467,1.6160300949276033e-05,0.11873301676945745
"('0029728000', 'Psychology')",0.0004526935264825713,0.0,0.12737127371273713,2.5916679574159565e-06,0.13531610233737867
"('0001057000', 'Social and Decision Sciences')",0.00022634676324128565,0.0,0.1314098750743605,7.39928393831091e-05,0.14118149342232536
"('0034140000', 'Oceanography')",0.0009053870529651426,0.000452744770938818,0.1114783881305039,9.555224658446454e-07,0.11824157111584106
"('0034140000', 'Graduate School of Oceanography')",0.0015844273426889996,0.004475051447809023,0.12544721449258903,4.710722971245614e-06,0.1355148460512869
"('0034140000', 'Department of Computer Science and Stati')",0.0004526935264825713,0.0,0.11147276259682588,5.488285262508666e-07,0.11801522435259978
"('0015982000', 'Department of Anthropology')",0.000679040289723857,0.0004526935264825713,0.11547307893361212,6.760459922201844e-06,0.12223213498910479
"('0015982000', 'Unknown Dept')",0.0015844273426889996,0.0020782514996298533,0.13053241151096143,6.439890118542735e-05,0.14072496801922504
"('0015982001', 'Anthropology')",0.0004526935264825713,0.0,0.11547006089751967,6.705593610013742e-06,0.12211896160748414
"('0014175000', 'Curriculum and Instruction')",0.0009053870529651426,0.00271400889173307,0.10484100616990982,2.0382679802051162e-07,0.11042494162917128
"('0096354000', 'Bob Moses Research Center')",0.000679040289723857,0.0009051820751401561,0.09490258415139734,1.98949042582802e-08,0.09897243084550406
"('0023259000', 'Biological Chemistry')",0.000679040289723857,0.0,0.09646498831852224,9.342509043204334e-09,0.10111187353301637
"('0023259000', 'Department of Biological Chemistry')",0.000679040289723857,0.0,0.09646498831852224,9.342509043204334e-09,0.10111187353301637
"('0023259000', 'Computational Medicine & Bioinformatics')",0.0018107741059302852,0.0019240164161292426,0.0972057205720572,1.0172274465040422e-08,0.10254083068571729
"('0023259000', 'Internal Medicine')",0.0011317338162064282,0.0031395190745528065,0.10673044402570421,7.953615412515392e-08,0.11300170988661064
"('0010819000', 'School of Human Evolution & Social Chang')",0.001358080579447714,0.0006781178895114179,0.12590122823516,0.00015690044922569496,0.1364797449168198
"('0021030000', 'Electrical and Computer Engeering')",0.0009053870529651426,0.0,0.10129542588558982,5.235107166319402e-08,0.10765508601766434
"('0021030000', 'Center for Automation Research')",0.0009053870529651426,0.0,0.10129542588558982,5.235107166319402e-08,0.10765508601766437
"('0021030000', 'Institute for Systems Research')",0.001358080579447714,0.0009051820751401561,0.10130007107972394,5.330770590197026e-08,0.10788143278090563
"('0020776000', 'Electrical & Computer Engineering')",0.0011317338162064282,0.002713086491520631,0.11269545698033313,3.9717953787541583e-07,0.1219322663920955
"('0020776000', 'Electrical and Computer Engineering')",0.0009053870529651426,0.0,0.10129542588558982,5.235107166319402e-08,0.10765508601766434
"('0011395000', 'Mechanical and Aerospace')",0.0009053870529651426,0.0,0.12460514440433212,5.197648235897004e-06,0.13328043146682728
"('4015152000', 'Unknown Dept')",0.0029425079221367134,0.011205321426409738,0.14232330391083048,3.95763392282412e-05,0.15638365394476625
"('0011395000', 'CNSM')",0.0009053870529651426,0.0,0.12460514440433212,5.197648235897004e-06,0.13328043146682728
"('0011395000', 'Information Systems')",0.0009053870529651426,0.0,0.12460514440433212,5.197648235897004e-06,0.13328043146682728
"('0011395000', 'Chemical Engineering')",0.0009053870529651426,0.0,0.12460514440433212,5.197648235897004e-06,0.13328043146682728
"('0013706000', 'Cognitive Science')",0.0011317338162064282,0.0004526935264825713,0.10798523696624544,2.0245716763141591e-07,0.11442187072462806
"('0018408000', 'Department of Computer Science and Eng.')",0.00022634676324128565,0.0,0.09746304875358482,1.961246357369212e-08,0.10177889321982109
"('0010819000', 'Biomedical Engineering')",0.0004526935264825713,0.0,0.12599817476614192,0.00020194660956743783,0.1358510773970251
"('0015982001', 'Chemistry')",0.00022634676324128565,0.0,0.1447385663740008,0.0004313570964851034,0.1579113601804857
"('0013706000', 'Institute of Arctic and Alpine Research')",0.0004526935264825713,0.0,0.12727220349724888,1.2720743072356091e-06,0.13668815654442568
"('0025163000', 'Computer Science')",0.002489814395654142,0.01566298048169274,0.15274512515558014,0.0010692422869961918,0.17025115873010713
"('0025163000', 'Computer Engineering/Computer Science')",0.00022634676324128565,0.0,0.13250952280975375,0.00010080078919109654,0.14280263773246954
"('0036756000', 'Chemical And Fuels Engineering')",0.0009053870529651426,0.0,0.14099250039891495,0.00044844289672205903,0.15273444740963865
"('0036756000', 'School of Computing')",0.004074241738343142,0.018877548890313952,0.15984659358153333,0.0033331297452438985,0.17943173658995207
"('6250026398', 'Office of Research')",0.0009053870529651426,0.0,0.14099250039891495,0.00044844289672205903,0.15273444740963865
"('0036772000', 'Department of Psychology')",0.0009053870529651426,0.0,0.14099250039891495,0.00044844289672205903,0.15273444740963865
"('0037986000', 'Human Centered Design & Engineering')",0.0022634676324128564,0.0072065801516381185,0.12868460911103344,4.252092431503767e-06,0.14073887105801916
"('0037986000', 'Human Centered Design and Engineering')",0.001358080579447714,0.0018095442389803665,0.11537055413380687,1.1497455946183033e-06,0.12459691004530889
"('0037986000', 'The Information School')",0.001358080579447714,0.0015535591046563532,0.12632963513668077,4.078926147947542e-06,0.13881416065346036
"('0037986000', 'Information School')",0.001358080579447714,0.00045860902153122647,0.1242546968162898,3.422625861747752e-06,0.1350411668849936
"('0010835000', 'Mathematics')",0.0018107741059302852,0.0029020061660889125,0.1228006782110793,2.5208889800448882e-06,0.1327637727334479
"('0010835000', 'Department of Mathematics')",0.00022634676324128565,0.0,0.10937267911075903,2.4130434563216616e-07,0.1156960675657575
"('0028381000', 'Computer Science')",0.002489814395654142,0.011090427598997416,0.11967062137710602,8.04684326948648e-05,0.12918784593151447
"('0018697000', 'Electrical and Computer Engineering')",0.0022634676324128564,0.004396034605069075,0.13751673047592367,2.2194482852017035e-05,0.14907179486174485
"('0018697000', 'Electrical & Computer Engineering')",0.0011317338162064282,7.679160538174855e-05,0.12684831605845703,6.3083940089631805e-06,0.13608703365946434
"('0036582000', 'Marine Science Institute')",0.00022634676324128565,0.0,0.14859410735907438,2.0737624223003634e-05,0.16018783289041222
"('0037457000', 'Materials Science and Engineering')",0.000679040289723857,0.0009051820751401561,0.11887528588725951,1.8051086891346668e-06,0.12584668197751683
"('0037457000', 'Dept. Materials Science & Engineering')",0.0004526935264825713,0.0,0.10625045092710612,1.882307406002065e-07,0.11111514913807524
"('0037457000', 'Microbiology, Immunology and Cancer Biol')",0.0004526935264825713,0.0,0.10625045092710612,1.882307406002065e-07,0.11111514913807524
"('0023259000', 'Mathematics')",0.0004526935264825713,0.004286739175573601,0.1435021275213564,1.7413622286195247e-05,0.1544490932336103
"('0025684000', 'Unknown Dept')",0.0009053870529651426,0.0013577731127102342,0.12126368951225537,1.218789394954164e-05,0.13152282669265253
"('0022905000', 'Electrical and Computer Engineering')",0.0022634676324128564,0.010410251089367368,0.13796764724252078,0.000125896932346032,0.15435608251611535
"('0010819000', 'School of Earth and Space Exploration')",0.002716161158895428,0.006448591670167451,0.1332689813278634,0.00014894705412869956,0.14625283109325574
"('0020834000', 'Chemistry')",0.001358080579447714,0.0009051820751401561,0.1048658912888678,3.137020694301578e-07,0.11137898374803357
"('0020834000', 'Department of Biology Dixon Rm 213')",0.0009053870529651426,0.0,0.10486091332004177,3.080825141679431e-07,0.1111526369847923
"('0020834000', 'Physics & Engineering Physics')",0.0018107741059302852,0.002261417854162992,0.10487335912834998,3.227281504913267e-07,0.11164305497181508
"('0020834000', 'Mathematics')",0.0009053870529651426,0.0,0.10486091332004177,3.080825141679431e-07,0.11115263698479227
"('0020834000', 'Advanced Studies Leadership and Policy')",0.0015844273426889996,0.005419921159379175,0.11711066931742876,2.3254083392942767e-06,0.12603425267143822
"('0018929000', 'Department of Chemistry')",0.00022634676324128565,0.0,0.10954081126648815,3.8873301094423106e-07,0.11538692151958603
"('0018929000', 'Chemistry')",0.0009053870529651426,0.0004526935264825713,0.12301266880133649,4.105086625521545e-06,0.13206603610915502
"('0035691000', 'Unknown Dept')",0.0022634676324128564,0.009330789183869053,0.14268182405373983,0.003909693773688053,0.15665778690903048
"('6250032970', 'MGHPCC')",0.0011317338162064282,0.0,0.1274116798846431,0.0005956426906186626,0.13697362254967463
"('6250022416', 'Unknown Dept')",0.0011317338162064282,0.0,0.1274116798846431,0.0005956426906186626,0.13697362254967463
"('0001479000', 'Office of Information Technology')",0.0011317338162064282,0.0,0.1274116798846431,0.0005956426906186626,0.13697362254967463
"('0036566000', 'Unknown Dept')",0.0022634676324128564,0.007273463502649412,0.1325811001410437,0.0006275691735088228,0.14406117686448083
"('0036566000', 'Office of Information Technology')",0.0011317338162064282,0.0,0.1274116798846431,0.0005956426906186626,0.13697362254967463
"('0020776000', 'Physics and Astronomy')",0.0011317338162064282,0.0013577731127102342,0.11268108549275659,4.2815030083430745e-07,0.12178136854993465
"('0020776000', 'Cell Biology')",0.00022634676324128565,0.0,0.10127220630372492,4.037118546113679e-08,0.10716089558458756
"('0014480000', 'Electrical Engineering and Computer Scie')",0.0004526935264825713,0.0,0.12554346281719758,2.1947191143953467e-05,0.13457137965399554
"('0014480000', 'Electrical & Computer Engineering')",0.0004526935264825713,0.0,0.12554346281719758,2.1947191143953467e-05,0.13457137965399554
"('0027854000', 'Marron Institute of Urban Management')",0.0004526935264825713,0.0,0.10988136394160221,4.898588605608391e-06,0.11583539255712448
"('0027854000', 'Finance')",0.0004526935264825713,0.0,0.10988136394160221,4.898588605608391e-06,0.11583539255712445
"('0027854020', 'Population Health')",0.0011317338162064282,0.002308896990499615,0.1234388533430192,4.7111310616057184e-05,0.13239601521912478
"('0017400000', 'Industrial Engg & Management Sciences')",0.000679040289723857,0.0004526935264825713,0.10772982199463546,1.417752504191782e-07,0.11365878767317919
"('0017392000', 'School of Communication')",0.0004526935264825713,0.0,0.10772719514276657,1.4056240673311814e-07,0.11354561429155856
"('0018259000', 'Computer Science')",0.0018107741059302852,0.014012217911881363,0.16269563616276927,0.0002047674118703464,0.18079146533763887
"('0018259000', 'School of Languages and Culture')",0.00022634676324128565,0.0,0.139934118839478,1.943673266542992e-05,0.15021477064256528
"('0030908000', 'Department of Sociology')",0.00022634676324128565,0.0,0.11822001016831232,0.0028520454784036623,0.12646226747596775
"('0017749000', 'Linguistics')",0.000679040289723857,0.0,0.1408621349317689,0.00010220990559603208,0.15264414173422733
"('0025064000', 'Aerospace & Mechanical Engineering')",0.000679040289723857,0.0,0.1408621349317689,0.00010220990559603208,0.15264414173422733
"('0014431000', 'Linguistics')",0.000679040289723857,0.0,0.1408621349317689,0.00010220990559603208,0.1526441417342273
"('0036327060', 'Zachry Department of Civil Engineering')",0.0004526935264825713,0.0,0.13612275080108455,0.00011295833775286566,0.1504940776129155
"('0022905000', 'Unknown Dept')",0.009280217292892712,0.06814152526237376,0.15756062767475035,0.0010858347218757032,0.18433330036996756
"('0034710000', 'Civil and Environmental Engineering')",0.0004526935264825713,0.0,0.13612275080108455,0.00011295833775286566,0.1504940776129155
"('0017756000', 'Department of Civil Engineering')",0.0009053870529651426,0.0,0.11144183230753708,4.522293771375344e-06,0.11876731393198028
"('0035303000', 'Civil and Environmental Engineering')",0.0022634676324128564,0.00376694581571786,0.1253938069423552,3.241108958982583e-05,0.13648863711108972
"('0018259000', 'Earth & Atmospheric Sciences')",0.0009053870529651426,0.0,0.11144183230753708,4.522293771375344e-06,0.11876731393198026
"('0025544000', 'Geography/Geology')",0.0009053870529651426,0.0,0.11144183230753708,4.522293771375344e-06,0.11876731393198026
"('0001289000', 'Civil Engineering')",0.0015844273426889996,0.0013574656459727544,0.11145026613859388,4.675076897251719e-06,0.11910683407684218
"('0029744000', 'Renaissance Computing Institute')",0.0009053870529651426,0.006589791184882949,0.1457845240059396,0.000588951369931451,0.16044520968694675
"('0010819000', 'Electrical, Computer, Energy Engineering')",0.0015844273426889996,0.005045825287682527,0.14715384871598441,0.0009959463853636465,0.16468830010590885
"('0010819000', 'Computer Science and Engineering')",0.0004526935264825713,0.0,0.14466273739358218,0.0007906687516932169,0.1605200493385183
"('0021998000', 'School of Public Policy & Urban Affairs')",0.0018107741059302852,0.009358146085948838,0.15018526702247,0.00011312080306894847,0.1648159194560265
"('0037457000', 'Office of the EVP and Provost')",0.0009053870529651426,0.004263887843911591,0.14803645623911005,5.561191015162556e-05,0.16171240484277888
"('0013201000', 'Computer Science')",0.000679040289723857,0.0055850310482954075,0.15121333470239928,4.268655726518642e-05,0.16480715916546518
"('0036962000', 'College of Education and Social Services')",0.0011317338162064282,6.839061799357324e-05,0.11604023848921809,1.3673882260167298e-06,0.12333974529820989
"('0036962000', 'Chemistry')",0.000679040289723857,0.0,0.10923206250309055,8.264695990766976e-07,0.11538159889090492
"('0036962000', 'Unknown Dept')",0.0018107741059302852,0.001077447275713675,0.12261663567483556,3.5687538007031946e-06,0.1319942271023067
"('0036962000', 'Computer Science')",0.0018107741059302852,0.001077447275713675,0.12261663567483556,3.5687538007031946e-06,0.1319942271023067
"('0011510001', 'Computer Science')",0.001358080579447714,0.0009051820751401561,0.10806183348009,3.314093276748332e-07,0.1142069325237103
"('0011510001', 'Electrical and Computer Engineering')",0.0004526935264825713,0.0,0.09752759381898454,3.453336664777726e-08,0.10173178794859923
"('0011510001', 'Sociology')",0.0004526935264825713,0.0,0.09752759381898454,3.453336664777726e-08,0.10173178794859924
"('0022301000', 'Department of Geology and Geophysics')",0.000679040289723857,0.0003385389018747858,0.1157999580624869,1.925784930505456e-06,0.12292526898683474
"('0021055000', 'Psychology')",0.0004526935264825713,0.0,0.11480095624155494,7.785116875731281e-07,0.12295701593710358
"('0021030000', 'Counseling, Higher Education, and Specia')",0.0004526935264825713,0.0,0.11480095624155494,7.785116875731281e-07,0.12295701593710355
"('0022335000', 'STEM Education Center')",0.0009053870529651426,0.0017892695242360285,0.1282922438075326,0.0007031329471070759,0.1386191554675092
"('0022335000', 'Unknown Dept')",0.0029425079221367134,0.0032656745489509963,0.13400467105462707,0.0019953322553424324,0.14549406027699943
"('0022335000', 'Physics')",0.003168854685377999,0.004659187393721356,0.13957161812093258,0.005305658469386154,0.15301746565893093
"('0023879000', 'School of Mathematics')",0.0009053870529651426,0.001357670623797741,0.11842281609349452,3.4187273609538206e-06,0.12520917195826606
"('0018259000', 'Department of Mathematics')",0.0004526935264825713,0.0,0.10588883829063106,3.5556460686458365e-07,0.11055906089475137
"('0023879000', 'Mathematics')",0.0004526935264825713,0.0,0.10588883829063106,3.5556460686458365e-07,0.11055906089475137
"('0037457000', 'Electrical & Computer Engineering')",0.000679040289723857,2.049778249864484e-07,0.13488428894180862,2.0188266800235805e-05,0.14518444057828297
"('0037457000', 'Mechanical & Aerospace Engineering')",0.000679040289723857,0.0013574656459727544,0.1348925256472887,1.8741842843686888e-05,0.1452598894993634
"('0037457000', 'Electrical and Computer Engineering')",0.002489814395654142,0.012668855497182734,0.15588173029426294,0.0001765283007867875,0.1730558775262251
"('0015982001', 'Department of Genetics')",0.0009053870529651426,4.612001062195089e-07,0.14476702274067763,0.0006291606834020305,0.15836405370696824
"('0015982001', 'Infectious Disease')",0.0004526935264825713,0.0,0.14474330832486976,0.0004906347925661437,0.15802453356210633
"('0114629000', 'Chemistry')",0.0004526935264825713,0.0,0.11456577548427249,4.986167706480464e-07,0.12069464027896035
"('0114629000', 'Biological Sciences')",0.0011317338162064282,0.0013574656459727544,0.1145746887966805,5.145108405278503e-07,0.12103416042382224
"('0114629000', 'Unknown Dept')",0.001358080579447714,0.004068912314893494,0.12937042459736456,4.708821870200748e-06,0.13859070045692917
"('0037549000', 'Mechanical Engineering')",0.002716161158895428,0.017221224467847764,0.15766183712797088,0.002686558411256612,0.17482703466745939
"('0037549000', 'Engineering Education')",0.001358080579447714,0.00753322159048756,0.13823961951250038,0.00026747259297930443,0.1496782472846292
"('0036582000', 'IC2 Institute, VP for Research')",0.00022634676324128565,0.0,0.11304726081727694,3.5714445729784257e-07,0.11950643573266825
"('0035451020', 'Unknown Dept')",0.0011317338162064282,0.0004526935264825713,0.12745211170090007,3.779320384346839e-06,0.1376178415166635
"('0013151000', 'Earth, Planetary, and Space Sciences')",0.000679040289723857,0.00022629551878503902,0.10891967851683843,9.802949678669213e-07,0.11460484307793317
"('0035691000', 'Physics')",0.000679040289723857,0.00022629551878503902,0.10891967851683843,9.802949678669213e-07,0.11460484307793317
"('0010835000', 'Chemistry & Biochemistry')",0.0011317338162064282,0.0037357523026213544,0.11780390902061169,1.0606332292607887e-06,0.12576539160650213
"('0029207000', 'Electrical and Computer Engineering')",0.000679040289723857,0.0,0.12369113612184333,4.067375384859924e-06,0.13181949708658577
"('0029207000', 'Department of Mathematics')",0.000679040289723857,0.0,0.12369113612184333,4.067375384859924e-06,0.13181949708658575
"('0029207000', 'Mathematics')",0.0009053870529651426,0.0004526935264825713,0.12369459921046,4.100893232855686e-06,0.13193267046820636
"('0022301000', 'Dept. of Geology and Geophysics')",0.000679040289723857,2.4233610385873827e-05,0.11150933871781929,3.390508953791469e-06,0.11786040339118603
"('0017756000', 'NCSA')",0.002489814395654142,0.011679701869245867,0.152676504129661,0.00011301788867867507,0.1681448537378806
"('0017756000', 'Department of Physics')",0.0015844273426889996,0.0039041502204731748,0.1378643200399426,2.0978385973594823e-05,0.14969023167868667
"('0013177000', 'Computer Science Engineering')",0.001358080579447714,0.0009051820751401561,0.1334662558153586,1.1547956068918978e-05,0.142743851390297
"('0013177000', 'Department of Computer Science and Engin')",0.0009053870529651426,0.0,0.1334581923634606,1.1340061185429724e-05,0.14251750462705573
"('0013177000', 'Medicine')",0.0009053870529651426,0.0,0.1334581923634606,1.1340061185429724e-05,0.14251750462705573
"('4004027000', 'Scripps Translational Science Istitute')",0.0009053870529651426,0.0,0.1334581923634606,1.1340061185429724e-05,0.1425175046270557
"('0038950000', 'Biostatistics and Medical Informatics')",0.0004526935264825713,0.0,0.13252542220355762,0.0003868824865160549,0.1428349720421918
"('0033290000', 'Statistics')",0.001358080579447714,0.002583027498003902,0.1363538162402395,0.003510518108069325,0.14835122500355552
"('0028373000', 'Unknown Dept')",0.003847894975101856,0.011632518289054736,0.15066157413722547,0.0005957797666483229,0.16702132621666194
"('0015693000', 'School of Industrial Design')",0.0009053870529651426,0.006639137135298108,0.15079527612806334,0.0002951488256894535,0.16626928036502328
"('0014266000', 'School of the Environment')",0.0011317338162064282,0.0004526935264825713,0.10631948789526881,0.0005454055881978832,0.11292529176885774
"('0014266000', 'Department of Ecology and Evolution')",0.0009053870529651426,0.0,0.1063169293707135,0.0005409839811850033,0.11281211838723708
"('0014266000', 'Environmental Engineering Program')",0.0009053870529651426,0.0,0.1063169293707135,0.0005409839811850033,0.11281211838723712
"('0014266000', 'Environmental Engineering')",0.0009053870529651426,0.0,0.1063169293707135,0.0005409839811850033,0.11281211838723708
"('0001057000', 'Robotics')",0.000679040289723857,0.0,0.13161344137273595,0.00018482974843737825,0.14195762928786818
"('0020107000', 'Mechanical Engineering')",0.0009053870529651426,0.0,0.11458360349612262,2.8168981870375485e-06,0.12110691474057837
"('0020255000', 'Mechanical Engineering')",0.0009053870529651426,0.0,0.11458360349612262,2.8168981870375485e-06,0.12110691474057837
"('0020313000', 'Center for Advanced Computer Studies')",0.002716161158895428,0.0020355835354841723,0.12939694812992414,1.2113583046148068e-05,0.13942441103486783
"('0020081000', 'Mechanical Engineering')",0.0009053870529651426,0.0,0.11458360349612262,2.8168981870375485e-06,0.12110691474057834
"('0020313000', 'School of Computing and Informatics')",0.002037120869171571,0.0006781178895114179,0.12938557957008143,1.1739198414123111e-05,0.13908489089000592
"('0036616000', 'Unknown Dept')",0.003168854685377999,0.009201124345486712,0.12900400035039566,1.3217159946287682e-05,0.14049575933346814
"('0018929000', 'Department of Nursing - Office of Nursin')",0.000679040289723857,0.0,0.11427241218767782,1.5380431076031933e-06,0.12135685562259209
"('0018929000', 'Nursing Services and Patient Care')",0.000679040289723857,0.0,0.11427241218767782,1.5380431076031933e-06,0.12135685562259209
"('0038950000', 'Nursing')",0.000679040289723857,0.0,0.11427241218767782,1.5380431076031933e-06,0.12135685562259212
"('0015693000', 'Unknown Dept')",0.00882752376641014,0.08584855095618908,0.17210751850409037,0.002491020261401083,0.19710550628386714
"('0017392000', 'Chemical and Biological Engineering')",0.0015844273426889996,0.004747873257875405,0.15140507196710076,0.0015143582579210187,0.16776697411034064
"('0017392000', 'Northwestern Center for Water Research')",0.0011317338162064282,0.00014280088809313847,0.15069240739477455,0.0016882916104723244,0.16619170842235406
"('0017392000', 'Civil and Environmental Engineering')",0.001358080579447714,0.004820143363980519,0.15145178430633163,0.0017558517458041334,0.16782356080115093
"('0017400000', 'Unknown Dept')",0.004074241738343142,0.023418575260544118,0.1581471935853379,0.007882159253852538,0.17773429163764012
"('0015693000', 'Biomedical Engineering')",0.002716161158895428,0.011272329040927578,0.1507592560996417,0.00032187346831172634,0.1659679909396957
"('0029744000', 'School of Education')",0.0011317338162064282,0.0,0.121758302328786,9.049782876102095e-06,0.13028704168925967
"('0023309000', 'Educational Leadership, Research, and Te')",0.002037120869171571,0.0013471126065346002,0.132374531835206,3.092278477605189e-05,0.1436839649209491
"('0033787000', 'Graduate School of Education')",0.0015844273426889996,0.0011956121634875768,0.12439814163029705,9.289697134397322e-06,0.13328170873440198
"('0031252000', 'School of Education')",0.0011317338162064282,0.0,0.121758302328786,9.049782876102095e-06,0.13028704168925967
"('4009395000', 'Unknown Dept')",0.003847894975101856,0.009945641956584159,0.13734999689112729,3.7760061760647124e-05,0.1508930301879587
"('0015354000', 'School of Human Development and Organiza')",0.0011317338162064282,0.0,0.121758302328786,9.049782876102095e-06,0.1302870416892597
"('0013136000', 'Unknown Dept')",0.004074241738343142,0.0264593744269668,0.13471976581081904,2.833689530306949e-05,0.14838631013370596
"('0013136000', 'Biological and Agricultural Engineering')",0.0004526935264825713,0.0,0.11873152378392905,3.025784162851755e-06,0.12688023491271544
"('0013136000', 'Dept. of Civil & Envir Engineering')",0.0004526935264825713,0.0,0.11873152378392905,3.025784162851755e-06,0.12688023491271544
"('0017749000', 'Pritzker School of Molecular Egineering')",0.0015844273426889996,0.00015640650710978235,0.1398676670782284,0.0012290997465112933,0.15246674129652768
"('0017749000', 'Institute for Molecular Engineering')",0.0036215482118605704,0.02425083702061897,0.16003767296964427,0.004496878445371085,0.18010816644247937
"('0017400000', 'Materials Science and Engineering')",0.002037120869171571,0.0021402914697100832,0.14710485133020346,0.004023270357851148,0.1623053409042535
"('0080010000', 'Civil, Materials, and Environmental Engi')",0.0009053870529651426,0.0,0.13804524434445695,0.0010187468833091073,0.14998138524621013
"('0017756000', 'Plant Biology')",0.0018107741059302852,0.0031108293898808753,0.13810565801813066,0.0010671380897327321,0.1505790484853401
"('0026393000', 'Computer Science')",0.0004526935264825713,0.0,0.13782561222898143,0.00034659717792075986,0.14902857535553254
"('0026393000', 'College of Arts & Letters')",0.0004526935264825713,0.0,0.13782561222898143,0.00034659717792075986,0.14902857535553254
"('0014894000', 'Biological Science and Institute of Mol')",0.000679040289723857,0.0,0.11772856876382339,0.004240018481061481,0.12609399734762522
"('0014894000', 'Institute of Molecular Biophysics')",0.000679040289723857,0.0,0.11772856876382339,0.004240018481061481,0.12609399734762522
"('0014894000', 'Chemistry and Biochemistry')",0.0009053870529651426,0.0004526935264825713,0.11773170601716143,0.004274673261161348,0.1262071707292459
"('0014894000', 'Biological Science')",0.002037120869171571,0.007825913689218401,0.13342191888382207,0.036503965310555636,0.1467380037094829
"('0038950000', 'Computer Sciences')",0.0022634676324128564,0.015339990410302746,0.16581594355201923,0.00019800787749171556,0.18350650217445064
"('0038950000', 'Computer Science')",0.003847894975101856,0.02202249955453449,0.1648015517755894,0.0007284380091062962,0.18445729488056245
"('0038950000', 'ECE')",0.000679040289723857,0.0,0.14937787395185284,9.997071768648687e-05,0.16224908585705167
"('0013136000', 'Evolution and Ecology')",0.000679040289723857,0.0009051820751401561,0.09601425653062111,4.860176702455693e-08,0.10056570500276477
"('0013136000', 'Animal Science')",0.0011317338162064282,0.0013574656459727544,0.10619937020744694,4.926918151627167e-07,0.11252719675265681
"('0010827000', 'Computer Science')",0.0004526935264825713,0.0,0.1155788096795291,4.2786662019642346e-05,0.12339791357729239
"('0010827000', 'School of Informatics, Computing, and Cy')",0.0004526935264825713,0.0,0.1155788096795291,4.2786662019642346e-05,0.12339791357729239
"('0013797000', 'Biological Science')",0.0009053870529651426,0.0,0.09859406382503906,2.4052442290136447e-08,0.10451730088127083
"('0022244000', 'Mathematics')",0.0009053870529651426,0.0,0.09859406382503906,2.4052442290136447e-08,0.10451730088127081
"('0014456000', 'Center for New Designs in Learning and S')",0.0009053870529651426,0.0,0.09859406382503906,2.4052442290136447e-08,0.10451730088127081
"('0035105000', 'Unknown Dept')",0.002489814395654142,0.009798606133826255,0.10875344623867664,1.613739907959205e-07,0.11666351708691723
"('0011502000', 'Biological Sciences')",0.0022634676324128564,0.007126008269997285,0.09969536274399188,3.881304498096209e-08,0.10696304399420431
"('0028381000', 'School of Marine and Atmospheric Science')",0.001358080579447714,0.0007139597316409695,0.0966528112010501,2.7248197657014256e-06,0.1022360322046305
"('0028068000', 'Mathematics & Statistics')",0.00022634676324128565,0.0,0.1112734233326617,6.902047770957407e-06,0.117977924810434
"('0015362000', 'Chemistry')",0.0004526935264825713,0.0,0.1311601947512172,2.498437295123653e-06,0.13957998290524912
"('0029728000', 'Department of Textile Engineering, Chemi')",0.0004526935264825713,0.0,0.1311601947512172,2.498437295123653e-06,0.13957998290524914
"('0023879000', 'Department of Chemistry')",0.0009053870529651426,0.001357670623797741,0.0942727893479003,1.4698165322073234e-08,0.09881069386814205
"('0023879000', 'Chemical Eng. and Materials Sci.')",0.00022634676324128565,0.0,0.0861527661317057,1.386472414539545e-09,0.0893346707689873
"('0013706000', 'Department of Aerospace Engineering Sci.')",0.00022634676324128565,0.0,0.12926443911287963,8.237634047033453e-07,0.13849123940794328
"('0030908000', 'Integrated Systems Engineering')",0.000679040289723857,0.0018723708518132067,0.13300018062496238,0.025858819630660806,0.1458881418365335
"('0015693000', 'Industrial & Systems Engineering')",0.002037120869171571,0.00821632924466127,0.15506651223193288,0.00036350473876368343,0.17115509672662096
"('0015693000', 'Computational Science and Engineering')",0.0009053870529651426,0.004804706104436349,0.15052810902896083,8.389672047166772e-05,0.16319169739269168
"('0018093000', 'University Information Technology Svcs')",0.0015844273426889996,0.0,0.14650484149091392,6.664996862228048e-05,0.15944996982796758
"('0018093000', 'VPIT')",0.0015844273426889996,0.0,0.14650484149091392,6.664996862228048e-05,0.15944996982796758
"('0016105000', 'Information Technology Services')",0.0022634676324128564,0.013484324209865893,0.15750445632798574,0.00013441335790304696,0.17470698030906154
"('0018093000', 'OVPIT')",0.0015844273426889996,0.0,0.14650484149091392,6.664996862228048e-05,0.15944996982796758
"('0010835000', 'Arizona Research Labs')",0.002489814395654142,0.0032541903134921317,0.1489849598705065,7.74712213606344e-05,0.16321518944311927
"('0018093000', 'Unknown Dept')",0.002716161158895428,0.006398838382573207,0.1477196736659088,7.509008209362629e-05,0.1618443870650737
"('6250027514', 'Information Technolgoy Services - Cyberi')",0.0015844273426889996,0.0,0.14650484149091392,6.664996862228047e-05,0.15944996982796758
"('0033290000', 'Mechanical and Nuclear Engineering')",0.002716161158895428,0.027477868736419032,0.1630017709563164,0.0001644605652521642,0.1812092433244531
"('0033290000', 'Materials Science and Engineering')",0.002489814395654142,0.009047093260775685,0.16317033535234154,5.852737616514833e-05,0.1799895561156303
"('0037986000', 'Department of Psychology')",0.0004526935264825713,0.0031645501510532835,0.11405705434361689,4.062956969511315e-07,0.12189913061031814
"('0013144000', 'Ctr. for Embedded & Cyber-physical Sys.')",0.00022634676324128565,0.0,0.11146151323258571,4.799957652830817e-07,0.11815823882369732
"('0010819000', 'School of Human Evolution/Social Change')",0.0018107741059302852,0.00541879378134175,0.14396975918141233,0.0010745491972008064,0.16060147538191807
"('0010819000', 'Institute for Social Science Research')",0.0009053870529651426,0.0,0.12589405294503178,0.00015204816376261968,0.1362533981535785
"('0011551001', 'Department of Anthropology, San Jose Sta')",0.0009053870529651426,0.0,0.12589405294503178,0.00015204816376261968,0.1362533981535785
"('6250023364', 'Unknown Dept')",0.00022634676324128565,0.0,0.12080940661744599,1.462104094071595e-05,0.12775593420964604
"('0028373000', 'Chemistry')",0.001358080579447714,0.0005703442748777833,0.1374055298105931,0.0001550457035110882,0.14852700616620876
"('0018259000', 'Human Development and Family Studies')",0.00022634676324128565,0.0,0.15173266476628774,6.24213317467085e-05,0.1656538019598216
"('0017756000', 'Department of Microbiology')",0.0009053870529651426,0.0,0.12147708213038577,0.00014024861008038326,0.1296280708627918
"('0017756000', 'Department of Animal Biology')",0.0009053870529651426,0.0,0.12147708213038577,0.00014024861008038326,0.1296280708627918
"('0027854000', 'Biology')",0.0009053870529651426,0.0,0.12147708213038577,0.00014024861008038326,0.1296280708627918
"('0018093000', 'Biological Sciences')",0.0011317338162064282,0.0013516840736191365,0.12178851030984673,0.00014143016269395535,0.13024663769910425
"('0010090000', 'Civil Engineering')",0.00022634676324128565,0.0,0.08734850431997469,7.658150205262403e-10,0.09093918415672393
"('0010090000', 'Chemical Engineering')",0.0004526935264825713,0.0004526935264825713,0.09570642519821498,7.97533879755999e-09,0.10075393761683583
"('0018259000', 'CIT')",0.00022634676324128565,0.0,0.15173266476628774,6.24213317467085e-05,0.1656538019598216
"('0013706000', 'Applied Mathematics')",0.0022634676324128564,0.018436037089140763,0.1579493046369454,2.588110613818173e-05,0.17415217258471963
"('0013706000', 'Education')",0.0004526935264825713,0.0,0.14617038875103391,4.925839974046943e-06,0.15863730668506462
"('0013706000', 'Unknown Dept')",0.004300588501584427,0.05043080486077777,0.16423791821561337,2.6007815253464994e-05,0.18440945717428145
"('4100749000', 'Smithsonian Tropical Research Institute')",0.0009053870529651426,0.0,0.11934734453509104,9.149978051661121e-07,0.12731493708745845
"('0025650000', 'School of Biological Sciences')",0.0015844273426889996,0.004068912314893494,0.11937636791050825,9.400339021386545e-07,0.12788080399556162
"('4100749000', 'STRI-CTFS')",0.0009053870529651426,0.0,0.11934734453509104,9.149978051661121e-07,0.12731493708745845
"('0023259000', 'Unknown Dept')",0.002716161158895428,0.014833247767748473,0.1354674516297182,6.932240461859125e-06,0.1477971628492221
"('4100749000', 'ForestGEO MRC166')",0.0009053870529651426,0.0,0.11934734453509104,9.149978051661121e-07,0.12731493708745845
"('0001057000', 'Human Computer Interaction Institute')",0.000679040289723857,0.0009052845640526493,0.12793559783395592,0.0004862604467625513,0.1376365272472098
"('0029975000', 'Research and Creative Activity')",0.0015844273426889996,0.0013574656459727544,0.1242162678887733,8.200884043962316e-05,0.1335848218116278
"('5300004653', 'Psychology and Sociology')",0.000679040289723857,0.0,0.11049972487619429,9.518385063864776e-06,0.11674782973397506
"('5300004653', 'Department of Social Sciences')",0.000679040289723857,0.0,0.11049972487619429,9.518385063864776e-06,0.11674782973397506
"('0035634000', 'Social Sciences')",0.000679040289723857,0.0,0.11049972487619429,9.518385063864776e-06,0.11674782973397506
"('4000949000', 'Institutional Research & Analytics')",0.00022634676324128565,0.0,0.11083515215373423,9.8677194665742e-07,0.11644755107161485
"('4000949000', 'Unknown Dept')",0.000679040289723857,0.0004526935264825713,0.12464733100101569,1.0353351530655048e-05,0.1330777563943021
"('0013508000', 'Soil and Crop Sciences')",0.000679040289723857,0.0,0.09490258415139734,3.438465717477318e-08,0.09902524509026035
"('0013508000', 'Natural Resource Ecology Laboratory')",0.0018107741059302852,0.002262032787637951,0.10484598224880155,2.90678195255155e-07,0.11083991069511365
"('P269910004', 'Ecosystem Science and Sustainability')",0.000679040289723857,0.0,0.09490258415139734,3.438465717477318e-08,0.09902524509026035
"('0013508000', 'Soil & Crop Sciences')",0.000679040289723857,0.0,0.09490258415139734,3.438465717477318e-08,0.09902524509026035
"('0018093000', 'UITS')",0.0018107741059302852,4.486563063127347e-05,0.13175474173923415,1.819665649761437e-05,0.14161812861450662
"('P270041346', 'Unknown Dept')",0.000679040289723857,0.0,0.1317350985478725,1.3626546018062036e-05,0.14105226170640345
"('0015693000', 'School of Physics')",0.00022634676324128565,0.0,0.0836014078643606,1.5500515121581404e-08,0.0868199013332385
"('0022905000', 'Facility for Rare Isotope Beams')",0.0009053870529651426,0.0,0.11985567401861046,1.7442800974462388e-05,0.12939143235890424
"('0022905000', 'National Superconducting Cyclotron Lab')",0.0015844273426889996,0.0018095442389803665,0.13616050790519924,0.0001327802687756936,0.1512108423631796
"('0022905000', 'FRIB')",0.0009053870529651426,0.0,0.11985567401861046,1.744280097446239e-05,0.12939143235890424
"('0022905000', 'Physics')",0.0009053870529651426,0.0,0.11985567401861046,1.744280097446239e-05,0.12939143235890424
"('0022905000', 'National Superconducting Cyclotron Labor')",0.0009053870529651426,0.0,0.11985567401861046,1.744280097446239e-05,0.12939143235890424
"('0021998000', 'Department of Psychology')",0.0004526935264825713,0.0,0.12011309879832527,1.0883355748128303e-06,0.12751332497541146
"('0021998000', 'ECE')",0.0015844273426889996,0.00452017099660116,0.13648439913500154,1.0192255833425969e-05,0.14812081309365027
"('0017392000', 'Electrical Engineering and Computer Sci')",0.0004526935264825713,0.0,0.1365603363006924,0.0008344489645585672,0.14774194795697593
"('0019893001', 'Office of the Provost')",0.0015844273426889996,0.0,0.1342897960424329,2.048334392428e-05,0.1453477122444975
"('0019893001', 'The Graduate School')",0.0015844273426889996,0.0,0.1342897960424329,2.048334392428e-05,0.1453477122444975
"('0019893001', 'Mechanical Engineering')",0.002716161158895428,0.0067483074759994155,0.1401516353138978,3.207022746953391e-05,0.15320317226156888
"('0019893001', 'Microbiology, Immunology & Molecular Gen')",0.0015844273426889996,0.0,0.1342897960424329,2.048334392428e-05,0.14534771224449752
"('0019893001', 'Office for Institutional Diversity')",0.0015844273426889996,0.0,0.1342897960424329,2.048334392428e-05,0.14534771224449752
"('0019893001', 'Institutional Diversity')",0.0015844273426889996,0.0,0.1342897960424329,2.048334392428e-05,0.1453477122444975
"('0019893001', 'Graduate School')",0.0015844273426889996,0.0,0.1342897960424329,2.048334392428e-05,0.14534771224449752
"('0027110000', 'Chemical & Biomolecular Engineering')",0.000679040289723857,0.0004526935264825713,0.10234432913269088,4.3722212195072397e-08,0.10827852255783953
"('0027110001', 'Dept. of Microbiology and Immunology')",0.0004526935264825713,0.0,0.10234195834974172,4.33646980574956e-08,0.10816534917621887
"('0029058000', 'Food and Nutritional Sciences')",0.000679040289723857,0.0,0.10032928352446917,1.1421561827292398e-06,0.10577383252751865
"('6250005014', 'Research & Development')",0.000679040289723857,0.0,0.10032928352446917,1.1421561827292398e-06,0.10577383252751865
"('0029058000', 'Unknown Dept')",0.002037120869171571,0.006322438522794508,0.11150933871781929,9.837202925935232e-06,0.11974362490682701
"('P270040656', 'Unknown Dept')",0.000679040289723857,0.0,0.10032928352446917,1.1421561827292398e-06,0.10577383252751867
"('4009395000', 'Education Statistics')",0.0004526935264825713,0.0,0.10061718554282721,5.951421877174026e-07,0.10513657336547456
"('0036582000', 'Chemical Engineering')",0.0015844273426889996,0.013114620053545996,0.13132003685759297,3.987095731962229e-06,0.14243216669653885
"('0036582000', 'Civil, Architectural and Environmental E')",0.0004526935264825713,0.0,0.12839664041384521,3.1929409096607514e-06,0.13727902988314877
"('0010090000', 'School of Forestry and Wildlife Sciences')",0.0004526935264825713,0.0,0.09814724307993068,4.180773931734844e-09,0.10188669388999338
"('0010090000', 'Aerospace Engineering')",0.0004526935264825713,0.0,0.09814724307993068,4.180773931734844e-09,0.10188669388999338
"('0020537000', 'School of Marine Sciences')",0.002489814395654142,0.009473014228214607,0.13049000206751926,6.7855807387477345e-06,0.14105996111428398
"('0036582000', 'Physics')",0.0011317338162064282,0.0004526935264825713,0.15006283753948574,1.965696819707845e-05,0.16337391796875608
"('0036582000', '2515 Speedway, C1600')",0.00022634676324128565,0.0,0.1304861480300077,1.861597925270714e-06,0.13857841456868078
"('0023259000', 'Health Management and Policy')",0.00022634676324128565,0.0,0.11930866864704294,6.537467315879954e-07,0.1267490701793553
"('0018259000', 'Biological Sciences Department')",0.0004526935264825713,0.0,0.15176393803029783,6.945699249987244e-05,0.16595559764414333
"('0018259000', 'Agronomy')",0.0015844273426889996,0.002262032787637951,0.15179000893286607,7.312034890416452e-05,0.16652146455224642
"('0013144000', 'Information and Computer Science')",0.0015844273426889996,0.002536899618412196,0.1211240575736806,1.638089871214167e-06,0.12971033104011762
"('0036137000', 'Department of Chemistry')",0.00022634676324128565,0.0,0.10322188733908086,3.8505322501995813e-07,0.10821356883834025
"('0037549000', 'Physics')",0.0029425079221367134,0.012807906055810761,0.15066671213723015,0.20958948931067362,0.16865701887770548
"('0037549000', 'Department of Physics')",0.00022634676324128565,0.0,0.13094250148192058,0.0197398865612814,0.14138244997796728
"('0022335000', 'Department of Computer Science')",0.002716161158895428,0.0030019382728065217,0.13432245903134596,0.0046910263651982085,0.14703282168764212
"('0027854000', 'Mechanical Engineering')",0.001358080579447714,0.0009276469557152862,0.12892118240975808,0.0006694184829632176,0.13935106943255332
"('0018309000', 'Electrical and Computer Engineering')",0.0009053870529651426,0.0,0.12169122710370472,0.0006220438611072115,0.13034859322456124
"('0022798000', 'Mechanical Engineering')",0.0009053870529651426,0.0,0.12169122710370472,0.0006220438611072115,0.13034859322456127
"('0017590000', 'Mechanical and Industrial Engineering')",0.0009053870529651426,0.0,0.12169122710370472,0.0006220438611072115,0.13034859322456124
"('4000144000', 'Unknown Dept')",0.0011317338162064282,0.0013574656459727544,0.13373289744521127,0.00017192580674910184,0.14530393842865522
"('0071910000', 'Department of Math & Computer Science')",0.000679040289723857,0.0,0.11796747750393848,2.1004442603360013e-05,0.1254776936759724
"('4000144000', 'Mathematics Department')",0.000679040289723857,0.0,0.11796747750393848,2.1004442603360013e-05,0.1254776936759724
"('0067504000', 'Unknown Dept')",0.000679040289723857,0.0,0.11796747750393848,2.1004442603360013e-05,0.1254776936759724
"('0029058000', 'Psychology')",0.0009053870529651426,0.00022629551878503902,0.1003110596462548,1.1288349370432056e-06,0.10569461116038423
"('0029058000', 'Electrical and Computer Engineering')",0.001358080579447714,0.0018095442389803665,0.11148120111027,9.528062564141628e-06,0.1191777579987238
"('0029058000', 'Department of Sociology and Social Work,')",0.0009053870529651426,0.00022629551878503902,0.1003110596462548,1.1288349370432053e-06,0.10569461116038423
"('0029769000', 'Human Health Sciences')",0.000679040289723857,0.0,0.10030878212696394,1.1105152833787153e-06,0.1055814377787636
"('4003554000', 'Department of Chemistry')",0.00022634676324128565,0.0,0.10547425215460644,1.0126820494886872e-07,0.11126830279228059
"('0013144000', 'Chemistry')",0.000679040289723857,0.000983520934311969,0.11790765946090205,1.0742227606221567e-06,0.12661038859727952
"('0010090000', 'Department of Chemical Engineering')",0.001358080579447714,0.007814048126604167,0.11687521494140367,4.6782336512050494e-07,0.12569856392287276
"('0010090000', 'Mechanical Engineering (Materials)')",0.000679040289723857,0.0009051820751401561,0.11629988417394967,4.315467807703844e-07,0.12403577258715247
"('0028373000', 'University at Buffalo')",0.00022634676324128565,0.0,0.12934769879376976,6.350731366136931e-05,0.1380956589308783
"('0028373000', 'Computer Science and Engineering')",0.003168854685377999,0.005759856610778102,0.14855913110730018,0.0006739875920707559,0.16352865672127684
"('0013128000', 'Physics')",0.0029425079221367134,0.02441541290281798,0.15932777958094413,9.418366283075474e-05,0.17709748063414749
"('0013128000', ""Deans' Office- Letters & Science"")",0.0004526935264825713,0.0,0.13745255429033662,9.836674051428789e-06,0.14788001722134736
"('0026278000', 'Unknown Dept')",0.001358080579447714,0.005420946048504107,0.1146728268487035,3.466087701268124e-07,0.12405173596556368
"('0026278000', 'Economics')",0.00022634676324128565,0.0,0.10287816691505217,3.311407101197513e-08,0.10893595268657266
"('0017756000', 'Dept. of Industrial and Enterprise Sys.')",0.0004526935264825713,0.0,0.12181873328370144,2.0353087313033244e-06,0.12911303995787846
"('0080010000', 'Internal Medicine')",0.0004526935264825713,0.0,0.12181873328370144,2.0353087313033244e-06,0.12911303995787846
"('0001289000', 'Unknown Dept')",0.0009053870529651426,0.0,0.10129774842940341,5.7813668369967114e-08,0.10769281047820453
"('0001289000', 'Mathematical and Statistical Sciences')",0.0009053870529651426,0.0,0.10129774842940341,5.7813668369967114e-08,0.10769281047820453
"('0001271000', 'Research and Evaluation Methods')",0.0009053870529651426,0.0,0.10129774842940341,5.7813668369967114e-08,0.10769281047820456
"('5300009955', 'Unknown Dept')",0.001358080579447714,0.002713086491520631,0.1126983317177695,4.38721039948793e-07,0.12204543977371618
"('0027078000', 'Unknown Dept')",0.004074241738343142,0.038821290193521076,0.16722180166540498,0.0001856162127197916,0.1857738050642071
"('0027110000', 'Soil and Crop Sciences')",0.00022634676324128565,0.0,0.09284438373437008,4.136076526254218e-09,0.09696005959336841
"('4003166000', 'Department of Microbiology & Immunology')",0.00022634676324128565,0.0,0.113992311066388,3.0435828061521712e-06,0.11993108087777522
"('0015693000', 'School of Biological Sciences')",0.0009053870529651426,0.0009052845640526493,0.12865463016889925,3.2309478776661416e-05,0.13774873270685797
"('5300013181', 'Epidemiology & Biostatistics')",0.00022634676324128565,0.0,0.128992700729927,8.251999696349964e-06,0.13950122829989192
"('0001057000', 'Electrical & Computer Engineering')",0.00022634676324128565,0.0,0.1314098750743605,7.39928393831091e-05,0.14118149342232533
"('0018093000', 'Mathematics')",0.0011317338162064282,0.00833030669254412,0.13722627737226278,8.795855169202306e-06,0.14786656806801587
"('0021550000', 'Mathematics')",0.000679040289723857,0.006378211308380216,0.1431719489273446,1.3241771519191816e-05,0.15455598737060822
"('0037457000', 'Systems Engineering')",0.000679040289723857,0.0,0.12559342752366603,3.0350801178658237e-06,0.13373334601515383
"('0037648000', 'Cooperative Extension')",0.000679040289723857,0.0,0.12559342752366603,3.0350801178658237e-06,0.1337333460151539
"('0023259000', 'Electrical Engineering and Computer Sci')",0.00022634676324128565,0.0,0.14335777792199364,1.7251789540334273e-05,0.1538417294189129
"('0047415000', 'Unknown Dept')",0.0015844273426889996,0.0013571581792352749,0.07313721919645075,3.408258099147883e-11,0.07759383377854828
"('0047415000', 'Biology')",0.0004526935264825713,0.0,0.06815482159110192,3.660267182510224e-12,0.07118802828517257
"('7203585035', 'Unknown Dept')",0.0004526935264825713,0.0,0.06815482159110192,3.660267182510224e-12,0.07118802828517257
"('0037549000', 'Computer Science')",0.003168854685377999,0.007297319618714121,0.15350404780931864,0.0005091788736888057,0.1689732931923957
"('0037549000', 'Civil & Environmental Engineering')",0.001358080579447714,0.001135548072401988,0.14930719837783035,9.56091498405064e-05,0.16248422494461312
"('4003554000', 'Civil & Environmental Engineering')",0.0011317338162064282,0.0008821097142361712,0.14930215268155858,9.433976332122508e-05,0.1623710515629925
"('0017756000', 'Materials Science and Engineering')",0.0015844273426889996,0.0017999652123634774,0.1412268644311607,5.5283215586138594e-05,0.15390461042905473
"('0017756000', 'Industrial and Enterprise Systems Eng')",0.0009053870529651426,0.0,0.14119527005433047,5.382272526968155e-05,0.1534519169025722
"('0015693000', 'Mechanical Engineering')",0.0015844273426889996,0.010177075123730799,0.15311037948362502,0.0002799144054187807,0.16950736188513274
"('0017756000', 'Unknown Dept')",0.0047532820280669985,0.01904082159430894,0.15941401457746987,0.00017659270869865132,0.17775092218278993
"('0028373000', 'Neurology')",0.000679040289723857,0.0,0.12082262210796915,1.774935572985594e-05,0.12803886766369757
"('0028373000', 'Industrial and Systems Engineering')",0.0015844273426889996,0.0013574656459727544,0.13741407732263383,0.00015270144803448057,0.14867790400836964
"('0028373000', 'Department of Psychology')",0.000679040289723857,0.0,0.12082262210796915,1.7749355729855944e-05,0.12803886766369757
"('0028373000', 'Industrial and Systems Eng.')",0.000679040289723857,0.0,0.12082262210796915,1.7749355729855944e-05,0.12803886766369757
"('0017756000', 'Materials Science & Engineering')",0.0004526935264825713,0.0,0.12375696798229642,5.7511302753353e-06,0.13163257320115568
"('0013508000', 'Department of Computer Science')",0.000679040289723857,0.00011879719306670585,0.12151049258780494,1.3012921325720386e-06,0.13031559915613708
"('0035238000', 'Unknown Dept')",0.0022634676324128564,0.022569689528470015,0.13718792696559434,1.039739646015101e-05,0.15017269147531592
"('P270035604', 'Unknown Dept')",0.0004526935264825713,0.0,0.12078298430750724,8.391347443244027e-07,0.12744131968328434
"('0029744000', 'Health Behavior and Health Education')",0.0004526935264825713,0.0,0.12078298430750724,8.391347443244027e-07,0.12744131968328434
"('0023259000', 'Health Behavior & Health Education')",0.0015844273426889996,0.0009051820751401561,0.13736707916174368,8.031638779889521e-06,0.14782682171206313
"('0023291000', 'Sociology')",0.0018107741059302852,0.001130452704800263,0.11576051355954409,5.822819501826941e-07,0.12387094406922994
"('0023291000', 'Unknown Dept')",0.0011317338162064282,0.001809851705717846,0.10377469288046415,1.1379162473449687e-07,0.10956859857330319
"('0010819000', 'School of Social & Behavioral Sciences')",0.000679040289723857,0.0,0.14386193422338,0.0008658256116452376,0.15950746602625188
"('0010819000', 'Political Science')",0.000679040289723857,0.0,0.14386193422338,0.0008658256116452376,0.15950746602625188
"('0010819000', 'School of Social and Behavioral Sciences')",0.001358080579447714,0.0013574656459727544,0.143875989188133,0.0008951838214219746,0.1598469861711138
"('0028944000', 'Political Science')",0.0004526935264825713,0.0004526935264825713,0.0968774668888694,1.0509856607554381e-08,0.10080676822947528
"('0017392000', 'Political Science')",0.00022634676324128565,0.0,0.08832290438016033,1.0146492783690357e-09,0.09119167486887403
"('0037986000', 'Earth and Space Sciences')",0.0004526935264825713,0.0004526935264825713,0.09290295447376722,3.787027890517461e-09,0.09713243253085692
"('0037986000', 'Evans School of Public Affairs')",0.0009053870529651426,0.0027139064028205767,0.10241075567918405,3.9624737213552754e-08,0.10831569267180105
"('0018259000', 'Electrical and Computer Engineering')",0.006337709370755998,0.08168093780045366,0.18144482319602448,0.00042679017050332367,0.20650633255884546
"('0031849000', 'Electrical and Computer Engineering')",0.0015844273426889996,0.002713086491520631,0.15365887590428493,5.2990613938048436e-05,0.16765189189362836
"('0018259000', 'Horticulture and Landscape Architecture')",0.000679040289723857,0.0,0.15362681688573615,5.0510008916448217e-05,0.16712374944606537
"('0018259000', 'Purdue University Libraries and School o')",0.000679040289723857,0.0,0.15362681688573615,5.0510008916448217e-05,0.16712374944606537
"('0036582000', 'Mathematics')",0.000679040289723857,0.00510436095110748,0.15299903033661172,2.2186199898278276e-05,0.16539678884065356
"('0010090000', 'Department of Mathematics and Statistics')",0.0018107741059302852,0.004589429845700511,0.1252800226853821,3.3899739660024043e-06,0.13603442480762473
"('0036756000', 'Mathematics')",0.002037120869171571,0.012104152009034396,0.124538407329105,2.6114642066577345e-06,0.1359323359744422
"('0032102000', 'Mathematics')",0.0011317338162064282,0.011969048499564119,0.13512769536626396,1.689630689650722e-05,0.1467408371267578
"('0036756000', 'Math')",0.0009053870529651426,0.0,0.1218994012636923,2.431991664742282e-06,0.13119601299457012
"('0038950000', 'Chemical and Biological Engineering')",0.0004526935264825713,0.0009051820751401561,0.14033861694355326,6.881045159601395e-05,0.15171024652124623
"('0038950000', 'Department of Chemistry')",0.0004526935264825713,0.0004526935264825713,0.1230777802540673,6.540356979982149e-06,0.1304442382475425
"('0018259000', 'Dept. of Physics and Astronomy')",0.0004526935264825713,0.0,0.15173787608187939,6.906642015776846e-05,0.16576697534144227
"('0018259000', 'School of Engineering Education')",0.0004526935264825713,0.0,0.15173787608187939,6.906642015776846e-05,0.16576697534144227
"('0013169000', 'Chemical and Environmental Engineering')",0.0004526935264825713,0.0004526935264825713,0.11362292004217782,1.4895548411705044e-06,0.11978141664934261
"('0013169000', 'Chemistry')",0.0004526935264825713,0.0009051820751401561,0.12817685969594986,1.5076601514794618e-05,0.1372611845676572
"('0035303000', 'Mathematics')",0.0018107741059302852,0.005150127824139224,0.12502476158134535,6.898618263444698e-06,0.13550156334787314
"('0035303000', 'MATHEMATICS')",0.00022634676324128565,0.0,0.11113347084570106,6.748908335949999e-07,0.11776300718945047
"('0037549000', 'Teaching and Learning')",0.0009053870529651426,0.0,0.0949290932531156,4.243443613731674e-08,0.09972556810455471
"('0014795000', 'College of Arts and Sciences - Worldwide')",0.0011317338162064282,0.0004526935264825713,0.09493113302821289,4.27815362659355e-08,0.09983874148617534
"('0037648000', 'Chemistry and Physics')",0.0009053870529651426,0.0,0.0949290932531156,4.243443613731674e-08,0.09972556810455471
"('0024109000', 'Mathematics')",0.0009053870529651426,0.0,0.0949290932531156,4.243443613731674e-08,0.09972556810455471
"('0015982001', 'Faculty of Engineering')",0.000679040289723857,0.0,0.14476227923588583,0.0005925384568211298,0.1582508803253476
"('0015982000', 'Engineering Education Transformations In')",0.000679040289723857,0.0,0.14476227923588583,0.0005925384568211298,0.15825088032534762
"('7203578370', 'Unknown Dept')",0.0004526935264825713,0.0,0.11543385676586627,7.100282596362811e-07,0.12194204649784057
"('0020537000', 'Department of Chemical Engineering')",0.0004526935264825713,0.0,0.11543385676586627,7.100282596362811e-07,0.1219420464978406
"('0029207000', 'Department of Computer Science')",0.000679040289723857,0.0,0.14312093038323237,0.0001248376435488589,0.15580833142512554
"('0017749000', 'University of Chicago Law School')",0.000679040289723857,0.0,0.14312093038323237,0.0001248376435488589,0.15580833142512554
"('0014266000', 'Mechanical Engineering')",0.001358080579447714,0.002713598936083097,0.13843020523264923,4.155946761932761e-05,0.150191676815714
"('0096354000', 'Unknown Dept')",0.002489814395654142,0.01976197030021224,0.16059030933081314,0.00037140163450725527,0.17976970529596073
"('0014266000', 'Forestry & Environmental Studies')",0.0004526935264825713,0.0,0.1384041853325397,3.9883512078915144e-05,0.1496823965984211
"('0010835000', 'Systems & Industrial Engineering')",0.00022634676324128565,0.0,0.10937267911075903,2.4130434563216616e-07,0.1156960675657575
"('6250003886', 'Unknown Dept')",0.000679040289723857,0.0,0.12296473600712517,2.3608494403511846e-06,0.13174283866022782
"('0037986000', 'iSchool')",0.000679040289723857,0.0,0.12296473600712517,2.3608494403511846e-06,0.13174283866022782
"('0013177000', 'California Inst for Telecommunication/Qu')",0.000679040289723857,0.0,0.12296473600712517,2.3608494403511846e-06,0.13174283866022782
"('5300011474', 'Unknown Dept')",0.002716161158895428,0.01684797875426193,0.14019166084914642,1.9839925168223614e-05,0.15444001323358403
"('0038950000', 'Physics')",0.001358080579447714,0.0064459996174577126,0.1539211929066648,0.00010729033405053625,0.16964315675270725
"('0013177000', 'Physics')",0.0022634676324128564,0.00744323970845287,0.15839099415623992,0.00022433238720405204,0.1757449224232825
"('0029728000', 'Physics')",0.0011317338162064282,0.005054585634380117,0.1513739464126636,4.419040533662689e-05,0.16571091500923854
"('0013201000', 'NCEAS')",0.0011317338162064282,0.0004526935264825713,0.14551562860248346,0.0010127304106341223,0.16206711024501783
"('0013201000', 'Library')",0.00022634676324128565,0.0,0.1270343320489965,9.946543994742988e-05,0.13682270146733652
"('0001479000', 'Computer Science')",0.000679040289723857,0.0,0.07631715322162723,2.1670071829674352e-11,0.07938827022953801
"('0001479000', 'Department of Computer Science')",0.0009053870529651426,0.0004526935264825713,0.07631847155763617,2.1849083617879595e-11,0.07950144361115864
"('0031849000', 'Computer Science')",0.0015844273426889996,0.0018095442389803665,0.08261650086019896,1.853694489919348e-10,0.08682082544093349
"('0001479000', 'Architecture-Urban and Regional Planning')",0.000679040289723857,0.0,0.07631715322162723,2.1670071829674352e-11,0.07938827022953801
"('0037986000', 'Electrical & Computer Engineering')",0.005658669081032141,0.026268969703210087,0.15052810902896083,8.40836852572046e-05,0.17213926546769323
"('7203578218', 'Unknown Dept')",0.00022634676324128565,0.0,0.13083780021914887,7.938114196701092e-06,0.14297695814468706
"('6250029921', 'Unknown Dept')",0.0004526935264825713,0.0,0.09489850714209,2.157343303621045e-08,0.0988215330033432
"('0021998000', 'Biology')",0.00022634676324128565,0.0,0.12576503743345954,5.722901965063347e-06,0.13433800524961592
"('4003455000', 'Education, Communication, & Outreach')",0.00022634676324128565,0.0,0.10525312686122693,2.4074366705509884e-06,0.1108150001625543
"('4003455000', 'Unknown Dept')",0.001358080579447714,0.0004526935264825713,0.1176313967729911,2.45115895753124e-05,0.1261995455125822
"('0030908001', 'Geography')",0.002037120869171571,0.004517492729981518,0.13360348373049474,1.4522433918370249e-05,0.1450298186547611
"('0028373000', 'Geography')",0.0009053870529651426,0.0,0.12969704086425551,1.3082208093737365e-05,0.14006238404721796
"('6250036798', 'Department of Geography')",0.0009053870529651426,0.0,0.12969704086425551,1.3082208093737365e-05,0.140062384047218
"('0018093000', 'Geography')",0.001358080579447714,0.017631657870408258,0.14383383253027737,8.194267546340057e-05,0.1575554393797933
"('0015693000', 'School of Interactive Computing')",0.000679040289723857,0.003660935472689344,0.15108922403474573,0.00044399451835815877,0.16498335739508102
"('6250041221', 'Unknown Dept')",0.00022634676324128565,0.0,0.12080940661744599,1.4621040940715949e-05,0.12775593420964604
"('0028373000', 'Department of Chemistry')",0.001358080579447714,0.0005703442748777827,0.1374055298105931,0.0001550457035110882,0.14852700616620876
"('0025320000', 'Civil Engineering')",0.00022634676324128565,0.0,0.110502488682124,3.088970571276344e-06,0.11629616320902524
"('0025320000', 'Unknown Dept')",0.001358080579447714,0.004461702339352821,0.1242267461477899,3.276740738966314e-05,0.13322373831088152
"('0013706000', 'Department of Anthropology')",0.00022634676324128565,0.0,0.09770661476878165,9.783303568023721e-08,0.10167855198145516
"('0013706000', 'Anthropology')",0.0011317338162064282,0.0004526935264825713,0.1082843137254902,1.0284000006501103e-06,0.11407415363257639
"('0013706000', 'Department of Geography')",0.0009053870529651426,0.005419921159379175,0.14575085774610716,3.7951465310799135e-06,0.15880757929761885
"('0013706000', 'Department of Sociology')",0.00022634676324128565,0.0,0.12721356791154367,3.6204372359457587e-07,0.13523446085125518
"('0033795000', 'School of Computing and Information')",0.001358080579447714,6.36390644802934e-05,0.13384228543730498,0.0004937586268390088,0.14455937402972205
"('0013177000', 'Economics')",0.00022634676324128565,0.0,0.14448768682342938,3.341889625508362e-05,0.156134468996623
"('0034710000', 'Mechanical Engineering')",0.000679040289723857,0.0004526935264825713,0.11156283932223934,4.5493084966456264e-07,0.1176120233697177
"('0034710000', 'Mathematics & Statistics')",0.00022634676324128565,0.0,0.10036803125993912,4.30766919680905e-08,0.10447295494694983
"('0013169000', 'Unknown Dept')",0.0009053870529651426,0.0004527960153950645,0.091945889698231,6.0731108458766e-09,0.09674665098833835
"('0029843000', 'University of North Carolina Wilmington')",0.00022634676324128565,0.0,0.08420531000438371,5.74479471370222e-10,0.08757178879541717
"('0017392000', 'Electrical and Computer Engineering')",0.002716161158895428,0.024923304415677548,0.16005506647828135,0.0009711636106817219,0.17934080405786929
"('0017392000', 'Mechanical Engineering')",0.0022634676324128564,0.006453866193348152,0.14981857641832547,0.004281390178501797,0.1667712556293352
"('0017392000', 'Electrical  Engineering & Computer Sci.')",0.000679040289723857,0.0,0.14174794661190965,0.0006512736890552564,0.15459272318144981
"('0017392000', 'Computer Science')",0.0015844273426889996,0.0009031447004784356,0.15350404780931864,0.0016620231245198964,0.16995722199434124
"('9000167000', 'Unknown Dept')",0.002037120869171571,0.00428931917698116,0.13958043725514976,0.00012991124298939198,0.1527890549167134
"('0045096000', 'Electrical and Computer Engineering')",0.0009053870529651426,0.0,0.1248869289914066,1.795999484543243e-05,0.13423038124543257
"('0045096000', 'Chemistry & Biochemistry')",0.0009053870529651426,0.0,0.1248869289914066,1.795999484543243e-05,0.13423038124543257
"('0045096000', 'Mechanical and Aerospace Engineering')",0.0009053870529651426,0.0,0.1248869289914066,1.795999484543243e-05,0.13423038124543257
"('7203583126', 'Unknown Dept')",0.00022634676324128565,0.0,0.09402000425622473,1.0799619173009136e-08,0.09792429486540533
"('0001057000', 'HCI Institute')",0.00022634676324128565,0.0,0.12792078061209716,0.000477633563111856,0.13733473156288814
"('0001057000', 'Computer Science')",0.001358080579447714,0.001722467303515222,0.1369115869720165,0.0003312224058578064,0.14898414107897917
"('0037549000', 'Unknown Dept')",0.004526935264825713,0.02775921888750494,0.16549915714553287,0.0002846826880333699,0.18512041250836977
"('0037549000', 'School of Public & International Affairs')",0.00022634676324128565,0.0,0.14200308562612496,2.690710578388806e-05,0.15281376550615977
"('0036566000', 'Industrial, Manufacturing, and Systems E')",0.00022634676324128565,0.0,0.10815177478580171,1.1484870696725972e-06,0.11487920119150101
"('0022210000', 'Civil and Environmental Engineering')",0.0015844273426889996,0.001809851705717846,0.12842649922967356,0.0005224864361624115,0.1389063761800288
"('0022210000', 'Civil & Environmental Engineering')",0.000679040289723857,0.0,0.12841156808603402,0.0005025835954712739,0.13845368265354624
"('6250022634', 'Unknown Dept')",0.000679040289723857,0.0,0.12841156808603402,0.0005025835954712739,0.13845368265354627
"('0037283001', 'Computer Science')",0.001358080579447714,0.009280346763585112,0.12988005644402634,2.0754333683083644e-05,0.13915022593723295
"('0010835000', 'Electrical and Computer Engineering')",0.0011317338162064282,0.0041585558237750364,0.13766670821388508,8.081176846520425e-05,0.14812715514956284
"('4000311000', 'Executive Officer')",0.000679040289723857,0.0,0.1261312701630171,6.4619522334101105e-06,0.13531305693200144
"('0039156000', 'Physics')",0.000679040289723857,0.0,0.1261312701630171,6.4619522334101105e-06,0.13531305693200146
"('5300007120', 'Unknown Dept')",0.000679040289723857,0.0,0.1261312701630171,6.4619522334101105e-06,0.13531305693200146
"('5300008811', 'Unknown Dept')",0.0004526935264825713,0.0,0.09224344921181751,1.2538860075532497e-07,0.09654627619455527
"('5300012473', 'STEAM  and Advanced Manufacturing')",0.0011317338162064282,0.002261417854162992,0.10160526194747252,1.2012592446542798e-06,0.10770549805242845
"('5300008811', 'Instruction and Student Services')",0.0011317338162064282,0.0013574656459727544,0.09224922742838053,1.2926752330249636e-07,0.09688579633941721
"('0039545000', 'EECS')",0.000679040289723857,0.002189919259055357,0.1356504651662624,9.824543618346106e-06,0.14562310897190875
"('0021030000', 'Teaching and Learning, Policy and Leader')",0.0004526935264825713,0.0,0.13266072125634326,0.027313841515599513,0.14435026582491395
"('0021030000', 'TLPL')",0.0004526935264825713,0.0,0.13266072125634326,0.027313841515599513,0.14435026582491395
"('0022301000', 'Biology')",0.0009053870529651426,0.008815802683992548,0.15038464156852066,0.0008370519754848172,0.16752191900448923
"('0015982001', 'Marine Sciences')",0.0009053870529651426,0.00868416549713764,0.15114091204543123,0.000572927143223515,0.16675049963868332
"('4025938000', 'LTI')",0.0004526935264825713,0.0,0.12756987756987756,2.1998044047443883e-05,0.13914412319233407
"('0038000000', 'School of Elect Eng and Computer Science')",0.00022634676324128565,0.0,0.14383851538336317,0.0006928699252778173,0.15916794588139
"('0037499000', 'Unknown Dept')",0.003168854685377999,0.03361157880830739,0.14903019058863215,0.00020878952166646992,0.16494926405519308
"('0015362000', 'Unknown Dept')",0.0009053870529651426,0.0013574656459727544,0.12972750763448437,2.0337677729374718e-05,0.13938517690498117
"('0011080000', 'Department of Geosciences')",0.0011317338162064282,0.0,0.11762826486328178,2.4296268354247938e-05,0.12608637213096155
"('4003455000', 'Office of the Executive Director')",0.0011317338162064282,0.0,0.11762826486328178,2.4296268354247938e-05,0.12608637213096155
"('0037218000', 'Geology and Environmental Science')",0.0011317338162064282,0.0,0.11762826486328178,2.4296268354247938e-05,0.12608637213096155
"('0015354000', 'Department of Geological Sciences')",0.002037120869171571,0.001809851705717846,0.11764079350286247,2.5350395893791514e-05,0.12653906565744408
"('0037986000', 'School of Interdisciplinary Arts and Sci')",0.0009053870529651426,0.0,0.11481288981288981,9.871235586280192e-07,0.12325881162142527
"('0081554000', 'Unknown Dept')",0.0009053870529651426,0.0,0.11481288981288981,9.871235586280192e-07,0.12325881162142527
"('0021055000', 'Geography and Environmental Systems')",0.001358080579447714,0.0009051820751401561,0.1148188575289776,1.0053525736122385e-06,0.12348515838466653
"('P270006494', 'Unknown Dept')",0.0009053870529651426,0.0,0.11481288981288981,9.871235586280192e-07,0.12325881162142527
"('0029207000', 'Computer Science')",0.001358080579447714,0.009273066723778142,0.15293018103776523,0.00012183862656664741,0.16680560900796237
"('0029207000', 'Family Medicine and Community Health')",0.0004526935264825713,0.0004526935264825713,0.13265673792937785,1.1679021075832836e-05,0.14110999658758797
"('0037986000', 'Chemistry')",0.002037120869171571,0.0027068399455809147,0.1392943847148217,2.155089080778651e-05,0.1549346146926555
"('0037986000', 'Bioengineering')",0.0015844273426889996,0.0018095442389803665,0.13246184750996912,1.3545718776036542e-05,0.14699103169248606
"('0013706000', 'Atmospheric and Oceanic Sciences (ATOC)')",0.0004526935264825713,0.0,0.14109606540623404,2.7438420413554902e-06,0.15248293844377944
"('0013706000', 'Department of Atmospheric and Oceanic Sc')",0.0009053870529651426,0.001809851705717846,0.14111409224479365,2.7906294927244836e-06,0.1527847341281011
"('0035097000', 'Earth Sciences')",0.0009053870529651426,0.0,0.11051630978587153,6.989295519179527e-08,0.11646485053852502
"('0035097000', 'Civil Engineering')",0.0009053870529651426,0.0,0.11051630978587153,6.989295519179527e-08,0.11646485053852502
"('0035097000', 'Physics')",0.0009053870529651426,0.0,0.11051630978587153,6.989295519179527e-08,0.11646485053852505
"('0035097000', 'Communication')",0.0009053870529651426,0.0,0.11051630978587153,6.989295519179527e-08,0.11646485053852502
"('0035097000', 'Unknown Dept')",0.0018107741059302852,0.0024886746130502735,0.12423373263595973,5.173614776398891e-07,0.13311786674167758
"('0023259000', 'EECS/CSE')",0.000679040289723857,0.0022618278098129646,0.1422912171084415,1.2346163162567374e-05,0.15341863257209462
"('0010819000', 'Physics')",0.0004526935264825713,0.0,0.14385256577233654,0.0007838767892696509,0.15935656818409105
"('0010819000', 'Sch. Eng. of Matter, Transport & Energy')",0.0011317338162064282,0.00034322105726794136,0.14386661890650948,0.0009266173403765058,0.15969608832895296
"('0014811000', 'Computer and Electrical Engineering and')",0.00022634676324128565,0.0,0.12105436212187637,7.632310253805483e-06,0.12839079021174926
"('0014811000', 'Comp & Electr Eng and Computer Science')",0.0015844273426889996,0.00465296543987687,0.13772249758408928,7.79948121630082e-05,0.14973648528424366
"('0014449000', 'Unknown Dept')",0.002489814395654142,0.008578031590430801,0.13130442535738698,2.5455933510542973e-06,0.14145866104015173
"('0021550000', 'School of Eng. and Applied Sciences')",0.000679040289723857,0.0004526935264825713,0.1054138531650402,1.636082334306619e-08,0.1110217008106306
"('4002365000', 'Unknown Dept')",0.00022634676324128565,0.0,0.0953634950785702,1.5633846980745633e-09,0.09926694586225555
"('0028357000', 'Atmospheric and Environmental Sciences')",0.0004526935264825713,0.00541879378134175,0.09888757078586297,1.3423081883029951e-08,0.10433306820874472
"('0022301000', 'Physical Oceanography')",0.0009053870529651426,0.0063203887445446435,0.10967133353192335,1.4053762962899376e-07,0.11689419479942055
"('0032102000', 'College of Earth, Ocean & Atmos. Science')",0.000679040289723857,0.0,0.10664027613507447,1.1066819079586405e-07,0.11238531338356739
"('0032102000', 'College of Oceanic & Atmospheric Science')",0.0009053870529651426,0.0013574656459727544,0.11936024207056789,9.484565285818201e-07,0.12780825279943128
"('0032102000', 'College of Earth, Ocean, Atmospheric Sci')",0.000679040289723857,0.0,0.10664027613507447,1.1066819079586405e-07,0.1123853133835674
"('0032102000', 'School Civil Construction Engineering')",0.000679040289723857,0.0,0.10664027613507447,1.1066819079586405e-07,0.11238531338356739
"('0027078000', 'Computer Science Department')",0.0011317338162064282,0.007084051772964835,0.1518630551354324,8.083331757931097e-05,0.16601525141022602
"('0025734000', 'Computer Science')",0.0011317338162064282,0.0009052845640526493,0.14751252086811353,7.64388222860299e-05,0.16026914712971707
"('0001271000', 'Medicine')",0.000679040289723857,0.0,0.14750267094017094,7.519548496132705e-05,0.16004280036647578
"('0010835000', 'Geography')",0.000679040289723857,0.0,0.13720923010031366,0.00014147751812139162,0.1492651531356822
"('0017756000', 'Civil & Environmental Engineering')",0.0015844273426889996,0.007088048161212667,0.1490402455891779,0.0001703056215269864,0.1640762725529575
"('0010835000', 'Inst of the Environment/Sch of Nat Res')",0.000679040289723857,0.0,0.13720923010031366,0.00014147751812139162,0.1492651531356822
"('0018929000', 'Civil and Environmental Engineering')",0.000679040289723857,0.0004526935264825713,0.12260642726314036,2.4355296747755947e-06,0.12916535391071338
"('0018408000', 'Department of Chemical and Biomolecular')",0.000679040289723857,0.0013574656459727544,0.13972169512966476,2.2596560851106783e-05,0.14963002957004728
"('6250020394', 'Unknown Dept')",0.0004526935264825713,0.0,0.12260302483696406,2.4148298991076396e-06,0.12905218052909276
"('0033290000', 'Center for Science and The Schools')",0.00022634676324128565,0.0,0.1396863538636651,2.7778138056714522e-05,0.15420563604696594
"('0013508000', 'Atmospheric Sciences')",0.000679040289723857,0.00017732514845429642,0.11750625033246449,1.3566339710677043e-07,0.12514100569215972
"('0013508000', 'Mechanical Engineering')",0.0004526935264825713,0.0,0.10729290623406271,5.129429647994455e-08,0.11311698556209497
"('0027110000', 'CIS and Science & Technology Studies')",0.0004526935264825713,0.0,0.13266470482253317,1.526682737763804e-05,0.14174085245271195
"('0027110000', 'Natural Resources')",0.0004526935264825713,0.0,0.13266470482253317,1.526682737763804e-05,0.14174085245271195
"('0020107000', 'Computer Science')",0.0009053870529651426,0.0004526935264825713,0.11293167352572787,4.765191172519736e-08,0.11918988536236104
"('0020107000', 'Center for Computation and Technology')",0.00022634676324128565,0.0,0.10147457393541275,4.5508147718397745e-09,0.10570687674580606
"('0023259000', 'Center for the Study of Higher and Post-')",0.00022634676324128565,0.0,0.12268814218272701,6.921089396400796e-07,0.1301383328205419
"('0036616000', 'Geological Sciences')",0.0011317338162064282,0.001357670623797741,0.11429014900662252,1.4198579705435687e-06,0.12173410022799419
"('0103879000', 'Geological Sciences')",0.0004526935264825713,0.0,0.1025724368499257,1.4802031801990468e-07,0.10754697419144807
"('0103879000', 'Geology')",0.0004526935264825713,0.0,0.1025724368499257,1.4802031801990468e-07,0.10754697419144806
"('0021030000', 'Economics')",0.0009053870529651426,0.0009052845640526493,0.11233440972310509,4.4721796564707335e-06,0.11860587655863593
"('0021030000', 'Civil and Environmental Engineering')",0.0004526935264825713,0.0,0.11232869746510386,4.399617582869424e-06,0.11837952979539472
"('0023879000', 'Electrical and Computer Engineering')",0.001358080579447714,0.0045194535742137075,0.11611953636291955,1.2888463281708736e-06,0.12451570086712346
"('0023879000', 'Chemistry')",0.0009053870529651426,0.0018095442389803665,0.10406802817233175,1.513789907927002e-07,0.11007648999603495
"('0023879000', 'Electrical & Computer Engineering')",0.000679040289723857,0.0,0.10405822361448053,1.5011203706110656e-07,0.10985014323279366
"('0036756000', 'Physics')",0.001358080579447714,0.001357670623797741,0.10717058024451775,3.916983524352657e-06,0.11474599352094608
"('0036756000', 'Department of Physics and Astronomy')",0.0004526935264825713,0.0,0.09680105170902717,4.075210265719447e-07,0.10198046777632495
"('0028381000', 'MARINE SCIENCES')",0.00022634676324128565,0.0,0.08813613421908353,2.566364985625478e-07,0.09182151418189159
"('0096354000', 'Architecture')",0.0018107741059302852,0.007218499084722767,0.1456931803192191,0.0010793954753902572,0.1629080240216492
"('0025189000', 'Data Science and Analytics Innovation Ce')",0.0011317338162064282,0.00013473850478449675,0.14562114769768286,0.0010440055006343044,0.16224784596219546
"('0096354000', 'FIU Miami Beach Urban Studios')",0.0009053870529651426,0.0,0.14561634805537244,0.0010238819533102904,0.1621346725805748
"('0032102000', 'Unknown Dept')",0.003847894975101856,0.01794858038078048,0.13550900223905776,9.69563120929062e-06,0.14911572507769788
"('0032102000', 'Forest Engineering, Resources & Manag.')",0.000679040289723857,0.0,0.11934734453509104,1.1310428824749752e-06,0.12758190603619005
"('0032102000', 'FERM')",0.000679040289723857,0.0,0.11934734453509104,1.1310428824749752e-06,0.12758190603619005
"('0032102000', 'Forest Engeineering/Resources/Mangement')",0.000679040289723857,0.0,0.11934734453509104,1.1310428824749752e-06,0.12758190603619005
"('0034595000', 'Office of the Provost')",0.0011317338162064282,0.0009051820751401561,0.127617782142754,8.067542989624923e-07,0.1367178084980254
"('4003838000', 'SD EPSCoR')",0.0004526935264825713,0.0,0.11318047905725631,8.437613122524571e-08,0.11916191078425029
"('6250008441', 'Outreach and Culture')",0.0004526935264825713,0.0,0.11318047905725631,8.437613122524571e-08,0.11916191078425029
"('0015693000', 'Computer Science')",0.0018107741059302852,0.0002339067412696085,0.1590181045963359,0.0005004826985787259,0.17491485113146327
"('0015693000', 'Computational Science & Engineering Div.')",0.0011317338162064282,0.0,0.15900093572302598,0.0004333212562982742,0.1745753309866013
"('0015693000', 'CC')",0.0011317338162064282,0.0,0.15900093572302598,0.0004333212562982742,0.1745753309866013
"('6250003345', 'Office of the President')",0.000679040289723857,0.0,0.09073918133459304,7.66263137834167e-09,0.09507778476637344
"('6250003345', 'Unknown Dept')",0.000679040289723857,0.0,0.09073918133459304,7.66263137834167e-09,0.09507778476637342
"('6250003345', 'Chemistry')",0.0009053870529651426,0.0009051820751401561,0.09074290878468586,7.728068013217542e-09,0.09522868260853427
"('6250003345', 'Mathematics, Bell Tower East 2780')",0.001358080579447714,0.002261417854162992,0.09978317824555064,6.458013330801689e-08,0.1058127649493062
"('0025734000', 'Physics and Astronomy')",0.0004526935264825713,0.0004526935264825713,0.1193570174253681,8.280444548252772e-07,0.1261850263689327
"('0025734000', 'Department of Physics and Astronomy')",0.00022634676324128565,0.0,0.10663255454720989,8.012712552590597e-08,0.11130287312849127
"('0036707000', 'Unknown Dept')",0.0009053870529651426,0.001357670623797741,0.12521256093413446,1.613157878069836e-06,0.133467845834534
"('0036707000', 'Mathematics')",0.0004526935264825713,0.0004526935264825713,0.11128743797072974,1.538062802953556e-07,0.11685011006769493
"('0015693000', 'School of Electrical and Computer Engin.')",0.00022634676324128565,0.0,0.14684082826469905,0.0002346525942959271,0.1599558061022507
"('0038950000', 'Geography')",0.001358080579447714,0.001357670623797741,0.12440865059698131,5.405617582822516e-06,0.1319850221078149
"('0038950000', 'Nelson Institute Environmental Studies')",0.000679040289723857,0.0,0.12439814163029705,5.264811922563723e-06,0.13164550196295297
"('0038950000', 'Mathematics')",0.0015844273426889996,0.002713086491520631,0.1420441758029772,4.518752608222826e-05,0.15323700053781464
"('0038950000', 'Life Sciences Communication')",0.000679040289723857,0.0,0.12439814163029705,5.264811922563723e-06,0.13164550196295297
"('0017756000', 'Curriculum & Instruction')",0.0004526935264825713,0.0004526935264825713,0.13084555012586999,5.649797329104002e-06,0.1400887358956614
"('6250030009', 'School of Media')",0.00022634676324128565,0.0,0.11570897281441517,5.327815557245776e-07,0.12170159193100008
"('0033787000', 'Unknown Dept')",0.0004526935264825713,0.0009837033740208107,0.1313161336345262,1.0818491703703684e-05,0.14020018824794656
"('0033787000', 'Chemical & Biomolecular  Engineering')",0.0011317338162064282,0.0013916862395581529,0.14944861646708613,0.00011199618534094518,0.16318850595106724
"('0013169000', 'Bioengineering')",0.000679040289723857,0.0004526935264825713,0.0919439761919627,5.5903845502716495e-09,0.09663347760671767
"('0013169000', 'Computer Science and Engineering')",0.0015844273426889996,0.00271370142499559,0.10124203675695495,5.250840061859137e-08,0.10783529130128018
"('7203579300', 'Unknown Dept')",0.0009053870529651426,0.001357670623797741,0.12590122823516,1.3947964059293085e-05,0.13471438651384268
"('4001434000', 'Unknown Dept')",0.002037120869171571,0.00632315594518196,0.1440026075619296,0.00014375509356460698,0.15784137081669775
"('0023259000', 'Institute for Social Research')",0.001358080579447714,0.003357089212875212,0.1331645417005757,0.003692182202324542,0.14500132117266523
"('0027110000', 'Sociology')",0.000679040289723857,0.0,0.12288607031597686,0.003538555179760187,0.13248718235137386
"('4005658000', 'Unknown Dept')",0.0011317338162064282,0.0009052845640526493,0.12289290681502087,0.00359687489930493,0.13271352911461512
"('0036046000', 'CTBP- Department of Physics')",0.00022634676324128565,0.0,0.12011309879832527,0.00025295554362765073,0.1267549373819177
"('0036046000', 'Chemistry')",0.000679040289723857,0.0004526935264825713,0.13650548431948092,0.0026857534723506815,0.14678197035598514
"('0025684000', 'Graduate Program of Hydrologic Sciences')",0.0004526935264825713,0.0,0.11033139375171691,6.930927973885013e-07,0.11550403669758202
"('0038950000', 'Department of Geoscience')",0.000679040289723857,0.0013574656459727544,0.12400359267991468,6.657039337752217e-06,0.13148407129563736
"('4076212000', 'Unknown Dept')",0.000679040289723857,0.0004526935264825713,0.11033414914339942,6.987626285899342e-07,0.1156172100792027
"('6250005185', 'Biology')",0.000679040289723857,0.0,0.10978033992644866,3.2621145020352457e-07,0.11546514636713685
"('6250005185', 'Dean - School of Arts and Sciences')",0.0018107741059302852,0.0013574656459727544,0.12330793491305925,2.783861046249545e-06,0.1319464305374215
"('6250005185', 'Mathematical Sciences')",0.000679040289723857,0.0,0.10978033992644866,3.262114502035245e-07,0.11546514636713685
"('6250005185', 'Education Department')",0.000679040289723857,0.0,0.10978033992644866,3.262114502035245e-07,0.11546514636713685
"('0036046000', 'Computer Science & Computer Engineering')",0.00022634676324128565,0.0,0.1450664915449023,1.5149646968298301e-05,0.1551282082687686
"('4007712000', 'Unknown Dept')",0.0033952014486192846,0.013045792196794843,0.12736760169515957,7.956899037040515e-05,0.13940431605914289
"('4007712000', 'Information & Computing Sciences')",0.000679040289723857,0.0,0.12104441217567605,1.0679152785788331e-05,0.13004661161882247
"('0023259000', 'Biomedical Engineering')",0.0009053870529651426,0.004489861741107235,0.119398951408032,7.367845265141533e-07,0.12758655320334797
"('0023259000', 'Cell & Developmental Biology')",0.000679040289723857,0.0004526935264825713,0.10670208911967154,7.768031556247046e-08,0.11253015412985795
"('0022905000', 'Mathematics')",0.0015844273426889996,0.005946029810812165,0.1417570429313996,0.00010929520036545294,0.15687188170212044
"('0018408000', 'Biological Sciences')",0.00022634676324128565,0.0,0.13969518750395243,2.2128418510381473e-05,0.1492716471949153
"('0036616000', 'Computer Science Department')",0.001358080579447714,0.0004526935264825713,0.12398967220475976,2.9539368429463398e-06,0.1330564096634712
"('0036616000', 'Center for Education Research & Policy')",0.00022634676324128565,0.0,0.11031486429124322,2.8033073788516864e-07,0.11606442095600586
"('0018259000', 'Physics')",0.0011317338162064282,0.0003006397001662849,0.15258159212571232,9.524649798723465e-05,0.1674547096683797
"('0030908000', 'Dept. of Computer Science & Engineering')",0.0004526935264825713,0.0,0.1153554923105042,0.002960942701767897,0.12319234345853325
"('0030908000', 'Computer Science and Engineering')",0.0022634676324128564,0.003618063588835801,0.13038987102676858,0.02847705654879363,0.14298251733176923
"('0030908000', 'Dept. Of Computer Science and Eng.')",0.0004526935264825713,0.0,0.1153554923105042,0.002960942701767897,0.12319234345853325
"('0036442000', 'Dept Math and Statistics')",0.0009053870529651426,0.0,0.1087400625169214,1.939994062857517e-06,0.11468275405377501
"('0036442000', 'Mathematics and Statistics')",0.0015844273426889996,0.002261417854162992,0.12199028053898829,1.4759033250010808e-05,0.1306569995569537
"('0036442000', 'Department of Biological Sciences')",0.0009053870529651426,0.0,0.1087400625169214,1.9399940628575166e-06,0.11468275405377501
"('0011080000', 'Mathematical Sciences')",0.0011317338162064282,0.0004526935264825713,0.10874273899773555,1.955855108536732e-06,0.11479592743539567
"('0036442000', 'Department of Mathematics & Statistics')",0.0009053870529651426,0.0,0.1087400625169214,1.9399940628575166e-06,0.11468275405377504
"('0033712000', 'Computer & Information Sciences')",0.000679040289723857,0.0,0.12340092732249595,1.923538741802499e-06,0.1314905003451853
"('0033712000', 'Psychology')",0.0009053870529651426,0.0004526935264825713,0.1234043741794922,1.939293747303019e-06,0.13160367372680595
"('0033712000', 'Teaching and Learning')",0.0009053870529651426,0.0004526935264825713,0.1234043741794922,1.939293747303019e-06,0.13160367372680595
"('0033290000', 'College of Information Science and Techn')",0.00022634676324128565,0.0,0.12306063897941562,2.8792629372571366e-06,0.13253069008750906
"('0038950000', 'Industrial & Systems Engineering')",0.0009053870529651426,0.0,0.14606407246999703,0.0007197887792904804,0.15941385898945795
"('0037549000', 'Industrial & Systems Engineering')",0.0009053870529651426,0.0,0.14606407246999703,0.0007197887792904804,0.15941385898945792
"('0035303040', 'Biosystems Engineering and Soil Science')",0.0009053870529651426,0.0,0.11142215833144183,4.456479324440869e-06,0.11855982939900908
"('0035303000', 'Microbiology and Civil & Environ. Eng.')",0.0009053870529651426,0.0,0.11142215833144183,4.456479324440869e-06,0.11855982939900908
"('0035303000', 'Marketing and Logistics')",0.0009053870529651426,0.0,0.11142215833144183,4.456479324440869e-06,0.11855982939900911
"('0035303000', 'Industrial and Systems Engineering')",0.002037120869171571,0.0019599637995496265,0.12537957260833782,3.2090254874687625e-05,0.13626229034784848
"('0035303040', 'Smith Center for International Sustainab')",0.0009053870529651426,0.0,0.11142215833144183,4.456479324440869e-06,0.11855982939900908
"('0027854000', 'Computer Science and Engineering')",0.0015844273426889996,0.004885083968277072,0.14183440880927156,0.00016172791782979816,0.15473883920013273
"('0027854000', 'Computer Science')",0.000679040289723857,0.0009052845640526493,0.12423373263595973,1.5508159814445336e-05,0.1324203417175346
"('4003554000', 'Department of Physics')",0.001358080579447714,0.0,0.1386561215202586,1.9951172147381097e-05,0.15356961230909263
"('0037986000', 'Computer Science and Engineering')",0.002489814395654142,0.006182817468417032,0.1393427111587712,2.153188306254661e-05,0.1552288654848692
"('0037986000', 'Electrical and Computer Engineering')",0.0018107741059302852,0.0004557363235454907,0.14032078767667144,2.239208764054738e-05,0.15583452271682788
"('0037986000', 'Paul G. Allen School of Computer Science')",0.0015844273426889996,0.017987346630126463,0.15059481201213484,3.10269141990902e-05,0.16739739373849705
"('0033795000', 'Electrical and Computer Engineering')",0.0015844273426889996,0.006517108427444661,0.1427048677282858,0.030099936267737045,0.15746912724617446
"('0025684000', 'Electrical and Biomedical Engineering')",0.0004526935264825713,0.0,0.1125691135628201,4.333720506628228e-06,0.11898157140631024
"('0018697000', 'Iowa State University')",0.0004526935264825713,0.0,0.1125691135628201,4.333720506628228e-06,0.11898157140631024
"('0013706000', 'Center for STEM Learning')",0.00022634676324128565,0.0,0.10662483407747074,2.700258184542061e-07,0.11268420676140911
"('0013508000', 'Unknown Dept')",0.001358080579447714,0.006757832855223348,0.11934734453509104,2.7509689432559387e-06,0.1288824930037008
"('0022905000', 'Computer Science & Engineering')",0.0009053870529651426,0.001357670623797741,0.11080735371573323,4.6636049268618895e-07,0.11660041017781975
"('0022905000', 'Geography')",0.00022634676324128565,0.0,0.09975614161849711,4.4185128677893255e-08,0.10369999365635348
"('0036616000', 'Biological Sciences')",0.000679040289723857,0.0004526935264825713,0.11428423612188938,1.3941081289276317e-06,0.12150775346475294
"('0028944000', 'Warner Grad School of Ed & Human Dev')",0.0004526935264825713,0.0,0.11323849801358452,8.15271122593309e-08,0.11966741855548914
"('0028944000', 'Warner School of Education')",0.0011317338162064282,0.0013574656459727544,0.11324720598790115,8.407759321296755e-08,0.12000693870035103
"('7203576822', 'Mathematical and Statistical Sciences')",0.000679040289723857,0.0,0.10413671184443135,1.2589244343831294e-06,0.10926466564248342
"('0001271000', 'Mathematical & Statistical Sciences')",0.000679040289723857,0.0,0.10413671184443135,1.2589244343831294e-06,0.10926466564248341
"('0019489001', 'Mathematics')",0.0015844273426889996,0.001809851705717846,0.11623257037621679,1.0847501242439082e-05,0.12373138530902156
"('0001271000', 'Mathematical and Statistical Sciences')",0.000679040289723857,0.0,0.10413671184443135,1.2589244343831294e-06,0.10926466564248342
"('0036327060', 'Mechanical Engineering')",0.0015844273426889996,0.000883446389004108,0.1330121932861659,1.7217727289997078e-05,0.14585777509045814
"('0036327000', 'Visualization')",0.0011317338162064282,0.00038428750670503896,0.12782455226687497,6.240655337342013e-06,0.1388956253996984
"('0027078000', 'L-DEO')",0.0004526935264825713,0.0,0.14454914278235834,2.07583619424098e-05,0.15565435457354784
"('0026294000', 'Div of Computer & Information Sciences')",0.0015844273426889996,0.00361580883276095,0.07314206248034039,3.38097778323176e-11,0.07774473162070913
"('0021303000', 'Linguistics')",0.000679040289723857,0.0,0.0681653372008702,4.0946088681940115e-12,0.07156527289057464
"('0026294000', 'Linguistics')",0.000679040289723857,0.0,0.0681653372008702,4.0946088681940115e-12,0.07156527289057464
"('6250009560', 'Unknown Dept')",0.00022634676324128565,0.0,0.08500731162933887,3.5877454536092953e-10,0.08809801850406038
"('0029751000', 'Philosophy')",0.0009053870529651426,0.0004526935264825713,0.11192744223753547,2.544897242682476e-07,0.11793295554795909
"('0029751000', 'Department of Biology')",0.000679040289723857,0.0,0.11192460669318269,2.523988677118462e-07,0.11781978216633841
"('0029751000', 'Management')",0.000679040289723857,0.0,0.11192460669318269,2.523988677118462e-07,0.11781978216633841
"('0021030000', 'Dept. of Computer Science')",0.00022634676324128565,0.0,0.15173266476628774,6.24213317467085e-05,0.16565380195982163
"('0010819000', 'Electrical, Computer, & Energy Engineer')",0.000679040289723857,0.0045481643852405326,0.14733542319749215,0.0008455198877121632,0.16448591899021855
"('0010819000', 'Electrical Engineering')",0.0029425079221367134,0.018704092755596535,0.14319515120085566,0.00030223522585863766,0.15861939290526783
"('0035451000', 'Electrical and Computer Engineering')",0.0011317338162064282,0.0004526935264825713,0.15484911149276226,6.745904895643556e-05,0.1688762302784466
"('0035451000', 'Dept. Electrical & Computer  Engineering')",0.00022634676324128565,0.0,0.1340900813402938,6.418800247207488e-06,0.14249535108521047
"('0034256000', 'Sociology')",0.0009053870529651426,0.0,0.14312093038323237,0.0005286136639655809,0.1560934029754751
"('5300006491', 'Unknown Dept')",0.002037120869171571,0.0009527949913578748,0.1431580311720294,0.0006419391396863724,0.15675358103492884
"('0034256000', 'School of Computing')",0.002716161158895428,0.006775800062060189,0.1505691500238566,0.0009627090398192999,0.16692447686109846
"('0033290000', 'Information Sciences and Technology')",0.0022634676324128564,0.008768716001493003,0.1502925568104504,4.9358137062999084e-05,0.16412799513750045
"('0021782000', 'Department of Materials Science')",0.0009053870529651426,0.0,0.14692873058631814,2.9512995487314487e-05,0.15896734860632475
"('0033290000', 'Computer Science and Engineering')",0.002489814395654142,0.009801002391238154,0.16208680338995488,6.0156384017179056e-05,0.17827283437853714
"('0038950000', 'DMSE')",0.001358080579447714,0.0009051820751401561,0.1469385040077161,3.008604141228485e-05,0.15919369536956607
"('0013706000', 'Computer Science')",0.0033952014486192846,0.011970844317165191,0.14685547134689536,1.3804562531997585e-05,0.16166244599924878
"('0013706000', 'Aerospace Engineering')",0.0004526935264825713,0.0,0.12973131698722654,3.018374203040147e-06,0.1391581319942562
"('0013706000', 'Aerospace Engineering Sciences')",0.002037120869171571,0.002604821446244355,0.14024061200520585,1.804067780277652e-05,0.15274370265316276
"('4000840000', 'Unknown Dept')",0.0033952014486192846,0.0023560577149545976,0.14292184265010352,0.3302804244738471,0.15946612551976855
"('4000840000', 'Education and Diversity')",0.0033952014486192846,0.0023560577149545976,0.14292184265010352,0.3302804244738471,0.15946612551976855
"('0017392000', 'CIERA / Department of Physics & Astronom')",0.0018107741059302852,0.0,0.14246557673083746,0.19973289887482154,0.1580349313429882
"('0034595000', 'Natural Sciences')",0.0033952014486192846,0.0023560577149545976,0.14292184265010352,0.3302804244738471,0.15946612551976855
"('0013201000', 'Physics')",0.003168854685377999,0.008506332291481126,0.14777896708589777,0.21184781859701785,0.16518058924124887
"('0037986000', 'Physical Sciences Division')",0.0018107741059302852,0.0,0.14246557673083746,0.19973289887482154,0.1580349313429882
"('0037549000', 'Department of Mechanical Engineering')",0.000679040289723857,0.0044487778655774865,0.14915094021133654,0.02031876641226195,0.16481243908246945
"('0015644000', 'Unknown Dept')",0.001358080579447714,0.0036542652365861255,0.13484312049810768,8.23711296722356e-05,0.14553231148409815
"('0027854000', 'Mechanical and Aerospace Engineering')",0.0029425079221367134,0.02043096880134484,0.15438915292144256,0.0001105215227508554,0.1707613434299703
"('0020297000', 'ByWater Institute and Department of Rive')",0.0009053870529651426,0.0,0.14391348252386071,0.001018600857224649,0.1598469861711138
"('0010819000', 'Morrison Inst-Kyl Cntr Water Policy')",0.0009053870529651426,0.0,0.14391348252386071,0.001018600857224649,0.1598469861711138
"('0028381000', 'Anthropology')",0.000679040289723857,0.0004526935264825713,0.09662321756626717,1.3765338818139392e-06,0.10155699191490669
"('P270038425', 'Unknown Dept')",0.00022634676324128565,0.0,0.08811152549809537,1.2964967982002964e-07,0.09153103583573195
"('0018697000', 'Chemical and Biological Engineering')",0.001358080579447714,0.0015278118800688923,0.1347855268777839,1.879362902352709e-05,0.14556625282066663
"('0019505000', 'Mechanical Engineering')",0.0004526935264825713,0.0,0.12318072826632465,2.9584349276742777e-06,0.13147140665531312
"('0036582000', 'Mechanical Engineering')",0.0009053870529651426,0.0004977947138124399,0.15537190082644628,8.456511058364936e-05,0.1695817053275169
"('0014480000', 'Chemical Engineering')",0.000679040289723857,0.0009052845640526493,0.14728630484064542,8.441483136025156e-05,0.1589104855458398
"('0014480000', 'Medicine')",0.00022634676324128565,0.0,0.12838171621189667,8.018565058303654e-06,0.13562068433050803
"('0026294000', 'Electrical & Computer Engineering')",0.0009053870529651426,0.0,0.06815902744565637,5.184280948182756e-12,0.07148982396949423
"('0047415000', 'Bloustein School of Planning & Public Po')",0.0018107741059302852,0.0018083656164866943,0.07313842995728902,3.4810864688562127e-11,0.07770700716016893
"('0026294000', 'Department of Psychology')",0.0009053870529651426,0.0,0.06815902744565637,5.1842809481827564e-12,0.07148982396949422
"('0026294000', 'Mechanical and Aerospace Engineering')",0.001358080579447714,0.0004531547265887908,0.06816323381933194,8.268119823301702e-12,0.07179161965381588
"('0026294000', 'Computer Science and Engineering')",0.0009053870529651426,0.0,0.06815902744565637,5.1842809481827564e-12,0.07148982396949422
"('0017392000', 'Kellogg School of Management, MORS Dept')",0.0004526935264825713,0.0,0.1315194093831865,0.00025739652929006085,0.1414648213312759
"('0025320000', 'Electrical Engineering')",0.0009053870529651426,0.0,0.11005106488977456,6.109785814753947e-07,0.11702942288747568
"('0025320000', 'Department of Earth Sciences')",0.0015844273426889996,0.0036170386997108686,0.11007299997508534,6.277038184275206e-07,0.11755756533503867
"('0025320000', 'Center for Biofilm Engineering')",0.0018107741059302852,0.004212145391256467,0.11549420960447547,3.814755072354231e-06,0.12396741718516903
"('0025320000', 'Department of Physics')",0.001358080579447714,0.0058652277762991116,0.1211838604383246,1.327020994249738e-06,0.13023163200812107
"('0025320000', 'Chemical & Biological Engineering')",0.001358080579447714,0.0006869653937295945,0.11007025761124122,6.947727778915867e-07,0.11744439195341802
"('0022905000', 'Psychology')",0.0011317338162064282,0.001357670623797741,0.13616050790519924,0.0001191150207558078,0.15105994452101873
"('7203581699', 'Organization Studies')",0.00022634676324128565,0.0,0.1198459201388889,1.1224081190448134e-05,0.129014187753502
"('0013144000', 'Informatics')",0.0009053870529651426,0.0,0.15537190082644628,0.00011296355325235365,0.17040069607973513
"('0021030000', 'College of Information Studies')",0.0018107741059302852,0.012008216545373058,0.1578138953384533,0.00011961443239372498,0.17382712227664582
"('0018259000', 'Electrical & Computer Enineering')",0.0011317338162064282,0.0013574656459727544,0.15538829487900957,0.00011394301487350374,0.17058931838243618
"('0033795000', 'Computer Science')",0.0018107741059302852,0.0050117855788390725,0.14126750655496578,0.0031761782961532157,0.15453075733179747
"('0035352000', 'Computer Science')",0.002037120869171571,0.006382833066616174,0.14414355628058728,0.00012370143058875312,0.15875859465719028
"('0035352000', 'Unknown Dept')",0.004526935264825713,0.027194320795919994,0.1578138953384533,0.0006719618781869535,0.17832030966367646
"('0015354000', 'Materials Science & Engineering')",0.0004526935264825713,5.001119376132268e-05,0.1408666262793738,8.55933895107919e-05,0.15214119980416876
"('0033712000', 'Graduate School')",0.0004526935264825713,0.0,0.12339058790671693,1.720016139936429e-06,0.13130187804248425
"('0033712000', 'Unknown Dept')",0.0004526935264825713,0.0,0.12339058790671693,1.720016139936429e-06,0.13130187804248425
"('0029728000', 'Plant and Microbial Biology')",0.0018107741059302852,0.01368016973750231,0.15161290322580645,3.303263056463336e-05,0.16619174108422483
"('0029728000', 'Dept. of Plant Biology')",0.0009053870529651426,0.0,0.14724703372883616,3.0538933289852964e-05,0.1600333943758559
"('0014894000', 'Department of Biological Science')",0.0009053870529651426,0.0,0.14724703372883616,3.0538933289852964e-05,0.16003339437585584
"('0013151000', 'Psychology')",0.0004526935264825713,0.0004526935264825713,0.12002173322466721,9.826904081221295e-07,0.127575423356885
"('0037499000', 'Forensic Science Program')",0.00022634676324128565,0.0,0.13749961096760138,1.6644463341592784e-05,0.1477515247943035
"('0037457000', 'Biocomplexity Institute')",0.000679040289723857,0.0,0.11159947458825907,3.1147015614218783e-07,0.1173384813488459
"('0023259000', 'Educational Studies')",0.00022634676324128565,0.0,0.09192293287836545,1.9489252152598297e-08,0.09642832669789468
"('0023259000', 'School of Education')",0.0004526935264825713,0.0004526935264825713,0.10122579906060258,2.0683642506273843e-07,0.10764902231591422
"('0020107000', 'Department of Mathematics')",0.000679040289723857,0.000930264396096888,0.09696889883891925,2.2741904290304934e-08,0.10166601933720856
"('0020107000', 'Mathematics')",0.0004526935264825713,0.0013778847214110446,0.1072486284410351,2.3503526334798317e-07,0.11291688357252193
"('0022335000', 'Electrical & Computer Engineering')",0.00022634676324128565,0.0,0.10250342219438065,1.03322764671731e-07,0.1069186413449836
"('0022335000', 'Electrical and Computer Engineering')",0.0004526935264825713,0.0004526935264825713,0.1142074242580912,1.075445535469973e-06,0.12057212159351054
"('0015354000', 'Department of Natural History')",0.001358080579447714,0.0025931027108991728,0.12687745900462363,7.25744749940554e-05,0.13784621143154333
"('0015354000', 'Florida Museum of Natural History')",0.000679040289723857,0.0015189019957071706,0.11792339516882423,0.00037464342661432657,0.12652785352819268
"('0034256000', 'Physics and Astronomy')",0.0004526935264825713,0.0004526935264825713,0.10419074122114001,4.182415148816579e-08,0.10950110599522606
"('0010835000', 'School of Natural Resources and the Envi')",0.0015844273426889996,0.0012841744429663707,0.1192603590228101,2.142845790380873e-07,0.12800275902358252
"('0038000000', 'Department of Plant Pathology')",0.0009053870529651426,0.0013281113162198445,0.12108422177761943,3.920837168598492e-07,0.12974892480890593
"('0027078000', 'Oceanography')",0.0011317338162064282,0.0013574656459727544,0.11782275915406566,1.5350723535942144e-07,0.12599639433048176
"('0015354000', 'Eng. School of Sust. Infrastructure')",0.00022634676324128565,0.0,0.1421081411431696,4.2104683404509526e-05,0.15330277275161738
"('0015354000', 'Civil and Coastal Engineering')",0.0011317338162064282,0.00015041956056924084,0.12536534150563264,3.0498544831793378e-05,0.13580959682136592
"('0035303000', 'Nursing')",0.000679040289723857,0.0,0.11144183230753708,9.312267423183463e-06,0.11869186501089984
"('0013292000', 'Geological and Environmental Sciences')",0.0004526935264825713,0.0,0.12308120908204485,8.917190525947996e-06,0.13050836983046088
"('0011502001', 'Geology')",0.0004526935264825713,0.0,0.12308120908204485,8.917190525947996e-06,0.13050836983046088
"('0034488000', 'School of the Earth, Ocean and Environme')",0.0011317338162064282,0.0009051820751401561,0.14034753327615235,8.573938331925149e-05,0.15203090443583805
"('0029751000', 'Mechanical Engineering & Eng. Science')",0.000679040289723857,0.0,0.12054241357671006,1.229131700509719e-06,0.12769011802794006
"('0029751000', 'Mechanical Engineering')",0.0011317338162064282,0.003783276245651171,0.1326089566574619,9.644503550071543e-06,0.1427129469795824
"('0029751000', 'Mechanical Engineering and Engineering S')",0.000679040289723857,0.0,0.12054241357671006,1.229131700509719e-06,0.12769011802794006
"('0038950000', 'Geoscience')",0.0004526935264825713,0.0018095442389803665,0.1415254508761252,6.926084487506615e-05,0.1527985475869125
"('0027110000', 'School of Electrical and Computer Engr')",0.00022634676324128565,0.0,0.10487833827893175,1.5804700777507343e-07,0.10927731457998514
"('0027110050', 'Medicine')",0.0009053870529651426,0.0004526935264825713,0.11716346663837912,1.6764269644643665e-06,0.12363764636851989
"('0025890000', 'Department of Chemistry')",0.001358080579447714,0.0006785790896176374,0.13290815559098704,1.2210395510920139e-05,0.14292886392818413
"('0025890000', 'Department of Physics')",0.0009053870529651426,0.0,0.11732837604567786,2.905948521502936e-06,0.1239862825560031
"('0025890000', 'Department of Mathematics and Statistics')",0.001358080579447714,0.0006785790896176374,0.13290815559098704,1.2210395510920139e-05,0.14292886392818416
"('0025890000', 'College of Biological Sciences')",0.0009053870529651426,0.0,0.11732837604567786,2.905948521502936e-06,0.1239862825560031
"('0025890000', 'Mathematics and Statistics')",0.0009053870529651426,0.0,0.11732837604567786,2.905948521502936e-06,0.1239862825560031
"('0023879000', 'Department of Earth Sciences')",0.0022634676324128564,0.0027131377359768775,0.10589645254074784,3.0147738753574825e-07,0.11265681860058281
"('0023879000', 'BioTechnology Institute')",0.0009053870529651426,1.024889124932242e-07,0.09576451207352495,3.810492119814687e-08,0.10044695402918721
"('0023879000', 'Department of Earth and Environmental Sc')",0.0004526935264825713,0.0,0.09576036067279348,3.2014215797508364e-08,0.10022060726594594
"('0010090000', 'Department of Geosciences')",0.00022634676324128565,0.0,0.11445002849593286,3.5290513159959183e-07,0.1201690348532804
"('0013177010', 'Scripps Institution of Oceanography')",0.001358080579447714,0.0019286116276959336,0.11761260781599403,1.3381740004587576e-06,0.12557131201879895
"('0013177000', 'Skaggs School of Pharmacy')",0.0004526935264825713,0.0004526935264825713,0.10524309773934587,1.2727075570567454e-07,0.11049671832515211
"('0013144000', 'Biomedical Engineering')",0.0011317338162064282,0.0006510080011093281,0.12571493611814585,6.237718912757382e-06,0.1353796265351263
"('0013052000', 'Chemical Engineering')",0.001358080579447714,0.004186252481992357,0.14001838177035464,2.084114820270581e-05,0.15212403975984648
"('0013144000', 'Chemical Engineering & Materials Science')",0.000679040289723857,0.0,0.12297842727905359,2.818793763321285e-06,0.1310622140296197
"('0013052000', 'Developmental Biology')",0.000679040289723857,0.0,0.12297842727905359,2.818793763321285e-06,0.13106221402961968
"('0016105000', 'Institute for Astronomy')",0.0015844273426889996,0.005420843559591614,0.10753578035244864,1.4605764686408466e-07,0.11434106697484273
"('5300001310', 'Unknown Dept')",0.0004526935264825713,0.0,0.0970989010989011,1.559123876743308e-08,0.10162925596329511
"('5300001310', 'W.M. Keck Observatory')",0.0004526935264825713,0.0,0.0970989010989011,1.559123876743308e-08,0.10162925596329511
"('0010835000', 'Unknown Dept')",0.0047532820280669985,0.04318503444689235,0.1656853553347084,0.0003632894270020217,0.18739113861341
"('0013169000', 'Environmental Sciences')",0.000679040289723857,0.0013574656459727544,0.14699717185160538,0.00015262323936842447,0.16159850222208638
"('0015982001', 'Educational Psychology')",0.0018107741059302852,0.020223851305876298,0.16107039994166758,0.0010579986698184976,0.18034750697720303
"('0015982001', 'School of Electrical and Computer Engine')",0.0011317338162064282,0.01735549561741069,0.16222369097451714,0.0006886020649958033,0.18075625646924823
"('0015693000', 'School of Mathematics')",0.0009053870529651426,0.010623252098881434,0.16125264617855317,5.836872634574247e-05,0.17670349242327332
"('0014894000', 'Dept. of Chemistry and Biochemistry')",0.00022634676324128565,0.0,0.09899170961236836,7.09149122461992e-08,0.10388945630021351
"('0013706000', 'School of Education')",0.0022634676324128564,0.015785943588867965,0.14625264830508475,6.76942605859422e-06,0.16075404086381773
"('0026294000', 'Bloustein School')",0.0009053870529651426,0.0,0.07313237655393885,3.270388975416989e-11,0.07721658917314614
"('0026294000', 'Computer Science')",0.0015844273426889996,0.008566125795096172,0.07887595515246733,2.3470281345703695e-10,0.08391592832201733
"('0013144000', 'Department of Computer Science')",0.0004526935264825713,0.0,0.11452419835653369,6.345413359601525e-07,0.12173446303708835
"('0029207000', 'Civil and Environmental Engineering')",0.004300588501584427,0.041807105297471024,0.1726928038150334,0.000872901445656202,0.19337126582486508
"('0033795000', 'Civil & Environmental Engineering')",0.0015844273426889996,0.004053081065020122,0.15122886287396453,0.004192680362483363,0.16548603049281946
"('0033795000', 'Chemistry')",0.000679040289723857,0.0,0.14932233751309698,0.0005740906992360487,0.1621006439363149
"('0001966000', 'Dept. of Computer Science')",0.0004526935264825713,0.0,0.11159665563666675,2.853752255779027e-07,0.11694430324466427
"('0001966000', 'Physical Therapy')",0.0004526935264825713,0.0,0.11159665563666675,2.853752255779027e-07,0.1169443032446643
"('0001966000', 'Mechanical Engineering')",0.0009053870529651426,0.001357670623797741,0.12560771045972763,2.6793289160783867e-06,0.13356560006061952
"('0010835000', 'Molecular and Cellular Biology')",0.0011317338162064282,0.025970021864367428,0.16492459310138868,0.0005650443147782566,0.18349007388165295
"('0025734000', 'Department of Geography')",0.00022634676324128565,0.0,0.10436302648052347,7.037827301388199e-08,0.10855745668776409
"('0025734000', 'Department of Earth Sciences')",0.0004526935264825713,0.0004526935264825713,0.1165207300348138,7.459004567266563e-07,0.12255557178599252
"('0017756000', 'Chemical & Biomolecular Engineering')",0.000679040289723857,0.0,0.11710446099610358,1.4055897317085152e-06,0.12461602697535838
"('0015693000', 'Chemical and Biomolecular Engineering')",0.0011317338162064282,0.0001694005365154448,0.11884011190015063,1.9355752282633142e-06,0.12688266909034823
"('0017756000', 'Chemistry')",0.0015844273426889996,0.0009160957847490498,0.13163304829723207,8.564076104223846e-06,0.1421485567648983
"('0017756000', 'Civil and Environmental Engineering')",0.0015844273426889996,0.00037654922349067063,0.12431413376853598,4.405396755949272e-06,0.13387191909996268
"('0021030000', 'Physics')",0.0015844273426889996,0.004108729347554133,0.13865177002259604,0.00017776260830123817,0.15421847805528743
"('0014266000', 'Department of Computer Science')",0.0009053870529651426,0.01216278932542283,0.15803970667143624,9.725275591649213e-05,0.17500759828170345
"('0014266000', 'Computer Science')",0.0036215482118605704,0.01408112481717395,0.15506106977397163,0.0001353500508790298,0.17416594835675717
"('0021998000', 'Computer Science')",0.001358080579447714,0.009031028218386939,0.15491969983869835,0.0003973031443195939,0.1709257997171067
"('0018697000', 'Dept Electrical & Computer Engineering')",0.0011317338162064282,0.0004526935264825713,0.13283622478126222,1.7597608411683892e-05,0.14260691838215603
"('0018697000', 'Department of Physics')",0.00022634676324128565,0.0,0.11726297908482854,1.6589731372380933e-06,0.12348552150781614
"('0022210000', 'Department of Civil & Environmental Eng.')",0.00022634676324128565,0.0,0.11381317945283116,4.922166783227586e-05,0.1205074450487594
"('0015693000', 'School of Biology')",0.000679040289723857,0.0023759708798166577,0.14954473140845548,0.0004992826527749449,0.16344405305473494
"('0036525000', 'Computer Science')",0.0004526935264825713,0.00017795626144188485,0.1058710759645339,6.293484367249582e-07,0.1107363072415783
"('0036525000', 'Department of Computer Science')",0.0004526935264825713,0.0002479420763985934,0.10774295817583221,6.261806466009575e-06,0.11311048640406349
"('0035451000', 'Physical Therapy')",0.00022634676324128565,0.0,0.09056062314235933,1.983111931348831e-09,0.09464137110941673
"('0018259000', 'Elmore Family School of Electrical and C')",0.00022634676324128565,0.0,0.15173266476628774,6.24213317467085e-05,0.16565380195982163
"('0015982001', 'Electrical and Computer Engineering')",0.000679040289723857,0.0019137575271418914,0.1450998423541776,0.0005019230985316629,0.15912258482425895
"('0035352000', 'Institute for Software Integrated System')",0.0009053870529651426,0.0,0.1363201579808078,8.823575936872836e-05,0.148211588597509
"('0035352000', 'EECS - ENGINEERING MANAGEMENT')",0.0009053870529651426,0.0,0.1363201579808078,8.823575936872836e-05,0.148211588597509
"('6250036639', 'Biomedical Informatics')",0.0009053870529651426,0.0,0.1363201579808078,8.823575936872836e-05,0.148211588597509
"('0035352000', 'Department of History')",0.0009053870529651426,0.0,0.1363201579808078,8.823575936872836e-05,0.148211588597509
"('0013136000', 'Agricultural Plant Biology')",0.0004526935264825713,0.0,0.13179404570133046,7.785238220283986e-06,0.14059805568406672
"('0029728000', 'Plant  and Microbial Biology')",0.0004526935264825713,0.0,0.13179404570133046,7.785238220283986e-06,0.14059805568406672
"('0018697000', 'Genetics, Development and Cell Biology')",0.0004526935264825713,0.0,0.12320133853876185,3.281209293667597e-06,0.13159966982114985
"('0021782000', 'Physics')",0.0015844273426889996,0.004517711262701322,0.1273896369770191,0.00012153891080949271,0.1377254460493477
"('0021550000', 'Physics')",0.0009053870529651426,0.0004526935264825713,0.11302701596397871,1.427768897847124e-05,0.12004898261938253
"('0021998000', 'Physics')",0.0009053870529651426,0.0009051820751401561,0.11302990764192698,1.4278733741575234e-05,0.12008670707992271
"('0022194000', 'Physics and Astronomy')",0.0011317338162064282,0.0018095442389803665,0.11303569144172956,1.442297626023886e-05,0.12023760492208356
"('0021055000', 'Chemical & Biochemical Engineering')",0.00022634676324128565,0.0,0.08821884984025559,1.5856432056446747e-08,0.09182561081879179
"('0018697000', 'Plant Pathology and Microbiology')",0.0004526935264825713,0.0004526935264825713,0.0967522939798086,1.6826092919914659e-07,0.1017251989266695
"('0022905000', 'Civil & Environmental Engineering')",0.000679040289723857,0.0004526935264825713,0.11084071351514087,2.0514290827039485e-06,0.1179801398136138
"('0022905000', 'School of Planning, Design & Constructio')",0.00022634676324128565,0.0,0.09978317824555064,1.933209480849361e-07,0.1046879435155213
"('0029785010', 'Biomedical Engineering')",0.00022634676324128565,0.0,0.11605852838416476,1.3032250681033716e-06,0.12273690640881631
"('0036327060', 'Biomedical Engineering')",0.000679040289723857,0.0014235231624899656,0.13129271916790491,1.383104071592865e-05,0.14159743103835337
"('0037549000', 'Biomedical Engineering and Mechanics')",0.00022634676324128565,0.0,0.13308030604253268,4.797031079957826e-05,0.1420944366734309
"('0013136000', 'Human Ecology')",0.0004526935264825713,0.0,0.11989470541941437,7.061671388555533e-07,0.12695718973446388
"('0010819000', 'EdPlus')",0.0004526935264825713,0.0,0.11989470541941437,7.061671388555533e-07,0.12695718973446388
"('0036772000', 'Unknown Dept')",0.0018107741059302852,0.001357670623797741,0.13621928282921716,6.658827997219711e-06,0.14747173253284573
"('7203578639', 'Unknown Dept')",0.0004526935264825713,0.0022443948712100037,0.1277838838433505,6.485061283787066e-07,0.1368593650451953
"('0029751000', 'Mathematics and Statistics')",0.00022634676324128565,0.0,0.09808840833906884,1.5630865012319078e-08,0.10309466599892575
"('0025890000', 'Mechanical Engineering')",0.00022634676324128565,0.0,0.14326944903849273,1.7514579662149174e-05,0.15351398953141732
"('0013169000', 'Electrical and Computer Engineering')",0.00022634676324128565,0.0,0.09193632296327126,4.965874121489972e-09,0.09633168192239601
"('0036327000', 'Oceanography')",0.00022634676324128565,0.0,0.11468175682691309,2.1776159126624046e-06,0.1228265793528544
"('0036525000', 'Chemistry')",0.00022634676324128565,0.0,0.12215217872152179,3.025733282557055e-07,0.1293638482638022
"('0036525000', 'Unknown Dept')",0.0018107741059302852,0.009464295026145434,0.13914522377247962,3.1573538843509305e-06,0.15095297288597342
"('0026393000', 'Mathematical Sciences')",0.0009053870529651426,0.0004526935264825713,0.12076317515853925,1.0500448376431623e-06,0.12813894858621602
"('0026393000', 'Department of Mathematical Sciences')",0.00022634676324128565,0.0,0.10775346942757494,9.952982269732657e-08,0.11269122603386714
"('7203590649', 'ASTRO America')",0.00022634676324128565,0.0,0.14016052790203357,1.6076636595349656e-05,0.15063801069912341
"('0010819000', 'School of Sustainable Engineering and th')",0.0018107741059302852,0.012489041013713127,0.15541015899817082,0.0007902914014577997,0.17245058962464896
"('0013136000', 'Anthropology')",0.0011317338162064282,0.002261417854162992,0.11876024838041987,2.885757787228442e-06,0.1274272395905485
"('0031708000', 'Biobased Products and Energy')",0.0004526935264825713,0.0,0.109576130360376,3.031728151607408e-07,0.11599066382006364
"('0031708000', 'Unknown Dept')",0.002037120869171571,0.0027142138695580562,0.12305035650623886,2.845725980364072e-06,0.1329802009659468
"('0031849000', 'Political Science')",0.000679040289723857,0.0004526935264825713,0.10957884815715065,3.057584380583251e-07,0.11610383720168428
"('9000241000', 'Director, JPL')",0.000679040289723857,0.0,0.1342122850719971,1.0934089840497642e-05,0.14562023378512656
"('6250026896', 'Unknown Dept')",0.0009053870529651426,0.0004526935264825713,0.13421636236595072,1.1023796605703618e-05,0.14573340716674718
"('0020834000', 'Unknown Dept')",0.0018107741059302852,0.007910445451204439,0.1435860768955767,1.7337337621387065e-05,0.15722657768266507
"('0013284000', 'Electrical Engineering - Systems')",0.0004526935264825713,0.0013574656459727544,0.14113212369026323,0.00013608790776032927,0.15452276962009792
"('0033290000', 'Mechanical Engineering')",0.0015844273426889996,0.0009095378539211181,0.1227154046997389,7.822813560462182e-06,0.13331420376712952
"('7203594188', 'Unknown Dept')",0.00022634676324128565,0.0,0.10930502981271184,7.386257985574004e-07,0.11611354782705798
"('0029728000', 'COMPUTER SCIENCE')",0.00022634676324128565,0.0,0.1336317715737576,5.251918277001102e-06,0.14299887716026174
"('5300020135', 'Unknown Dept')",0.000679040289723857,0.0,0.11411302820539312,4.520559577514387e-06,0.12081243695944809
"('7203591509', 'Unknown Dept')",0.000679040289723857,0.0,0.11411302820539312,4.520559577514387e-06,0.12081243695944809
"('P269967367', 'Unknown Dept')",0.000679040289723857,0.0,0.11411302820539312,4.520559577514387e-06,0.12081243695944806
"('0036756000', 'Department of Physics')",0.00022634676324128565,0.0,0.09679893078591617,3.6911719665033496e-07,0.10186729439470431
"('0019893001', 'Plant Pathology Department')",0.000679040289723857,0.0004526935264825713,0.11624174494172126,1.1839790072458623e-06,0.1234250413853236
"('5300001651', 'Unknown Dept')",0.00022634676324128565,0.0,0.10413916650952292,1.1290090403434173e-07,0.10897024167584943
"('0015982000', 'Odum Scool of Ecology')",0.0004526935264825713,0.0,0.12660476845483723,7.120626957087315e-05,0.1354587878435837
"('0015982001', 'Ecology')",0.0004526935264825713,0.0,0.12660476845483723,7.120626957087315e-05,0.1354587878435837
"('0014894000', 'Department of Physics')",0.0009053870529651426,0.002476249095148014,0.11564536816480381,4.602453301948797e-06,0.12345791971470929
"('0014894000', 'Florida State University, Physics Depart')",0.000679040289723857,0.0,0.11474728585528024,4.537644051394249e-06,0.12188388889667652
"('0014894000', 'Physics')",0.0009053870529651426,0.0004014777817541277,0.11597626922874993,4.619978091280055e-06,0.12380466315787649
"('0101428000', 'Basic Science')",0.00022634676324128565,0.0,0.11712308793510247,1.1097494560091998e-06,0.12268774833533255
"('0029744000', 'Anthropology')",0.0004526935264825713,0.0004526935264825713,0.10889551650193488,6.153762737854348e-07,0.11424646070280113
"('6250033094', 'Unknown Dept')",0.00022634676324128565,0.0,0.12037819132993652,1.4845592083014149e-05,0.12982325809063944
"('0022921000', 'Physics')",0.0022634676324128564,0.004068399870331028,0.1368479742287201,0.00015754863268642317,0.15251926873385116
"('0013177000', 'NanoEngineering')",0.001358080579447714,0.002261417854162992,0.11906751111710012,1.5543966524531065e-06,0.12643555233810963
"('0013177000', 'Chemical and NanoEngineering')",0.0009053870529651426,0.0,0.10641167686304735,2.047705499692713e-07,0.111626638557741
"('0013177000', 'Chemistry and Biochemistry')",0.0011317338162064282,0.0004526935264825713,0.10641423994990004,2.0645018328825852e-07,0.11173981193936162
"('0017749000', 'Pritzer School of Molecular Engineering')",0.0009053870529651426,0.0,0.10641167686304735,2.047705499692713e-07,0.111626638557741
"('0013177000', 'Nanoengineering')",0.0009053870529651426,0.0,0.10641167686304735,2.047705499692713e-07,0.11162663855774099
"('0023879000', 'Dept. of Comp. Science and Engineering')",0.000679040289723857,0.0,0.1295525189138467,9.674670054300337e-06,0.13906752953550075
"('0023879000', 'Aerospace Engineering/Mechanics')",0.000679040289723857,0.0,0.1295525189138467,9.674670054300337e-06,0.1390675295355007
"('0023879000', 'Computer Science & Engineering')",0.0009053870529651426,0.0031645501510532835,0.12957911717260595,9.760964680854021e-06,0.13940704968036263
"('0015693000', 'Mathematics')",0.0009053870529651426,0.0027139064028205767,0.13430204280155641,3.52567921525357e-05,0.14425777934152642
"('0028381000', 'SoMAS')",0.000679040289723857,0.0,0.09097461030002266,1.4449142818298155e-06,0.09559505500460509
"('6250037479', 'Unknown Dept')",0.000679040289723857,0.0,0.1017339443203537,9.824313394532693e-09,0.10644623889204671
"('4005450000', 'Exhibit Innovation Projects')",0.000679040289723857,0.0,0.1017339443203537,9.824313394532693e-09,0.10644623889204669
"('6250000948', 'Learning & Research Department')",0.000679040289723857,0.0,0.1017339443203537,9.824313394532693e-09,0.10644623889204671
"('0020313000', 'Mechanical Engineering; Informatics Rese')",0.000679040289723857,0.0,0.11458063177550702,1.4305816796116965e-06,0.12099374135895773
"('0020313000', 'Informatics Research Institute')",0.000679040289723857,0.0,0.11458063177550702,1.4305816796116965e-06,0.12099374135895773
"('0020313000', 'Louisiana Center for Health Innovation')",0.000679040289723857,0.0,0.11458063177550702,1.4305816796116965e-06,0.12099374135895773
"('0038950000', 'Unknown Dept')",0.0036215482118605704,0.037123122514815365,0.16321856066203635,0.0007238978471653825,0.18311185256069668
"('0015982001', 'University of Georgia Marine Institute')",0.000679040289723857,0.0,0.14033861694355326,8.42039166401465e-05,0.15180455767259676
"('0034488000', 'Baruch Institute')",0.000679040289723857,0.0,0.14033861694355326,8.42039166401465e-05,0.15180455767259676
"('0010819000', 'Civil and Environmental Engineering')",0.0011317338162064282,0.014506214068104869,0.16108801866841682,0.0008946892695707206,0.179970193279382
"('0013284000', 'Earth Sciences')",0.0004526935264825713,0.002713086491520631,0.13814452331071575,7.646070911121503e-05,0.1496580226774876
"('0013284000', 'Department of Earth Sciences')",0.0011317338162064282,0.002261417854162992,0.12141365285258876,7.656482160459974e-06,0.12940576129519052
"('0020537000', 'Earth Sciences/Climate Change Institute')",0.0004526935264825713,0.0,0.10353150704192346,8.5213495860401e-08,0.10829510263227062
"('0020537000', 'Climate Change Institute')",0.0011317338162064282,0.0009051820751401561,0.11548213398855112,8.140981316084636e-07,0.12261731434151041
"('0020537000', 'Climate Change Institute/School of Earth')",0.0004526935264825713,0.0,0.10353150704192346,8.5213495860401e-08,0.1082951026322706
"('0013169000', 'Entomology')",0.00022634676324128565,0.0,0.13562964327377663,0.00011603631024663395,0.14739955419561446
"('0025890000', 'Natural Resources and the Environment')",0.0018107741059302852,0.0022621352765504446,0.11294322161719968,2.100334893724098e-05,0.12108632401751353
"('0096354000', 'Institute of Environment')",0.002037120869171571,0.005195111729825288,0.1272685371896065,0.00016172827740948897,0.1387249953909069
"('0020313000', 'Biology')",0.000679040289723857,0.0,0.11292878687183681,1.9944879992599932e-05,0.1205204571094103
"('0001024000', 'Computer and Data Sciences')",0.000679040289723857,0.0009052845640526493,0.12369459921046,1.358072000981973e-05,0.13235291945115332
"('4076246000', 'Pediatrics, Center for Pediatric Infecti')",0.00022634676324128565,0.0,0.11008122788657995,1.3295898666654784e-06,0.11587079612204017
"('0014175000', 'Unknown Dept')",0.0011317338162064282,0.0004526935264825713,0.1099114339735297,6.120982331388929e-07,0.1177577972700852
"('0014175000', 'Department of Allied Health Sciences')",0.00022634676324128565,0.0,0.0990294308833748,5.780452289577101e-08,0.10429771581655686
"('0027110000', 'PAM')",0.0009053870529651426,0.0,0.10605151347848003,1.3352917187317105e-07,0.11204950363090013
"('0027110000', 'Operations Res & Information Eng')",0.001358080579447714,0.0013574656459727544,0.10605915114269253,1.3598605061501832e-07,0.1123135748546816
"('0027110000', 'School of Electrical and Comp. Eng.')",0.0009053870529651426,0.0,0.10605151347848003,1.3352917187317105e-07,0.11204950363090013
"('0027854000', 'Courant Institute of Mathematical Scienc')",0.00022634676324128565,0.0,0.11050801670877211,1.4607025358967134e-06,0.11594943617068897
"('0001479000', 'Electrical and Computer Engineering')",0.000679040289723857,0.0004526935264825713,0.1482699600630936,8.103707309339049e-05,0.1610187288944636
"('0033795000', 'Industrial Engineering')",0.0015844273426889996,0.007631284033791464,0.15458903390601492,0.00020619663539461728,0.16964128623250338
"('0013128000', 'Lawrence Hall of Science')",0.0011317338162064282,0.0013577731127102342,0.11495030441796326,2.3748320894637323e-06,0.12281447812979861
"('0013128000', 'Jedda Foreman')",0.00022634676324128565,0.0,0.10310144454038413,2.2384864570645324e-07,0.10824542122990076
"('0029728000', 'Mechanical & Aerospace')",0.00022634676324128565,0.0,0.13163304829723207,7.341311084983233e-06,0.1401250483584118
"('0027078000', 'Dept of Earth & Environmental Sci')",0.00022634676324128565,0.0,0.10526064995711426,2.4898392513370963e-06,0.11092817354417493
"('0036756000', 'Physics and Astronomy')",0.000679040289723857,0.0,0.10716278167220511,3.815001942736335e-06,0.11440647337608416
"('0025320000', 'Mechanical & Industrial Engineering')",0.0004526935264825713,0.0,0.1122516388027847,3.4487667954256055e-06,0.11881681731976594
"('0032896000', 'Electrical and Computer Engineering')",0.00022634676324128565,0.0,0.10755148741418764,3.5768121424206144e-07,0.11349589381687143
"('0033795000', 'Chemical and Petroleum Engineering')",0.0009053870529651426,0.0009051820751401561,0.1226915493348885,4.095765252218313e-06,0.13282378578010678
"('0033795000', 'Bioengineering')",0.0004526935264825713,0.0,0.12268473521979395,4.022071478267118e-06,0.13259743901686552
"('0033290000', 'School of Engineering')",0.002716161158895428,0.005198186397200085,0.13982340095578694,3.850657845206189e-05,0.15612958353451675
"('0018259000', 'Computer and Information Technology')",0.001358080579447714,0.0013403507067244868,0.14386193422338,4.1490966379604924e-05,0.1562091786288241
"('0018259000', 'IT Discovery Learning')",0.0018107741059302852,0.013456303738000457,0.15493056529667554,0.00011023207631297544,0.1713720682767748
"('7203583583', 'Unknown Dept')",0.000679040289723857,0.0,0.13660256013851957,1.649941922638845e-05,0.1475141125661714
"('0036046000', 'Department of Computer Science')",0.000679040289723857,0.0,0.13832618428880053,2.975800018787667e-06,0.1489658818370897
"('0036327000', 'Sociology')",0.000679040289723857,0.0,0.13832618428880053,2.975800018787667e-06,0.14896588183708973
"('P270038410', 'Unknown Dept')",0.00022634676324128565,0.0,0.14085315309570873,8.294551995623048e-05,0.15241779497098606
"('0010835000', 'Educational Psychology Department')",0.0004526935264825713,0.0,0.14214471863839645,3.8870557410631655e-05,0.1541900261852721
"('0010835000', 'Educational Psychology')",0.0004526935264825713,0.0,0.14214471863839645,3.8870557410631655e-05,0.1541900261852721
"('0011502001', 'Unknown Dept')",0.0015844273426889996,0.010471788773381745,0.09347890482840338,1.83505955391436e-08,0.09990874670543846
"('0026294000', 'Civil and Environmental Engineering')",0.0009053870529651426,0.009911907705044699,0.0855621187179239,1.8421805662474453e-09,0.09078792667034231
"('6250004721', 'Management of Complex Systems')",0.0004526935264825713,0.0,0.0929049081044707,4.153054305732351e-09,0.09717015699139712
"('0037986000', 'School of Environmental and Forest Scien')",0.0009053870529651426,0.0009052845640526493,0.09290881561238223,4.22230659343562e-09,0.09739650375463842
"('0019489001', 'Ecology and Evolutionary Biology')",0.0009053870529651426,0.0038166291020471006,0.12910578609000584,6.112379290385939e-06,0.13994901971927692
"('0019489001', 'Kansas Biological Survey')",0.001358080579447714,0.00384113779505897,0.14117271129573414,4.5483570478906456e-05,0.15687409454385343
"('0027078000', 'Mathematics')",0.001358080579447714,0.0007996412223544326,0.11671157605537064,1.583241106689861e-06,0.12406177017992279
"('0026310000', 'Math and Computer Science')",0.00022634676324128565,0.0,0.10451609850725084,1.494375623682515e-07,0.10931660599746192
"('0033787000', 'Medical Ethics & Health Policy')",0.00022634676324128565,0.0,0.10066303629611065,2.4133680068252042e-08,0.10472378379585964
"('0019281000', 'Physics')",0.0015844273426889996,0.003164857617790763,0.1096250713381802,2.9700885875608773e-07,0.11690736821119097
"('0019281000', 'Computer Science')",0.002037120869171571,0.005422585871103999,0.12307092317120731,2.842249333528812e-06,0.13318768549891793
"('5300001194', 'Neuroscience')",0.00022634676324128565,0.0,0.10985131035854592,1.8284672157884394e-07,0.11523335253496461
"('0029207000', 'Physics')",0.0011317338162064282,0.003577925612638442,0.14372153545868574,0.0005461559950677723,0.15586510089678893
"('0013128000', 'Political Science')",0.0004526935264825713,0.0004526935264825713,0.11493535211634018,2.111899240381403e-06,0.12239950906385628
"('0013706000', 'JILA and Department of Physics')",0.0009053870529651426,0.0,0.12396879735114204,4.333751375731588e-07,0.1323803949935679
"('0013052000', 'Department of Physics')",0.001358080579447714,0.0013574656459727544,0.12397923389925634,4.4152963163422714e-07,0.13264446621734943
"('0014316000', 'Department of Physics and Astronomy')",0.0011317338162064282,0.005181562205906509,0.12464733100101569,4.593377360263478e-07,0.13394053823546762
"('0013706000', 'Mechanical Engineering')",0.002037120869171571,0.008021390753242973,0.1378944411498486,2.8673032688259283e-06,0.1505317365095532
"('0013706000', 'Psychology and Neuroscience')",0.0011317338162064282,0.0020519739260836814,0.12926065712864623,7.768648766992871e-07,0.1380613759008954
"('0013706000', 'Technology, Cybersecurity, and Policy Pr')",0.001358080579447714,0.00041921927039206326,0.13376124012231674,1.679510918383702e-05,0.14415334866330726
"('0013706000', 'Electrical, Computer and Energy Engineer')",0.0004526935264825713,0.0,0.12943485776228283,2.9000024036286e-06,0.13844316364687503
"('0021550000', 'Unknown Dept')",0.0015844273426889996,0.001809851705717846,0.13071779395230487,8.079948892175852e-05,0.13966597194867822
"('0023879000', 'School of Statistics')",0.000679040289723857,0.0,0.1307023253061949,7.772089708826948e-05,0.13921327842219566
"('0021550000', 'Stem Cell & Regenerative Biology')",0.000679040289723857,0.0,0.1307023253061949,7.772089708826948e-05,0.13921327842219566
"('0036046000', 'Chemical and Biomolecular Engineering')",0.0004526935264825713,0.0,0.11143058918482647,0.00039810082968642235,0.11783336207799583
"('0021782000', 'Department of Chemical Engineering')",0.0015844273426889996,0.001357670623797741,0.12539736603088103,0.0038287551017778575,0.13521429050198325
"('0036582000', 'Texas Materials Institute')",0.0004526935264825713,0.0,0.11143058918482647,0.00039810082968642235,0.11783336207799583
"('0011551001', 'Physics and Astronomy')",0.001358080579447714,0.0018095442389803665,0.1303552460757701,0.026918572642865887,0.14234120150258572
"('0011551001', 'Chemistry')",0.0009053870529651426,0.0,0.1153344123635984,0.003533750654662057,0.12317348122826313
"('0011551001', 'Biological Sciences')",0.0009053870529651426,0.0,0.1153344123635984,0.003533750654662057,0.12317348122826313
"('0011551001', 'Science Education Program')",0.0009053870529651426,0.0,0.1153344123635984,0.003533750654662057,0.12317348122826313
"('0011551001', 'College of Education')",0.0009053870529651426,0.0,0.1153344123635984,0.003533750654662057,0.12317348122826313
"('0022905000', 'Electrical & Computer Engineering')",0.001358080579447714,0.00322480707533719,0.13193573433673775,1.9821667055961678e-05,0.1433988179970516
"('P269925279', 'Civil and Environmental Engineering')",0.0004526935264825713,0.0,0.13199091778202676,1.4688882259069555e-05,0.14068221401856482
"('0019992001', 'Psychological & Brain Sciences')",0.000679040289723857,0.0,0.106143238113543,2.865250614731239e-06,0.11280046848177057
"('0019992001', 'Biology')",0.001358080579447714,0.004555487232592271,0.11858810897866058,2.3348201643536775e-05,0.12814270257683494
"('0019992001', 'Engineering Fundamentals')",0.001358080579447714,0.003250208935148195,0.10632204654296921,2.9512026171158524e-06,0.11366380400445428
"('0019992001', 'Physics and Astronomy')",0.000679040289723857,0.0,0.106143238113543,2.865250614731239e-06,0.11280046848177057
"('P269872176', 'Institute of Arctic and Alpine Research')",0.000679040289723857,0.0,0.1302706846729964,1.4597545788821304e-06,0.14061015879146166
"('7203581718', 'Unknown Dept')",0.000679040289723857,0.0,0.1302706846729964,1.4597545788821304e-06,0.14061015879146166
"('0036756000', 'Unknown Dept')",0.002037120869171571,0.003573177156579042,0.1545457725539581,0.0005407788650194617,0.17073227185268777
"('0021030060', 'Horn Point Laboratory')",0.002037120869171571,0.00271400889173307,0.12812853455526232,3.1334661855358963e-06,0.13741854153488975
"('0013136000', 'Environmental Science & Policy')",0.0009053870529651426,0.0,0.1135878647641085,4.2059574820233873e-07,0.11976130719007401
"('0013128000', 'CEE')",0.0009053870529651426,0.0,0.1135878647641085,4.2059574820233873e-07,0.11976130719007401
"('0026393000', 'Davidson Laboratory')",0.0009053870529651426,0.0,0.1135878647641085,4.2059574820233873e-07,0.11976130719007401
"('0021030000', 'Civil and Environmental Engineerng')",0.0009053870529651426,0.0,0.1135878647641085,4.2059574820233873e-07,0.11976130719007404
"('0013169000', 'Electrical Engineering')",0.002037120869171571,0.006479341042375546,0.16705108329867283,0.00010720876420374235,0.18398321662241843
"('0013169000', 'Department of Electrical Engineering')",0.00022634676324128565,0.0,0.14314411612234318,1.024458269123564e-05,0.15287123343936293
"('0021998000', 'Mathematics')",0.001358080579447714,0.0004285060531193488,0.09177971207179508,3.797808261775748e-09,0.09635064661576956
"('0026906000', 'Computer Science')",0.0009053870529651426,0.0,0.08960915157292659,1.623847953562626e-09,0.093658139874485
"('0023259000', 'University of Michigan Health System, Ca')",0.0009053870529651426,0.0,0.08960915157292659,1.623847953562626e-09,0.09365813987448499
"('0023259000', 'Division of Cardiovascular Medicine/Depa')",0.0009053870529651426,0.0,0.08960915157292659,1.623847953562626e-09,0.09365813987448499
"('0033787000', 'Earth and Environmental Sciences')",0.00022634676324128565,0.0,0.09349670920364844,1.1828539791325612e-08,0.09664608722785231
"('0033787000', 'Mechanical Engineering & Applied Mechani')",0.000679040289723857,0.0004526935264825713,0.10313754785694276,1.2438175684844646e-07,0.10757264076872211
"('0033787000', 'Anthropology')",0.00022634676324128565,0.0,0.13947908445146015,0.0003258388819134372,0.15156998011796477
"('0039545000', 'Unknown Dept')",0.0033952014486192846,0.00903173292455289,0.11719143743865885,1.0596557794742203e-06,0.12604602372879817
"('0039545000', 'Industrial Engineering & Management Syst')",0.0004526935264825713,0.0,0.10490324112548972,1.1187955482070878e-07,0.11038404375754078
"('0039545000', 'Industrial Engineering and Management Sy')",0.0004526935264825713,0.0,0.10490324112548972,1.1187955482070878e-07,0.1103840437575408
"('0011312000', 'Physics')",0.0004526935264825713,0.0,0.12818801682866676,4.231041382017024e-06,0.13572540080009482
"('0018408000', 'Physics')",0.0009053870529651426,0.0008956909463225286,0.14241506027980144,2.6605214423956533e-05,0.15295979296092416
"('0011312000', 'Division of Physics, Math & Astronomy')",0.001358080579447714,0.0006713077848674597,0.13717940756380798,1.7627347635911715e-05,0.14706444465950944
"('0013144000', 'Sociology')",0.000679040289723857,0.0,0.1027202976052081,0.002746087617654918,0.1082359275805853
"('0013144000', 'Molecular Biology & Biochemistry')",0.000679040289723857,0.0,0.1027202976052081,0.002746087617654918,0.10823592758058531
"('0013144000', 'Education')",0.0011317338162064282,0.0013574656459727544,0.11447078637129161,0.023664586609568466,0.12246879422071767
"('0011510001', 'Psychology')",0.000679040289723857,0.0,0.1027202976052081,0.002746087617654918,0.10823592758058531
"('0021030000', 'School of Public Policy')",0.0004526935264825713,0.0004526935264825713,0.09796443301255045,1.7020464818322982e-07,0.10285966566208704
"('0001057000', 'Joint: Civil & Environmental Engineering')",0.00022634676324128565,0.0,0.08922548722609311,1.6038005143672166e-08,0.09278699193804973
"('0027078000', 'Astrophysics Laboratory')",0.00022634676324128565,0.0,0.10581022177515927,8.856205965742848e-08,0.11061769224082973
"('0027078000', 'Columbia Astrophysics Laboratory')",0.0004526935264825713,0.0004526935264825713,0.11832766424726143,9.384512473453584e-07,0.12541540748874344
"('0014266000', 'Mechanical Engineering and Materials Sc')",0.000679040289723857,0.0,0.1216141818982603,4.983846962298298e-06,0.1292664018869311
"('0014266000', 'Ecology and Evolutionary Biology')",0.000679040289723857,0.0,0.1216141818982603,4.983846962298298e-06,0.1292664018869311
"('0014266000', 'Molecular Biophysics and Biochemistry')",0.0009053870529651426,0.0009051820751401561,0.12162087760832462,5.027123162241376e-06,0.1294172997290919
"('0014316000', 'Dept of Materials Science & Engineering')",0.0004526935264825713,0.0,0.09679044802278454,9.142528714037377e-09,0.10208760417627262
"('0014316000', 'Chemical and Biomolecular Engineering')",0.0015844273426889996,0.002219681998080539,0.1071549842347805,6.23212722973355e-08,0.11512661476112991
"('0014316000', 'Materials Science & Engineering')",0.001358080579447714,0.0005600152285510979,0.10215265092834516,3.3673197754818654e-08,0.10889000769835688
"('0023879000', 'Plant Biology')",0.000679040289723857,0.0009051820751401561,0.09112660368796667,4.9364456349423856e-09,0.09499194232799452
"('0023879000', 'Ecology, Evolution & Behavior')",0.0011317338162064282,0.003165780018003202,0.10025187773718487,4.9853691889243254e-08,0.10546798026842742
"('7203580126', 'School of Earth & Environmental Sciences')",0.00022634676324128565,0.0,0.11266097156700242,3.773426197567407e-07,0.1212155016418315
"('0015693000', 'School of Electrical & Computer  Engr.')",0.00022634676324128565,0.0,0.1286396459352434,2.8695362914260057e-05,0.13735262587118574
"('0015693000', 'Electrical and Computer Engineering')",0.0011317338162064282,0.0022618278098129646,0.14762588966485113,0.0003046216029887556,0.16205544179174594
"('0019893001', 'Plant Pathology')",0.0004526935264825713,0.0,0.11623868659229636,1.1741470558935308e-06,0.12331186800370293
"('0015693000', 'Electrical & Computer Engineering')",0.000679040289723857,0.0,0.15135320315176432,0.00015784441409000458,0.16406891169792778
"('0028068000', 'Mechanical Engineering')",0.002037120869171571,0.0022618278098129646,0.1333011495640105,3.215080552015519e-06,0.1442882691977298
"('0028068000', 'Industrial Systems Engineering')",0.00022634676324128565,0.0,0.11762513312034079,3.0633897736860436e-07,0.12443034832374501
"('0013052000', 'Mathematics')",0.0004526935264825713,0.00028772350603059843,0.11519607843137254,3.112703082292263e-07,0.12137936656067613
"('0025171000', 'Mechanical and Aerospace Engineering')",0.00022634676324128565,0.0,0.09434929312774953,1.4057920970546918e-08,0.09808738286401907
"('0025171000', 'Electrical and Computer Engineering')",0.0009053870529651426,0.0013577731127102342,0.10417600037727841,1.473431222173454e-07,0.10960778505897907
"('6250011399', 'Biomedical Research')",0.0004526935264825713,0.0,0.14200765002732152,2.971627971965491e-05,0.15292693888778042
"('P270043292', 'Unknown Dept')",0.0004526935264825713,0.0,0.14200765002732152,2.971627971965491e-05,0.15292693888778042
"('0017756000', 'Computer Science Department')",0.00022634676324128565,0.0,0.13083780021914887,5.599552633329397e-06,0.13993783805350055
"('0025320000', 'Microbiology and Immunology')",0.000679040289723857,0.0,0.103555774324356,4.725711223913498e-07,0.10939837231178623
"('4004875000', 'Unknown Dept')",0.0018107741059302852,0.0022618278098129646,0.10356791223217215,4.992998171887002e-07,0.10996423921988946
"('0027854000', 'Tandon School of Engineering')",0.0018107741059302852,0.0034049551545435952,0.14378702076417366,0.000836807763255262,0.157062062352917
"('0017749000', 'Statistics')",0.0011317338162064282,0.0004526935264825713,0.13978800822654644,0.0007089858310719787,0.15191246118701904
"('0017749000', 'James Franck Institute')",0.0018107741059302852,0.0013389586638480337,0.14726666666666666,0.0008978725655225807,0.1618139681856289
"('7203577084', 'Unknown Dept')",0.0004526935264825713,0.0,0.1342938780472977,3.153245724990091e-05,0.14488051370690486
"('0034595000', 'Ctr for Advancement of Math/Sci Ed')",0.000679040289723857,0.0,0.12761040986684383,7.921554007918822e-07,0.1364914617347841
"('5300005209', 'Unknown Dept')",0.000679040289723857,0.0,0.12761040986684383,7.921554007918822e-07,0.13649146173478408
"('0032276000', 'Biology')",0.0009053870529651426,0.0,0.10990869965420305,6.071099165478263e-07,0.11764462388846457
"('5300016339', 'Unknown Dept')",0.0022634676324128564,0.004969174922233976,0.10993878465137112,6.523638136012392e-07,0.11845569979007925
"('0010512000', 'Department of Biological Sciences')",0.001358080579447714,0.008634205337956205,0.12342505936583321,4.557910486601088e-06,0.13448624547221785
"('6250036693', 'Unknown Dept')",0.0009053870529651426,0.0,0.10990869965420305,6.071099165478264e-07,0.11764462388846457
"('0021030000', 'Mathematical Sciences')",0.00022634676324128565,0.0,0.12230434902970407,0.0002380959999996678,0.12971545549918104
"('0021782000', 'Materials Science and Engineering')",0.0004526935264825713,0.0004526935264825713,0.12726120520797327,8.459545282007866e-05,0.13650317352784472
"('0014894000', 'Chemistry & Biochemistry')",0.00022634676324128565,0.0,0.10533342870085592,0.0004026040458755721,0.11095480174381805
"('0013177000', 'Dept. of Chemistry and Biochemistry')",0.00022634676324128565,0.0,0.09618147777245613,1.947957256086332e-08,0.09981937558812025
"('0017749000', 'Institute of Molecular Engineering')",0.000679040289723857,0.0,0.12877087644641347,0.02463536382187556,0.13915270509883376
"('0013151000', 'Physics & Astronomy')",0.0011317338162064282,0.0009051820751401561,0.12877838342029324,0.025084370724010433,0.139379051862075
"('7203582666', 'Unknown Dept')",0.000679040289723857,0.0,0.12877087644641347,0.02463536382187556,0.13915270509883373
"('0013201000', 'Department of Geography')",0.000679040289723857,0.0004526935264825713,0.13119914474074953,0.0001242042538739485,0.14225314761190633
"('0013201000', 'Earth Research Institute (ERI)')",0.0004526935264825713,0.0,0.13119524870081664,0.00012311305689699734,0.1421399742302857
"('0029744000', 'Department of Political Science')",0.00022634676324128565,0.0,0.122179203539823,6.402606789290888e-06,0.12979294201849612
"('0022194000', 'Unknown Dept')",0.0011317338162064282,0.0004526935264825713,0.10298368298368299,8.466496469353409e-08,0.10782453768666395
"('0022194000', 'Data Intensive Studies Center')",0.00022634676324128565,0.0,0.09337024747976415,8.06848965601965e-09,0.09669049222325982
"('4000949000', 'Professional Services')",0.0004526935264825713,0.0,0.12464381436027648,1.026745863160276e-05,0.13296458301268146
"('5300002935', 'Experiential Engineering Education')",0.0015844273426889996,0.005421560981979067,0.14237834353851112,9.741625672343586e-05,0.15573450240720393
"('0036327060', 'Center for Remote Health')",0.00022634676324128565,0.0,0.145405476566614,6.734232684911427e-06,0.1566682073019773
"('0036582000', 'Electrical and Computer Engineering')",0.004300588501584427,0.060750310874808276,0.1701390226056148,7.077047887594632e-05,0.19064717222820346
"('0020297000', 'Unknown Dept')",0.002037120869171571,0.004520683441163626,0.12728687084041604,3.997306514814259e-07,0.13655481697016264
"('0017400000', 'Preventive Medicine & Computer Science')",0.0004526935264825713,0.0,0.14689941812136326,0.0003911963666681311,0.16026891912473445
"('5300004653', 'Conrad Blucher Institute')",0.0009053870529651426,0.0,0.08261032161555722,1.7973041652024053e-10,0.08644358083553134
"('0028357000', 'Atmospheric & Environmental Sciences')",0.001358080579447714,0.004969379900058962,0.09003097489403326,1.351078646961002e-09,0.0948982946894389
"('0029728000', 'Dept of Marine, Earth & Atmospheric Sci')",0.0009053870529651426,0.0,0.08261032161555722,1.7973041652024053e-10,0.08644358083553134
"('0013508000', 'Electrical and Computer Engineering')",0.001358080579447714,0.0009052845640526493,0.08261341112233068,1.827229435737043e-10,0.08666992759877261
"('0023259000', 'Sociology')",0.000679040289723857,0.0009052845640526493,0.1156030038987885,3.021812924712645e-07,0.1221594059077079
"('0013151000', 'Electrical and Computer Engineering')",0.0011317338162064282,0.0,0.13855176090569823,0.00012322944127109143,0.15056825185276884
"('0013151000', 'UCLA, Electrical and Computer Engineerin')",0.0011317338162064282,0.0,0.13855176090569823,0.00012322944127109143,0.15056825185276881
"('6250004777', 'Quantum Engineering and Computing')",0.0011317338162064282,0.0,0.13855176090569823,0.00012322944127109143,0.15056825185276884
"('0013284000', 'Information Sciences Institute')",0.002489814395654142,0.026539022585877824,0.16021177835799247,0.0007970280678784532,0.17961883195020262
"('6250004777', 'Unknown Dept')",0.0011317338162064282,0.0,0.13855176090569823,0.00012322944127109143,0.15056825185276884
"('0027078000', 'Chemistry')",0.0011317338162064282,0.002483301892211359,0.14763082269598343,2.4818785969959413e-05,0.16040269649368707
"('0027078000', 'Mechanical Engineering')",0.0018107741059302852,0.010085646853234782,0.145405476566614,3.691874977751055e-05,0.16032894096497427
"('0027078000', 'Applied Physics & Applied Mathematics')",0.001358080579447714,0.004326505893088457,0.14825503355704697,2.829948527867195e-05,0.16187816383606238
"('0027078000', 'Physics')",0.002037120869171571,0.0027967735272911897,0.13419597837312436,9.856646271682864e-06,0.14542883428125541
"('0034017000', 'Data Science Institute')",0.00022634676324128565,0.0,0.13782131270277015,0.00031395072434571504,0.14891540197391193
"('0033290000', 'Public Health Sciences')",0.00022634676324128565,0.0,0.11999565429952741,0.00033064725774569034,0.127509736806597
"('0034017000', 'Computer Science')",0.0015844273426889996,0.0018100566835428326,0.12485516461777589,4.6882715783062444e-06,0.13672042636173265
"('0034017000', 'Biomed')",0.00022634676324128565,0.0,0.11099944726395658,4.4293501949012096e-07,0.118482335017587
"('0021998000', 'Unknown Dept')",0.002489814395654142,0.014673319655920058,0.15375513329157095,0.0033173257100166916,0.17008859934391732
"('7203577688', 'Daniel Pratt')",0.00022634676324128565,0.0,0.1332689813278634,0.00031243992248130165,0.14283803252227775
"('0026294000', 'Institute of Marine & Coastal Sciences')",0.00022634676324128565,0.0,0.12413948130040181,4.6791906077683165e-05,0.1337730657502039
"('0017756000', 'Aerospace Engineering')",0.00022634676324128565,0.0,0.12837425541188435,2.1087022072677704e-05,0.13765352272595327
"('0025684000', 'Computer Science and Engineering')",0.000679040289723857,0.0005971138080038087,0.11774739479224967,6.585165943543072e-05,0.12512035710881245
"('0001305000', 'NSHE - System Computing Services')",0.0004526935264825713,0.0,0.11725675460480917,6.53126327042307e-05,0.12448366544677016
"('0031708000', 'Microbiology and Molecular Genetics')",0.00022634676324128565,0.0,0.10957069517125072,2.737409109896721e-07,0.11583976597790278
"('4001509000', 'Unknown Dept')",0.000679040289723857,0.0,0.10122811841261113,5.0592569062764916e-08,0.10730714885371721
"('0011510001', 'Geography')",0.001358080579447714,0.004970199811358908,0.11260354275519306,4.319572086234114e-07,0.12129729132565026
"('7203579739', 'Unknown Dept')",0.000679040289723857,0.0,0.10122811841261113,5.059256906276491e-08,0.1073071488537172
"('0013177010', 'Geosciences Research Division')",0.0018107741059302852,0.0074375036195481236,0.1310085105121134,4.985631485610196e-06,0.14139048793869882
"('0014894000', 'Center for Ocean Atmospheric Prediction')",0.000679040289723857,0.0,0.12998705425444274,4.101147851912952e-06,0.13899711588145194
"('0022301000', 'Operational Scientific Services')",0.000679040289723857,0.0,0.12998705425444274,4.101147851912952e-06,0.13899711588145194
"('9000001104', 'Chemical Engineering')",0.0004526935264825713,0.0,0.10665572266615166,9.807796809435206e-08,0.11228386729461687
"('0025650000', 'Biochemistry')",0.0009053870529651426,0.0009051820751401561,0.10666087250428527,9.987102856982047e-08,0.11251021405785813
"('0023879000', 'Earth & Environmental Sciences')",0.0011317338162064282,0.0,0.09577281595491004,8.398887560623535e-08,0.10065443856215835
"('0023879000', 'Geology & Geophysics')",0.0011317338162064282,0.0,0.09577281595491004,8.398887560623535e-08,0.1006544385621584
"('0023879000', 'Geology and Geophysics')",0.0011317338162064282,0.0,0.09577281595491004,8.398887560623535e-08,0.1006544385621584
"('0023879000', 'Earth Sciences')",0.0015844273426889996,0.0009054895418776357,0.1058913762523369,3.374361382793193e-07,0.11235502291626111
"('0023879000', 'Earth and Environmental Sciences')",0.0011317338162064282,0.0,0.09577281595491004,8.398887560623535e-08,0.10065443856215835
"('0037549000', 'Electrical and Computer Engineering')",0.002716161158895428,0.009090472065582956,0.15697839681637293,0.0004769327929725418,0.17343021396891822
"('0013144000', 'Dept. of Electrical Eng. & Computer Sci.')",0.001358080579447714,0.003980000668406492,0.14816056876488146,8.86447194217597e-05,0.1609607992982817
"('0026294000', 'WINLAB')",0.002716161158895428,0.00762272860847504,0.15897232917131446,0.00021367637171817002,0.1752000219236516
"('0001289000', 'Computer Science and Engineering')",0.0018107741059302852,0.004487914027231384,0.15864124385076664,0.00014167246944812273,0.17454583292066153
"('0013284000', 'Electrical Engineering-Systems')",0.001358080579447714,0.003194183212757715,0.1479175036828713,8.849353593720658e-05,0.16062145062824026
"('0020834000', 'Electrical and Computer Engineering')",0.00022634676324128565,0.0,0.12556130279088273,1.6418253336916174e-06,0.13379523970571913
"('0023879000', 'Institute for Social Research and Data I')",0.00022634676324128565,0.0,0.11712929823166043,0.0023510820629222186,0.12456789028733992
"('0021030000', 'Sociology')",0.0004526935264825713,0.0004526935264825713,0.13266470482253317,0.024962759452677293,0.14438799028545413
"('0010819000', 'School for the Future of Innovation in S')",0.002037120869171571,0.009637963724754546,0.1363874911246257,9.316768484224361e-05,0.14904174028777867
"('0025205000', 'Electrical and Systems Engineering')",0.001358080579447714,0.00984011415159243,0.14309311740890687,2.1363503919517024e-05,0.15609148471869055
"('0022335000', 'ECE')",0.000679040289723857,0.0009051820751401561,0.12892118240975808,1.1095993915525547e-05,0.13849500054796532
"('0013706000', 'Geological Sciences')",0.001358080579447714,0.00019630011323639243,0.1351938553811316,2.3625341031064614e-06,0.14652391959431252
"('0013482000', 'Economics and Business')",0.0009053870529651426,0.0,0.12927956926318254,1.2962767913196651e-06,0.13886848401334537
"('6250036932', 'Unknown Dept')",0.0009053870529651426,0.0,0.12927956926318254,1.2962767913196651e-06,0.13886848401334537
"('7203589839', 'Unknown Dept')",0.0009053870529651426,0.0,0.12927956926318254,1.2962767913196651e-06,0.13886848401334537
"('0025320000', 'Department of Microbiology & Immunology')",0.00022634676324128565,0.0,0.113992311066388,3.0435828061521712e-06,0.11993108087777522
"('0013706000', 'Institute for Behavioral Genetics')",0.0004526935264825713,0.0004526935264825713,0.12460163014355416,3.7619652854519254e-06,0.13309180916412622
"('4203105000', 'Unknown Dept')",0.00022634676324128565,0.0,0.11079901690324523,3.544281415171771e-07,0.11641836305328443
"('4003448000', 'Unknown Dept')",0.0011317338162064282,0.002568996548864161,0.13796333885020143,3.795926373220091e-05,0.14948287904942392
"('0030908001', 'Computer Science & Engineering')",0.00022634676324128565,0.0,0.094971946946409,1.2547262470729513e-07,0.0994289354946273
"('0015792001', 'Computer and Cyber Sciences')",0.000679040289723857,0.0,0.11292878687183681,4.7255040901863165e-08,0.1190767119807404
"('0020107000', 'Computer Science and Engineering')",0.0009053870529651426,0.0004526935264825713,0.11293167352572787,4.765191172519737e-08,0.11918988536236104
"('0001016000', 'Unknown Dept')",0.0018107741059302852,0.0037563304044930476,0.13163304829723207,0.00022696383267274548,0.14383790973876898
"('0026997000', 'Physical Therapy')",0.0004526935264825713,0.0,0.11632744411385239,2.4721536065509097e-05,0.12399851167392943
"('0026997000', 'Unknown Dept')",0.0004526935264825713,0.0,0.11632744411385239,2.4721536065509097e-05,0.12399851167392943
"('0033290000', 'Electrical Engineering')",0.0015844273426889996,0.006371831667208793,0.15253944688050272,5.4161123509894625e-05,0.17022894300508454
"('0033290000', 'Computer Science & Engineering')",0.0009053870529651426,0.0006461923724610062,0.14597237824621687,1.779006897775858e-05,0.15841419721569006
"('0022210000', 'College of Info and Computer Sciences')",0.00022634676324128565,0.0,0.1306520774804081,6.0853395776024626e-05,0.13864741151409243
"('0025163000', 'Learning, Teaching, & Curriculum')",0.000679040289723857,0.0,0.11747812907171537,2.7964312947183743e-05,0.125597180220312
"('0025163000', 'Learning, Teaching, and Curriculum')",0.0015844273426889996,0.0016473047330733636,0.11980042301643257,2.9800826975787097e-05,0.12897316204242334
"('0025197000', 'College of Education')",0.000679040289723857,0.0,0.11747812907171537,2.7964312947183743e-05,0.125597180220312
"('0034207000', 'Mathematics and Computer Science')",0.000679040289723857,0.0,0.1342204399076437,3.611296175034675e-06,0.14334006745731412
"('0029728000', 'Department of Mathematics')",0.0018107741059302852,0.013292393831214519,0.15486539540100955,3.0731723794235926e-05,0.16924651602107377
"('0034488000', 'Mathematics')",0.001358080579447714,0.007516877590868448,0.1343592238914908,3.712537847156728e-06,0.1442197659490542
"('0029058000', 'Computational Data Science and Engineeri')",0.000679040289723857,0.0,0.1342204399076437,3.6112961750346752e-06,0.1433400674573141
"('0035352000', 'Mathematics')",0.000679040289723857,0.0004526935264825713,0.13632436435448037,7.05742175837965e-05,0.14817386413696879
"('0010835000', 'Department of Anthropology')",0.00022634676324128565,0.0,0.11133511415755254,4.866176904425325e-07,0.11741486650914545
"('0010819000', 'ASU School of Earth and Space Exploratio')",0.00022634676324128565,0.0,0.11760008517887564,1.4626423196625836e-05,0.1254450563017779
"('0010512000', 'Curriculum and Instruction')",0.0004526935264825713,0.0,0.12109417826992654,2.2439170569116093e-06,0.12816463282454665
"('5300001194', 'Mathematics and Statistics')",0.001358080579447714,0.0009051820751401561,0.13776973930397904,2.1572738829551138e-05,0.14882302069943418
"('5300001194', 'College of Education & Human Development')",0.0004526935264825713,0.0,0.12109417826992654,2.2439170569116093e-06,0.12816463282454665
"('0023259000', 'Population Studies Center')",0.00022634676324128565,0.0,0.11930866864704294,6.537467315879954e-07,0.12674907017935533
"('0014449000', 'Anthropology')",0.0015844273426889996,0.00271400889173307,0.11610732963654043,2.814990464487069e-07,0.12322185059516266
"('0014449000', 'Dept. of Anthropology')",0.0004526935264825713,0.0,0.11608902435819954,2.6825200686611613e-07,0.12261825922651924
"('0037986000', 'Teacher Education Program, College of Ed')",0.00022634676324128565,0.0,0.11216329432074945,3.8551377937853935e-07,0.11998567791014364
"('0028381000', 'Physics and Astronomy')",0.0009053870529651426,0.001357670623797741,0.10689830385443636,7.800944776565426e-06,0.11322186595067432
"('0010819000', 'Biology')",0.0015844273426889996,0.0013406249160738742,0.13706449911581298,0.00016300835378053728,0.1506227663991346
"('0028829000', 'Biology / Science Teaching')",0.0009053870529651426,0.0,0.12102120199419274,2.7004508967734848e-05,0.12983752704214377
"('0036707000', 'Biology')",0.0018107741059302852,0.00017237508424712875,0.12596943430656934,5.8433631751784506e-05,0.13673766754346112
"('0028381000', 'Ecology & Evolution')",0.0009053870529651426,0.0,0.12102120199419274,2.7004508967734848e-05,0.1298375270421438
"('0035105000', 'Biology Department')",0.0009053870529651426,0.0,0.12102120199419274,2.7004508967734848e-05,0.12983752704214377
"('0036582000', 'Aerospace Engineering and Engineering Me')",0.00022634676324128565,0.0,0.15173266476628774,6.24213317467085e-05,0.16565380195982163
"('0011312000', 'Physics, Math, and Astronomy')",0.0015844273426889996,0.0015998331372945567,0.14549645973983205,0.00010843937075267224,0.1582961804555276
"('0011312000', 'Dept. of Physics, Math & Astronomy')",0.0009053870529651426,0.0,0.1321290785656608,1.4919996247580026e-05,0.14124108249277878
"('0011312000', 'Astronomy')",0.0009053870529651426,0.0,0.1321290785656608,1.4919996247580026e-05,0.14124108249277884
"('0018697000', 'Department of EEOB')",0.000679040289723857,0.0,0.13179797738730945,8.71374214401145e-06,0.14071122906568737
"('0018259000', 'Statistics Department')",0.000679040289723857,0.0,0.13179797738730945,8.71374214401145e-06,0.14071122906568737
"('0018697000', 'Biochemistry, Biophysics, and Molec Bio')",0.000679040289723857,0.0,0.13179797738730945,8.71374214401145e-06,0.1407112290656874
"('0020107000', 'Department of Biological Sciences')",0.0004526935264825713,0.0018095442389803665,0.10632972322503008,3.7256179393581e-08,0.11167273544913028
"('0020107000', 'Biological Sciences')",0.0009053870529651426,0.0013574656459727544,0.0961249755227258,3.6614994053777506e-09,0.10026133771340273
"('0018259000', 'Mathematics')",0.0011317338162064282,0.0009051820751401561,0.12073017434552112,1.0820532236905953e-06,0.12819105910436795
"('0017756000', 'Mathematics')",0.002037120869171571,0.00541879378134175,0.12076317515853925,1.1785416833053136e-06,0.12883237493355157
"('0018093000', 'Mathematical Sciences')",0.000679040289723857,0.0,0.12072357634714176,1.0618682334507062e-06,0.12796471234112664
"('0036442030', 'Cell Physiology and Molecular Biophysics')",0.00022634676324128565,0.0,0.10800371583630763,2.695185773145264e-07,0.11348209229220622
"('0016923000', 'Biological Sciences')",0.002037120869171571,0.0010105983023080986,0.12107758502562416,2.8019820203708086e-06,0.12973876288441605
"('0013177000', 'Math')",0.00022634676324128565,0.0,0.1006401056971685,1.6111278683306674e-08,0.1046159865880872
"('0028373000', 'Department of Computer Science')",0.00022634676324128565,0.0,0.12934769879376976,6.350731366136931e-05,0.1380956589308783
"('0031856000', 'Unknown Dept')",0.0011317338162064282,0.0,0.12933255269320842,1.6128409401710536e-05,0.14109014664978792
"('0036327060', 'TEES CiMDM')",0.001358080579447714,0.00022838905007247485,0.1301402144456227,1.748268363997398e-05,0.14256263359647112
"('0036327000', 'Psychology')",0.0022634676324128564,0.0007132769649498092,0.13504095855239026,2.5709138239021695e-05,0.14889783585460253
"('0018093000', 'Department of Biology')",0.0009053870529651426,0.0009051820751401561,0.10710822342901474,1.7696928657321363e-06,0.11414213269187025
"('0022905000', 'Sociology')",0.0015844273426889996,0.002261417854162992,0.11993376224991177,1.5101392984816424e-05,0.13014753833230305
"('0022905000', 'Kellogg Biological Station')",0.000679040289723857,0.0,0.1071030303030303,1.7552020401094838e-06,0.1139912348497094
"('0018093000', 'Environmental Resilience Institute')",0.000679040289723857,0.0,0.1071030303030303,1.7552020401094838e-06,0.1139912348497094
"('0028381000', 'Electrical and Computer Engineering')",0.0011317338162064282,0.004748344897479604,0.11814097764466788,0.0006709127297705278,0.12820250104904413
"('0028381000', 'Psychology Department')",0.0004526935264825713,0.00010977876995050241,0.10568366663477179,6.4720344601117e-05,0.11249062561823676
"('0029728000', 'Civil Construction & Environmental Eng')",0.000679040289723857,0.0,0.14937282347770228,5.3092129693286424e-05,0.16309810229004348
"('0029728000', 'Department of Economics')",0.000679040289723857,0.0,0.14937282347770228,5.3092129693286424e-05,0.16309810229004348
"('0019992001', 'Department of Electrical Engineering')",0.001358080579447714,0.002027323411391948,0.09776715572373808,3.1761284039379295e-07,0.10396653595016368
"('0022905000', 'Matrix')",0.0009053870529651426,0.0,0.14551083591331268,0.0010038343224823049,0.16195393686339718
"('0019281000', 'Department of Computer Science')",0.0011317338162064282,0.001375605673040457,0.1457172070318942,0.0010241333700806196,0.16256381564213068
"('0021782000', 'Haystack Observatory')",0.0015844273426889996,0.0009628769268902067,0.11729722554095313,6.435636721652439e-05,0.1254519488247478
"('0021782000', 'Aero/Astro')",0.00022634676324128565,0.0,0.10498550449123141,6.061414595670427e-06,0.1102657922678946
"('0036327000', 'Physics and Astronomy')",0.000679040289723857,0.0007657704366988838,0.11352073590626445,9.560258146948547e-07,0.12094619337898695
"('7203596848', 'Unknown Dept')",0.00022634676324128565,0.0,0.10194992500288451,9.009315211422264e-08,0.10697775970024348
"('0010835000', 'Aerospace and Mechanical Engineering')",0.001358080579447714,0.006321516122582069,0.10582796368601337,8.233689312964027e-08,0.11328983901664377
"('0037986000', 'School of Oceanography')",0.001358080579447714,0.0031042602202993944,0.1340900813402938,4.230382761043261e-06,0.14530414382157164
"('0032102000', 'CEOAS')",0.001358080579447714,0.0030223053720301006,0.1274447585530491,1.4186255671518423e-06,0.13731708473107213
"('0032102000', 'College of Oceanic & Atmospheric Scienc')",0.0004526935264825713,0.0,0.12109417826992654,5.454706149119012e-07,0.12884371739622916
"('0013136000', 'Pediatrics')",0.00022634676324128565,0.0,0.10995520159283226,3.6361883482201003e-07,0.11601780509557386
"('0013169000', 'Department of Chemistry')",0.0009053870529651426,0.0004526935264825713,0.11305015353121801,1.4275607091351712e-05,0.12015838355494911
"('0013169000', 'Political Science')",0.00022634676324128565,0.0,0.10157022323378624,1.3446099238299467e-06,0.10633279050782155
"('0013177000', 'San Diego Supercomputer Center (SDSC)')",0.00022634676324128565,0.0,0.10323877179043792,9.414535881717938e-08,0.10840604447656271
"('0033290000', 'EMS Environment Institute')",0.0004526935264825713,0.0,0.11064916850330594,5.625426835464165e-07,0.11570146671336863
"('0033290000', 'Earth and Environmental Systems Institut')",0.0004526935264825713,0.0,0.11064916850330594,5.625426835464165e-07,0.1157014667133686
"('0015354000', 'Computer & Information Sciences and Eng')",0.0011317338162064282,0.0001379844183631316,0.14585671838890724,0.0002465762054023427,0.15977385310228126
"('0015354000', 'Sociology Criminology & Law')",0.0009053870529651426,0.0,0.14585190320557262,0.00023910961181404898,0.15966067972066061
"('0010751000', 'Unknown Dept')",0.002716161158895428,0.013822479501218267,0.1543298284835994,0.0015205782113212004,0.17365066589262948
"('0010512000', 'Physics & Astronomy')",0.0009053870529651426,0.0,0.1368098349487505,0.00014783985206699956,0.1517647795230469
"('0038950000', 'Graduate School')",0.0009053870529651426,0.0,0.1368098349487505,0.00014783985206699956,0.15176477952304696
"('0026294000', 'Electrical and Computer Engineering')",0.0004526935264825713,0.0004526935264825713,0.13717940756380798,2.0340491119628806e-05,0.14668423787368928
"('0026294000', 'Department of Electrical & Computer Eng.')",0.00022634676324128565,0.0,0.1206345739016465,1.9191938467534046e-06,0.12677168852474374
"('0033290000', 'Physics')",0.0004526935264825713,0.0,0.12874085730104612,1.4327672999256494e-06,0.13632394967840833
"('0033290000', 'Institute for Computational and Data Sci')",0.0004526935264825713,0.0,0.12874085730104612,1.4327672999256494e-06,0.13632394967840833
"('0033290000', 'Chemistry')",0.001358080579447714,0.0016037120458616146,0.14775425571051135,1.3479851288069123e-05,0.16001060267130773
"('0021998000', 'Network Science Institute')",0.00022634676324128565,0.0,0.09219724952524051,1.2780994135793773e-07,0.0956758756541265
"('0021998000', 'Department of Physics')",0.0004526935264825713,0.0004526935264825713,0.1015585490322284,1.35694283451622e-06,0.10643302978868555
"('0014449000', 'Anthropology Department')",0.00022634676324128565,0.0,0.1040312706037487,2.6719533647951383e-08,0.10863379803573103
"('0010553000', 'Physics')",0.00022634676324128565,0.0,0.10126524250481342,3.622434670432944e-08,0.10706658443323702
"('0010553000', 'Center for Space Plasma and Aeronomic Re')",0.000679040289723857,0.0009052845640526493,0.11267246435949096,3.841742863917339e-07,0.1215172973261532
"('0036327000', 'Department of Teaching, Learning & Cultu')",0.0004526935264825713,0.0,0.1220846689510335,4.0022689546816495e-07,0.12927529376714453
"('0033290000', 'Department of Geography')",0.0011317338162064282,0.0020291267339970992,0.13973937246963564,2.9755644007647028e-05,0.15492240079722994
"('0033290000', 'mechanical engineering')",0.0009053870529651426,0.0,0.12266429741510954,4.3736330460717e-06,0.13255971455632531
"('0015693000', 'G.W. Woodruff School of Mechanical Engin')",0.0009053870529651426,0.0,0.12266429741510954,4.3736330460717e-06,0.13255971455632531
"('6250015637', 'Research and Development')",0.0009053870529651426,0.0,0.12266429741510954,4.3736330460717e-06,0.13255971455632531
"('0021998000', 'Computer and Information Science')",0.0011317338162064282,0.002603659824668293,0.14201221472195436,4.450110422398446e-05,0.15338839082048544
"('0021998000', 'College of Computer and Information Scie')",0.00022634676324128565,0.0,0.12435612351169532,4.193115697569616e-06,0.1314991871465385
"('0021782000', 'Dept. of Mechanical Engineering')",0.0004526935264825713,0.0,0.1308416750577504,8.765763180842316e-06,0.1430901315263077
"('0013219000', 'Dept of Electrical Engineering')",0.0004526935264825713,0.0,0.1308416750577504,8.765763180842316e-06,0.14309013152630773
"('0034702000', 'Materials & Metallurgical Engineering')",0.0009053870529651426,0.0,0.11221742443484888,3.38308118722911e-07,0.11761361249534544
"('0034702000', 'Department of Geology & Geological Engr.')",0.0009053870529651426,0.0,0.11221742443484888,3.38308118722911e-07,0.11761361249534544
"('0034702000', 'Department of Chem. and Chem. Eng.')",0.0009053870529651426,0.0,0.11221742443484888,3.38308118722911e-07,0.11761361249534544
"('0034702000', 'Materials & Metallurgical Engr')",0.0009053870529651426,0.0,0.11221742443484888,3.38308118722911e-07,0.11761361249534544
"('0034702000', 'Chemical and Biological Engineering')",0.001358080579447714,0.0018095442389803665,0.12638745851928138,2.5694946977210633e-06,0.13425635151529142
"('0033290000', 'Mathematics')",0.0011317338162064282,0.001053993641190725,0.14676765663411068,1.4358348816319044e-05,0.15841361118635816
"('0036442000', 'Civil, Environmental, & Construction Eng')",0.00022634676324128565,0.0,0.10257005548719615,1.3404445087392222e-07,0.10743380080982742
"('0029751000', 'Center for STEM Education')",0.0004526935264825713,0.0,0.14882937510527203,4.629789324432673e-05,0.16215555419380587
"('0028381000', 'Applied Mathematics & Statistics & IACS')",0.00022634676324128565,0.0,0.09657674987977091,7.347355871476407e-07,0.10083268227253456
"('0036756000', 'Department of Biology and Mathematics')",0.0004526935264825713,0.0,0.09680317272508161,4.1094547218855705e-07,0.10201819223686519
"('0036756000', 'Department of Biology')",0.0004526935264825713,0.0,0.09680317272508161,4.1094547218855705e-07,0.10201819223686516
"('0036756000', 'Biology')",0.0015844273426889996,0.0018100566835428326,0.10717318002086214,3.949896539817992e-06,0.11485916690256671
"('0015362010', 'Ocean Sciences')",0.0018107741059302852,0.004783165894218485,0.13557553625678953,5.120413776161719e-06,0.14770736092035225
"('0020537000', 'Unknown Dept')",0.0011317338162064282,0.0012302812320403322,0.12688839106209432,5.0761721023360404e-06,0.13616249325846375
"('0017756000', 'Department of Computer Science')",0.0015844273426889996,0.005937362954437467,0.14688476627435335,2.8764326120915044e-05,0.16088565940874536
"('0029751000', 'Criminal Justice and Criminology')",0.00022634676324128565,0.0,0.11191610092207924,2.04329887779526e-07,0.1175557109425569
"('0016105000', 'ATRC, Institute for Astronomy')",0.0009053870529651426,0.0,0.09711597643541722,2.005563431636477e-08,0.1020819494897777
"('4003110000', 'National Solar Observatory')",0.0011317338162064282,0.0004526935264825713,0.09711811127475764,2.0227620422144646e-08,0.10219512287139834
"('0016105000', 'Information and Computer Sciences')",0.0009053870529651426,0.0,0.09711597643541722,2.005563431636477e-08,0.1020819494897777
"('4003110000', 'Unknown Dept')",0.002037120869171571,0.002261417854162992,0.09712665157077846,2.1549972867953747e-08,0.10264781639788088
"('0023341000', 'Unknown Dept')",0.0011317338162064282,0.0,0.10295248526087666,1.51669016828473e-07,0.10812731561023764
"('0023341000', 'Mathematics')",0.0011317338162064282,0.0,0.10295248526087666,1.51669016828473e-07,0.10812731561023763
"('0023341000', 'Math, Statistics, and Computer Science')",0.0011317338162064282,0.0,0.10295248526087666,1.51669016828473e-07,0.10812731561023764
"('0023341000', 'Chemistry')",0.0011317338162064282,0.0,0.10295248526087666,1.51669016828473e-07,0.10812731561023763
"('0023341000', 'MSCS')",0.0011317338162064282,0.0,0.10295248526087666,1.51669016828473e-07,0.10812731561023764
"('0023879000', 'Psychology')",0.0015844273426889996,0.002713598936083097,0.11475324675324676,1.0011225445662378e-06,0.12194721156255453
"('0037549000', 'Dept. of Electrical & Comp. Engineering')",0.00022634676324128565,0.0,0.13568379349528578,4.494834684599008e-05,0.14520606776152215
"('4002911000', 'U.S. Division-College Workforce Success.')",0.0009053870529651426,0.00023741145517229483,0.10836399313220506,7.890342769424298e-06,0.11499529771039207
"('4002911000', 'Unknown Dept')",0.0022634676324128564,0.004801692175697403,0.11305883256135323,1.0133890486351337e-05,0.12169752674738889
"('4002962000', 'Unknown Dept')",0.000679040289723857,0.0,0.10158423581890506,1.8752285801131746e-06,0.107271666756216
"('7203586034', 'Math')",0.000679040289723857,0.0,0.10158423581890506,1.8752285801131746e-06,0.107271666756216
"('0010819000', 'Global Futures')",0.000679040289723857,0.0,0.11381904369332234,6.0648872624531315e-05,0.12073379181200068
"('0029728000', 'NC Institute for Climate Studies')",0.000679040289723857,0.0,0.11381904369332234,6.0648872624531315e-05,0.12073379181200068
"('0027110000', 'Biological and Environmental Eng.')",0.000679040289723857,0.0,0.11381904369332234,6.0648872624531315e-05,0.12073379181200068
"('0010835000', 'Geosciences')",0.002037120869171571,0.015376150049900011,0.1431070225447007,4.096048460079242e-05,0.15750340148257666
"('0026534000', 'Department of Forestry')",0.0011317338162064282,0.0,0.0930144427133774,5.8752758408570006e-09,0.09755754193598466
"('0026534000', 'Natural Resource Management')",0.0022634676324128564,0.002261417854162992,0.10254148775675989,3.6919133810768754e-08,0.10892430600626159
"('0026534000', 'Forestry - NMHU')",0.0011317338162064282,0.0,0.0930144427133774,5.8752758408570006e-09,0.09755754193598466
"('0026633000', 'Honors College')",0.0011317338162064282,0.0,0.0930144427133774,5.8752758408570006e-09,0.09755754193598466
"('0026534000', 'JT Harrington Forestry Research Center')",0.0011317338162064282,0.0,0.0930144427133774,5.8752758408570006e-09,0.09755754193598466
"('0026534000', 'Forest and Watershed Restoration Institu')",0.0011317338162064282,0.0,0.0930144427133774,5.8752758408570006e-09,0.09755754193598466
"('0015370000', 'Department of Mechanical Engineering')",0.001358080579447714,0.0009051820751401561,0.14367946925103256,0.00014529144618771208,0.1556928302571118
"('0015370000', 'Industrial and Management Systems')",0.0011317338162064282,0.0,0.14367012454879516,0.0001440143234571537,0.15554193241495096
"('0010025000', 'Electrical Engineering')",0.002037120869171571,0.005092079675317943,0.14927188566408758,0.00018791682340630114,0.16285547798109926
"('0010819000', 'Sustainable Engr & Built Enviroment')",0.0011317338162064282,0.0,0.14367012454879516,0.0001440143234571537,0.15554193241495096
"('0013136000', 'Evolution & Ecology')",0.0004526935264825713,0.0,0.087606583382907,5.200369404811239e-09,0.09094102597430868
"('0013136000', 'Department of Evolution and Ecology')",0.0004526935264825713,0.0,0.087606583382907,5.200369404811239e-09,0.09094102597430871
"('0010819000', 'School of Electrical, Computer and Energ')",0.00022634676324128565,0.0,0.12382634042433925,0.0033891416044582044,0.1327971048005063
"('0035303000', 'Mechanical, Aerospace and Biomedical Eng')",0.0009053870529651426,0.0,0.12536178423471994,2.96670905762958e-05,0.13569642343974528
"('0036582000', 'Aerospace Engineering & Engr. Mechanics')",0.0009053870529651426,0.0,0.15851033295063147,5.294820891065108e-05,0.17205550535677183
"('0014696000', 'Civil Engineering')",0.0009053870529651426,0.0,0.15851033295063147,5.294820891065108e-05,0.17205550535677178
"('0036046000', 'Civil and Environmental Engineering')",0.002489814395654142,0.044537404846973466,0.1750326849173963,0.00023278924966500697,0.1944420306065847
"('0013151000', 'Civil and Environmental Engr')",0.0009053870529651426,0.0,0.15851033295063147,5.294820891065109e-05,0.1720555053567718
"('0023259000', 'Medicine/Pulmonary and Critical Care')",0.000679040289723857,0.0,0.1528984253331026,3.426260148841619e-05,0.16629868358591646
"('0017756000', 'Physics')",0.0009053870529651426,0.0017434343068487247,0.14556357286415605,7.7853645263737e-05,0.15882598551792643
"('0017749000', 'Pritzker School of Molecular Engineering')",0.0018107741059302852,0.010465685408204571,0.15095500051252264,0.0005215122710165074,0.16677153325523522
"('0013151000', 'Ecology and Evolutionary Biology')",0.001358080579447714,0.014391433953167741,0.1360892065056678,0.00011943263240725564,0.14952950198536358
"('0013144000', 'Ecology & Evolutionary Biology')",0.0011317338162064282,0.000948352988510168,0.1204569621288546,1.4929526487666737e-05,0.12941650862089907
"('0013136000', 'Department of Plant Sciences')",0.000679040289723857,0.0,0.11994678684874976,1.4627867127904483e-05,0.12854238714356347
"('0011080000', 'Biological Sciences')",0.000679040289723857,0.0,0.11994678684874976,1.4627867127904483e-05,0.12854238714356347
"('0023259000', 'Environment and Sustainability')",0.0011317338162064282,0.0,0.1373585374953364,7.886577788153717e-06,0.14760047494882186
"('0023259000', 'School for Environment & Sustainability')",0.0011317338162064282,0.0,0.1373585374953364,7.886577788153717e-06,0.14760047494882186
"('0023259000', 'Environmental Health Sciences')",0.0011317338162064282,0.0,0.1373585374953364,7.886577788153717e-06,0.14760047494882186
"('0023259000', 'Survey Research Center')",0.0011317338162064282,0.0,0.1373585374953364,7.886577788153717e-06,0.14760047494882184
"('0023259000', 'Psychiatry')",0.00022634676324128565,0.0,0.12457001071448712,1.1663024897275522e-06,0.13158750194423086
"('0025361000', 'Physics & Astronomy')",0.000679040289723857,0.0,0.11397760693462669,6.737088563894591e-06,0.12068621578863743
"('0025361000', 'Physics and Astronomy')",0.000679040289723857,0.0,0.11397760693462669,6.737088563894591e-06,0.12068621578863746
"('0021055000', 'Center for Space Science and Technology')",0.000679040289723857,0.0,0.11397760693462669,6.737088563894591e-06,0.12068621578863743
"('5300010311', 'Unknown Dept')",0.0015844273426889996,0.001809851705717846,0.1286284100503683,5.5491544818430816e-05,0.1387558363622186
"('0015644000', 'Computer Science')",0.0022634676324128564,0.006093275512367567,0.14151638425317917,0.0007456138855316522,0.15496521108788994
"('0015644000', 'Biomedical Informatics')",0.0004526935264825713,0.0,0.12753305236418222,7.798772759847244e-05,0.1363483355334861
"('4004321000', 'Unknown Dept')",0.00022634676324128565,0.0,0.14383851538336317,0.0006928699252778173,0.15916794588139002
"('0035352000', 'Department of Mechanical Engineering')",0.0011317338162064282,0.0,0.13710278053624628,3.3343565028238074e-05,0.14928615911526613
"('0035352000', 'Physics & Astronomy')",0.002037120869171571,0.0018713530363987671,0.14451131754546645,0.00011821277119233648,0.15967670602120476
"('0017756000', 'CSL Studio')",0.0011317338162064282,0.0,0.13710278053624628,3.3343565028238074e-05,0.14928615911526613
"('0027110000', 'ILR School, Yang Tan Institute on Emplo')",0.0011317338162064282,0.0,0.13710278053624628,3.3343565028238074e-05,0.14928615911526616
"('6250036639', 'Pediatrics')",0.0011317338162064282,0.0,0.13710278053624628,3.3343565028238074e-05,0.14928615911526616
"('0018093000', 'Linguistics')",0.0011317338162064282,0.0012636905614626657,0.10301489961993145,4.5097714522082943e-07,0.10867734206531833
"('0035949000', 'Information Science')",0.000679040289723857,0.0,0.09620870625639685,5.7046013395055823e-08,0.10059675814691867
"('0032235000', 'Department of Linguistics')",0.000679040289723857,0.0,0.09620870625639685,5.7046013395055823e-08,0.10059675814691868
"('0013706000', 'Department of Linguistics')",0.0009053870529651426,0.0005824023143362009,0.10102904184770181,7.536858229849262e-08,0.10636187342808441
"('0011452000', 'Civil and Environmental Engineering')",0.0004526935264825713,0.0,0.1042743515306002,2.642169656919629e-07,0.10957489590388225
"('0080010000', 'Civil and Materials Engineering')",0.000679040289723857,0.0004526935264825713,0.10427681268882175,2.663779471700609e-07,0.10968806928550291
"('0033290000', 'Chemical Engineering and Biomedical Engi')",0.00022634676324128565,0.0,0.1273896369770191,1.4803168054341903e-06,0.1361786596281839
"('0033290000', 'Chemical Engineering')",0.0029425079221367134,0.009021713140354723,0.14598202484800424,1.5513436625948384e-05,0.16085894388293495
"('0026294000', 'History')",0.00022634676324128565,0.0,0.12413948130040181,4.6791906077683165e-05,0.1337730657502039
"('6250011709', 'Research and Development')",0.00022634676324128565,0.0,0.13619408736397545,0.000253040969067109,0.14619504910360426
"('0030908000', 'Evolution, Ecology and Organismal Biolog')",0.0011317338162064282,0.0,0.12329761107390043,2.698991930019502e-06,0.13160691039255962
"('0033019000', 'Department of Biological Sciences')",0.0011317338162064282,0.0,0.12329761107390043,2.698991930019502e-06,0.13160691039255962
"('0029728000', 'Friday Institute')",0.001358080579447714,0.0004526935264825713,0.1233010521615361,2.721392536988705e-06,0.13172008377418024
"('0013201000', 'Unknown Dept')",0.0018107741059302852,0.006772774804289735,0.12680826636050516,4.325338854961174e-06,0.13927582049153509
"('0034017000', 'DEPT OF EARTH ENVIR & PLANETARY SCI')",0.0011317338162064282,0.0004526935264825713,0.12675733057898664,4.209056898788192e-06,0.13864959444656752
"('0013201000', 'Earth Research Institute')",0.0009053870529651426,0.0,0.12675369387462343,4.174686848067013e-06,0.13853642106494685
"('0013201000', 'Ecology, Evolution and Marine Biology')",0.0022634676324128564,0.004235150580456808,0.1310979228486647,4.963313084566021e-06,0.14406874185620133
"('5300011617', 'Unknown Dept')",0.0011317338162064282,0.0004729447740819692,0.1372177532068205,0.00012443464287560793,0.14930804131234057
"('0021782000', 'Material Science and Engineering')",0.00022634676324128565,0.0,0.11289704341604273,7.967949310932911e-06,0.11894581160901369
"('0036525000', 'Electrical and Computer Engineering')",0.0011317338162064282,0.0004526935264825713,0.15484911149276226,6.745904895643555e-05,0.16887623027844656
"('0019489001', 'Electrical Engineering & Computer Sci.')",0.0009053870529651426,0.0,0.15484368428431236,6.690117291117927e-05,0.16876305689682597
"('5300008543', 'Department of Biology')",0.00022634676324128565,0.0,0.10401902385044616,1.448313428153934e-07,0.10934840790760889
"('0015693000', 'Biological Sciences')",0.0009053870529651426,0.0004526935264825713,0.1160920748370822,1.5355855956464336e-06,0.12417995316831562
"('0036756000', 'Educational Psychology')",0.0015844273426889996,0.004517711262701322,0.11999239523072326,3.2618024174825565e-05,0.1305193937290566
"('6250004721', 'Unknown Dept')",0.000679040289723857,0.0026483323330564286,0.13069072622393138,1.0908973548937118e-05,0.13988408666430302
"('6250004721', 'Engineering')",0.0004526935264825713,0.0,0.1161317456562311,1.1930476104072966e-06,0.12274581611635148
"('6250004721', 'School of Natural Sciences')",0.002037120869171571,0.0023366209461756324,0.11720076400679118,1.6438887964879804e-06,0.12521456737414732
"('0038000000', 'School of Biological Sciences')",0.0015844273426889996,0.0013574656459727544,0.14138957339904631,3.954290716085429e-05,0.1529394477561058
"('4207205000', 'Griffith School of Environment')",0.000679040289723857,0.0,0.12388536817901408,4.708045093546865e-06,0.1312476769244533
"('4203501000', 'Zoology')",0.000679040289723857,0.0,0.12388536817901408,4.708045093546865e-06,0.1312476769244533
"('0015370000', 'Integrative Biology')",0.000679040289723857,0.0,0.12388536817901408,4.708045093546865e-06,0.13124767692445333
"('0032235000', 'Institute of Neuroscience')",0.00022634676324128565,0.0,0.14383851538336317,0.0006928699252778173,0.15916794588139
"('0021030060', 'UMCES Horn Point Laboratory')",0.00022634676324128565,0.0,0.11357910432412978,2.997868957187226e-07,0.11942178704521206
"('0029066000', 'Anthropology')",0.0004526935264825713,0.0013574656459727544,0.14216758913631097,3.5449629697488514e-05,0.15434092402743296
"('0013052000', 'Department of Earth System Science')",0.0009053870529651426,0.0,0.1061661940693036,3.926570315291874e-07,0.11214995214725465
"('7203590684', 'Centre for Culture and Evolution, Colleg')",0.0009053870529651426,0.0,0.1061661940693036,3.926570315291874e-07,0.11214995214725465
"('6250004721', 'Cognitive & Information Sciences')",0.0009053870529651426,0.0,0.1061661940693036,3.926570315291874e-07,0.11214995214725464
"('7203579808', 'CEG')",0.00022634676324128565,0.0,0.13517317341818627,6.123319802707815e-06,0.14526800723043326
"('0013177000', 'ECE and Inst of Engineering in Med')",0.0004526935264825713,0.0,0.11905146860684451,1.483631406724101e-06,0.12594513435108687
"('0013144000', 'Electrical Engineering & Computer Scienc')",0.0009053870529651426,0.0009051820751401561,0.11147557529269278,5.406681211207488e-07,0.11857320788963974
"('0013144000', 'CalIT2')",0.0004526935264825713,0.0,0.11146995004289247,5.30969804870356e-07,0.11834686112639843
"('0029207000', 'Chemistry Dept')",0.00022634676324128565,0.0,0.12368074801937236,3.2948363760760255e-06,0.13155542586280428
"('0013508000', 'College of Natural Sciences')",0.0011317338162064282,0.0,0.10737113276788102,4.067916791945254e-06,0.11440679498058255
"('0013508000', 'Department of Physics')",0.0011317338162064282,0.0,0.10737113276788102,4.067916791945254e-06,0.11440679498058257
"('0013508000', 'CSU STEM Center')",0.0011317338162064282,0.0,0.10737113276788102,4.067916791945254e-06,0.11440679498058257
"('0013508000', 'School of Education')",0.0011317338162064282,0.0,0.10737113276788102,4.067916791945254e-06,0.11440679498058255
"('0013508000', 'Mathematics Department')",0.0011317338162064282,0.0,0.10737113276788102,4.067916791945254e-06,0.11440679498058257
"('0290205000', 'Geology Department')",0.00022634676324128565,0.0,0.10219991209604663,6.546499576546896e-08,0.10731831000567711
"('0038950000', 'Department of Biostatistics')",0.0009053870529651426,0.0,0.14201677971005175,4.3814903921240455e-05,0.15278430701133208
"('0038950000', 'Botany and Statistics')",0.0009053870529651426,0.0,0.14201677971005175,4.3814903921240455e-05,0.1527843070113321
"('0033795000', 'Civil and Environmental Engineering')",0.0011317338162064282,0.001592244918556396,0.13469512195121952,0.0001079578242873142,0.1448683898717846
"('0013284000', 'Computer Science')",0.001358080579447714,0.0013366811986756963,0.1175625332623736,1.203747901668655e-06,0.12416907478869857
"('0013284000', 'Signal & Image Processing Institute')",0.00022634676324128565,0.0,0.10519799033264281,1.1426217509586888e-07,0.10955291636778347
"('0024232000', 'Electrical and Computer Engineering')",0.0011317338162064282,0.001357670623797741,0.15217166672407262,0.00010990145605864882,0.16709611750354092
"('0013151000', 'Materials Science and Engineering')",0.000679040289723857,0.0,0.11304726081727694,1.4159860911279792e-05,0.12004521017332849
"('0013169000', 'Physics and Astronomy')",0.0015844273426889996,0.006319056388682231,0.12740433140121696,0.00012153700947399524,0.13779335007832008
"('0010090000', 'Unknown Dept')",0.001358080579447714,0.0045194535742137075,0.11307619462005068,1.4521843498275898e-05,0.12062993931170177
"('0029132000', 'School of Engineering')",0.0004526935264825713,0.0,0.1375081701889259,0.00012270350807825722,0.1490622148838527
"('0030908000', 'Engineering Education')",0.0029425079221367134,0.031088887407499537,0.15941976689640242,0.0011267385291095597,0.17967492054748657
"('0030908000', 'Department of Biomedical Engineering')",0.0004526935264825713,0.0,0.1375081701889259,0.0001227035080782572,0.1490622148838527
"('0010090000', 'SPARK STEM Institute')",0.0009053870529651426,0.0,0.11722253177319643,1.2556803136675182e-06,0.12568069097041426
"('0010090000', 'Mathematics and Statistics')",0.001358080579447714,0.0009051820751401561,0.11722875262026694,1.28019236120719e-06,0.1259070377336555
"('0013714000', 'Mathematics')",0.0015844273426889996,0.0038586226123347137,0.12104772864266534,1.3334222997097678e-06,0.13065753219668952
"('6200000795', 'Unknown Dept')",0.00022634676324128565,0.0,0.11403350282631701,2.5938895720403363e-06,0.11956974040495928
"('0025684000', 'Geological Sciences & Engineering')",0.0009053870529651426,0.0,0.09225885939816651,1.9313489965110014e-07,0.09651632274287594
"('0025684000', 'Chemical and Materials Engineering')",0.0015844273426889996,0.0031655750401782157,0.1016239591479965,1.469502580751813e-06,0.10749470389246016
"('0025684000', 'Nevada Bureau of Mines and Geology')",0.0009053870529651426,0.0,0.09225885939816651,1.9313489965110014e-07,0.09651632274287594
"('0025684000', 'Anthropology')",0.0009053870529651426,0.0,0.09225885939816651,1.9313489965110014e-07,0.09651632274287594
"('0024661000', 'Unknown Dept')",0.001358080579447714,0.0004526935264825713,0.10404842090388827,2.513836819904168e-07,0.1101594838092234
"('0024661000', 'Life Sciences')",0.00022634676324128565,0.0,0.09424463501002603,2.37124407243222e-08,0.0983456051617677
"('0021303000', 'Unknown Dept')",0.0015844273426889996,0.0033083830242391222,0.11261789446851898,2.1756763986806167e-06,0.12234870112253299
"('0021303000', 'Teaching and Learning')",0.0004526935264825713,0.0,0.10583556918359524,2.334145760202006e-07,0.112944431218602
"('0014316000', 'Unknown Dept')",0.002489814395654142,0.00651453170284802,0.11423104767814665,3.00898614528155e-07,0.12351091666642292
"('0026310000', 'School of Public Affairs and Administrat')",0.000679040289723857,0.0,0.07884920847388054,2.2273305604133933e-10,0.08301054126905219
"('0026310000', 'Unknown Dept')",0.000679040289723857,0.0,0.07884920847388054,2.2273305604133933e-10,0.08301054126905219
"('0010835000', 'Steward Observatory')",0.0011317338162064282,0.0032022202126476287,0.15401241023495782,0.00013400928686819363,0.16888869078208021
"('4001916000', 'Unknown Dept')",0.0011317338162064282,0.0011179168616923811,0.14597237824621687,5.411693939447193e-05,0.15903094817761984
"('0010835000', 'Department of Astronomy and Steward Obse')",0.000679040289723857,0.0,0.14571240105540897,5.3068463123661424e-05,0.15837813536998588
"('0020776000', 'Biomedical Engineering')",0.0022634676324128564,0.01047104939328904,0.12861343192337923,1.66325835844349e-06,0.1414993600032062
"('0021998000', 'Bioengineering')",0.00022634676324128565,0.0,0.11395996698307882,1.5779523398977713e-07,0.12181688299525029
"('0028829000', 'Department of Chemistry')",0.00022634676324128565,0.0,0.10215028901734104,2.9132063938861582e-08,0.10653882011741651
"('0028829000', 'Chemistry')",0.0009053870529651426,0.0004526935264825713,0.11376921690314938,3.043358859391427e-07,0.12028729395417756
"('4000790000', 'Division of Invertebrate Zoology')",0.000679040289723857,0.0,0.10322671090446038,5.5440948124405175e-08,0.10899953366533731
"('4000790000', 'Invertebrate Zoology')",0.0009053870529651426,0.0011272850797114816,0.11139968229153534,4.4867167665964035e-07,0.11925451025406318
"('0014811000', 'Unknown Dept')",0.002716161158895428,0.005108532250235696,0.1335469439574391,1.483342798777317e-05,0.14439120057046634
"('0029769000', 'Biology')",0.000679040289723857,0.0,0.10034751402548436,1.1512130798022522e-06,0.10603790375130016
"('0028381000', 'Biomedical Engineering')",0.000679040289723857,0.0,0.10034751402548436,1.1512130798022522e-06,0.10603790375130016
"('0020776000', 'Materials Science and Engineering')",0.0009053870529651426,0.0013948619248482317,0.12193304446223056,3.0601798701230417e-06,0.1321343289400093
"('0020776000', 'Civil Engineering')",0.0009053870529651426,0.001708321884970294,0.11552138897604854,4.819960833327884e-06,0.12385213846149001
"('0021998000', 'School of Public Policy and Urban Affair')",0.0018107741059302852,0.004620098382167198,0.1449712879409352,0.00046618998838682924,0.15702218911815835
"('0001099000', 'INESI')",0.0009053870529651426,0.0,0.13549653438017542,6.72648233073556e-05,0.1453423158125502
"('0039446000', 'Social Sciences')",0.0009053870529651426,0.0,0.13549653438017542,6.72648233073556e-05,0.14534231581255022
"('0021998000', 'Communication Studies')",0.0009053870529651426,0.0,0.13549653438017542,6.72648233073556e-05,0.1453423158125502
"('0010835000', 'School of Anthropology')",0.000679040289723857,0.0,0.12524450744153082,4.93785543634623e-06,0.1343022741053515
"('0028068000', 'Office of the President')",0.0004526935264825713,0.0,0.06382179590893332,4.636657959164268e-13,0.06650652773943559
"('0028068000', 'School of Information, GCCIS')",0.0004526935264825713,0.0,0.06382179590893332,4.636657959164268e-13,0.06650652773943559
"('0013052000', 'Economics')",0.0004526935264825713,0.0,0.11404233350542076,2.8691072464396232e-06,0.11975836270766035
"('4025938000', 'Booth School of Business')",0.0009053870529651426,0.0009051820751401561,0.11404822138468687,2.9214268705573527e-06,0.11998470947090159
"('0013169000', 'Computer Science & Engineering')",0.0004526935264825713,0.0,0.09194014941835058,5.5403535928601936e-09,0.0964825797645568
"('0025890000', 'Natural Resources and Environment')",0.00022634676324128565,0.0,0.1014838976432214,2.0634617958701208e-06,0.10675350440515527
"('0013201000', 'Ecology Evolution and Marine Biology')",0.000679040289723857,0.0,0.12108754042646494,2.1173949075631207e-06,0.12862683088147706
"('0032102000', 'Microbiology and Statistics')",0.000679040289723857,0.0,0.12108754042646494,2.1173949075631207e-06,0.12862683088147706
"('0032102000', 'Computer Science')",0.0015844273426889996,0.009936446274651888,0.13775255674731854,1.792444785027844e-05,0.14960593641557823
"('0032102000', 'Microbiology')",0.0009053870529651426,0.0004526935264825713,0.121090859257229,2.1351837296165253e-06,0.1287400042630977
"('0018259000', 'Engagement/College of Science')",0.0004526935264825713,0.0,0.10772982199463546,1.1504870368590073e-07,0.11273317741708959
"('0018259000', 'Mathematics, Statistics and Computer Sci')",0.0004526935264825713,0.0,0.10772982199463546,1.1504870368590073e-07,0.11273317741708959
"('0027078000', 'Physics/ Nevis Labs')",0.000679040289723857,0.0,0.11832766424726143,1.1464859246297778e-06,0.12549085640982385
"('0027078000', 'Department of Physics')",0.000679040289723857,0.0,0.11832766424726143,1.1464859246297778e-06,0.12549085640982383
"('0027078000', 'Physics Department')",0.000679040289723857,0.0,0.11832766424726143,1.1464859246297778e-06,0.12549085640982385
"('0036962000', 'Department of Civil & Environmental Eng')",0.002037120869171571,0.0026680084466534364,0.12754041570438798,4.916255185365569e-06,0.13714339518436341
"('P269871187', 'Biology')",0.000679040289723857,0.0,0.11603414313854235,1.1621877183658473e-06,0.12311339853496862
"('0021030000', 'DOIT')",0.0004526935264825713,0.0,0.09198609173624268,5.550323310446115e-09,0.09652641675727777
"('0021030000', 'Department of Computer Science')",0.0004526935264825713,0.0,0.09198609173624268,5.550323310446115e-09,0.09652641675727781
"('0029546000', 'American Indian Studies')",0.00022634676324128565,0.0,0.122179203539823,6.402606789290888e-06,0.12979294201849612
"('0018408000', 'ACMS')",0.00022634676324128565,0.0,0.13969518750395243,2.2128418510381473e-05,0.1492716471949153
"('0022210000', 'Earth, Geographic, and Climate Sciences')",0.00022634676324128565,0.0,0.10223302094180262,6.391921308334172e-06,0.10721392275961628
"('0022210000', 'Department of Geosciences')",0.0009053870529651426,0.0004526935264825713,0.11387184906438476,6.78488716444738e-05,0.12128456893588782
"('0010512000', 'Chemistry Department')",0.0004526935264825713,0.0,0.13205404112864658,5.608102614702513e-06,0.14087727510656387
"('0018093000', 'Intelligent Systems Engineering')",0.0004526935264825713,0.0,0.13205404112864658,5.608102614702513e-06,0.14087727510656387
"('0037499000', 'Biology')",0.00022634676324128565,0.0,0.1297046562151371,1.967037295952107e-05,0.13893248337849864
"('0036772000', 'Department of Instructional Technology')",0.0004526935264825713,0.0,0.11231156417622086,4.391193282904678e-06,0.11824372173744997
"('0036772000', 'School of Teacher Education and Leadersh')",0.0004526935264825713,0.0,0.11231156417622086,4.391193282904678e-06,0.11824372173744994
"('0013151000', 'Unknown Dept')",0.0015844273426889996,0.001809851705717846,0.1222197631957508,9.218442673139395e-06,0.1306794668411911
"('0026294000', 'Rutgers Eco Complex')",0.00022634676324128565,0.0,0.10533091741369445,8.580296907169874e-08,0.11020991983381676
"('4000659000', 'Unknown Dept')",0.001358080579447714,0.006293807980195036,0.11772856876382339,9.072406313455866e-07,0.12518593767428657
"('0010827000', 'SICCS')",0.002037120869171571,0.0015078168806001795,0.1156241821512693,6.923192245670438e-05,0.12445419847241838
"('0010827000', 'Educational Specialities')",0.0004526935264825713,0.0,0.10364566227185286,7.235460716787574e-06,0.10933686406085219
"('7203588964', 'Department of Community and Behavioral H')",0.0004526935264825713,0.0,0.10364566227185286,7.235460716787574e-06,0.10933686406085218
"('0013284000', 'Biomedical Engineering')",0.0004526935264825713,0.0,0.1411095851033249,0.00014937995691919289,0.15437187177793704
"('0013284000', 'Stem Cell Biology and Regenerative Medic')",0.0004526935264825713,0.0,0.1411095851033249,0.00014937995691919289,0.1543718717779371
"('0017392000', 'Education and Social Policy')",0.0011317338162064282,0.0023724280430862427,0.1330282135437054,0.0004255422387425941,0.1444599814450411
"('7203580150', 'Unknown Dept')",0.0011317338162064282,0.0004526935264825713,0.11299521726898386,1.0550183533716158e-05,0.120663876528587
"('0124529000', 'Business and Workforce Division')",0.00022634676324128565,0.0,0.10152587554003126,9.94213880150979e-07,0.106569991790168
"('0013136000', 'Wildlife Biology & Conservation Biology')",0.0004526935264825713,0.0,0.10534849893888451,1.731526344385153e-07,0.11069335122872652
"('0026633000', 'Department of Biology')",0.000679040289723857,0.0005206302043717801,0.10622745852368358,1.7556860264517575e-07,0.11191172568159621
"('0022905000', 'Office of Research and Innovation')",0.0004526935264825713,0.0,0.10425958702064897,2.680242091677342e-07,0.10965386046521199
"('0014175000', 'Ecology and Evolutionary Biology')",0.0018107741059302852,0.007675087189880081,0.11707963429177157,2.0691423285976047e-06,0.12487975556355499
"('0038950000', 'Botany')",0.0004526935264825713,0.0004526935264825713,0.13563797126366203,0.00011716559552597416,0.14755045203777534
"('0038950000', 'English')",0.0004526935264825713,0.0,0.14177523907323022,7.592297267643837e-05,0.15361849997997468
"('0010025000', 'Information Technology Services')",0.0015844273426889996,0.0053789296917112405,0.152676504129661,0.00032544157630047505,0.16739292220278906
"('0010025000', 'AAMU ITS')",0.000679040289723857,0.0,0.1485641267065707,0.0002929948573798612,0.16212504423798985
"('0010579000', 'School of Computing')",0.000679040289723857,0.0,0.1485641267065707,0.0002929948573798612,0.16212504423798985
"('0026278000', 'Psychology')",0.0004526935264825713,0.0004526935264825713,0.14384788200436296,0.000699618742996336,0.15931884372355085
"('0026294000', 'Psychology Department')",0.00022634676324128565,0.0,0.12576145744378026,6.871042689844521e-05,0.13506885009261582
"('0029751000', 'MEES')",0.0004526935264825713,0.0,0.1307255296484791,9.24594147605894e-06,0.14003812695528306
"('0034488000', 'Education')",0.000679040289723857,0.0,0.10631437096929444,4.556540989592196e-08,0.11157842429777973
"('0034488000', 'Inorganic Chemistry')",0.000679040289723857,0.0,0.10631437096929444,4.556540989592196e-08,0.11157842429777977
"('0034488000', 'Mathematics and Computer Science')",0.000679040289723857,0.0,0.10631437096929444,4.556540989592196e-08,0.11157842429777977
"('0034488000', 'Unknown Dept')",0.0022634676324128564,0.006363366344884536,0.11895210145122641,3.886722897625064e-07,0.12692829245850934
"('0022335000', 'Computer Science')",0.002716161158895428,0.016887621062686424,0.14939302742366348,0.03139549654846196,0.16580978688832793
"('4202602000', 'Electrical and Software Engineering')",0.000679040289723857,0.001942285263264651,0.13593427894526322,0.003440183313629149,0.1475414492956355
"('0015354000', 'Dept of Wildlife Ecology & Conservation')",0.0004526935264825713,0.0,0.1171448268547489,0.003234164509456589,0.12481309928085124
"('0015354000', 'Wildlife Ecology and Conservation')",0.0011317338162064282,0.0009051820751401561,0.13268064147996877,0.031104777658110663,0.14476523489085627
"('0015354000', 'Wildlife Ecology & Conservation')",0.0004526935264825713,0.0,0.1171448268547489,0.0032341645094565896,0.12481309928085124
"('0022335000', 'Civil and Environmental Engineering')",0.0004526935264825713,0.0,0.11504609134940888,0.0003135955092534744,0.12148651319905858
"('0022335000', 'Computer science')",0.0004526935264825713,0.0,0.11504609134940888,0.0003135955092534744,0.12148651319905858
"('0022335000', 'Social Science and Policy Studies')",0.000679040289723857,0.0009051820751401561,0.12999470370152416,0.003016017342045314,0.1398013089219511
"('0036582000', 'Inst. for Comp. Engineering & Sciences')",0.000679040289723857,0.0017488984458338705,0.1516441271366788,3.234007493281135e-05,0.16451264707828614
"('6250002119', 'Unknown Dept')",0.0004526935264825713,0.0,0.10504541347662752,1.10246425685633e-06,0.1117898174479856
"('0021303000', 'Language and Literacy')",0.0015844273426889996,0.002073696729149468,0.11736889644545986,1.0601240246316467e-05,0.127609194400961
"('4301859000', 'Unknown Dept')",0.0004526935264825713,0.0,0.10504541347662752,1.10246425685633e-06,0.1117898174479856
"('0013128000', 'mathematics')",0.000679040289723857,0.0,0.14070511799738844,0.0035771729607832234,0.15332833443403698
"('6250021189', 'Unknown Dept')",0.000679040289723857,0.004517711262701322,0.1484992101105845,4.666442051025366e-05,0.162121316387952
"('5300009955', 'Science and Engineering')",0.00022634676324128565,0.0,0.10310144454038413,2.2384864570645324e-07,0.10824542122990076
"('0036582000', 'Chemistry')",0.0011317338162064282,0.004169696091976821,0.14946378429581514,1.2393394295459774e-05,0.1631226401484424
"('0036327000', 'High Performance Research Computing')",0.0015844273426889996,0.02025892530973709,0.16297771875461117,3.68316573443899e-05,0.18040920022585757
"('0036327060', 'Materials Science and Engineering')",0.001358080579447714,0.0004526935264825713,0.1557498413593739,1.688029243823343e-05,0.17072213285431803
"('0036327000', 'Department of Geography')",0.0011317338162064282,0.0,0.15574435083019,1.6739809019634996e-05,0.17060895947269739
"('0010512000', 'Department of Electrical Engineering')",0.00022634676324128565,0.0,0.1320500941507009,5.064493091026433e-06,0.14076410172494325
"('0029728000', 'Parks, Recreation and Tourism')",0.000679040289723857,0.0,0.1484692677353228,5.2360083751094486e-05,0.16203832257476355
"('0029728000', 'Parks, Recreation & Tourism')",0.000679040289723857,0.0,0.1484692677353228,5.2360083751094486e-05,0.16203832257476355
"('0020024000', 'Unknown Dept')",0.002037120869171571,0.005869027573924484,0.14853415814954277,5.828465945737431e-05,0.16298143408826885
"('0027854000', 'Teaching and Learning')",0.0015844273426889996,0.008467176316160736,0.14640774125132555,0.0001546680921274203,0.16134451409462608
"('4091829000', 'Research')",0.000679040289723857,0.0,0.13079519213689383,2.1038746478452477e-05,0.14109159476407027
"('0022905000', 'Management')",0.000679040289723857,0.0004526935264825713,0.1361311394589265,0.00011397945685028545,0.15064497545507632
"('0032235000', 'Lundquist College of Business')",0.00022634676324128565,0.0,0.11982316725882129,1.074013816700164e-05,0.1288444276810711
"('4006680000', 'Behavioral and Policy Sciences')",0.0004526935264825713,0.0,0.11287396847295675,6.833653604686754e-06,0.1195213584388542
"('0010637000', 'Institute of Arctic Biology')",0.000679040289723857,0.0,0.09399800004255228,7.020755016704211e-07,0.09883333329712213
"('0010637000', 'Water and Enviromental Research Center')",0.000679040289723857,0.0,0.09399800004255228,7.020755016704211e-07,0.09883333329712213
"('0010637000', 'Institute of Northern Engineering, WERC')",0.000679040289723857,0.0,0.09399800004255228,7.020755016704211e-07,0.09883333329712213
"('0038950000', 'Engineering Physics')",0.0004526935264825713,0.0,0.12812110315227793,3.235894522572753e-06,0.135785675769831
"('0038950000', 'MRSEC')",0.0004526935264825713,0.0,0.12812110315227793,3.235894522572753e-06,0.13578567576983097
"('0020776000', 'Epidemiology')",0.0004526935264825713,0.0,0.10356305672761369,5.011893360661846e-07,0.10921495608587674
"('0020776000', 'Center for Health Security')",0.0004526935264825713,0.0,0.10356305672761369,5.011893360661846e-07,0.10921495608587674
"('0016105000', 'Dept. of Earth Sciences')",0.0009053870529651426,0.001541842062629693,0.11164741856409997,5.520743837651555e-07,0.1189523914056563
"('0015743000', 'Criminal Justice and Criminology')",0.0009053870529651426,0.0,0.13657722270310374,0.0010560761631347574,0.14804374364129763
"('0036582000', 'School of Jouranlisam and Media')",0.0009053870529651426,0.0,0.13657722270310374,0.0010560761631347574,0.14804374364129763
"('0015693000', 'Scheller College of Business, Law & Ethi')",0.0009053870529651426,0.0,0.13657722270310374,0.0010560761631347574,0.14804374364129763
"('0039545000', 'Biology')",0.00022634676324128565,0.0,0.10490075030867128,1.0119069309936669e-07,0.11027087037592014
"('0038950000', 'Biochemistry')",0.00022634676324128565,0.0,0.14032078767667144,6.819430812895905e-05,0.15150276198827506
"('0013177010', 'Marine Biology Research Division')",0.0004526935264825713,0.0004526935264825713,0.10756458013780343,6.282509990981835e-07,0.11329767221257084
"('0022905000', 'Philosophy')",0.0015844273426889996,0.0013578756016227275,0.1361689012174449,0.00014228651738790337,0.15128629128426
"('0010835000', 'Chemistry and Biochemistry')",0.0009053870529651426,0.0053666281158892964,0.1505588876772083,9.871240349149347e-05,0.16459448139506877
"('0010835000', 'Pharmacology and Toxicology')",0.000679040289723857,0.0,0.1502925568104504,9.787564061101341e-05,0.1640395725445509
"('0027078000', 'Computer Science')",0.002489814395654142,0.01392594523457095,0.15292488750432676,5.755644116153209e-05,0.16892279228743554
"('0026278000', 'Computer Science / CITP')",0.0004526935264825713,0.0,0.1408621349317689,9.165353681408518e-05,0.1525686928131469
"('0027078000', 'Statistics')",0.000679040289723857,0.0004526935264825713,0.1408666262793738,9.240351458688144e-05,0.15268186619476753
"('0022228000', 'Center for Survey Research')",0.0009053870529651426,0.0,0.13739271053613633,0.0004390562249003762,0.1477183252590665
"('0021998000', 'Civil & Environmental Eng.')",0.0009053870529651426,0.0,0.13739271053613633,0.0004390562249003762,0.1477183252590665
"('0022228000', 'Sociology')",0.0009053870529651426,0.0,0.13739271053613633,0.0004390562249003762,0.1477183252590665
"('0023259000', 'Information')",0.00022634676324128565,0.0,0.12421976044536917,1.5232993953041586e-05,0.13211854603321288
"('0037986000', 'Biology')",0.000679040289723857,0.0,0.1123201301672853,7.619655447675786e-06,0.11845929008339402
"('0015982001', 'Plant Biology')",0.0009053870529651426,0.0013574656459727544,0.12652137804633581,6.563174663779479e-05,0.13551528471424987
"('0014431000', 'Unknown Dept')",0.000679040289723857,0.0,0.1123201301672853,7.6196554476757865e-06,0.11845929008339402
"('5300019526', 'Unknown Dept')",0.000679040289723857,0.0,0.1123201301672853,7.6196554476757865e-06,0.11845929008339402
"('0035949000', 'Unknown Dept')",0.000679040289723857,0.0015265839173597873,0.11282496552428622,4.37825769673503e-06,0.11969469058932534
"('0025890000', 'Education')",0.000679040289723857,0.0,0.13289616171339189,1.1445552857185484e-05,0.14258934378332222
"('0036525000', 'Civil and Environmental Engineering')",0.00022634676324128565,0.0,0.13947908445146015,0.0003258388819134372,0.15156998011796477
"('6250013722', 'Unknown Dept')",0.000679040289723857,0.0,0.1300482750500412,1.4524479052382366e-06,0.13861575525224118
"('0120154000', 'Biotechnology')",0.000679040289723857,0.0,0.1300482750500412,1.4524479052382366e-06,0.13861575525224118
"('0018408000', 'Computer Science and Engineering')",0.001358080579447714,0.002262032787637951,0.12072357634714176,1.3102719986715936e-06,0.1295352769181417
"('0037499000', 'Electrical and Computer Engineering')",0.0004526935264825713,0.0004526935264825713,0.10772719514276657,1.28033023691721e-07,0.11354561429155856
"('0014175000', 'Math Department')",0.00022634676324128565,0.0,0.10491569698408929,1.6017310781048324e-07,0.11030323442863534
"('0035303000', 'Theory and Practice in Teacher Education')",0.0004526935264825713,0.0,0.11472642758835597,2.4220228917450273e-06,0.12333585957014735
"('0035303000', 'Unknown Dept')",0.002037120869171571,0.0063253082123443174,0.11476815170801402,2.59080470784311e-06,0.12439214446527334
"('0036913000', 'Geology')",0.00022634676324128565,0.0,0.10891162332059658,8.702609607024484e-07,0.11434077185415169
"('0025163000', 'Sch of Info Science & Learning Technolog')",0.0009053870529651426,0.0,0.14352543694366837,0.0005293305333972353,0.1573343976580727
"('0025163000', 'Dept. of Computer Science')",0.001358080579447714,0.0005463096426878066,0.14373556300224485,0.000560632921872668,0.15814493463882245
"('0025163000', 'Architectural Studies')",0.0009053870529651426,0.0,0.14352543694366837,0.0005293305333972353,0.15733439765807267
"('0038950000', 'Dept. of Electrical & Comp. Engineering')",0.00022634676324128565,0.0,0.132374531835206,1.2665650101552091e-05,0.1408463619022694
"('0013177000', 'Bioengineering')",0.00022634676324128565,0.0,0.1367378520581863,2.1138152957647182e-05,0.14687133260582705
"('0013128000', 'Department of Linguistics')",0.0009053870529651426,0.00045248854865758483,0.11494432303049225,2.4156151555010893e-06,0.12266358028763784
"('0013128000', 'Linguistics')",0.0009053870529651426,0.00045248854865758483,0.11494432303049225,2.4156151555010893e-06,0.12266358028763784
"('0014266000', 'Epidemiology & Public Health')",0.0004526935264825713,0.0004526935264825713,0.10631181269100272,0.0003911820497910732,0.11258577162399583
"('0025163000', 'Mechanical/Aerospace Engineering')",0.000679040289723857,0.0,0.13351062222356533,0.00017169131959719828,0.1444792996852746
"('0025163000', 'Electrical Engineering and Computer Scie')",0.0018107741059302852,0.003831033844409501,0.13846491365531075,0.00019171230339518083,0.15132215566235396
"('0023259000', 'Departments of Chemistry and Biophysics')",0.00022634676324128565,0.0,0.11930866864704294,6.537467315879954e-07,0.1267490701793553
"('0030908000', 'School of Environment and Natural Resour')",0.0004526935264825713,0.0,0.10585839223673175,1.2675109378088537e-06,0.11185089329861236
"('0030908000', 'Environment and Natural Resources')",0.0009053870529651426,0.0014779517853178983,0.11608292388134213,1.1371797427226488e-05,0.12450875384612328
"('0023259000', 'School of Natural Resources and Environm')",0.000679040289723857,0.0009829205025954594,0.10944041219747826,2.0852279478535502e-06,0.11622326882309282
"('0020537000', 'Senator George J. Mitchell Center for Su')",0.0009053870529651426,0.0,0.12306749491629293,3.3846811645189405e-06,0.13109563497465274
"('0020537000', 'Electrical and Computer Engineering')",0.0018107741059302852,0.005234167339719553,0.13792457542457542,2.213796444630593e-05,0.14896632905347124
"('0020537000', 'UMS IT ACG')",0.0009053870529651426,0.0,0.12306749491629293,3.38468116451894e-06,0.1310956349746527
"('0020537000', 'Chemistry')",0.0009053870529651426,0.0,0.12306749491629293,3.38468116451894e-06,0.13109563497465274
"('0027110000', 'Cornell Tech')",0.0009053870529651426,0.0018095442389803665,0.13269259648595885,1.4299177784557837e-05,0.1421369592883842
"('0026534000', 'Biology')",0.0011317338162064282,0.0,0.10252958923184033,3.431485233962697e-08,0.10835843909815836
"('0026534000', 'Natural Sciences')",0.0011317338162064282,0.0,0.10252958923184033,3.431485233962697e-08,0.10835843909815837
"('0025650000', 'Educational Administration')",0.0011317338162064282,0.0,0.10252958923184033,3.431485233962697e-08,0.10835843909815836
"('0031708000', 'Natural Resource Ecology & Management')",0.0011317338162064282,0.0,0.10252958923184033,3.431485233962697e-08,0.10835843909815837
"('0026211000', 'Helen and John C. Hartmann Department of')",0.00022634676324128565,0.0,0.11706722488672196,9.038256031449814e-07,0.12362034091606247
"('5300013181', 'Unknown Dept')",0.0011317338162064282,0.001077813186732165,0.12995646546652548,4.9394818560059455e-06,0.14073226519469015
"('0013052000', 'Electrical Engineering')",0.0047532820280669985,0.0357883320226304,0.1577969854989642,0.00020121223678002922,0.17711218287270677
"('0023879000', 'Forest Resources')",0.000679040289723857,0.0,0.09576243632816733,3.53466956792289e-08,0.10033378064756657
"('0023879000', 'Fisheries, Wildlife & Conservation Biolo')",0.000679040289723857,0.0,0.09576243632816733,3.53466956792289e-08,0.10033378064756657
"('0038950000', 'Industrial and Systems Engineering')",0.002489814395654142,0.007992679620070045,0.15070782875660924,0.00012657302225513168,0.16526273133334995
"('0038950000', 'Psychology')",0.000679040289723857,0.0004526935264825713,0.14284790481117435,3.087443292999166e-05,0.15370912473673767
"('0033290000', 'Civil & Environmental Engineering')",0.0009053870529651426,0.0,0.14044122321825928,1.192697429585379e-05,0.15323272874200766
"('0033290000', 'Agricultural and Biological Engineering')",0.001358080579447714,0.0005295189296081288,0.14046354878707915,1.4930202850145211e-05,0.15357224888686963
"('0033290000', 'Animal Science')",0.0009053870529651426,0.0,0.14044122321825928,1.192697429585379e-05,0.15323272874200766
"('0031005000', 'Chemical and Biomolecular Engineering')",0.0009053870529651426,0.00022629551878503902,0.09941270448459756,1.5749319476176792e-06,0.10478882848866417
"('0031005000', 'Department of Chemistry and Biochemistry')",0.0009053870529651426,0.00022629551878503902,0.09941270448459756,1.5749319476176792e-06,0.10478882848866414
"('0031005000', 'Specialty Medicine')",0.0004526935264825713,0.0,0.0904271649917105,2.96673764472656e-07,0.09426617555607292
"('0027854000', 'Wagner Graduate School of Public Service')",0.0004526935264825713,0.0,0.12256901095852407,4.5853081035081744e-05,0.13058453322996058
"('0021550030', 'Genetics')",0.00022634676324128565,0.0,0.09680105170902717,3.7221891338395766e-07,0.10190501885524454
"('0037457000', 'Dept. of Computer Science and Biocomplex')",0.0011317338162064282,0.00022638092621211673,0.11160511291870863,3.4467287420078797e-07,0.11756482811208716
"('0037549000', 'Biocomplexity Institute & Initiative')",0.0009053870529651426,3.416297083107473e-08,0.11160229368226943,3.3915492886791474e-07,0.11745165473046652
"('0037986000', 'Computer Science & Engineering')",0.0011317338162064282,0.0004960466638489283,0.1321448867885024,1.2567873671654438e-05,0.14625352665439256
"('0021998000', 'Mechanical Industrial Engineering')",0.000679040289723857,0.0,0.12484105230438837,4.527332180896844e-06,0.13626773283525004
"('0021998000', 'Civil and Environmental Engineering')",0.0009053870529651426,0.0009051820751401561,0.12011309879832527,1.1104131752275785e-06,0.12772835440049066
"('0021998000', 'Department of Civil and Environmental En')",0.0004526935264825713,0.0,0.12010656807307525,1.0895504137426977e-06,0.1275020076372494
"('0011569000', 'Science and Technology')",0.0004526935264825713,0.0,0.11983291743517413,1.1988410060482724e-05,0.12901418775350204
"('4076683000', 'Unknown Dept')",0.0009053870529651426,0.0009051820751401561,0.13613952915074573,0.00011523794183636225,0.15079587329723723
"('0032102000', 'STEM Center')",0.0004526935264825713,0.0,0.11983291743517413,1.1988410060482724e-05,0.12901418775350204
"('0021055000', 'JCET')",0.0004526935264825713,0.0,0.11480095624155494,7.785116875731281e-07,0.12295701593710355
"('0033795000', 'Geology and Environmental Science')",0.0004526935264825713,0.0,0.11480095624155494,7.785116875731281e-07,0.12295701593710355
"('0013144000', 'Electrical Engin. & Computer Science')",0.0004526935264825713,0.0,0.12950694729436596,9.260913254511165e-06,0.1377166656591729
"('0013144000', 'Electrical Engineering and Computer Sci')",0.0009053870529651426,0.0031432288035898714,0.13024764150943396,9.501662161993898e-06,0.13934250008831206
"('0011510001', 'Department of Biology')",0.00022634676324128565,0.0,0.11322688946410724,7.35642377990047e-08,0.11944107179224787
"('0011510001', 'Mathematics and Statistics')",0.0022634676324128564,0.004972352078521265,0.12768048089705797,7.769503263364487e-07,0.13767978224180077
"('0036756000', 'Civil and Environmental Engineering')",0.0004526935264825713,0.0028313114422898345,0.146509699883933,5.789618802077015e-05,0.15981210580576702
"('0028068000', 'Computer Science')",0.00022634676324128565,0.0,0.1112734233326617,6.902047770957407e-06,0.117977924810434
"('0027284000', 'Art History')",0.000679040289723857,0.0,0.11850540489793729,2.2571518126881332e-05,0.1274739017835434
"('0034140000', 'GSO')",0.000679040289723857,0.0004487709962862396,0.12532977787864175,4.513490781159369e-06,0.1345905967680517
"('0022681000', 'School of Engineering')",0.000679040289723857,0.0,0.11079623824451411,1.4051384628077422e-07,0.1159776380148245
"('0022681000', 'Department of Engineering')",0.000679040289723857,0.0,0.11079623824451411,1.4051384628077422e-07,0.1159776380148245
"('0022681000', 'Unknown Dept')",0.0009053870529651426,0.0013574656459727544,0.12459108855047941,1.2061374937577988e-06,0.13204019547071344
"('0022681000', 'The Graduate School')",0.000679040289723857,0.0,0.11079623824451411,1.405138462807742e-07,0.11597763801482447
"('0013128000', 'Department of Psychology')",0.00022634676324128565,0.0,0.12085567348725243,9.527786650920923e-07,0.12766564141054815
"('0015354000', 'Rinker School of Construction Mgmt')",0.000679040289723857,0.0,0.14211728375205068,5.223121358174116e-05,0.15352911951485868
"('0025650000', 'Mechanical and Materials Engineering')",0.0004526935264825713,0.0004526935264825713,0.09299094927383708,2.0522674794736144e-09,0.09690868121469307
"('0036046000', 'Electrical & Computer Engineering Dept.')",0.0009053870529651426,0.0,0.16061950119973825,9.552783593572846e-05,0.1756843497280334
"('0036046000', 'Electrical and Computer Engineering')",0.004300588501584427,0.044513651562014526,0.17506736408305595,0.0001844809984178786,0.19638923208977455
"('0036046000', 'ECE')",0.0009053870529651426,0.0,0.16061950119973825,9.552783593572846e-05,0.17568434972803335
"('0034702000', 'Physics')",0.0009053870529651426,0.0,0.10252958923184033,3.96488622513406e-08,0.10865338846275584
"('0019489001', 'Physics')",0.0009053870529651426,0.0,0.10252958923184033,3.96488622513406e-08,0.10865338846275584
"('0010512000', 'Physics and Astronomy')",0.0009053870529651426,0.0,0.10252958923184033,3.96488622513406e-08,0.10865338846275588
"('0114629000', 'Physics & Astronomy')",0.0009053870529651426,0.0,0.10252958923184033,3.96488622513406e-08,0.10865338846275588
"('0013128000', 'Dept. of Electrical Eng. & Comp. Science')",0.000679040289723857,0.0,0.11832449515239167,4.982381371385824e-06,0.12633416298253308
"('6250019415', 'Computer Science')",0.000679040289723857,0.0,0.11832449515239167,4.982381371385824e-06,0.12633416298253308
"('0016923000', 'Electrical Engineering')",0.00022634676324128565,0.0,0.15173266476628774,6.24213317467085e-05,0.16565380195982163
"('0022905000', 'Department of Chemistry')",0.0015844273426889996,0.00045300099322005097,0.09881237279416698,4.80136082313916e-08,0.10428623987988861
"('0036616000', 'Chemistry and Biochemistry')",0.00022634676324128565,0.0,0.0899283504315258,4.6264715765342154e-09,0.09360590668277334
"('0013128000', 'Department of Statistics')",0.0022634676324128564,0.002987404651212291,0.14068271557763343,4.1079725613703865e-05,0.1547427504591365
"('0013128000', 'Astronomy')",0.0009053870529651426,0.0,0.12340782122905028,7.35146644013162e-06,0.13264341255796633
"('0013128000', 'Physical Science')",0.0009053870529651426,0.0,0.12340782122905028,7.35146644013162e-06,0.13264341255796633
"('0013128000', 'Graduate School of Education')",0.0009053870529651426,0.0,0.12340782122905028,7.35146644013162e-06,0.13264341255796636
"('0035303000', 'Electrical and Computer Engineering')",0.001358080579447714,0.0013574656459727544,0.1029740816707067,3.1171678104006065e-07,0.10964499400509597
"('0035303000', 'EECS')",0.000679040289723857,0.0,0.10296688186076863,3.0234048430396524e-07,0.10930547386023408
"('4062105000', 'Unknown Dept')",0.000679040289723857,0.0,0.10296688186076863,3.0234048430396524e-07,0.10930547386023408
"('0029207000', 'Economics')",0.0004526935264825713,0.0,0.12368421052631579,3.6389973325248134e-06,0.1316685992444249
"('7203580701', 'Unknown Dept')",0.0004526935264825713,0.0,0.12368421052631579,3.6389973325248134e-06,0.1316685992444249
"('0037549000', 'Sociology')",0.0011317338162064282,0.007917418893896765,0.14249774222680944,2.8530151286797034e-05,0.15474247346135026
"('0034140000', 'Oceanography Department')",0.00022634676324128565,0.0,0.10029967308390847,9.259110090342613e-08,0.10488657447538745
"('0015354000', 'Department of Industrial and Systems Eng')",0.0009053870529651426,0.0,0.13328104259683843,3.039053685467048e-06,0.1437224022896266
"('0017749000', 'Harris School')",0.00022634676324128565,0.0,0.14085315309570873,8.294551995623048e-05,0.15241779497098606
"('0013151000', 'Anderson School of Management')",0.00022634676324128565,0.0,0.13097355626704613,1.1928514152259267e-05,0.1396047196352765
"('0036756000', 'Chemical Engineering')",0.000679040289723857,0.0009051820751401561,0.13783851241732184,0.00032022365805004687,0.1492171976582336
"('0033290000', 'Engineering Science and Mechanics')",0.000679040289723857,0.0010535374609245969,0.1508416128922121,3.3692039658301554e-05,0.16655769724465858
"('0020107000', 'Chemical Engineering')",0.0009053870529651426,0.0,0.13010189057070498,3.1210593811204832e-06,0.13956002374970175
"('0020107000', 'Civil & Environmental Engineering')",0.0009053870529651426,0.0,0.13010189057070498,3.1210593811204832e-06,0.13956002374970172
"('0020107000', 'Department of Physics and Astronomy')",0.0009053870529651426,0.0,0.13010189057070498,3.1210593811204832e-06,0.13956002374970172
"('0023259000', 'Chemistry')",0.002037120869171571,0.002534242839520052,0.12348370507015484,2.0780069278237197e-06,0.13336143196374053
"('5300009132', 'Unknown Dept')",0.0004526935264825713,0.0,0.1099169030203513,2.1729690177450745e-07,0.11617474898620733
"('7203590223', 'Unknown Dept')",0.0004526935264825713,0.0,0.1099169030203513,2.1729690177450745e-07,0.11617474898620733
"('0025890000', 'Sociolgy')",0.00022634676324128565,0.0,0.1014838976432214,2.0634617958701208e-06,0.10675350440515527
"('0013177010', 'SIO MPL')",0.0004526935264825713,0.0004526935264825713,0.1059726553130247,5.3136869779338944e-08,0.11117695988079003
"('0013177000', 'Department of Sociology')",0.00022634676324128565,0.0,0.09582059123343527,5.017482991148338e-09,0.09947703412639436
"('0036525000', 'Dept. of Computer Science')",0.0004526935264825713,0.0004524717931026097,0.11332273123685425,4.1923897344356857e-07,0.11926904016800217
"('5300011953', 'Mechanical Engineering')",0.00022634676324128565,0.0,0.09863148259772732,6.57549455277653e-09,0.10281233842296277
"('0037986000', 'Department of Chemistry')",0.000679040289723857,0.0,0.12089866732342719,1.064466759615918e-06,0.12954903918575195
"('0010819000', 'ECEE')",0.00022634676324128565,0.0,0.12368074801937236,3.2948363760760255e-06,0.1315554258628043
"('0033712000', 'Department of Psychology')",0.00022634676324128565,0.0,0.10995520159283226,3.6361883482201003e-07,0.11601780509557388
"('0010835000', 'Ecology and Evolutionary Biology')",0.0015844273426889996,0.0037009598068532936,0.13505747126436782,2.016261022165751e-05,0.14636855084455713
"('0010835000', ""Gender & Women's Studies"")",0.0009053870529651426,0.0,0.12033556681374952,2.738314570006697e-06,0.1281437301695328
"('0010835000', 'Plant Sciences (Plant Path/Microbiology)')",0.0011317338162064282,0.0013590085199599435,0.12302637074990949,2.772479054116569e-06,0.13161230965101448
"('0010835000', 'School of Natural Resources and the Env')",0.0018107741059302852,0.0015466068758897482,0.12170128367583054,3.0247240386301415e-06,0.13025861141524236
"('0013706000', 'Department of Computer Science')",0.001358080579447714,0.007530678635000077,0.1595637099104305,9.953062724162385e-05,0.17520809191814007
"('0013706000', 'SWx-TREC')",0.0004526935264825713,0.0,0.14373556300224485,1.1831791599200437e-05,0.15489245677113353
"('0026575000', 'Mechanical Engineering')",0.000679040289723857,0.0,0.08271084901244968,1.1263942539596656e-09,0.08626809058151862
"('0026575000', 'Chemistry & Biochemistry')",0.000679040289723857,0.0,0.08271084901244968,1.1263942539596656e-09,0.08626809058151862
"('0026575000', 'Biology')",0.0011317338162064282,0.0013574656459727544,0.09016326530612245,9.670214050148927e-09,0.09495909755111662
"('0026575000', 'Mechanical & Aerospace Engineering')",0.000679040289723857,0.0,0.08271084901244968,1.1263942539596656e-09,0.08626809058151862
"('0010835000', 'Department of Chemistry')",0.000679040289723857,0.004936376895668915,0.13157032669227792,9.610189227680718e-06,0.14104302090947565
"('0010835000', 'Hydrology and Atmospheric Sciences')",0.0011317338162064282,0.0011049249937628465,0.14545334825837888,4.9644977113461466e-05,0.1589142799758451
"('0034256000', 'Automotive Engg & Mechanical Engg.')",0.0009053870529651426,0.0,0.14036090989960606,0.0004593799143692596,0.1531132861655714
"('0034256000', 'Psychology')",0.0011317338162064282,0.003075438764669074,0.14309311740890687,0.0004682980132787047,0.15655450567741086
"('0034256000', 'Automotive Engineering')",0.0011317338162064282,0.003075438764669074,0.14309311740890687,0.0004682980132787047,0.15655450567741083
"('0034256000', 'Mechanical Engineering')",0.0018107741059302852,0.0018095442389803665,0.1403787493645145,0.0004811320925036813,0.1535659796920539
"('0013052000', 'Computer Science')",0.000679040289723857,0.0004526935264825713,0.10704593913549137,5.808204080633326e-08,0.11259791452419035
"('0010637000', 'Dept of Geosciences')",0.0009053870529651426,0.0,0.0940020000425541,1.3599969573482347e-06,0.09898423113928298
"('0034017000', 'Center for Biomedical Informatics')",0.0009053870529651426,0.0,0.1290793817746224,3.4642203552151e-05,0.13837874752881474
"('0034017000', 'Unknown Dept')",0.0022634676324128564,0.006045496702334268,0.14818541624740056,0.0002635377393741286,0.16326538445709854
"('0034017000', 'Division of Applied Mathematics')",0.0011317338162064282,0.0004526935264825713,0.1290831531584176,3.492545164920339e-05,0.13849192091043536
"('0034017000', 'Dept of Population Studies & Training')",0.0009053870529651426,0.0,0.1290793817746224,3.4642203552151e-05,0.13837874752881474
"('6250013172', 'Unknown Dept')",0.0009053870529651426,0.0,0.1290793817746224,3.4642203552151e-05,0.13837874752881468
"('0039321000', 'Geology and Geophysics')",0.000679040289723857,0.0,0.07442722371967656,1.3300627296419842e-11,0.07739063411118785
"('0039321000', 'Civil and Architectural Engineering')",0.000679040289723857,0.0,0.07442722371967656,1.3300627296419842e-11,0.07739063411118786
"('0039321000', 'Chemical & Petroleum Engineering')",0.000679040289723857,0.0,0.07442722371967656,1.3300627296419842e-11,0.07739063411118786
"('0013482000', 'Unknown Dept')",0.0015844273426889996,0.0027142138695580562,0.08040768040768041,1.1168985850326907e-10,0.08450108901089795
"('0029728000', 'Civil, Const., and Environ. Engineering')",0.0009053870529651426,0.0,0.16255795128412687,0.00017561130537522868,0.1788078948615382
"('0013284000', 'Civil & Environmental Engineering')",0.0011317338162064282,0.015239460307618477,0.16836248618573987,0.0002983556610619156,0.18708725445371
"('0021782000', 'Media Lab')",0.000679040289723857,0.0031545770619691494,0.12005108556832694,1.0492538185687905e-06,0.12923386996180714
"('0029728000', 'Department of Biomedical Engineering')",0.00022634676324128565,0.0,0.10930502981271184,7.386257985574004e-07,0.11611354782705799
"('5300002779', 'Center for Process and Technology')",0.0004526935264825713,0.0,0.13033986311069154,0.025701880220901734,0.1418885079761032
"('0029728000', 'Computer Science Department')",0.000679040289723857,0.0,0.13713256976130614,7.61890922018895e-06,0.14779448646017138
"('0080010000', 'Civil & Materials Engineering')",0.00022634676324128565,0.0,0.09443197606070322,2.5097089750885584e-08,0.09818644214827181
"('0039545000', 'School Teaching, Learning & Leadership')",0.000679040289723857,0.0,0.10490573206059743,1.2509494691254532e-07,0.11049721713916143
"('0039545000', 'School of Teaching, Learning, & Leadersh')",0.000679040289723857,0.0,0.10490573206059743,1.2509494691254532e-07,0.11049721713916143
"('0039545000', 'School of Teacher Education')",0.000679040289723857,0.0,0.10490573206059743,1.2509494691254532e-07,0.11049721713916143
"('0014449000', 'Engineering Management & Systems Engrg.')",0.0004526935264825713,0.0,0.11607072485090508,2.668616418913023e-07,0.12241077469354805
"('0014449000', 'Innovation Center')",0.0004526935264825713,0.0,0.11607072485090508,2.668616418913023e-07,0.12241077469354808
"('0034710000', 'Chemistry & Biochemistry')",0.0004526935264825713,0.0,0.11156002222109994,4.5120407124984567e-07,0.11749884998809701
"('6250035312', 'Unknown Dept')",0.0004526935264825713,0.0,0.11267246435949096,4.177138052178775e-07,0.12144184840507279
"('0032102000', 'Electrical Engineering')",0.00022634676324128565,0.0,0.1322992154279212,1.5845925322985008e-05,0.1414023441977264
"('0036525000', 'Chemical & Biomolecular Engineering')",0.000679040289723857,0.0004526935264825713,0.12131363611400955,0.00011415814927221246,0.13002856530720439
"('0036525000', 'Chemical and Biomolecular Engineering')",0.00022634676324128565,0.0,0.10819150238765765,1.0753372700493204e-05,0.11395630193678803
"('0034017000', 'Department of  Computer Science')",0.0004526935264825713,0.0,0.11100223612472049,4.891562958248078e-07,0.11859550839920763
"('0029058000', 'Social Work and Sociology')",0.0004526935264825713,0.0,0.09116985492890897,2.1273473987261656e-07,0.09499763360352424
"('0021303000', 'Department of Biology')",0.00022634676324128565,0.0,0.09489035417427351,2.693111998782007e-08,0.0986668627151283
"('0021303000', 'Biology')",0.0011317338162064282,0.0004526935264825713,0.10483603056333349,2.8156991027956163e-07,0.1104626660897115
"('0023259000', 'Climate and Space')",0.0009053870529651426,0.0,0.1351855818365411,8.539210394189244e-06,0.14560752737529517
"('0023259000', 'Atmospheric, Oceanic and Space Science,')",0.0009053870529651426,0.0,0.1351855818365411,8.539210394189244e-06,0.14560752737529514
"('0023259000', 'Climate and Space Sciences & Engineering')",0.0009053870529651426,0.0,0.1351855818365411,8.539210394189244e-06,0.14560752737529517
"('0023259000', 'Statistics')",0.0009053870529651426,0.0,0.1351855818365411,8.539210394189244e-06,0.14560752737529514
"('0038950000', 'Geography & Center for Climatic Research')",0.00022634676324128565,0.0,0.11064639735530567,5.095170330529655e-07,0.11558829333174798
"('0017756000', 'Coordinated Science Lab')",0.00022634676324128565,0.0,0.12181537443476342,1.8432608506564116e-06,0.12899986657625784
"('0029751000', 'Software and Information Systems')",0.000679040289723857,0.005733130937774106,0.14931729079356496,4.712294679738037e-05,0.1631882980456986
"('0013128000', 'Department of Chemistry')",0.0015844273426889996,0.00706558541937537,0.147350165093553,0.0002882424741805877,0.1608898803274071
"('0013128000', 'Department of Chemical Engineering')",0.0009053870529651426,0.0009052845640526493,0.13072939783991716,3.1509362941345095e-05,0.13987112429846593
"('0013128000', 'Chemical & Biomolecular Engineering')",0.001358080579447714,0.0031301694315103907,0.1357588421473128,4.033702482791785e-05,0.14641816108543024
"('0027854000', 'Computer Science & Engineering')",0.0004526935264825713,0.0,0.13113294351607255,9.404953123029523e-05,0.14065231458848376
"('0036616000', 'Cyber-ShARE Center of Excellence')",0.002037120869171571,0.0018095442389803665,0.12400011226809621,3.070981410755392e-06,0.13339592980833315
"('0036616000', 'Industrial Manuf. & Systems Engineering')",0.0009053870529651426,0.0,0.11033139375171691,4.0752752509671763e-07,0.11651711448248844
"('0036616000', 'Psychology')",0.0009053870529651426,0.0,0.11033139375171691,4.0752752509671763e-07,0.11651711448248842
"('6250015364', 'Information Technology Services')",0.0009053870529651426,0.0,0.11033139375171691,4.0752752509671763e-07,0.11651711448248844
"('0103879000', 'Senior Adult Program')",0.0009053870529651426,0.0,0.11033139375171691,4.0752752509671763e-07,0.11651711448248844
"('0013151000', 'Department of Physics')",0.0004526935264825713,0.0,0.11409239986571289,0.0026081833185377964,0.12099243841265062
"('5300007943', 'Unknown Dept')",0.0004526935264825713,0.0,0.11409239986571289,0.0026081833185377964,0.12099243841265064
"('0013177000', 'San Diego Supercomputer')",0.00022634676324128565,0.0,0.10323877179043792,9.414535881717938e-08,0.10840604447656271
"('0037499000', 'Physics and Astronomy')",0.00022634676324128565,0.0,0.11158256301459817,3.345395278848685e-07,0.11704423055663224
"('0037499000', 'Mathematical Sciences')",0.001358080579447714,0.0009052845640526493,0.12559342752366603,3.5038018646320075e-06,0.1340351416994755
"('0096354000', 'School of Computing and Info. Sciences')",0.0009053870529651426,0.0,0.12722455796809307,0.0001520464592491239,0.1378950572590222
"('0096354000', 'Knight Foundation School of Computing an')",0.0009053870529651426,0.0,0.12722455796809307,0.0001520464592491239,0.1378950572590222
"('0096354000', 'Biological Sciences')",0.0011317338162064282,0.0002257318297663263,0.12722822174226062,0.00015482804957132578,0.13800823064064285
"('0018259000', 'Sch. of Electrical & Comp. Engineering')",0.0004526935264825713,0.0,0.15173787608187939,6.906642015776846e-05,0.16576697534144227
"('0018259000', 'Medicinal Chemistry and Molecular Pharma')",0.0004526935264825713,0.0,0.15173787608187939,6.906642015776846e-05,0.16576697534144227
"('0029744000', 'Carolina Population Center')",0.000679040289723857,0.0013574656459727544,0.12219948000221276,6.531811702258984e-06,0.13015132439362812
"('0026575000', 'Information and Communication Technology')",0.0004526935264825713,0.0,0.09795791667590519,2.24524061106993e-08,0.10275634027393624
"('0026575000', 'Electrical & Computer Engineering')",0.0004526935264825713,0.0,0.09795791667590519,2.24524061106993e-08,0.10275634027393624
"('0026575000', 'Unknown Dept')",0.0009053870529651426,0.0009051820751401561,0.10859038957846873,2.153399572136496e-07,0.11552967920335198
"('0033787000', 'ESE, Radiology, CIS, Statistics and Data')",0.000679040289723857,0.0,0.11900977830455513,6.183109828827122e-07,0.12928377227517707
"('0020776000', 'Mathematics')",0.0011317338162064282,0.0068394490485555815,0.12237888147142738,8.766122790419656e-07,0.13405879957170713
"('0013706000', 'Lab for Atmospheric and Space Physics')",0.0004526935264825713,0.0,0.14108254829953695,2.741326652257202e-06,0.152407489522699
"('0013706000', 'LASP')",0.000679040289723857,0.0004526935264825713,0.14108705371399374,2.7642633537862565e-06,0.1525206629043196
"('0025650000', 'Electrical Engineering')",0.00022634676324128565,0.0,0.0850809790667668,1.9952568832825396e-10,0.08794168874351868
"('0026575000', 'Astronomy')",0.00022634676324128565,0.0,0.08852288210306965,1.9526186829779823e-09,0.0919510143985759
"('0022301000', 'Applied Ocean Physics & Engineering')",0.0004526935264825713,0.0004370224369263768,0.11923782791752133,5.638881975926492e-07,0.12772220133266468
"('0018259000', 'Department of Botany & Plant Pathology')",0.0004526935264825713,0.0,0.10252720985820706,3.1404988943679306e-08,0.1084647661600548
"('0018259000', 'School of Chemical Engineering')",0.000679040289723857,0.0004526935264825713,0.10252958923184033,3.166307312627561e-08,0.10857793954167545
"('5300010311', 'ESnet')",0.000679040289723857,0.0,0.12861343192337923,5.320997151443577e-05,0.13830314283573603
"('0013144000', 'Unknown Dept')",0.0033952014486192846,0.012443926441619211,0.14089807373389462,3.909965092323619e-05,0.15585454420334308
"('0015354000', 'Bureau of Economic and Business Research')",0.0009053870529651426,0.0,0.1284339661036658,3.627882981028348e-05,0.13780669119623332
"('0014894000', 'Dept. of Geography')",0.0009053870529651426,0.0,0.1284339661036658,3.627882981028348e-05,0.13780669119623332
"('0015354000', 'Health Outcomes and Policy')",0.001358080579447714,0.006989949070408132,0.14719307013160088,0.00027361821165715854,0.1616137961429931
"('0015354000', 'Sociology')",0.0009053870529651426,0.0,0.1284339661036658,3.627882981028348e-05,0.1378066911962333
"('0015354000', 'PHHP-Enviromental & Global Heath')",0.00022634676324128565,0.0,0.09078579648199901,6.691527769649453e-09,0.09417794886628576
"('0017756000', 'Electrical & Computer Engineering')",0.00022634676324128565,0.0,0.13749961096760138,1.6644463341592784e-05,0.1477515247943035
"('0028381000', 'ECE Department')",0.0011317338162064282,0.0,0.10691900002420077,1.2286227347612984e-05,0.11352366163499603
"('0028381000', 'Dept of Family Population & Preventive')",0.0011317338162064282,0.0,0.10691900002420077,1.2286227347612984e-05,0.11352366163499604
"('0028381000', 'School of Social Welfare')",0.0011317338162064282,0.0,0.10691900002420077,1.2286227347612984e-05,0.11352366163499603
"('0028381000', 'Social Work')",0.0011317338162064282,0.0,0.10691900002420077,1.2286227347612984e-05,0.11352366163499603
"('0013052000', 'Earth System Science')",0.0015844273426889996,0.010439061909156713,0.14884441749208274,5.1432636279068975e-05,0.1623631065629694
"('0016105000', 'Information Technology')",0.0004526935264825713,0.0013574656459727544,0.10748868668191329,1.3643949395574379e-07,0.11336023100079713
"('0029728000', 'Electrical and Computer Enginering')",0.000679040289723857,0.0,0.14840443399395364,5.166012303087887e-05,0.16167994019963156
"('0029728000', 'Department of Electrical & Computer Engi')",0.000679040289723857,0.0,0.14840443399395364,5.166012303087887e-05,0.16167994019963153
"('0096354000', 'ECE')",0.000679040289723857,0.0,0.14840443399395364,5.166012303087887e-05,0.16167994019963153
"('0022905000', 'Office of Research Innovation and Econom')",0.00022634676324128565,0.0,0.12368074801937236,3.2948363760760255e-06,0.13155542586280428
"('0039438000', 'Department of Social Sciences')",0.000679040289723857,0.0,0.12927200374531836,1.0175893868025083e-06,0.13871758617118451
"('0039438000', 'Department of Biology')",0.000679040289723857,0.0,0.12927200374531836,1.0175893868025083e-06,0.13871758617118451
"('0039438000', 'Social Sciences')",0.000679040289723857,0.0,0.12927200374531836,1.0175893868025083e-06,0.13871758617118451
"('0035097000', 'Management')",0.000679040289723857,0.0,0.1225792131402253,3.896783580623897e-07,0.1303130926716251
"('0035097000', 'Economics')",0.000679040289723857,0.0,0.1225792131402253,3.896783580623897e-07,0.13031309267162508
"('7203589053', 'Unknown Dept')",0.0009053870529651426,0.0,0.11698043265284508,1.7851540888518818e-06,0.12627167537427633
"('0032102000', 'Chemical, Biologic & Environ Engineering')",0.0009053870529651426,0.0,0.11698043265284508,1.7851540888518818e-06,0.12627167537427636
"('0032102000', 'Clinical Sciences')",0.0009053870529651426,0.0,0.11698043265284508,1.7851540888518818e-06,0.12627167537427633
"('0032102000', 'Biomedical Sciences')",0.0009053870529651426,0.0,0.11698043265284508,1.7851540888518818e-06,0.1262716753742764
"('4004974000', 'Unknown Dept')",0.00022634676324128565,0.0,0.1309386206692155,5.6235228770364536e-05,0.14044627314489203
"('0036566000', 'Department of Civil Engineering')",0.0004526935264825713,0.0,0.11873152378392905,3.025784162851755e-06,0.12688023491271544
"('0036566000', 'Chemistry/Biochemistry')",0.0004526935264825713,0.0,0.11873152378392905,3.025784162851755e-06,0.12688023491271544
"('0036962000', 'Geology')",0.0009053870529651426,0.0,0.11603719073383412,1.294163667878425e-06,0.12322657191658927
"('0013706000', 'Space Weather Technology, Research, and')",0.000679040289723857,0.0,0.13147244375669564,2.7921875915503187e-06,0.14159114237203776
"('0027110000', 'Department of Earth and Atmospheric Scie')",0.000679040289723857,0.0,0.13147244375669564,2.7921875915503187e-06,0.14159114237203776
"('0022921000', 'Biomedical Engineering')",0.0011317338162064282,0.0013574656459727544,0.12040771830371744,2.0891985037501166e-05,0.13042684945928285
"('0022921000', 'Chemical Engineering')",0.000679040289723857,0.0009051820751401561,0.10748084174674614,2.0080596073545887e-06,0.11432219946881342
"('P269965597', 'Unknown Dept')",0.00022634676324128565,0.0,0.1036262138199559,2.8506305692863705e-08,0.10808597305315094
"('P270038655', 'Unknown Dept')",0.00022634676324128565,0.0,0.11492937228480009,2.0931351436222605e-06,0.12224861122169542
"('0036582000', 'Electrical & Computer Eng')",0.000679040289723857,0.0,0.12658663075556575,3.4290624066525077e-06,0.13433722858802016
"('0036582000', 'LBJ School of Public Affairs')",0.000679040289723857,0.0,0.12658663075556575,3.4290624066525077e-06,0.1343372285880202
"('0036582000', 'IROM')",0.000679040289723857,0.0,0.12658663075556575,3.4290624066525077e-06,0.13433722858802022
"('0036582000', 'Architecture')",0.0015844273426889996,0.0013574656459727544,0.14491897920356886,2.8820699123134325e-05,0.15728021915210572
"('0039545000', 'Department of Physics')",0.0004526935264825713,0.0,0.08673459371380332,2.4164028808791276e-09,0.08983212048571576
"('0030908000', 'Biostatistics')",0.00022634676324128565,0.0,0.130320639509159,0.023166593197171462,0.1416244367523217
"('0014811000', 'Dept of Comp & Elec Eng & Comp.Science')",0.0015844273426889996,8.39920145235747e-05,0.11784475860229394,4.58720155791082e-06,0.1251987267548594
"('0014811000', 'Comp & Elec Eng and Comp Science')",0.001358080579447714,0.0,0.11784161532101038,4.436743450563322e-06,0.12508555337323876
"('0014811000', 'Computer Science and Engineering')",0.001358080579447714,0.0,0.11784161532101038,4.436743450563322e-06,0.12508555337323876
"('0014811000', 'College of Nursing')",0.001358080579447714,0.0,0.11784161532101038,4.436743450563322e-06,0.12508555337323876
"('0014811000', 'Psychology')",0.001358080579447714,0.0,0.11784161532101038,4.436743450563322e-06,0.12508555337323876
"('0013706000', 'Department of Chemistry & Biochemistry')",0.00022634676324128565,0.0,0.11447671857590755,7.916497906392322e-08,0.12056682126283712
"('0025544000', 'Psychology')",0.00022634676324128565,0.0,0.1338625621136832,5.095111035678982e-05,0.14340574451201354
"('0039321000', 'Mathematics')",0.0009053870529651426,0.005690082511119876,0.12464733100101569,4.721066644916295e-07,0.13368453826240045
"('0027110000', 'Information Sciences')",0.0004526935264825713,0.0,0.09886101725256774,1.699689964715417e-08,0.10359919553975007
"('0027110000', 'BCTR')",0.0004526935264825713,0.0,0.09886101725256774,1.699689964715417e-08,0.10359919553975007
"('0010835000', 'Physics')",0.0011317338162064282,0.0009052845640526493,0.12525160887931278,5.023820929484598e-06,0.13452862086859277
"('0025163000', 'Learning, Teaching and Curriculum')",0.0004526935264825713,0.0,0.10698890880030998,3.2427768816746397e-06,0.11301606666307795
"('0080010000', 'Unknown Dept')",0.0004526935264825713,0.0,0.10698890880030998,3.2427768816746397e-06,0.11301606666307794
"('0022905000', 'Chemical Engineering and Material Scienc')",0.00022634676324128565,0.0,0.09522167381511736,8.327982539645694e-08,0.09958018213196299
"('0013177000', 'Neurosciences')",0.000679040289723857,0.0004526935264825713,0.10524059075750357,8.841679840834687e-07,0.1116356893135696
"('0033795000', 'Ophthalmology')",0.0009053870529651426,0.0,0.13486370157819225,0.0039795572793031855,0.14534228911775254
"('0033795000', 'Ophthalmology/Medicine')",0.0009053870529651426,0.0,0.13486370157819225,0.0039795572793031855,0.14534228911775254
"('0033795000', 'Department of Surgery')",0.0009053870529651426,0.0,0.13486370157819225,0.0039795572793031855,0.1453422891177526
"('0013177010', 'Marine Physical Laboratory')",0.000679040289723857,0.0,0.1222400531237895,1.0669393224544823e-06,0.13125854579000729
"('0015362010', 'Marine Biology and Ecology')",0.000679040289723857,0.0,0.1222400531237895,1.0669393224544823e-06,0.13125854579000726
"('0036707000', 'Geology')",0.00022634676324128565,0.0,0.10014507208269109,1.453590002205107e-08,0.10404284424830795
"('0035691000', 'Mechanical Engineering')",0.0015844273426889996,0.007310814703977777,0.1387257826482871,0.00010358167836753796,0.15084773571079485
"('0035691000', 'Mechanical Engineeering')",0.0009053870529651426,0.0016023081328200514,0.12733456306202445,1.0719094343422599e-05,0.13635425895215303
"('0032375000', 'Anthropology')",0.00022634676324128565,0.0,0.09399400038295427,5.691608282050453e-07,0.09860698653388085
"('0500744000', 'Unknown Dept')",0.00022634676324128565,0.0,0.12145370574004838,2.5195325788718538e-05,0.12861566303418456
"('0028944000', 'Physics & Astronomy')",0.001358080579447714,0.0011719755784832544,0.1307913200509192,2.7058729280559245e-05,0.14200647009044406
"('0025650000', 'Civil Engineering')",0.00022634676324128565,0.0,0.10560787875890425,4.677525879656626e-08,0.11034277408002399
"('0025650000', 'Biological Systems Engineering')",0.0004526935264825713,0.0004526935264825713,0.11807467194056177,4.854713868295568e-07,0.12506287598523866
"('0013706000', 'Department of Chemistry & CIRES')",0.0004526935264825713,0.0,0.11007299997508534,2.8616101737503145e-08,0.11524663782472629
"('0013706000', 'ATOC')",0.000679040289723857,0.0009051820751401561,0.12368074801937236,2.7145664618458026e-07,0.13125010520890978
"('0027854000', 'Civil and Urban Engineering')",0.0004526935264825713,0.000619938938207859,0.13456793883829307,6.557449173322302e-05,0.14557466890536105
"('0023259000', 'Astronomy')",0.0004526935264825713,0.0,0.11932155782423162,7.241600300389212e-07,0.12697541694259656
"('0015743000', 'Unknown Dept')",0.0011317338162064282,0.0013574656459727544,0.11933122653485671,7.465996960414762e-07,0.12731493708745845
"('0032102000', 'Mechanical Engineering')",0.00022634676324128565,0.0,0.11934089681253376,9.170414782799346e-07,0.12735555927294875
"('0013052000', 'Chemistry')",0.0004526935264825713,0.0,0.12751832823413958,2.484443540254099e-06,0.13592596604140295
"('0034702000', 'Civil and Environmental Engineering')",0.000679040289723857,0.0004526935264825713,0.12637661260333533,2.472907031820988e-06,0.1339168313704295
"('0034702000', 'Department of Geology & Geological Engin')",0.0011317338162064282,0.0031645501510532835,0.1446201184981505,2.3401584512767796e-05,0.15635225709354184
"('0030908000', 'Department of Computer Science')",0.0009053870529651426,1.024889124932242e-07,0.11536151656787738,0.0035947139679148336,0.12341869022177454
"('0030908000', 'Computer and Information Science')",0.000679040289723857,0.0,0.11535850436054101,0.003334708219166582,0.12330551684015392
"('0030908000', 'pathology')",0.000679040289723857,0.0,0.11535850436054101,0.003334708219166582,0.12330551684015387
"('0015354000', 'Urban and Regional Planning')",0.0011317338162064282,0.0004526935264825713,0.14992025518341306,0.00013327295377018114,0.1635633009161743
"('0015354000', 'Interior Design')",0.00022634676324128565,0.0,0.13037832733282181,1.2739525807681642e-05,0.13860604085819087
"('0036327000', 'Department of Psychology')",0.000679040289723857,0.0,0.12200712490679627,4.2053817124561875e-06,0.1317371229067687
"('0036327060', 'Engineering Technology and Industrial Di')",0.0029425079221367134,0.002754746463105345,0.13568379349528578,2.2619826648143547e-05,0.1498607894544958
"('0023291000', 'Psychology')",0.0018107741059302852,0.001130452704800263,0.11576051355954409,5.822819501826941e-07,0.12387094406922994
"('0032102000', 'College of Earth, Ocean & Atmospheric Sc')",0.00022634676324128565,0.0,0.11304147583348259,1.3532590622689771e-07,0.1193003034528671
"('0028829000', 'Physics')",0.000679040289723857,0.002261417854162992,0.11378679784685915,2.7184067358062635e-07,0.12027220416996147
"('0071043000', 'Unknown Dept')",0.000679040289723857,0.0004526935264825713,0.11559997906745513,2.57523165686961e-07,0.12153939088321795
"('0030775000', 'Chemistry and Biochemistry')",0.00022634676324128565,0.0,0.10362378327665064,2.4650789635442326e-08,0.10772647126999453
"('0027854000', 'Social and Cultural Analysis')",0.00022634676324128565,0.0,0.13398435130709044,5.515373415706962e-05,0.14440010155831742
"('7203581258', 'Unknown Dept')",0.0004526935264825713,0.0,0.11684739486908226,1.3102821344154703e-06,0.1241744954029921
"('7203581258', 'Mechanical Engineering')",0.0004526935264825713,0.0,0.11684739486908226,1.3102821344154703e-06,0.12417449540299201
"('0019893001', 'Chemistry')",0.000679040289723857,0.0,0.12300924379106805,4.07145367377759e-06,0.13195286272753437
"('0019893001', 'Department of Chemistry')",0.0015844273426889996,0.003799317973769816,0.13439192066678834,2.6367598974680002e-05,0.1468187049106009
"('0026278000', 'Astrophysical Sciences')",0.0018107741059302852,0.0027678015202010327,0.13641275820545282,3.7505026978633995e-05,0.14830211159998308
"('0021782000', 'Earth, Atmospheric, & Planetary Sci.')",0.0009053870529651426,0.0,0.12468602714983208,2.3207864913839974e-05,0.13406788372836287
"('0013128000', 'Dept. of Earth and Planetary Science')",0.0009053870529651426,0.0,0.12468602714983208,2.3207864913839974e-05,0.13406788372836287
"('0030908001', 'Computer Science and Engineering')",0.00022634676324128565,0.0,0.11535248041775457,0.002682070581531962,0.12307917007691258
"('0036582000', 'School of Information')",0.001358080579447714,0.000562240413776936,0.13612275080108455,0.004414705923840271,0.1478855691112354
"('0036582000', 'School of Nursing/School of Information')",0.00022634676324128565,0.0,0.11981666802267242,0.0004157938956896454,0.12712599507529285
"('0013177000', 'CAL(IT)2')",0.000679040289723857,0.0,0.10432606026258619,9.623390840504692e-07,0.1103330189694778
"('0013177000', 'Dept. of Electrial & Comp. Engineering')",0.000679040289723857,0.0,0.10432606026258619,9.623390840504692e-07,0.11033301896947778
"('0013177000', 'Electrical and Computer Engineering')",0.0022634676324128564,0.004663659025079129,0.11646851026810429,8.292472809624727e-06,0.1256937512479672
"('0013177000', 'Jacobs School of Engineering, ECE')",0.000679040289723857,0.0,0.10432606026258619,9.623390840504692e-07,0.11033301896947778
"('4009866000', 'Unknown Dept')",0.0004526935264825713,0.0,0.14384319854138178,0.0007683291698947811,0.1592811192630106
"('4009866000', 'Climate Adaptation')",0.0004526935264825713,0.0,0.14384319854138178,0.0007683291698947811,0.1592811192630106
"('0017756000', 'Spanish and Portuguese')",0.00022634676324128565,0.0,0.13749961096760138,1.6644463341592784e-05,0.1477515247943035
"('0021782000', 'Elec Eng & Comp Sci')",0.000679040289723857,0.0,0.12459811608099723,0.00041083195040136303,0.13361900999656232
"('0021782000', 'Computer Science & Artificial Intelligen')",0.0015844273426889996,0.0056449818783420634,0.14097000638162094,0.003510919708646911,0.15465887917223264
"('0021782000', 'EECS / LIDS')",0.000679040289723857,0.0,0.12459811608099723,0.0004108319504013631,0.13361900999656232
"('0021782000', 'Mathematics')",0.002037120869171571,0.0035295420251473444,0.12692849139540896,0.0004402398778044895,0.13734189103383881
"('0036582000', 'Electrical & Computer Engineering')",0.0011317338162064282,0.0004526935264825713,0.15600282485875705,3.420695899477322e-05,0.1701152790672924
"('0036582000', 'Department of Mechanical Engineering')",0.0009053870529651426,0.0,0.1559973164789379,3.392647279876856e-05,0.17000210568567176
"('0036582000', 'Advertising')",0.0009053870529651426,0.0,0.1559973164789379,3.392647279876856e-05,0.1700021056856717
"('4008686000', 'Unknown Dept')",0.000679040289723857,1.537333687398363e-07,0.11264660887302397,5.189080584100413e-05,0.11947651452184979
"('0015693000', 'GT School of Interactive Computing')",0.0004526935264825713,0.0,0.1495751091850899,6.281692767454871e-05,0.16151121776970445
"('0015693000', 'Interactive Computing')",0.0004526935264825713,0.0,0.1495751091850899,6.281692767454871e-05,0.16151121776970448
"('0026294000', 'Undergraduate Academic Affairs')",0.0009053870529651426,0.0,0.1197289972899729,1.0088972167098546e-05,0.12857170392503756
"('0026294000', 'Engn - Academic Affairs')",0.0009053870529651426,0.0,0.1197289972899729,1.0088972167098546e-05,0.12857170392503756
"('0026294000', 'Department of Physics and Astronomy')",0.0009053870529651426,0.0,0.1197289972899729,1.0088972167098546e-05,0.12857170392503753
"('0013177000', 'Mathematics Department')",0.0004526935264825713,0.0,0.1006423982869379,1.7797239748805753e-08,0.10472915996970784
"('0013177000', 'Center for Astrophysics & Space Sciences')",0.0004526935264825713,0.0,0.1006423982869379,1.7797239748805753e-08,0.10472915996970784
"('0021055000', 'Education')",0.00022634676324128565,0.0,0.11479797323632585,7.047346165471315e-07,0.12284384255548293
"('0013284000', 'Electrical Engineering Systems')",0.00022634676324128565,0.0,0.12886101793787372,8.350012673515296e-06,0.13658262918108938
"('0037457000', 'Mathematics')",0.0004526935264825713,0.0,0.13802799300174956,6.226316876907002e-05,0.1480776246790272
"('0031849000', 'Mathematics')",0.0009053870529651426,0.001613500677193649,0.14649026824496833,0.00011993775690193338,0.15876809109606643
"('0022103000', 'Mathematics')",0.001358080579447714,0.0004526935264825713,0.12715498632896818,2.292711770147287e-05,0.1382087232610154
"('0022103000', 'Mechanical Engineering')",0.00022634676324128565,0.0,0.11281344160155253,2.1618743823167755e-06,0.11993337369305915
"('0035238000', 'Computer Science')",0.0011317338162064282,0.011457872231919942,0.12122376183289889,1.0641886781817378e-06,0.13024194915039108
"('6250012383', 'Unknown Dept')",0.00022634676324128565,0.0,0.09610406560657805,5.1368272992621015e-05,0.10057083331217942
"('0036566000', 'Computer Science & Engineering')",0.0004526935264825713,0.0004526935264825713,0.11102176207468463,7.4551987306012185e-06,0.11757449857518362
"('0036566000', 'Computer Science and Engineering')",0.0018107741059302852,0.011811304956547327,0.12487633907120042,7.84210397270686e-05,0.13510626426538466
"('0036582000', 'Department of Integrative Biology')",0.00022634676324128565,0.0,0.13474852838015067,1.1831370401355765e-05,0.14431665047894032
"('0036582000', 'Integrative Biology')",0.0011317338162064282,0.0004526935264825713,0.15572788156503348,0.00012273338842353398,0.17203442902854274
"('0001057000', 'Heinz College')",0.0011317338162064282,0.0006324145436952152,0.13095414530041202,0.0013490147209687666,0.1414063452768739
"('0013052000', 'Physics')",0.000679040289723857,0.0004526935264825713,0.11031486429124322,4.699507257304152e-08,0.11616145560487472
"('0013052000', 'Stanford University Department of Physic')",0.0004526935264825713,0.0,0.11031210986267166,4.660415533942673e-08,0.1160482822232541
"('0013136000', 'Dept. of Electrical and Computer Engr')",0.0004526935264825713,0.0,0.1189553042541734,3.0288214092446305e-06,0.12732300739600397
"('0013136000', 'Electrical and Computer Engineering')",0.000679040289723857,0.010968689130415018,0.11923139202245371,3.057214955458953e-06,0.1281217697724032
"('0020107000', 'Political Science')",0.000679040289723857,0.0,0.11119780524024062,1.069697911016425e-06,0.117253582580087
"('0020107000', 'Geology and Geophysics')",0.0009053870529651426,0.0004526935264825713,0.11120060407752329,1.0784509241740835e-06,0.11736675596170759
"('0020107000', 'Office of Human Resource Management')",0.000679040289723857,0.0,0.11119780524024062,1.069697911016425e-06,0.117253582580087
"('0025890000', 'Department of Biological Sciences')",0.00022634676324128565,0.0,0.11131547784020761,2.05464538976198e-06,0.1184923652522766
"('0030320000', 'Mathematics and Statistics')",0.000679040289723857,0.0,0.11984266919842669,1.356501656836249e-05,0.129183947825933
"('0026666000', 'Mathematics and Computer Science')",0.000679040289723857,0.0,0.11984266919842669,1.356501656836249e-05,0.12918394782593307
"('0027284000', 'Mathematics')",0.000679040289723857,0.0,0.11984266919842669,1.356501656836249e-05,0.129183947825933
"('0037549000', 'Mathematics')",0.0011317338162064282,0.0013574656459727544,0.13614791987673344,0.00011682744798157931,0.15094677113939808
"('0029975000', 'Coatings and Polymeric Materials')",0.0009053870529651426,0.0,0.12419880805127628,7.85848882018508e-05,0.13316985274568546
"('0029975000', 'Civil Engineering')",0.0009053870529651426,0.0,0.12419880805127628,7.85848882018508e-05,0.13316985274568546
"('0029975000', 'Chemistry and Biochemistry')",0.0011317338162064282,0.0004526935264825713,0.12420229962609991,7.922738561736387e-05,0.13328302612730608
"('0029975000', 'Ctr for Comp Asst Sci & Tech (CCAST)')",0.0009053870529651426,0.0,0.12419880805127628,7.85848882018508e-05,0.13316985274568546
"('0029975000', 'Unknown Dept')",0.003168854685377999,0.005873434597161693,0.14178888924548286,0.000597854953586774,0.15622721175007132
"('4005518000', 'Board on Health Sciences Policy')",0.00022634676324128565,0.0,0.09023324210612312,6.428070605398945e-09,0.09400948419600082
"('4005518000', 'Unknown Dept')",0.001358080579447714,0.0018101591724553258,0.0991806038837131,6.798704629118156e-08,0.104772142603462
"('0015370000', 'Mechanical Engineering')",0.0004526935264825713,0.0004526935264825713,0.12563985894664997,1.4339233510950313e-05,0.13321573238390755
"('0015370000', 'Cell Biology, Microbiology and Molecular')",0.00022634676324128565,0.0,0.11161921123771507,1.4020228223214086e-06,0.11671376162944683
"('0016261000', 'Natural Resources and Society')",0.000679040289723857,0.0,0.10148856013966737,2.568124002208713e-06,0.10697985116839656
"('0016261000', 'English')",0.000679040289723857,0.0,0.10148856013966737,2.568124002208713e-06,0.10697985116839655
"('0016261000', 'English Department')",0.000679040289723857,0.0,0.10148856013966737,2.568124002208713e-06,0.10697985116839656
"('4019519000', 'Theoretical Separation Science Lab')",0.0004526935264825713,0.0,0.08615444617784711,1.5308917727017453e-09,0.08944784415060794
"('6250024764', 'Unknown Dept')",0.0004526935264825713,0.0,0.08615444617784711,1.5308917727017453e-09,0.08944784415060794
"('0022301000', 'Unknown Dept')",0.0009053870529651426,0.007218499084722767,0.1230777802540673,1.3208772885078915e-06,0.13326821648144113
"('0022301000', 'Department of Physical Oceanography')",0.0004526935264825713,0.0,0.1096332324184823,1.3822810476310513e-07,0.11647168084137006
"('0037986000', 'Civil and Environmental Engineering')",0.0018107741059302852,0.008840024215583,0.1385387268736281,1.66206650543377e-05,0.15439146160310155
"('0037986000', 'Urban Design and Planning')",0.000679040289723857,0.0,0.132932149842034,1.1626944830981775e-05,0.14582921880591102
"('0023259000', 'AOSS')",0.00022634676324128565,0.0,0.1245559627854525,1.1788936275816223e-06,0.13155354992974466
"('0023259000', 'Climate and Space Sciences and Engineeri')",0.0009053870529651426,0.001357670623797741,0.14227288828776607,1.2479407519616131e-05,0.1533997703418245
"('0040071000', 'Apprenticeship')",0.000679040289723857,0.0,0.08446288259697554,1.5012170172939915e-08,0.08787656535575265
"('0040071000', 'Chemistry & Engineering')",0.000679040289723857,0.0,0.08446288259697554,1.5012170172939915e-08,0.08787656535575267
"('5300013255', 'Sustainability')",0.000679040289723857,0.0,0.08446288259697554,1.5012170172939915e-08,0.08787656535575264
"('0015354000', 'Department of Environmental Engineering')",0.0004526935264825713,0.0,0.14211271230056613,4.6624133224140086e-05,0.15341594613323806
"('0015354000', 'Food and Resources Economics Dept.')",0.0004526935264825713,0.0,0.14211271230056613,4.6624133224140086e-05,0.15341594613323803
"('4056404000', 'Unknown Dept')",0.0004526935264825713,0.0021516194920931666,0.13337761139958942,3.973630967734431e-06,0.1419085322152317
"('0028381000', 'Department of Computer Science')",0.001358080579447714,0.0024754191061482156,0.11110831677690315,7.536482624910474e-05,0.11912284456372053
"('0035691000', 'Department of Mechanical Engineering')",0.00022634676324128565,0.0,0.10815177478580171,1.1484870696725972e-06,0.114879201191501
"('0021782000', 'Department of Economics')",0.0009053870529651426,0.0,0.1328681844155063,0.00012039988998182303,0.14312457511303056
"('0021550000', 'Harvard Kennedy School')",0.0009053870529651426,0.0,0.1328681844155063,0.00012039988998182303,0.14312457511303056
"('0037499000', 'Civil, Environ Engineer')",0.0009053870529651426,0.0,0.1255862872736576,3.4454639087843256e-06,0.13380879493623424
"('0037499000', 'Physics & Astronomy')",0.0009053870529651426,0.0,0.1255862872736576,3.4454639087843256e-06,0.13380879493623427
"('0037499000', 'Office of Research Computing')",0.0009053870529651426,0.0,0.1255862872736576,3.4454639087843256e-06,0.1338087949362343
"('0031849000', 'Center for Risk and Crisis Management')",0.00022634676324128565,0.0,0.09875936067955739,2.943190417106875e-08,0.10322995498476266
"('0037283000', 'Computer Science')",0.0004526935264825713,0.0,0.11683503464325382,9.53481426059268e-06,0.12375549848920836
"('0029728000', 'Dept. of Chemical & Biomolecular Eng.')",0.0011317338162064282,0.0010244751063973087,0.14942839748359601,1.5905461584925255e-05,0.16181041557908812
"('0014480000', 'Chemistry')",0.00022634676324128565,0.0,0.11458360349612262,6.207691318876493e-07,0.12198952484964869
"('0020537000', 'School of Biology and Ecology')",0.0018107741059302852,0.0031645501510532835,0.10359219658600638,1.1717489422284198e-07,0.10947965069323334
"('0036962000', 'Department of Biology')",0.0009053870529651426,0.0,0.10357519634274998,1.1174210859843744e-07,0.10891378378513014
"('0020537000', 'School of Economics')",0.0015844273426889996,0.0049683550109340295,0.11550930767621836,8.38512431375596e-07,0.12305114563772288
"('0036962000', 'Nutrition and Food Sciences')",0.0009053870529651426,0.0,0.10357519634274998,1.1174210859843744e-07,0.10891378378513014
"('7203577584', 'Computer Information Systems')",0.0009053870529651426,0.0,0.10357519634274998,1.1174210859843744e-07,0.1089137837851301
"('0028357000', 'CS')",0.00022634676324128565,0.0,0.12155729811528408,4.7287101017058735e-06,0.12790795731606022
"('0025205000', 'Unknown Dept')",0.000679040289723857,0.0004526935264825713,0.13837384114257079,5.018521469051144e-05,0.1481760097706222
"('0037457000', 'Biocomplesity Insitute & Initiative')",0.0009053870529651426,0.00022624427432879241,0.11160229368226943,3.175157020613812e-07,0.11745165473046652
"('0015982001', 'Computer Science')",0.0011317338162064282,0.00013054653155100533,0.14920131032386613,0.0007650432562155183,0.1664190155702142
"('0027110000', 'Civil and Environmental Engineering')",0.0022634676324128564,0.0121509554574995,0.15042560435818864,0.00012607732798294117,0.16979418084556
"('0027110000', 'Biol. & Environmental Eng.')",0.00022634676324128565,0.0,0.1307603516145263,1.188758530825418e-05,0.14209380754446985
"('0037499000', 'VSE/ ECE')",0.00022634676324128565,0.0,0.09725279563264946,1.2399192700994719e-08,0.1013071452605222
"('0016717000', 'Physics')",0.0004526935264825713,0.0,0.09732563774948232,7.285512167481833e-08,0.10163631164782666
"('0012161000', 'Mathematics & Physics')",0.0004526935264825713,0.0,0.09732563774948232,7.285512167481833e-08,0.10163631164782669
"('0037713000', 'Mathematics, Science Education')",0.001358080579447714,0.0009051820751401561,0.10781394894821611,7.005574965644757e-07,0.1141184276479708
"('0013169000', 'Department of Mathematics')",0.0009053870529651426,0.0,0.14912576790656856,4.0085585660481625e-05,0.16098316262983425
"('0013169000', 'Mathematics')",0.0009053870529651426,0.0,0.14912576790656856,4.0085585660481625e-05,0.1609831626298343
"('0018408000', 'CBE')",0.0009053870529651426,0.0,0.14912576790656856,4.0085585660481625e-05,0.1609831626298343
"('0029207000', 'Department of Biostatistics and Bioinfor')",0.00022634676324128565,0.0,0.11999565429952741,0.00033064725774569034,0.127509736806597
"('4069415000', 'Biologics')",0.000679040289723857,0.0,0.14971196204676382,2.1822729419781827e-05,0.16210097746426277
"('0017400000', 'Surgery')",0.000679040289723857,0.0,0.14971196204676382,2.1822729419781827e-05,0.16210097746426277
"('0014456000', 'Department of Spanish and Portuguese')",0.0004526935264825713,0.0009051820751401561,0.0933248838191804,3.711568489425882e-09,0.09817889339317232
"('0031849000', 'Department of Botany and Microbiology')",0.00022634676324128565,0.0,0.10808827127269169,1.2618167249195707e-07,0.11394993296439111
"('0016105000', 'Oceanography')",0.0004526935264825713,0.0004526935264825713,0.10747822702281905,1.3641246470516044e-07,0.1132470576191765
"('0016105000', 'Mathematics')",0.000679040289723857,0.0009051820751401561,0.09706690102164121,1.343460654456484e-08,0.10141422653821595
"('0022335000', 'Business')",0.0004526935264825713,0.0,0.13787292472849833,0.02769827224726137,0.1507797563082747
"('4006821000', 'Statistics and Epidemiology')",0.0004526935264825713,0.0,0.11882732651963421,8.568888239325004e-06,0.12565390565017712
"('6250001303', 'Research')",0.0004526935264825713,0.0,0.11882732651963421,8.568888239325004e-06,0.12565390565017717
"('0002121000', 'Information Technology')",0.0011317338162064282,0.0,0.14172975747465674,0.0005371179837837888,0.15505775347332468
"('0036327000', 'Occupational and Environmental Health')",0.001358080579447714,0.0,0.13488840716880895,1.933794548711643e-05,0.14774023383688276
"('0036327060', 'Computer Science')",0.0018107741059302852,0.010309081460625022,0.14712444636851044,2.205720268585925e-05,0.16277225867538095
"('0015693000', ""College of Engineering Dean' Office"")",0.0004526935264825713,0.0,0.11840694682675815,3.6668328692341825e-06,0.12486965181340422
"('0015693000', 'College of Engineering')",0.0004526935264825713,0.0,0.11840694682675815,3.6668328692341825e-06,0.12486965181340422
"('4003045000', 'Computing Research Organization')",0.0009053870529651426,0.0,0.15625110521662247,9.627411577418923e-05,0.17046217514189277
"('0029728000', 'Engineering Office of Academic Affairs')",0.00022634676324128565,0.0,0.1097694295368714,2.583240334071583e-07,0.11516335068281512
"('0013706000', 'Geography')",0.0015844273426889996,0.015297904470450461,0.1541359941387852,1.3029975488381895e-05,0.1707211222206682
"('0020297000', 'Anthropology')",0.00022634676324128565,0.0,0.11291724173184071,3.815341135818361e-08,0.11877491629641872
"('0015354000', 'Biology')",0.0009053870529651426,0.0049683550109340295,0.14709505576827034,0.0002658611711123993,0.16118427621369952
"('0016410000', 'Education, Counseling, and Leadership')",0.0004526935264825713,0.0,0.12827361941815227,2.7853967648273828e-05,0.13714866882023904
"('0027078000', 'Applied Physics and Applied Mathematics')",0.002037120869171571,0.0016879895868704708,0.13112126788152192,8.33299946037692e-06,0.14163123042140605
"('0027078000', 'Department of Applied Physics and Applie')",0.001358080579447714,0.0006028505416254465,0.12934769879376976,4.894902847633223e-06,0.13866622663589548
"('0027078000', 'Seismology Department')",0.000679040289723857,0.0,0.12929091920049166,4.49212905563933e-06,0.13815532965600805
"('0034710000', 'Department of Plant Science')",0.0009053870529651426,0.0,0.12552206153933573,3.946902310541374e-06,0.13400888131535427
"('0036962000', 'CDAE & Computer Science')",0.0009053870529651426,0.0,0.12552206153933573,3.946902310541374e-06,0.13400888131535427
"('6250021712', 'Science Dept')",0.00022634676324128565,0.0,0.11623257037621679,1.061246151859189e-06,0.12316097016154211
"('0017392000', 'Unknown Dept')",0.0011317338162064282,0.005936600495134855,0.15116159715331715,0.02190068069664318,0.1672514749472638
"('0027078000', 'Economics')",0.000679040289723857,0.0004526935264825713,0.1432833884672764,1.951499175240471e-05,0.15377806075519881
"('0027078000', 'Department of Economics')",0.00022634676324128565,0.0,0.12532977787864175,1.8415974507124946e-06,0.13190600833199234
"('4007712000', 'Computer Science Laboratory')",0.00022634676324128565,0.0,0.11298076923076923,7.498056201454704e-06,0.1201734585415642
"('0033787000', 'Department of Statistics and Data Scienc')",0.0004526935264825713,0.0004526935264825713,0.13044762017243416,3.039825011529708e-05,0.13952325402076313
"('0026278000', 'Computer Science')",0.0004526935264825713,0.0004526935264825713,0.12002173322466721,9.826904081221295e-07,0.127575423356885
"('4004149000', 'Office of the Provost')",0.00022634676324128565,0.0,0.10716278167220511,9.510378265955593e-08,0.1122497621129539
"('0034702000', 'Department of Geology and Geological Eng')",0.000679040289723857,0.0,0.14458698782563162,2.2966732929418003e-05,0.15593728802759943
"('0023259000', 'Materials Science')",0.0004526935264825713,0.0,0.12222652575665358,9.483186111828016e-07,0.13014828652560628
"('0013177000', 'Electrical & Computer Engineering 0407')",0.0009053870529651426,0.0,0.1279170768428977,1.534390588503187e-05,0.1366652951193463
"('0039446000', 'Electrical & Computer Engineering')",0.0009053870529651426,0.0,0.1279170768428977,1.534390588503187e-05,0.1366652951193463
"('0033795000', 'Information Sciences')",0.001358080579447714,0.002231084657374237,0.13756811458819865,0.00011248462692355856,0.14842145493458275
"('0096354000', 'Electrical & Computer Engineering')",0.00022634676324128565,0.0,0.11656376972191441,3.7496185425443205e-06,0.12300075999147923
"('0025650000', 'Electrical and Computer Engieering')",0.0009053870529651426,0.0004526935264825713,0.13193967448111094,3.821955963845865e-05,0.1419694824063311
"('0019281000', 'Academic Affairs and Innovation')",0.0004526935264825713,0.0,0.11086852869582675,1.2623403724762691e-06,0.1168549752454492
"('5300002935', 'Unknown Dept')",0.0015844273426889996,0.002262032787637951,0.12468250832533724,1.1970094668424315e-05,0.13373793445375576
"('0032102000', 'Physical Oceanography Program - CEOAS')",0.00022634676324128565,0.0,0.11304147583348259,1.3532590622689771e-07,0.1193003034528671
"('0027854000', 'Mech. & Aero. Eng., Civil & Urban Eng.')",0.000679040289723857,0.00048665088789839536,0.12965136753140039,0.00011064111316701775,0.13930015522930758
"('0018093000', 'Department of Physics')",0.00022634676324128565,0.0,0.12871085214857975,7.226433403668526e-06,0.13702636204899618
"('0033787000', 'Department of Statistics')",0.00022634676324128565,0.0,0.11539767532976361,2.8638925587585342e-06,0.12132259150989295
"('0013151000', 'Anthropology UCLA')",0.00022634676324128565,0.0,0.09975614161849711,2.854693907570096e-08,0.10504695840033984
"('0013151000', 'Mathematics')",0.0015844273426889996,0.0029386133434619707,0.11080735371573323,2.981263815958621e-07,0.11892488567687504
"('0013052000', 'Applied Physics')",0.0004526935264825713,0.0,0.09670146868912383,6.136304157074352e-09,0.10068600165425391
"('0013052000', 'Unknown Dept')",0.0009053870529651426,0.0009051820751401561,0.10704853286811562,5.866802835248404e-08,0.112711087905811
"('0011312000', 'Electrical Engineering')",0.0004526935264825713,0.0,0.09670146868912383,6.136304157074352e-09,0.10068600165425388
"('0028944000', 'Warner School of Education & Human Devel')",0.00022634676324128565,0.0,0.10995520159283226,3.6361883482201003e-07,0.11601780509557388
"('0013144000', 'Physics and Astronomy')",0.002489814395654142,0.0037910922875136715,0.12688839106209432,0.21986589970616283,0.13826982584338754
"('0027854000', 'Technology Management & Innovation')",0.0011317338162064282,0.00635563597979132,0.14532416696819184,7.159232349692636e-05,0.15866353982017062
"('0022905000', 'NSCL')",0.00022634676324128565,0.0,0.13611855685984534,0.0001023144226588807,0.15038090423129485
"('0013128000', 'Department of Physics')",0.0018107741059302852,0.0067688802256149925,0.1422958000515331,5.103921841908343e-05,0.15541033396963547
"('0013151000', 'Physics and Astronomy')",0.0009053870529651426,0.0,0.14222708688793742,4.872186680938924e-05,0.15476901814045185
"('0013177000', 'Mechanical and Aerospace Engineering')",0.0015844273426889996,0.006249898714411419,0.12570420531497184,6.135083712905446e-05,0.13605040965271747
"('0033795000', 'Information Culture and Data Stewardship')",0.0009053870529651426,0.0,0.13121083424905705,0.00017592299054178506,0.1403531230602302
"('7203582844', 'Unknown Dept')",0.0009053870529651426,0.0,0.13121083424905705,0.00017592299054178506,0.14035312306023023
"('7203582901', 'Unknown Dept')",0.0009053870529651426,0.0,0.13121083424905705,0.00017592299054178506,0.14035312306023023
"('0013052000', 'Electrical Eng. and Computer Science')",0.00022634676324128565,0.0,0.09669723565847359,5.4996076251415445e-09,0.10053510381209305
"('0022905000', 'Program in Mathematics Education')",0.000679040289723857,0.0,0.13810997530401076,0.0001345701952677216,0.15366494100333514
"('0022905000', 'Teacher Education')",0.000679040289723857,0.0,0.13810997530401076,0.0001345701952677216,0.15366494100333514
"('0036582000', 'Oden Institute for Computational Enginee')",0.0004526935264825713,0.0,0.12519836771707096,1.58699546843718e-06,0.1331849123804824
"('0028365000', 'Physics, Applied Physics and Astronomy')",0.0009053870529651426,0.0009051820751401561,0.12520546392336904,1.61612071957767e-06,0.13341125914372365
"('0032102000', 'College of Earth Ocean & Atmospheric Sci')",0.00022634676324128565,0.0,0.11304147583348259,1.3532590622689771e-07,0.1193003034528671
"('7203596476', 'Unknown Dept')",0.0004526935264825713,0.0,0.148484237413457,5.051272363006965e-05,0.16178664653087377
"('0016105000', 'Information & Computer Sciences')",0.0004526935264825713,0.010365749775848924,0.1363748610939622,1.3068826666146477e-05,0.1471011653956415
"('0013177010', 'Integrative Oceanography Division, 0230')",0.00022634676324128565,0.0,0.10596757171639642,5.266303519528724e-08,0.11102606203862915
"('0013177010', 'CASPO')",0.0011317338162064282,0.0026752629438538183,0.11852448021462106,5.577832561961364e-07,0.1262618662460213
"('0030775000', 'Department of Geology')",0.00022634676324128565,0.0,0.10585585585585586,2.347866390008907e-07,0.1109612384415648
"('6250013252', 'Unknown Dept')",0.0009053870529651426,0.004517711262701322,0.12568990042674252,1.478353620323334e-05,0.13585371798364
"('0038950000', 'Agricultural & Applied Economics')",0.0009053870529651426,0.0,0.12726487109318738,0.00011686797941019362,0.13669179583054578
"('0038950000', 'Agricultural and Applied Economics')",0.0009053870529651426,0.0,0.12726487109318738,0.00011686797941019362,0.13669179583054578
"('0038950000', 'School of Economics')",0.0009053870529651426,0.0,0.12726487109318738,0.00011686797941019362,0.13669179583054578
"('6250023369', 'Unknown Dept')",0.0009053870529651426,0.0,0.12726487109318738,0.00011686797941019362,0.13669179583054578
"('0016923000', 'Geography, Geology and the Environment')",0.0018107741059302852,0.0005579047758255231,0.12107426692244451,2.7783224362783048e-06,0.1296255895027954
"('0029744000', 'Geological Sciences')",0.0018107741059302852,0.001464886857017792,0.12242635852245962,2.896883545119269e-06,0.13112906659760412
"('0038950000', 'Limnology')",0.0009053870529651426,0.0,0.11345951359819205,8.975392909400692e-07,0.12000989836831774
"('0036137000', 'Earth Sciences')",0.0009053870529651426,0.0,0.11345951359819205,8.975392909400692e-07,0.12000989836831774
"('0037549000', 'Plant Pathology Phys & Weed Science')",0.00022634676324128565,0.0,0.10984311677979165,1.4819747745497294e-07,0.11513904138361407
"('0037549000', 'Department of Computer Science')",0.0004526935264825713,0.0004526935264825713,0.12339403418612445,1.5718186624814561e-06,0.13133960250302446
"('0017749000', 'Physics')",0.000679040289723857,0.0009051820751401561,0.12428266006526387,4.582277097580727e-05,0.13251661572168513
"('0017749000', 'Department of Physics')",0.0004526935264825713,0.0,0.11054949454509058,4.764672293757057e-06,0.11616898738050802
"('0017749000', 'Enrico Fermi Institute')",0.0004526935264825713,0.0,0.11054949454509058,4.764672293757057e-06,0.11616898738050802
"('0010553000', 'Electrical & Computer Engineering')",0.00022634676324128565,0.0,0.07631056222471716,1.72983161938334e-11,0.07906761231494619
"('0096354000', 'School of Computing & Information Scienc')",0.00022634676324128565,0.0,0.1129028136260254,1.588689774143648e-05,0.12003003912238744
"('0036327000', 'Psychological and Brain Sciences')",0.0009053870529651426,0.0003900671286214444,0.14301437265311406,5.2695380977941515e-06,0.15597455773440258
"('0033290000', 'Geosciences')",0.0015844273426889996,0.007593113037196596,0.15031301034295047,3.213617492995556e-05,0.16545393455194143
"('0031310000', 'Chemical Engineering')",0.00022634676324128565,0.0,0.11008122788657995,1.3295898666654784e-06,0.11587079612204017
"('0035303000', 'Anthropology Department')",0.00022634676324128565,0.0,0.1253048953429009,2.0354823153112342e-05,0.13492307199867087
"('0023879000', 'Department of Applied Economics')",0.000679040289723857,0.0,0.1522713172950989,7.913217887750604e-05,0.16692798235917167
"('0017756000', 'Crop Sciences')",0.0018107741059302852,0.002996565102550673,0.12585101837345108,7.072983854894642e-06,0.13664928043889063
"('0017756000', 'Department of Evolution, Ecology and Beh')",0.00022634676324128565,0.0,0.11178584079753048,6.669547005900502e-07,0.11854246869109086
"('0018259000', 'Technology Leadership & Innovation')",0.00022634676324128565,0.0,0.15173266476628774,6.24213317467085e-05,0.16565380195982163
"('0011536000', 'Mathematics')",0.000679040289723857,0.0,0.09977191120345069,6.256355575090698e-08,0.10541665811363393
"('0013151000', 'Department of Mathematics')",0.0009053870529651426,0.0015808402307517368,0.11079901690324523,2.906395826065681e-07,0.11858536553201314
"('0010819000', 'Electrical, Computer & Energy Engineerin')",0.0011317338162064282,0.000498308820459387,0.12834814943931208,0.0003321635434883776,0.1394627535584976
"('0010819000', 'Ira A. Fulton Schools of Engineering')",0.000679040289723857,0.0,0.12644895389106728,0.00024019214731680393,0.13663040596041884
"('0013052000', 'Department of Applied Physics')",0.000679040289723857,0.0013574656459727544,0.1418981853219849,0.0004769807195780363,0.15461097425787215
"('0037424000', 'Unknown Dept')",0.00022634676324128565,0.0,0.11071016889690773,3.379825456174673e-07,0.11601461128928858
"('0025205000', 'Department of Anthropology')",0.000679040289723857,0.0009052845640526493,0.124489278367945,3.4933765508102875e-06,0.1324141893517168
"('4001443000', 'Engineering Test and Tech')",0.0004526935264825713,0.0,0.12520191571967013,1.5867153591443506e-06,0.1332037746107525
"('0013177010', 'IGPP')",0.0004526935264825713,0.0014480339409688244,0.11498919861534057,2.939673808274534e-07,0.12234538723584154
"('0021998000', 'Khoury College of Computer Science')",0.000679040289723857,0.0,0.13551315870192013,8.407975074689081e-06,0.1458936843047289
"('0021998000', 'Counseling & Applied Educational Psych')",0.000679040289723857,0.0,0.13551315870192013,8.407975074689081e-06,0.14589368430472888
"('0025734000', 'Unknown Dept')",0.0009053870529651426,0.0009051820751401561,0.13552147239263804,8.481029912246205e-06,0.14604458214688973
"('0010819000', 'Mary Lou Fulton College of Education')",0.000679040289723857,0.0,0.1485841124638461,0.0008910326779730382,0.165135694243887
"('0010819000', 'Educational Leadership and Innovation')",0.000679040289723857,0.0,0.1485841124638461,0.0008910326779730382,0.16513569424388705
"('0026294000', 'Graduate School of Education')",0.000679040289723857,0.0,0.1309968570242543,7.364115008025434e-05,0.14363437980459146
"('0029769000', 'Teacher Education')",0.0015844273426889996,0.005174705527945767,0.13138251999881048,7.721776446545229e-05,0.1448490747721158
"('0036582000', 'Jackson School of Geosciences')",0.00022634676324128565,0.0,0.12366689993002099,2.6599640031618685e-07,0.1309483095245881
"('0023879000', 'Department  of Plant Pathology')",0.000679040289723857,0.0,0.13374909178977962,3.989550532654266e-06,0.14365653146209922
"('0029728000', 'Electrical and Computer Engineering')",0.0011317338162064282,0.009399965218208078,0.13641697029580682,4.329018878260715e-06,0.14836800629580105
"('0029728000', 'Applied Ecology')",0.0009053870529651426,0.001084092199083674,0.13533466074437125,4.177601203188781e-06,0.14567803995712517
"('0022905000', 'Plant Biology')",0.0015844273426889996,0.003385260024107442,0.13624448761834274,0.00013613581096029548,0.15159185941463574
"('0015982001', 'Crop & Soil Sciences')",0.0009053870529651426,0.0,0.11995981427679274,3.1611987630246295e-05,0.12991580236041317
"('0001289000', 'DBMI')",0.001358080579447714,0.0029340525868560225,0.13624448761834274,0.00013511155781307596,0.1515164104935553
"('7203585737', 'Unknown Dept')",0.0009053870529651426,0.0,0.11995981427679274,3.161198763024629e-05,0.12991580236041317
"('0013284000', 'Computer Science Department')",0.00022634676324128565,0.0,0.10519799033264281,1.1426217509586888e-07,0.10955291636778347
"('0037986000', 'Department of Civil and Environmental En')",0.000679040289723857,0.0,0.10344666104711062,1.3426164551824543e-07,0.10971005807703114
"('0037986000', 'Industrial & Systems Engineering')",0.0009053870529651426,0.0004526935264825713,0.10344908328845388,1.3536880187864958e-07,0.10982323145865179
"('0037986000', 'Environmental & Occupational Health Scie')",0.000679040289723857,0.0,0.10344666104711062,1.3426164551824543e-07,0.10971005807703117
"('0014266000', 'Mechanical Engineering and Materials Sci')",0.00022634676324128565,0.0,0.12160079268963998,4.015902439319151e-06,0.12898346843287953
"('0026633000', 'Electrical and Computer Engineering')",0.0004526935264825713,0.0,0.10396517237322038,3.264806452029643e-07,0.10947372548259768
"('0026633000', 'Electrical Engineering')",0.001358080579447714,0.0013574656459727544,0.11601890756302521,3.007195869807493e-06,0.1242323103685712
"('0020297000', 'River-Coastal Science and Engineering')",0.00022634676324128565,0.0,0.1016660530191458,2.163699269057815e-08,0.10610184218950278
"('0018929000', 'IIHR-Hydroscience & Engineering')",0.0009053870529651426,0.0004526935264825713,0.11316888239965163,2.2788041787870505e-07,0.11970736520556066
"('0023259000', 'Microbiology & Immunology')",0.00022634676324128565,0.0,0.09641656846056479,7.326696368068725e-09,0.10042959971810339
"('0010819000', 'School of Earth & Space Exp')",0.000679040289723857,0.0,0.10526566595187038,3.098581313617264e-06,0.11115452030741622
"('0013789000', 'Geological Sciences')",0.000679040289723857,0.0,0.10526566595187038,3.098581313617264e-06,0.11115452030741622
"('0015354000', 'Geological Sciences')",0.000679040289723857,0.0,0.10526566595187038,3.098581313617264e-06,0.11115452030741622
"('0032102000', 'College Of Forestry')",0.0009053870529651426,0.0,0.1029812824875877,8.396271991052739e-08,0.10771136430504333
"('0013144000', 'School of Social Ecology')",0.0015844273426889996,0.002261417854162992,0.11478902515069632,6.287952067058908e-07,0.12140082195503817
"('0013144000', 'Civil Engineering - Water Resources')",0.0009053870529651426,0.0,0.1029812824875877,8.396271991052739e-08,0.10771136430504333
"('0037499000', 'Geography & Geoinformation Science')",0.0009053870529651426,0.0,0.1029812824875877,8.396271991052739e-08,0.10771136430504333
"('0022905000', 'Mechanical Engineering')",0.0018107741059302852,0.005421765959804053,0.13621928282921716,0.00011104105322843258,0.15165599099755414
"('0030908000', 'Department of Electrical and Computer En')",0.0004526935264825713,0.0,0.11989470541941437,1.1551815717183787e-05,0.12938173178333673
"('0022905000', 'Computer Science And Engineering')",0.0004526935264825713,0.0,0.11989470541941437,1.1551815717183787e-05,0.12938173178333673
"('0010751000', 'Mathematics')",0.000679040289723857,0.0004526935264825713,0.13372480174344695,0.0001677642966805978,0.14507759166541395
"('0013482000', 'Physics')",0.0004526935264825713,0.0004526935264825713,0.07442722371967656,1.0841083167943142e-11,0.07731518519010742
"('0029207000', 'Pulmonary')",0.0004526935264825713,0.0,0.12368421052631579,3.6389973325248134e-06,0.13166859924442492
"('0029207000', 'Medicine')",0.0004526935264825713,0.0,0.12368421052631579,3.6389973325248134e-06,0.1316685992444249
"('0039545000', 'Florida Space Institute')",0.0004526935264825713,0.0,0.10490324112548972,1.1187955482070878e-07,0.1103840437575408
"('0039545000', 'FLORIDA SPACE INSTITUTE')",0.0004526935264825713,0.0,0.10490324112548972,1.1187955482070878e-07,0.11038404375754078
"('0028381000', 'School of Journalism')",0.0015844273426889996,0.0007832378166428626,0.10004528985507247,1.117166062976374e-05,0.10629799513023283
"('0028381000', 'School of Communication and Journalism')",0.000679040289723857,0.0,0.09097461030002266,1.4449142818298155e-06,0.09559505500460508
"('0021782000', 'Computer Science Artificial Intellegienc')",0.00022634676324128565,0.0,0.09830229401686581,2.4685683197570235e-07,0.10326664624723154
"('0021782000', 'Lab. for Information & Decision Systems')",0.0011317338162064282,0.0004526935264825713,0.10901643389429008,2.62090504007207e-06,0.11650474891627287
"('0032896000', 'Mechanical Engineering & Mechanics')",0.0009053870529651426,0.0,0.11639793445041627,1.133682660146558e-06,0.12273066610719352
"('0013979000', 'Mechanical and Industrial Engineering')",0.001358080579447714,0.002713086491520631,0.1317076079179585,8.577782063807024e-06,0.14114360879299742
"('0032896000', 'Library & Technology Services')",0.0009053870529651426,0.0,0.11639793445041627,1.133682660146558e-06,0.12273066610719352
"('0032896000', 'Dept. of Chemistry')",0.0009053870529651426,0.0,0.11639793445041627,1.133682660146558e-06,0.12273066610719352
"('0014316000', 'Computer & Information Sciences')",0.0015844273426889996,0.0004526935264825713,0.12937800163992036,1.1094447509212525e-05,0.13885854412676465
"('0034488000', 'Pharmacy')",0.00022634676324128565,0.0,0.11455983404641515,1.0596851760575637e-06,0.12057877229301539
"('0029066000', 'Geology')",0.00022634676324128565,0.0,0.0879256473023265,6.476131213822064e-09,0.09148627529828347
"('0096354000', 'School of Universal Computing, Construct')",0.0004526935264825713,0.0,0.1464562752768017,0.00012672860675320277,0.15989861830739957
"('0033290000', 'Dept. of Computer Science & Engineering')",0.0018107741059302852,0.003183308147861207,0.15030278288086005,2.2337625123427326e-05,0.16391678087015232
"('0033290000', 'Learning and Performance Systems')",0.0004526935264825713,0.0,0.13068299464607921,2.3667181308139784e-06,0.13912149542525218
"('0030775000', 'Discovery Center for Evaluation, Researc')",0.0009053870529651426,0.0013574656459727544,0.1306945923559342,2.4115226941323435e-06,0.13938556664903362
"('0013128000', 'Materials Science and Engineering')",0.0004526935264825713,0.0,0.11954757008334235,4.202354653460973e-06,0.12646777452968047
"('0033795000', 'Department of Physics and Astronomy')",0.0004526935264825713,0.0,0.13233488093455145,1.903622635534097e-05,0.14215048193092447
"('0015982000', 'Department of Statistics')",0.0009053870529651426,0.0,0.1491811581968597,0.0006687621052797012,0.16619266880697295
"('0015982001', 'Graduate School')",0.0009053870529651426,0.0,0.1491811581968597,0.0006687621052797012,0.16619266880697295
"('0022905000', 'Computer Science and Engineering')",0.0009053870529651426,0.0018095442389803665,0.12459108855047941,4.78159743215119e-06,0.1328343378366009
"('0025171000', 'Biological Sciences')",0.0004526935264825713,0.0,0.09079325935059597,7.600251959475855e-09,0.09440429562952705
"('0025171000', 'Department of Mining Engineering')",0.0004526935264825713,0.0,0.09079325935059597,7.600251959475855e-09,0.09440429562952707
"('0029744000', 'UNC Institute for the Environment')",0.00022634676324128565,0.0,0.122179203539823,6.402606789290888e-06,0.1297929420184961
"('0023259000', 'Rackham Graduate School')",0.0004526935264825713,0.0,0.1193537929543981,7.232341954210338e-07,0.12708481787816317
"('6250036404', 'Unknown Dept')",0.00022634676324128565,0.0,0.10504041844983357,9.887511024359192e-07,0.11163891960582474
"('0021303000', 'Earl Center for Learning & Innovation')",0.001358080579447714,0.0016212081804918967,0.11736577849799432,1.0496540640457896e-05,0.12749602101934038
"('0023291000', 'Office of the Provost')",0.0015844273426889996,0.0,0.11574534975111345,5.724186945640265e-07,0.12362573507571852
"('0023291000', 'Department of Engineering Technology')",0.002489814395654142,0.0029578923814228297,0.1260413100536346,1.5601276279787219e-06,0.13639565151811156
"('0023291000', 'Geology')",0.0018107741059302852,0.0006848775235677258,0.11936669188371339,8.165834685646213e-07,0.12840484384984777
"('0023291000', 'Office for Teaching & Learning')",0.0015844273426889996,0.0,0.11574534975111345,5.724186945640265e-07,0.12362573507571853
"('0023291000', 'Communication')",0.0015844273426889996,0.0,0.11574534975111345,5.724186945640265e-07,0.12362573507571853
"('0015693000', 'Civil and Environmental Engineering')",0.0018107741059302852,0.008538491290028512,0.13636644237298598,4.513512569510124e-05,0.1482233632018593
"('0015693000', 'DuPree College of Management')",0.0009053870529651426,0.0,0.13290815559098704,4.259966190424806e-05,0.14276894701294818
"('0015693000', 'School of Civil and Evironmental Eng')",0.0009053870529651426,0.0,0.13290815559098704,4.259966190424806e-05,0.14276894701294818
"('0013136000', 'Civil and Environmental Engineering')",0.0009053870529651426,0.0,0.13290815559098704,4.259966190424806e-05,0.14276894701294815
"('0037986000', 'School of Aquatic & Fishery Sciences')",0.0004526935264825713,0.0013574656459727544,0.12483752472449845,2.9241353839144417e-06,0.1361168349930892
"('0025163000', 'Dept. of Learning, Teaching & Curriculum')",0.000679040289723857,0.0004526935264825713,0.12259622055110025,7.464857229120924e-06,0.13063369374200023
"('0013508000', 'Design & Merchandising')",0.00022634676324128565,0.0,0.10921046126464626,7.059109652606845e-07,0.11450810968309437
"('0029751000', 'Reading & Elementary Education')",0.0004526935264825713,0.0,0.14882937510527203,4.629789324432673e-05,0.16215555419380587
"('4001434000', 'Education and Public Engagement')",0.00022634676324128565,0.0,0.11182545307279539,1.3147877615096638e-06,0.11760949891009308
"('0010835000', 'Civil Engineering & Engineering Mechanic')",0.00022634676324128565,0.0,0.09738356073798135,1.9973473861411492e-08,0.10084648983039059
"('0010835000', 'Systems and Industrial Engineering')",0.0004526935264825713,0.0004526935264825713,0.10788766788766789,2.118852263001722e-07,0.11275219165068029
"('0022301000', 'Physical Oceanography Department')",0.00022634676324128565,0.0,0.09883447797588421,1.3295213678063881e-08,0.10372947684010128
"('0018697000', 'Civil, Construction & Environmental Engr')",0.0011317338162064282,0.0026970521576619427,0.13856045162302022,0.00014592403958512944,0.1511536442783601
"('0018697000', 'Dept. of Civil, Const., & Environ. Eng.')",0.000679040289723857,0.0,0.13776973930397904,0.00013943962348552305,0.14973191387858553
"('0015354000', 'Department of Electrical and Computer En')",0.00022634676324128565,0.0,0.13847359348064567,6.14708895365559e-05,0.14876236760573516
"('0023259000', 'Combined Prog. in Educ. & Psych.')",0.0004526935264825713,0.0,0.12455947447066452,1.3018993925233415e-06,0.1316667233113653
"('0026906000', 'Unknown Dept')",0.0004526935264825713,0.0,0.12455947447066452,1.3018993925233415e-06,0.1316667233113653
"('0026633000', 'Mechanical Engineering')",0.0009053870529651426,0.0,0.11600976813801434,2.9487308463488616e-06,0.12396823914478977
"('0026633000', 'Chemical and Biological Engineering')",0.0011317338162064282,0.00045291781718015964,0.1219195849546044,3.387426974381852e-06,0.1308873725238595
"('0026633000', 'Computer Science')",0.0033952014486192846,0.008798974182300343,0.13120693751484913,2.0800233346635133e-05,0.14373258274344644
"('0026633000', 'Civil, Construction and Environmental En')",0.0009053870529651426,0.0,0.11600976813801434,2.9487308463488616e-06,0.12396823914478977
"('0010835000', 'Electrical & Computer Engineering')",0.001358080579447714,0.003071230205743908,0.14276942963322023,5.5159781424354895e-05,0.15474214809886946
"('6250030588', 'Unknown Dept')",0.0004526935264825713,0.0,0.131770460510618,1.6858369160157762e-05,0.1415243689462786
"('7203581108', 'Unknown Dept')",0.00022634676324128565,0.0,0.11191610092207924,2.04329887779526e-07,0.1175557109425569
"('0023259000', 'Department of Chemistry')",0.000679040289723857,0.0,0.11753125831338122,5.124640657153578e-07,0.12532564348680858
"('0013284000', 'Center for Economic and Social Research')",0.0009053870529651426,0.0,0.14111859967419427,0.00019078561375539098,0.15459821854117833
"('0021030000', 'Survey Methodology')",0.0009053870529651426,0.0,0.14111859967419427,0.00019078561375539098,0.15459821854117833
"('0020776000', 'Department of Mental Health')",0.0009053870529651426,0.0,0.14111859967419427,0.00019078561375539098,0.15459821854117833
"('0020776000', 'Mental Health')",0.0009053870529651426,0.0,0.14111859967419427,0.00019078561375539098,0.15459821854117833
"('0022905000', 'Chemical Engineering & Materials Science')",0.0015844273426889996,0.0013574656459727544,0.12464381436027648,1.9541221129076965e-05,0.13540108813672092
"('5300016026', 'Senior Scientist')",0.0011317338162064282,0.0,0.1246332656285263,1.918931201805156e-05,0.13513701691293944
"('6250007332', 'Unknown Dept')",0.0011317338162064282,0.0,0.1246332656285263,1.918931201805156e-05,0.13513701691293944
"('5300016026', 'Unknown Dept')",0.0011317338162064282,0.0,0.1246332656285263,1.918931201805156e-05,0.13513701691293944
"('4012746000', 'Unknown Dept')",0.00022634676324128565,0.0,0.07090809873848425,2.0690166802570205e-12,0.07315927951100681
"('0036046000', 'Electrical & Computer Engineering')",0.0004526935264825713,0.0004526935264825713,0.14900003372567536,1.7650308512565364e-05,0.16084267889949075
"('0026393000', 'Office of Undergraduate Academics')",0.000679040289723857,0.0,0.12233482859832752,2.6033301680548093e-06,0.13222855738367112
"('0037986000', 'School of Social Work')",0.000679040289723857,0.0,0.12233482859832752,2.6033301680548093e-06,0.13222855738367112
"('0013144000', 'Political Science')",0.0004526935264825713,0.0,0.11407177898270075,2.7077102063781436e-07,0.12058402704855667
"('0027110000', 'Government')",0.000679040289723857,0.002021453438662425,0.11446188921705788,2.848297928677814e-07,0.12163210564869506
"('0028829000', 'Unknown Dept')",0.0018107741059302852,0.008200922732497692,0.12835187821388105,2.5457477273447463e-06,0.13809111477423527
"('0018259000', 'Electrical & Computer Engineering')",0.000679040289723857,0.0009051820751401561,0.1345105799969554,1.1171999736186648e-05,0.14374242841309326
"('0022905000', ""Nat'l Superconducting Cyclotron Laborato"")",0.000679040289723857,0.0,0.13614372438445657,0.00012677178156950136,0.15075814883669697
"('0022905000', 'NSCL/ Physics & Astronomy')",0.000679040289723857,0.0,0.13614372438445657,0.00012677178156950136,0.15075814883669697
"('0036046000', 'Department of Political Science')",0.0009053870529651426,0.0,0.14701673821170677,2.7791252483632385e-05,0.15827557960876096
"('0036046000', 'Psychology')",0.0009053870529651426,0.0,0.14701673821170677,2.7791252483632385e-05,0.15827557960876096
"('7203582775', 'Unknown Dept')",0.0009053870529651426,0.0,0.14701673821170677,2.7791252483632385e-05,0.15827557960876093
"('0011643000', 'Unknown Dept')",0.001358080579447714,0.009834017140182772,0.13711129042269257,8.638217960593466e-05,0.14896541452109513
"('0036566000', 'School of Social Work')",0.000679040289723857,0.0,0.12456649843516508,7.465752021806169e-05,0.1335858051962612
"('0033290000', 'Learning Resource Center')",0.0004526935264825713,0.0,0.12267792186155,4.014385816012455e-06,0.13252199009578508
"('0033290000', 'Plastics Engineering Technology')",0.0004526935264825713,0.0,0.12267792186155,4.014385816012455e-06,0.13252199009578508
"('0014811000', 'SNMREC')",0.0011317338162064282,0.0004526935264825713,0.11784161532101038,3.37336480773187e-06,0.12501010445215835
"('0014811000', 'Department of Biological Sciences')",0.00022634676324128565,0.0,0.10542139925551207,3.296445034222775e-07,0.11011882746547635
"('0021550000', 'Harvard Astronomy Department')",0.00022634676324128565,0.0,0.11560905403637316,7.612680346301974e-06,0.12131270179844804
"('0019489001', 'Chemical and Petroleum Engineering')",0.000679040289723857,0.0,0.12112073692290821,1.8521985630569073e-06,0.1295166181225546
"('0018408000', 'Dept. of Chem. & Biomolec. Engineering')",0.0011317338162064282,0.0023055777786449463,0.1303706326723324,4.0871119725949365e-06,0.13984287806152843
"('0036327060', 'Materials Science and Engineering, Chemi')",0.000679040289723857,0.0,0.12112073692290821,1.8521985630569073e-06,0.12951661812255463
"('0021998000', 'Sociology')",0.0004526935264825713,0.0,0.11537055413380687,8.892913957023614e-06,0.1221108433591445
"('0021998000', 'School of Law')",0.0004526935264825713,0.0,0.11537055413380687,8.892913957023614e-06,0.1221108433591445
"('0020776000', 'Dept.of Biophysics')",0.00022634676324128565,0.0,0.122179203539823,6.402606789290888e-06,0.12979294201849612
"('0030908000', 'Department of Anthropology')",0.0004526935264825713,0.0,0.11537055413380687,8.892913957023614e-06,0.1221108433591445
"('0030908001', 'Anthropology')",0.0004526935264825713,0.0,0.11537055413380687,8.892913957023614e-06,0.1221108433591445
"('0037986000', 'Linguistics')",0.000679040289723857,0.0,0.10310144454038413,5.027797971340808e-07,0.1084151813023317
"('0028373000', 'Department of Linguistics')",0.000679040289723857,0.0,0.10310144454038413,5.027797971340808e-07,0.1084151813023317
"('0013151000', 'UCLA Graduate Division')",0.000679040289723857,0.0,0.10149322306455318,2.1117212927644537e-07,0.1062546122145203
"('0034017000', 'Computer Science Department')",0.0004526935264825713,0.0,0.11100223612472049,4.891562958248078e-07,0.11859550839920763
"('0036756000', 'Department of Chemistry')",0.00022634676324128565,0.0,0.09680105170902717,3.7221891338395766e-07,0.10190501885524454
"('7203586800', 'Unknown Dept')",0.00022634676324128565,0.0,0.12526226254607314,2.948907812840344e-05,0.13431819488292956
"('0030908001', 'Department of Integrated Systems Eng.')",0.0004526935264825713,0.0,0.1307332662602829,0.025602068933129,0.14248634269005375
"('0010819000', 'School for Engineering of Matter, Transp')",0.0004526935264825713,0.0004526935264825713,0.14384788200436296,0.000699618742996336,0.15931884372355087
"('0011478001', 'Unknown Dept')",0.0004526935264825713,0.0,0.08182239096212612,8.346635286772174e-10,0.0852192100426158
"('0011478001', 'Biology')",0.0004526935264825713,0.0,0.08182239096212612,8.346635286772174e-10,0.08521921004261583
"('0011478001', 'Chemistry')",0.001358080579447714,0.0009051820751401561,0.08911030880009682,7.792332000249026e-09,0.09395365642016672
"('0014894000', 'Illinois Natural History Survey, Species')",0.000679040289723857,0.0015968542750264857,0.12136695785945827,0.003861085474656979,0.13073332242323385
"('0096354000', 'Department: Biological Sciences')",0.0004526935264825713,0.0,0.11290569895221059,3.109583952018884e-05,0.12014321250400806
"('0029207000', 'Program in Education')",0.00022634676324128565,0.0,0.11008122788657995,3.87855065930366e-07,0.11543138153029422
"('0001057000', 'Institute for Software Research, SCS')",0.00022634676324128565,0.0,0.11342747111681643,4.579798749630666e-05,0.11973908812127408
"('0020776000', 'Mechanical Engineering')",0.001358080579447714,0.00622272275711184,0.13466227749329432,2.7819827875448532e-05,0.14607332459301534
"('0013128000', 'The Lawrence Hall of Science')",0.00022634676324128565,0.0,0.10310144454038413,2.2384864570645324e-07,0.10824542122990076
"('0015354000', 'Spanish and Portuguese Studies')",0.0004526935264825713,0.0,0.12165436722105959,7.246313821568289e-06,0.1284972562159128
"('0015354000', 'Department of Electrical & Computer Engi')",0.0018107741059302852,0.01098079648001404,0.14719307013160088,0.004491829912815744,0.16154325152740617
"('0032102000', 'Civil & Construction Engineering')",0.0009053870529651426,0.0,0.12586894586894587,6.421754308828317e-06,0.1352765017036179
"('0016105000', 'Civil and Environmental Engineering')",0.0009053870529651426,0.0,0.12586894586894587,6.421754308828317e-06,0.1352765017036179
"('0034256000', 'Teaching & Learning')",0.0004526935264825713,0.0,0.130872682030926,0.00010011578498226648,0.14055029146699538
"('0034256000', 'Human-Centered Computing')",0.0004526935264825713,0.0,0.130872682030926,0.00010011578498226648,0.14055029146699538
"('0023879000', 'Ecology, Evolution and Behavior')",0.001358080579447714,0.0009051820751401561,0.0938861380878509,1.5865774625622024e-08,0.0983572744881741
"('0023259000', 'School for the Environment and Sustainab')",0.0009053870529651426,0.0,0.09388214794194522,1.5577794100513128e-08,0.09813092772493283
"('0038950000', 'Forest & Wildlife Ecology')",0.0009053870529651426,0.0,0.09388214794194522,1.5577794100513128e-08,0.09813092772493283
"('4007266000', 'Molecular Biosciences')",0.00022634676324128565,0.0,0.13448191890904662,7.98320618206944e-06,0.14303642449296528
"('0015511000', 'Department of Biological Sciences')",0.0004526935264825713,0.0,0.14474330832486976,0.0004906347925661437,0.15802453356210633
"('0013144000', 'Information & Computer Science')",0.001358080579447714,0.0011384438554995215,0.11653609770251379,1.1541631371684578e-06,0.1238565002991275
"('0037499000', 'Diversity, Equity, and Inclusion')",0.00022634676324128565,0.0,0.10437535437535438,1.0892137750595493e-07,0.10918656626972086
"('0034256000', 'Engineering and Science Education')",0.0009053870529651426,0.0004526935264825713,0.0913394943042031,3.0079526205937635e-08,0.09549749753245255
"('0034256000', 'Clemson University Center for Workforce')",0.000679040289723857,0.0,0.09133760595410378,2.981660195439315e-08,0.09538432415083191
"('0034256000', 'Industrial Engineering')",0.0015844273426889996,0.0018095442389803665,0.1005096005096005,2.445496597012011e-07,0.10618550577425155
"('7203577003', 'Aerospace')",0.000679040289723857,0.0,0.09133760595410378,2.981660195439316e-08,0.09538432415083191
"('0036327000', 'Chemistry')",0.000679040289723857,0.00194506067620608,0.12742270419935395,5.435077242038677e-06,0.13758271147644108
"('0036616000', 'Civil Engineering')",0.0022634676324128564,0.010196845931046103,0.13773108457773484,8.654086634451956e-06,0.15008147126752783
"('0036616000', 'Center for Environmental Resource Manag')",0.0011317338162064282,0.0,0.1239861925742991,2.9296327309659308e-06,0.13294323628185062
"('0020537000', 'Molecular & Biomedical Sciences')",0.00022634676324128565,0.0,0.11232298578801515,2.5408529211503056e-07,0.11739547006885738
"('0010090000', 'Physics')",0.000679040289723857,0.0004526935264825713,0.14108705371399374,2.7642633537862565e-06,0.1525206629043196
"('4010872000', 'Space Science Department')",0.0004526935264825713,0.0,0.14108254829953695,2.741326652257202e-06,0.152407489522699
"('0020776000', 'Department of Physics and Astronomy')",0.00022634676324128565,0.0,0.118683680322364,2.6208202095734776e-06,0.12587080033039685
"('0036046000', 'Department of Environmental Sci. & Engr.')",0.000679040289723857,0.0,0.1571738589064001,4.469466849589019e-05,0.1703098012344268
"('0017103000', 'Computer Science')",0.0004526935264825713,0.0,0.14387130389475056,0.0007884874682162166,0.1594886037959818
"('0030908000', 'Anthropology')",0.000679040289723857,0.0,0.11820419520547945,0.003535415935772607,0.1273677163980528
"('0030908000', 'EEOB/Mathematics')",0.0009053870529651426,0.0009051820751401561,0.11821052068282763,0.0035645725491379723,0.12751861424021363
"('0030908000', 'Veterinary Preventive Medicine')",0.0015844273426889996,0.0022680870342772675,0.12214204749661331,0.003920085541871758,0.13320812806123497
"('0023879000', 'Div of Health Policy and Mgmt')",0.0004526935264825713,0.0,0.08583140675694054,1.662097406101931e-09,0.08893513835920441
"('P270042206', 'Unknown Dept')",0.0004526935264825713,0.0,0.08583140675694054,1.662097406101931e-09,0.08893513835920441
"('0037457000', 'ECE')",0.0004526935264825713,0.0,0.13486781854814092,1.8571388851701346e-05,0.1449958182755819
"('0027110000', 'Information Science')",0.000679040289723857,0.0,0.11716035959585244,1.6628101082376626e-06,0.12352447298689925
"('0027110000', 'Labor Relations, Law, and History')",0.000679040289723857,0.0,0.11716035959585244,1.6628101082376626e-06,0.12352447298689923
"('0010637000', 'Department of Space Physics')",0.0004526935264825713,0.0,0.09399600017020553,6.286679782806081e-07,0.09872015991550148
"('0023259000', 'Atmospheric, Oceanic and Space Sciences')",0.0004526935264825713,0.0,0.09399600017020553,6.286679782806081e-07,0.09872015991550148
"('7203580067', 'Unknown Dept')",0.00022634676324128565,0.0,0.0885956644674835,9.594996636276423e-10,0.0920982263002184
"('5300004772', 'Engineering Science and Mechanics')",0.0009053870529651426,0.0,0.1610234355067974,0.00015213207872096708,0.1765439775002912
"('7203582706', 'Unknown Dept')",0.0009053870529651426,0.0,0.1610234355067974,0.00015213207872096708,0.17654397750029116
"('0030908001', 'Environment and Natural Resources')",0.00022634676324128565,0.0,0.130320639509159,0.023166593197171462,0.1416244367523217
"('0026294000', 'Mechanical & Aerospace Engineering')",0.00022634676324128565,0.0,0.06381442107695863,8.022629299176649e-13,0.06625377385381616
"('0017756000', 'Dept. of Civil and Environmental Eng.')",0.0004526935264825713,0.0,0.1308416750577504,6.182578884828579e-06,0.1400510114351212
"('6250036498', 'Unknown Dept')",0.0004526935264825713,0.0,0.1308416750577504,6.182578884828579e-06,0.1400510114351212
"('0010819000', 'Mechanical and Aerospace Engineering')",0.00022634676324128565,0.0,0.12576145744378026,6.871042689844521e-05,0.13506885009261582
"('0033290000', 'Entomology')",0.0011317338162064282,0.0004526935264825713,0.1480116586820329,4.5768847252967647e-05,0.16486628845727824
"('0020776000', 'Space')",0.0004526935264825713,0.0,0.11266384454531544,4.203986330960633e-07,0.12132867502345214
"('0020776010', 'Unknown Dept')",0.000679040289723857,5.12444562466121e-08,0.11266671767016041,4.5662297980039275e-07,0.12144184840507276
"('0010512000', 'Criminology and Criminal Justice')",0.0009053870529651426,0.00045248854865758483,0.13206983140021522,5.879255368417614e-06,0.14117907079088554
"('0010512000', 'Management Information Systems')",0.0009053870529651426,0.00045248854865758483,0.13206983140021522,5.879255368417614e-06,0.14117907079088554
"('0015354000', 'Horticultural Sciences')",0.000679040289723857,0.0,0.09336630106299795,3.248871090074437e-08,0.09799350591077866
"('0035303040', 'Food Science')",0.0011317338162064282,0.0013574656459727544,0.1029740816707067,2.793778616962124e-07,0.1095695450840156
"('0035303040', 'Department of Plant Sciences')",0.000679040289723857,0.0,0.09336630106299795,3.248871090074437e-08,0.0979935059107787
"('0018259000', 'Chemical Engineering')",0.000679040289723857,0.0,0.09336630106299795,3.248871090074437e-08,0.09799350591077868
"('0010819000', 'Applied Sciences and Mathematics')",0.00022634676324128565,0.0,0.14383851538336317,0.0006928699252778173,0.15916794588138997
"('0015693000', 'School of Mechanical Engineering')",0.0011317338162064282,0.0005475741756716499,0.13887404520164712,0.0001073848336338735,0.1504390685015385
"('0020776000', 'Center for Research and Reform in Educat')",0.0004526935264825713,0.0,0.11268108549275659,4.1871071992889787e-07,0.12151729732615317
"('0031252000', 'Department of Mathematics')",0.0004526935264825713,0.0,0.11255190686062212,1.5134898465045405e-06,0.11908164976095563
"('0036566000', 'Department of Mathematics')",0.0011317338162064282,0.0029404183658390598,0.12364613360947077,1.4366301092329064e-05,0.13250035513503086
"('0026997000', 'Mechanical & Aeronautical Engg')",0.00022634676324128565,0.0,0.11632438125329121,2.2293055477693486e-05,0.12388533829230874
"('0029207000', 'Sociology')",0.0004526935264825713,0.0,0.12368421052631579,3.6389973325248134e-06,0.1316685992444249
"('0029207000', 'Population Health Sciences')",0.0004526935264825713,0.0,0.12368421052631579,3.6389973325248134e-06,0.1316685992444249
"('4013520000', 'Office of Access and Success')",0.000679040289723857,0.0,0.09307126756409446,3.2613600139381735e-08,0.09704680410395931
"('4013520000', 'Unknown Dept')",0.0009053870529651426,0.00045248854865758483,0.10261532029544293,1.565985227424517e-07,0.10804061842493957
"('4013520000', 'Academic Affairs')",0.000679040289723857,0.0,0.09307126756409446,3.2613600139381735e-08,0.09704680410395931
"('4013520000', 'Research')",0.0009053870529651426,0.00045248854865758483,0.10261532029544293,1.565985227424517e-07,0.10804061842493959
"('0018259000', 'Computer Science Department')",0.00022634676324128565,0.0,0.139934118839478,1.943673266542992e-05,0.15021477064256528
"('0013201000', 'Department of Ecology, Evolution, and Ma')",0.0004526935264825713,0.0,0.14752729822686747,0.00028168118633817323,0.16078007739958675
"('0029728000', 'Sociology and Anthropology')",0.00022634676324128565,0.0,0.1483944645976085,4.18018469888244e-05,0.16145359343639024
"('0010819000', 'Bermuda Institute of Ocean Sciences')",0.0004526935264825713,0.0,0.1457172070318942,0.0007748742524432416,0.16155488355012945
"('4203543000', 'Physiology')",0.00022634676324128565,0.0,0.08535713595703162,3.5491576394642425e-10,0.08880092537159694
"('4002457000', 'Unknown Dept')",0.0004526935264825713,0.0004526935264825713,0.0933209412361117,3.711251390442549e-09,0.098122306702362
"('0035691000', 'Chemistry and Biochemistry')",0.000679040289723857,0.0,0.11877301932951582,1.8009954339775053e-06,0.12610824311437382
"('0035691000', 'Chemistry department')",0.000679040289723857,0.0,0.11877301932951582,1.8009954339775053e-06,0.12610824311437382
"('0018093000', ""O'Neill School of Public & Environmental"")",0.00022634676324128565,0.0,0.0989274278420923,1.2928384857355917e-06,0.10335191397689525
"('0010090000', 'Viticulture and Enology')",0.00022634676324128565,0.0,0.10159124356144224,1.3678029178627898e-06,0.10653273014868468
"('7203581077', 'Unknown Dept')",0.00022634676324128565,0.0,0.12481636343089615,2.8975010367913568e-06,0.13585276376930774
"('0037986000', 'College of Engineering')",0.0009053870529651426,0.0005760586353002521,0.12630435404099602,5.420460067970619e-06,0.13841805381778813
"('0036616000', 'Department of Biological Sciences')",0.00022634676324128565,0.0,0.10256529309344167,1.3161292387915883e-07,0.10735835188874698
"('0034702000', 'Mechanical Engineering')",0.00022634676324128565,0.0,0.1122003250711093,2.333889452684846e-07,0.11716091896886287
"('4008850000', 'Biological Sciences Division, Microbiolo')",0.00022634676324128565,0.0,0.10147690470174794,1.9945204552933287e-06,0.10664033102353462
"('0023259000', 'Department of Economics')",0.0004526935264825713,0.0,0.14225456418842772,1.3398111841263657e-05,0.15309797465750286
"('7203582458', 'Unknown Dept')",0.000679040289723857,0.0004526935264825713,0.14225914477073673,1.3508269825816782e-05,0.1532111480391235
"('0037549000', 'Department of Chemistry (0212)')",0.000679040289723857,0.0,0.13943066338446,0.024449220225518264,0.151473472455816
"('4003554000', 'Center for Sustainable Macromolecular Ma')",0.000679040289723857,0.0,0.13943066338446,0.024449220225518264,0.15147347245581608
"('0037549000', 'Chemistry')",0.0015844273426889996,0.012322949769040406,0.15351471559122973,0.02555224911497659,0.16972171546073644
"('0037549000', 'Department of Sustainable Biomaterials')",0.0004526935264825713,0.0,0.14735999466328675,0.002837974277465292,0.1614045227444945
"('0038000000', 'Biological Sciences')",0.000679040289723857,0.0009051820751401561,0.10323153492067201,3.927579730637644e-07,0.10851536452266199
"('0034140000', 'Biological Sciences')",0.0004526935264825713,0.0,0.09357592188592125,4.087108016689205e-08,0.09738980602445106
"('0031005000', 'Department of Biological Sciences')",0.0004526935264825713,0.0,0.09357592188592125,4.087108016689205e-08,0.09738980602445103
"('0013151000', 'Electrical and Computer Engineering, Ins')",0.00022634676324128565,0.0,0.14034753327615235,1.5507572994455058e-05,0.15105004208105144
"('0021998000', 'College of Engineering, ECE')",0.000679040289723857,0.0,0.13644224830142063,9.806458156915124e-06,0.14750590438684485
"('0020834000', 'Biology')",0.0004526935264825713,0.0,0.09491685644308856,3.2631123921299094e-08,0.0993671857294227
"('0020834000', 'Advanced Studies, Leadership and Policy')",0.0004526935264825713,0.0,0.09491685644308856,3.2631123921299094e-08,0.0993671857294227
"('0001057000', 'Department of Chemistry')",0.00022634676324128565,0.0,0.11342747111681643,4.579798749630666e-05,0.11973908812127408
"('0022905000', 'Plant Soil and Microbial Sciences')",0.00022634676324128565,0.0,0.11991097600694821,1.282799038472937e-05,0.12927448653122955
"('0013482000', 'Economics & Business')",0.00022634676324128565,0.0,0.07442471614837776,1.0740647826211196e-11,0.07716428734794657
"('0037549000', 'Bradley Department of Electrical')",0.0011317338162064282,0.00039237871612831743,0.14871415107041874,0.0001334993311641001,0.1620013028568928
"('0037549000', 'Electrical & Computer Engineering')",0.000679040289723857,0.0,0.1390313748937911,0.000105507375320946,0.14987871391221258
"('0010819000', 'Center for Bioelectronics and Biosensors')",0.000679040289723857,0.0,0.13084555012586999,9.78611947732023e-06,0.14320330490792832
"('0013193000', 'Cellular and Molecular Pharmacology')",0.000679040289723857,0.0,0.13084555012586999,9.78611947732023e-06,0.14320330490792832
"('5300011340', 'Electrical and Computer Engineering')",0.000679040289723857,0.0,0.13084555012586999,9.78611947732023e-06,0.14320330490792832
"('0026633000', 'Architecture')",0.000679040289723857,0.0,0.11599758447764329,2.5305049772213266e-06,0.12376075461181857
"('0026633000', 'Finance Intl Tech Mngt FIT')",0.000679040289723857,0.0,0.11599758447764329,2.5305049772213266e-06,0.12376075461181857
"('0026633000', 'Indigenous Design and Planning Inst.')",0.000679040289723857,0.0,0.11599758447764329,2.5305049772213266e-06,0.12376075461181857
"('0034017000', 'Sociology')",0.00022634676324128565,0.0,0.12906429844293185,2.4825440490862302e-05,0.1380015029234126
"('0018259000', 'Research Computing')",0.0015844273426889996,0.004056836002007177,0.16313418506757255,0.00015040726095481448,0.1812514964789738
"('0022301000', 'Biology Department')",0.00022634676324128565,0.0,0.12135028977943801,1.3773326824116412e-05,0.1291026450035047
"('0018093000', 'Kelley Sch. of Bus., Law and Ethics')",0.0009053870529651426,0.0,0.13752529182879378,2.323195289834189e-05,0.14815894896813786
"('0018093000', 'Luddy School of Informatics, Computing,')",0.0009053870529651426,0.0,0.13752529182879378,2.323195289834189e-05,0.14815894896813786
"('0018093000', 'Informatics and Computing')",0.0009053870529651426,0.0,0.13752529182879378,2.323195289834189e-05,0.14815894896813786
"('0018093000', 'Operations and Decision Technologies')",0.0011317338162064282,0.0013574656459727544,0.13753813585704502,2.3423864650780658e-05,0.1483287090405688
"('0029207000', 'School of Electrical and Computer Engin.')",0.000679040289723857,0.0,0.1322042013286253,3.1440233473267933e-06,0.1407259620817785
"('0029728000', 'Communication')",0.000679040289723857,0.0,0.1322042013286253,3.1440233473267933e-06,0.1407259620817785
"('0029744000', 'Chemistry')",0.000679040289723857,0.0,0.1322042013286253,3.1440233473267933e-06,0.1407259620817785
"('0022335000', 'Computer Science / IMGD')",0.0004526935264825713,0.0,0.11923139202245371,7.467579417645486e-05,0.12766730328642778
"('0022103000', 'STEM Ed and Teacher Development')",0.0015844273426889996,0.0018389728116611505,0.12975798872180452,8.969383535552051e-05,0.14153794333423714
"('0036582000', 'Kinesiology & Health Education')",0.00022634676324128565,0.0,0.13308030604253268,4.797031079957826e-05,0.1420944366734309
"('0013128000', 'EECS-CS Division')",0.0009053870529651426,0.0,0.1407185628742515,1.2219179601058461e-05,0.15236373643458195
"('0025205000', 'Computer Science and Engineering')",0.0011317338162064282,0.004755118333104953,0.14304215502169268,1.4246509473677713e-05,0.15552263741489525
"('0010835000', 'Department of Geosciences')",0.000679040289723857,0.0012796051137436962,0.1264308608058608,4.436133642045661e-06,0.13577444259879673
"('4029559000', 'Unknown Dept')",0.0011317338162064282,0.001030406268784547,0.117857333404471,4.740401304432525e-07,0.1255756149061938
"('0001057000', 'Pittsburgh Supercomputing Center')",0.0015844273426889996,0.006229101262540989,0.14653399668325043,0.0001258150126052088,0.15955702350564116
"('0001057000', 'Pittsburgh Super Computing Center')",0.000679040289723857,0.0,0.14019166084914642,0.00011598645502219504,0.15157997590659306
"('7203590120', 'Unknown Dept')",0.0011317338162064282,0.0,0.1290303738317757,1.3286777595988443e-05,0.1400897298843192
"('5300004339', 'Unknown Dept')",0.0011317338162064282,0.0,0.1290303738317757,1.3286777595988443e-05,0.14008972988431923
"('0038950000', 'WI Center for Education Research')",0.0011317338162064282,0.0,0.1290303738317757,1.3286777595988443e-05,0.14008972988431917
"('4000253000', 'Unknown Dept')",0.0015844273426889996,0.002713086491520631,0.1290529882572881,1.3532421117591423e-05,0.14042925002918108
"('0020735000', 'Unknown Dept')",0.0011317338162064282,0.0,0.1290303738317757,1.3286777595988443e-05,0.14008972988431923
"('0022905000', 'CMSE & EES')",0.00022634676324128565,0.0,0.13611855685984534,0.0001023144226588807,0.15038090423129485
"('0017756000', 'Center for Writing Studies')",0.0009053870529651426,0.0,0.12245689894118299,3.379464307747808e-06,0.13113526136104184
"('0017756000', 'English')",0.0009053870529651426,0.0,0.12245689894118299,3.379464307747808e-06,0.13113526136104184
"('0001057000', 'Software and Societal Systems Department')",0.0011317338162064282,0.00010954688729436533,0.13611855685984534,0.004378915718631964,0.14777239572961473
"('0026278000', 'Woodrow Wilson School')",0.00022634676324128565,0.0,0.12866212359485119,1.3650058535838404e-05,0.1366097912951687
"('0017749000', 'The Department of Anthropology')",0.00022634676324128565,0.0,0.14085315309570873,8.294551995623048e-05,0.15241779497098606
"('0013169000', 'Plant Pathology and Microbiology')",0.0009053870529651426,0.0,0.11004558248436994,5.497678033592987e-07,0.11635596520975058
"('0010835000', 'Environmental Science')",0.0009053870529651426,0.0,0.11004558248436994,5.497678033592987e-07,0.11635596520975058
"('0013128000', 'Envi. Sci., Policy, and Mangement')",0.0009053870529651426,0.0,0.11004558248436994,5.497678033592987e-07,0.11635596520975058
"('0036525000', 'Curriculum and Instruction')",0.0011317338162064282,0.0008729101029565111,0.12712571576554543,3.814901310341393e-06,0.1356969413188284
"('0037986000', 'JISAO')",0.00022634676324128565,0.0,0.11823899371069183,4.101447086850035e-07,0.12532968389690832
"('0022905000', 'Physics and Astronomy and CMSE')",0.000679040289723857,0.0004526935264825713,0.1361856909466416,0.00011607656904642063,0.15089395689464177
"('0080010000', 'Computer Science')",0.0011317338162064282,0.010502259200099931,0.1507438242118193,0.026444043184738548,0.1669963656382831
"('0080010000', 'Electrical and Computer Engineering')",0.0004526935264825713,0.0,0.13787722747557968,0.02565719006990387,0.15033838514485726
"('0015362000', 'Department of Physics')",0.00022634676324128565,0.0,0.11735019124521887,1.7336519562123757e-05,0.12487731887347031
"('P270033524', 'Unknown Dept')",0.00022634676324128565,0.0,0.11479797323632585,7.047346165471315e-07,0.12284384255548293
"('0033290000', 'College of Information Sciences and Tech')",0.0011317338162064282,0.013974233990663712,0.16167160683573023,5.772253682433949e-05,0.17956784614208676
"('0025205000', 'Energy, Environmental & Chemical Engr')",0.0011317338162064282,0.0004526935264825713,0.118677304107234,1.721759891122045e-06,0.12694890618159044
"('0025205000', 'Energy, Env. & Chem. Engineering')",0.0009053870529651426,0.0,0.11867411625658107,1.7076567956798376e-06,0.12683573279996976
"('0025205000', 'Energy, Environmental & Chemical Enginee')",0.0009053870529651426,0.0,0.11867411625658107,1.7076567956798376e-06,0.12683573279996976
"('0013144000', 'Dept. CS')",0.0004526935264825713,0.0,0.10029967308390847,5.628041958663368e-08,0.10517063991819457
"('0013144000', 'Department of Information & Computer Sci')",0.0004526935264825713,0.0,0.10029967308390847,5.628041958663368e-08,0.10517063991819457
"('0031237000', 'Unknown Dept')",0.000679040289723857,0.0,0.10491071428571429,1.2537341316044436e-07,0.11057266606024187
"('7203583868', 'Unknown Dept')",0.000679040289723857,0.0,0.10491071428571429,1.2537341316044436e-07,0.11057266606024187
"('0039545000', 'Learning Sciences and Educational Resear')",0.0011317338162064282,0.0009051820751401561,0.10491569698408929,1.2772805640979923e-07,0.11079901282348312
"('0032375000', 'Physics')",0.000679040289723857,0.0,0.11639486787680797,1.0053045684175942e-06,0.12261749272557289
"('0032417000', 'Biology')",0.000679040289723857,0.0,0.11639486787680797,1.0053045684175942e-06,0.12261749272557286
"('0028381000', 'School of Marine and Atmos Sciences')",0.0009053870529651426,0.0,0.1000203753593987,1.068836711340062e-05,0.10575853534450778
"('0028381000', 'Psychology')",0.0011317338162064282,8.199112999457936e-07,0.10002263980076975,1.625927501769204e-05,0.10587170872612847
"('0014480000', 'Unknown Dept')",0.0009053870529651426,0.0,0.1000203753593987,1.068836711340062e-05,0.10575853534450781
"('0036772000', 'Bingham Energy Research Center')",0.00022634676324128565,0.0,0.11989145183175035,6.384216030651482e-07,0.12684401635284323
"('0021030000', 'Smith School of Business and UMIACS')",0.000679040289723857,0.0,0.14955991875423155,0.0009177091268139741,0.167050970004794
"('0031849000', 'School of Industrial Engineering')",0.000679040289723857,0.0,0.14955991875423155,0.0009177091268139741,0.167050970004794
"('0025361000', 'Mathematics')",0.000679040289723857,0.0,0.12416739270959219,1.2690800327962191e-05,0.1335077747311782
"('0011395001', 'Mathematics and Statistics')",0.000679040289723857,0.0,0.12416739270959219,1.2690800327962191e-05,0.13350777473117817
"('7203580862', 'Mathematisches Institut')",0.000679040289723857,0.0,0.12416739270959219,1.2690800327962191e-05,0.13350777473117817
"('0038950000', 'Mathematics and Computer Science')",0.0004526935264825713,0.0,0.08846084536371464,2.5011454938995992e-09,0.09219374540795482
"('0029207000', 'Mechanical Engineering and Materials Sci')",0.0009053870529651426,0.0,0.15154529550989607,0.00011781504380037191,0.16409645382030996
"('0029207000', 'Mechanical Engineering & Materials Scien')",0.0009053870529651426,0.0,0.15154529550989607,0.00011781504380037191,0.16409645382030996
"('0029207000', 'Statistics')",0.0015844273426889996,0.008273081441555405,0.159333525678015,0.00012796958627469857,0.17397202101253567
"('0023259000', 'Department of Sociology')",0.00022634676324128565,0.0,0.1036262138199559,2.8506305692863705e-08,0.10808597305315094
"('7203588150', 'Unknown Dept')",0.0004526935264825713,0.0,0.09705410689571846,2.089145885123361e-07,0.10191091306666161
"('7203596251', 'Unknown Dept')",0.0004526935264825713,0.0,0.09705410689571846,2.089145885123361e-07,0.10191091306666163
"('0026575000', 'Department of Biology')",0.0004526935264825713,0.0,0.09015774544415649,9.378498542277581e-09,0.09461957740625469
"('0038950000', 'Pathobiological Sciences')",0.001358080579447714,0.002261417854162992,0.09908051132540928,8.961860643190631e-08,0.10536909049589892
"('P270024961', 'Unknown Dept')",0.00022634676324128565,0.0,0.14383851538336317,0.0006928699252778173,0.15916794588139002
"('6250017845', 'Unknown Dept')",0.000679040289723857,0.0,0.14840443399395364,5.166012303087887e-05,0.16167994019963153
"('7203580998', 'Unknown Dept')",0.000679040289723857,0.0,0.14840443399395364,5.166012303087887e-05,0.16167994019963156
"('0013151000', 'CRESST')",0.000679040289723857,0.0,0.14840443399395364,5.166012303087887e-05,0.16167994019963153
"('0015693000', 'School of Materials Science and Eng')",0.00022634676324128565,0.0,0.12805054779433075,2.230221425102025e-05,0.13620510820601298
"('0015693000', 'School of Chemistry and Biochemistry')",0.0004526935264825713,0.0004526935264825713,0.14685058999501413,0.00023675348375669657,0.16010670394441154
"('6250003100', 'Unknown Dept')",0.0009053870529651426,0.00022629551878503902,0.13916275553595614,6.763989829140986e-05,0.14963444080691582
"('5300011835', 'Unknown Dept')",0.0009053870529651426,0.00022629551878503902,0.13916275553595614,6.763989829140986e-05,0.14963444080691582
"('7203580025', 'Unknown Dept')",0.000679040289723857,0.0,0.13915837218092478,6.654247846855513e-05,0.1495212674252952
"('7203582078', 'Mechanical Engineering')",0.00022634676324128565,0.0,0.12241957383136136,1.7057676422377738e-06,0.12982795837028502
"('0038000000', 'Department of Crop and Soil Sciences')",0.00022634676324128565,0.0,0.10322188733908086,3.8505322501995813e-07,0.10821356883834024
"('6250027519', 'Government and Public Policy')",0.00022634676324128565,0.0,0.13630754041712945,6.329968419118163e-05,0.14787206845264708
"('0037499000', 'Computer Science')",0.0011317338162064282,0.006552665315019832,0.13631174601215637,2.3542341475073047e-05,0.1480277525150762
"('0037499000', 'English')",0.0004526935264825713,0.0,0.13176260065612885,2.1888739476642664e-05,0.14175660583820274
"('0013128000', 'Electrical Engr & Computer Sciences')",0.00022634676324128565,0.0,0.12967800639877894,7.878163418002115e-06,0.1392859947381217
"('0028373000', 'Geology')",0.000679040289723857,0.0,0.14449713818479148,4.141955261829967e-05,0.15636081575986427
"('0028373000', 'Department of Geology')",0.000679040289723857,0.0,0.14449713818479148,4.141955261829967e-05,0.15636081575986427
"('0036756000', 'Chemistry')",0.0004526935264825713,0.0,0.12114730722825491,3.3298756289307654e-05,0.128509273438107
"('0036756000', 'Nano Institute')",0.0004526935264825713,0.0,0.12114730722825491,3.3298756289307654e-05,0.128509273438107
"('5300002935', 'Education Services and Leadership')",0.0004526935264825713,0.0,0.11086574654956086,1.2612250616381814e-06,0.116817250784909
"('5300002935', 'Radio-TV-Film')",0.0004526935264825713,0.0,0.11086574654956086,1.2612250616381814e-06,0.116817250784909
"('0035295000', 'Engineering')",0.0009053870529651426,0.0,0.10842516013448843,1.4713253288640385e-07,0.11505774521179274
"('0010090000', 'Computer Science and Software Engineerin')",0.0009053870529651426,0.0,0.10842516013448843,1.4713253288640385e-07,0.11505774521179274
"('0035105000', 'Economics and Finance')",0.0009053870529651426,0.0,0.10842516013448843,1.4713253288640385e-07,0.11505774521179274
"('0037549000', 'Dept. of Fisheries and Wildlife Sciences')",0.0015844273426889996,0.0018095442389803665,0.1432415783159874,0.0001297539899263017,0.15536142219030274
"('0011379001', 'Unknown Dept')",0.000679040289723857,0.0,0.12530844938593755,1.507727453139272e-05,0.13298973108275927
"('0037549000', 'Food Schience and Technology')",0.000679040289723857,0.0,0.12530844938593755,1.507727453139272e-05,0.13298973108275927
"('0037549000', 'Forest Resources & Environmental Conserv')",0.0009053870529651426,0.0004526935264825713,0.1253120036305877,1.5200587964740816e-05,0.1331029044643799
"('0031708000', 'Electrical and Computer Engineering')",0.0009053870529651426,0.0,0.11948613928329953,2.9765865427270563e-06,0.1282179489315061
"('0014936000', 'Dept. of Electronics Engineering Tech.')",0.0009053870529651426,0.0,0.1021455655229816,6.24567745505751e-07,0.10707794640436327
"('0014936000', 'LASER-TEC, Advanced Technology Division')",0.0009053870529651426,0.0,0.1021455655229816,6.24567745505751e-07,0.1070779464043633
"('0039545000', 'College of Optics and Photonics')",0.0009053870529651426,0.0,0.1021455655229816,6.24567745505751e-07,0.10707794640436327
"('5300013255', 'Engineering Technologies')",0.0009053870529651426,0.0,0.1021455655229816,6.24567745505751e-07,0.1070779464043633
"('0015693000', 'School of Earth & Atmospheric Sciences')",0.0004526935264825713,0.0,0.14684570896762614,0.0002590556980077168,0.16006897948387133
"('0015370000', 'College of Marine Science')",0.0004526935264825713,0.0,0.14684570896762614,0.0002590556980077168,0.16006897948387133
"('0028373000', 'Civil and Environmental Engineering')",0.000679040289723857,0.0,0.14449713818479148,4.141955261829967e-05,0.15636081575986427
"('0025171000', 'Dept. of Electrical & Computer Engineer')",0.00022634676324128565,0.0,0.09434929312774953,1.4057920970546918e-08,0.09808738286401905
"('0036327040', 'TX AgriLife Res. & Ext Center - El Paso')",0.0004526935264825713,0.0,0.13451467543539156,8.598589497782964e-05,0.14447408383578542
"('0020834000', 'Civil and Environmental Engineering')",0.0004526935264825713,0.0,0.13451467543539156,8.598589497782964e-05,0.14447408383578542
"('0034140040', 'Graduate School of Oceanography')",0.00022634676324128565,0.0,0.1114671376308818,4.5623742534744047e-07,0.11786432651043888
"('4001926000', 'Unknown Dept')",0.0009053870529651426,0.009014924742904001,0.13245787611680757,1.641696576603142e-05,0.1424548566467983
"('P269963704', 'Design and Environmental Analysis')",0.00022634676324128565,0.0,0.1307603516145263,1.188758530825418e-05,0.14209380754446985
"('0010819000', 'School of Social and Family Dynamics')",0.000679040289723857,0.0,0.1257901030693013,0.00010941465010877198,0.1354838191585582
"('0010819000', 'School of Criminology and Criminal Justi')",0.000679040289723857,0.0,0.1257901030693013,0.00010941465010877198,0.1354838191585582
"('0010819000', 'New College of Interdisciplinary Arts an')",0.000679040289723857,0.0,0.1257901030693013,0.00010941465010877198,0.1354838191585582
"('5300003191', 'Machine Learning')",0.00022634676324128565,0.0,0.11085183791243257,1.1081561048716274e-06,0.11657204179139755
"('5300002935', 'Henry M. Rowan College of Engineering')",0.0009053870529651426,0.0004526935264825713,0.1246684350132626,1.1626262864997937e-05,0.13336068984835364
"('0024794000', 'Education')",0.0004526935264825713,0.0,0.11310514323750032,3.9199865191434066e-06,0.11993944420098737
"('0025163000', 'Learning, Teaching & Curriculum')",0.0009053870529651426,0.0011654454415418064,0.12414645797622727,1.0415242250044863e-05,0.13303834670686138
"('0015644000', 'Yerkes National Primate Research Center')",0.00022634676324128565,0.0,0.11882413060434092,7.761461175855807e-06,0.12554073226855653
"('0018408000', 'Economics and Econometrics')",0.00022634676324128565,0.0,0.14085315309570873,8.294551995623048e-05,0.152417794970986
"('0037986000', 'Biomedical Informatics and Medical Educa')",0.0004526935264825713,0.0,0.12168787528232249,1.738064159799947e-06,0.13140694049143345
"('0037986000', 'Biomedical Informatics and Medical Educ')",0.0004526935264825713,0.0,0.12168787528232249,1.738064159799947e-06,0.13140694049143348
"('0018408000', 'Department of Computer Science and Engin')",0.001358080579447714,0.0009052845640526493,0.11815045596769448,1.5281042959133285e-05,0.12630883904084364
"('7203592271', 'Unknown Dept')",0.00022634676324128565,0.0,0.10566850035876585,1.5004437770542653e-06,0.1110281788529849
"('0022335000', 'Department of Electrical and Computer En')",0.00022634676324128565,0.0,0.1320777279521674,1.0411591314538896e-05,0.14105214738985647
"('0021782000', 'Sloan School')",0.000679040289723857,0.0,0.14136695251503903,0.00016796965222228312,0.15514890584492136
"('0017756000', 'Chemical & Biomolecular Engr')",0.000679040289723857,0.00046908529353122125,0.12443668319062641,5.457374455389301e-06,0.13292225982357192
"('0017756000', 'Chemical and Biomolecular Eng')",0.0004526935264825713,0.0,0.11191610092207924,6.967623174246656e-07,0.11825912059015863
"('0036582000', 'Aerospace Engineering & Engineeering Mec')",0.0009053870529651426,0.0,0.16285156106012016,7.557994809063935e-05,0.17826276761315105
"('0037549000', 'Grado Department of Industrial and Syste')",0.0009053870529651426,0.0,0.16285156106012016,7.557994809063935e-05,0.17826276761315102
"('0027854000', 'Computer Science\t')",0.00022634676324128565,0.0,0.12421976044536917,1.5232993953041586e-05,0.13211854603321285
"('0031708000', 'Electricial Engineering')",0.0009053870529651426,0.0,0.11948613928329953,2.9765865427270563e-06,0.12821794893150606
"('0031708000', 'School of Electrical and Computer Engine')",0.0009053870529651426,0.0,0.11948613928329953,2.9765865427270563e-06,0.12821794893150604
"('0031708000', 'Physics')",0.0009053870529651426,0.0,0.11948613928329953,2.9765865427270563e-06,0.12821794893150604
"('0037986000', 'Pediatrics')",0.0004526935264825713,0.0,0.1308649289099526,9.125010321316459e-06,0.14324102936846858
"('0021782000', 'Science Tech. Society Program')",0.00022634676324128565,0.0,0.12725387407108704,8.384495866382328e-05,0.13635227568568392
"('4005518000', 'Board on Chemical Sciences and Technolog')",0.00022634676324128565,0.0,0.09023324210612312,6.428070605398945e-09,0.0940094841960008
"('0096354000', 'SUCCEED')",0.000679040289723857,0.0058345437282825005,0.15369629500782744,0.0005725785812262183,0.16951120970473468
"('0031849000', 'School of Geosciences')",0.00022634676324128565,0.0,0.10007475026615625,1.0163193819751456e-07,0.1042887749727062
"('6250038251', 'Unknown Dept')",0.000679040289723857,0.0,0.08740034422045935,9.752149310918503e-10,0.09162738610115037
"('0013177000', 'Structural Engineering')",0.0009053870529651426,0.0049683550109340295,0.09574790862988167,8.184738708125602e-09,0.10133866675520913
"('0013482000', 'Mechanical Engineering')",0.0011317338162064282,0.00361580883276095,0.08741417858768129,9.943368064534732e-10,0.09206121739736282
"('0013177000', 'Department of Structural Engineering')",0.000679040289723857,0.0,0.08740034422045935,9.752149310918501e-10,0.09162738610115037
"('0029744000', 'Anthropology Department')",0.00022634676324128565,0.0,0.09820396550191163,5.809743812757041e-08,0.10198157437026312
"('0035097000', 'Institute for Intelligent Systems')",0.000679040289723857,0.0,0.10808033857670572,1.4045202097780688e-07,0.11403219388067323
"('0035097000', 'Mathematical Sciences')",0.0009053870529651426,0.0004526935264825713,0.10808298267932283,1.4166313827140583e-07,0.11414536726229389
"('0035097000', 'Instruction and Curriculum Leadership (I')",0.000679040289723857,0.0,0.10808033857670572,1.4045202097780688e-07,0.11403219388067326
"('0013201000', 'ISBER')",0.00022634676324128565,0.0,0.11598540337612559,1.2199653912541592e-05,0.1230507213474611
"('0025205000', 'Anthropology')",0.00022634676324128565,0.0,0.11071016889690773,3.379825456174673e-07,0.11601461128928858
"('0023879000', 'Dept. Earth and Environmental Sciences')",0.0004526935264825713,0.0,0.10586600210869357,2.825181780880306e-07,0.11160053370545679
"('0023879000', 'Microbiology & Immunology')",0.0009053870529651426,0.0018067770383430493,0.11836570663094441,2.6594849276078175e-06,0.1265549271707228
"('0015693000', 'IBB')",0.0011317338162064282,3.272105906385208e-05,0.1362739049969155,8.731234493698877e-05,0.1468881597503132
"('0035352000', 'Office of the Dean of Engineering')",0.0011317338162064282,3.272105906385208e-05,0.1362739049969155,8.731234493698877e-05,0.14688815975031325
"('0015982001', 'Chemical, Materials and Biomedical Eng')",0.000679040289723857,0.0,0.13102016607354686,4.677148922510466e-05,0.14011504000752445
"('4000253000', 'Inclusive STEM Ecosystems for Equity & D')",0.0009053870529651426,0.0018095442389803665,0.11433155633766368,1.438738695142073e-06,0.1218829370839519
"('4000253000', 'STEM Education')",0.0004526935264825713,0.0,0.1143197226103607,1.4117468378170926e-06,0.12158114139963018
"('0010090000', 'Department of Curriculum and Teaching')",0.0004526935264825713,0.0,0.1049331401562834,1.380909948656647e-07,0.11069779956120462
"('0010090000', 'Curriculum & Teaching')",0.0004526935264825713,0.0,0.1049331401562834,1.380909948656647e-07,0.11069779956120458
"('4091915000', 'Education')",0.0004526935264825713,0.0,0.12459811608099723,4.116393426969102e-06,0.133054084703586
"('4091915000', 'Unknown Dept')",0.0004526935264825713,0.0,0.12459811608099723,4.116393426969102e-06,0.133054084703586
"('0013144000', 'Dept. of Information and Comp. Science')",0.0004526935264825713,0.0,0.11146432536078313,5.299601570444734e-07,0.11827141220531802
"('0013144000', 'Public Heath')",0.0004526935264825713,0.0,0.11146432536078313,5.299601570444734e-07,0.11827141220531802
"('0021782000', 'CSAIL')",0.0022634676324128564,0.011024092614207087,0.14332522303325224,0.028277174661806813,0.15842977881230386
"('0021782000', 'Computer Science and AI Laboratory')",0.0004526935264825713,0.0,0.12766203369260554,0.0029939222034938953,0.13768917025730656
"('0013201000', 'Ecology, Evolution, and Marine Biology')",0.000679040289723857,0.0,0.11591541165975756,5.810262370239751e-07,0.12407686648542844
"('0013201000', 'Division of Undergraduate Education')",0.000679040289723857,0.0,0.11591541165975756,5.810262370239751e-07,0.12407686648542841
"('0013201000', 'Marine Science Institute')",0.0009053870529651426,0.0004526935264825713,0.11591845302127883,5.858368819333962e-07,0.12419003986704906
"('0072793000', 'Unknown Dept')",0.000679040289723857,0.0009051820751401561,0.10044561658785013,5.4624918547207e-08,0.10562074800268002
"('0010090000', 'Chemistry and Biochemistry')",0.0009053870529651426,0.0,0.10579248581212136,8.092114449113771e-08,0.11281073836778305
"('0010090000', 'Electrical and Computer Engineering')",0.0009053870529651426,0.0,0.10579248581212136,8.092114449113771e-08,0.11281073836778305
"('0013250000', 'Depts. of Biology & Env. Science')",0.00022634676324128565,0.0,0.1328761767271196,9.098565108562922e-06,0.14224982363846028
"('0013706000', 'LASP (Lab. for Atmos. & Space Physics)')",0.00022634676324128565,0.0,0.12364613360947077,2.634810112178992e-07,0.13083136369691345
"('0013482000', 'George S. Ansell Department of Metallurg')",0.0004526935264825713,0.0,0.08039890083892923,1.0629288791499175e-10,0.08389749764225456
"('0018259000', 'Engineering Education')",0.00022634676324128565,0.0,0.15173266476628774,6.24213317467085e-05,0.16565380195982163
"('0035303000', 'Department of Civil and Environmental En')",0.00022634676324128565,0.0,0.1114249684741488,3.1770927580422956e-06,0.11831462040549773
"('0023879000', 'Educational Psychology')",0.00022634676324128565,0.0,0.102942889763963,9.443524651334841e-08,0.10767462208375504
"('0025163000', 'Informatics Institute')",0.0015844273426889996,0.0018112487778183103,0.13152332470006847,3.473114620851479e-05,0.14245054928871725
"('0025163000', 'Geography/Civil & Env. Eng/ CGI')",0.0009053870529651426,0.0,0.119586401039411,4.625321059406764e-06,0.1272771092284512
"('0025163000', 'Dermatology')",0.0009053870529651426,0.0,0.119586401039411,4.625321059406764e-06,0.1272771092284512
"('0025163000', 'Dept of Pathology and Anatomical Science')",0.0009053870529651426,0.0,0.119586401039411,4.625321059406764e-06,0.1272771092284512
"('0001024000', 'Unknown Dept')",0.0015844273426889996,0.0047109152784043295,0.1339477912864203,0.00010760614920088911,0.14609454538721137
"('0019893000', 'Robotics & Manufacturing Systems')",0.00022634676324128565,0.0,0.11812834224598931,1.0564082424640166e-05,0.12566752321165997
"('0010827000', 'Informatics and Computing Program')",0.00022634676324128565,0.0,0.10664542448161826,0.0002195346506287666,0.11252499490289897
"('0011312000', 'Chemistry')",0.001358080579447714,0.0015356623681395056,0.1509962746505349,2.1294846620254073e-05,0.1648077822534578
"('0011312000', 'Vice Provost; Humanities and Social Scie')",0.0004526935264825713,0.0,0.13269259648595885,3.640712125169977e-06,0.14180775087293784
"('0015982001', 'Mathematics and Science Education')",0.001358080579447714,0.0022618278098129646,0.14481447489183166,0.0006737365505019865,0.1588356094637209
"('0021782000', 'Department of Mathematics')",0.0004526935264825713,0.0,0.10064469098116044,1.7812658980115583e-08,0.10476688443024804
"('0021030000', 'Department of Mechanical Engineering')",0.000679040289723857,0.0018095442389803665,0.12180194089104543,1.8661678540295935e-05,0.13162531524579765
"('0021030000', 'Mechanical Engineering')",0.000679040289723857,0.001357670623797741,0.10859572794533343,1.7903097664329928e-06,0.11543669535469905
"('0032102000', 'Mech, Industrial & Mfg Engr')",0.00022634676324128565,0.0,0.11934089681253376,9.170414782799346e-07,0.12735555927294875
"('0023309000', 'Office of Research & Innovation')",0.00022634676324128565,0.0,0.08670225292409137,4.030925971760926e-09,0.0900754308961829
"('0001057000', 'Computer Science Department')",0.00022634676324128565,0.0,0.1314098750743605,7.39928393831091e-05,0.14118149342232533
"('0026633000', 'Mus SW Biol and Dept Biol')",0.0009053870529651426,0.0,0.10630669650376573,9.755476899251509e-08,0.11185216894048271
"('0026633000', 'Maxwell Museum of Anthropology')",0.0009053870529651426,0.0,0.10630669650376573,9.755476899251509e-08,0.11185216894048272
"('0026633000', 'Biology')",0.0018107741059302852,0.0023955940202581836,0.11849269143087032,7.158907154596002e-07,0.12637744467192127
"('0026633000', 'Geography and Environmental Studies')",0.0009053870529651426,0.0,0.10630669650376573,9.755476899251509e-08,0.11185216894048274
"('0022905000', 'Biochemistry')",0.0004526935264825713,0.0,0.11083793276467636,2.0347796574754597e-06,0.11786696643199313
"('0039545000', 'Joint appt w/Mathematics & Comp. Science')",0.00022634676324128565,0.0,0.11113347084570106,1.8487179912260172e-07,0.11671773150616271
"('0018259000', 'Biological Sciences/Computer Science')",0.00022634676324128565,0.0,0.11790451282324999,8.672808994304966e-07,0.12376185781822396
"('0018259000', 'Purdue Proteomics Facility')",0.0004526935264825713,0.0004526935264825713,0.1336600713983179,9.025852929294612e-06,0.14264563463295846
"('0036327001', 'Bush School')",0.0004526935264825713,0.0,0.12747785440170817,1.1037441644958144e-06,0.13638122289661397
"('0032102000', 'Department of Microbiology')",0.00022634676324128565,0.0,0.10801427803041416,2.039494240598284e-07,0.11308731119964445
"('0014803000', 'Department of Chemical and Biomedical En')",0.00022634676324128565,0.0,0.12838171621189667,8.018565058303654e-06,0.13562068433050803
"('0022194000', 'Computer Science')",0.000679040289723857,0.0009051820751401561,0.13783851241732184,0.00032022365805004687,0.1492171976582336
"('0015644000', 'Anthropology')",0.0009053870529651426,0.0004526935264825713,0.12400011226809621,2.318441960666314e-06,0.13238611835827765
"('P270013672', 'Unknown Dept')",0.00022634676324128565,0.0,0.11032312840233731,2.1856244137627335e-07,0.11582258374641682
"('4000790000', 'Education')",0.001358080579447714,0.0018502591317332614,0.11464604525638364,8.175047397382339e-08,0.12170796452428333
"('0026997000', 'Department of Mech. & Aeronautical Engr.')",0.0009053870529651426,0.0,0.11763452884948213,4.290495834846539e-07,0.12476986846860692
"('0026997000', 'Mech. & Aero. Eng.')",0.0009053870529651426,0.0,0.11763452884948213,4.290495834846539e-07,0.12476986846860692
"('0026997000', 'Civil & Environmental Engineering')",0.0009053870529651426,0.0,0.11763452884948213,4.290495834846539e-07,0.12476986846860692
"('4008892000', 'Unknown Dept')",0.0009053870529651426,0.0,0.11763452884948213,4.290495834846539e-07,0.12476986846860695
"('0022335000', 'Electrical Engineering')",0.000679040289723857,0.0,0.12361499720201455,0.001120446723377562,0.13214754875823853
"('0022335000', 'Social Science & Policy Studies')",0.0015844273426889996,0.0002233493499969718,0.13107069748123534,0.0018995302776813995,0.14138252684790178
"('6250021267', 'Unknown Dept')",0.0004526935264825713,0.0,0.13925486982285823,1.2880889677009806e-05,0.14998706903980666
"('0021055000', 'Computer Science')",0.0004526935264825713,0.0,0.10412444025453689,9.998780565454805e-08,0.11055787638467225
"('0021055000', 'Department of Computer Science')",0.0004526935264825713,0.0,0.10412444025453689,9.998780565454805e-08,0.11055787638467225
"('0033787000', 'Electrical & Systems Engineering')",0.001358080579447714,0.0031645501510532835,0.14923154872487757,0.00011313969689714974,0.163067428396762
"('6250004721', 'School of Engineering')",0.0011317338162064282,0.0030810837946992054,0.14937787395185284,0.00011200411999040676,0.16319308677841857
"('0025163000', 'Electrical and Computer Engineering')",0.0009053870529651426,0.001809851705717846,0.13254132541325414,0.00010377003208004322,0.1433119179497624
"('0025163000', 'Biology')",0.00022634676324128565,0.0,0.11703311258278146,9.783163988179772e-06,0.12397797890351697
"('0022103000', 'Department of Mathematics')",0.0011317338162064282,0.0,0.12715132677142693,2.274082466389527e-05,0.13809554987939476
"('0034140000', 'Physics Department')",0.002489814395654142,0.003991615163031225,0.14463432200615464,8.308075580764009e-05,0.16164560503627812
"('0022103000', 'Biology')",0.0011317338162064282,0.0,0.12715132677142693,2.2740824663895273e-05,0.13809554987939476
"('0022103000', 'Math Department')",0.0011317338162064282,0.0,0.12715132677142693,2.2740824663895273e-05,0.13809554987939474
"('0001057000', 'Chemistry')",0.0004526935264825713,0.0,0.0966337846409589,1.4923606706537878e-06,0.10161357860571701
"('0010751000', 'Mathematics Faculty')",0.00022634676324128565,0.0,0.11795487918835937,1.647080562363891e-05,0.12517589799165071
"('0020537000', 'Native American Programs')",0.000679040289723857,0.0,0.11547609712747327,7.99344276625377e-07,0.12239096757826916
"('0022210000', 'Electrical & Computer Engineering')",0.00022634676324128565,0.0,0.12838917787916654,0.0004060152832629391,0.13807643804814415
"('4006268000', 'Unknown Dept')",0.0022634676324128564,0.0038119880976838936,0.14947895520368115,4.1225151677850305e-05,0.1622738931758838
"('0037986000', 'Surgery')",0.0004526935264825713,0.0,0.130849425423528,9.062238111252282e-06,0.14316558044738814
"('0014894000', 'Department of Biology')",0.0009053870529651426,0.0,0.13297616181073924,0.03471939414426113,0.1452563714390321
"('0029728000', 'Department of Applied Ecology')",0.0009053870529651426,0.0,0.13297616181073924,0.03471939414426113,0.1452563714390321
"('0023259000', 'University of Michigan Biological Statio')",0.0009053870529651426,0.0,0.13297616181073924,0.03471939414426113,0.1452563714390321
"('0037283001', 'Unknown Dept')",0.002037120869171571,0.007914618231424461,0.14209899971052717,2.311154969876637e-05,0.15311992155020593
"('0037457000', 'Civil and Environmental Engineeering')",0.0009053870529651426,0.0,0.1389745202893992,1.1802519153684976e-05,0.1488743852596267
"('0037283001', 'Civil Engineering')",0.0009053870529651426,0.0,0.1389745202893992,1.1802519153684976e-05,0.14887438525962673
"('0037283000', 'Civil and Environmental Engineering')",0.0009053870529651426,0.0,0.1389745202893992,1.1802519153684976e-05,0.14887438525962673
"('0014449000', 'Political Science')",0.00022634676324128565,0.0,0.11159101816069308,0.02049432338854358,0.11841861007456878
"('0014449000', 'Physics')",0.0022634676324128564,0.0004526935264825713,0.12560413942116336,0.21759981479282486,0.13650460939392495
"('7203584209', 'Unknown Dept')",0.000679040289723857,0.0,0.12300924379106805,1.2659687461443414e-05,0.1316974478416306
"('0013128000', 'Chemistry')",0.0009053870529651426,0.004887810856110629,0.1434555313829269,0.002710769403620443,0.15490594549557743
"('0013128000', 'Department of Chemistry 1460')",0.00022634676324128565,0.0,0.12546146419037882,0.0002553118687874898,0.13266048309620046
"('0018408000', 'Department of Electrical Engineering')",0.0009053870529651426,0.0,0.1451904433270893,0.00013679151005299402,0.15878789738001925
"('0013128000', 'Electrical Engineering & Computer Scienc')",0.0011317338162064282,0.0010263053776419992,0.14528593508500773,0.00013900280076097513,0.1592896327052041
"('0013151000', 'Electrical Engineering')",0.0015844273426889996,0.005510766366235713,0.1457845240059396,0.00014054808824969406,0.16012064051335076
"('0026633000', 'ECE')",0.000679040289723857,0.007959301728146998,0.14922650814024185,2.3389382321959016e-05,0.16195001429836078
"('0026633000', 'Language, Literacy, Sociocultural Studie')",0.0004526935264825713,0.0,0.14889959893498703,2.2950686193926027e-05,0.16088052584204585
"('0033787000', 'Mech Engr/Appl Mech & Comp Info Sci')",0.0004526935264825713,0.0,0.10313514018255246,1.2335424483052988e-07,0.10745946738710146
"('0020834000', 'GESTAR II')",0.00022634676324128565,0.0,0.11543084077964154,6.427549439441095e-07,0.12182887311621993
"('0017749000', 'Mathematics')",0.001358080579447714,0.0,0.10778238594779214,2.2001275879027544e-07,0.11362347468583867
"('0017756000', 'Statistics')",0.0015844273426889996,0.0013574656459727544,0.10779027496523289,2.2192800371892378e-07,0.11381209698853974
"('0017392000', 'Department of Mathematics')",0.001358080579447714,0.0,0.10778238594779214,2.2001275879027544e-07,0.11362347468583865
"('0080010000', 'Department of Mathematics')",0.001358080579447714,0.0,0.10778238594779214,2.2001275879027544e-07,0.11362347468583865
"('0017756000', 'Department of Mathematics')",0.001358080579447714,0.0,0.10778238594779214,2.2001275879027544e-07,0.11362347468583867
"('0017392000', 'Institute for Policy Research')",0.002037120869171571,0.0013574656459727544,0.10779027496523289,2.27148424789159e-07,0.1139629948307006
"('0026278000', 'Ecology and Evolutionary Biology')",0.0004526935264825713,0.0004526935264825713,0.10572160137835315,0.00033872883797553884,0.11202243183576112
"('0026278000', 'Department of Chemistry')",0.00022634676324128565,0.0,0.09561528805782799,3.190268687267266e-05,0.10005867785268287
"('0018259000', 'Department of Chemistry')",0.00022634676324128565,0.0,0.1336519845111326,8.942469441786434e-06,0.1424947367907976
"('0017756000', 'INTEGRATIVE BIOLOGY')",0.000679040289723857,0.0,0.1342082080257602,3.473235555552973e-05,0.14459266966623152
"('0017756000', 'Entomology')",0.000679040289723857,0.0,0.1342082080257602,3.473235555552973e-05,0.14459266966623152
"('0017756000', 'Communication')",0.0015844273426889996,0.004266378166744081,0.1453767686739059,0.0001080748331778878,0.15861809899270166
"('0021998000', 'Khoury College of Computer Sciences')",0.0004526935264825713,0.0,0.12435962393739797,4.629323196453231e-06,0.13161236052815914
"('0021998000', 'College of Computer and Information Sci.')",0.0004526935264825713,0.0,0.12435962393739797,4.629323196453231e-06,0.13161236052815914
"('0019281000', 'Department of Physics')",0.000679040289723857,0.0,0.09880353348988036,3.6759102347646433e-08,0.10383354635340607
"('0034017000', 'Department of Chemistry')",0.000679040289723857,0.0,0.09880353348988036,3.6759102347646433e-08,0.10383354635340607
"('0022335000', 'Robotics Engineering Department')",0.000679040289723857,0.0,0.13729877556094225,0.0038797517887791374,0.14847460773218937
"('0022335000', 'Chemistry & Biochemistry')",0.00022634676324128565,0.0,0.09840958702721968,7.2604263802125e-06,0.10237065100470213
"('0022335000', 'Chemistry')",0.0004526935264825713,0.0004526935264825713,0.10914840526718878,7.708606361390847e-05,0.11482889050460084
"('4203659000', 'ECE')",0.0009053870529651426,0.0,0.12039787436980515,2.0719054119883694e-05,0.13023822715658176
"('0022921000', 'Electrical and Computer Engineering')",0.0009053870529651426,0.0,0.12039787436980515,2.0719054119883694e-05,0.1302382271565818
"('0022921000', 'Mechanical Engineering-Engineering Mecha')",0.0009053870529651426,0.0,0.12039787436980515,2.0719054119883694e-05,0.13023822715658182
"('0010819000', 'School of Computing and Augmented Intell')",0.0011317338162064282,0.0035682576159545855,0.1449475065616798,0.0009932586717549552,0.16140140542019135
"('0021287000', 'Chemistry')",0.0004526935264825713,0.0,0.10037259178480552,1.2352591817135803e-07,0.10578581607955513
"('0021287000', 'Department of Chemistry')",0.0004526935264825713,0.0,0.10037259178480552,1.2352591817135803e-07,0.10578581607955513
"('0037986000', 'Materials Science and Engineering')",0.00022634676324128565,0.0,0.12226711684286268,2.035611942669986e-06,0.1317106544325405
"('0033787000', 'Materials Science and Engineering')",0.00022634676324128565,0.0,0.09975614161849711,2.854693907570096e-08,0.10504695840033983
"('0025320000', 'Microbiology & Immunology Dept')",0.00022634676324128565,0.0,0.09022034348261145,5.660743641647044e-09,0.09380199966302966
"('0025320000', 'Earth Sciences')",0.0004526935264825713,0.0004526935264825713,0.09916502065002694,5.987290671038788e-08,0.10420627569535876
"('0013284000', 'ECE & CS')",0.000679040289723857,0.0,0.11611648444070648,1.0285774485438594e-06,0.12189849126528567
"('0013284000', 'Electrical Engineering')",0.0009053870529651426,0.0023275947610739943,0.13013254786450662,8.658584790659022e-06,0.13832093350540559
"('0032102000', 'EECS')",0.000679040289723857,0.0,0.12640192263675898,2.9047550965100115e-06,0.13562812519603532
"('0032102000', 'Electrical and Computer Engineering')",0.000679040289723857,0.0,0.12640192263675898,2.9047550965100115e-06,0.13562812519603532
"('0010835000', 'Department of Astronomy')",0.0004526935264825713,0.0,0.14871415107041874,9.25793440718945e-05,0.1607428284205098
"('0013144000', 'Mathematics')",0.00022634676324128565,0.0,0.11167846309403438,5.880749159085646e-07,0.11786049195510374
"('0022905000', 'CGCEO')",0.0009053870529651426,0.0,0.11991748547852994,1.4646675480225633e-05,0.12975143149663082
"('0022905000', 'Community Sustainability')",0.0009053870529651426,0.0,0.11991748547852994,1.4646675480225633e-05,0.12975143149663082
"('0022905000', 'School of Journalism')",0.0009053870529651426,0.0,0.11991748547852994,1.4646675480225633e-05,0.12975143149663082
"('0014175000', 'Biomedical Engineering')",0.000679040289723857,0.0004526935264825713,0.11704241396667285,1.0899315000864651e-05,0.12424205012729844
"('0025163000', 'Medicine')",0.0004526935264825713,0.0,0.11703931334110416,1.0810773908524494e-05,0.12412887674567782
"('0038950000', 'Department of Botany')",0.00022634676324128565,0.0,0.11944091486658195,1.1502073723583612e-05,0.12699952077498394
"('0021881000', 'Biology')",0.0004526935264825713,0.0,0.14860910222341822,6.928650589467961e-05,0.16205153430142044
"('0014266000', 'Yale School of Public Health')",0.00022634676324128565,0.0,0.09609779440553357,3.684294163421424e-05,0.10045765993055876
"('0014811000', 'ISENSE')",0.0009053870529651426,0.0,0.11783847220740425,3.3440126801563486e-06,0.12489693107053769
"('0014811000', 'Electrical Eng. and Computer Science')",0.0009053870529651426,0.0,0.11783847220740425,3.3440126801563486e-06,0.12489693107053769
"('0025163000', 'Molecular Microbiology & Immunology, Vet')",0.000679040289723857,0.0,0.12900023359028265,1.0169949429774487e-05,0.13972757506313313
"('0036327040', 'Veterinary Pathobiology')",0.000679040289723857,0.0,0.12900023359028265,1.0169949429774487e-05,0.13972757506313316
"('0036327000', 'Microbial Pathogenesis and Immunology')",0.000679040289723857,0.0,0.12900023359028265,1.0169949429774487e-05,0.13972757506313316
"('0013706000', 'Linguistics')",0.0011317338162064282,0.0008358566071245095,0.10821270237832807,2.0742585387907476e-07,0.11486376133741046
"('0013508000', 'Computer Science')",0.0018107741059302852,0.0034741521401148493,0.12086889910264828,1.460683917151721e-06,0.12999953274681575
"('0013706000', 'Cognitive and Computer Science')",0.0011317338162064282,0.0004526935264825713,0.10798523696624544,2.0245716763141591e-07,0.11442187072462805
"('0038950000', 'Educational Psychology')",0.0009053870529651426,0.0,0.1079825976438383,2.0072440324815881e-07,0.11430869734300741
"('0027078000', 'Sociology')",0.00022634676324128565,0.0,0.14326944903849273,1.7514579662149174e-05,0.15351398953141734
"('0021782000', 'Department of Brain and Cognitive Scienc')",0.0009053870529651426,0.0,0.1405797562605403,3.4403886413117795e-05,0.1535355677218496
"('0020776000', 'Department of Physics & Astronomy')",0.00022634676324128565,0.0,0.10127220630372492,4.037118546113679e-08,0.10716089558458755
"('0018259000', 'Earth and Atmospheric Sciences')",0.00022634676324128565,0.0,0.1336519845111326,8.942469441786434e-06,0.1424947367907976
"('0024414000', 'Unknown Dept')",0.0011317338162064282,0.0004526935264825713,0.14051269003244068,8.340785838079697e-05,0.15202818847567495
"('5300004629', 'Unknown Dept')",0.001358080579447714,0.0009051820751401561,0.14051715912343754,8.424316964418295e-05,0.15214136185729563
"('5300009754', 'Psychology Department')",0.0004526935264825713,0.0,0.12481988981494561,3.1998420520648322e-06,0.13596593715092836
"('5300009754', 'Marine Science')",0.0004526935264825713,0.0,0.12481988981494561,3.1998420520648322e-06,0.13596593715092836
"('0037457000', 'Engineering Systems and Environment')",0.0004526935264825713,0.0,0.10040452706695151,6.325628002376582e-08,0.1045482666885623
"('0028829000', 'School of Information Studies')",0.002489814395654142,0.01627463146314395,0.14688476627435335,2.461869407542438e-05,0.16068467961292673
"('0026393000', 'School of Business')",0.001358080579447714,0.0018095442389803665,0.1373286500264213,8.898585535978067e-06,0.1485221131667479
"('0028829000', 'Broadcast and Digital Journalism')",0.000679040289723857,0.0,0.1373115773115773,8.627346998588797e-06,0.14814486856134582
"('0020297000', 'Mathematics')",0.00022634676324128565,0.0,0.1049082231140028,1.5643624463163427e-07,0.11003403619639203
"('0017749000', 'University of Chicago Library')",0.00022634676324128565,0.0,0.12348025378015037,8.715444424900708e-06,0.13086537412589838
"('4025938000', 'Economics, Lazaridis School of Business')",0.00022634676324128565,0.0,0.12866212359485119,1.3650058535838404e-05,0.13660979129516868
"('0013201000', 'Mechanical Engineering')",0.00022634676324128565,0.0,0.1014838976432214,1.675980772931849e-07,0.1059528165301986
"('0038950000', 'Department of Psychology')",0.00022634676324128565,0.0,0.1249964634318857,2.910830377288296e-06,0.13184033787247898
"('0018697000', 'Industrial & Manufacturing Systems Engr')",0.0009053870529651426,0.0,0.12100794302930704,4.394118207850118e-06,0.12945630020098076
"('0018697000', 'Genetics, Dev and Cell Biology; Agronomy')",0.0009053870529651426,0.0,0.12100794302930704,4.394118207850118e-06,0.12945630020098076
"('0022335000', 'Mechanical Engineering')",0.002037120869171571,0.0009011612402775533,0.1301248821866164,0.0016207692610417962,0.14046792914742806
"('0022335000', 'Mechanical Engineering Department')",0.0009053870529651426,0.0,0.129674200176108,0.0009425942082379961,0.13919148691353905
"('0021782000', 'Department of Physics')",0.00022634676324128565,0.0,0.11142777875860678,0.00036060622854273587,0.11772018869637517
"('4000840000', 'APS Programs')",0.002037120869171571,0.0,0.12560056858564322,0.21583573405652598,0.13639143601230436
"('4000840000', 'Education')",0.002037120869171571,0.0,0.12560056858564322,0.21583573405652598,0.13639143601230427
"('5300004653', 'Physical and Environmental Sciences')",0.002037120869171571,0.0,0.12560056858564322,0.21583573405652598,0.13639143601230436
"('0022269000', 'Physical and Biological Sciences')",0.002037120869171571,0.0,0.12560056858564322,0.21583573405652598,0.13639143601230433
"('0001479000', 'Physics and Astronomy')",0.002037120869171571,0.0,0.12560056858564322,0.21583573405652598,0.13639143601230433
"('0019992001', 'Industrial Engineering')",0.000679040289723857,0.0,0.1397526334103059,3.468827395858696e-05,0.15484695187614958
"('0033332000', 'Center for Teaching and eLearning')",0.000679040289723857,0.0,0.1397526334103059,3.468827395858696e-05,0.15484695187614958
"('0031724000', 'Unknown Dept')",0.0004526935264825713,0.0,0.1095734126984127,3.028970386915884e-07,0.1159529393595234
"('0031708000', 'School of Engineering and Construction T')",0.0004526935264825713,0.0,0.1095734126984127,3.028970386915884e-07,0.1159529393595234
"('0021550000', 'Physics and Mathematics')",0.00022634676324128565,0.0,0.10155154579933341,1.3448060178052574e-06,0.10626326971625458
"('0029744000', 'UNC Eshelman School of Pharmacy')",0.000679040289723857,0.006700699211684382,0.1330081888246628,9.135903873001719e-06,0.14276550495427767
"('0001024000', 'Civil Engineering')",0.0009053870529651426,0.0,0.11814413691670009,1.5012707235266154e-05,0.12608249227760238
"('0001024000', 'Design & Innovation')",0.0009053870529651426,0.0,0.11814413691670009,1.5012707235266154e-05,0.12608249227760235
"('0001024000', 'Electrical Engineering Computer Science')",0.0009053870529651426,0.0,0.11814413691670009,1.5012707235266154e-05,0.12608249227760238
"('0027078000', 'Department of Computer Science')",0.0009053870529651426,0.0,0.13896140659893688,4.3055745699653475e-05,0.1491832955787224
"('0027854000', 'Electrical & Computer Engineering')",0.0009053870529651426,0.0,0.13896140659893688,4.3055745699653475e-05,0.14918329557872234
"('5300004629', 'HNIP')",0.0004526935264825713,0.0,0.1232116462615389,8.778545353816203e-06,0.1305568820560963
"('5300004629', 'HACU')",0.0004526935264825713,0.0,0.1232116462615389,8.778545353816203e-06,0.1305568820560963
"('0018697000', 'Materials Science and Engineering')",0.002489814395654142,0.005780764847818305,0.1268410324136545,3.999485570023874e-05,0.13695869733103777
"('0031278000', 'Unknown Dept')",0.0011317338162064282,0.0004526935264825713,0.11765019173412868,9.389987936823013e-06,0.12525833686709623
"('0018697000', 'School of Education')",0.0015844273426889996,0.003283770136906353,0.1271659662656151,3.7905570662869204e-05,0.13650158817089522
"('0018697000', 'Chemical & Biological Engineering')",0.0011317338162064282,0.0004526935264825713,0.11765019173412868,9.389987936823013e-06,0.12525833686709625
"('P270019691', 'Unknown Dept')",0.0009053870529651426,0.0,0.11764705882352941,9.310446913703648e-06,0.1251451634854756
"('0020776000', 'Biology')",0.000679040289723857,0.0006025119463948435,0.1385908777213125,6.449963400373183e-06,0.1487455706106673
"('0016949000', 'Chemistry Physics and Engineering Studie')",0.000679040289723857,0.0,0.13334138170404128,6.221570205003341e-05,0.1437947747137416
"('0010819000', 'Dept. of Physics & Astronomy')",0.0009053870529651426,0.0,0.1440871436957798,0.0010342125386308553,0.16007843635163588
"('0010819000', 'School of Molecular Sciences')",0.0018107741059302852,0.0006169047613308051,0.14491897920356886,0.0011872372323550023,0.1616946110325457
"('0010819000', 'Department of Physics')",0.0009053870529651426,0.0,0.1440871436957798,0.0010342125386308553,0.1600784363516359
"('5300002935', 'Psychology')",0.000679040289723857,0.0,0.12466491718163605,1.152979900407903e-05,0.13324751646673302
"('0035352000', 'Department of EECS')",0.0009053870529651426,0.0,0.13847359348064567,9.504953433636952e-05,0.15115080583618298
"('0035352000', 'Psychology')",0.0009053870529651426,0.0,0.13847359348064567,9.504953433636952e-05,0.15115080583618298
"('5300011877', 'Computational Science Initiative')",0.0004526935264825713,0.0,0.11880815360619588,1.716496376691159e-06,0.12655979275490306
"('0026294000', 'Rutgers, The State University of NJ, Ins')",0.00022634676324128565,0.0,0.11620811194697249,1.2859746967694908e-06,0.12420783835118225
"('0010819000', 'Computer Science')",0.000679040289723857,0.0,0.148354600402955,0.00012471001639185092,0.16201863186358353
"('0022210000', 'Resource Economic')",0.000679040289723857,0.0,0.148354600402955,0.00012471001639185092,0.1620186318635835
"('0014316000', 'Chemical & Biomolecular Engineering')",0.0009053870529651426,0.0,0.10214792721555571,3.2597018172043055e-08,0.10866366093511559
"('0014316000', 'Material Sciences and Engineering')",0.0009053870529651426,0.0,0.10214792721555571,3.2597018172043055e-08,0.10866366093511562
"('0010835000', 'Udall Center for Studies in Public Pol')",0.0011317338162064282,0.00022629551878503902,0.1347855268777839,1.773336090317595e-05,0.1449391040778538
"('0010835000', 'ARL Division of Neurobiology')",0.0009053870529651426,0.0,0.13478141493029072,1.743211306880888e-05,0.1448259306962332
"('0010835000', 'Law')",0.0009053870529651426,0.0,0.13478141493029072,1.743211306880888e-05,0.14482593069623317
"('0013508000', 'Forest & Rangeland Stewardship')",0.0018107741059302852,0.002261417854162992,0.1557498413593739,0.00012788096629226775,0.17241167363394488
"('0010835000', 'Native Nations Institute')",0.0011317338162064282,0.00022629551878503902,0.1347855268777839,1.773336090317595e-05,0.14493910407785388
"('0015982001', 'Geography - 204 GG Building')",0.00022634676324128565,0.0,0.1082312591866732,1.5079885911931983e-06,0.11363361501432934
"('0015982001', 'Center for Applied Isotope Studies')",0.000679040289723857,0.0004526935264825713,0.12136362387715298,1.557973282748787e-05,0.12940444068782647
"('0029728000', 'Department of Physics')",0.00022634676324128565,0.0,0.132196289646918,2.5474504709554636e-06,0.14049961531853727
"('0023879000', 'Biochem., Molecular Biology & Biophysics')",0.0004526935264825713,0.0,0.11833083351189201,2.606074722191257e-06,0.12606450918370005
"('0013128000', 'Department of Agr. & Resource Economics')",0.00022634676324128565,0.0,0.11492937228480009,2.0931351436222605e-06,0.12224861122169542
"('0013706000', 'Institute for Cognitive Science')",0.00022634676324128565,0.0,0.09746304875358482,1.9612463573692116e-08,0.1017788932198211
"('0013151000', 'Physical Sciences Division')",0.00022634676324128565,0.0,0.12836679547897842,8.457194796869042e-05,0.13708718598940342
"('0013128000', 'CITRIS and the Banatao Institute')",0.0004526935264825713,0.0,0.11494133257017977,2.3169837893287135e-06,0.12247495798493667
"('0025650000', 'University of Nebraska State Museum')",0.000679040289723857,0.0,0.0963934283158423,1.075623459929327e-08,0.10067238356772286
"('0025650000', 'Sociology')",0.000679040289723857,0.0,0.0963934283158423,1.075623459929327e-08,0.10067238356772287
"('0025650000', 'Research')",0.000679040289723857,0.0,0.0963934283158423,1.075623459929327e-08,0.10067238356772286
"('0015982001', 'Geography')",0.00022634676324128565,0.0,0.10295488441461596,2.444069790826225e-07,0.10896595371537215
"('0022905000', 'Counseling, Educational Psychology,')",0.0004526935264825713,0.0,0.09975839411113871,4.8810893792609785e-08,0.10381316703797411
"('0022905000', 'Counseling, Educational Psychology, and')",0.0004526935264825713,0.0,0.09975839411113871,4.8810893792609785e-08,0.10381316703797412
"('0030908000', 'Biochemistry')",0.0004526935264825713,0.0,0.1303244837758112,0.02557537289175215,0.14173761013394234
"('0030908000', 'Molecular Genetics')",0.0004526935264825713,0.0,0.1303244837758112,0.02557537289175215,0.14173761013394232
"('0015644000', 'School of Nursing')",0.0004526935264825713,0.0,0.12397923389925634,7.752834766423854e-05,0.13219593645125483
"('0015644000', 'Biostatistics, Rollins School of Public')",0.0004526935264825713,0.0,0.12397923389925634,7.752834766423854e-05,0.13219593645125483
"('0030056000', 'Research and Economic Development')",0.0009053870529651426,0.0,0.12420579139724487,7.955052987682086e-05,0.1332453016667659
"('0029975000', 'ND EPSCoR')",0.0011317338162064282,3.074667374796726e-07,0.12420928336472771,8.508879466283251e-05,0.13335847504838652
"('0030056000', 'Anthropology')",0.0009053870529651426,0.0,0.12420579139724487,7.955052987682086e-05,0.1332453016667659
"('0010819000', 'Research Technology Office')",0.000679040289723857,0.0,0.1284787855875767,0.0002377564872573974,0.13921133064410499
"('0010819000', 'UTO')",0.000679040289723857,0.0,0.1284787855875767,0.0002377564872573974,0.13921133064410499
"('0033787000', '0708 - Statistics')",0.00022634676324128565,0.0,0.11496825231601956,1.1496528561562728e-06,0.12072695009227943
"('0021030000', 'Geographical Sciences')",0.0004526935264825713,0.0,0.13266470482253317,0.02733707329008177,0.14438799028545415
"('0021030000', 'Dept of Civil and Env Engineering')",0.000679040289723857,0.0004526935264825713,0.13266868862796913,0.02756050632599522,0.1445011636670748
"('7203590731', 'Technology')",0.0004526935264825713,0.0,0.11182828359531222,1.4516301151055345e-06,0.11772267229171374
"('7203581792', 'Unknown Dept')",0.0004526935264825713,0.0,0.11182828359531222,1.4516301151055345e-06,0.11772267229171371
"('4005518000', 'DBASSE/BBCSS')",0.00022634676324128565,0.0,0.09023324210612312,6.428070605398945e-09,0.0940094841960008
"('0029728000', 'Friday Institute for Educational Innovat')",0.000679040289723857,0.0,0.11998261908641573,2.985366000332409e-06,0.1283486344147271
"('0029728000', 'Science, Technology, Engineering, and Ma')",0.000679040289723857,0.0,0.11998261908641573,2.985366000332409e-06,0.1283486344147271
"('0015354000', 'College of Education, School of Teaching')",0.000679040289723857,0.0,0.11998261908641573,2.985366000332409e-06,0.1283486344147271
"('4008181000', ""Children's Programming"")",0.000679040289723857,0.0,0.10158190011956222,1.972483146168929e-06,0.10723394229567577
"('4002911000', 'U.S. Division-SIP')",0.0009053870529651426,0.00045132700764932845,0.11302701596397871,8.82480749279027e-06,0.12088645084577429
"('4008181000', 'Unknown Dept')",0.000679040289723857,0.0,0.10158190011956222,1.972483146168929e-06,0.10723394229567577
"('0031856000', 'Electrical Engineering')",0.0004526935264825713,0.0,0.12163092255595628,1.9950324676662793e-05,0.12968155365983078
"('0031856000', 'Physics and Engineering Physics')",0.0004526935264825713,0.0,0.12163092255595628,1.9950324676662793e-05,0.12968155365983078
"('6250025093', 'Unknown Dept')",0.0004526935264825713,0.0,0.14291721929285414,7.65314103839614e-05,0.15517111466070185
"('0029207000', 'Sanford School of Public Policy')",0.000679040289723857,0.0004526935264825713,0.14728139480614727,9.243339641855522e-05,0.15887276108529957
"('0029207000', 'Public Policy')",0.00022634676324128565,0.0,0.12837798570349276,8.780484547390346e-06,0.1356018221002379
"('0020776000', 'Department of Mech.  Engr.')",0.0009053870529651426,0.004496961619895393,0.12361499720201455,3.614167763437183e-06,0.1341603052020657
"('0027110000', 'Plant Pathology & Plant-Microbe Biology')",0.00022634676324128565,0.0,0.11186792596156281,3.604575249498612e-06,0.118533585585984
"('0032102000', 'OSU Botany and Plant Pathology')",0.0011317338162064282,0.0004526935264825713,0.12595506899304368,3.695313384085035e-05,0.13636042293805897
"('0017749000', 'Dept Astron. & Astrophys., Dept Physics')",0.000679040289723857,0.0,0.14195745774693144,0.00010285943176534227,0.15391239400406395
"('0011312000', 'Department of Physics')",0.000679040289723857,0.0,0.14195745774693144,0.00010285943176534227,0.15391239400406395
"('7203589433', 'Unknown Dept')",0.0011317338162064282,0.0,0.1183752210492471,2.370423319835023e-06,0.12599493239771553
"('0013136000', 'Environmental Science and Policy')",0.0011317338162064282,0.0,0.1183752210492471,2.370423319835023e-06,0.1259949323977155
"('0021550000', 'Economics')",0.00022634676324128565,0.0,0.12866212359485119,1.3650058535838404e-05,0.1366097912951687
"('0028373000', 'Chemical Engineering')",0.0009053870529651426,0.0,0.12936663640888993,0.0001024010245254317,0.13851062799682062
"('0028373000', 'Chemical and Biological Engineering')",0.0009053870529651426,0.0,0.12936663640888993,0.0001024010245254317,0.13851062799682065
"('0033290000', 'Physics Department')",0.001358080579447714,0.0015070571234415736,0.15746516020957338,3.955436336923543e-05,0.1725246322009552
"('P270007334', 'Unknown Dept')",0.0009053870529651426,0.0,0.15608549726196785,3.234052586276419e-05,0.17012850021564246
"('0034140000', 'Natural Resources Sciences')",0.000679040289723857,0.0,0.13267267267267266,0.030548006025056102,0.14453888812761498
"('6250040298', 'Unknown Dept')",0.000679040289723857,0.0,0.13267267267267266,0.030548006025056102,0.14453888812761498
"('0018259000', 'Dept of Forestry and Natural Resources')",0.0009053870529651426,0.0,0.1557223925839766,0.00012169265450748335,0.1719212556469221
"('0018259000', 'Civil Eng/Environ & Ecological Eng')",0.0004526935264825713,0.0,0.15173787608187939,6.906642015776846e-05,0.16576697534144227
"('0021303000', 'Biomedical Engineering Department')",0.00022634676324128565,0.0,0.10526817412852343,9.047194732887887e-07,0.11028853298445432
"('0017756000', 'Department of Electrical & Computer Eng.')",0.00022634676324128565,0.0,0.12926443911287963,8.237634047033453e-07,0.13849123940794328
"('0019489001', 'Sociology/Environmental Studies')",0.00022634676324128565,0.0,0.10201112932646794,1.7818393357283337e-07,0.106793089262198
"('0072793000', 'Natural Sciences')",0.0004526935264825713,0.0,0.09128099173553719,5.863750110589202e-09,0.09503038032478468
"('0072793000', 'Computer Science')",0.0004526935264825713,0.0,0.09128099173553719,5.863750110589202e-09,0.0950303803247847
"('0014811000', 'Computer & Electrical Engineering and Co')",0.0004526935264825713,0.0,0.11124540464319888,1.6886130256071405e-06,0.11725795424584345
"('0010835000', 'Management Information Systems')",0.0004526935264825713,0.0009051820751401561,0.12092514027644724,2.2278637166505323e-06,0.12788437481737558
"('0036327001', 'University Telecommunications')",0.000679040289723857,0.0,0.1300023540489642,1.521448941107732e-05,0.14117283017520588
"('0047415000', 'Mathematics')",0.0004526935264825713,0.0,0.1414076753192715,7.518726949943583e-05,0.15517456362861423
"('0014811000', 'Electrical Engineering and Computer Scie')",0.00022634676324128565,0.0,0.10958700235644302,2.734060314203392e-07,0.1159453944674154
"('0033290000', 'Department of Physics')",0.0015844273426889996,0.004148039139185134,0.15725777746137964,4.008274288166559e-05,0.1731113606226768
"('0033290000', 'Meteorology and Atmospheric Sciences')",0.0009053870529651426,0.0,0.14904527359827272,3.095576478966132e-05,0.1632006706135259
"('0033290000', 'Engineering')",0.0009053870529651426,0.0,0.12268473521979395,5.07211470548828e-06,0.13274833685902634
"('0033290000', 'Consortium, Building Energy Innovation')",0.0009053870529651426,0.0,0.12268473521979395,5.07211470548828e-06,0.13274833685902634
"('0033290000', 'Schreyer Institute for Teaching Excellen')",0.0009053870529651426,0.0,0.12268473521979395,5.07211470548828e-06,0.13274833685902634
"('0033290000', 'Information Sciences & Technology')",0.0009053870529651426,0.0,0.12268473521979395,5.07211470548828e-06,0.13274833685902637
"('0039545000', 'School of Modeling, Simulation, and Trai')",0.000679040289723857,0.0,0.15422746631292328,0.00010277926394392336,0.16884060999610903
"('0015362010', 'Atmospheric Sciences')",0.0004526935264825713,0.0004526935264825713,0.13510290205192502,6.680442048566825e-05,0.14495034070350887
"('0015362010', 'Department of Atmospheric Sciences')",0.00022634676324128565,0.0,0.11902580958025756,6.2938454536536784e-06,0.12543387441431503
"('0013706000', 'Department of Mathematics')",0.0004526935264825713,0.0,0.12759935304990758,7.077792695666366e-07,0.13630283943208296
"('P270028137', 'Unknown Dept')",0.0004526935264825713,0.0,0.12759935304990758,7.077792695666366e-07,0.13630283943208302
"('0019992001', 'ELEOD')",0.0004526935264825713,0.0,0.0961082468620157,3.21561437083508e-07,0.10108412995266022
"('0019992001', 'Coll of Education & Human Deve')",0.0004526935264825713,0.0,0.0961082468620157,3.21561437083508e-07,0.10108412995266024
"('0036327060', 'Electrical & Computer Engineering')",0.00022634676324128565,0.0,0.128992700729927,8.251999696349964e-06,0.1395012282998919
"('6250001416', 'Instructional')",0.001358080579447714,0.0009051820751401561,0.1036602534021586,2.188173534834565e-05,0.1098650065084152
"('7203585967', 'Unknown Dept')",0.0009053870529651426,0.0,0.10365538923560602,2.1486138108460697e-05,0.10963865974517392
"('6250016321', 'Unknown Dept')",0.0015844273426889996,0.0006026348054601741,0.11561813043023134,6.79808286685238e-05,0.12422785170917712
"('7203577516', 'Unknown Dept')",0.0015844273426889996,0.0006026348054601741,0.11561813043023134,6.79808286685238e-05,0.12422785170917715
"('0033787000', 'Education')",0.0004526935264825713,0.0007560403298693614,0.12230434902970407,1.903069062128464e-06,0.1294963338446873
"('0037549000', 'Mechanical Engineeering')",0.0009053870529651426,0.0,0.1328322309079976,1.7454681199228975e-05,0.14249374500053535
"('0014316000', 'Chemical Engineering')",0.0004526935264825713,0.0,0.10331602824938028,3.4338650949147595e-08,0.10980278324331874
"('0019281000', 'Computing & Information Sciences')",0.00022634676324128565,0.0,0.10958700235644302,2.734060314203392e-07,0.1159453944674154
"('0022335000', 'Chemical Engineering')",0.001358080579447714,0.002126993274612734,0.1292493125036569,0.0010721526672377367,0.14005683742239375
"('0022210000', 'Chemistry')",0.0011317338162064282,0.0004526935264825713,0.11387478413279377,7.523400717418958e-05,0.12139774231750844
"('0022210000', 'Physics and Astronomy')",0.0009053870529651426,0.0,0.11387184906438476,7.462377193663964e-05,0.12128456893588782
"('0022210000', 'Economics and Public Policy')",0.0009053870529651426,0.0,0.11387184906438476,7.462377193663964e-05,0.12128456893588781
"('0022210000', 'Environmental Conservation')",0.0009053870529651426,0.0,0.11387184906438476,7.462377193663964e-05,0.12128456893588782
"('0010025000', 'Electrical Eng and Computer Science')",0.0009053870529651426,0.0,0.1378471138845554,6.052816997399351e-05,0.1482752176901103
"('0010025000', 'Winfred Thomas Agricultural Research Sta')",0.0009053870529651426,0.0,0.1378471138845554,6.052816997399351e-05,0.1482752176901103
"('0010025000', 'Dept of Computer Science')",0.0009053870529651426,0.0,0.1378471138845554,6.052816997399351e-05,0.1482752176901103
"('P269972311', 'Archaeology')",0.0004526935264825713,0.0,0.09610406560657805,4.111827629823291e-05,0.1006274200029897
"('P269972339', 'Archaeology')",0.0004526935264825713,0.0,0.09610406560657805,4.111827629823291e-05,0.10062742000298971
"('0027078000', 'Marine Biology and Paleo Oceanography')",0.00022634676324128565,0.0,0.12532977787864175,1.8415974507124946e-06,0.13190600833199234
"('0027078000', 'Biology and Paleo Environment')",0.000679040289723857,0.0004526935264825713,0.1432833884672764,1.951499175240471e-05,0.15377806075519884
"('0022194000', 'Biology')",0.0009053870529651426,0.0004526935264825713,0.11786676626737454,2.7559991915460644e-06,0.12614280210760506
"('0029744000', 'Mathematics')",0.0011317338162064282,0.012525712995028802,0.14974240780911063,2.7896926151461022e-05,0.16267733574206988
"('0018259000', 'Department of Electrical Engineering')",0.00022634676324128565,0.0,0.15358409233122436,4.064716572800124e-05,0.16670878038012302
"('0030908000', 'Educational Studies')",0.000679040289723857,0.0,0.1303283282692705,0.028543192144156886,0.141850783515563
"('0015370000', 'Adult, Career and Higher Education')",0.000679040289723857,0.0,0.1303283282692705,0.028543192144156886,0.141850783515563
"('6250014545', 'Research and Evaluation')",0.000679040289723857,0.0,0.1303283282692705,0.028543192144156886,0.14185078351556293
"('0010819000', 'School of Earth & Space Exploration')",0.0004526935264825713,0.0012677627486531028,0.14525727437119842,0.0007010970416057102,0.16109498808118
"('0015354000', 'FSRC')",0.0009053870529651426,0.0,0.1499151679674245,0.00013216102407173207,0.16345012753455368
"('0037283000', 'Electrical and Computer Engineering')",0.0011317338162064282,5.4478550818620474e-05,0.12918884145271653,1.3303352557828876e-05,0.13760085294716284
"('0025544000', 'School of Interdisciplinary Informatics')",0.0004526935264825713,0.0,0.12442616948770666,3.436832428453541e-06,0.13129183451727536
"('0031252000', 'Biomed, Chem & Environmental Engineering')",0.0009053870529651426,0.0,0.14484296111730377,4.401435528950117e-05,0.15729708775204349
"('0029728000', 'Civil, Construction & Environmental Engg')",0.0009053870529651426,0.0,0.14484296111730377,4.401435528950117e-05,0.15729708775204349
"('0020537000', 'School of Computing & Information Scienc')",0.0009053870529651426,0.0,0.14484296111730377,4.401435528950117e-05,0.15729708775204349
"('0021303000', 'ECE')",0.0004526935264825713,0.0,0.09830885625278149,2.7753432067088924e-07,0.10345526854993262
"('0021303000', 'Computer Science')",0.0004526935264825713,0.0,0.09830885625278149,2.7753432067088924e-07,0.10345526854993262
"('0037986000', 'Applied Physics Lab')",0.000679040289723857,0.002261417854162992,0.12865463016889925,3.512573163710615e-06,0.1398417671699756
"('0037986000', 'Applied Physics Laboratory')",0.0004526935264825713,0.0018095442389803665,0.11401584557020826,3.386457950101858e-07,0.12153997467720655
"('0019489001', 'Department of Mathematics')",0.00022634676324128565,0.0,0.10413180286138544,1.0217591929447885e-06,0.10903831887924215
"('0096354000', 'Electrical and Computer Engineering')",0.002716161158895428,0.025187018636011124,0.15196752889378096,0.0003101072280082531,0.16862678654779018
"('0096354000', 'Applied Research Center')",0.00022634676324128565,0.0,0.13192391531547673,3.041816254942497e-05,0.14159223780092894
"('0037051000', 'Computer Science')",0.000679040289723857,0.0004526935264825713,0.11114185806646373,2.0625457025885665e-07,0.11698180272994423
"('0037051000', 'Computer Science Department')",0.00022634676324128565,0.0,0.10002716899112479,1.966969066222601e-08,0.10403787932992072
"('0013128000', 'Civil and Environmental Engineering')",0.0004526935264825713,0.0,0.12866961789375583,1.2081839513626136e-05,0.13711288271609634
"('7203597556', 'Unknown Dept')",0.00022634676324128565,0.0,0.13083780021914887,5.599552633329397e-06,0.13993783805350055
"('5300012259', 'Scientific Computing')",0.0009053870529651426,0.0,0.13380175050728368,1.7629069005308212e-05,0.14375046763005037
"('0026278000', 'Department of Civil and Environmental En')",0.0009053870529651426,0.0,0.13380175050728368,1.7629069005308212e-05,0.14375046763005037
"('0037986000', 'Statistics')",0.00022634676324128565,0.0,0.09375265257618198,1.2807297519838874e-08,0.09814825973217514
"('0071043000', 'Teacher Education')",0.0004526935264825713,0.0,0.11559695439441116,2.553688325530512e-07,0.12142621750159734
"('0023879000', 'Family Social Science')",0.00022634676324128565,0.0,0.1447385663740008,0.0004313570964851034,0.1579113601804857
"('0013151000', 'Community Health Sciences')",0.0009053870529651426,0.00361580883276095,0.1296247396062553,5.0685500464646614e-06,0.13847705975931343
"('5300000720', 'NISS')",0.00022634676324128565,0.0,0.11999565429952741,0.00033064725774569034,0.127509736806597
"('0029728000', 'Teacher Education and Learning Sciences')",0.0004526935264825713,0.0,0.09495765808365215,1.3493858339735589e-08,0.09897762318840299
"('0039545000', 'College of Education & Human Performance')",0.0004526935264825713,0.0,0.09495765808365215,1.3493858339735589e-08,0.09897762318840297
"('0022269000', 'Biomedical Engineering')",0.0009053870529651426,0.0,0.12026677555464815,0.00026776127086236134,0.12775334756684384
"('0022269000', 'Unknown Dept')",0.0009053870529651426,0.0,0.12026677555464815,0.00026776127086236134,0.12775334756684384
"('0022269000', 'Mechanical Engineering')",0.0009053870529651426,0.0,0.12026677555464815,0.00026776127086236134,0.12775334756684384
"('0028365000', 'Unknown Dept')",0.001358080579447714,0.0008293302436656468,0.12376043475824976,0.00031200755300340966,0.1321680381888613
"('0014175000', 'Psychological Sciences')",0.0004526935264825713,0.0004526935264825713,0.13327702193127997,0.0003152362848846757,0.1429889303644386
"('0013052000', 'Graduate School of Education')",0.0009053870529651426,0.0,0.12110745614035087,5.7008700748622276e-05,0.12937253600732518
"('0017392000', 'School of Education and Social Policy')",0.0009053870529651426,0.0,0.12110745614035087,5.7008700748622276e-05,0.12937253600732518
"('0033795000', 'Psychology')",0.0009053870529651426,0.0,0.12110745614035087,5.7008700748622276e-05,0.12937253600732518
"('0014175000', 'Geography')",0.000679040289723857,0.0,0.11702691248145794,1.9526505342664845e-06,0.12393664405004973
"('0014175000', 'Educational Leadership')",0.000679040289723857,0.0,0.11702691248145794,1.9526505342664845e-06,0.12393664405004973
"('0027078000', 'Department of Economics, Columbia Univ.')",0.0004526935264825713,0.0,0.1432787416896384,1.935617711286167e-05,0.1536648873735782
"('0036327040', 'Biological and Agricultural Engineering')",0.0004526935264825713,0.0,0.10885258826717914,0.0004075965211591023,0.11604182016083071
"('0036327060', 'Nuclear /Engineering')",0.0004526935264825713,0.0,0.10885258826717914,0.0004075965211591023,0.11604182016083074
"('0036582000', 'Computer Sciences')",0.00022634676324128565,0.0,0.145405476566614,6.734232684911427e-06,0.1566682073019773
"('0023259000', 'Ecology and Evolutionary Biology')",0.0004526935264825713,0.0,0.1361311394589265,0.00011317315225470172,0.1505695265339959
"('0034140000', 'Unknown Dept')",0.000679040289723857,0.0,0.11561510480726454,9.380281901493141e-06,0.12153904856168936
"('0034017000', 'Psychology')",0.000679040289723857,0.0,0.11561510480726454,9.380281901493141e-06,0.12153904856168939
"('0022103000', 'Computer and Information Science')",0.000679040289723857,0.0,0.11561510480726454,9.380281901493141e-06,0.12153904856168936
"('0014811000', 'School of Urban and Regional Planning')",0.0004526935264825713,0.0,0.12840783584258558,3.867767499137079e-06,0.13690903684113187
"('5300001194', 'Public Management and Policy')",0.0011317338162064282,0.004752264335720996,0.14481447489183166,2.5140928745241246e-05,0.1572725988864502
"('0014662000', 'Physical Sciences')",0.000679040289723857,0.0,0.09730848861283643,2.707584690645423e-08,0.10150855976588744
"('0014662000', 'Biology')",0.000679040289723857,0.0,0.09730848861283643,2.707584690645423e-08,0.10150855976588741
"('0014662000', 'College of Arts & Sciences')",0.000679040289723857,0.0,0.09730848861283643,2.707584690645423e-08,0.10150855976588741
"('0017749000', 'Committee On Human Development')",0.00022634676324128565,0.0,0.14085315309570873,8.294551995623048e-05,0.15241779497098606
"('0022905000', 'Fisheries of Wildlife/ Lyman Briggs')",0.0004526935264825713,0.0,0.13612275080108455,0.00011295833775286566,0.15049407761291547
"('0022905000', 'Lyman Briggs and Fisheries & Wildlife')",0.0004526935264825713,0.0,0.13612275080108455,0.00011295833775286566,0.1504940776129155
"('0027110000', 'Civil & Environmental Engineering')",0.00022634676324128565,0.0,0.1307603516145263,1.188758530825418e-05,0.14209380754446985
"('6250023909', 'Center for Addiction Research')",0.00022634676324128565,0.0,0.13947908445146015,0.0003258388819134372,0.15156998011796477
"('5300011310', 'Unknown Dept')",0.00022634676324128565,0.0,0.12076647623212967,3.5569002898170805e-06,0.12872496574397846
"('0022905000', 'Information Technology Services')",0.00022634676324128565,0.0,0.11986542948613599,1.0937759342984095e-05,0.12898778063112393
"('0030908000', 'Sch of Earth Sci & Sch of Envir')",0.0004526935264825713,0.0,0.11504609134940888,1.108316293718052e-05,0.12298320517820244
"('0035949000', 'Linguistics')",0.00022634676324128565,0.0,0.09339590732284796,4.4110786765054844e-08,0.09724861774298396
"('0022210000', 'Department of Chemistry')",0.00022634676324128565,0.0,0.10223538668024251,7.087671834787964e-06,0.10725164722015651
"('0019893001', 'Chemical & Materials Engineering')",0.0009053870529651426,0.003198278388299142,0.10603624144965798,9.540162224740575e-08,0.11183100608046546
"('0010819000', 'T. Denny Sanford School of Social and Fa')",0.0004526935264825713,0.0,0.11184243835755152,1.7920899987927622e-05,0.11884619015107806
"('0010819000', 'School of Social Transformation')",0.0004526935264825713,0.0,0.11184243835755152,1.7920899987927622e-05,0.11884619015107808
"('0013151000', 'GSE&IS')",0.00022634676324128565,0.0,0.10630925453582944,3.6908249668262116e-08,0.11135207753453849
"('0028035000', 'Department of Computer Science')",0.001358080579447714,0.0,0.14415766632949392,6.750380885924076e-05,0.16035623686710015
"('0034140000', 'IT Services')",0.001358080579447714,0.0,0.14415766632949392,6.750380885924076e-05,0.16035623686710015
"('0026294000', 'Office of Advanced Research Computing')",0.001358080579447714,0.0,0.14415766632949392,6.750380885924076e-05,0.16035623686710015
"('P270085499', 'Unknown Dept')",0.001358080579447714,0.0,0.14415766632949392,6.750380885924076e-05,0.16035623686710015
"('0023259000', 'Biopsychology/Biological Anthropology')",0.000679040289723857,0.0,0.12399663205164188,2.299612156348084e-06,0.132272944976657
"('0030056000', 'Teaching/Learning')",0.0004526935264825713,0.0,0.12418833450456782,6.433184531822884e-05,0.13290578152190397
"('0020255000', 'College of Sciences and Engineering')",0.0004526935264825713,0.0,0.11756879024961414,7.614517735345818e-07,0.1234027493445841
"('0020255000', 'Office of Research')",0.0004526935264825713,0.0,0.11756879024961414,7.614517735345818e-07,0.12340274934458408
"('0020255000', 'SMED')",0.001358080579447714,0.0009051820751401561,0.13322477534527472,7.223471086781143e-06,0.1421797884224318
"('0031005000', 'Electrical Engineering and Computer Scie')",0.0009053870529651426,0.0,0.11035068438405435,1.286531225463517e-05,0.1174066131056906
"('0031005000', 'SEECS, Russ College of Engineering')",0.0009053870529651426,0.0,0.11035068438405435,1.286531225463517e-05,0.1174066131056906
"('0031005000', 'Physics and Astronomy')",0.0015844273426889996,0.004517711262701322,0.12400359267991468,9.759195615511329e-05,0.1343203065984866
"('0031005000', 'Electrical Engineering & Computer Scienc')",0.0009053870529651426,0.0,0.11035068438405435,1.286531225463517e-05,0.1174066131056906
"('0031005000', 'Chemistry and Biochemistry')",0.0015844273426889996,0.002713086491520631,0.11036722458156382,1.3272249621844983e-05,0.1178593066321732
"('0015362010', 'Unknown Dept')",0.00022634676324128565,0.0,0.11939249810831261,4.944023170426855e-07,0.12691213394020037
"('0027078000', 'Chemistry Department')",0.00022634676324128565,0.0,0.12864339166642402,2.3420037553276526e-06,0.1364287792083169
"('0036566000', 'Mathematics')",0.00022634676324128565,0.0,0.09649448509337119,3.8252009381100826e-08,0.1000153975041116
"('0013128000', 'Mathematics')",0.0004526935264825713,0.0004526935264825713,0.10679752465673951,4.060449033159466e-07,0.11174892153458926
"('0020834000', 'Transportation')",0.0009053870529651426,0.0,0.14000950720963398,1.713130250864549e-05,0.15060654098680287
"('0021022000', 'JFI/Department of Finance and Economics')",0.0009053870529651426,0.0,0.14000950720963398,1.713130250864549e-05,0.15060654098680287
"('0021022000', 'Unknown Dept')",0.0009053870529651426,0.0,0.14000950720963398,1.713130250864549e-05,0.15060654098680287
"('0001057000', 'Provost Office')",0.0009053870529651426,0.0,0.1332127242575004,0.0006927450460071782,0.1443235295713781
"('0001057000', 'The Robotics Institute')",0.0009053870529651426,0.0,0.1332127242575004,0.0006927450460071782,0.14432352957137812
"('0036756000', 'Mathematics, University of Utah')",0.00022634676324128565,0.0,0.11074902236037301,2.4991160728609385e-07,0.11783842121331684
"('5300008543', 'IEN')",0.0009053870529651426,0.0,0.09122256406020937,1.6182445528384253e-07,0.09577098504459855
"('0015693000', 'Electrical and Computing Engineering')",0.0009053870529651426,0.0,0.09122256406020937,1.6182445528384253e-07,0.09577098504459855
"('0029769000', 'Nanoscience')",0.0009053870529651426,0.0,0.09122256406020937,1.6182445528384253e-07,0.09577098504459855
"('0010751000', 'Information Technology')",0.001358080579447714,0.0,0.14699717185160538,0.0013870233588392244,0.16368156075602805
"('0010819000', 'SFAz Center for STEM at ASU')",0.001358080579447714,0.0,0.14699717185160538,0.0013870233588392244,0.16368156075602805
"('0010819000', 'SFAz Center for STEM')",0.001358080579447714,0.0,0.14699717185160538,0.0013870233588392244,0.16368156075602802
"('6250010436', 'Unknown Dept')",0.001358080579447714,0.0,0.14699717185160538,0.0013870233588392244,0.163681560756028
"('0010751000', 'Business')",0.001358080579447714,0.0,0.14699717185160538,0.0013870233588392244,0.163681560756028
"('0033787000', 'Annenberg School of Communication')",0.00022634676324128565,0.0,0.13083780021914887,5.599552633329397e-06,0.13993783805350055
"('0017749000', 'Department of Statistics')",0.00022634676324128565,0.0,0.12264727111209817,6.677729329437036e-05,0.1302395720571359
"('0028035000', 'Industrial and Systems Engineering')",0.000679040289723857,0.0,0.1436561097743383,2.3480954906739116e-05,0.15527330046343069
"('0018408000', 'Civil & Environmental Eng & Earth Sci')",0.000679040289723857,0.0,0.1436561097743383,2.3480954906739116e-05,0.15527330046343069
"('0028373000', 'School of Social work')",0.0009053870529651426,0.0,0.1374012564533184,0.0001481121399997302,0.14833838386350773
"('0028373000', 'School of Social Work')",0.0009053870529651426,0.0,0.1374012564533184,0.0001481121399997302,0.14833838386350773
"('0030908000', 'Department of Psychology')",0.00022634676324128565,0.0,0.1161378512657396,0.0029962988686072314,0.12399721517501652
"('0017392000', 'Managerial Economics')",0.000679040289723857,0.0004526935264825713,0.09589754721076622,1.4300991521093507e-08,0.1003007236249229
"('0027110050', 'Unknown Dept')",0.0004526935264825713,0.0,0.09589546569425451,1.4184551938276413e-08,0.10018755024330225
"('0036756000', 'Geography')",0.0011317338162064282,0.0012461885489857354,0.12741535444425217,1.2954533580292763e-05,0.1365339124308113
"('0011510001', 'Teacher Education, CRMSE')",0.0009053870529651426,0.0,0.11323559565306542,1.0276348780104342e-07,0.11978059193710978
"('0011510001', 'Department of Chemistry and Biochemistry')",0.0009053870529651426,0.0,0.11323559565306542,1.0276348780104342e-07,0.11978059193710976
"('0011510000', 'School of Teacher Education')",0.0009053870529651426,0.0,0.11323559565306542,1.0276348780104342e-07,0.11978059193710976
"('0011510001', 'School of Teacher Education')",0.0009053870529651426,0.0,0.11323559565306542,1.0276348780104342e-07,0.11978059193710978
"('0036772000', 'Electrical & Computer Engineering')",0.0011317338162064282,0.0,0.1362066839314342,6.479323215433572e-06,0.14713221238798385
"('0036772000', 'Economics')",0.0011317338162064282,0.0,0.1362066839314342,6.479323215433572e-06,0.14713221238798385
"('4001855000', 'Unknown Dept')",0.000679040289723857,0.0,0.1289625780839512,8.043190712841602e-06,0.1388296961576722
"('4015152000', 'Curriculum Development')",0.000679040289723857,0.0,0.1289625780839512,8.043190712841602e-06,0.13882969615767218
"('0017749000', 'Computation Institute')",0.000679040289723857,0.0,0.1425115318860682,0.00010895453157612337,0.1548785484672759
"('0017749000', 'Dept. of EECS, Computer Science Division')",0.000679040289723857,0.0,0.1425115318860682,0.00010895453157612337,0.1548785484672759
"('0012690000', 'Mathematics')",0.0004526935264825713,0.0,0.11254330548196453,4.515885321489825e-07,0.12036926959636098
"('P270027406', 'Unknown Dept')",0.0004526935264825713,0.0,0.11254330548196453,4.515885321489825e-07,0.12036926959636098
"('0033290000', 'Comp Sci & Engr Dept, and Elec Engr Dept')",0.0004526935264825713,0.0,0.13950991537198434,7.905441850867251e-06,0.1491410009687502
"('0013052000', 'Management Science and Engineering')",0.00022634676324128565,0.0,0.0875076752431319,1.3499012976720152e-09,0.09061689467707543
"('0023879000', 'Astronomy')",0.000679040289723857,0.0004526935264825713,0.1296665884010331,8.75448113825452e-06,0.1393922211911113
"('0020776000', 'Physics & Astronomy')",0.00022634676324128565,0.0,0.10127220630372492,4.037118546113679e-08,0.10716089558458755
"('0025205000', 'Political Science')",0.00022634676324128565,0.0,0.13969518750395243,2.2128418510381473e-05,0.1492716471949153
"('P270041654', 'Unknown Dept')",0.001358080579447714,0.0,0.13050156554616885,1.0408390923600561e-05,0.13943508267297286
"('P270041809', 'Unknown Dept')",0.001358080579447714,0.0,0.13050156554616885,1.0408390923600561e-05,0.13943508267297286
"('P270041866', 'Unknown Dept')",0.001358080579447714,0.0,0.13050156554616885,1.0408390923600561e-05,0.13943508267297286
"('P270069101', 'Unknown Dept')",0.001358080579447714,0.0,0.13050156554616885,1.0408390923600561e-05,0.13943508267297286
"('P270071441', 'Unknown Dept')",0.001358080579447714,0.0,0.13050156554616885,1.0408390923600561e-05,0.13943508267297286
"('0039792000', 'Mathematics, Science and Technology')",0.000679040289723857,0.0,0.12525160887931278,2.412090826050753e-05,0.13625454093109687
"('0013128000', 'Education')",0.000679040289723857,0.0,0.12525160887931278,2.412090826050753e-05,0.13625454093109685
"('0039792000', 'Department of Mathematics, Science & Tec')",0.000679040289723857,0.0,0.12525160887931278,2.412090826050753e-05,0.13625454093109687
"('5300011617', 'Department of Mathematics')",0.0009053870529651426,0.0,0.13717940756380798,0.00011673050610780981,0.14896852116747872
"('0020297000', 'Department of Mathematics')",0.0015844273426889996,0.006031477879780503,0.1379116591228344,0.0001204508434585184,0.15027756874180462
"('0033290000', 'Agricultural Economics, Sociology, and E')",0.00022634676324128565,0.0,0.1396863538636651,2.7778138056714522e-05,0.1542056360469659
"('0020834000', 'History, Geography and Museum Studies')",0.00022634676324128565,0.0,0.09198609173624268,5.5419124383251235e-09,0.09643210560592724
"('0011080000', 'Mathematics')",0.00022634676324128565,0.0,0.09807969807969807,1.8423875444412364e-07,0.10217701038623905
"('0096354000', 'Biomedical Engineering')",0.000679040289723857,0.0,0.13193573433673775,3.788452120355728e-05,0.14185630902471044
"('0096354000', 'Electrical and Computer Engg')",0.000679040289723857,0.0,0.13193573433673775,3.788452120355728e-05,0.14185630902471044
"('0027854000', 'Applied Psychology')",0.000679040289723857,0.0,0.14288486416558863,0.00013302248911627355,0.15622501084248372
"('7203581285', 'Unknown Dept')",0.00022634676324128565,0.0,0.130320639509159,0.023166593197171462,0.1416244367523217
"('0010835000', 'Institute of the Environment')",0.0004526935264825713,0.0,0.11878259934398021,3.4219363423828073e-06,0.12535406119856674
"('0033290000', 'ESM')",0.00022634676324128565,0.0,0.13107458612709905,3.189313926270448e-06,0.14058152061207652
"('0010090000', 'Geosciences')",0.0004526935264825713,0.0,0.11807151638248971,5.32246645626123e-07,0.12502515152469848
"('0026633000', 'Unknown Dept')",0.0022634676324128564,0.008742844312843667,0.1338706745045755,4.9943218436633195e-06,0.14501800008250829
"('0039545000', 'Department of Sociology')",0.0004526935264825713,0.0,0.11807151638248971,5.32246645626123e-07,0.12502515152469848
"('0014894000', 'Earth, Ocean and Atmospheric Science')",0.00022634676324128565,0.0,0.09008972267536705,9.487212295686889e-09,0.09380937647562684
"('6250019332', 'Unknown Dept')",0.0011317338162064282,0.0,0.152676504129661,0.00019952609629795805,0.1673298634366983
"('6250019332', 'Virology')",0.0011317338162064282,0.0,0.152676504129661,0.00019952609629795805,0.1673298634366983
"('0021030000', 'Clark School of Engineering')",0.0004526935264825713,0.0,0.12178851030984673,1.850751189725638e-05,0.1314178307128265
"('0021303000', 'Center for Space Physics')",0.0004526935264825713,0.0,0.09822579927964782,1.8510986094378618e-07,0.10226073537826072
"('0010637000', 'Department of Geosciences')",0.0009053870529651426,0.0,0.0940020000425541,1.3599969573482347e-06,0.09898423113928298
"('0037549000', 'Virginia Bioinformatics Institute')",0.0009053870529651426,0.0,0.14322300385774953,0.00012584876249171315,0.15498417758490057
"('0037549000', 'Statistics')",0.0009053870529651426,0.0,0.14322300385774953,0.00012584876249171315,0.15498417758490057
"('0023259000', 'Museum of Anthropological Archaeology')",0.00022634676324128565,0.0,0.10945939249789406,1.712263313651795e-07,0.11477135076331393
"('0029207000', 'Science & Society')",0.00022634676324128565,0.0,0.10716278167220511,9.510378265955593e-08,0.11224976211295391
"('0018408000', 'Department of Physics')",0.000679040289723857,0.0004526935264825713,0.14022725830000635,2.4923567792594685e-05,0.15028777432014143
"('0034256000', 'Education and Human Development')",0.000679040289723857,0.0,0.14993043065123698,0.0004888162212104364,0.16531858250395934
"('0080010000', 'Mechanical and Industrial Engineering')",0.0004526935264825713,0.0,0.14384319854138178,0.0007683291698947811,0.1592811192630106
"('0080010000', 'Physical Therapy')",0.0004526935264825713,0.0,0.14384319854138178,0.0007683291698947811,0.15928111926301064
"('0022194000', 'Department of Biology')",0.00022634676324128565,0.0,0.10544152744630071,2.693520146147772e-07,0.1108770812893969
"('0027110000', 'Chemical and Biomolecular Eng')",0.0004526935264825713,0.0,0.10233958767662729,4.3327326600321836e-08,0.10812762471567866
"('0015693000', 'Mechanical Engineering and Biomedical En')",0.0004526935264825713,0.0,0.10233958767662729,4.3327326600321836e-08,0.10812762471567866
"('0037499000', 'Schar School of Policy and Government')",0.0011317338162064282,0.005456491002490017,0.1299602882776879,2.0544236939617335e-05,0.14024089341823492
"('0014894000', 'Askew School of Public Administration a')",0.000679040289723857,0.0,0.11517205422314912,2.400846674982002e-06,0.12227490999459904
"('0014894000', 'College of Social Work')",0.000679040289723857,0.0,0.11517205422314912,2.400846674982002e-06,0.12227490999459902
"('4005658000', 'Education and Child Development')",0.00022634676324128565,0.0,0.10944583446874923,0.00033876651734889826,0.11585304871826495
"('0036525000', 'Department of Mathematics')",0.001358080579447714,0.0018670360103463964,0.13003679175864608,3.955069944764365e-06,0.14018358282731197
"('0036525000', 'Biomedical Engineering')",0.00022634676324128565,0.0,0.11507605751198166,3.732598418464422e-07,0.12150961676166001
"('0025650000', 'Mechanical & Materials Eng.')",0.00022634676324128565,0.0,0.13611855685984534,0.0001023144226588807,0.15038090423129485
"('0015982001', 'Mathematics & Science Education')",0.00022634676324128565,0.0,0.12649964209019326,6.347794168437483e-05,0.1350625911877673
"('0015982001', 'Marine Sciences, Skidaway Institute of O')",0.0004526935264825713,0.0,0.14709505576827034,0.0004856829958151258,0.16076141302487934
"('0017749000', 'Computational Institute')",0.00022634676324128565,0.0,0.12779127617725328,1.5741389979264946e-05,0.13629525873753937
"('0013706000', 'Electrical, Computer, and Power Eng.')",0.00022634676324128565,0.0,0.12805425929683198,1.314411936673664e-06,0.13673191465744589
"('0038000000', 'Depts of Teaching & Learning/Mathematics')",0.0009053870529651426,0.0,0.12079619401760813,4.989260817977974e-06,0.12925310819154148
"('0038000000', 'Teaching and Learning')",0.0009053870529651426,0.0,0.12079619401760813,4.989260817977974e-06,0.12925310819154145
"('0037713000', 'Science Education')",0.0018107741059302852,0.002713086491520631,0.12081601400131263,5.2272643879626136e-06,0.12978125063910448
"('4009395000', 'CALDER')",0.0009053870529651426,0.0,0.12079619401760813,4.989260817977974e-06,0.12925310819154145
"('0022335000', 'Bioengineering Institute')",0.0011317338162064282,0.0009051820751401561,0.12251123065831068,0.0008111857075885961,0.1310633461292192
"('0022335000', 'Chemistry and Biochemistry')",0.0009053870529651426,0.0,0.12250443655723159,0.000804550249041108,0.1309124482870583
"('0022335000', 'Biomedical Engineering')",0.0009053870529651426,0.0,0.12250443655723159,0.000804550249041108,0.1309124482870583
"('0025304000', 'Graduate Studies')",0.0011317338162064282,0.0,0.10404597051481325,2.4933962807557843e-07,0.11004631042760275
"('6250031365', 'Unknown Dept')",0.0011317338162064282,0.0,0.10404597051481325,2.4933962807557843e-07,0.11004631042760275
"('0025064000', 'Psychology')",0.0011317338162064282,0.0,0.10404597051481325,2.4933962807557843e-07,0.11004631042760275
"('0015370000', 'Emergency Medicine')",0.0011317338162064282,0.0,0.10404597051481325,2.4933962807557843e-07,0.11004631042760273
"('0027078000', 'Civil Engineering and Engineering Mechan')",0.0011317338162064282,0.0018095442389803665,0.1436187504063455,2.702374952566329e-05,0.15585721305503894
"('0022210000', 'Resource Economics')",0.0004526935264825713,0.0,0.12563271341636809,0.0004099476610858944,0.13437223834462353
"('0022293000', 'Economics')",0.0009053870529651426,0.00099743594719872,0.12730154156461604,0.0004429255649420434,0.13668747629815936
"('0023879000', 'Physics and Astronomy')",0.00022634676324128565,0.0,0.10404107008289375,1.215584137365651e-07,0.10949176085766166
"('0013177000', 'Division of Biological Sciences')",0.0009053870529651426,0.0005577355856735004,0.10998805018920534,1.0113405035780121e-06,0.11702139743358002
"('0013177000', 'Division of Biology')",0.0004526935264825713,0.0,0.10616364291721735,2.2140768960482573e-07,0.11174555939404751
"('0036327000', 'Geography')",0.00022634676324128565,0.0,0.12352168199737187,6.033072906702917e-07,0.13131331283775738
"('0010835000', 'Mathematics Department')",0.00022634676324128565,0.0,0.10937267911075903,2.4130434563216616e-07,0.1156960675657575
"('0036046000', 'Bioengineering')",0.00022634676324128565,0.0,0.12968181284489844,1.6739836120928122e-06,0.13708865789807975
"('0022905000', 'Statistics & Probabilty')",0.0004526935264825713,0.0,0.1366532632230127,0.00011417763706794343,0.15154439355118968
"('0014266000', 'Economics')",0.0004526935264825713,0.0,0.10237753163090328,3.038419748587953e-07,0.1064948025305699
"('0014456000', 'School of Foreign Service')",0.0004526935264825713,0.0,0.10237753163090328,3.038419748587953e-07,0.10649480253056992
"('0037986000', 'Physiology and Biophysics')",0.00022634676324128565,0.0,0.11671774278769946,1.124123914551189e-06,0.12546567022807203
"('0027854000', 'Electrical  and Computer Engineering')",0.0004526935264825713,0.0,0.12190949227373069,4.786422761530407e-05,0.12959625286187038
"('0013706000', 'Civil Engineering')",0.000679040289723857,0.0,0.13563797126366203,0.0001443855371616998,0.14762590095885575
"('0032896000', ""Provost's Office"")",0.000679040289723857,0.0,0.13563797126366203,0.0001443855371616998,0.14762590095885578
"('0011312000', 'Neurobiology')",0.000679040289723857,0.0,0.13563797126366203,0.0001443855371616998,0.14762590095885575
"('6250041978', 'Learning Sciences')",0.0009053870529651426,0.0,0.12143033834483137,6.91703706936414e-05,0.13028502380268508
"('6250041978', 'Learning Sciences Research Group')",0.0009053870529651426,0.0,0.12143033834483137,6.91703706936414e-05,0.13028502380268508
"('4002911000', 'U.S. Division: STEM and Workforce Succes')",0.0011317338162064282,0.0006202104359898837,0.12144035184167125,6.984986839140189e-05,0.13047364610538614
"('0036525000', 'Communication')",0.00022634676324128565,0.0,0.1340900813402938,6.418800247207488e-06,0.1424953510852105
"('0080010000', 'Math, Statistics and Computer Science')",0.00022634676324128565,0.0,0.14957004536529217,5.6895800116388756e-05,0.16139804438808386
"('0023259000', 'Department of Pharmaceutical Sciences')",0.000679040289723857,0.0,0.1281099576639796,2.3826016672454355e-06,0.1373186996093284
"('0022905000', 'Institute for Research on Math & Science')",0.00022634676324128565,0.0,0.12524450744153082,1.9575615909735046e-05,0.1360281941678556
"('0020834000', 'School of Education & Urban Studies, Adv')",0.00022634676324128565,0.0,0.10483603056333349,2.1909172454159868e-07,0.11056790784641898
"('0036582000', 'Physics and Texas Material Institute')",0.00022634676324128565,0.0,0.13495433301768642,3.2405999039801494e-06,0.14338584997819856
"('0037986000', 'Civil and Environmental Engineeing')",0.0004526935264825713,0.0,0.14844931285911092,4.625412082352878e-05,0.1617440717825499
"('0031252000', 'Biological Sciences')",0.0009053870529651426,0.0,0.12595147817658295,3.663269060037425e-05,0.13624724955643835
"('0037549000', 'Aerospace and Ocean Engineering')",0.0009053870529651426,0.0,0.14201677971005175,3.755950307916797e-05,0.1531532856510217
"('0014811000', 'Ocean Engineering')",0.0009053870529651426,0.0,0.14201677971005175,3.755950307916797e-05,0.1531532856510217
"('0029728000', 'Textile & Apparel Technology')",0.0009053870529651426,0.0,0.14201677971005175,3.755950307916797e-05,0.1531532856510217
"('0037549000', 'Kevin T. Crofton Department of Aerospace')",0.0009053870529651426,0.0,0.14201677971005175,3.755950307916797e-05,0.1531532856510217
"('0016105000', 'MATHEMATICS')",0.00022634676324128565,0.0,0.10588630045058,3.220675466759312e-07,0.11044588751313072
"('0018929000', 'Occupational and Environmental Health')",0.00022634676324128565,0.0,0.10921856072779412,2.350710452288769e-07,0.11365573236578749
"('7203580142', 'Unknown Dept')",0.00022634676324128565,0.0,0.10608971280376525,1.6302324674624842e-07,0.11142810077249228
"('0030908000', 'Dept. of Computer Science and Eng.')",0.0004526935264825713,0.0,0.1153554923105042,0.0030206335334300913,0.12319234345853325
"('0013177000', 'Chemistry & Biochemistry')",0.0004526935264825713,0.0,0.10324118430584442,1.0395186285621378e-07,0.10851921785818334
"('0013177000', 'Department of Physics')",0.0004526935264825713,0.0,0.10324118430584442,1.0395186285621378e-07,0.10851921785818336
"('0026278000', 'The Graduate School')",0.00022634676324128565,0.0,0.10287816691505217,3.311407101197513e-08,0.10893595268657266
"('7203590432', 'Unknown Dept')",0.00022634676324128565,0.0,0.11395996698307882,1.5779523398977713e-07,0.12181688299525029
"('0026294000', 'ECE')",0.00022634676324128565,0.0,0.14487620921462535,1.9783287303661436e-05,0.15648800548076128
"('0014316000', 'Materials Science')",0.00022634676324128565,0.0,0.09268661100155247,3.2184492726370134e-09,0.09715009098276126
"('0033290000', 'Biology')",0.0004526935264825713,0.0,0.12936663640888993,4.3028616701257115e-06,0.13966387342349243
"('0010827000', 'Biological Sciences')",0.0011317338162064282,0.0004526935264825713,0.11681341053911848,0.00032118240562701433,0.12526231470606652
"('0010827000', 'Science, Math, and Agriculture')",0.00022634676324128565,0.0,0.10459775557554808,3.027350940668677e-05,0.11008266835464205
"('0020255000', 'Computer Science')",0.0009053870529651426,0.0,0.1332167410445061,7.090837534322991e-06,0.14195344165919058
"('0089763000', 'Computer Science and Information Technol')",0.0009053870529651426,0.0,0.1332167410445061,7.090837534322991e-06,0.14195344165919058
"('0089763000', 'Unknown Dept')",0.0009053870529651426,0.0,0.1332167410445061,7.090837534322991e-06,0.1419534416591906
"('0011361000', 'Research')",0.0004526935264825713,0.0004526935264825713,0.0831983729426387,7.477273467569355e-10,0.08649885909328368
"('0029744000', 'Department of Geological Sciences')",0.0009053870529651426,0.0,0.12220624031865457,8.97422782716739e-06,0.13030222223578897
"('0029207000', 'Nicholas School of the Env. & Earth Sci.')",0.0009053870529651426,0.0,0.12220624031865457,8.97422782716739e-06,0.13030222223578897
"('0029843000', 'Physics and Physical Oceanography')",0.0011317338162064282,0.0004526935264825713,0.12220962075737878,9.047914298630338e-06,0.13041539561740964
"('0010819000', 'School of Earth And Space Exploration')",0.00022634676324128565,0.0,0.11760008517887564,1.4626423196625836e-05,0.1254450563017779
"('0039545000', 'Electrical & Computer Engineering')",0.0004526935264825713,0.0,0.13425306916251367,9.655766101764853e-06,0.14371404713188277
"('0015354000', 'Geography')",0.0004526935264825713,0.0,0.10631181269100272,4.0782281423550746e-08,0.11146525091615911
"('0014266000', 'Department of Epidemiology of Microbial')",0.0004526935264825713,0.0,0.10631181269100272,4.0782281423550746e-08,0.11146525091615912
"('0020776000', 'Chemistry')",0.0004526935264825713,0.0004526935264825713,0.10126988493100444,3.622434670432944e-08,0.10719107515301972
"('0020776000', 'Environmental Health and Engineering')",0.0004526935264825713,0.0009051820751401561,0.11267246435949096,3.8075845307423733e-07,0.12142298617480267
"('0013201000', 'Department of Computer Science')",0.0004526935264825713,0.0,0.1396863538636651,1.2210560767472513e-05,0.14975173146857115
"('0015982001', 'Instructional Technology')",0.0004526935264825713,0.0,0.12216906783176175,1.2745334952228115e-05,0.12890073874116392
"('0029207000', 'School of Law')",0.0004526935264825713,0.0,0.1472764850990066,9.167147692946853e-05,0.15875958770367896
"('0037986000', 'Electrical Engineering')",0.00022634676324128565,0.0,0.13083780021914887,7.938114196701092e-06,0.14297695814468706
"('0010637000', 'Seismology')",0.00022634676324128565,0.0,0.09399400038295427,5.691608282050453e-07,0.09860698653388084
"('0029207000', 'Nicholas School of Environment')",0.0004526935264825713,0.0,0.14727157571919064,9.159144718255298e-05,0.15872186324313875
"('0029207000', 'Nicholas School of the Environment')",0.0004526935264825713,0.0,0.14727157571919064,9.159144718255298e-05,0.15872186324313875
"('0037499000', 'Computer science')",0.0004526935264825713,0.0,0.11113906218555042,2.0454148978482775e-07,0.11686862934832355
"('4008363000', 'Center for Systematic Biology &Evolution')",0.00022634676324128565,0.0,0.0938502389803505,4.711183434013129e-08,0.09805730771011918
"('0021030060', 'Chesapeake Biological Laboratory')",0.00022634676324128565,0.0,0.11357910432412978,2.997868957187226e-07,0.11942178704521206
"('0020776000', 'Chemical and Biomolecular Engr')",0.00022634676324128565,0.0,0.11266097156700242,3.773426197567407e-07,0.1212155016418315
"('0013201000', 'Ecology, Evolution & Marine Biology')",0.00022634676324128565,0.0,0.1311874573150815,0.00011091340298445577,0.14198907638812483
"('0037051000', 'School of Education')",0.0004526935264825713,0.0004526935264825713,0.09490258415139734,2.806026734266241e-08,0.09894979616917991
"('0037051000', 'Unknown Dept')",0.00022634676324128565,0.0,0.08667843829703747,2.6851945090164015e-09,0.08956616947657815
"('0023259000', 'Center for Sustainable Systems')",0.000679040289723857,0.0,0.11753125831338122,5.124640657153578e-07,0.12532564348680858
"('0035352000', 'Electrical Engineering/Computer Science')",0.0009053870529651426,0.0,0.1126695909415485,5.26191727401477e-07,0.12155502178669338
"('0033795000', 'Biological Sciences')",0.0009053870529651426,0.0,0.1126695909415485,5.26191727401477e-07,0.12155502178669335
"('0037986000', 'Institute for Health Metrics and Evaluat')",0.0009053870529651426,0.0,0.1126695909415485,5.26191727401477e-07,0.12155502178669335
"('4002751000', 'Microsoft AI + Research')",0.0009053870529651426,0.0,0.1126695909415485,5.26191727401477e-07,0.12155502178669335
"('0022335000', 'Mechanical Engineeing')",0.00022634676324128565,0.0,0.11514503896374677,0.00015265662839947325,0.12156759154502263
"('0026294000', 'Accounting and Information Systems')",0.00022634676324128565,0.0,0.11833717255049017,1.0402648104560602e-06,0.12552644914756378
"('0018697000', ""Industrial & Manuf'g Systems Engineering"")",0.000679040289723857,0.0,0.12324945600624895,3.269758439979197e-05,0.13184419134509687
"('4012365000', 'CSTL')",0.0004526935264825713,0.0,0.12292368047633621,1.1884370607873105e-05,0.1310399642756577
"('4012365000', 'EdGE')",0.0004526935264825713,0.0,0.12292368047633621,1.1884370607873105e-05,0.13103996427565767
"('0018929000', 'Dept. of Civil & Environmental Eng.')",0.000679040289723857,0.0,0.11316598360655737,2.2600366525729157e-07,0.11959419182394002
"('0026278000', 'Civil and Environmental Engineering')",0.000679040289723857,0.0,0.11316598360655737,2.2600366525729157e-07,0.11959419182394002
"('0035097000', 'Counseling, Educational Psych & Research')",0.00022634676324128565,0.0,0.09754266663722871,1.3715284549361782e-08,0.10167952952833424
"('0036582000', 'Geography & The Environment')",0.0004526935264825713,0.0,0.14859910531095488,2.290391093512946e-05,0.16030100627203284
"('0036582000', 'Dept of Geography and the Environment')",0.0004526935264825713,0.0,0.14859910531095488,2.290391093512946e-05,0.16030100627203286
"('0025163000', 'Chemistry')",0.0004526935264825713,0.0,0.11606157726054747,1.3505836365526877e-06,0.12367067295102273
"('0019505000', 'Chemistry')",0.0004526935264825713,0.0,0.11606157726054747,1.3505836365526877e-06,0.12367067295102273
"('0034017000', 'Department of Computer Science')",0.00022634676324128565,0.0,0.11099944726395658,4.4293501949012096e-07,0.11848233501758697
"('0033886000', 'School of Law')",0.000679040289723857,0.0,0.1339965424160626,6.801960183358255e-05,0.14466417278209892
"('0033795000', 'School of Law')",0.000679040289723857,0.0,0.1339965424160626,6.801960183358255e-05,0.14466417278209895
"('0017756000', 'School of Information Sciences')",0.0009053870529651426,0.0004526935264825713,0.13400060661207158,6.857561535688027e-05,0.14477734616371954
"('0031849000', 'Oklahoma Biological Survey')",0.0011317338162064282,0.0,0.14032078767667144,4.4956562977565466e-05,0.15565112795760033
"('0024414000', 'Department of Biological Sciences')",0.0011317338162064282,0.0,0.14032078767667144,4.4956562977565466e-05,0.15565112795760033
"('4003554000', 'Department of Geosciences')",0.0018107741059302852,0.0018099541946303393,0.14033861694355326,4.616645510136754e-05,0.15602837256300245
"('0010512000', 'Biological Sciences')",0.001358080579447714,0.009009810120758474,0.14043675895610158,4.5349793706100703e-05,0.15623962954202764
"('0021055000', 'IFSM')",0.0004526935264825713,0.0,0.10633996052568237,2.9552337395040596e-07,0.1136394670313378
"('0028829000', 'Civil and Environmental Engineering')",0.00022634676324128565,0.0,0.10215028901734104,2.9132063938861582e-08,0.10653882011741654
"('0028829000', 'Civil & Environmental Engineering')",0.0009053870529651426,0.0004526935264825713,0.11376921690314938,3.0433588593914274e-07,0.12028729395417753
"('0029272000', 'Biology Department')",0.00022634676324128565,0.0,0.11536754145449797,8.019666430977517e-06,0.1219976699775239
"('0010637000', 'Electrical and Computer Engineering')",0.00022634676324128565,0.0,0.10366268565663202,4.728422314680848e-06,0.10924632535555573
"('5300010941', 'Unknown Dept')",0.00022634676324128565,0.0,0.11561813043023134,2.9680092302411728e-06,0.121550964251281
"('0021998000', 'CCS/ ECE')",0.00022634676324128565,0.0,0.1341430089570366,3.7428435474397185e-05,0.14367338749977868
"('0010835000', 'department of Soil, Water and Environmen')",0.0009053870529651426,0.0,0.11033414914339942,8.236861759699034e-08,0.11687012154135225
"('4029559000', 'Center for Aerosol and Cloud Chemistry')",0.0009053870529651426,0.0,0.11033414914339942,8.236861759699034e-08,0.11687012154135222
"('7203582627', 'Unknown Dept')",0.0009053870529651426,0.0,0.11033414914339942,8.236861759699034e-08,0.11687012154135222
"('0025734000', 'Dept. of  Computer Science')",0.00022634676324128565,0.0,0.12855355428172374,7.211061872969024e-06,0.1364222691322052
"('0022335000', 'Chemistry and Biochemistry Department')",0.0004526935264825713,0.0,0.11817573893272702,0.00020747642038546575,0.12521780745757455
"('0022335000', 'STEM Education Center at WPI')",0.0004526935264825713,0.0,0.11817573893272702,0.00020747642038546575,0.12521780745757458
"('0011544000', 'Computer Science')",0.000679040289723857,0.0,0.12948037865244277,0.0003804748825603699,0.13935979203634152
"('0011544000', 'Psychology')",0.000679040289723857,0.0,0.12948037865244277,0.0003804748825603699,0.13935979203634152
"('0013128000', 'College of Chemistry')",0.00022634676324128565,0.0,0.11561813043023134,2.9680092302411728e-06,0.121550964251281
"('0034488000', 'Computer Science & Engineering')",0.00022634676324128565,0.0,0.0982454579821655,4.54397895961059e-09,0.10226873277028818
"('0013706000', 'Electrical, Computer & Energy Engineerin')",0.00022634676324128565,0.0,0.12118718455123985,2.736157353510284e-07,0.128928592407542
"('0022194000', 'Department of Computer Science')",0.0004526935264825713,0.0,0.12114730722825491,3.3298756289307654e-05,0.128509273438107
"('0022194000', 'Physics')",0.0004526935264825713,0.0,0.12114730722825491,3.3298756289307654e-05,0.128509273438107
"('0019893000', 'Chemical & Materials Engineering')",0.000679040289723857,0.0,0.09684773554298742,1.701345426055107e-08,0.10144205966160699
"('0019893000', 'Electrical and Computer Engineering')",0.0018107741059302852,0.0022064862792595136,0.09830229401686581,6.483730187845347e-08,0.10414074019844305
"('5300013181', 'Pharmaceutical Science')",0.000679040289723857,0.0,0.09684773554298742,1.701345426055107e-08,0.10144205966160699
"('0027078000', 'Seismology, Geology, and Tectonophysics')",0.0004526935264825713,0.0,0.1282847934028282,5.801556902546367e-06,0.13660278155524802
"('0027078000', 'Earth and Environmental Sciences')",0.000679040289723857,0.00045628282204069703,0.13173902671755724,6.1361368095378545e-06,0.14063051341797297
"('0037549000', 'Biological Sciences')",0.00022634676324128565,0.0,0.11136037103319638,1.4321345877940966e-06,0.11650910447278136
"('4006771000', 'Sociology')",0.00022634676324128565,0.0,0.11535248041775457,0.002682070581531962,0.12307917007691258
"('0023887000', 'Unknown Dept')",0.0004526935264825713,0.0031605018390098013,0.11836887793376916,2.383789898828062e-06,0.1264417537891022
"('0014316000', 'Center for Applied Coastal Research')",0.00022634676324128565,0.0,0.10890356931571682,8.541588717609198e-07,0.11424646070280113
"('0028373000', 'Mathematics')",0.0009053870529651426,0.004844068981678208,0.15045634109794306,7.29113699356418e-05,0.16361249785876247
"('0025650000', 'Department of Chemistry')",0.0004526935264825713,0.0,0.09638501647140955,1.0401005721747609e-08,0.10048376126502179
"('0025650000', 'Chemical and Biomolecular Engineering')",0.0004526935264825713,0.0,0.09638501647140955,1.0401005721747609e-08,0.10048376126502181
"('0016105000', 'Pacific Biosciences Research Center')",0.00022634676324128565,0.0,0.10747299795660212,1.3514310705871402e-07,0.11309615977701566
"('0036756000', 'Anthropology')",0.0009053870529651426,0.0004526935264825713,0.10404107008289375,3.328996145756055e-08,0.10901104264113314
"('0036756000', 'Department of Anthropology')",0.00022634676324128565,0.0,0.09423860412533862,3.1611326760371884e-09,0.09765379060560042
"('0013177000', 'Department of Mathematics')",0.00022634676324128565,0.0,0.1367378520581863,2.1138152957647182e-05,0.14687133260582705
"('4076865000', 'Unknown Dept')",0.0004526935264825713,0.0,0.1391890614662424,0.00011044231594387245,0.15087768060516513
"('0010819000', 'Department of Electrical Engineering')",0.000679040289723857,0.0,0.12526936599750482,3.6642208456381455e-05,0.13454454164617088
"('0010819000', 'Electrical, Computer & Energy Engr.')",0.000679040289723857,0.0,0.12526936599750482,3.6642208456381455e-05,0.13454454164617086
"('0010819000', 'Electrical, Computer and Energy Engr')",0.000679040289723857,0.0,0.12526936599750482,3.6642208456381455e-05,0.13454454164617086
"('0021550000', 'SEAS')",0.00022634676324128565,0.0,0.13067912920018931,6.278560290097218e-05,0.13883603381679352
"('0036582000', 'Civil, Architecture & Envir Engineering')",0.0009053870529651426,0.0,0.12641277289765085,4.038565809612005e-06,0.13474212774801167
"('0034017000', 'Biostatistics')",0.0009053870529651426,0.0,0.12641277289765085,4.038565809612005e-06,0.13474212774801164
"('0026633000', 'Department of Earth & Planetary Sciences')",0.0004526935264825713,0.0,0.0986997900004468,1.2391801250618703e-08,0.10294759493458429
"('0030908000', 'Electrical and Computer  Engineering')",0.0009053870529651426,0.0,0.10901374392380388,2.5996555768766893e-06,0.11639157553465218
"('0038638000', 'Electrical and Computer Engineering')",0.00022634676324128565,0.0,0.1421081411431696,4.2104683404509526e-05,0.1533027727516174
"('0010819000', 'School of Geographical Sciences and Urba')",0.000679040289723857,0.0004526935264825713,0.14385256577233654,0.0007758867967333617,0.1594320171051715
"('0010819000', 'Sustainable Engg & the Built Env')",0.00022634676324128565,0.0,0.12576503743345954,7.620164432898695e-05,0.13510657455315603
"('0011510001', 'Department of Mathematics and Statistics')",0.00022634676324128565,0.0,0.11322688946410724,7.35642377990047e-08,0.11944107179224787
"('0029728000', 'ECE')",0.0004526935264825713,0.0,0.1430606825982773,3.9495823459265714e-05,0.15421982637351528
"('0114629000', 'Department of Economics')",0.00022634676324128565,0.0,0.1027919962773383,5.356208984986183e-08,0.10705780058844235
"('0114629000', 'Institute of Social & Economic Research')",0.0009053870529651426,0.0004526935264825713,0.11456577548427249,5.608285877260846e-07,0.1208455381211212
"('0017400000', 'Mechanical Engineering')",0.00022634676324128565,0.0,0.09725493649151386,1.3730717400248493e-08,0.10134486972106242
"('0027854000', 'NYU Tandon School of Engineering')",0.0009053870529651426,0.0,0.14553480251671772,3.8435416385838014e-05,0.15829023913564286
"('0027854000', 'Applied Physics & Mechanical Engineering')",0.0009053870529651426,0.0,0.14553480251671772,3.8435416385838014e-05,0.15829023913564286
"('0020107000', 'Social Work')",0.00022634676324128565,0.0,0.10147457393541275,4.5508147718397745e-09,0.10570687674580607
"('0013169000', 'Chemical & Environmental Engineering')",0.00022634676324128565,0.0,0.08420370511549898,5.288092497352822e-10,0.08753406433487698
"('0022194000', 'Chemical & Biological Engineering')",0.0009053870529651426,0.0009052845640526493,0.10534347504709221,9.651052020854989e-08,0.1106248888997591
"('0022194000', 'Electrical and Computer Engineering')",0.00022634676324128565,0.0,0.09530589351971697,9.129389498239793e-09,0.09893993148988123
"('0010835000', 'Laboratory of Tree-Ring Research')",0.00022634676324128565,0.0,0.11131267321743513,4.865754909951954e-07,0.11732810024990298
"('0034256000', 'Biological Sciences')",0.0004526935264825713,0.0,0.12523740680896903,6.675937536849113e-05,0.13357019816107618
"('0034256000', 'Plant and Environmental Sciences')",0.0004526935264825713,0.0,0.12523740680896903,6.675937536849113e-05,0.13357019816107618
"('0025320000', 'Sociology and Anthropology')",0.000679040289723857,0.0,0.12332170272156315,3.18753732549989e-05,0.13146750387583322
"('0010819000', 'Mary Lou Fulton Teachers College')",0.0011317338162064282,0.0010137237987533681,0.1336236881105768,8.401963176245734e-05,0.1450788780406246
"('0010819000', 'CIDSE: Computer Science Engineering')",0.00022634676324128565,0.0,0.14383851538336317,0.0006928699252778173,0.15916794588139
"('0033795000', 'LRDC and Department of Computer Science')",0.0004526935264825713,0.0,0.12433162604829177,0.00034777803195950034,0.13318231426538282
"('0013714000', 'Unknown Dept')",0.00022634676324128565,0.0,0.10331361223487594,1.0571601703527684e-07,0.1082009517975
"('0010637000', 'Art')",0.00022634676324128565,0.0,0.10366268565663202,4.728422314680848e-06,0.10924632535555573
"('0034140000', 'Electrical and Computer Engineering')",0.00022634676324128565,0.0,0.13509463963550744,6.621144997223948e-05,0.14479944286134802
"('0034256000', 'Electrical and Computer Engineering')",0.0022634676324128564,0.0037987940610101794,0.1561903415117019,0.0007027942748155197,0.17278534804564608
"('0014456000', 'Department of Neuroscience')",0.00022634676324128565,0.0,0.09331699898614397,3.677294435395674e-09,0.09797140886020116
"('0010835000', 'UA South')",0.0009053870529651426,0.0,0.14215386595450305,4.946373896552879e-05,0.1544163729485134
"('0010835000', 'College of Science Administration')",0.0009053870529651426,0.0,0.14215386595450305,4.946373896552879e-05,0.1544163729485134
"('0010835000', 'Developmental Mathematics')",0.0009053870529651426,0.0,0.14215386595450305,4.946373896552879e-05,0.1544163729485134
"('0010728000', 'Mathematics')",0.0009053870529651426,0.0,0.14215386595450305,4.946373896552879e-05,0.15441637294851338
"('0020834000', 'Advanced Studies, Leadership, and Policy')",0.0004526935264825713,0.0,0.11707342926040756,2.198687684852827e-06,0.1252231767698237
"('0020776000', 'School of Education')",0.001358080579447714,0.01751918172459742,0.13254132541325414,2.1011554844531315e-05,0.14519907152602812
"('0023879000', 'Physics')",0.00022634676324128565,0.0,0.11478604276546546,8.257317128281291e-07,0.12109543897017534
"('0029744000', 'Sociology')",0.000679040289723857,0.0004526935264825713,0.10890356931571682,6.870678221755376e-07,0.11441622077523211
"('0018093000', 'Sociology')",0.00022634676324128565,0.0,0.09821051461598311,6.486668605674814e-08,0.10204947839923552
"('0096354000', 'School of Computing and Info Sciences')",0.00022634676324128565,0.0,0.11735019124521887,1.7336519562123757e-05,0.12487731887347031
"('0028357000', 'History')",0.00022634676324128565,0.0,0.0825964216941801,1.2786820496606992e-10,0.08589657615769829
"('0023879000', 'St. Anthony Falls Lab')",0.0009053870529651426,0.0,0.13296415565654437,2.203183156426084e-05,0.14343943585964775
"('0022905000', 'Computational Mathematics in Science and')",0.0004526935264825713,0.0,0.136135334175577,0.00011332293803208367,0.15060725099453612
"('0022210000', 'Department of Resource Economics')",0.0011317338162064282,3.074667374796726e-07,0.11387478413279377,7.887709666844296e-05,0.12139774231750844
"('0022210000', 'MIE')",0.000679040289723857,0.0,0.11386891414727184,6.729853996476049e-05,0.12117139555426716
"('0021030000', 'IREAP')",0.0009053870529651426,0.0,0.13803661813409987,0.0005394483374401601,0.1486421568472264
"('0021030000', 'Division of Information Technology')",0.0009053870529651426,0.0,0.13803661813409987,0.0005394483374401601,0.1486421568472264
"('0036582000', 'Applied Research Laboratories')",0.0004526935264825713,0.0,0.14860410359905818,2.8720830405073073e-05,0.16033873073257307
"('0013706000', 'Chemistry, CIRES')",0.0004526935264825713,0.0,0.11007299997508534,2.8616101737503145e-08,0.11524663782472627
"('0036327000', 'Epidemiology and Biostatistics')",0.0004526935264825713,0.0,0.13786001809841794,2.6411378646915077e-06,0.14799198651054615
"('0036327000', 'TEEX/ESTI')",0.0004526935264825713,0.0,0.13786001809841794,2.6411378646915077e-06,0.14799198651054618
"('0029744000', 'Institute of Marine Sciences')",0.0004526935264825713,0.0,0.10890088491212502,6.814715209190446e-07,0.11430304739361147
"('0011502001', 'Civil Engineering')",0.0018107741059302852,0.0034039553847399996,0.09915834362024464,5.982427503478985e-08,0.10628510694783458
"('0011502001', 'Department of Biological Sciences')",0.0011317338162064282,0.0,0.09779745434421694,5.326808037109623e-08,0.10376957949455236
"('0011502001', 'College of Engr and Computer Science')",0.0011317338162064282,0.0,0.09779745434421694,5.326808037109623e-08,0.10376957949455236
"('0011502001', 'College of Natural Sciences & Mathematic')",0.002037120869171571,0.002713086491520631,0.09781044521685227,5.597844708480562e-08,0.1042977219421154
"('0013136000', 'Materials Science and Engineering')",0.001358080579447714,0.01055925813977894,0.10729290623406271,3.223792885616072e-07,0.1147200852232727
"('0011502001', 'Biological Sciences')",0.0018107741059302852,0.0034039553847399996,0.09915834362024464,5.982427503478984e-08,0.10628510694783458
"('0035451020', 'Pediatrics and Medicine')",0.0009053870529651426,0.0,0.12744843502091446,3.7484805797805745e-06,0.1375046681350429
"('0027078000', 'Applied  Physics & Applied  Mathematics')",0.0009053870529651426,0.0,0.11597018059638807,1.5434620689406684e-06,0.12291252583239862
"('0027086000', 'Mathematics')",0.0009053870529651426,0.0,0.11597018059638807,1.5434620689406684e-06,0.12291252583239864
"('0020107000', 'Information Technology Services')",0.0009053870529651426,0.0,0.11292590036551389,5.3475273859288275e-08,0.1191144364412806
"('0020107000', 'Physics & Astronomy')",0.0009053870529651426,0.0,0.11292590036551389,5.3475273859288275e-08,0.1191144364412806
"('0020107000', 'High Performance Computing')",0.0009053870529651426,0.0,0.11292590036551389,5.3475273859288275e-08,0.1191144364412806
"('0020107000', 'ITS-HPC')",0.0009053870529651426,0.0,0.11292590036551389,5.3475273859288275e-08,0.11911443644128063
"('0026278000', 'Department of Psychology')",0.00022634676324128565,0.0,0.11837204940653216,1.3426532528686504e-06,0.1255946887366144
"('0026278000', 'Princeton Neuroscience Institute')",0.000679040289723857,0.0004526935264825713,0.13426122895520573,1.4228985675596616e-05,0.14549635578947379
"('0018408000', 'Electrical Engineering')",0.00022634676324128565,0.0,0.10566850035876585,1.5004437770542653e-06,0.1110281788529849
"('7203576470', 'School of Forest Resources')",0.00022634676324128565,0.0,0.08501221882275972,4.000245240007791e-10,0.08819232965541089
"('0037457000', 'Department of Computer Science')",0.000679040289723857,0.0,0.1428894854296711,3.6779375324705365e-05,0.15487626904557517
"('0014449000', 'Electrical & Computer Engineering')",0.000679040289723857,0.0,0.1428894854296711,3.6779375324705365e-05,0.15487626904557517
"('4004875000', 'Molecular Pharmacology and Experimental')",0.0009053870529651426,0.0,0.09385622025832767,6.571598827642187e-08,0.09839682785498109
"('5300007902', 'Department of Psychiatry & Psychology')",0.0009053870529651426,0.0,0.09385622025832767,6.571598827642187e-08,0.09839682785498109
"('4004875000', 'Medicine')",0.0009053870529651426,0.0,0.09385622025832767,6.571598827642187e-08,0.09839682785498108
"('4004875000', 'Health Sciences Research')",0.0009053870529651426,0.0,0.09385622025832767,6.571598827642187e-08,0.09839682785498109
"('0014266000', 'Chemistry')",0.0004526935264825713,0.0004526935264825713,0.10844112810191207,4.906600138181364e-07,0.11379825567107428
"('0014266000', 'Department of Chemistry')",0.00022634676324128565,0.0,0.0978342707825856,4.746436164128765e-08,0.10163297108481029
"('0028829000', 'Mechanical, Aerospace & Mfg Engineering')",0.000679040289723857,0.0,0.11376628727403822,3.017897373044679e-07,0.12017412057255691
"('0035303000', 'Electrical Engineering & Computer Sci')",0.000679040289723857,0.0,0.09336630106299795,3.624984677915221e-08,0.09801236814104883
"('0035303000', 'Electrical Eng. and Computer Sci.')",0.000679040289723857,0.0,0.09336630106299795,3.624984677915221e-08,0.0980123681410488
"('0035303000', 'Civil & Environmental Engineering')",0.000679040289723857,0.0,0.09336630106299795,3.624984677915221e-08,0.09801236814104881
"('0026294000', 'School of Communication and Information')",0.0009053870529651426,0.0013574656459727544,0.12416041368069022,4.83782453748505e-05,0.13422575927668648
"('0015693000', 'Physics')",0.0004526935264825713,0.0,0.12864713761574748,3.178542437978238e-05,0.13752238594361668
"('0015693000', 'Biology')",0.0011317338162064282,0.0018095442389803665,0.14762095696337876,0.0003051149941347214,0.16201771733120576
"('0036616000', 'Sociology and Anthropology')",0.00022634676324128565,0.0,0.11426650113800951,1.247637181114182e-06,0.12113050885935082
"('0010819000', 'Geographical Sciences & Urban Planning')",0.0004526935264825713,0.0,0.14384788200436296,0.0007690715696068043,0.15931884372355085
"('0018051000', 'Unknown Dept')",0.0004526935264825713,0.0,0.15358943160090388,4.492807890817789e-05,0.1668219537617437
"('0013854000', 'Unknown Dept')",0.0004526935264825713,0.0,0.15358943160090388,4.492807890817789e-05,0.16682195376174366
"('0025320000', 'Montana Space Grant Consortium')",0.0009053870529651426,0.0,0.12778018799710775,4.78852300149394e-06,0.1369378430407177
"('6250010451', 'Unknown Dept')",0.0009053870529651426,0.0,0.12778018799710775,4.78852300149394e-06,0.13693784304071774
"('0016261000', 'Chemical and Materials Engineering')",0.0009053870529651426,0.0,0.12778018799710775,4.78852300149394e-06,0.13693784304071774
"('0025320000', 'Physics')",0.001358080579447714,0.008619958083087772,0.136072440556856,8.086146228450915e-06,0.14786727469502425
"('0028373000', 'Linguistics')",0.00022634676324128565,0.0,0.12939694812992414,1.9972737690424503e-06,0.13675360779253892
"('0001057000', 'School of Computer Science')",0.0004526935264825713,0.0,0.13158992077202597,0.00015363214394743523,0.1417124202943568
"('5300001194', 'Early Childhood Education')",0.0004526935264825713,0.0,0.08668013890796367,2.104939050170107e-09,0.08967557041214475
"('5300001194', 'ECEE')",0.0004526935264825713,0.0,0.08668013890796367,2.104939050170107e-09,0.08967557041214475
"('4002010000', 'Department of Herpetology')",0.0004526935264825713,0.0,0.1187410971053834,3.6853086575793884e-07,0.12475963564125638
"('4002010000', 'Unknown Dept')",0.000679040289723857,0.0004526935264825713,0.11874428855560931,3.7162150017363935e-07,0.12487280902287702
"('0010827000', 'Building # 19')",0.000679040289723857,0.0,0.12974655663563478,7.718620436248274e-05,0.1404323865109283
"('0036582000', 'Economics')",0.00022634676324128565,0.0,0.10099209070543592,4.2135512336748307e-07,0.10530932995062478
"('0027854020', 'Rehabilitation Medicine')",0.0009053870529651426,0.0,0.13563380714088355,6.433843090839468e-05,0.1461109724237828
"('0027854000', 'ECE')",0.0009053870529651426,0.0,0.13563380714088355,6.433843090839468e-05,0.14611097242378276
"('0114629000', 'Electrical Engineering')",0.000679040289723857,0.0,0.11456280468831034,5.56157424062299e-07,0.12073236473950055
"('0114629000', 'Health Sciences')",0.000679040289723857,0.0,0.11456280468831034,5.56157424062299e-07,0.12073236473950055
"('0028381000', 'Department of Geosciences')",0.0004526935264825713,0.0,0.09662110442864953,1.3653738519112696e-06,0.10144381853328606
"('5300008543', 'Interactive Computing')",0.00022634676324128565,0.0,0.1310123954688334,3.0321042587640855e-05,0.13988869324428319
"('0021337000', 'Chemistry')",0.00022634676324128565,0.0,0.11445892380631623,0.00010098193144370418,0.12126508546501513
"('0036582000', 'Department of Mathematics')",0.00022634676324128565,0.0,0.13270056768690114,2.098167986303635e-06,0.14028760209158528
"('0010637000', 'Civil & Environmental Engineering')",0.0004526935264825713,0.0,0.10366755050801324,5.275697247886465e-06,0.10939722319771654
"('0010637000', 'Civil and Environmental Engineering')",0.0004526935264825713,0.0,0.10366755050801324,5.275697247886465e-06,0.10939722319771657
"('0037986000', 'Human Design and Engineering')",0.0004526935264825713,0.0,0.12536534150563264,3.283014816169896e-06,0.13684295234437632
"('0023259000', 'Civil and Environmental Engineering')",0.0011317338162064282,0.004236393819639994,0.1505691500238566,2.8087265800514974e-05,0.1637471790821713
"('0013177010', 'Marine Biology Research Division, 0202')",0.00022634676324128565,0.0,0.0971202462079578,5.918408230356605e-08,0.10109347867416223
"('0021030000', 'Anthropology')",0.00022634676324128565,0.0,0.13265673792937785,0.024741326128396645,0.14423709244329327
"('0013177010', 'Inst. of Geophysics & Planetary Physics')",0.0011317338162064282,0.0009052845640526493,0.11713861491144342,1.241236328890574e-06,0.12464541079864701
"('0039917000', 'Aircraft Maintenance Technology')",0.0009053870529651426,0.0,0.10050045495905369,2.365458244571335e-07,0.1058082611688494
"('0014936000', 'Chemical Engineering')",0.001358080579447714,0.00361580883276095,0.11170670037926675,1.6983025292503733e-06,0.11906337180499668
"('0039941000', 'Dean of Technologies')",0.0009053870529651426,0.0,0.10050045495905369,2.365458244571335e-07,0.10580826116884941
"('6250041973', 'Unknown Dept')",0.0009053870529651426,0.0,0.10050045495905369,2.365458244571335e-07,0.10580826116884941
"('0034256000', 'Office of the President')",0.0009053870529651426,0.0,0.12311207713314384,6.317035995721439e-05,0.13157239017606326
"('0034256000', 'Engineering & Science Engineering')",0.0009053870529651426,0.0,0.12311207713314384,6.317035995721439e-05,0.13157239017606326
"('0034462000', 'Biological Sciences')",0.0009053870529651426,0.0,0.12311207713314384,6.317035995721439e-05,0.13157239017606326
"('0034256000', 'Materials Science')",0.0009053870529651426,0.0,0.12311207713314384,6.317035995721439e-05,0.13157239017606326
"('0016915000', 'Applied Math')",0.0004526935264825713,0.0,0.08848210530532134,1.4349486849482951e-09,0.09168694317479445
"('0033712000', 'Statistical Science')",0.0004526935264825713,0.0,0.08848210530532134,1.4349486849482951e-09,0.09168694317479445
"('0029058000', 'Built Environment')",0.0011317338162064282,0.00225794368824412,0.11269258238955208,9.496133730849708e-06,0.1206196665252859
"('0036582000', 'Communication Studies')",0.0009053870529651426,0.0,0.1449047197349864,2.791825301074703e-05,0.1569406990072438
"('0036582000', 'Civil, Architectual and Environmental En')",0.0009053870529651426,0.0,0.1449047197349864,2.791825301074703e-05,0.1569406990072438
"('0036582000', 'Department of Population Health - Dell M')",0.0009053870529651426,0.0,0.1449047197349864,2.791825301074703e-05,0.1569406990072438
"('0037499000', 'Department of Computer Science')",0.000679040289723857,0.0,0.12075987426540932,1.0414255948928045e-06,0.12802577520459538
"('0026393000', 'Quantitative Finance')",0.000679040289723857,0.0,0.12075987426540932,1.0414255948928045e-06,0.12802577520459538
"('0080010000', 'Department of Communication')",0.00022634676324128565,0.0,0.13100074128984432,0.002490596872732409,0.14070342507700995
"('0013284000', 'Dept. of Aerospace & Mechanical Eng.')",0.0004526935264825713,0.0,0.10859839732559855,1.636499336108729e-06,0.11477971848331629
"('0013284000', 'Aerospace and Mechanical Engineering')",0.000679040289723857,0.00041021565925902797,0.11191043112619686,1.7408533210999858e-06,0.11862087129459199
"('0015354000', 'School of Building Construction')",0.000679040289723857,0.0,0.14211728375205068,5.223121358174116e-05,0.15352911951485868
"('0015354000', 'Shimberg Center for Housing Studies')",0.000679040289723857,0.0,0.14211728375205068,5.223121358174116e-05,0.15352911951485868
"('0033290000', 'Meteorology and Atmospheric Science')",0.00022634676324128565,0.0,0.12913220121006636,4.557606560174413e-06,0.13967990474893976
"('0019992001', 'Electrical and Computer Engineering')",0.002037120869171571,0.0018095442389803665,0.09248482311073895,5.6397741918448763e-08,0.09793781075719016
"('0019992001', 'Computer Engineering and Computer Scienc')",0.0009053870529651426,0.0,0.08466196535336501,7.847379613115211e-09,0.08854865716114822
"('0031708000', 'Psychology')",0.0009053870529651426,0.0,0.08466196535336501,7.847379613115211e-09,0.08854865716114822
"('0031708000', 'Center for Health Systems Innovation')",0.0009053870529651426,0.0,0.08466196535336501,7.847379613115211e-09,0.08854865716114822
"('0019992001', 'School of Nursing')",0.0009053870529651426,0.0,0.08466196535336501,7.847379613115211e-09,0.08854865716114822
"('0033795000', 'Chemistry/Arts and Sciences')",0.0004526935264825713,0.0,0.10928880643166357,4.270484528970284e-07,0.11603809890597754
"('0033795000', 'Department of Chemistry')",0.0004526935264825713,0.0,0.10928880643166357,4.270484528970284e-07,0.11603809890597756
"('0034256000', 'Chemistry')",0.0009053870529651426,0.0,0.1396863538636651,0.00023997342629007953,0.15110972411221293
"('0034256000', 'Civil Engineering')",0.0009053870529651426,0.0,0.1396863538636651,0.00023997342629007953,0.151109724112213
"('0021782000', 'Department of Aeronautics and Astronauti')",0.0009053870529651426,0.0,0.1172878836147393,5.8846225799546967e-05,0.12511242867988587
"('0021782000', 'Aeronautics & Astronautics Department')",0.0009053870529651426,0.0,0.1172878836147393,5.8846225799546967e-05,0.12511242867988584
"('0015982000', 'Anthropology')",0.00022634676324128565,0.0,0.10352180331326007,6.370770426952831e-07,0.1081485045077711
"('4005518000', ""Board on Internat'l Scientific Orgnztns"")",0.0004526935264825713,0.0,0.09917169857909268,6.576569153761803e-08,0.1043194490769794
"('0013201000', 'Biological Sciences')",0.00022634676324128565,0.0,0.10387961438984246,5.554068125430843e-08,0.10937690888127426
"('0036582000', 'Dept. of Electrical and Computer Eng.')",0.00022634676324128565,0.0,0.145405476566614,6.734232684911427e-06,0.1566682073019773
"('0034348000', 'Faculty Development Center')",0.000679040289723857,0.0009051820751401561,0.11099665854332588,2.818473622276825e-07,0.11858041861499154
"('6250001416', 'Engineering')",0.0004526935264825713,0.0,0.09392805510672676,2.2874045994741845e-06,0.09817908336718184
"('6250001416', 'Engineering Math & Technology')",0.0004526935264825713,0.0,0.09392805510672676,2.2874045994741845e-06,0.09817908336718185
"('0017756000', 'National Center for Supercomputing Appli')",0.000679040289723857,0.0,0.14283866795990946,3.290720125452566e-05,0.15478736531814735
"('0017756000', 'NRES')",0.000679040289723857,0.0,0.12069389427673816,4.245525464118386e-06,0.12958462784075858
"('0018259000', 'Anthropology')",0.0004526935264825713,0.0,0.15360545163757736,4.501717737696123e-05,0.1669162649130942
"('0018259000', 'Forestry and Natural Resources')",0.0009053870529651426,0.0013574656459727544,0.15362147501651657,4.586225902586398e-05,0.16718033613687572
"('4203634000', 'Electrical and Computer Engineering')",0.00022634676324128565,0.0,0.1301862329090052,3.5729238566044045e-05,0.1394964047069063
"('0037986000', 'Design')",0.00022634676324128565,0.0,0.10308941571775247,1.9906388201439478e-07,0.10809452338773992
"('0013128000', 'Electrical Engineering and Computer Scie')",0.0009053870529651426,0.0,0.12976561123186278,1.5514345346834345e-05,0.14026683071216725
"('0014340000', 'Environmental Science')",0.0004526935264825713,0.0,0.10299808831071945,1.0526075966470603e-07,0.10879168196343021
"('0033712000', 'Landscape Architecture & Horticulture')",0.0004526935264825713,0.0,0.10299808831071945,1.0526075966470603e-07,0.10879168196343021
"('0031310000', 'Bioengineering')",0.000679040289723857,0.0004526935264825713,0.09402600719347905,1.2042067863105463e-08,0.09818836608918684
"('0077370000', 'Dept. of Bioengineering')",0.00022634676324128565,0.0,0.0859466189401603,1.1432879674945745e-09,0.08890844870561765
"('0011403001', 'Department of Mechanical Engineering')",0.00022634676324128565,0.0,0.07680940211060693,7.171553452249192e-11,0.0792623067007192
"('4056693000', 'Mathematics')",0.0009053870529651426,0.0,0.1354757597129803,9.09401639548234e-06,0.14507756842523634
"('0032565000', 'Mathematics Department')",0.0009053870529651426,0.0,0.1354757597129803,9.09401639548234e-06,0.1450775684252364
"('0038968000', 'Mathematical Sciences')",0.0009053870529651426,0.0,0.1354757597129803,9.09401639548234e-06,0.1450775684252364
"('0036046000', 'Department of Statistics')",0.000679040289723857,0.0,0.12396879735114204,9.312721334117817e-05,0.1336978529995731
"('0013136000', 'ECE')",0.00022634676324128565,0.0,0.11375164139138495,3.26256207873812e-05,0.12080647020099161
"('6250008669', 'Unknown Dept')",0.0009053870529651426,0.0,0.1500577406426194,1.9495889081114563e-05,0.16326074458713546
"('0017749000', 'Sociology')",0.000679040289723857,0.0004526935264825713,0.14087111791339837,9.248232343306484e-05,0.1527195906553077
"('0021550000', 'Government')",0.00022634676324128565,0.0,0.12348025378015037,8.715444424900708e-06,0.13086537412589835
"('0037457000', 'Economics')",0.00022634676324128565,0.0,0.14034753327615235,1.5507572994455058e-05,0.15105004208105144
"('0032235000', 'School of Journalism and Communication')",0.000679040289723857,0.0,0.13005210326454916,4.810015201046858e-06,0.13790869233377118
"('0032235000', 'Educational Studies')",0.000679040289723857,0.0,0.13005210326454916,4.810015201046858e-06,0.13790869233377118
"('0019893001', 'Department of Psychology')",0.000679040289723857,0.0,0.13005210326454916,4.810015201046858e-06,0.13790869233377118
"('0015982000', 'Department of Marine Sciences')",0.0004526935264825713,0.0,0.14475753604193972,0.000478496488538466,0.15813770694372697
"('0029975000', 'Physics')",0.00022634676324128565,0.0,0.11048314494348305,7.463114909118905e-06,0.11640830958911311
"('0018259000', 'Entomology')",0.000679040289723857,0.0004526935264825713,0.13318059867964913,4.875247922666328e-06,0.14162146640643677
"('0025163000', 'Forestry')",0.0004526935264825713,0.0,0.1331765840718635,4.834781373473386e-06,0.14150829302481607
"('0017400000', 'Computer Science')",0.000679040289723857,8.201740067070043e-06,0.1380495578539512,0.0009775172879294234,0.14998508357494159
"('0033290000', 'Biochemistry & Molecular Biology')",0.0004526935264825713,0.0,0.1326487719930343,5.268481488576006e-06,0.1413974518263785
"('0022905000', 'School of Criminal Justice')",0.0004526935264825713,0.0,0.1361269450007703,0.00011305456082588235,0.1505318020734557
"('0013284000', 'Data Sciences and Operations')",0.00022634676324128565,0.0,0.14110507824976046,0.0001347583178936638,0.15425869839631642
"('0024232000', 'Industrial and Systems Engineering')",0.0004526935264825713,0.0,0.13208167658225956,1.1501467655846228e-05,0.1411653207714771
"('0024059000', 'The Communiversity')",0.0004526935264825713,0.0,0.13208167658225956,1.1501467655846228e-05,0.14116532077147706
"('0015693000', 'School of Earth and Atmospheric Science')",0.00022634676324128565,0.0,0.11250031830103639,3.9789416008678686e-07,0.11998825254490478
"('0018408000', 'Anthropology')",0.00022634676324128565,0.0,0.12648877691250573,5.928524751241907e-05,0.13504750140355123
"('0015354000', 'Physics')",0.0011317338162064282,0.0049683550109340295,0.12466139954853273,6.770689868363735e-06,0.13350668464124738
"('0039321000', 'Economics')",0.0004526935264825713,0.0,0.10664542448161826,3.032447715391754e-07,0.11304258913654112
"('0027110000', 'Population Medicine & Diagnostic Science')",0.0004526935264825713,0.0,0.08997596839232617,1.6405382464563507e-09,0.09351410768353578
"('0027110000', 'CH Dyson School of Applied Econ & Mgmt')",0.0004526935264825713,0.0,0.08997596839232617,1.6405382464563507e-09,0.09351410768353577
"('0022194000', 'Department of Chemistry')",0.0004526935264825713,0.0,0.10156555323110876,1.502599906099691e-06,0.10652734094003609
"('0025171000', 'Chemistry')",0.00022634676324128565,0.0,0.09434929312774953,1.4057920970546918e-08,0.09808738286401904
"('0010827000', 'Mathematics and Statistics')",0.0011317338162064282,0.0,0.1156060288884237,6.423142813050406e-05,0.12392605602485542
"('0010827000', 'Center for Science Teaching and Learnin')",0.0011317338162064282,0.0,0.1156060288884237,6.423142813050406e-05,0.12392605602485539
"('0033886000', 'Department of Chemistry')",0.0004526935264825713,0.0,0.10427189048855322,1.1517868819910586e-07,0.10869923612264218
"('0033886000', 'Chemical Engineering')",0.0004526935264825713,0.0,0.10427189048855322,1.1517868819910586e-07,0.1086992361226422
"('0017749000', 'Chemistry and Inst. for Molecular Eng.')",0.0009053870529651426,0.0,0.13977916284367387,0.0006479617797967003,0.15176156334485819
"('0017749000', 'Department of Chemistry')",0.0009053870529651426,0.0,0.13977916284367387,0.0006479617797967003,0.15176156334485816
"('0022905000', 'Mechanical Engineering (ME)')",0.0004526935264825713,0.0,0.12127700458425979,1.316359194934062e-05,0.13142851554130203
"('7203579350', 'Unknown Dept')",0.00022634676324128565,0.0,0.09299682152103901,2.9904174359320716e-09,0.0971450531663303
"('0027078040', 'Dept. of Earth and Environmental Science')",0.0004526935264825713,0.0,0.1432787416896384,1.935617711286167e-05,0.1536648873735782
"('0022921000', 'Dept of Chemistry')",0.00022634676324128565,0.0,0.12037819132993652,1.4845592083014149e-05,0.1298232580906394
"('0023879000', 'Entomology')",0.0004526935264825713,0.0,0.08351922567960982,5.303171766419595e-10,0.08640062037824593
"('0023879000', 'Plant Pathology')",0.0004526935264825713,0.0,0.08351922567960982,5.303171766419595e-10,0.08640062037824595
"('0010835000', 'Department of Geosciences, University of')",0.0004526935264825713,0.0,0.12541516450449938,4.3942823763911946e-06,0.13435356140765742
"('0021998000', 'Dept. of Mechanical & Industial Eng.')",0.0009053870529651426,0.0,0.13776114748986593,2.1186313528160482e-05,0.14859667393619294
"('0013151000', 'Health Policy and Management')",0.0009053870529651426,0.0,0.13776114748986593,2.1186313528160482e-05,0.14859667393619294
"('7203579556', 'Unknown Dept')",0.00022634676324128565,0.0,0.11266097156700242,3.773426197567407e-07,0.1212155016418315
"('0030510000', 'Sociology')",0.0004526935264825713,0.0004526935264825713,0.13363985601500347,5.300092872206661e-06,0.14314977500242254
"('0034256000', 'Park, Recreation, and Tourism Management')",0.00022634676324128565,0.0,0.11788878215391184,5.052025381637445e-07,0.1241191161853289
"('0015362000', 'Civil, Arch. & Environ. Eng.')",0.000679040289723857,0.0,0.11483974942164228,2.3609408032015083e-06,0.121268303804652
"('0015362000', 'Dept. of Civil, Architectural & Environm')",0.000679040289723857,0.0,0.11483974942164228,2.3609408032015083e-06,0.121268303804652
"('0015362000', 'Civil, Architectural and Environmental E')",0.000679040289723857,0.0,0.11483974942164228,2.3609408032015083e-06,0.121268303804652
"('4002010000', 'Entomology')",0.00022634676324128565,0.0,0.106143238113543,3.54642478379432e-08,0.11031388290045846
"('0010819000', 'Economics')",0.0004526935264825713,0.0,0.10749914837704998,3.3088610577524514e-06,0.11280001099389565
"('0001057000', 'Tepper School of Business')",0.000679040289723857,0.0009051820751401561,0.12044054304563546,3.182092707877385e-05,0.12819717346935502
"('P270059542', 'Unknown Dept')",0.0004526935264825713,0.0,0.10749914837704998,3.3088610577524514e-06,0.11280001099389568
"('0026716000', 'Unknown Dept')",0.00022634676324128565,0.0,0.11997284453496267,6.648247995337183e-06,0.1275148361411435
"('0021550000', 'Engineering and Applied Sciences')",0.0004526935264825713,0.0,0.105411338041611,1.622440838965316e-08,0.11090852742901001
"('0036327000', 'Department of Materials Science and Engi')",0.00022634676324128565,0.0,0.1347649696489034,1.6114621117164307e-06,0.14362239352619546
"('0013284000', 'ISI')",0.000679040289723857,0.0,0.10324359693400635,1.1603912008933192e-07,0.108632391239804
"('4007779000', 'Wildfire')",0.000679040289723857,0.0,0.10324359693400635,1.1603912008933192e-07,0.108632391239804
"('0013177000', 'EES-16')",0.000679040289723857,0.0,0.10324359693400635,1.1603912008933192e-07,0.108632391239804
"('0029975000', 'Mathematics')",0.000679040289723857,0.0,0.11622033987478297,1.0434420083895585e-05,0.12327869178253899
"('0019281000', 'Mathematics Department')",0.000679040289723857,0.0,0.11622033987478297,1.0434420083895585e-05,0.12327869178253899
"('0018408000', 'Kaneb Center for Teaching Excellence')",0.00022634676324128565,0.0,0.13750389044506692,0.00011065197015785314,0.1489490415022321
"('0020776000', 'Center for Educational Outreach')",0.000679040289723857,0.0,0.1211340206185567,2.6452758602756347e-06,0.13094969357135403
"('0013052000', 'Geballe Laboratory for Advanced Material')",0.00022634676324128565,0.0,0.09935681194620609,4.4852063006307e-09,0.103388629078485
"('0028381000', 'Physics Department')",0.0004526935264825713,0.0,0.09657886107771341,8.111325610810415e-07,0.1009458556541552
"('0028381000', 'Physics')",0.0004526935264825713,0.0,0.09657886107771341,8.111325610810415e-07,0.1009458556541552
"('0018259000', 'Honors College')",0.0009053870529651426,0.0,0.15228706352762744,0.00014276776325870502,0.16678154977158943
"('0018259000', 'Philosophy')",0.0009053870529651426,0.0,0.15228706352762744,0.00014276776325870502,0.16678154977158946
"('0014266000', 'School of Forestry and Environ Studies')",0.00022634676324128565,0.0,0.10630669650376573,0.00038771204813627135,0.11243487378183496
"('0027854000', 'Epidemiology')",0.0004526935264825713,0.0,0.09696677055440937,3.04939058110001e-07,0.10179875535040007
"('0027854000', 'Epidemiology, College of Global Public H')",0.0004526935264825713,0.0,0.09696677055440937,3.04939058110001e-07,0.10179875535040007
"('0023879000', 'Chemical Engineering and Materials Scien')",0.0004526935264825713,0.0,0.14028959735805918,6.2074654419974945e-06,0.15012510689853284
"('0018093000', 'Physics and Astronomy')",0.0004526935264825713,0.0,0.14028959735805918,6.2074654419974945e-06,0.15012510689853284
"('0013508000', 'Computer Science Department')",0.000679040289723857,0.0,0.12070708450588782,1.2740394107431497e-06,0.12912030785219938
"('0001024000', 'Physics')",0.00022634676324128565,0.0,0.06927262179155495,1.0431573401152616e-12,0.07140091420595962
"('0020776000', 'Departments of Mechanical Engineering')",0.00022634676324128565,0.0,0.118683680322364,2.6208202095734776e-06,0.12587080033039685
"('6250041859', 'Unknown Dept')",0.0004526935264825713,0.0,0.15173787608187939,6.906642015776846e-05,0.16576697534144227
"('0018259000', 'Deaprtment of Statistics')",0.00022634676324128565,0.0,0.139934118839478,1.943673266542992e-05,0.1502147706425653
"('0022335000', 'Mathematical Sciences and Data Science')",0.000679040289723857,0.0,0.1255363282470946,0.0010425173799058394,0.13464527549204505
"('0036566000', 'The Department of CSE')",0.00022634676324128565,0.0,0.09992988170364842,7.024604104101181e-07,0.1044285133177812
"('4005518000', 'Policy and Global Affairs')",0.00022634676324128565,0.0,0.09023324210612312,6.428070605398945e-09,0.09400948419600082
"('0022210000', 'Mechanical & Industrial Engineering')",0.00022634676324128565,0.0,0.1138601103035926,5.3475737614516476e-05,0.12090732433048566
"('P269774004', 'College of Forest Resources')",0.00022634676324128565,0.0,0.08501221882275972,4.000245240007791e-10,0.08819232965541089
"('0013151000', 'JIFRESSE')",0.00022634676324128565,0.0,0.09975614161849711,2.854693907570096e-08,0.10504695840033984
"('0014811000', 'Wilkes Honors College')",0.0004526935264825713,0.0,0.09197843149501385,9.494320558744782e-08,0.09589211127765342
"('0029314000', 'Biology')",0.0004526935264825713,0.0,0.09197843149501385,9.494320558744782e-08,0.09589211127765342
"('0029363000', 'Unknown Dept')",0.000679040289723857,0.0009051820751401561,0.10129078111745421,9.126602156321443e-07,0.10675694603892565
"('0036525000', 'Engineering Technology')",0.001358080579447714,0.0035992877169271882,0.14284790481117435,2.8502682852797967e-05,0.15490241047619846
"('0014316000', 'Center for Composite Materials')",0.00022634676324128565,0.0,0.09056062314235933,1.983111931348831e-09,0.09464137110941671
"('0014340000', 'Physics')",0.0004526935264825713,0.0,0.11266384454531544,4.203986330960633e-07,0.12132867502345214
"('0013052000', 'Aero/Astro')",0.0011317338162064282,0.0,0.13983667785022472,3.329875414070355e-05,0.15181543407550516
"('0013052000', 'Materials Science & Engineering')",0.0011317338162064282,0.0,0.13983667785022472,3.329875414070355e-05,0.15181543407550516
"('0013052000', 'Dept of Applied Physics')",0.0011317338162064282,0.0,0.13983667785022472,3.329875414070355e-05,0.15181543407550513
"('0013052000', 'Materials Science and Engineering')",0.0011317338162064282,0.0,0.13983667785022472,3.329875414070355e-05,0.15181543407550513
"('0031849000', 'School of Civil Engineering and Environm')",0.00022634676324128565,0.0,0.13261293711541347,0.00012245891260290436,0.14365548502601405
"('5300000942', 'Mathematics')",0.00022634676324128565,0.0,0.10058053500284576,3.032885061308352e-08,0.1053748577653103
"('0021998000', 'College of Engineering')",0.000679040289723857,0.0038817306252636615,0.15254998100894307,4.392686820393109e-05,0.16717543308760943
"('0026278000', 'SPIA and Computer Science')",0.000679040289723857,0.0,0.11611648444070648,1.0285774485438594e-06,0.12189849126528567
"('0022905000', 'Electrical&ComputerEngineering')",0.0004526935264825713,0.0,0.11984917125573068,1.239177307635449e-05,0.12912736113512266
"('0022905000', 'Radiology')",0.0004526935264825713,0.0,0.11984917125573068,1.239177307635449e-05,0.12912736113512266
"('0025684000', 'Chemical Engineering Department')",0.0004526935264825713,0.0,0.1126265072526576,4.338077838167695e-06,0.11918160086731754
"('0038950000', 'Department of Pathobiological Sciences')",0.0009053870529651426,0.0,0.09906940239937213,8.797443481303232e-08,0.10502957035103702
"('5300016339', 'Field and Laboratory Research Branch')",0.0009053870529651426,0.0,0.09906940239937213,8.797443481303232e-08,0.10502957035103702
"('5300016339', 'National Wildlife Health Center-USGS')",0.001358080579447714,8.199112999457936e-07,0.0990738456708452,1.0154549941933429e-07,0.1052559171142783
"('0037986000', 'DO-IT')",0.0004526935264825713,0.0,0.11533140157151435,9.147607722387352e-07,0.12382355860423447
"('7203579830', 'Machining')",0.00022634676324128565,0.0,0.11989145183175035,1.0463274610343836e-05,0.12926855840171608
"('5300001194', 'Physics and Astronomy')",0.000679040289723857,0.0,0.10661711472561416,8.678415901490304e-08,0.1120650654234836
"('P269817896', 'Unknown Dept')",0.000679040289723857,0.0,0.10661711472561416,8.678415901490304e-08,0.11206506542348361
"('5300001194', 'Center for High Angular Resolution Ast.')",0.000679040289723857,0.0,0.10661711472561416,8.678415901490304e-08,0.11206506542348361
"('0030908000', 'Microbiology')",0.000679040289723857,0.0,0.1345843360648247,1.9178953025861544e-05,0.1449748116678847
"('0037713000', 'Department of Mathematics')",0.0009053870529651426,0.0,0.10780868716447048,6.880132296494238e-07,0.11389208088472952
"('0037713000', 'Curriculum & Instruction')",0.0009053870529651426,0.0,0.10780868716447048,6.880132296494238e-07,0.1138920808847295
"('0037713000', 'Mathematics')",0.0009053870529651426,0.0,0.10780868716447048,6.880132296494238e-07,0.11389208088472952
"('0036582000', 'Dept. of Molec. Cell & Develop. Biol.')",0.00022634676324128565,0.0,0.11509104644801625,1.4001603299333265e-07,0.12079156225545945
"('0016204000', 'Unknown Dept')",0.0004526935264825713,0.0004526935264825713,0.1230777802540673,4.397789567101026e-06,0.1327442735967014
"('7203579648', 'Unknown Dept')",0.00022634676324128565,0.0,0.10959243916354526,4.1523994877702565e-07,0.11604043611406395
"('0010090000', 'Industrial & Systems Engineering')",0.00022634676324128565,0.0,0.11501614078933667,1.9355320800569005e-06,0.12154027103565043
"('0013706000', 'Laboratory for Atmospheric and Space Phy')",0.00022634676324128565,0.0,0.12364613360947077,2.634810112178992e-07,0.13083136369691342
"('P269980020', 'Unknown Dept')",0.00022634676324128565,0.0,0.10995520159283226,3.6361883482201003e-07,0.11601780509557388
"('0035352000', 'Assoc Provost for Innovations')",0.0009053870529651426,0.0,0.14751744632541988,0.00021841544045320588,0.1625029609241912
"('6250032970', 'Unknown Dept')",0.0009053870529651426,0.0,0.1368606920479539,2.067115885774162e-05,0.14680447250048756
"('0014316000', 'IT-Network & Systems Services')",0.0009053870529651426,0.0,0.1368606920479539,2.067115885774162e-05,0.14680447250048756
"('0021782000', 'Electrical Engineering &Computer Science')",0.0004526935264825713,0.0,0.1375124501992032,0.003026244024283169,0.1486349624421142
"('P269947661', 'Unknown Dept')",0.0004526935264825713,0.0,0.1292228494545029,3.596687411860215e-06,0.1378225460219569
"('0020081000', 'Chemical Engineering')",0.00022634676324128565,0.0,0.08369643466070549,2.9465126923431994e-09,0.08661536460992918
"('0031252000', 'Physics')",0.00022634676324128565,0.0,0.09335840923018406,2.5774562783777007e-08,0.097691710226457
"('0035303000', 'Materials Science and Engineering')",0.000679040289723857,0.0004526935264825713,0.10296928168554514,2.7319668549914024e-07,0.10934319832077428
"('0015693000', 'School of Civil and Environmental Engine')",0.0004526935264825713,0.0,0.10723821544735182,1.1853425674832653e-07,0.11241887648532761
"('0021998000', 'Marine and Environmental Science')",0.0004526935264825713,0.0,0.10723821544735182,1.1853425674832653e-07,0.11241887648532764
"('0028068000', 'Media Sciences')",0.00022634676324128565,0.0,0.1112734233326617,6.902047770957407e-06,0.11797792481043397
"('0015693000', 'Materials Science and Engineering')",0.00022634676324128565,0.0,0.1310123954688334,3.0321042587640855e-05,0.13988869324428319
"('0027110000', 'Astronomy')",0.00022634676324128565,0.0,0.07822376458506701,2.3763587415572667e-11,0.08031396534115197
"('0027110000', 'Department of Astronomy')",0.0004526935264825713,0.0004526935264825713,0.08486035880296569,2.478483981628966e-10,0.08765015991937722
"('0022905000', 'Department of Statistics and Probability')",0.0004526935264825713,0.0,0.12416390309707155,1.137047675210075e-05,0.13339460134955758
"('0022905000', 'Statistics and Probability')",0.0004526935264825713,0.0,0.12416390309707155,1.137047675210075e-05,0.13339460134955758
"('0035303000', 'National Institute for Mathematical and')",0.0004526935264825713,0.0,0.12145704467353952,6.137370239673194e-06,0.13003301022200917
"('0021782000', 'Economics')",0.0004526935264825713,0.0,0.12868460911103344,1.624394810787874e-05,0.13687386251895023
"('0026880000', 'Department of Electrical Engineering')",0.0009053870529651426,0.0,0.1550556276980311,0.0001311387797353218,0.1686249669047307
"('0027078000', 'Health Policy and Management')",0.00022634676324128565,0.0,0.12368074801937236,3.2948363760760255e-06,0.13155542586280428
"('0037986000', 'Department of Biostatistics')",0.0004526935264825713,0.0,0.14684570896762614,0.0002590556980077168,0.16006897948387133
"('0037986000', 'Center for Teaching and Learning')",0.0004526935264825713,0.0,0.14684570896762614,0.0002590556980077168,0.16006897948387133
"('7203584597', 'Unknown Dept')",0.0004526935264825713,0.0,0.11168410940896911,1.6131940283866161e-06,0.11847864266662335
"('0028068000', 'NTID Liberal Studies')",0.00022634676324128565,0.0,0.1112734233326617,6.902047770957407e-06,0.117977924810434
"('0022905000', 'Dept. of Philosophy')",0.000679040289723857,0.0,0.13613952915074573,0.00012776075080512885,0.15072042437615676
"('0022905000', 'Center for Interdisciplinarity')",0.000679040289723857,0.0,0.13613952915074573,0.00012776075080512885,0.15072042437615676
"('4003554000', 'SCRIPPS OCEANOGRAPHY')",0.00022634676324128565,0.0,0.09522372618329167,1.1997368337293956e-08,0.09888507141822218
"('0014456000', 'Massive Data Institute')",0.0004526935264825713,0.0,0.10289973215325492,3.6791365447370796e-08,0.10928679016959664
"('0037499000', 'College of Education &Human Development')",0.00022634676324128565,0.0,0.11158256301459817,3.345395278848685e-07,0.11704423055663224
"('0032276000', 'Computer Science')",0.00022634676324128565,0.0,0.1320500941507009,5.064493091026433e-06,0.14076410172494325
"('0018259000', 'Weldon School of Biomedical Engineering')",0.0009053870529651426,0.0,0.16292362724490173,0.00014998151599823095,0.18035856176417386
"('0010637000', 'IAB')",0.0004526935264825713,0.0,0.10367241581602722,9.504882846833425e-06,0.10947267211879697
"('0010512000', 'Social Work')",0.0004526935264825713,0.0,0.14514751297719955,4.7169176495535955e-05,0.15724192122449127
"('0022194000', 'Dept. of Physics & Astronomy')",0.00022634676324128565,0.0,0.09530589351971697,9.129389498239793e-09,0.09893993148988123
"('0021030000', 'Department of Human Development and Quan')",0.00022634676324128565,0.0,0.10985131035854592,1.8284672157884394e-07,0.11523335253496461
"('0013052000', 'Civil & Environmental Engineering')",0.00022634676324128565,0.0,0.13654345407343305,1.940024970464209e-05,0.14547049512531593
"('0012328000', 'Department of Chemistry')",0.0009053870529651426,0.0,0.09342948379047096,1.7105118141069504e-08,0.09923347886176871
"('5300016244', 'Unknown Dept')",0.0009053870529651426,0.0013574656459727544,0.10236329935125116,3.349255060303496e-08,0.1079767818965965
"('0034488000', 'Department of Exercise Science')",0.0004526935264825713,0.0,0.10684401451027811,4.145222862787271e-08,0.11226071381551517
"('0026575000', 'Mathematical Sciences')",0.000679040289723857,0.0,0.12197344082162281,1.4089618855653919e-05,0.13016658156993094
"('0010819000', 'Institute of Human Origins')",0.00022634676324128565,0.0,0.14383851538336317,0.0006928699252778173,0.15916794588138997
"('0028829000', 'Information Technology')",0.0004526935264825713,0.0,0.11377214668314792,2.695452245812475e-07,0.12007226452909836
"('0030908000', 'Department of Electrical Engineering')",0.0004526935264825713,0.0,0.13415522895663792,0.025829841289967757,0.14660221198247345
"('0014449000', 'Marketing Department')",0.0004526935264825713,0.0,0.10402392220574039,3.6474399084797955e-08,0.1086790673883793
"('0014449000', 'Management Department')",0.0004526935264825713,0.0,0.10402392220574039,3.6474399084797955e-08,0.1086790673883793
"('4005658000', 'Education and Child Devlopment')",0.00022634676324128565,0.0,0.10944583446874923,0.00033876651734889826,0.11585304871826495
"('0036707000', 'Manufacturing Engineering Technology')",0.00022634676324128565,0.0,0.11128183169189693,1.5243230308171677e-07,0.11669921222553407
"('0010090000', 'Industrial and Systems Engineering')",0.00022634676324128565,0.0,0.10159124356144224,1.3678029178627898e-06,0.10653273014868468
"('0096354000', 'Computing & Information Sciences')",0.0004526935264825713,0.0,0.13261691781233115,0.00022499706235462106,0.14376865840763467
"('6250001885', 'Unknown Dept')",0.00022634676324128565,0.0,0.11816941717709364,6.4591193762478364e-06,0.12503682814343692
"('0022921000', 'Department of Chemistry')",0.0009053870529651426,0.0,0.10483354293714259,2.7921802155775807e-07,0.11034949270809087
"('0035352000', 'CEE')",0.0009053870529651426,0.0,0.10483354293714259,2.7921802155775807e-07,0.11034949270809086
"('7203584339', 'Unknown Dept')",0.0009053870529651426,0.0,0.14426122448979592,0.0009836390791033317,0.16012282383377816
"('0010819000', 'Mathematics and Statistics')",0.0009053870529651426,0.0,0.14426122448979592,0.0009836390791033317,0.16012282383377816
"('0010819000', 'School of Mathematics and Statistical Sc')",0.0009053870529651426,0.0,0.14426122448979592,0.0009836390791033317,0.16012282383377816
"('0031252000', 'Political Science')",0.00022634676324128565,0.0,0.10295488441461596,2.444069790826225e-07,0.10896595371537215
"('0023879000', 'Civil Engineering')",0.0009053870529651426,0.0,0.13296415565654437,2.203183156426084e-05,0.14343943585964775
"('0013508000', 'Electrical Engineering')",0.00022634676324128565,0.0,0.07631056222471716,1.72983161938334e-11,0.07906761231494619
"('0018259000', 'School of Electrical Engineering')",0.0004526935264825713,0.0,0.11856901317731676,1.1878655643975233e-06,0.12463951494305159
"('0018259000', 'Electrical & Computer Eng.')",0.0004526935264825713,0.0,0.11856901317731676,1.1878655643975233e-06,0.12463951494305159
"('0033787000', 'Mechanical Engr & Applied Mechanics')",0.0004526935264825713,0.0,0.12988005644402634,1.1896704384065841e-05,0.1384382273076243
"('0013177010', 'Inst of Geophysics & Planetary Physics')",0.00022634676324128565,0.0,0.10485842451285216,1.1700817520072849e-07,0.10974293260079147
"('0014449000', 'Chemistry')",0.00022634676324128565,0.0,0.09195928647253503,3.4158333174965524e-09,0.09613408236765958
"('0030908000', 'Horticulture and Crop Science')",0.0004526935264825713,0.0,0.10321706422447025,4.222691664806403e-07,0.10825129329888046
"('0025163000', 'Plant Sciences')",0.0004526935264825713,0.0,0.10321706422447025,4.222691664806403e-07,0.10825129329888047
"('0014266000', 'Dept. of Computer Science')",0.00022634676324128565,0.0,0.13424898963809292,1.2770555176269441e-05,0.14523228456569234
"('0013177000', 'Computer Sci and Engineering')",0.00022634676324128565,0.0,0.13343803799571113,8.10738143876006e-06,0.14210253556111338
"('7203579196', 'Unknown Dept')",0.00022634676324128565,0.0,0.12725387407108704,8.384495866382328e-05,0.13635227568568392
"('0036756000', 'Medicinal Chemistry')",0.00022634676324128565,0.0,0.1338625621136832,5.095111035678982e-05,0.14340574451201357
"('0001347000', 'Teaching and Learning,School of Educatio')",0.0011317338162064282,0.0,0.1044790237903798,2.5663500917939594e-08,0.11009461434144382
"('0028431000', 'Chemistry')",0.0011317338162064282,0.0,0.1044790237903798,2.5663500917939594e-08,0.11009461434144384
"('4000790000', 'Paleontology')",0.0015844273426889996,0.0003636991150021535,0.10841717791411043,6.916215584280211e-08,0.11510418621667909
"('0028431000', 'Research and Sponsored Programs')",0.0011317338162064282,0.0,0.1044790237903798,2.5663500917939594e-08,0.11009461434144382
"('4000790000', 'Unknown Dept')",0.0015844273426889996,0.0003636991150021535,0.10841717791411043,6.916215584280211e-08,0.11510418621667909
"('5300002508', 'Center for 21st Century Skills @EDUCATIO')",0.000679040289723857,0.0,0.10159357969048222,1.1793268430685783e-06,0.10736597790756652
"('0014068000', 'Physics')",0.000679040289723857,0.0,0.10159357969048222,1.1793268430685783e-06,0.10736597790756652
"('0033795000', 'Information Science & Telecommunication')",0.0004526935264825713,0.0,0.13288417000030078,0.00010683356164225291,0.14227647446864283
"('0001057000', 'Engineering and Public Policy')",0.00022634676324128565,0.0,0.09765478216661877,1.8026870857748574e-07,0.10290177058196474
"('0029207000', 'Department of Public Policy Studies')",0.00022634676324128565,0.0,0.12368074801937236,3.2948363760760255e-06,0.1315554258628043
"('0013136000', 'Viticulture and Enology')",0.0009053870529651426,0.0,0.10619171233535236,4.884085102838808e-07,0.11233857444995572
"('0013136000', 'Department of Chemical Eng.')",0.0015844273426889996,0.0031645501510532835,0.11878579302556933,3.5887570038603037e-06,0.12778939441173456
"('0013136000', 'Biomedical Engineering')",0.0009053870529651426,0.0,0.10619171233535236,4.884085102838808e-07,0.11233857444995572
"('0013136000', 'Neuro, Physio and Behavior')",0.0009053870529651426,0.0,0.10619171233535236,4.884085102838808e-07,0.11233857444995572
"('0034256000', 'Department of Physics and Astronomy')",0.00022634676324128565,0.0,0.0943613840239214,4.018324430487439e-09,0.09812590320971576
"('0019489001', 'Electrical Engineering and Computer Scie')",0.00022634676324128565,0.0,0.14383851538336317,0.0006928699252778173,0.15916794588139
"('0026310000', 'Management Science/CIS')",0.000679040289723857,0.0,0.1104555227761388,5.614150523526138e-06,0.11722167437106869
"('0026310000', 'Management Science & information Systems')",0.000679040289723857,0.0,0.1104555227761388,5.614150523526138e-06,0.11722167437106869
"('0026294000', 'Department of Biostatistics and Epidemio')",0.000679040289723857,0.0,0.1104555227761388,5.614150523526138e-06,0.11722167437106869
"('0036582000', 'Department of Special Education')",0.001358080579447714,0.0,0.14893975659913022,3.9634352255542816e-05,0.1611825401096552
"('0036582000', 'Center for STEM Education')",0.001358080579447714,0.0,0.14893975659913022,3.9634352255542816e-05,0.16118254010965524
"('0036137000', 'Department of Teaching and Learning')",0.001358080579447714,0.0,0.14893975659913022,3.9634352255542816e-05,0.16118254010965524
"('0032235000', 'Special Education (CTL)')",0.001358080579447714,0.0,0.14893975659913022,3.9634352255542816e-05,0.16118254010965524
"('0035949000', 'Educational Psychology')",0.001358080579447714,0.0,0.14893975659913022,3.9634352255542816e-05,0.1611825401096552
"('0025650000', 'Center for Science, Math and Computer Ed')",0.0004526935264825713,0.0,0.12763990408228124,7.143320578840679e-07,0.13666122180721507
"('0011569000', 'Dept. Geography, Environment, and Planni')",0.0009053870529651426,0.0,0.1082816597632411,1.0198990158264953e-06,0.11396098025095575
"('0028357000', 'Anthropology')",0.0009053870529651426,0.0,0.1082816597632411,1.0198990158264953e-06,0.11396098025095573
"('0011510001', 'Anthropology')",0.0009053870529651426,0.0,0.1082816597632411,1.0198990158264953e-06,0.11396098025095573
"('0037986000', 'Mechanical Engineering')",0.000679040289723857,0.0,0.09765909944958996,2.2213634471004914e-07,0.10312811734520601
"('0026393000', 'Unknown Dept')",0.000679040289723857,0.0,0.09765909944958996,2.2213634471004914e-07,0.10312811734520601
"('4005351000', 'Radiology')",0.000679040289723857,0.0,0.09765909944958996,2.2213634471004914e-07,0.10312811734520602
"('0013144000', 'Neurobiology & Behavior')",0.000679040289723857,0.0,0.12350786950322887,4.542174731577196e-06,0.13247993989562548
"('0013201000', 'Department of Psychology')",0.000679040289723857,0.0,0.12350786950322887,4.542174731577196e-06,0.13247993989562548
"('0013144000', 'Cognitive Sciences')",0.000679040289723857,0.0,0.12350786950322887,4.542174731577196e-06,0.13247993989562548
"('0028365000', 'Economics')",0.0004526935264825713,0.0,0.11646851026810429,7.110370701073064e-05,0.12325137075589675
"('0029744000', 'Environmental Sciences and Engineering')",0.0009053870529651426,0.0,0.12040443681356117,2.2503374034114307e-06,0.12821095740686034
"('0029744000', 'Economics')",0.0009053870529651426,0.0,0.12040443681356117,2.2503374034114307e-06,0.12821095740686028
"('0015354000', 'Construction Management')",0.0004526935264825713,0.0,0.1482699600630936,0.00010357557294106542,0.16103274083694957
"('0013151000', 'Mechanical & Aerospace Engrg Dept')",0.0004526935264825713,0.0,0.1272685371896065,1.4667191541505227e-05,0.13622879308709945
"('0013136000', 'Chemical and Material Sciences')",0.0004526935264825713,0.0,0.11115583958134152,6.098535034574485e-07,0.11790605284450545
"('0013136000', 'Department of Physics')",0.0004526935264825713,0.0,0.11115583958134152,6.098535034574485e-07,0.11790605284450544
"('0001479000', 'Information Systems and Cyber Security')",0.00022634676324128565,0.0,0.1291284269597241,7.694050619025862e-06,0.1370401425318806
"('0037986000', 'School of Interdisciplinary Arts & Scien')",0.000679040289723857,0.0,0.10280395578824898,6.074597191842575e-08,0.10735959627276404
"('0114629000', 'Alaska Center for Conservation Science')",0.000679040289723857,0.0,0.10280395578824898,6.074597191842575e-08,0.10735959627276404
"('0114629000', 'Kodiak College')",0.000679040289723857,0.0,0.10280395578824898,6.074597191842575e-08,0.10735959627276404
"('0029728000', 'Civil, Const., and Env. Engineering')",0.0009053870529651426,0.0,0.1387911535561699,1.674322317359089e-05,0.14939887837126328
"('0029728000', 'Mechanical & Aerospace Engineering')",0.0009053870529651426,0.0,0.1387911535561699,1.674322317359089e-05,0.14939887837126328
"('0029728000', 'Civil, Construction, and Environmental E')",0.0009053870529651426,0.0,0.1387911535561699,1.674322317359089e-05,0.14939887837126328
"('0019992000', 'J.B. Speed School of Engineering')",0.0011317338162064282,0.0,0.0924770795830368,5.359152882660946e-08,0.0974851172307076
"('0019992001', 'Mechanical Engineering')",0.0011317338162064282,0.0,0.0924770795830368,5.359152882660946e-08,0.0974851172307076
"('0010819000', 'School of Manufacturing Systems and Netw')",0.0011317338162064282,0.0,0.0924770795830368,5.359152882660946e-08,0.0974851172307076
"('0018259000', 'School of Materials Engineering')",0.000679040289723857,0.0,0.12868086097923281,0.00022560792968304226,0.1390628673675294
"('0010819000', 'Fulton School of Engineering - MSE')",0.000679040289723857,0.0,0.12868086097923281,0.00022560792968304226,0.1390628673675294
"('0014449000', 'ESIA/IERES')",0.00022634676324128565,0.0,0.116067675493905,2.4153247321816476e-07,0.1222976013119274
"('4076212000', 'Instrumentation')",0.00022634676324128565,0.0,0.09937245552081693,6.584149401443943e-08,0.1030744788568709
"('0031237000', 'Polymer Science')",0.00022634676324128565,0.0,0.1332689813278634,0.00031243992248130165,0.14283803252227775
"('0015693000', 'Music')",0.0004526935264825713,0.0,0.14684570896762614,0.0002590556980077168,0.1600689794838713
"('0015693000', 'CEISMC')",0.0004526935264825713,0.0,0.14684570896762614,0.0002590556980077168,0.16006897948387136
"('0025734000', 'Environmental Studies Program')",0.000679040289723857,0.0,0.12810624293211936,2.9340919408743315e-06,0.13673950124516593
"('0030510000', 'Department of Geography')",0.000679040289723857,0.0,0.12810624293211936,2.9340919408743315e-06,0.13673950124516596
"('0025197000', 'Office of the Chancellor')",0.0015844273426889996,0.0,0.15176393803029783,0.0001478151134214284,0.16633284224954537
"('0025197000', 'Chemistry & Biochemistry')",0.0015844273426889996,0.0,0.15176393803029783,0.0001478151134214284,0.16633284224954537
"('0025197000', 'Psychology')",0.0015844273426889996,0.0,0.15176393803029783,0.0001478151134214284,0.1663328422495454
"('0025197000', 'College of Arts and Sciences')",0.0015844273426889996,0.0,0.15176393803029783,0.0001478151134214284,0.1663328422495454
"('0025197000', 'College of Arts & Sciences')",0.0015844273426889996,0.0,0.15176393803029783,0.0001478151134214284,0.1663328422495454
"('0025197000', 'Unknown Dept')",0.0015844273426889996,0.0,0.15176393803029783,0.0001478151134214284,0.1663328422495454
"('0025197000', 'Office of Diversity, Equity & Inclusion')",0.0015844273426889996,0.0,0.15176393803029783,0.0001478151134214284,0.1663328422495454
"('0018697000', 'Computer Science')",0.000679040289723857,0.0,0.12457703586735845,4.741237044912659e-06,0.13260799107335963
"('0010819000', 'School of Interdisciplinary Forensics')",0.00022634676324128565,0.0,0.14383851538336317,0.0006928699252778173,0.15916794588139002
"('0013508000', 'Atmospheric Science Department')",0.00022634676324128565,0.0,0.11612564068865817,9.241842585996398e-08,0.12313702971240269
"('0017392000', 'Computer Science Division / EECS Dept')",0.00022634676324128565,0.0,0.12454542891776844,1.2760981009401575e-06,0.13147810100866428
"('0026575000', 'Fish, Wildlife & Conservation Ecology')",0.000679040289723857,0.0,0.0990560749758974,7.862637969934631e-08,0.10478436135752563
"('0026575000', 'Dept of Fish, Wildlife & Conservation Ec')",0.000679040289723857,0.0,0.0990560749758974,7.862637969934631e-08,0.10478436135752563
"('6250042031', 'Department of Geosciences')",0.0004526935264825713,0.0,0.09863588667366212,2.776173341246182e-08,0.10325387185341578
"('6250042031', 'Center for Earth Evolution and Dynamics')",0.0004526935264825713,0.0,0.09863588667366212,2.776173341246182e-08,0.10325387185341577
"('0035303000', 'Art')",0.00022634676324128565,0.0,0.1253048953429009,2.0354823153112342e-05,0.13492307199867087
"('0029728000', 'Mechanical & Aerospace Engr')",0.0009053870529651426,0.0,0.13661523238195367,1.2102276330537567e-05,0.14689256030926404
"('0025684000', 'Mechanical Engineering')",0.0004526935264825713,0.0,0.09225307997494257,1.5280466753770666e-07,0.09625225151909444
"('P270035854', 'Unknown Dept')",0.0004526935264825713,0.0,0.09225307997494257,1.5280466753770666e-07,0.09625225151909444
"('6250038401', 'Unknown Dept')",0.0009053870529651426,0.0,0.12692119854060732,3.778760273145099e-06,0.13532851541848767
"('0036525000', 'Physics')",0.0009053870529651426,0.0,0.12692119854060732,3.778760273145099e-06,0.13532851541848767
"('0014316000', 'Department of Computer & Information Sci')",0.00022634676324128565,0.0,0.11706722488672196,9.038256031449814e-07,0.12362034091606247
"('0013144000', 'Sue & Bill Gross School of Nursing')",0.000679040289723857,0.0,0.11477411477411477,5.995136482533157e-07,0.12091040396801538
"('4005658000', 'Business Ventures and Innovation')",0.000679040289723857,0.0,0.11477411477411477,5.995136482533157e-07,0.12091040396801538
"('0026294000', 'SMLR')",0.0009053870529651426,0.0,0.1355921799711506,0.00012560710075963275,0.14774394033108323
"('0026294000', 'LSER')",0.0009053870529651426,0.0,0.1355921799711506,0.00012560710075963275,0.14774394033108318
"('0026294000', 'Human Resources Department')",0.0009053870529651426,0.0,0.1355921799711506,0.00012560710075963275,0.14774394033108323
"('7203579171', 'GreenFuture Technologies, Inc.')",0.0004526935264825713,0.0,0.1349213620400061,5.397420527286825e-06,0.144055136302759
"('7203580850', 'Unknown Dept')",0.0004526935264825713,0.0,0.1349213620400061,5.397420527286825e-06,0.14405513630275898
"('0039545000', 'School of Electrical Engineering')",0.0004526935264825713,0.0,0.13847793380140422,6.789974720762918e-05,0.1488755409873558
"('0039545000', 'Mechanical, Materials and Aerospace Engi')",0.0004526935264825713,0.0,0.13847793380140422,6.789974720762918e-05,0.14887554098735584
"('0028373000', 'Biological Sciences')",0.00022634676324128565,0.0,0.12893246950329773,4.334462064751292e-06,0.13905278050253086
"('0034017000', 'Mathematics')",0.00022634676324128565,0.0,0.11432859767616387,3.290043009535299e-06,0.12040456431300618
"('0010827000', 'Applied Physics and materials science')",0.0009053870529651426,0.0,0.11681032203479456,0.0003185746486796971,0.12514914132444588
"('0010827000', 'Chemistry And Biochemistry')",0.0009053870529651426,0.0,0.11681032203479456,0.0003185746486796971,0.12514914132444588
"('0021782000', 'Francis Bitter National Magnet Lab.')",0.0009053870529651426,0.0,0.12735291574183505,0.00011783918539490854,0.1371784413715146
"('0021782000', 'Department of Physics & MPC')",0.0009053870529651426,0.0,0.12735291574183505,0.00011783918539490854,0.1371784413715146
"('5300004468', 'Molecular Genetics and Microbiology')",0.00022634676324128565,0.0,0.11599149360707815,2.0351738797300236e-06,0.1235344078485773
"('0039545000', 'CREOL, the College of Optics & Photonics')",0.000679040289723857,0.0,0.0998372954894694,7.823649141034072e-08,0.10451893617319569
"('0015354000', 'Chemistry')",0.000679040289723857,0.0,0.0998372954894694,7.823649141034072e-08,0.10451893617319569
"('0015354000', 'Department of Medicine')",0.000679040289723857,0.0,0.0998372954894694,7.823649141034072e-08,0.10451893617319569
"('0027078000', 'DEPARTMENT OF STATISTICS')",0.00022634676324128565,0.0,0.12347680268306316,8.708016857854702e-06,0.1308465118956283
"('0025163000', 'Food Science')",0.00022634676324128565,0.0,0.1047813300445878,1.0276099203447239e-06,0.10971495358894348
"('0015982000', 'ECAM')",0.0004526935264825713,0.0,0.14474330832486976,0.0004762240436271782,0.15802453356210636
"('0015982001', 'Dept. of Sociology')",0.0004526935264825713,0.0,0.14474330832486976,0.0004762240436271782,0.15802453356210633
"('4008686000', 'Haystack Observatory')",0.00022634676324128565,0.0,0.10498550449123141,6.061414595670427e-06,0.1102657922678946
"('0028944000', 'Chemical Engineering')",0.00022634676324128565,0.0,0.11566656194365903,2.6488562601354286e-06,0.12270692281160724
"('0025171000', 'Electrical and Clomputer Engineering')",0.0004526935264825713,0.0,0.09079325935059597,7.600251959475855e-09,0.09440429562952707
"('0025171000', 'Dept. Electrical & Computer Engineering')",0.0004526935264825713,0.0,0.09079325935059597,7.600251959475855e-09,0.09440429562952707
"('0013706000', 'Archaeology')",0.00022634676324128565,0.0,0.11131267321743513,4.865754909951954e-07,0.11732810024990298
"('0027078000', 'LDEO')",0.000679040289723857,0.0008352914983672501,0.13260099645837084,3.869041703867123e-06,0.14176383573169365
"('0027078000', 'LDEO-Biology Paleoenvironment')",0.00022634676324128565,0.0,0.11707963429177157,3.6625873556967287e-07,0.12295358431619156
"('5300017434', 'Dean of Instruction/Mathematics Dept.')",0.0004526935264825713,0.0,0.15073868095124365,2.3311452014456278e-05,0.16386206846822393
"('0021782000', 'Chemical Engineering')",0.0011317338162064282,0.0004526935264825713,0.12539024805585514,0.003759660569423037,0.13498794373874196
"('6250030884', 'Unknown Dept')",0.0009053870529651426,0.0,0.1253866893713637,0.003729180939425799,0.13487477035712137
"('4019519000', 'Unknown Dept')",0.0009053870529651426,0.0,0.1253866893713637,0.003729180939425799,0.13487477035712134
"('0020834000', 'Computer Science')",0.00022634676324128565,0.0,0.11479797323632585,7.047346165471315e-07,0.12284384255548293
"('4007712000', 'Center for Technology in Learning')",0.0009053870529651426,0.0,0.1129923273657289,1.0464559125903082e-05,0.12055070314696634
"('0290429000', 'Workforce Institute')",0.0009053870529651426,0.0,0.1129923273657289,1.0464559125903082e-05,0.12055070314696634
"('0012823000', 'Unknown Dept')",0.0009053870529651426,0.0,0.1129923273657289,1.0464559125903082e-05,0.12055070314696636
"('0020107000', 'Mechanical and Industrial Engineering')",0.000679040289723857,0.0018278622917125402,0.12004129985871101,2.471499424961868e-06,0.12783452181086802
"('0022210000', 'Computer Science Department')",0.000679040289723857,0.0,0.1138659793814433,6.724130035728028e-05,0.12113367109372696
"('0022210000', 'Anthropology')",0.000679040289723857,0.0,0.1138659793814433,6.724130035728028e-05,0.12113367109372696
"('0016105000', 'Ocean and Resources Engineering')",0.00022634676324128565,0.0,0.09704984293653758,1.3154869643810338e-08,0.10105207171702986
"('0033795000', 'Chemical Engineering')",0.0009053870529651426,0.0,0.12269495667629415,2.0022530447621414e-05,0.13043987373118845
"('0015982001', 'Engineering')",0.0009053870529651426,0.0,0.12269495667629415,2.0022530447621414e-05,0.13043987373118845
"('5300011992', 'National Renewable Energy Laboratory')",0.0009053870529651426,0.0,0.12269495667629415,2.0022530447621414e-05,0.13043987373118845
"('0020834000', 'Industrial and Systems Engineering')",0.00022634676324128565,0.0,0.12556130279088273,1.6418253336916174e-06,0.13379523970571916
"('0023879000', 'Technology Commercialization')",0.00022634676324128565,0.0,0.10404107008289375,1.215584137365651e-07,0.10949176085766164
"('0013177000', 'UC San Diego')",0.0004526935264825713,0.0,0.11775681006450238,1.2044202179760516e-06,0.12379695495641597
"('0013177000', 'Linguistics')",0.0004526935264825713,0.0,0.11775681006450238,1.2044202179760516e-06,0.12379695495641597
"('4101697000', 'VP 62')",0.00022634676324128565,0.0,0.10126524250481342,3.622434670432944e-08,0.10706658443323701
"('0010819000', 'Natural History Collections, School of L')",0.00022634676324128565,0.0,0.1135878647641085,1.698133595182455e-06,0.12031775502803022
"('5300008543', 'School of Industrial & Systems Engr')",0.000679040289723857,0.0,0.15123921676023552,0.0003012519116473612,0.16589731944530325
"('0020040000', 'Unknown Dept')",0.000679040289723857,0.0,0.13094638252467472,6.932356744557526e-05,0.14067261990813323
"('0020297000', 'Center for Bioenvironmental Research')",0.000679040289723857,0.0,0.13094638252467472,6.932356744557526e-05,0.14067261990813323
"('6250037136', 'Mechanical Engineering')",0.000679040289723857,0.0,0.13094638252467472,6.932356744557526e-05,0.14067261990813323
"('0037283001', 'Academic Affairs')",0.0009053870529651426,0.0,0.12918506389075704,1.300693604706399e-05,0.13748767956554223
"('0026633000', 'Dept of Earth & Planetary Sciences')",0.0004526935264825713,0.0,0.11599453896240286,2.2559627810385883e-06,0.12364758123019795
"('0026633000', 'Electrical & Computer Engineering')",0.0004526935264825713,0.0,0.11599453896240286,2.2559627810385883e-06,0.12364758123019795
"('4006680000', 'Statistican')",0.0004526935264825713,0.0,0.11287396847295675,6.833653604686754e-06,0.1195213584388542
"('0033290000', 'Curriculum and Instruction')",0.00022634676324128565,0.0,0.12524450744153082,1.9575615909735046e-05,0.1360281941678556
"('0017756000', 'Industrial and Enterprise Systems Eng.')",0.0004526935264825713,0.0,0.12375696798229642,5.7511302753353e-06,0.13163257320115568
"('0029728000', 'Mechanical and Aerospace Engr')",0.0009053870529651426,0.0,0.13661523238195367,1.2102276330537567e-05,0.14689256030926404
"('0013151000', 'Graduate Division')",0.000679040289723857,0.0,0.10149322306455318,2.1117212927644537e-07,0.10625461221452033
"('0013151000', 'Epidemiology')",0.000679040289723857,0.0,0.10149322306455318,2.1117212927644537e-07,0.10625461221452033
"('0010819000', 'The Biodesign Institute')",0.0004526935264825713,0.0,0.1271696266658991,0.00023976649380584808,0.13754712668248123
"('0014266000', 'Peabody Museum of Natural History')",0.00022634676324128565,0.0,0.11753125831338122,4.647697245134011e-07,0.12305945675366821
"('0039859000', 'Computing and Mathematics')",0.0009053870529651426,0.0,0.12302979671400724,2.7150377723696618e-06,0.13237660959730338
"('0034744000', 'Information Technology Services')",0.0009053870529651426,0.0,0.12302979671400724,2.7150377723696618e-06,0.13237660959730338
"('4000345000', 'Department of Physics & Astronomy')",0.0009053870529651426,0.0,0.12591199270405837,1.9070262292099385e-05,0.13480869766519318
"('0500330000', 'College of Science & Math.')",0.0009053870529651426,0.0,0.12591199270405837,1.9070262292099385e-05,0.13480869766519318
"('4001434000', 'ODI Programs')",0.0009053870529651426,0.0,0.12591199270405837,1.9070262292099385e-05,0.13480869766519318
"('0026294000', 'Educational Psychology')",0.00022634676324128565,0.0,0.1106380847440649,8.7515548190766e-07,0.1162944227081902
"('0023879000', 'Information & Decision Sciences')",0.0009053870529651426,0.0,0.13609339863844994,0.004262796614148822,0.14754227652031948
"('0031005000', 'Unknown Dept')",0.0011317338162064282,0.0009051820751401561,0.09941494149414941,1.577635721059174e-06,0.10490200187028477
"('0031005000', 'School of Electrical Eng. & Computer Sci')",0.0004526935264825713,0.0,0.09042901588341248,1.6404206675410365e-07,0.09430390001661315
"('0031005000', 'Electrical Engineering Computer Science')",0.0004526935264825713,0.0,0.09042901588341248,1.6404206675410365e-07,0.09430390001661315
"('0029843000', 'Chemistry and Biochemistry')",0.0004526935264825713,0.0,0.12649239843101326,6.545186497272206e-05,0.13516067478517185
"('0029843000', 'Foreign Languages and Literatures')",0.0004526935264825713,0.0,0.12649239843101326,6.545186497272206e-05,0.13516067478517185
"('0011502001', 'Teaching Credentials')",0.000679040289723857,0.0,0.09070564805880059,6.12962246213826e-09,0.0957641692544675
"('0011502001', 'Teacher Preparation')",0.000679040289723857,0.0,0.09070564805880059,6.12962246213826e-09,0.09576416925446748
"('0014449000', 'Division of Infectious Diseases')",0.0009053870529651426,1.3665188332429892e-07,0.11608597403962373,3.384871490562574e-07,0.12275029483840998
"('0021287000', 'Psychology')",0.00022634676324128565,0.0,0.10647322504458476,6.373535114001923e-06,0.11204091252439465
"('0035303000', 'Physics and Astronomy')",0.00022634676324128565,0.0,0.11113347084570106,6.748908335949999e-07,0.11776300718945047
"('0021030000', 'Materials Science and Engineering')",0.00022634676324128565,0.0,0.09796008869179601,1.6869339031693358e-07,0.1027087678199262
"('0013201000', 'Department of Earth Science')",0.0009053870529651426,0.0,0.130833925610045,3.499518806180142e-05,0.1407538735345424
"('0026294000', 'Marine & Coastal Sciences')",0.0009053870529651426,0.0,0.130833925610045,3.499518806180142e-05,0.1407538735345424
"('0021154000', 'Department of Geology')",0.0009053870529651426,0.0,0.130833925610045,3.499518806180142e-05,0.1407538735345424
"('7203597026', 'Unknown Dept')",0.0004526935264825713,0.0,0.11263799301430283,4.635114542249746e-05,0.11928789221914873
"('6250025863', 'Unknown Dept')",0.000679040289723857,0.0,0.11876344086021505,3.4162843337886335e-06,0.1272612519641716
"('0010520000', 'Biology')",0.0004526935264825713,0.0,0.11434931152293198,6.368312661749606e-07,0.12147296731634144
"('0034017000', 'Molecular, Cellular Biology Biochemistry')",0.0004526935264825713,0.0,0.11434931152293198,6.368312661749606e-07,0.12147296731634144
"('0036137000', 'Physics')",0.0009053870529651426,0.0,0.12462271868212463,6.712667474663831e-06,0.13311057780557514
"('0001289000', 'Physics')",0.0009053870529651426,0.0,0.12462271868212463,6.712667474663831e-06,0.13311057780557514
"('0017392000', 'Physics and Astronomy')",0.0009053870529651426,0.0,0.12462271868212463,6.712667474663831e-06,0.13311057780557514
"('0020776000', 'Psychological and Brain Sciences')",0.000679040289723857,0.0,0.12019152293378312,3.2693392972249613e-06,0.12858681011408446
"('0020776000', 'Psychology and Brain Sciences')",0.000679040289723857,0.0,0.12019152293378312,3.2693392972249613e-06,0.12858681011408446
"('0015354000', 'Computer & Information Science & Enginee')",0.00022634676324128565,0.0,0.12288265235168136,9.1352714091662e-06,0.13002557863038275
"('0015354000', 'Computer and Information Science and Eng')",0.0011317338162064282,0.0004526935264825713,0.14009386098427196,9.630388465755438e-05,0.15157019430446286
"('0019281000', 'Landscape Arch./ Reg & Comm. Planning')",0.0004526935264825713,0.0,0.10958972069256338,3.0252643733985613e-07,0.11605856784903604
"('0019281000', 'Electrical & Computer Engineering')",0.0004526935264825713,0.0,0.10958972069256338,3.0252643733985613e-07,0.11605856784903604
"('5300016229', 'Unknown Dept')",0.000679040289723857,0.0,0.11608902435819954,1.523102262584665e-06,0.12406677978669499
"('0015354000', 'Department of Mathematics')",0.00022634676324128565,0.0,0.09306930693069307,3.843862915798676e-07,0.09691199667166786
"('0015644000', 'Wallace H. Coulter Department of Biomedi')",0.00022634676324128565,0.0,0.10533091741369445,8.580296907169874e-08,0.11020991983381676
"('0015982001', 'Geology')",0.0004526935264825713,0.0,0.0980905861456483,1.730820308653189e-08,0.1032078393805464
"('0015982001', 'University of Georgia')",0.0004526935264825713,0.0,0.0980905861456483,1.730820308653189e-08,0.1032078393805464
"('7203581410', 'Unknown Dept')",0.00022634676324128565,0.0,0.11872833301980597,2.7337226526732537e-06,0.12676706153109482
"('0013144000', 'Nursing')",0.0004526935264825713,0.0,0.12386452842884378,4.1657786565441844e-06,0.1331463563723633
"('0026120000', 'Unknown Dept')",0.00022634676324128565,0.0,0.11186509343191371,1.6183274586097476e-07,0.11705886213249048
"('0011312000', 'High Energy Physics')",0.0009053870529651426,0.0,0.13605567873860558,9.691185073427077e-06,0.14740396103569384
"('0013151000', 'Department of Computer Science')",0.0009053870529651426,0.0,0.13605567873860558,9.691185073427077e-06,0.14740396103569384
"('0037499000', 'Computational and Data Sciences')",0.0004526935264825713,0.0,0.13329310604917785,8.989663938213771e-05,0.14351882085019105
"('0039545000', 'Philosophy/Texts&Technology')",0.0004526935264825713,0.0,0.10490324112548972,1.1187955482070878e-07,0.11038404375754078
"('0039545000', 'Dept. of Chemistry & CREOL')",0.0004526935264825713,0.0,0.10490324112548972,1.1187955482070878e-07,0.11038404375754078
"('0010835000', 'Teaching, Learning, Sociocultural Stds')",0.0009053870529651426,0.0,0.11660068619688572,1.02240729144762e-05,0.12577343584836212
"('0025064000', 'Communication')",0.0009053870529651426,0.0,0.11660068619688572,1.02240729144762e-05,0.1257734358483621
"('0017756000', 'Illinois Natural History Survey')",0.000679040289723857,0.0,0.08770049229791964,4.29610398807076e-10,0.09082220610569118
"('0023879000', 'Department of Plant Biology')",0.000679040289723857,0.0,0.08770049229791964,4.29610398807076e-10,0.09082220610569118
"('0023259000', 'EEB')",0.000679040289723857,0.0,0.08770049229791964,4.29610398807076e-10,0.09082220610569118
"('0038950000', 'Industrial Engineering')",0.0009053870529651426,0.0,0.14197570537952311,9.926961346116559e-05,0.15380290827325593
"('0038950000', 'Institute for Research on Poverty')",0.0009053870529651426,0.0,0.14197570537952311,9.926961346116559e-05,0.15380290827325593
"('0038950000', 'La Follette School of Public Affairs')",0.0009053870529651426,0.0,0.14197570537952311,9.926961346116559e-05,0.15380290827325588
"('0013714000', 'Computer Science')",0.000679040289723857,0.0,0.11417495800491019,1.9600458332840408e-07,0.12147405842233756
"('0013169000', 'Botany and Plant Sciences')",0.00022634676324128565,0.0,0.1020323325635104,1.457919885253104e-07,0.10633761234578575
"('0028373000', 'MDI')",0.00022634676324128565,0.0,0.1309386206692155,5.6235228770364536e-05,0.140446273144892
"('0014449000', 'CASHP')",0.000679040289723857,0.0,0.10403862004003298,3.301574269452344e-08,0.10889786925951253
"('P269987254', 'Unknown Dept')",0.000679040289723857,0.0,0.10403862004003298,3.301574269452344e-08,0.10889786925951253
"('P270030420', 'Unknown Dept')",0.00022634676324128565,0.0,0.1228963253498011,1.7842471296550933e-06,0.1306054497034579
"('0010579000', 'Earth Sciences')",0.001358080579447714,0.0,0.12937421300770155,1.1002023454907632e-05,0.13874537074514404
"('0020024000', 'Geography & Geology')",0.001358080579447714,0.0,0.12937421300770155,1.1002023454907632e-05,0.138745370745144
"('6250040169', 'USGS Wetland and Aquatic Research Center')",0.001358080579447714,0.0,0.12937421300770155,1.1002023454907632e-05,0.13874537074514404
"('0020107000', 'Mechanical & Industrial Engineering')",0.0004526935264825713,0.0,0.12000217296827466,2.4512586661654627e-06,0.12757045058708655
"('6250018616', 'Applied Sciences and Technology Div')",0.0009053870529651426,0.0,0.1257256687535572,1.1230027257387713e-06,0.13478858949909833
"('0022814000', 'Unknown Dept')",0.0009053870529651426,0.0,0.1257256687535572,1.1230027257387713e-06,0.13478858949909833
"('0022814000', 'Engineering and Advanced Technology')",0.0009053870529651426,0.0,0.1257256687535572,1.1230027257387713e-06,0.1347885894990983
"('0001057000', 'H. John Heinz III College')",0.00022634676324128565,0.0,0.11579388792787126,0.0001270556747037604,0.12245050954025578
"('0034710000', 'Plant Sciences')",0.0004526935264825713,0.0,0.10038171407797873,7.019302896229985e-08,0.10475588840100143
"('0034710000', 'Plant Science')",0.0004526935264825713,0.0,0.10038171407797873,7.019302896229985e-08,0.10475588840100143
"('0010819000', 'Electrical  Engineering')",0.0009053870529651426,0.0,0.13510290205192502,7.486601822423131e-05,0.14619627832054194
"('0010819000', 'Electrical, Computer, and Energy Enginee')",0.0009053870529651426,0.0,0.13510290205192502,7.486601822423131e-05,0.14619627832054194
"('0015982001', 'Biochemistry and Molecular Biology')",0.0009053870529651426,0.0,0.14479074492839117,0.0006626193864124741,0.15849608931885897
"('0015982001', 'Dept of Math & Science Education')",0.0009053870529651426,0.0,0.14479074492839117,0.0006626193864124741,0.15849608931885897
"('0013284000', 'Electrical and Computer Engineering')",0.000679040289723857,0.0,0.13146070759068051,9.562620727556757e-06,0.14174055975210287
"('0015354000', 'CISE')",0.000679040289723857,0.0,0.13146070759068051,9.562620727556757e-06,0.14174055975210284
"('0013144000', 'Department of Physics and Astronomy')",0.0009053870529651426,0.0,0.12394097514447625,5.22288459860531e-06,0.13325668817124187
"('0013144000', 'Materials Science and Engineering')",0.0009053870529651426,0.0,0.12394097514447625,5.22288459860531e-06,0.1332566881712419
"('0020776000', 'Hopkins Extreme Materials Institute (HEM')",0.0009053870529651426,0.0,0.12394097514447625,5.22288459860531e-06,0.13325668817124187
"('0033290000', 'School of Engineering Design and Mechani')",0.0004526935264825713,0.0,0.1314137838722151,8.168709499715986e-05,0.141294666803946
"('0033290000', 'School of Engineering Design, Technology')",0.0004526935264825713,0.0,0.1314137838722151,8.168709499715986e-05,0.14129466680394598
"('6250031759', 'Unknown Dept')",0.0009053870529651426,0.0,0.13260497643845484,2.4576677818059797e-05,0.14365621928998973
"('6250022829', 'Emerging Technologies Program Ofice')",0.0009053870529651426,0.0,0.13260497643845484,2.4576677818059797e-05,0.14365621928998973
"('0013177010', 'SIO CASPO')",0.0004526935264825713,0.0,0.11683812445455266,5.230230038603646e-07,0.12364514603649887
"('0036046000', 'Chemical & Biomolecular Engineering (CHB')",0.000679040289723857,0.0,0.14900003372567536,2.158632037848697e-05,0.16091812782057122
"('0036046000', 'Materials Science and NanoEngineering')",0.000679040289723857,0.0,0.14900003372567536,2.158632037848697e-05,0.1609181278205712
"('0036046000', 'Physics and Astronomy')",0.000679040289723857,0.0,0.14900003372567536,2.158632037848697e-05,0.1609181278205712
"('0023259000', 'Gerald R. Ford School of Public Policy')",0.000679040289723857,0.0,0.10028145996005085,5.702364562563381e-07,0.10552405853879557
"('0023259000', 'Electrical Engr & Computer Science')",0.000679040289723857,0.0,0.10028145996005085,5.702364562563381e-07,0.10552405853879558
"('0023259000', 'UMTRI')",0.000679040289723857,0.0,0.10028145996005085,5.702364562563381e-07,0.10552405853879557
"('4003110000', 'Corporate Headquarters')",0.0011317338162064282,0.0,0.08853707414829659,3.391566678138576e-09,0.09255460576721931
"('4003110000', 'National OIR Astronomy Research Lab')",0.0011317338162064282,0.0,0.08853707414829659,3.391566678138576e-09,0.09255460576721931
"('4003110000', 'US-ELT Program')",0.0011317338162064282,0.0,0.08853707414829659,3.391566678138576e-09,0.09255460576721936
"('6250008359', 'Unknown Dept')",0.0011317338162064282,0.0,0.08853707414829659,3.391566678138576e-09,0.09255460576721931
"('7203579934', 'Unknown Dept')",0.0011317338162064282,0.0,0.08853707414829659,3.391566678138576e-09,0.09255460576721934
"('0010819000', 'Civil and Sustainable Engineering')",0.0004526935264825713,0.0,0.1356504651662624,0.00013203264308571275,0.14766362541939598
"('5300010311', 'Energy Sciences Network')",0.0004526935264825713,0.0,0.12370498963991712,2.0224373262093253e-05,0.13231896743666713
"('7203579767', 'Unknown Dept')",0.0004526935264825713,0.0,0.12370498963991712,2.0224373262093253e-05,0.1323189674366671
"('0013144000', 'Planning, Policy, and Design')",0.0009053870529651426,0.0,0.1080565474734628,3.25453175186936e-07,0.11398058576046903
"('5300016440', 'Unknown Dept')",0.0009053870529651426,0.0,0.1080565474734628,3.25453175186936e-07,0.11398058576046902
"('0013706000', 'Chemistry & Biochemistry, CIMB')",0.0009053870529651426,0.0,0.13896577755410167,4.643082302835409e-06,0.1498712789398612
"('0013706000', 'Applied Math')",0.0009053870529651426,0.0,0.13896577755410167,4.643082302835409e-06,0.14987127893986119
"('0013706000', 'Molecular, Cellular & Dev. Biology')",0.0009053870529651426,0.0,0.13896577755410167,4.643082302835409e-06,0.1498712789398612
"('0022905000', 'Department of Horticulture')",0.0004526935264825713,0.0,0.13618149312619443,0.00011514241304361007,0.15078078351302113
"('0011478001', 'Department of Mathematics')",0.0009053870529651426,0.0,0.08910671426554527,7.645014450719606e-09,0.09372730965692547
"('0011478001', 'Civil and Geomatics Engineering')",0.0009053870529651426,0.0,0.08910671426554527,7.645014450719606e-09,0.09372730965692543
"('0011478001', 'Plant Science')",0.0009053870529651426,0.0,0.08910671426554527,7.645014450719606e-09,0.09372730965692545
"('4018560000', 'Unknown Dept')",0.000679040289723857,0.0,0.11985892566467715,1.652120682952086e-05,0.12931598343782377
"('0022905000', 'Education Administration')",0.000679040289723857,0.0,0.11985892566467715,1.652120682952086e-05,0.12931598343782377
"('0022905000', 'Economics')",0.000679040289723857,0.0,0.11985892566467715,1.652120682952086e-05,0.12931598343782377
"('0015362010', 'Marine & Atmospheric Chemistry')",0.000679040289723857,0.0,0.13251349730053988,4.022530249130043e-06,0.1428328487065464
"('0100511000', 'CAPP/ACE')",0.0009053870529651426,0.0,0.1412268644311607,3.078354998593125e-05,0.15397765744642022
"('0100511000', 'Unknown Dept')",0.0009053870529651426,0.0,0.1412268644311607,3.078354998593125e-05,0.15397765744642022
"('6250024402', 'Unknown Dept')",0.00022634676324128565,0.0,0.11142215833144183,0.00035409865095066935,0.11764473977529473
"('0010835000', 'Optical Sciences')",0.000679040289723857,0.0,0.10653227556605821,1.3439397661250538e-07,0.11307548697437525
"('7203580428', 'Advanced Missile Systems')",0.000679040289723857,0.0,0.10653227556605821,1.3439397661250538e-07,0.11307548697437525
"('0025684000', 'Computer Science')",0.00022634676324128565,0.0,0.10815177478580171,1.1484870696725972e-06,0.114879201191501
"('0036772000', 'School of Teacher Education & Leadership')",0.0004526935264825713,0.0,0.09680105170902717,4.075210265719447e-07,0.10198046777632494
"('0001966000', 'Electrical and Computer Engineering')",0.00022634676324128565,0.0,0.11159383682748168,2.5789000020694507e-07,0.1168311298630436
"('0011510001', 'Department of Biological Sciences')",0.00022634676324128565,0.0,0.11397172634403055,5.42045859448967e-06,0.12045986902539614
"('0036046000', 'Department of BioSciences')",0.0009053870529651426,0.0,0.09900280112044818,9.906871881802564e-08,0.1043044253661559
"('0014803000', 'School of the Environment')",0.0009053870529651426,0.0,0.09900280112044818,9.906871881802564e-08,0.1043044253661559
"('0037663000', 'Biology')",0.0009053870529651426,0.0,0.09900280112044818,9.906871881802564e-08,0.1043044253661559
"('0035691000', ""Dean's Office"")",0.00022634676324128565,0.0,0.12145370574004838,2.5195325788718538e-05,0.12861566303418456
"('0031310000', 'College of Graduate Studies')",0.0004526935264825713,0.0,0.09402400612922449,1.1942907140503713e-08,0.09807519270756618
"('0021048000', 'Center for Shock, Trauma and Anesthesiol')",0.00022634676324128565,0.0,0.11713240362691553,0.0025957471616851247,0.12460561474788012
"('0010819000', 'Department of Anthropology')",0.0004526935264825713,0.0,0.1118311142611249,1.888621961983927e-05,0.11869529230891722
"('0024414000', 'Polymer Science')",0.00022634676324128565,0.0,0.12320477425471987,7.871191530797883e-06,0.13040598421393546
"('0014449000', 'Department of Anthropology')",0.00022634676324128565,0.0,0.1040312706037487,2.6719533647951383e-08,0.10863379803573103
"('4003646000', 'Unknown Dept')",0.00022634676324128565,0.0,0.11760634616408454,2.9690311414043978e-05,0.12393774269340108
"('0025734000', 'Anthropology')",0.00022634676324128565,0.0,0.12855355428172374,7.211061872969024e-06,0.1364222691322052
"('0021030000', 'Electrical and Computer Engineering')",0.00022634676324128565,0.0,0.11713240362691553,0.0025957471616851247,0.12460561474788012
"('0029728000', 'Department of Entomology')",0.000679040289723857,0.0,0.14840443399395364,5.166012303087887e-05,0.16167994019963153
"('0029728000', 'Entomology')",0.000679040289723857,0.0,0.14840443399395364,5.166012303087887e-05,0.16167994019963153
"('0029728000', 'Entomology and Plant Pathology')",0.000679040289723857,0.0,0.14840443399395364,5.166012303087887e-05,0.16167994019963153
"('0013177010', 'Earth & Planetary Sciences')",0.00022634676324128565,0.0,0.10485842451285216,1.1700817520072849e-07,0.10974293260079147
"('0013193000', 'Neurology')",0.000679040289723857,0.0,0.09286389910667367,3.959347763500015e-09,0.09702365487191146
"('0013193000', 'Pediatrics')",0.000679040289723857,0.0,0.09286389910667367,3.959347763500015e-09,0.09702365487191145
"('9000167000', 'Computing Directorate')",0.000679040289723857,0.0,0.09286389910667367,3.959347763500015e-09,0.09702365487191142
"('0034488000', 'Department of Mathematics')",0.0004526935264825713,0.0,0.11845139149552254,3.893870267046542e-07,0.12481300356753017
"('0034256000', 'School of Mathematical and Statistical S')",0.0004526935264825713,0.0,0.11845139149552254,3.893870267046542e-07,0.1248130035675302
"('0034587000', 'Physics')",0.0009053870529651426,0.0,0.09880574316768798,4.1146616423735486e-08,0.10394671973502671
"('0037457000', 'Department of Physics')",0.0009053870529651426,0.0,0.09880574316768798,4.1146616423735486e-08,0.10394671973502671
"('0037465000', 'Physics')",0.0009053870529651426,0.0,0.09880574316768798,4.1146616423735486e-08,0.10394671973502671
"('0018408000', 'Department of Chemistry and Biochemistry')",0.00022634676324128565,0.0,0.12298527405840269,2.4040093470215327e-06,0.12938007304802185
"('0034348000', 'Integrative Research in the Sciences')",0.0004526935264825713,0.0,0.09991180261878378,2.9414450131151957e-08,0.1052259355900368
"('0034348000', 'Academic Affairs & Psychology')",0.0004526935264825713,0.0,0.09991180261878378,2.9414450131151957e-08,0.1052259355900368
"('0015354000', 'Comp. & Info. Science and Engr')",0.0004526935264825713,0.0,0.1308416750577504,6.182578884828579e-06,0.1400510114351212
"('0010819000', 'Computer Science Engineering')",0.0004526935264825713,0.0,0.1308416750577504,6.182578884828579e-06,0.1400510114351212
"('0010819000', 'Social and Behavioral Sciences')",0.0004526935264825713,0.0,0.1444168410041841,0.0001300925607155952,0.16221036646568457
"('0035352000', 'Economics')",0.00022634676324128565,0.0,0.13630754041712945,6.329968419118163e-05,0.14787206845264708
"('0013284000', 'Iovine and Young Academy')",0.0009053870529651426,0.0,0.14608822167846042,0.0003819378715533754,0.15848545976431805
"('6250019456', 'Neurology')",0.0009053870529651426,0.0,0.14608822167846042,0.0003819378715533754,0.15848545976431802
"('0010819000', 'School of Human Evol. & Social Change')",0.00022634676324128565,0.0,0.1118396071184467,1.6160300949276033e-05,0.11873301676945745
"('0028365000', 'Chemistry')",0.0004526935264825713,0.0,0.11127902876429399,1.6865154274201396e-07,0.11678220603872252
"('0028365000', 'Physics')",0.0004526935264825713,0.0,0.11127902876429399,1.6865154274201396e-07,0.11678220603872255
"('0033787000', 'Neuroscience and Bioengineering')",0.000679040289723857,0.0,0.11737201455859303,5.909680058720625e-07,0.12710822097671945
"('0001057000', 'Psychology and CNBC')",0.000679040289723857,0.0,0.11737201455859303,5.909680058720625e-07,0.12710822097671945
"('0013136000', 'Graduate School of Management')",0.00022634676324128565,0.0,0.11872833301980597,2.7337226526732537e-06,0.12676706153109482
"('0027110000', 'Horticulture')",0.0009053870529651426,0.0,0.10234432913269088,5.4774269412458605e-08,0.10835397147891994
"('0027110001', 'Department of Crop & Soil Science')",0.0009053870529651426,0.0,0.10234432913269088,5.4774269412458605e-08,0.10835397147891992
"('0027110000', 'Plant Breeding and Genetics')",0.0009053870529651426,0.0,0.10234432913269088,5.4774269412458605e-08,0.10835397147891994
"('0027110000', 'Mechanical & Aero Engineering')",0.0009053870529651426,0.0,0.10234432913269088,5.4774269412458605e-08,0.10835397147891994
"('0036582000', 'ICES')",0.000679040289723857,0.0,0.15536097337975174,8.95497259713017e-05,0.16943080748535608
"('0036582000', 'Department of Computer Science')",0.000679040289723857,0.0,0.15536097337975174,8.95497259713017e-05,0.16943080748535608
"('0010512000', 'Geography')",0.000679040289723857,0.0,0.11667150817334354,1.262261475312308e-06,0.12277308602568822
"('0010512000', 'Department of Geography')",0.000679040289723857,0.0,0.11667150817334354,1.262261475312308e-06,0.12277308602568822
"('0021998000', 'Biology & Mathematics')",0.00022634676324128565,0.0,0.13398435130709044,5.515373415706962e-05,0.14440010155831742
"('0016204000', 'Department of Geosciences')",0.0004526935264825713,0.0,0.12307435161712678,4.813029515878051e-06,0.13270654913616123
"('0016204000', 'Geosciences')",0.0004526935264825713,0.0,0.12307435161712678,4.813029515878051e-06,0.13270654913616123
"('0021626000', 'Bell Center for Regerative Biology and T')",0.00022634676324128565,0.0,0.13562964327377663,0.00011603631024663395,0.14739955419561449
"('0027110000', 'Department of Physics')",0.00022634676324128565,0.0,0.08485709895513215,2.455686330056105e-10,0.08749926207721635
"('0020776000', 'Chemical & Biomolecular Engineering')",0.00022634676324128565,0.0,0.11492937228480009,2.0931351436222605e-06,0.12224861122169542
"('0013284000', 'ECE-Electrophysics')",0.0004526935264825713,0.0,0.1325055485573751,0.0037951568877211436,0.14363507198500325
"('0029207000', 'Duke University')",0.00022634676324128565,0.0,0.09687321843617068,1.0411852126430087e-08,0.10065587038731441
"('0013268000', 'Electrical and Computer Engineering')",0.00022634676324128565,0.0,0.11101618253090763,7.389008504275562e-06,0.11742360073302274
"('0018408000', 'Department of Chemistry')",0.00022634676324128565,0.0,0.13969518750395243,2.2128418510381473e-05,0.1492716471949153
"('0023259000', 'Civil & Environmental Engineering')",0.0009053870529651426,0.0,0.1475913676755529,2.7391842583405793e-05,0.15973872651667964
"('0023259000', 'Industrial & Operations Engineering')",0.0009053870529651426,0.0,0.1475913676755529,2.7391842583405793e-05,0.15973872651667964
"('5300012004', 'Unknown Dept')",0.000679040289723857,0.0,0.14685547134689536,0.000311111530546026,0.16021987732603218
"('5300012004', 'Quantum Systems Division')",0.000679040289723857,0.0,0.14685547134689536,0.000311111530546026,0.16021987732603218
"('0026633000', 'Biological Sciences')",0.0009053870529651426,0.0,0.11824532291304231,6.812626701422314e-07,0.12558361926288544
"('0026633000', 'Pediatrics')",0.0009053870529651426,0.0,0.11824532291304231,6.812626701422314e-07,0.12558361926288544
"('0026633000', 'Internal Medicine')",0.0009053870529651426,0.0,0.11824532291304231,6.812626701422314e-07,0.12558361926288544
"('0034256000', 'Computer Science')",0.0004526935264825713,0.0,0.130872682030926,0.00010011578498226648,0.14055029146699535
"('0034256000', 'South Carolina Botanical Garden')",0.0004526935264825713,0.0,0.130872682030926,0.00010011578498226648,0.14055029146699535
"('0031278000', 'Chemistry')",0.00022634676324128565,0.0,0.10526817412852343,9.047194732887887e-07,0.11028853298445432
"('0014696000', 'College of Engineeering & Science')",0.0009053870529651426,0.0,0.14008941877794337,9.551222127169449e-05,0.15145702092284222
"('P270041907', 'Unknown Dept')",0.0009053870529651426,0.0,0.14008941877794337,9.551222127169449e-05,0.15145702092284222
"('0037457000', 'Department of Electrical Engineering')",0.0011317338162064282,0.004130264900621665,0.15246048726620196,0.00015001575249756058,0.16752387117937073
"('6250005608', 'Unknown Dept')",0.0009053870529651426,0.0,0.14393692578354075,0.00013586637745518546,0.15695484599400275
"('6250041667', 'Unknown Dept')",0.00022634676324128565,0.0,0.10959243916354526,6.161434670548995e-07,0.11460463075730042
"('0014449000', 'Decision Sciences')",0.000679040289723857,0.0,0.11607377436813619,3.083390606674031e-07,0.12252394807516873
"('0014449000', 'Law School')",0.0011317338162064282,2.2205931040198575e-07,0.11608902435819954,3.6529350267843147e-07,0.12286346822003062
"('0013201000', 'Bren School of Envir. Sci. & Management,')",0.00022634676324128565,0.0,0.11254043864788445,4.088904678684991e-07,0.1202560962147403
"('0027854000', 'Courant Institute')",0.00022634676324128565,0.0,0.11050801670877211,1.4607025358967134e-06,0.11594943617068897
"('0052209000', 'Division of Natural Sciences and Enginee')",0.0009053870529651426,0.0,0.12262003885650846,6.204189734478487e-06,0.1323635473615162
"('0052209000', 'School of Science Math and Engineering')",0.0009053870529651426,0.0,0.12262003885650846,6.204189734478487e-06,0.13236354736151618
"('0052209000', 'Biotech')",0.0009053870529651426,0.0,0.12262003885650846,6.204189734478487e-06,0.13236354736151618
"('0052209000', 'EDMT')",0.0009053870529651426,0.0,0.12262003885650846,6.204189734478487e-06,0.13236354736151618
"('0023879000', 'Department of Mechanical Enigneering')",0.0009053870529651426,0.0,0.11469068819604891,3.0371697599043627e-06,0.12316609949771636
"('4004842000', 'Surgery Burn & Trauma')",0.0009053870529651426,0.0,0.11469068819604891,3.0371697599043627e-06,0.12316609949771636
"('0023879000', 'Curriculum and Instruction')",0.0009053870529651426,0.0,0.11469068819604891,3.0371697599043627e-06,0.12316609949771636
"('0013128000', 'Materials Science & Bioeng')",0.0009053870529651426,0.0,0.11469068819604891,3.0371697599043627e-06,0.12316609949771636
"('0037549000', 'Materials Science and Engineering')",0.0009053870529651426,0.0,0.14458225611152928,5.049972569099882e-05,0.15638696598406795
"('0035352000', 'Electrical Engineering and Computer Sci')",0.0011317338162064282,0.0,0.1440871436957798,5.868035360810627e-05,0.16132164513219155
"('0035352000', 'Institute of Software Integrated Systems')",0.0011317338162064282,0.0,0.1440871436957798,5.868035360810627e-05,0.16132164513219158
"('0035295000', 'Computer Science and Engineering')",0.0011317338162064282,0.0,0.1440871436957798,5.868035360810627e-05,0.16132164513219155
"('0017756000', 'Chemical and Biomolecular Engineering')",0.0009053870529651426,0.0,0.13123421951581762,7.896507736847602e-06,0.14093508661752133
"('0017756000', 'Department of Chemistry')",0.0009053870529651426,0.0,0.13123421951581762,7.896507736847602e-06,0.14093508661752135
"('0017756000', 'Chemical & Biomolecular Eng')",0.0009053870529651426,0.0,0.13123421951581762,7.896507736847602e-06,0.14093508661752135
"('0013177000', 'Communication')",0.00022634676324128565,0.0,0.14448768682342938,3.341889625508362e-05,0.156134468996623
"('0013706000', 'Geography / College of Arts & Sciences')",0.000679040289723857,0.0,0.13496670128917945,2.286571153324593e-06,0.1458107991550717
"('0016162000', 'Human-Environment Systems')",0.000679040289723857,0.0,0.13496670128917945,2.286571153324593e-06,0.14581079915507167
"('0011510001', 'Department of Geography')",0.0004526935264825713,0.0,0.10121188518017915,4.510788851985778e-08,0.10700535316939548
"('5300011947', 'Unknown Dept')",0.0004526935264825713,0.0,0.10121188518017915,4.510788851985778e-08,0.10700535316939551
"('0021030000', 'Economics Department')",0.00022634676324128565,0.0,0.10099209070543592,4.2135512336748307e-07,0.10530932995062478
"('0010819000', 'School of Mathematical and Natural Sci')",0.0009053870529651426,0.0,0.12483752472449845,2.1324152184087683e-05,0.13375943193168094
"('0010819000', 'Global Institute of Sustainability')",0.0009053870529651426,0.0,0.12483752472449845,2.1324152184087683e-05,0.13375943193168094
"('0010819000', 'Nutrition and Health')",0.0009053870529651426,0.0,0.12483752472449845,2.1324152184087683e-05,0.13375943193168097
"('0017392000', 'Department of Natural Sciences')",0.0004526935264825713,0.0,0.1282512772875058,0.0004186861634722194,0.1375025721223087
"('0010819000', 'Civil, Environmental and Sustainable Eng')",0.0009053870529651426,0.0,0.14360007800819086,2.6788513200542e-05,0.15563086629179768
"('0013151000', 'Civil and Environmental Engineering')",0.0009053870529651426,0.0,0.14360007800819086,2.6788513200542e-05,0.15563086629179768
"('0023879000', 'Plant & Microbial Biology')",0.0009053870529651426,0.0004526935264825713,0.09112660368796667,6.055313354266085e-09,0.09506739124907496
"('0023887000', 'Mathematics')",0.000679040289723857,0.0,0.09112472413010746,6.003343359931344e-09,0.09495421786745432
"('0023879000', 'Horticultural Science')",0.000679040289723857,0.0,0.09112472413010746,6.003343359931344e-09,0.09495421786745432
"('4200200000', 'Plant Sciences')",0.00022634676324128565,0.0,0.08351764683642413,5.874413003158108e-10,0.08630630922689543
"('0039321000', 'Molecular Biology')",0.0004526935264825713,0.0,0.10533845163443885,9.493235856993853e-08,0.11039854213651783
"('0015354000', 'Department of Linguistics')",0.0004526935264825713,0.0,0.12165436722105959,7.246313821568289e-06,0.1284972562159128
"('0014449000', 'Department of Electrical and Computer En')",0.000679040289723857,0.0,0.11608292388134213,3.092191708071748e-07,0.12263712145678936
"('5300010577', 'Intel Labs')",0.0004526935264825713,0.0,0.13425714893487709,1.411320842913809e-05,0.14538318240785317
