Node,Degree,Betweenness,Closeness,Eigenvector,Harmonic
"('0020800000', 'Interdisciplinary Sculpture')",0.00031210986267166043,0.0,0.07000983284169125,2.572570341892582e-08,0.0752478423068607
"('7203585450', 'Unknown Dept')",0.00031210986267166043,0.0,0.11954777806798254,0.02104386128969427,0.13277777752143105
"('6250004721', 'Applied Mathematics')",0.0009363295880149813,0.0,0.1136331394524046,4.733183206650753e-05,0.12615861890431077
"('0015354000', 'Department of Geography')",0.0012484394506866417,0.0,0.10904264370554402,1.6703388942616743e-05,0.12168836644013689
"('0013136000', 'Computer Science')",0.0006242197253433209,0.0006242197253433209,0.10320502496376228,2.731769376340214e-05,0.11368975114199185
"('0037499000', 'Computer Science')",0.004057428214731586,0.014536896137668906,0.10523895549351289,0.0012378363829244443,0.11960961930291993
"('0021998000', 'Network Science Institute')",0.0006242197253433209,0.0,0.09906622967039763,1.4453584876958975e-05,0.10847525507975964
"('0028381000', 'Physics and Astronomy')",0.0018726591760299626,0.0018714898602784607,0.0782207465638046,1.0346123155209625e-07,0.08595333352083713
"('0010819000', 'Chemistry & Biochemistry')",0.00031210986267166043,0.0,0.1013507101508873,1.9745346248749695e-05,0.11015574991141898
"('0037143000', 'Architecture')",0.0006242197253433209,0.0,0.0926976044439301,5.1483317716197055e-05,0.10033500796341209
"('0038950000', 'Computer Science')",0.003433208489388265,0.04031280103584968,0.11913437941548301,8.210893006513096e-05,0.13793530759547468
"('0016261000', 'Biological Sciences')",0.0028089887640449437,0.0043633017267285705,0.10506984980651932,1.1052621617074053e-05,0.11779626464702231
"('0025650000', 'Computer Science and Engineering')",0.002184769038701623,0.0018720745181542116,0.0946221316558873,1.0121797950346617e-05,0.10753387901720621
"('0021782000', 'Department of EECS, MIT')",0.00031210986267166043,0.0,0.12304619993087292,0.0013182300406040486,0.13642365570121115
"('0013706000', 'Office of Contracts and Grants')",0.0009363295880149813,0.0,0.1126621892471606,5.7201170577478734e-05,0.12627214436914072
"('0036525000', 'Physics')",0.0012484394506866417,0.0,0.12541590010568757,0.00922409873571772,0.1429830668736035
"('4002127000', 'Geophysical Laboratory')",0.0012484394506866417,0.0,0.09725004552904754,1.559325828950391e-05,0.10559849614026665
"('0011551001', 'Psychology')",0.0009363295880149813,0.0,0.09880350314542988,0.000929257641283697,0.10885466769341506
"('0500744000', 'Unknown Dept')",0.0009363295880149813,0.0,0.10109806891329041,3.0180770749636446e-05,0.10917566345770353
"('0013482000', 'Physics')",0.001560549313358302,0.0018714898602784607,0.11245656523112561,0.00021650230615509594,0.12412274859160578
"('0026294000', 'Graduate School of Education')",0.00031210986267166043,0.0,0.07895320470170769,1.363206803332238e-08,0.08440162630114341
"('0018259000', 'School of Mechanical Engineering')",0.0012484394506866417,0.019893117697888065,0.12604248623131392,0.04293694403503368,0.14192456623264563
"('0021998000', 'ECE')",0.0018726591760299626,0.049843237502939515,0.12955923978972908,0.00037775225466224504,0.15034676011593184
"('0026211000', 'Department of Biological Sciences')",0.0012484394506866417,0.0,0.11746159768302966,0.0019369076965836051,0.1294770870117856
"('0018408000', 'Department of Chemical and Biomolecular')",0.0009363295880149813,0.0,0.09916434540389972,0.0005477771518478052,0.10741502994498882
"('0033795000', 'Geology & Environmental Science')",0.00031210986267166043,0.0,0.11020534516561759,0.00017518699594726582,0.12094786318183452
"('0021998000', 'Computer Science')",0.003121098626716604,0.003118662552234309,0.1084667727411219,0.00011589059558415887,0.12337289721679749
"('0013219000', 'Computer Engineering')",0.00031210986267166043,0.0,0.10464774471698729,2.6664442764886635e-05,0.11521687123956394
"('0015693000', 'School of Civil and Environmental Engine')",0.00031210986267166043,0.0,0.099856635292651,0.0001439964028264745,0.10998001077784685
"('0021030000', 'Department of Atmospheric and Oceanic Sc')",0.00031210986267166043,0.0,0.10498378059569448,3.239702339233561e-05,0.11356797737148194
"('0011312000', 'Division of Physics, Math & Astronomy')",0.002184769038701623,0.013020428335950652,0.09324796274738067,9.158776994326187e-05,0.10261424252315225
"('0010835000', 'Sonoran Center for Excellence in Disabil')",0.0006242197253433209,0.0,0.0916423545563755,2.824086489460558e-05,0.1003485248756169
"('0036327000', 'Unknown Dept')",0.0046816479400749065,0.006851995417841342,0.09121448499686842,0.00010997693564071647,0.100419647553768
"('0015354000', 'Schl of Forest Resources & Conservation')",0.0009363295880149813,0.0,0.11632297415045019,3.0116597955123666e-05,0.13247825220592663
"('0013706000', 'CIRES')",0.003121098626716604,0.004986741908237557,0.10670752014920402,0.0013470744807043866,0.12104804410914527
"('0015370000', 'EE')",0.0009363295880149813,0.0,0.10393149085247178,4.078726611338032e-05,0.1152547131755822
"('0032102000', 'School of Public Policy')",0.001560549313358302,0.0,0.09549925484351714,4.570555021272078e-05,0.1063347235194865
"('0034256000', 'Mechanical Engineering')",0.0012484394506866417,0.0,0.07462964688344359,2.7503020518686115e-09,0.07967451025761195
"('0023879000', 'Department of Chemical Engineering and M')",0.0012484394506866417,0.0,0.1021195219123506,3.4640955198774786e-05,0.1139146135618943
"('0026575000', 'Department of Computer Science')",0.003433208489388265,0.012821338317435108,0.09165808444902163,1.7306427252292373e-06,0.10486813200954984
"('0019281000', 'Agronomy')",0.003745318352059925,0.034060425755141496,0.09824001962347458,1.2343708551846997e-05,0.113690185711214
"('0018697000', 'Sociology and Criminal Justice')",0.0012484394506866417,0.0,0.06990596295245784,5.505354305085831e-08,0.0759130740922575
"('0021030060', 'Appalachian Laboratory')",0.001560549313358302,0.0,0.0700144224465714,3.7696230209901126e-08,0.07561197047997764
"('0028068000', 'Department of Civil Engineering Technolo')",0.0009363295880149813,0.0,0.08539218037898777,1.057921004722467e-06,0.09309516847756817
"('0015693000', 'Machine Learning')",0.0006242197253433209,0.0,0.10035393240830645,0.00037516820992124325,0.1112303217556584
"('0036327000', 'Materials Science and Engineering')",0.00031210986267166043,0.0,0.10288686940046883,0.0003947785724302534,0.11126571033858372
"('0017756000', 'Department of Mathematics')",0.0006242197253433209,0.0,0.10923596195151887,0.003209888255524017,0.12074751326499258
"('0037499000', 'Department of Statistics')",0.00031210986267166043,0.0,0.08521276595744681,6.47413143425114e-06,0.09229785185297906
"('4000790000', 'Earth and Planetary Sciences')",0.00031210986267166043,0.0,0.07039592213384893,1.951868270830678e-08,0.07503555308222817
"('0026633000', 'Civil, Construction and Environmental En')",0.0009363295880149813,0.0,0.08020627331213859,8.55641586662646e-08,0.0866802361747486
"('0038950000', 'Chemistry')",0.002184769038701623,0.009846090860561822,0.10757453666398066,6.149725181759045e-05,0.1219676961126056
"('0001057000', 'Computing Services')",0.0006242197253433209,0.0,0.0936623012160898,4.37483309870124e-07,0.10260384775942821
"('7203588422', 'Unknown Dept')",0.0009363295880149813,0.0,0.09278887923544743,3.83825847496096e-07,0.10132371532926981
"('0010819000', 'School of Human Evolution and Soc. Chang')",0.00031210986267166043,0.0,0.10533583193608838,0.0006742352416560175,0.11619383158518344
"('0016105000', 'College of Hawaiian Language')",0.0006242197253433209,0.0,0.08983345483093141,4.623224449669173e-07,0.09755991309964995
"('0011080000', 'Biological Sciences')",0.0018726591760299626,0.01978170434007132,0.095696066425734,3.6985741391026014e-07,0.10725944180576295
"('0012948000', 'Chemistry, School of Math, Science and E')",0.0009363295880149813,0.0,0.10384727579165721,1.2101340148996426e-05,0.11410731832721459
"('0013284000', 'Signal & Image Processing Institute')",0.00031210986267166043,0.0,0.09053916581892167,6.33651816579803e-07,0.0981383724739233
"('6250004721', 'Unknown Dept')",0.005305867665418227,0.02218492109708618,0.1253472086381597,0.0004190715169869373,0.1460213562715925
"('0033290000', 'Energy & Mineral Engineering')",0.0012484394506866417,0.0,0.11007661387295152,3.6950662582653915e-05,0.1262054094890268
"('0010512000', 'Electrical and Computer Engineering')",0.003121098626716604,0.013421305848538805,0.10617357590217716,5.0633410758775425e-06,0.12046636930613869
"('0027854000', 'Mechanical and Aerospace Engineering')",0.003121098626716604,0.009792177869855515,0.11991017964071857,0.002467347197899032,0.13432552742904644
"('0010207000', 'Unknown Dept')",0.0012484394506866417,0.0,0.11452264360010009,0.0019346866128350077,0.130947681939959
"('0010819000', 'IAFSE - SSEBE')",0.0012484394506866417,0.0018714898602784607,0.09145662660919704,7.172171530076949e-08,0.1003942538658835
"('0036525000', 'Office of the Provost')",0.0009363295880149813,0.0,0.11142797523822773,5.9025536735237044e-05,0.12438328468533728
"('0013052000', 'Department of Geophysics')",0.00031210986267166043,0.0,0.08031282899684163,1.0795686999779564e-06,0.08520850987739317
"('0021550000', 'School of Engineering and Applied Sci')",0.0009363295880149813,0.0,0.10958341883849784,4.878310587139715e-05,0.12136274913028375
"('0018697000', 'Geological & Atmospheric Sciences')",0.001560549313358302,0.0006242197253433209,0.06990748821783907,5.5656482199440135e-08,0.07606912902359333
"('0014316000', 'Center for Research in Education and Soc')",0.00031210986267166043,0.0,0.10879087297545074,2.75647140707023e-05,0.11891488071770527
"('0037986000', 'Oceanography')",0.00031210986267166043,0.0,0.11867985331703522,0.00016654710077261943,0.13281182564082314
"('0033712000', 'Computer and Information Sciences')",0.003121098626716604,0.016887145168519465,0.10932168691142351,1.6777283974441088e-05,0.12423045697793147
"('0022301000', 'Geology & Geophysics')",0.0018726591760299626,0.001248244564728058,0.08772314094841747,6.969776446915957e-07,0.09510914580168107
"('0017582000', 'Curriculum and Instruction')",0.0006242197253433209,0.0,0.057819323636626126,8.732961767420579e-11,0.06115249458992433
"('0013177000', 'Computer Science Engineering')",0.0006242197253433209,0.0,0.10533929510783797,1.0300112329723737e-05,0.11577974737847863
"('7203577407', 'Unknown Dept')",0.0006242197253433209,0.0,0.09818582986025987,4.968598754666674e-06,0.10583680652539186
"('0036756000', 'Chemical Engineering')",0.0012484394506866417,0.0,0.102455871066769,6.169931911193998e-06,0.11342456582082976
"('0036046000', 'Mathematics Department')",0.00031210986267166043,0.0,0.08328351225598503,2.7416076231982696e-06,0.08821033676914534
"('0013508000', 'Office of the Vice President for Researc')",0.0012484394506866417,0.0,0.0867188134354616,1.0428392847434118e-07,0.09483493782938728
"('0096354000', 'STEM Transformation Institute')",0.0006242197253433209,0.0,0.08045197740112994,6.673941497275293e-09,0.08784746815602912
"('6250041304', 'Life Sciences')",0.0012484394506866417,0.0,0.11656419398260996,0.0068502928738547264,0.13224108169015383
"('0019281000', 'Special Educ, Counseling & Stdnt Affairs')",0.0012484394506866417,0.0,0.08215173969898208,3.0677407197285613e-07,0.09011203587565618
"('0010835000', 'Unknown Dept')",0.005930087390761548,0.025470206099226553,0.1008816120906801,0.00022990573795226177,0.11497917711594982
"('0037549000', 'Aerospace and Ocean Engineerinig')",0.0009363295880149813,0.0,0.09913366336633664,0.0009065256285013268,0.11062254712983373
"('0016105000', 'Department of Anthropology')",0.0006242197253433209,0.0,0.093381131415581,4.587729008574325e-07,0.10055380385563298
"('0037499000', 'Mathematics')",0.001560549313358302,0.0018714898602784607,0.08523997020325635,8.461055987657087e-06,0.09284924594369888
"('0017756000', 'College of Education, Special Education')",0.0006242197253433209,0.0,0.10393486229603918,4.451617828963031e-06,0.11349995284115891
"('0025650000', 'School of Biological Sciences')",0.0006242197253433209,0.0,0.09312058592728224,6.999313870749314e-07,0.10285023314951737
"('0023879000', 'Genetics, Cell Biology and Development')",0.0012484394506866417,0.0,0.12858174813387913,0.044969239151696726,0.14854908456008853
"('0021030000', 'Accounting')",0.0012484394506866417,0.0,0.10501130739733211,4.877891937895584e-05,0.11429623371771584
"('0039321000', 'Computer Science')",0.00031210986267166043,0.0,0.08669534864842926,5.653484605136021e-08,0.09408067232793078
"('4083028000', 'Unknown Dept')",0.003433208489388265,0.040514290294415195,0.09689418453443009,5.879650786799437e-05,0.11068705979848809
"('0026989000', 'Computer Science')",0.00031210986267166043,0.0,0.10095790269725233,2.8369853678141312e-05,0.11038990822004285
"('0023275000', 'CIT')",0.00031210986267166043,0.0,0.09546510934985997,4.3247401373025316e-07,0.10384103128657508
"('0013706000', 'RASEI UCB-0027')",0.0012484394506866417,0.0,0.102455871066769,6.169931911193998e-06,0.11342456582082976
"('7203592282', 'Unknown Dept')",0.0009363295880149813,0.0,0.10255097141759754,0.0017710999978337062,0.1107632924530839
"('0022194000', 'Mathematics and Statistics')",0.00031210986267166043,0.0,0.09083949987241643,2.2080458215029862e-05,0.09740049465339566
"('0021055000', 'Graduate School')",0.0009363295880149813,0.0,0.09533728092361711,1.0054679789600452e-06,0.10469747657475849
"('0080010000', 'Department of Computer Science')",0.00031210986267166043,0.0,0.09266811279826465,7.621223896260299e-07,0.10137816268909293
"('0028373000', 'Department of Engineering Education')",0.0012484394506866417,0.00249454026987028,0.10995572943477813,7.690204418897754e-05,0.12477102799553041
"('0029744000', 'Exercise and Sport Science')",0.0006242197253433209,0.0,0.11020913593835993,0.00019927869423044494,0.12110391811317038
"('0010827000', 'SICCS')",0.0012484394506866417,0.0,0.09592814371257485,4.909193012831776e-05,0.10693525081204344
"('0013706000', 'Electrical, Computer & Energy Engr')",0.0009363295880149813,0.0,0.10245259489016084,5.308375134291039e-06,0.11326851088949393
"('0029728000', 'Teacher Education and Learning Sciences')",0.0009363295880149813,0.0,0.12893360160965794,0.0002967660347321813,0.14881548261027763
"('0017756000', 'Office of the Chancellor')",0.0012484394506866417,0.0,0.08931259407927747,1.7492655461574286e-06,0.09806972318150965
"('0020255000', 'Mechanical Engineering')",0.003433208489388265,0.004363691498645738,0.08064028994261552,1.6907803622482778e-08,0.08756582429147294
"('0013706000', 'Institute for Cognitive Science')",0.0006242197253433209,0.0,0.09165546242526533,1.986229196113523e-05,0.0994349826077189
"('0035998000', 'Physics & Astronomy')",0.0012484394506866417,0.0,0.10992177850967476,0.00021367007409087084,0.1236746136242888
"('7203592516', 'Unknown Dept')",0.00031210986267166043,0.0,0.08833746898263027,6.408196879457209e-06,0.09718241822106706
"('0015354000', 'Department of Industrial and Systems Eng')",0.001560549313358302,0.0006242197253433209,0.07506853166514374,6.711244496858034e-07,0.08197302555417146
"('0021998000', 'Mathematics')",0.002184769038701623,0.011216172291010252,0.1163525438500926,0.00030007486072097946,0.13342170383905108
"('0096354000', 'Sea Level Solutions Center')",0.0006242197253433209,0.0,0.08045197740112994,6.7850372918253615e-09,0.08784746815602913
"('0013177010', 'SIO CASPO')",0.0018726591760299626,0.001871879632195628,0.08923299727065115,4.759212651844764e-07,0.0975039916783471
"('0031708000', 'Sociology')",0.0009363295880149813,0.0,0.10662229617304493,0.000351993300698551,0.11770080322505265
"('0036756000', 'School of Computing')",0.003745318352059925,0.02034256632606902,0.1215247487198938,0.0003601279491336507,0.13838234656095344
"('0018093000', 'Medical Humanities and Health Studies')",0.0012484394506866417,0.0,0.06978719696804687,2.5665367379111754e-10,0.07470632884240941
"('0017103000', 'Department of Mathematics and Statistics')",0.0009363295880149813,0.0,0.11246445996700481,0.00023378476095052027,0.12532829080664415
"('0013052000', 'Economics')",0.00031210986267166043,0.0,0.0935693008585947,4.532693746338808e-07,0.10179236211648184
"('0037499000', 'Systems Engineering&Operations Research')",0.001560549313358302,0.013360233101162407,0.1145799806887673,0.00814201670386684,0.13034252142503241
"('0010819000', 'SFIS/SST')",0.0012484394506866417,0.0,0.11934294334562522,0.0071751072040443665,0.13562447155510435
"('0029744000', 'School of Education')",0.0006242197253433209,0.0,0.09871522321841206,1.572984396570886e-05,0.10785973101087758
"('0013706000', 'Electrical, Computer & Energy Engineerin')",0.0009363295880149813,0.0,0.10245259489016084,5.308375134291039e-06,0.11326851088949393
"('0032235000', 'Unknown Dept')",0.0018726591760299626,0.00040096198839143887,0.09140705237932215,3.65965843586019e-05,0.10105733813533616
"('0017756000', 'National Center for Supercomputing Appli')",0.0018726591760299626,0.007356828175778318,0.10767938161653504,3.4971118454325387e-06,0.12062211770039911
"('0013706000', 'Cognitive and Computer Science')",0.0006242197253433209,0.0,0.10089114211040086,0.00015719480573862481,0.11170438585726757
"('0023879000', 'Food Science and Nutrition')",0.0012484394506866417,0.0,0.08407683426052273,1.6641826680693452e-06,0.09131288122645781
"('0016915000', 'Chemical and Biological Engineering')",0.0018726591760299626,0.0,0.07386402932429628,9.158145100686145e-09,0.08014242364149181
"('0021550000', 'Div. Engineering and Applied Sciences')",0.0009363295880149813,0.0,0.10958341883849784,4.878310587139715e-05,0.12136274913028375
"('0018697000', 'Genetics/Development & Cell Biology')",0.0009363295880149813,0.0006242197253433209,0.08810669599890004,9.709278177139677e-06,0.09758137536688741
"('0015941000', 'Unknown Dept')",0.001560549313358302,0.0,0.09987842513794071,0.00031667746555564397,0.11052620303752222
"('0021030000', 'Geography')",0.0006242197253433209,0.0,0.09619599483592038,9.148823305410706e-06,0.10703562555041912
"('0096354000', 'School of Computing and Info Sciences')",0.0009363295880149813,1.559087668668925e-06,0.08048431259262981,7.686023097658502e-09,0.0886693574610645
"('0017749000', 'Unknown Dept')",0.004993757802746567,0.024018106675422462,0.11394836048083079,0.00035979660738788744,0.13177631954000563
"('0029751000', 'Department of Geography and Earth Scienc')",0.00031210986267166043,0.0,0.10541901095647024,0.00026705436128515226,0.11498694838104796
"('0031849000', 'CAPS')",0.0006242197253433209,0.0,0.0759691760521636,1.2107222355530136e-07,0.08037520658580909
"('0019505000', 'Biomedical Engineering')",0.0012484394506866417,0.0,0.10148232611174458,8.482982297552306e-07,0.11325388907393755
"('0028068000', 'Interactive Games and Media')",0.0009363295880149813,0.0,0.07300401020780167,2.8663183444665796e-08,0.07820804246935842
"('0023259000', 'Department of Learning Health Sciences')",0.0009363295880149813,0.0006242197253433209,0.11786344908769865,0.006154054852031694,0.12990052755763765
"('0010512000', 'Anthropology')",0.0009363295880149813,0.0,0.09619888308412898,1.042472546030792e-05,0.10719168048175495
"('0037499000', 'Geography & Geoinformation Science')",0.003745318352059925,0.019786124647508237,0.10913178241765728,0.0009539538677931642,0.12647688928188372
"('0023879000', 'Computer Science')",0.0006242197253433209,0.0006242197253433209,0.09858158210516599,7.265132969083306e-05,0.10644794973674096
"('0039321000', 'Chemistry')",0.00031210986267166043,0.0,0.09491364753976952,4.560829158135011e-07,0.10525236498113302
"('0027078000', 'Applied Physics & Applied Mathematics')",0.0009363295880149813,0.0,0.0725527048753425,1.4847340296567298e-08,0.07824624891093572
"('0033290000', 'Chemical Engineering')",0.001560549313358302,0.0006242197253433209,0.08596495935177484,3.5878627562672906e-06,0.09276334191539094
"('0035352000', 'Unknown Dept')",0.0046816479400749065,0.023067306436388726,0.11752622698261316,2.4577628928636325e-05,0.13781620418580987
"('0033787000', 'Electrical & Systems Engineering')",0.0006242197253433209,0.0,0.0986362097096943,1.717115561004929e-06,0.1090663246983899
"('0021030000', 'Geology and ESSIC')",0.0012484394506866417,0.0,0.07526957502290507,2.2272498062673861e-07,0.08240089047660012
"('0013177000', 'Department of Physics')",0.0012484394506866417,0.0,0.12035610983809775,0.0002526632718200386,0.13525599195281346
"('0024232000', 'Electrical and Computer Engineering')",0.0028089887640449437,0.020397572516015258,0.1068463000633608,3.5034821818382565e-06,0.12237161631511392
"('0019281000', 'Department of Sociology, Anthropology, a')",0.0009363295880149813,0.0,0.07781798751609065,4.832908845017737e-08,0.0854437047840658
"('0029058000', 'Computer Science')",0.0012484394506866417,0.0,0.09342469747776644,8.633943455396278e-07,0.10288234410364189
"('0031849000', 'South Central Climate Adaptation Science')",0.001560549313358302,0.0,0.09828522347311268,6.19269121137111e-05,0.10776913911556107
"('0034256000', 'School of Computing')",0.002184769038701623,0.01179410844156325,0.09047524920227035,0.00024879737403163746,0.10213629763234859
"('0019893001', 'Biosystems/AG Engineering')",0.0009363295880149813,0.0,0.05952845437823979,2.2993054217485954e-11,0.06395577766945533
"('0013136000', 'Physics Department')",0.0009363295880149813,0.0,0.06371808129822608,1.5926513262484626e-08,0.06740151817264993
"('0025692000', 'Geoscience')",0.001560549313358302,0.0006242197253433209,0.09300435413642962,2.63567562844619e-06,0.10165101016346008
"('0027854000', 'Mech. & Aero. Eng., Civil & Urban Eng.')",0.0018726591760299626,0.0022806011176935022,0.12080081438751272,0.002569282223984061,0.1345685493363942
"('0021998000', 'College of Computer Science')",0.0006242197253433209,0.0,0.097858953605571,1.4181087374936149e-05,0.10757572093385305
"('0027078000', 'Earth and Environmental Sciences')",0.00031210986267166043,0.0,0.08188718787538017,1.0358582841535247e-06,0.08940169056786726
"('0018259000', 'Environmental and Ecological Engineering')",0.0009363295880149813,0.0,0.1289024782748632,0.07990196946722074,0.14700102699455528
"('0020776000', 'Space Exploration Sector')",0.0006242197253433209,0.0,0.1110456451668804,5.142828985984627e-05,0.12182454122555016
"('0036616000', 'Electrical and Computer Engineering')",0.00031210986267166043,0.0,0.08559749939889397,2.451566798727765e-08,0.09220749821852378
"('0030908000', 'Ohio State ADVANCE')",0.0009363295880149813,0.0,0.09002275856255795,1.5350367423426007e-06,0.09726890176306548
"('0026179000', 'Department of Computer Science')",0.0009363295880149813,0.0,0.08570740711018378,1.0353238594600602e-07,0.09313753257197332
"('0014316000', 'Department of Geography & Spatial Scienc')",0.0009363295880149813,0.0,0.12206179283020306,0.0002497573145102741,0.1375838090646741
"('0030908000', 'Department of Chemistry & Biochemistry')",0.0006242197253433209,0.0,0.07319580563360976,8.280932388905796e-09,0.0774127994360878
"('0023879000', 'Aerospace Engr/Mechanics')",0.002184769038701623,0.016341256922640084,0.10976737812189523,4.7852704244004254e-05,0.12430540718198936
"('0027110000', 'Department of Information Science')",0.0012484394506866417,0.0,0.10757092496222931,0.0009153947143977911,0.11822235651280061
"('0036327060', 'Mechanical Engineering')",0.003745318352059925,0.012919650467004353,0.1295121063907191,0.025949709108192408,0.14941714749698357
"('0025650000', 'Center for Children, Youth, Families')",0.0012484394506866417,0.0,0.09461374911410347,9.796391203153185e-06,0.1070657142231987
"('0013151000', 'Civil & Environmental Engineering')",0.0012484394506866417,0.0,0.10422901756668836,8.464253161988091e-06,0.11509122746059726
"('0023879000', 'Chemistry')",0.00031210986267166043,0.0,0.09266543267006015,3.858995272448907e-06,0.10079249975475033
"('0013128000', 'School of Public Health')",0.00031210986267166043,0.0,0.10347834512159675,4.4450938677506075e-05,0.11313349743656868
"('0015693000', 'CEE')",0.00031210986267166043,0.0,0.10122583091115886,0.00017280315157301533,0.1118184351377517
"('0039545000', 'Political Science')",0.00031210986267166043,0.0,0.10636037710795379,2.1039572133194177e-05,0.11915500956643618
"('0015354000', 'Research Computing - UFIT')",0.0009363295880149813,0.0012480496787694744,0.11656843483955469,0.004731771080790082,0.13218906337970857
"('0025205000', 'Vice Provost, Faculty Affairs & Diversit')",0.0009363295880149813,0.0,0.09198438217730823,2.2895985065195674e-06,0.10050535407866563
"('0033852000', 'Department of Physics and Astronomy')",0.0006242197253433209,0.0,0.09833348678758862,5.6780256038207575e-06,0.10725327537291929
"('0010637000', 'Atmospheric Sciences')",0.0012484394506866417,0.0,0.07524836186852674,2.0769790217730435e-07,0.08207837695183937
"('0035295000', 'Civil, Chemical, and General Engineering')",0.0006242197253433209,0.0,0.05452410530435819,2.9673133851301625e-13,0.057556357381879183
"('0022335000', 'Computer Science')",0.0028089887640449437,0.032378928846016716,0.11687458962573867,0.000244580382504483,0.13367239627642863
"('0026575000', 'Computer Science')",0.0028089887640449437,0.002183307394012246,0.08398867568417741,2.920175061882218e-07,0.09353862605875814
"('0036582000', 'Department of Integrative Biology C0990')",0.00031210986267166043,0.0,0.1064133647746521,1.1324505318128079e-05,0.11606817261048517
"('0039545000', 'Department of ECE')",0.0009363295880149813,0.0,0.11632297415045019,3.0116597955123666e-05,0.1324782522059266
"('0016162000', 'Provost Office')",0.001560549313358302,0.0,0.09175783263646257,2.02748139258525e-05,0.10144876746638469
"('6250012558', 'Unknown Dept')",0.00031210986267166043,0.0,0.10256738587617645,3.093382127283317e-05,0.11272292117528775
"('0028381000', 'Humanities')",0.0012484394506866417,0.0,0.06339533043134152,2.7843341150660576e-10,0.0676274026649899
"('0010637000', 'Alaska Sea Grant Marine Advisory Program')",0.0012484394506866417,0.0,0.08135076805890568,1.4857637124434759e-06,0.09022936290467283
"('0027110000', 'Cornell Jeb E Brooks School of Public Po')",0.0006242197253433209,0.0,0.08048431259262981,1.8965865616421474e-06,0.08623472721985131
"('0013284000', 'Dept. of Chemical Eng. & Material Sci.')",0.0012484394506866417,0.0,0.09056219791401679,1.1027753185007433e-06,0.09889263797537982
"('0010819000', 'Sustainable Phosphorus Alliance')",0.0012484394506866417,0.0,0.12707730139213896,0.00012635376818721024,0.1484162432413551
"('0011510001', 'Psychology')",0.0012484394506866417,0.0006242197253433209,0.10457943010085843,5.9960853524656946e-05,0.11446735997214366
"('0024414000', 'School of Polymer Science and Engineerin')",0.001560549313358302,0.0,0.08411435772229661,9.919576254769274e-06,0.091951487966081
"('5300017434', 'Dean of Instruction/Mathematics Dept.')",0.001560549313358302,0.0006242197253433209,0.08360296419997912,1.8562587915256818e-05,0.09009151141188809
"('0014316000', 'DENIN')",0.0012484394506866417,0.0,0.12206179283020306,0.0002898745809072929,0.13768784568556464
"('7203593670', 'Unknown Dept')",0.0012484394506866417,0.0,0.11632719747304215,3.5078221698020766e-05,0.1326343071372624
"('0010835000', 'Arizona Geological Survey')",0.0012484394506866417,0.0,0.0921113155473781,5.3606971037136544e-06,0.10092606851830221
"('0017103000', 'Mathematics and Statistics')",0.0012484394506866417,0.0,0.11940966010733453,0.020851852210383572,0.1348691698667338
"('0037499000', 'College of Education &Human Development')",0.0006242197253433209,0.0006242197253433209,0.09313141295817225,4.5082388377161357e-05,0.10301796762528842
"('0036616000', 'Unknown Dept')",0.003745318352059925,0.004364860814397239,0.09537701306819873,1.2811610226399437e-06,0.10615398926722629
"('0039545000', 'Physics')",0.0028089887640449437,0.0020281120816744674,0.11676384839650146,0.00014094110361203822,0.1342159988249864
"('0016162000', 'Electrical and Computer Engineering')",0.0009363295880149813,0.0,0.08721452486593897,7.614951123057697e-06,0.09520797000472782
"('0013201000', 'Molecular Cell and Developmental Biology')",0.0006242197253433209,0.0,0.10338151781104801,0.00013518628034717451,0.11221842827608118
"('0031849000', 'School of Geosciences')",0.0006242197253433209,0.0,0.08952971749517981,7.53315292299063e-06,0.09665787440877688
"('0013177000', 'Electrical & Computer Engineering')",0.001560549313358302,0.010011601362771181,0.11444083294638711,8.370587287258502e-05,0.12826748655643008
"('0021782000', 'Haystack Observatory')",0.0009363295880149813,0.0,0.10123222748815165,3.2763372798269195e-05,0.10879194542352043
"('0017756000', 'Materials Science & Engineering')",0.0012484394506866417,0.0,0.09843922821678751,5.302139627134823e-05,0.10965993308161537
"('7203585746', 'Unknown Dept')",0.0012484394506866417,0.0,0.09792774619475518,1.486623586658731e-05,0.10930141598120661
"('4001434000', 'President')",0.00031210986267166043,0.0,0.07771794498617378,4.929091863429369e-08,0.08287996606529326
"('0037549000', 'Department of English')",0.0012484394506866417,0.0,0.09915820747709829,0.0010653074506214984,0.11121555586890992
"('0033712000', 'Center for Biodiversity, Rm 502')",0.0009363295880149813,0.0,0.09885227693446871,2.3833912398307098e-06,0.10916958469460222
"('0032102000', 'Forest Engineering, Resources and Manage')",0.00031210986267166043,0.0,0.10118107749636834,1.566991912050063e-05,0.11207719958404734
"('0022905000', 'CEPSE')",0.0012484394506866417,0.0,0.10525278407411058,7.054834811439422e-06,0.11624518959324044
"('0033290000', 'Human Development and Family Studies')",0.0006242197253433209,0.0006242197253433209,0.10371281520085457,7.934293449078006e-06,0.11763449357469907
"('0013169000', 'Theatre, Film, and Digital Production')",0.0012484394506866417,0.0,0.09189995410738871,3.629622088318162e-05,0.10015555545244761
"('4002995000', 'Plant Biology and Conservation')",0.0012484394506866417,0.0006242197253433209,0.09547648846772752,5.626077348375528e-07,0.10436121439102782
"('0026294000', 'Bloustein School, Planning and Public Po')",0.0012484394506866417,0.0,0.08571657882768399,1.2364437461434995e-07,0.0934236332794223
"('0022301000', 'Geology and Geophysics')",0.0006242197253433209,0.0,0.08771833762251546,6.135424923341033e-07,0.09479703593900946
"('0031310000', 'Unknown Dept')",0.00031210986267166043,0.0,0.0691515766300477,2.002013273082589e-09,0.07307440058588217
"('0035352000', 'Institute for Software Integrated System')",0.0009363295880149813,0.0,0.10518367748924855,4.596257128749406e-06,0.11802084179368412
"('5300004833', 'Math, Science & Engineering')",0.0012484394506866417,0.0,0.08022233906707729,1.0444690821079707e-07,0.08697153871324215
"('0033290000', 'IST')",0.0006242197253433209,0.0,0.10504573620537032,0.0001454053660367287,0.11730077604313689
"('0018697000', 'Industrial & Manufacturing Systems Engr')",0.0012484394506866417,0.0,0.08111803129272369,2.7056187061865546e-06,0.08944617972905657
"('0023879000', 'Mathematics')",0.001560549313358302,0.0012480496787694744,0.10935153583617747,0.0006586287927384998,0.12071883298069123
"('6250044020', 'Metro Nashville Dept. of Emergency Commu')",0.0006242197253433209,0.0,0.10894624094664898,4.562660244423291e-06,0.12190767715579606
"('0013151000', 'Bioengineering')",0.0009363295880149813,0.0015309729824673937,0.12077804583835947,0.004724252646263457,0.13399554822569235
"('0023259000', 'Life Sciences Institute')",0.0012484394506866417,0.0,0.10058075655313138,0.0005243268594549856,0.1099980688906986
"('6250027514', 'Information Technolgoy Services - Cyberi')",0.0012484394506866417,0.0,0.11301587301587301,2.052176246175716e-05,0.1261406023953705
"('0013482000', 'Physics Department')",0.0009363295880149813,0.0,0.08333766841804088,5.050483341842233e-06,0.08965793348721716
"('0033795000', 'Rehabilitation Science & Technology')",0.0006242197253433209,0.0,0.1164752072124473,0.0013895621749554852,0.12919024449684127
"('0013201000', 'Earth Research Institute')",0.00031210986267166043,0.0,0.09542246180421121,1.996948617586571e-06,0.10368353291495194
"('0026294000', 'Industrial & Systems Engineering')",0.002184769038701623,0.0018714898602784607,0.0857234589041096,1.2895274045366718e-07,0.09389179807342975
"('4000790000', 'Dept. of Geology & Geophysics')",0.00031210986267166043,0.0,0.07039592213384893,1.951868270830678e-08,0.07503555308222817
"('7203593808', 'Unknown Dept')",0.0009363295880149813,0.0,0.07822838586810557,3.880974903929883e-07,0.08433714639597882
"('0014431000', 'Information Technology')",0.0012484394506866417,0.0,0.12318812718674305,0.0004951772253561673,0.14000748925034512
"('6250032620', 'Unknown Dept')",0.00031210986267166043,0.0,0.09855125957368276,1.8446077566901665e-06,0.1081476947627101
"('0015982001', 'Graduate School')",0.0012484394506866417,0.0,0.09415498545358371,2.6311501360933704e-06,0.10427974653618381
"('0036566000', 'Biology')",0.0006242197253433209,0.0012480496787694744,0.07452202632925524,1.012233256259633e-09,0.08106205424523918
"('0029058000', 'Department of Electrical and Computer En')",0.00031210986267166043,0.0,0.11033437790557526,6.190448901815385e-05,0.12059017168263983
"('4008694000', 'Unknown Dept')",0.00031210986267166043,0.0,0.08750751078822308,1.0083325169873453e-05,0.09477994164316912
"('7203589386', 'ED')",0.00031210986267166043,0.0,0.08920566862488515,2.072758998857614e-06,0.09698976310532534
"('0017749000', 'Office for the VP for Research')",0.0006242197253433209,0.0,0.09576471291508504,7.073627844891197e-06,0.10417832330890567
"('0037499000', 'Office for Diversity, Equity, and Inclus')",0.0009363295880149813,0.0,0.09313953488372093,5.7268349993194014e-05,0.1032780591775148
"('0016162000', 'Unknown Dept')",0.006242197253433208,0.01487797865247433,0.10101201172798638,6.950743330040516e-05,0.11611671995929396
"('4062600000', 'Unknown Dept')",0.004369538077403246,0.034076264853131255,0.11214560728036402,1.3295441794887317e-05,0.13039078460669506
"('0020107000', 'Mechanical Engineering')",0.001560549313358302,0.010286210508672832,0.08928024075570541,2.3061552786071005e-06,0.0985600575754179
"('5300009955', 'Learning and Technology')",0.002184769038701623,0.006415938554073845,0.08581759742868622,4.794429627525968e-07,0.09463887530608873
"('0037499000', 'Geography and Geoinformation Science')",0.0009363295880149813,0.0,0.09851792632679417,0.00016691308425221459,0.11075845574996081
"('0013169000', 'Information Technology Solutions')",0.0009363295880149813,0.0,0.08419171746899307,9.33131628746873e-06,0.0906250422469914
"('0013144000', 'Department of Biomedical Engineering')",0.002184769038701623,0.0,0.10956842897202654,0.015915100799438607,0.12422379977150066
"('0023259000', 'Civil & Environmental Engineering')",0.00031210986267166043,0.0,0.09729434271658924,0.00011786542249789356,0.10681075926387655
"('0021030000', 'Electrical and Computer Engineering')",0.002184769038701623,0.010787284681462745,0.11497057557054687,0.0018894965368653584,0.12947989137903132
"('0013169000', 'Electrical and Computer Engineering')",0.00031210986267166043,0.0,0.0996361600895606,0.00013343903791689462,0.1065299763437456
"('0019893001', 'Kentucky Geological Survey')",0.0006242197253433209,0.0,0.0632888888888889,1.4183715744068534e-10,0.06872882422048707
"('0021998000', 'Department of Mathematics')",0.0009363295880149813,0.0,0.10423579933632637,4.1832969168204256e-05,0.11541291177492234
"('0016162000', 'Dept. of Mechanical and Biomedical Eng')",0.0012484394506866417,0.0,0.09140183716551606,3.420231889467958e-05,0.10074522827266452
"('4037347000', 'Unknown Dept')",0.0009363295880149813,0.0,0.09916434540389972,0.0005477771518478052,0.10741502994498882
"('0032102000', 'Dept. of Bioengineering')",0.00031210986267166043,0.0,0.09666908037653874,1.070279661287641e-06,0.10523371572564269
"('0015420000', 'Biology')",0.0006242197253433209,0.0006242197253433209,0.06935815564455028,1.1247229024940981e-10,0.07424657631787646
"('0025163000', 'Life Sciences Center')",0.0012484394506866417,0.0006242197253433209,0.07599079761876527,6.387432319333487e-08,0.08131245220119875
"('0023259000', 'Institute for Social Research')",0.002184769038701623,0.004223214888516171,0.10480863591756624,0.0005049602849113361,0.1171950834026069
"('0029744000', 'RENCI')",0.0006242197253433209,0.0006242197253433209,0.0995773247140726,1.0736391686299168e-06,0.10865295954580516
"('0038950000', 'Department of Biomedical Engineering')",0.0012484394506866417,0.0,0.09715567954393839,1.2227538829674203e-05,0.10720280625614868
"('0001479000', 'Political Science and Geography')",0.0012484394506866417,0.0,0.09947839046199702,3.705181022835544e-06,0.10825837688955914
"('0020834000', 'Sponsored Research')",0.001560549313358302,0.0,0.08018018018018018,3.345033396693416e-08,0.08678962702864947
"('0010827000', 'SESES')",0.00031210986267166043,0.0,0.09697630073549442,8.095708748906227e-07,0.10755298868565653
"('0030510000', 'Psychological Sciences')",0.0012484394506866417,0.0006242197253433209,0.10900183710961421,1.5335674976544737e-05,0.12262674319642519
"('0016162000', 'Materials Science and Engineering')",0.0009363295880149813,0.0,0.08377565694862074,9.929704328732592e-06,0.09080390901305994
"('0026575000', 'Chemical and Materials Engineering')",0.0006242197253433209,0.0,0.09534011783610069,2.6971409816031606e-06,0.10428005620250225
"('0036327000', 'Center for Teaching Excellence')",0.0012484394506866417,0.0,0.111145800811739,0.007228179902815006,0.12264380781091867
"('4025938000', 'Unknown Dept')",0.001560549313358302,9.744297929180781e-08,0.09357476635514018,6.366871742010319e-07,0.10210447197915352
"('0037549000', 'Mechanical Engineering')",0.004057428214731586,0.002164754250755087,0.12070524412296564,0.026079288791852718,0.13851609764599915
"('5300004866', 'Arts & Sciences')",0.0012484394506866417,0.0,0.0977425259304454,9.679868420304585e-06,0.11066039086375845
"('0015982001', 'Engineering')",0.0009363295880149813,0.0,0.0860827512090274,5.531202353579518e-07,0.09371937158648193
"('0014811000', 'Computer Science and Engineering')",0.0009363295880149813,0.0,0.08868222203769825,2.7329737496028003e-07,0.09728058327521258
"('0033795000', 'Environmental and Occupational Health')",0.0009363295880149813,0.0,0.08486967577876668,5.938059637867886e-06,0.09098089754082085
"('0039354000', 'Univ. Libraries - RFK Memorial Library')",0.0012484394506866417,0.0,0.10298608209315033,3.649615025360591e-06,0.11315296036085624
"('0027110000', 'Biological and Environmental Engineering')",0.0012484394506866417,0.0,0.08751946242727199,1.5068641442272623e-05,0.09535214305806716
"('0001057000', 'Human Computer Interaction Institute')",0.0009363295880149813,0.0006242197253433209,0.10678576189841354,0.0002897584830165217,0.11678470643145113
"('0035220000', 'Computer Science')",0.002184769038701623,1.6565306479607328e-06,0.08230790967708788,2.583533703934488e-06,0.08931065237918953
"('P270033903', 'Unknown Dept')",0.0006242197253433209,0.0,0.11843856276800237,0.00140838747957271,0.1308798358971349
"('0013284000', 'Civil Engineering')",0.0012484394506866417,0.0,0.09056219791401679,1.1027753185007433e-06,0.09889263797537982
"('0010819000', 'Polytechnic School')",0.0012484394506866417,0.0,0.11753484959647836,0.006908962329743783,0.1338074408407826
"('0074765000', 'Mathematics')",0.0028089887640449437,0.04507188099519016,0.12137742925332425,0.001971655591516666,0.13675976159039588
"('0028381000', 'School of Social Welfare')",0.0006242197253433209,0.0,0.07256749411125203,1.2704198809366573e-08,0.07830867088347003
"('0020107000', 'School of Education')",0.0009363295880149813,0.0,0.08758405773331146,2.500638114432794e-06,0.09451026865459945
"('0022335000', 'Department of Electrical and Computer En')",0.0006242197253433209,0.0,0.0966020442005608,1.1136745670267353e-06,0.10508257403382619
"('0022301000', 'Marine Chemistry and Geochemistry')",0.0028089887640449437,0.014273252720705424,0.0961411510532317,4.931998084956029e-06,0.1063449348229781
"('0016105000', 'Chemistry')",0.0012484394506866417,0.0,0.0950572598350442,8.538706422078156e-06,0.10211437709951963
"('0026633000', 'Civil Engineering')",0.0009363295880149813,0.0,0.08020627331213859,8.55641586662646e-08,0.0866802361747486
"('0026716000', 'Unknown Dept')",0.0006242197253433209,0.0,0.09850883935434282,0.0004086576096786856,0.10679346757683798
"('0020834000', 'Transportation')",0.0009363295880149813,0.0,0.09620177150577991,1.0440509860654319e-05,0.10724369879220015
"('0024414000', 'Psychology')",0.001560549313358302,0.0,0.09171318162301417,4.570221345453251e-05,0.10130962508765343
"('0036616000', 'Civil Engineering')",0.0012484394506866417,0.0,0.0814686737184703,2.0958345561373642e-08,0.08780316982093582
"('0058891000', 'Department of Occupational and Environme')",0.0012484394506866417,0.0,0.10543635645649599,0.00039822326384031934,0.11555914979594602
"('0032383000', 'Mathematics')",0.0009363295880149813,0.0,0.08786748573935937,1.9971645277859513e-07,0.09438463407163701
"('0039354000', 'Office of Information Technology')",0.0012484394506866417,0.0,0.11301587301587301,2.052176246175716e-05,0.12614060239537053
"('0021030000', 'Unknown Dept')",0.008739076154806492,0.030680597944024977,0.10642750373692078,7.475637213071307e-05,0.12457683477789823
"('0013169000', 'Unknown Dept')",0.004369538077403246,0.0033279051097668873,0.09192368383302252,6.659532337749876e-05,0.10145601321357951
"('0022228000', 'Physics')",0.0009363295880149813,0.0,0.11257510277221461,0.00030840320343187015,0.12295686381098124
"('0015792001', 'Unknown Dept')",0.00031210986267166043,0.0,0.09413008989952407,1.6254597166373333e-06,0.10352548103472736
"('0035303000', 'Boyd Center for Business & Economic Rese')",0.0006242197253433209,0.0,0.09539973202322466,2.718669535612601e-06,0.10309387334642069
"('0010819000', 'Unknown Dept')",0.0149812734082397,0.12617149712812425,0.13192242763618398,0.04216010370492254,0.15979757496836128
"('0030148000', 'Neuroscience')",0.0009363295880149813,0.0,0.09677711662186245,1.6499002942139512e-05,0.10503773405329687
"('6250021321', 'Unknown Dept')",0.0006242197253433209,0.0,0.08607812583955725,6.9195704737298e-07,0.09351129834470087
"('0017756000', 'ISE')",0.00031210986267166043,0.0,0.10144376899696049,1.8241427389556358e-06,0.11236615410855245
"('4007712000', 'Computer Science Laboratory')",0.0012484394506866417,0.0,0.06776363098007698,2.459473232818873e-10,0.07209032485469641
"('0022335000', 'Aerospace Engineering')",0.0006242197253433209,0.0,0.0966020442005608,1.1136745670267353e-06,0.10508257403382619
"('0026294000', 'Institute of Marine & Coastal Sciences')",0.0012484394506866417,0.0,0.08922554234314517,4.6565488782313337e-07,0.09713986350523016
"('0019893001', 'Earth and Environmental Sciences')",0.002184769038701623,0.0018714898602784607,0.06329263956382601,1.648302116581713e-10,0.06919698901449456
"('0037986000', 'Mechanical Engineering')",0.0006242197253433209,0.0,0.08294071964794202,3.5236517969489375e-05,0.09011825129220692
"('0033290000', 'Penn State Harrisburg')",0.0018726591760299626,0.0018714898602784607,0.10373296208760967,1.0555435615358514e-05,0.118362749920933
"('0010819000', 'School of Public Affairs')",0.0009363295880149813,0.0006242197253433209,0.09313412010929598,5.061103354344348e-05,0.1031740225566242
"('0027078000', 'Electrical Engineering')",0.001560549313358302,0.011793523783687499,0.08480902088461843,6.125353352911464e-07,0.09416102438111174
"('0020834000', 'Department of Transportation and Urban I')",0.0009363295880149813,0.0,0.09620177150577991,1.0440509860654319e-05,0.10724369879220015
"('0022905000', 'College of Natural Science')",0.0006242197253433209,0.0,0.09584779226995334,7.418141685012432e-05,0.10541054050130262
"('0037549000', 'School of Education')",0.0006242197253433209,0.0,0.08294071964794202,3.5236517969489375e-05,0.09011825129220692
"('0010827000', 'Teaching and Learning')",0.0012484394506866417,0.0,0.10164007232814136,1.138023016091215e-05,0.1116816649046449
"('0015644000', 'Computer Science')",0.0009363295880149813,0.0,0.10207072316024211,6.7597813802389335e-06,0.11447934551736591
"('0013128000', 'Architecture')",0.0009363295880149813,0.0,0.11162207357859531,1.3512092004024245e-05,0.1240917586540237
"('0026997000', 'Math/Computer Science')",0.00031210986267166043,0.0,0.09833348678758862,1.4262222329580423e-06,0.10806130265968752
"('0027078000', 'Department of Astronomy')",0.0006242197253433209,0.0,0.09994073427118749,0.00020884026330941928,0.11092154219690632
"('0019281000', 'Industrial & Manufacturing Systems Engg')",0.00031210986267166043,0.0,0.08665548763996321,2.0427863479944181e-07,0.09515784821693501
"('0029744000', 'Odum Institute')",0.00031210986267166043,0.0,0.09043694253133115,8.513073087766012e-08,0.09829444653600633
"('0017749000', 'Computer Science, Computation Inst.')",0.001560549313358302,0.0,0.1337228714524207,0.009563376723838371,0.15169177228000819
"('0024232000', 'Institute for Imaging and Analytical Tec')",0.001560549313358302,0.0,0.08411435772229661,9.919576254769274e-06,0.091951487966081
"('0023259000', 'Industrial & Operations Engineering')",0.0009363295880149813,0.0,0.12413312153732904,0.0180882926815875,0.13996045337268614
"('0036327000', 'Department of Geology and Geophysics')",0.0006242197253433209,0.0,0.09592239985629603,7.043875835380344e-07,0.10586741316962353
"('0026278000', 'Electrical Engineering')",0.0009363295880149813,0.0018714898602784607,0.10160783940633622,0.00018831679819648203,0.10955413852752321
"('0039446000', 'Electrical Engineering')",0.001560549313358302,0.0006242197253433209,0.0866016163472714,2.9037099591302823e-07,0.09630357547524154
"('0010835000', 'Udall Center for Studies in Public Pol')",0.0009363295880149813,0.0,0.12549941245593418,0.009367566627711621,0.13995791379782901
"('0018408000', 'Department of Computer Science and Engin')",0.0009363295880149813,0.0,0.1008435100088128,0.0007237279273675136,0.11013215563730164
"('4011599000', 'Network Technology & Security')",0.0012484394506866417,0.0,0.11555940272668254,0.0002863608568656614,0.12870152375310862
"('0030908000', 'Department of Chemistry')",0.0006242197253433209,0.0,0.07319580563360976,8.280932388905796e-09,0.0774127994360878
"('0022301000', 'Applied Ocean Physics and Engineering')",0.0006242197253433209,0.009322369828847253,0.07479515372224946,8.499922030970984e-09,0.07973223528698176
"('0028068000', 'School of Mathematical Sciences')",0.0012484394506866417,0.0,0.07506677287849679,6.638652282872439e-07,0.08181697062283563
"('0017756000', 'Electrical and Computer Eng')",0.00031210986267166043,0.0,0.09636959725689535,3.269132517219546e-07,0.10544125361352541
"('0035295000', 'Computer Science and Engineering')",0.0009363295880149813,0.0,0.05170911203640941,5.35450011786424e-14,0.05412185633598724
"('0018697000', 'Civil, Construction & Environmental Engr')",0.0012484394506866417,0.0,0.08111803129272369,2.7056187061865546e-06,0.08944617972905657
"('0013508000', 'OVPR-Research Information Technology')",0.0006242197253433209,0.0,0.09395894428152493,1.4901691591915796e-07,0.10395276043336328
"('0014316000', 'Computer Science')",0.0012484394506866417,0.0,0.12209435256459111,0.00029982956397968564,0.1379739463930137
"('0010819000', 'Arts, Media, and Engineering')",0.0009363295880149813,0.0,0.11655995343422584,0.005892479702948716,0.13208502675881803
"('0013284000', 'Computer Science, Information Sciences I')",0.00031210986267166043,0.0,0.0956275182808536,1.9942363031360665e-06,0.10448043357818401
"('6250009361', 'Cancer Biology')",0.0012484394506866417,0.0,0.08429138933466628,3.1052578414744675e-07,0.09378513841914322
"('0038158001', 'Computer Sciences and Electrical Enginee')",0.0012484394506866417,0.0,0.10842639593908629,9.970749428519902e-05,0.12217647607655613
"('0001057000', 'Mechanical Engineering')",0.004057428214731586,0.017001591900774486,0.13181388077508538,0.011343338733590284,0.15253291944606176
"('7203585048', 'Unknown Dept')",0.00031210986267166043,0.0,0.07781420765027322,3.779053896960031e-08,0.08513159492139413
"('0036582000', 'Aerospace Engineering & Engineeering Mec')",0.0006242197253433209,0.0,0.10716077460784641,4.314711375616336e-05,0.11863869779507279
"('0026989000', 'Department of Mathematics')",0.0012484394506866417,0.0,0.12024770125727154,0.0017936063588846582,0.13361175652291507
"('0014456000', 'Biology')",0.00031210986267166043,0.0,0.07244115851590585,1.0094689480191597e-07,0.07772348980356111
"('0013219000', 'Earth Sciences')",0.0006242197253433209,0.0,0.07697112381684525,7.082919362015085e-09,0.0822226752834849
"('0014456000', 'Computer Science')",0.001560549313358302,0.0037394717733024167,0.06777223115322785,2.314091265442428e-10,0.07268853542481712
"('0016162000', 'College of Engineering')",0.0012484394506866417,0.0,0.09140183716551606,3.420231889467958e-05,0.10074522827266452
"('0014803000', 'Biological & Agricultural Sciences')",0.001560549313358302,0.0054216061129933185,0.11194186290266228,0.0006972171349970345,0.12492713680373776
"('0019281000', 'Department of Chemistry')",0.0009363295880149813,0.0,0.08947471306096233,1.764637261076854e-06,0.09981470342986244
"('0034835000', 'Unknown Dept')",0.0012484394506866417,0.0,0.0766250538097288,4.458383045119025e-08,0.08275840817853432
"('P270089690', 'Unknown Dept')",0.00031210986267166043,0.0,0.08071342200725513,6.769134090006809e-08,0.08602707812995003
"('0016105000', 'HIGP')",0.0012484394506866417,0.0,0.08984101169279085,6.142820414231747e-07,0.09792404127276692
"('0013169000', 'Mathematics')",0.0018726591760299626,0.0027773910219528347,0.10885740495362349,0.0002040934741605974,0.11880976960416322
"('0016105000', 'Institute for Astronomy')",0.0009363295880149813,0.0,0.08983093615947514,4.623224449669173e-07,0.09740385816831414
"('0035949000', 'Mathematics')",0.001560549313358302,0.0012480496787694744,0.1152186421173763,0.0018236372966811724,0.1277922071757434
"('0010819000', 'Computing, Informatics, Decision Systems')",0.00031210986267166043,0.0,0.10694972962147006,9.909921092300203e-05,0.11744607507013116
"('0021782000', 'Nuclear Science & Engineering')",0.0009363295880149813,0.0,0.09295848202628601,3.906704922538661e-06,0.10039032607101192
"('0039545000', 'Mathematics')",0.003433208489388265,0.010665997219644122,0.11692577184147143,0.0003011141741957555,0.13389193204818883
"('0036772000', 'Nutrition, Dietetics and Food Science')",0.0012484394506866417,0.0,0.08407683426052273,1.6641826680693452e-06,0.09131288122645782
"('0026948000', 'Physical Sciences')",0.0009363295880149813,0.0,0.0757214094958996,1.7525726340671004e-07,0.08199338373063976
"('6250023327', 'Unknown Dept')",0.0009363295880149813,0.0,0.09535714285714286,1.0398730362490667e-06,0.10506160474787545
"('0017392000', 'Kellogg School of Management')",0.0012484394506866417,0.0,0.10757092496222931,0.0009153947143977911,0.11822235651280061
"('0018408000', 'Department of Chemistry and Biochemistry')",0.00031210986267166043,0.0,0.1095571892631219,0.004104445701916031,0.12041355846470246
"('0039156000', 'Math, Statistics, & Computer Science')",0.0009363295880149813,0.0,0.09826110957769804,2.0475427937908748e-05,0.10829731135494824
"('0024232000', 'Physics and Astronomy')",0.001560549313358302,0.006224657517160683,0.07212155317951603,1.9277988301670363e-07,0.07811399646084945
"('0017756000', 'The Grainger College of Engineering')",0.0012484394506866417,0.0,0.0930718954248366,9.497689723866966e-06,0.10310887233225437
"('0013508000', 'Department of Atmospheric Sciences')",0.0006242197253433209,0.0,0.10500442434372234,6.465488669709657e-06,0.11613167871277347
"('4011599000', 'L512')",0.00031210986267166043,0.0,0.11242105263157895,0.0001834439717275628,0.12323843731403611
"('0029280000', 'Mathematics and Computer Science')",0.00031210986267166043,0.0,0.07299569407422596,2.1378139647439754e-08,0.07773987767535094
"('0038950000', 'Department of Computer Sciences')",0.0012484394506866417,0.0,0.11451036454610436,6.604832151686612e-05,0.12890333042091537
"('0011551001', 'Chemistry')",0.0012484394506866417,0.0,0.09880045638163372,0.0008882697139094871,0.10869861276207923
"('0030775000', 'Physics')",0.0006242197253433209,0.0,0.09228642202891872,3.2090215857322167e-06,0.10028823691031863
"('0028035000', 'Mechanical, Aerospace, and Nuclear Engin')",0.0006242197253433209,0.0,0.08776879879468566,1.150823905044514e-06,0.09547221958264306
"('0021030000', 'Chemical and Biomolecular Engineering')",0.0006242197253433209,0.0,0.09619599483592038,9.260265576779524e-06,0.10703562555041914
"('0021030000', 'Civil and Environmental Engineering')",0.0012484394506866417,0.0006242197253433209,0.09620466010088878,1.055366864993985e-05,0.10739975372353598
"('7203593430', 'CEDAR')",0.0012484394506866417,0.0,0.07812157120912881,1.1978949165390481e-06,0.08614540557631958
"('0037549000', 'Bradley Department of Electrical and Com')",0.00031210986267166043,0.0,0.0989897117434424,0.0006875961429002512,0.10940531866541435
"('0035352000', 'Teaching & Learning')",0.00031210986267166043,0.0,0.1051698670605613,2.6898859098572214e-06,0.11760469531012191
"('0020081000', 'Mechanical Engineering Program')",0.0009363295880149813,0.0,0.06567054049068438,4.5060795333425665e-09,0.06937250385524099
"('0011080000', 'Department of Anthropology')",0.0006242197253433209,0.0,0.12549449688613842,0.008221514992975163,0.13980185886649318
"('7203592374', 'Unknown Dept')",0.0009363295880149813,0.0,0.0914044446980287,5.776948820150288e-05,0.09829402920623988
"('0018093000', 'Elmore Family School of Electrical and')",0.0006242197253433209,0.0,0.11678938543413282,0.005504982040500717,0.12888623011240818
"('0013128000', 'Physics')",0.001560549313358302,0.011385609645397829,0.11204756076237105,0.00010014930706699892,0.12663318903422865
"('5300004873', 'Science and Math')",0.001560549313358302,0.0006242197253433209,0.08046814174849938,9.071460152076997e-09,0.08857572450226299
"('0011312000', 'Department of Applied Physics')",0.0009363295880149813,0.0,0.12682077264091196,0.005509873400004019,0.14104470732444932
"('0027110000', 'Mechanical and Aerospace Engineering')",0.001560549313358302,0.0256862803530257,0.09192104659169154,3.417605738381318e-05,0.10156102049096624
"('0017749000', 'Economics')",0.0012484394506866417,0.004073395484259715,0.10418156987708915,0.000133930839682961,0.11681336186683008
"('0029207000', 'The Department of Biology')",0.00031210986267166043,0.0,0.105000983155273,5.755061280141575e-06,0.11597562378143764
"('0022301000', 'G&G')",0.00031210986267166043,0.0,0.08065043924786669,7.596861302877655e-08,0.08586211703334101
"('0021550000', 'Environmental Health')",0.00031210986267166043,0.0,0.08983093615947514,4.1169240856894e-07,0.09740385816831414
"('0001966000', 'Mechanical Engineering')",0.001560549313358302,0.0012480496787694744,0.09273248241729617,6.963242669745105e-05,0.10114649360635843
"('7203592564', 'Engineering')",0.00031210986267166043,0.0,0.11843856276800237,0.01195629364924535,0.13183156469897891
"('0027078000', 'Marine and Large Programs')",0.00031210986267166043,0.0,0.08188718787538017,1.0358582841535247e-06,0.08940169056786727
"('0013144000', 'EECS')",0.002184769038701623,0.0,0.10956842897202654,0.015915100799438607,0.12422379977150066
"('0018259000', 'Electrical & Computer Engineering')",0.0012484394506866417,0.0,0.13298468434815092,0.04833761390956473,0.15065414622585854
"('0032375000', 'Department of Computer Science')",0.0012484394506866417,0.0,0.08542405417655372,1.2496996822451461e-06,0.09377140651335673
"('0021550000', 'Chemistry and Chemical Biology')",0.0012484394506866417,0.0,0.10277465918203689,1.7911335502001643e-05,0.11590609918815793
"('0011445001', 'Biological Sciences')",0.0009363295880149813,0.0,0.09542814594192107,2.5536437135206026e-06,0.10399564277762363
"('0015982000', 'Complex Carbohydrate Research Center')",0.0012484394506866417,0.0,0.09413838695460555,2.4158128461728286e-06,0.10399364582873484
"('0023259000', 'Mechanical Engineering')",0.003121098626716604,0.033571872286597734,0.12492202121023081,0.0201225429285478,0.14369891476564178
"('0022210000', 'Unknown Dept')",0.0012484394506866417,0.007054672329297832,0.11228316103031365,0.00012832421804951605,0.1257495564684859
"('0036426000', 'Unknown Dept')",0.0009363295880149813,0.0,0.11142797523822773,5.9025536735237044e-05,0.12438328468533728
"('0010025000', 'Information Technology Services')",0.0012484394506866417,0.0,0.11452264360010009,0.0019346866128350077,0.130947681939959
"('0022905000', 'W. K. Kellogg Biological Station')",0.0006242197253433209,0.0,0.09584779226995334,7.302591598566117e-05,0.10541054050130262
"('0021063000', 'Engineering')",0.0006242197253433209,0.0,0.07423712319562548,4.42655007148754e-09,0.07916809825084288
"('0017749000', 'Consortium for Advanced Science and Engi')",0.00031210986267166043,0.0,0.10544676649662663,2.563485431204244e-06,0.1155941992287589
"('0037986000', 'Chemical Engineering')",0.003121098626716604,0.006264141519640784,0.11856566628427635,0.00012991623115606884,0.13586728050903968
"('4007712000', 'SRI Education')",0.001560549313358302,0.0,0.08173260886201883,2.537423413353374e-06,0.08925210453777122
"('0020107000', 'Office of Innovation & Ecosystem Develop')",0.0012484394506866417,0.0,0.08409890282954485,5.454911784233303e-07,0.09211571287240733
"('4006680000', 'Unknown Dept')",0.0012484394506866417,0.0,0.0849709602991487,9.877589820978473e-06,0.0925229629801745
"('0016261000', 'Physics')",0.0012484394506866417,0.0,0.10989538672611902,1.5894782687218057e-05,0.12153788254355954
"('0023549000', 'HSE')",0.001560549313358302,0.0,0.09707325940738047,4.653060590901868e-05,0.10695408403770625
"('0021055000', 'Unknown Dept')",0.004057428214731586,0.018609172970252996,0.10537393935407485,7.111763264229441e-06,0.1195132014562074
"('0028381000', 'Yang Institute for Theoretical Physics')",0.0006242197253433209,0.0,0.07255106199900367,1.2678071186576762e-08,0.07806418482437724
"('0015693000', 'G.W. Woodruff School of Mechanical Engin')",0.001560549313358302,0.00611678769075393,0.11162207357859531,0.001519624592512587,0.12797115424295324
"('0018697000', 'Agricultural & Biosystems Engineering')",0.0009363295880149813,0.0,0.0810687718232883,1.8135382110457077e-06,0.0887885196612842
"('0014894000', 'Physics')",0.001560549313358302,0.0,0.10104386767163896,2.073143047807402e-05,0.11080032994848625
"('0014316000', 'Computer & information Sciences')",0.0012484394506866417,0.0,0.12209435256459111,0.00029982956397968564,0.1379739463930137
"('0017749000', 'Sociology')",0.0012484394506866417,0.001248244564728058,0.09918583413305265,9.926116961693497e-05,0.1091165376744443
"('0025650000', 'Department of Mathematics')",0.0006242197253433209,0.0,0.10091656430123784,4.152101658432586e-05,0.11347295203375003
"('4005658000', 'Unknown Dept')",0.001560549313358302,0.0006242197253433209,0.10942622950819672,2.043007923355635e-05,0.12285737599752178
"('0013052000', 'Geballe Laboratory for Advanced Material')",0.0009363295880149813,0.0,0.10002809778027535,0.000263445931218692,0.1088031335119427
"('0031708000', 'CEAT Division of Engineering Technology')",0.00031210986267166043,0.0,0.09538553140815718,4.387968959824153e-05,0.10220111120436845
"('0034231000', 'STEM Center')",0.0006242197253433209,0.0,0.10878717913893793,2.0777930680311366e-05,0.12150764018125478
"('0026872000', 'Department of Geology')",0.0009363295880149813,0.0,0.0914044446980287,5.776948820150288e-05,0.09829402920623988
"('4101408000', 'Rocky Mountain Research Station')",0.00031210986267166043,0.0,0.08269667561428866,1.679914897480836e-05,0.08863127073219278
"('0024109000', 'Research')",0.001560549313358302,0.0,0.09171318162301417,4.570221345453251e-05,0.10130962508765344
"('0001024000', 'Department of Sociology')",0.0009363295880149813,0.0,0.08381948986265533,1.4603059026953326e-05,0.09020404396961773
"('0027110000', 'Chemical and Biomolecular Eng.')",0.0012484394506866417,0.0,0.07876880715901269,1.2178336051007699e-06,0.08692062435417766
"('0032102000', 'School of Electrical Engineering and Com')",0.00031210986267166043,0.0,0.10118107749636834,1.566991912050063e-05,0.11207719958404734
"('0024406000', 'Chemical Engineering')",0.0006242197253433209,0.0,0.06304852611279468,3.5075542044554248e-09,0.06672638660663684
"('0014480000', 'Systems and Computer Science')",0.0012484394506866417,0.0,0.08542405417655372,1.2496996822451461e-06,0.09377140651335673
"('0010835000', 'Department of Geosciences')",0.001560549313358302,0.002787262864024059,0.09370064923670819,5.459240693103257e-06,0.10327221494404808
"('4003110000', 'National Solar Observatory')",0.0006242197253433209,0.0,0.06804136847246703,5.2422251633406296e-08,0.07227220077774184
"('0014795000', 'Center for Space and Atmospheric Researc')",0.0006242197253433209,0.0,0.10963216424294268,0.005022752602842081,0.12410935948852109
"('0022194000', 'Mechanical Engineering')",0.00031210986267166043,0.0,0.10969972951689663,5.521091745981834e-05,0.12063964450833022
"('0027078000', 'Earth and Environmental Engineering')",0.001560549313358302,0.004361352867142734,0.10855497204811113,1.9678575369879454e-05,0.1221157468755037
"('0037499000', 'Astronomy and Physics')",0.0009363295880149813,0.0,0.08697068403908795,2.934415479235299e-05,0.09409892312383542
"('0036582000', 'Electrical and Computer Engineering')",0.0028089887640449437,0.029030991075938855,0.12001348466119789,0.0003526441798590744,0.13808251738311048
"('0016410000', 'Psycholgy')",0.0009363295880149813,0.0,0.09002781758408497,1.540339519317398e-06,0.09737293838395605
"('0010520000', 'Cell Biology')",0.0006242197253433209,0.0,0.07667456385957355,5.221411599983407e-06,0.08340706378741736
"('0029975000', 'Research and Creative Activity')",0.001560549313358302,0.0,0.07230710207397711,9.848155374466584e-09,0.07929112209167209
"('0037499000', 'Electrical & Computer Engineering')",0.002184769038701623,0.0018714898602784607,0.09524658878087934,0.00021052961940332907,0.10542021420250644
"('5300001194', 'Learning Technologies')",0.00031210986267166043,0.0,0.07926376725545495,6.098084601970028e-08,0.08469285910425173
"('0014449000', 'Geography')",0.002184769038701623,0.009940742975433065,0.07815205990682245,1.3511749641580332e-06,0.08697769854344392
"('0019281000', 'Industrial & Mfg Systems Engg')",0.0009363295880149813,0.0,0.09182357492906887,1.7549758826916796e-06,0.10309332010194183
"('0036566000', 'The Department of CSE')",0.00031210986267166043,0.0,0.07451509372528956,9.998739658877184e-10,0.08077595353779021
"('4003430000', 'Unknown Dept')",0.0018726591760299626,0.0012480496787694744,0.07791449832206605,5.919198306672353e-09,0.08364943125628309
"('0025205000', 'Computer Science and Engineering')",0.0009363295880149813,0.0,0.09197910087845208,2.009405997455039e-06,0.10019324421599399
"('0013706000', 'Geological Sciences')",0.0012484394506866417,0.0018720745181542116,0.09643921379767029,0.00015332314800445932,0.10631088066363824
"('7203593232', 'Unknown Dept')",0.00031210986267166043,0.0,0.07970149253731343,3.166155223057639e-08,0.0862929347715442
"('0114629000', 'Office of Research')",0.0009363295880149813,0.0,0.07524129347392151,2.1593419121505133e-07,0.08179227624439038
"('0036566000', 'PHYSICS')",0.0006242197253433209,0.0,0.07452029305733225,1.1266666323615705e-09,0.08103604509001656
"('6250004721', 'Office of Information Technology')",0.0009363295880149813,0.0,0.11417982252948933,9.866641585710943e-05,0.12784033814220988
"('0035220000', 'TIGER Institute')",0.0012484394506866417,0.0,0.09843922821678751,5.302139627134823e-05,0.10965993308161537
"('0017392000', 'Political Science')",0.0012484394506866417,0.0,0.11007661387295152,3.6950662582653915e-05,0.1262054094890268
"('0037457000', 'Electrical and Computer Engineering')",0.0028089887640449437,0.02061194688738769,0.12889210716871832,0.048728721420414865,0.15050980330451508
"('4077384000', 'Psychology')",0.0006242197253433209,0.0,0.10694972962147006,1.1494132727997723e-05,0.11708808053582398
"('0023879000', 'Biology Teaching and Learning')",0.001560549313358302,0.0,0.09707325940738047,4.653060590901868e-05,0.10695408403770625
"('0037986000', 'Allen School of Computer Science and Eng')",0.00031210986267166043,0.0,0.10609974170474866,1.8384683994275958e-05,0.11548323854433967
"('0033787000', 'Computer and Information Sciences')",0.0012484394506866417,0.0,0.09331042315869179,9.172441987618928e-07,0.10252771194644755
"('0010835000', 'Department of English')",0.0012484394506866417,0.0,0.09498117570331722,3.781536054099942e-05,0.10478474421414734
"('0020107000', 'Biological Sciences')",0.0012484394506866417,0.003590886507197999,0.09430741155000882,2.3307875677949956e-06,0.10359349247110375
"('0033795000', 'Department of Physics and Astronomy')",0.0006242197253433209,0.0012480496787694744,0.09224922261891051,2.077780514169463e-05,0.09807933891798365
"('0029785010', 'Regenerative Medicine')",0.0012484394506866417,0.0,0.09915820747709829,0.0010653074506214984,0.11121555586890992
"('0020107000', 'Office of Strategic Initiatives')",0.0006242197253433209,0.0,0.08062608520596895,1.3458070018806798e-08,0.0864734397721222
"('0039321000', 'Dept 3355')",0.0009363295880149813,0.0,0.09493052057716808,5.8927239579225e-07,0.1057725480855858
"('0027078000', 'Department of Electrical Engineering')",0.0012484394506866417,0.0,0.10852923243682677,1.944001885755181e-05,0.12164758208149618
"('0011080000', 'Physics')",0.0006242197253433209,0.0,0.0911651728553137,9.703776349042579e-07,0.09785768439685852
"('0013177000', 'Medicine')",0.0006242197253433209,0.0,0.10859912551265972,0.0001845740856473174,0.1196502776431763
"('0028944000', 'Biochemistry & Biophysics')",0.00031210986267166043,0.0,0.07385551611267346,4.163485562782086e-09,0.07936214898481274
"('0018697000', 'Civil, Construction, and Env Engineering')",0.0012484394506866417,0.0,0.06990596295245784,5.505354305085831e-08,0.07591307409225752
"('0035998000', 'Unknown Dept')",0.002184769038701623,3.8977191716723124e-07,0.10512845752534698,0.000269203956290896,0.11714543353471576
"('0036582000', 'Unknown Dept')",0.006242197253433208,0.08011877205196527,0.13513855497912186,0.0007253815947542864,0.1589962534328476
"('0025205000', 'Energy, Environmental & Chemical Enginee')",0.0028089887640449437,0.0031179804513792662,0.09596262130106625,1.02533215942944e-06,0.10732392586209119
"('0018259000', 'Chemical Engineering')",0.0006242197253433209,0.0006242197253433209,0.11525594445843376,0.013143594859671358,0.12708735483387226
"('0014894000', 'Computer Science')",0.001560549313358302,0.0006242197253433209,0.10393486229603918,4.078726611338032e-05,0.11530673148602746
"('0029728000', 'Plant and Microbial Biology')",0.003745318352059925,0.02694433708147868,0.12747672475531152,0.00014110265030719358,0.14816476515088559
"('0019893001', 'Chemical and Maerials Engineering')",0.0009363295880149813,0.0,0.059552796416423484,2.1044908974823487e-11,0.06449379562320363
"('0032565000', 'Computer Science')",0.00031210986267166043,0.0,0.0970556161395856,2.444158415157961e-05,0.10622582769147249
"('0096354000', 'TEACHING AND LEARNING')",0.0009363295880149813,0.0,0.07772171550553075,6.304038403187412e-08,0.08319207592796493
"('0037549000', 'Biological Sciences')",0.0009363295880149813,0.0,0.10954220657116483,0.004868755230018708,0.12323545187304044
"('0021998000', 'ECE Department')",0.0006242197253433209,0.0,0.097858953605571,1.4181087374936149e-05,0.10757572093385306
"('0013284000', 'Civil & Environmental Engineering')",0.0012484394506866417,0.0,0.10609622835193218,2.3872976220451987e-05,0.11868594162257312
"('0027854000', 'Courant Institute')",0.002184769038701623,0.049090954443871675,0.13131685724824788,0.010679313866808447,0.1487547397177827
"('0017749000', 'Computational Institute')",0.0012484394506866417,0.0,0.11057045242778756,9.605505578361345e-06,0.12383298663265475
"('0036566000', 'Department of Mathematics')",0.0009363295880149813,0.0,0.07451855986603405,1.2812328096430912e-09,0.08108806340046185
"('0030908000', 'Computer Science and Engineering')",0.0018726591760299626,0.008084454219924127,0.08493942366321147,1.114957753424496e-07,0.09252439957427479
"('0001966000', 'Chemical Engineering')",0.0006242197253433209,0.0,0.08486742775408576,8.633374079061271e-06,0.09084564993366313
"('0016261000', 'University Research')",0.0009363295880149813,0.0,0.09509393642596385,1.5653984079153389e-06,0.10372833943108599
"('0021303000', 'Department of Mathematics & Statistics')",0.00031210986267166043,0.0,0.09503188491769242,6.400416821606205e-07,0.10268277139113596
"('0015693000', 'Department of Psychology')",0.00031210986267166043,0.0,0.07664521685046528,3.5549039372920276e-06,0.08252275250984774
"('0013284000', 'Aerospace and Mechanical Engineering')",0.00031210986267166043,0.0,0.09951546775997018,4.935236688563465e-06,0.1098067206158908
"('0032565000', 'Mechanical Engineering and Mechanics')",0.0006242197253433209,0.0,0.08735958119751336,2.0514304781792568e-07,0.09358211717701058
"('0030908000', 'Department of Computer Science')",0.0009363295880149813,0.009322369828847253,0.09274858879722102,7.849583251604656e-07,0.10220104281908912
"('0032102000', 'College of Earth, Ocean, and Atmospheric')",0.00031210986267166043,0.0,0.09299625576872841,2.033004516240429e-06,0.10128688199034319
"('0013706000', 'Atmos. & Oceanic Sciences')",0.00031210986267166043,0.0,0.08794949217677737,1.6416930187229034e-05,0.09461847476480839
"('0035303000', 'Theory and Practice in Teacher Education')",0.0006242197253433209,0.0,0.1054224795998947,1.3689252263982541e-05,0.11587171558552552
"('0035295000', 'Office of the Provost')",0.0009363295880149813,0.0,0.05765908436510222,2.2162081404469033e-12,0.06122164178611099
"('0015354000', 'Electrical Engineering')",0.0006242197253433209,0.0,0.10440563086548488,0.0005803543110793174,0.11459426853899107
"('0017756000', 'Mechanical Science and Engineering')",0.001560549313358302,0.0070876703710242754,0.10325491459877538,4.673450997459935e-06,0.11651964903920091
"('0029728000', 'Computer Science')",0.004369538077403246,0.023190483251316365,0.12205714285714286,0.0001060548989598708,0.14246578369359997
"('0010819000', 'Arts, Media & Engineering')",0.0009363295880149813,0.0,0.12067342096342887,0.006403638599634277,0.13738592015644083
"('0038638000', 'Math, Stat and CS')",0.0012484394506866417,0.0,0.0921113155473781,5.3606971037136544e-06,0.10092606851830221
"('0018259000', 'Forestry and Natural Resources')",0.0012484394506866417,0.0,0.12889210716871832,0.08224787603971984,0.14679295375277418
"('0013128000', 'Materials Science and Engineering')",0.0006242197253433209,0.0,0.10837871663904204,1.740371314293672e-05,0.1203228027078117
"('0036566000', 'CSE')",0.00031210986267166043,0.0,0.07451509372528956,9.998739658877184e-10,0.08077595353779021
"('0016162000', 'Economics')",0.001560549313358302,0.0,0.09175783263646257,2.02748139258525e-05,0.10144876746638469
"('0033290000', 'Department of Psychology')",0.00031210986267166043,0.0,0.09182620658030494,4.187092386114433e-06,0.09966250691108881
"('0025684000', 'Electrcal and Biomedical Engineering')",0.0012484394506866417,0.0,0.09667783108536254,1.592347905396947e-06,0.10570188051965018
"('0025684000', 'The Department of Electrical & Biomedica')",0.0009363295880149813,0.006992594090971978,0.10508363397835356,2.0044468110174666e-06,0.1183614580049053
"('7203585014', 'Unknown Dept')",0.001560549313358302,0.0,0.07230710207397711,9.848155374466584e-09,0.07929112209167209
"('0017582000', 'School of Education')",0.0006242197253433209,0.0,0.057819323636626126,8.732961767420579e-11,0.06115249458992433
"('0037986000', 'DO-IT')",0.0012484394506866417,0.0,0.12318812718674305,0.0004951772253561673,0.14000748925034512
"('0011395000', 'Physics')",0.0012484394506866417,0.0,0.07897266520420991,9.168966221416104e-08,0.08472417539697961
"('0033290000', 'College of Information Sciences and Tech')",0.0009363295880149813,0.008175870052690496,0.11101101794747419,0.00015247285166721403,0.12686287014869027
"('0013151000', 'Mechanical and Aerospace Engineering')",0.0006242197253433209,0.0006242197253433209,0.09300975383186252,6.278471248143909e-07,0.0999984517126513
"('0025650000', 'School of Natural Resources')",0.0024968789013732834,0.0024951249277460306,0.08524223800782185,1.06828401651839e-07,0.0935368975798552
"('0026898000', 'Mathematics and Statistics')",0.0009363295880149813,0.0,0.10922479034567396,0.00028063762311204886,0.12076010961452541
"('0019281000', 'Department of Computer Science')",0.0006242197253433209,0.0,0.07592237150778418,3.846378055348984e-08,0.0818147946099848
"('0013136000', 'Chemical Engineering')",0.0012484394506866417,0.0006242197253433209,0.05954615570464809,1.8614903064978902e-11,0.0641660802673984
"('0024414000', 'Polymers and High Performance Materials')",0.001560549313358302,0.0,0.09171318162301417,4.570221345453251e-05,0.10130962508765344
"('0036525000', ""Nat'l Ctr for Airborne Laser Mapping"")",0.00031210986267166043,0.0,0.10041998370212499,1.4980942898302916e-06,0.1089418117706204
"('0025163000', 'Electrical and Computer Engineering')",0.0012484394506866417,0.0,0.08221919987682517,6.417767485191395e-07,0.08885371528112457
"('0010827000', 'Biological Sciences')",0.0012484394506866417,0.00424307186897207,0.09859978458224342,7.054478771502992e-06,0.10906240246751056
"('0035691000', 'Behavioral and Brain Sciences')",0.00031210986267166043,0.0,0.11006905080902814,0.002291626162317692,0.11988077201885645
"('0033787000', 'Mech Engr/Appl Mech & Comp Info Sci')",0.00031210986267166043,0.0,0.09099429155661583,2.9089332804688664e-07,0.09886509831123523
"('0020107000', 'Department of Physics and Astronomy')",0.0018726591760299626,0.0063089785759807004,0.09421035608221354,4.6193195705124704e-07,0.10252078081866037
"('4025938000', 'Economics')",0.0024968789013732834,0.0024952223707253225,0.10322497503141209,4.157142394025771e-06,0.11556566014650659
"('0021782000', 'Department of Materials Science')",0.0012484394506866417,0.0,0.10119386014781126,4.0269967369406e-05,0.108807550916654
"('0037499000', 'Applied Information Technology')",0.0012484394506866417,0.0,0.09312870596442274,5.697978435211915e-05,0.10296594931484315
"('0014316000', 'Computer & Information Sciences')",0.0028089887640449437,0.0031183702232964335,0.12214555297167473,0.0003610647605648606,0.13901431260191924
"('0039321000', 'Electrical & Computer Engineering')",0.0009363295880149813,0.0,0.09664283775223961,6.622183283613109e-07,0.10794564737515946
"('0034835000', 'Engineering Systems Technolgy')",0.0006242197253433209,0.0,0.0766250538097288,4.020052638845995e-08,0.08275840817853432
"('0016105000', 'Office of the Chancellor')",0.001560549313358302,0.008015200046254724,0.10402935160232475,4.020675988653012e-06,0.1155301308146957
"('0015693000', 'Computational Science and Engineering')",0.0012484394506866417,0.0,0.09987531172069826,0.00023755953254723519,0.11034413895096375
"('0033787000', 'Graduate School of Education')",0.0012484394506866417,0.0018714898602784607,0.09835159775301593,1.494518912938316e-06,0.10868552238503089
"('0037549000', 'Department of Mechanical Engineering')",0.00031210986267166043,0.0,0.10954220657116483,0.00433515645994183,0.12323545187304044
"('0016162000', 'Sociology')",0.00031210986267166043,0.0,0.09174732260466181,7.654409393691482e-06,0.10082454774104142
"('0015370000', 'Mathematics and Statistics')",0.0012484394506866417,0.0,0.10392811962762334,4.0235583646452454e-05,0.11509865824424637
"('0026179000', 'College of Science and Mathematics')",0.0009363295880149813,0.0,0.07895320470170769,1.506284461085816e-08,0.08469813067068148
"('0037457000', 'Mathematics')",0.0009363295880149813,0.004611699425418649,0.117828773168579,0.010531132645949865,0.1310858430249138
"('0017749000', 'Booth School of Business')",0.00031210986267166043,0.0,0.09435462496686986,1.4597365430780138e-05,0.10275246311064468
"('0011544000', 'Department of Computer Science')",0.0009363295880149813,0.0,0.08409669545132419,1.239376139514854e-07,0.09185341203583589
"('0018697000', 'Computer Science')",0.001560549313358302,0.003117200907544932,0.0653677445679894,4.901618633309635e-09,0.07069577456028996
"('0032896000', 'Computer Science and Engineering')",0.003121098626716604,0.010955533738255202,0.10693188265527484,9.734802156214837e-06,0.12265718818725015
"('0035303000', 'Ecology and Evolutionary Biology')",0.002184769038701623,0.02209746780574195,0.1209284770711455,0.00017006171060959398,0.13788680731535596
"('0013052000', 'Department of Mechanical Engineering')",0.0009363295880149813,0.0,0.09096329103142833,3.844388151159757e-05,0.09772769707751987
"('0015982001', 'Department of Workforce Education and In')",0.0012484394506866417,0.0,0.089549735878588,3.623196035679665e-06,0.09788361620944587
"('4007712000', 'Center for Education Research and Innova')",0.003121098626716604,0.007164261193829035,0.08486068439453331,2.742018317328518e-06,0.09387530785771794
"('0025163000', 'Industrial and Systems Engineering')",0.0006242197253433209,0.0,0.08219810667282383,4.541685486284901e-07,0.08823989921787037
"('0013144000', 'Information & Computer Science')",0.0006242197253433209,0.0,0.09593388825678184,4.3342280225620194e-05,0.10410642891445632
"('0029728000', 'Civil, Construction, and Environmental E')",0.0012484394506866417,0.0,0.12156163448040369,0.00010553890199188407,0.1400030319565038
"('0035998000', 'Civil Engineering')",0.0012484394506866417,0.0,0.10957592339261286,0.00043614770565594016,0.12357608872868385
"('0035220000', 'Department of Biological Sciences')",0.0009363295880149813,0.0,0.08965497943308057,8.121902157833671e-06,0.09811484224651214
"('0027854000', 'ECE')",0.0012484394506866417,0.0,0.10973730177757988,0.0007020712018492832,0.11997151181580472
"('0027854000', 'Electrical and Computer Engineering')",0.0012484394506866417,0.0,0.1270521056388294,0.011238681986582365,0.142310279365523
"('0028381000', 'Physics & Astronomy')",0.0009363295880149813,0.0006242197253433209,0.0725527048753425,1.2815470429558969e-08,0.07822023975571307
"('0010835000', 'James E. Rogers College of Law')",0.0009363295880149813,0.0,0.09714095139920566,0.00014164427944333155,0.10645333830205908
"('0010819000', 'Learning Sciences Institute')",0.0012484394506866417,0.0,0.11422867125387715,5.079556851259103e-05,0.12838824550039266
"('0013128000', 'Department of Agr. & Resource Economics')",0.0006242197253433209,0.0,0.10348168722950714,4.988924040381799e-05,0.11328955236790451
"('0020255000', 'MECHANICAL ENGINEERING')",0.0009363295880149813,0.0,0.07462790860177486,2.3651944302333686e-09,0.07951845532627612
"('0022301000', 'Department of Geology and Geophysics')",0.00031210986267166043,0.0,0.08065043924786669,7.596861302877655e-08,0.08586211703334101
"('0013128000', 'Civil and Environmental Engineering')",0.0009363295880149813,0.011188486322056764,0.11336376180872519,4.854359774680943e-05,0.12801808348771151
"('0015354000', 'Florida Museum Natural History')",0.00031210986267166043,0.0,0.10902780140878619,1.1175418973459268e-05,0.1211681833356841
"('0025163000', 'Unknown Dept')",0.003121098626716604,0.006230309209959608,0.08957477145013838,3.962454469194875e-06,0.09900200988401928
"('0019489001', 'Environmental Studies Program')",0.0006242197253433209,0.0,0.11306772064791615,8.15815645283169e-06,0.12658245769791382
"('0032235000', 'Earth Sciences')",0.003121098626716604,0.003741225746929669,0.10522167487684729,4.437193748264693e-06,0.119321299554816
"('0036772000', 'Human Development and Family Studies')",0.00031210986267166043,0.0,0.09039866828428744,1.402545551424033e-06,0.10058263991025759
"('0016162000', 'Dept. of Curriculum, Instruction, and Fo')",0.0012484394506866417,0.0,0.09175783263646257,1.2479659174194744e-05,0.10134473084549415
"('0025544000', 'Emergency Management and Disaster Scienc')",0.0012484394506866417,0.0,0.08646373056994819,1.7029523200512786e-06,0.09559314559879782
"('0010819000', 'School of Earth & Space Exploration')",0.0009363295880149813,0.0,0.11656419398260996,0.0059953299245248505,0.1321370450692633
"('0031849000', 'Computer Science')",0.001560549313358302,0.0006242197253433209,0.07597097737942808,1.3588533476595233e-07,0.08053126151714494
"('0014266000', 'Forestry & Environmental Studies')",0.0012484394506866417,0.0,0.09592814371257485,4.909193012831776e-05,0.10693525081204346
"('6250004721', 'Life and Environmental Sciences')",0.0012484394506866417,0.00012360750193142787,0.11418389166072701,0.00010182771722816285,0.12799639307354568
"('0013144000', 'Department of Health, Society, and Behav')",0.002184769038701623,0.0,0.10956842897202654,0.015915100799438607,0.12422379977150066
"('0018929000', 'Department of Psychological & Brain Scie')",0.00031210986267166043,0.0,0.08770153012345003,1.183058402495822e-06,0.09678717038401596
"('0026542000', 'Materials and Metallurgical Engineering')",0.0006242197253433209,0.0,0.10027541311967952,2.1044453235762988e-05,0.10952602580123753
"('0029728000', 'STEM')",0.0006242197253433209,0.0,0.12145564821834723,7.795295408835665e-05,0.13909791335475594
"('0023879000', 'Electrical & Computer Engineering')",0.0018726591760299626,0.014887533262160982,0.09256370254810192,5.204136017108432e-06,0.10419326309607994
"('0013177000', 'San Diego Supercomputer')",0.0009363295880149813,0.0,0.10173689391293303,1.3401951529253952e-05,0.11052875607589945
"('0023879000', 'Aerospace Engineering and Mechanics')",0.00031210986267166043,0.0,0.09891331192887133,5.218173965162929e-06,0.10846766988038102
"('0018093000', 'Department of Psychology')",0.0006242197253433209,0.0,0.10694972962147006,1.1494132727997723e-05,0.11708808053582398
"('0021410000', 'Department of Mathematics and Computer S')",0.0006242197253433209,0.0,0.09850883935434282,0.0004086576096786856,0.10679346757683801
"('0013284000', 'Information Sciences Institute')",0.0012484394506866417,0.006773853052417966,0.10573559501023035,1.8246817027997894e-05,0.1189215552918348
"('0014449000', 'Elliott School of International Affairs')",0.0012484394506866417,0.0018714898602784607,0.10258709016393443,3.2411503362941076e-05,0.113347140900631
"('0031849000', 'Advanced Radar Research Center')",0.002184769038701623,0.00027174982539276944,0.1019505520730582,6.738755093232096e-05,0.11285140622484423
"('0035295000', 'Mathematics')",0.0012484394506866417,6.496198619453853e-08,0.054526889040163375,3.893875097266725e-13,0.05792048555499612
"('0027854000', 'Civil and Urban Engineering')",0.0028089887640449437,0.0288235113040954,0.1312254259501966,0.011427716105994044,0.14891627177441827
"('0013508000', 'Electrical and Computer Engineering')",0.002184769038701623,0.004984208390775969,0.0990570412737672,0.0009479463331340623,0.11106990459966316
"('0029728000', 'Mathematics')",0.004057428214731586,0.025612177299273432,0.12678564362312533,0.0005354481259203483,0.14525373496787933
"('0033290000', 'Geography')",0.001560549313358302,0.0006242197253433209,0.08808247422680412,3.522027067236785e-06,0.09559066270513383
"('0025650000', 'Nebraska 4-H')",0.0012484394506866417,0.0,0.0961613493802335,1.0048684739645301e-05,0.10986948205226642
"('4003110000', 'Unknown Dept')",0.0018726591760299626,0.004983233960983051,0.0730023468295017,4.133091216877311e-07,0.07888592454457008
"('0033787000', 'Center for Environmental Building Design')",0.0012484394506866417,0.0,0.10225640698305301,2.884838082183127e-05,0.11255147449525578
"('0014803000', 'Industrial and Manufacturing Engineering')",0.0012484394506866417,0.0,0.08507700477960702,8.016711778000454e-08,0.0914074897100296
"('0029728000', 'Electrical & Computer Engineering Dept.')",0.00031210986267166043,0.0,0.10878348555325434,1.1638400281196582e-05,0.12135158524991893
"('0011510001', 'Mathematics and Statistics')",0.0024968789013732834,0.003118759995213601,0.10329153099713079,0.0001873707821432791,0.1122663240143968
"('6250024764', 'Unknown Dept')",0.00031210986267166043,0.0,0.09266543267006015,3.858995272448907e-06,0.10079249975475033
"('0025205000', 'Energy, Environmental & Chemical Engr')",0.0006242197253433209,0.0,0.0875577296204192,1.1903119391814642e-07,0.09504065892775956
"('0029728000', 'Mechanical & Aerospace Engr')",0.00031210986267166043,0.0,0.10690333989523206,7.685612997605215e-06,0.11853667019492191
"('0013151000', 'Department of Physics and Astronomy')",0.002184769038701623,0.03185473160609006,0.13912288319583152,0.03855829504258238,0.15903947968141657
"('0029728000', 'Civil, Construction & Environmental Engg')",0.0012484394506866417,0.0,0.12156163448040369,0.00010553890199188407,0.1400030319565038
"('0025205000', 'The Brown School')",0.00031210986267166043,0.0,0.09522111269614836,0.00013492171036551685,0.10432782968315568
"('0014449000', 'Unknown Dept')",0.004369538077403246,0.009334842530196605,0.07253792166628933,2.0836091808142527e-07,0.08088620307863399
"('0032235000', 'Environmental Studies & Geography')",0.0009363295880149813,0.0,0.09521262369617545,6.23033104796305e-07,0.10466657892972563
"('0029744000', 'Epidemiology')",0.00031210986267166043,0.0,0.11020534516561759,0.00017518699594726582,0.12094786318183452
"('0027110001', 'Department of Crop & Soil Science')",0.0012484394506866417,0.0,0.07876880715901269,1.2178336051007699e-06,0.08692062435417766
"('0034017000', 'Leadership Alliance')",0.0006242197253433209,0.0,0.10749152883550844,3.464480162900894e-05,0.11671689698226437
"('0026575000', 'Chemistry and Biochemistry,')",0.00031210986267166043,0.0,0.07747926389862887,2.7650258873920766e-08,0.08378193727679495
"('0021030060', 'Chesapeake Biological Laboratory')",0.0018726591760299626,0.0006242197253433209,0.0700159524485916,3.8149347857682925e-08,0.07576802541131347
"('0013169000', 'Botany and Plant Sciences')",0.0012484394506866417,0.0,0.0814686737184703,2.0958345561373642e-08,0.08780316982093582
"('0026278000', 'Unknown Dept')",0.003121098626716604,0.02747154305507253,0.1274260260897232,0.01205370962931526,0.14513556836686956
"('7203583343', 'Unknown Dept')",0.0009363295880149813,0.004361352867142734,0.06992121860201209,3.793561658372273e-08,0.07612634916508315
"('0036301000', 'Chemical Engineering')",0.0012484394506866417,0.0,0.0875696949819613,1.6622577684547245e-07,0.09550882372176708
"('0001024000', 'Unknown Dept')",0.003433208489388265,0.00374181040480542,0.09148012791228871,0.0001038656195919389,0.10058255033132767
"('0020107000', 'Mechanical and Industrial Engineering')",0.0009363295880149813,0.0,0.08765114624938447,1.0216453873048981e-07,0.09469284284391732
"('0011510001', 'Aerospace Engineering')",0.0012484394506866417,0.0,0.11675533853217696,0.0004054858451601298,0.13096003281152946
"('5300008338', 'Chemistry Division')",0.0009363295880149813,0.0,0.10081178025297338,1.6507505701254543e-05,0.11169843075958566
"('0023259000', 'Naval Architecture & Marine Engineering')",0.0009363295880149813,0.0,0.11177004116374799,0.0029452640647227536,0.12455245194802717
"('0021030000', 'Civil and Environmental Department')",0.00031210986267166043,0.0,0.08776399046758156,1.1508239050445142e-06,0.0952901554960846
"('0017392000', 'Mathematics')",0.001560549313358302,0.01633885286706722,0.1098012337217272,0.0037449854139691716,0.12285543707235458
"('0015354000', 'Electronic and Computer Engineering')",0.00031210986267166043,0.0,0.10123222748815165,2.9191815526957094e-05,0.10879194542352043
"('0019281000', 'Grain Science')",0.0006242197253433209,0.0,0.0778160975372808,4.241497614428391e-08,0.08528764985272996
"('0013706000', 'Ecology & Evolutionary Biology')",0.0006242197253433209,0.0,0.09642470205850487,0.00016599939898922359,0.10584271586963073
"('0021782000', 'Materials Science')",0.0012484394506866417,0.0,0.10119386014781126,4.0269967369406e-05,0.108807550916654
"('0018093000', 'School of Informatics and Computing')",0.0006242197253433209,0.0,0.09439632313947321,4.7869629741172495e-06,0.10188197660477301
"('0013508000', 'Unknown Dept')",0.0024968789013732834,0.008710945013689271,0.10064078401809272,6.182103552533959e-07,0.11323925719358874
"('0013128000', 'Helen Wills Neuroscience Institute')",0.00031210986267166043,0.0,0.09709385132882814,4.0289251478615015e-06,0.10544600900996713
"('0013136000', 'Land, Air & Water Resources')",0.0012484394506866417,0.0,0.11082670356278104,0.0007127181006780361,0.1209601831082252
"('0016105000', 'Hawaii Institute of Geophys. & Planetol')",0.0012484394506866417,0.0,0.11443674548182013,7.446356903903004e-05,0.12931120892505937
"('0018697000', 'Department of Electrical and Computer En')",0.001560549313358302,0.00031396127927820475,0.0811570708477925,2.5803626716943223e-06,0.09000723436314491
"('0010819000', 'Department of Physics')",0.0012484394506866417,0.0,0.07897266520420991,9.168966221416104e-08,0.08472417539697964
"('0019281000', 'Geography and Geospatial Sciences')",0.0006242197253433209,0.0,0.08193535188216039,4.91811143888332e-08,0.08748891298573214
"('0036301001', 'Electrical Engineering')",0.0012484394506866417,0.0,0.09118333428197394,8.26549427742614e-05,0.09888510739563239
"('0030908000', 'Food, Agricultural and Biological Engine')",0.001560549313358302,0.0,0.12026124164852489,4.4617055997683314e-05,0.13695578521255963
"('4057006000', 'Unknown Dept')",0.0009363295880149813,0.009915247068733259,0.1143264942016057,1.4454701323793259e-05,0.12975984753017974
"('0036327000', 'Aerospace Department')",0.0006242197253433209,0.0,0.10018448453769425,0.0004229313256831976,0.10889261743412361
"('0037549000', 'Psychology')",0.0006242197253433209,0.0,0.08290638099673964,2.653317983302575e-05,0.09003130640189126
"('0032177000', 'Computer Science')",0.0012484394506866417,0.0,0.10520094562647754,4.067592582229624e-06,0.11838496996680105
"('0001024000', 'Anthropology')",0.00031210986267166043,0.0,0.08381510450728542,1.1396625524841875e-05,0.0898919341069461
"('0011312000', 'PMA')",0.001560549313358302,0.0006202245631923567,0.09314224250704962,9.39795204495805e-05,0.1014141057893078
"('7203590820', 'Ray W. Herrick Laboratories')",0.0018726591760299626,0.0,0.12430167597765363,0.08917204186313929,0.14154926725031805
"('0039545000', 'Department of Physics')",0.0009363295880149813,4.4729266251458026e-05,0.10637097041930879,3.856149364000196e-05,0.11951913773955314
"('0024414000', 'Office of Technology Development')",0.001560549313358302,0.0,0.09171318162301417,4.570221345453251e-05,0.10130962508765343
"('0010637000', 'Geophysical Institute/Chemistry')",0.0012484394506866417,0.0,0.07524836186852674,2.0769790217730435e-07,0.08207837695183937
"('5300012004', 'Unknown Dept')",0.001560549313358302,0.004982844189065885,0.1163567693201627,0.005658256816711264,0.13181363860289752
"('0013052000', 'Geballe Lab for Advanced Materials')",0.0009363295880149813,0.0,0.09096329103142833,3.844388151159757e-05,0.09772769707751987
"('0023259000', 'Linguistics')",0.0006242197253433209,0.0006242197253433209,0.09661952293356654,8.323214950010748e-05,0.10408783862299914
"('0013052000', 'Psychology')",0.0009363295880149813,0.0,0.09786194257788637,1.615844266688636e-05,0.1077317758651889
"('0021782000', 'Electrical Engineering & Computer Sci.')",0.0006242197253433209,0.0,0.10109168927872783,2.6025315144111015e-05,0.10896759021592245
"('0039545000', 'College of Optics & Photonics')",0.0006242197253433209,0.0006242197253433209,0.10636743908107031,2.1293554327883228e-05,0.1193630828082173
"('4002010000', 'Public Engagement')",0.0006242197253433209,0.0,0.08425370779425687,3.792974761357404e-07,0.09099123813580445
"('0035998000', 'Dep. of Anthropology and Dep. of Biology')",0.0012484394506866417,0.0,0.11656419398260996,0.0068502928738547264,0.13224108169015383
"('0013169000', 'Statistics')",0.0018726591760299626,0.002590878895396884,0.10114913499179189,0.0001552005695117761,0.11181688995953595
"('0021550000', 'Physics Department')",0.0012484394506866417,0.0,0.1267555485223721,0.002122084992415882,0.14216122447235016
"('0031708000', 'School of Educational Foundation Leaders')",0.0009363295880149813,0.0,0.11092262419941146,0.001649309200574076,0.12625020994242084
"('0018259000', 'School of Industrial Engineering')",0.0009363295880149813,0.0,0.12889729251317536,0.0832641791269359,0.14694900868411
"('0001057000', 'Software and Societal Systems Departmen')",0.00031210986267166043,0.0,0.10433083686095734,0.00015310666167858074,0.11292626050702174
"('0028068000', 'College of Business')",0.0012484394506866417,0.0,0.08542405417655372,1.2496996822451461e-06,0.09377140651335673
"('0021030000', 'Computer Science & UMIACS')",0.0012484394506866417,0.0,0.10501130739733211,4.877891937895584e-05,0.11429623371771584
"('0031849000', 'School of Electrical and Computer Engine')",0.0009363295880149813,0.0,0.10194406439912183,5.7441798472996944e-05,0.11253929636217254
"('0024232000', 'Educational Leadership')",0.0012484394506866417,0.0,0.07202751612975744,1.2095323847804065e-08,0.07723034263445484
"('0021030000', 'Physics and Biophysics')",0.00031210986267166043,0.0,0.11720807726075505,0.00027193606182504353,0.12910269743377656
"('0016915000', 'Department of Computer Science')",0.0012484394506866417,0.004982844189065885,0.0726761330127478,1.7756149864487016e-09,0.07819455518051088
"('0001057000', 'Department of Chemistry')",0.0006242197253433209,0.0,0.1067822029661723,0.00028665402577412747,0.11662865150011531
"('0021782000', 'Department of Electrical Engineering')",0.0006242197253433209,0.0,0.12421974954445004,0.0015016740123316114,0.1388145804235967
"('4000394000', 'Education')",0.0009363295880149813,0.0,0.10109806891329041,3.0180770749636446e-05,0.10917566345770353
"('6250001852', 'Unknown Dept')",0.0009363295880149813,0.0,0.08955223880597014,2.086047324924449e-07,0.09695068523420819
"('0019893001', 'Economics Department')",0.0006242197253433209,0.0,0.06328513865844987,1.3902193931138389e-10,0.06857276928915125
"('0022210000', 'CICS')",0.0006242197253433209,0.0,0.12220145695869408,0.0012139301642404051,0.1357111329231609
"('0026575000', 'Information Technology')",0.0009363295880149813,0.0,0.08359642027813291,1.634047096981414e-05,0.08972738323877122
"('0032102000', 'School of Mechanical, Industrial, and Ma')",0.00031210986267166043,0.0,0.09610077984403119,4.1562180460926793e-07,0.1045890059617567
"('0014811000', 'Dept. of Computer Science & Engineering')",0.0006242197253433209,0.0,0.08867976750622751,2.3971538313805887e-07,0.09712452834387675
"('0013508000', 'Mathematics')",0.0009363295880149813,0.0,0.09014686849361318,0.00013627170625865294,0.09853217183721161
"('4025938000', 'Booth School of Business')",0.0006242197253433209,0.0,0.0935720335270582,5.22695797023275e-07,0.10194841704781772
"('0018408000', 'Art, Art History, & Design')",0.0009363295880149813,0.0,0.1008435100088128,0.0007237279273675136,0.11013215563730161
"('0015370000', 'Dept. of Computer Science & Engineering')",0.0009363295880149813,0.0,0.10393486229603918,4.084901040365961e-05,0.11530673148602748
"('0036327060', 'Computer Science and Engineering')",0.0028089887640449437,0.01613597271284762,0.11133117898467633,0.003457228836440968,0.12470076042966906
"('0027078000', 'Industrial Engineering and Operations Re')",0.0012484394506866417,0.0006242197253433209,0.0922279792746114,3.133832776023856e-07,0.10132720140485328
"('0017756000', 'Department of Psychology')",0.003121098626716604,0.006207295760073434,0.09805361733382299,1.0763916004528064e-05,0.1105994857735246
"('0025650000', 'Research')",0.0012484394506866417,0.0,0.09050847457627119,1.1332736783372413e-06,0.09903402892192954
"('0025684000', 'Unknown Dept')",0.004057428214731586,0.010532048414978635,0.10701045389265555,9.799177222438956e-06,0.12052973173006669
"('4062568000', 'Nursing Administration')",0.0012484394506866417,0.0,0.080318868917801,1.6040339163134947e-06,0.08567667467140067
"('0089763000', 'School of Education')",0.0012484394506866417,0.0,0.10425614994142914,0.000926523911802172,0.11502115325217066
"('0014316000', 'Applied Economics and Statistics')",0.0012484394506866417,0.0,0.12206179283020306,0.0002898745809072929,0.13768784568556464
"('0017749000', 'Ecology & Evolution')",0.0006242197253433209,0.0,0.10229885057471265,4.401281758094526e-05,0.113309552768452
"('0015693000', 'School of Psychology')",0.0006242197253433209,0.0,0.101139556172859,0.000144538558218136,0.11154909746704732
"('0017749000', 'University Library')",0.0006242197253433209,0.0,0.09576471291508504,7.073627844891197e-06,0.10417832330890565
"('0028068000', 'Computer Engineering')",0.00031210986267166043,0.0,0.10533583193608838,9.173760498186818e-06,0.11562369244714281
"('0013151000', 'Computer Science Department')",0.0009363295880149813,0.001871879632195628,0.10253784363298876,5.681573824677646e-06,0.11240309648516648
"('0030908000', 'Research and Development')",0.0006242197253433209,0.0,0.09524092625070599,8.867658269753542e-07,0.10296170578420956
"('5300011474', 'Unknown Dept')",0.0024968789013732834,0.01999516745113098,0.11666181182639092,0.001175297992119712,0.1313217355896081
"('0034256000', 'ECE')",0.0006242197253433209,0.0,0.10634978590632987,1.1408554060156956e-05,0.11731232366733377
"('0015693000', 'Electrical and Computer Engineering')",0.0018726591760299626,0.009267109422772883,0.10723250443455269,2.3044784048083127e-06,0.12123886838327931
"('0021030000', 'Astronomy')",0.00031210986267166043,0.0,0.09619310676113847,8.151203130593569e-06,0.1068795706190833
"('0015693000', 'School of Building Construction')",0.0006242197253433209,0.0,0.101139556172859,0.000144538558218136,0.11154909746704732
"('0029728000', 'Mechanical & Aerospace Engineering')",0.0018726591760299626,0.007148535087357404,0.1259433962264151,0.00012690373953770073,0.1470300606861958
"('0036756000', 'Chemistry')",0.0006242197253433209,0.0,0.09714978775015161,1.3801449288286456e-05,0.10472723054325679
"('0030908000', 'Chemistry')",0.0012484394506866417,0.0,0.07897266520420991,9.168966221416104e-08,0.08472417539697961
"('0018259000', 'Environmental and Ecological Engineerin')",0.0009363295880149813,0.0,0.1289024782748632,0.07990196946722074,0.14700102699455525
"('4001434000', 'Unknown Dept')",0.0028089887640449437,0.003118565109255017,0.0842647871025432,4.520311161656023e-07,0.09177151279248354
"('0034488000', 'Integrated Information Technology')",0.002184769038701623,0.015820338585089185,0.10515260912372826,0.00015256697950052748,0.11632291859163227
"('0022269000', 'Mechanical Engineering Department')",0.0009363295880149813,0.0,0.09593676078689703,3.470065949336025e-06,0.10477442096313837
"('0010637000', 'Water & Environmental Research Center')",0.0009363295880149813,0.0,0.07522892697816388,1.5853662447681853e-07,0.08153218469216401
"('0018408000', 'Department of Physics and Astronomy')",0.0012484394506866417,0.0,0.08507700477960702,8.016711778000454e-08,0.09140748971002957
"('0001057000', 'HCII')",0.00031210986267166043,0.0,0.09648568072996658,3.158472417556733e-05,0.10341876813504924
"('0014811000', 'Department of Biological Sciences')",0.0006242197253433209,0.0,0.08867976750622751,2.3971538313805887e-07,0.09712452834387675
"('0021782000', 'Nuclear Science and Engineering')",0.002184769038701623,0.004118338174457204,0.12984802431610942,0.0027574672062784075,0.14693956303015557
"('0016105000', 'Information and Computer Sciences')",0.0009363295880149813,0.0,0.09888888888888889,8.77674005250401e-06,0.10829041238301222
"('0037549000', 'Biological Systems Engineering')",0.00031210986267166043,0.0,0.08289351133188451,2.0039267850169296e-05,0.08966717822877436
"('0033290000', 'Behavioral Sciences and Education')",0.0009363295880149813,0.0,0.1037228876659113,1.009603634538321e-05,0.1178945851269255
"('0019281000', 'Chemistry')",0.001560549313358302,0.0,0.08947471306096233,1.9570169393768553e-06,0.09981470342986243
"('0013474000', 'Mathematics & Computer Science')",0.0012484394506866417,0.0012480496787694744,0.08300948235659879,3.285706023960021e-05,0.09176351613971896
"('0022228000', 'Department of Physics')",0.0009363295880149813,0.0,0.11257510277221461,0.00030840320343187015,0.12295686381098124
"('0013177000', 'Computer Science & Engineering Departmen')",0.0006242197253433209,0.0,0.10533929510783797,1.0300112329723737e-05,0.11577974737847863
"('0020321000', 'Department of Chemistry')",0.00031210986267166043,0.0,0.09523243371775056,6.976383484443348e-06,0.10396988296566144
"('0028035000', 'Chemical and Biological Engineering')",0.0009363295880149813,0.0,0.10737265415549598,6.559297055297043e-06,0.11865309919208161
"('0025650000', 'Mechanical and Materials Engineering')",0.0012484394506866417,0.0,0.09050336139201175,8.080060320318773e-07,0.09872191905925787
"('0013144000', 'Department of Health, Society, & Behavio')",0.0012484394506866417,0.0,0.11661086038724705,0.0018037592793591088,0.13142318171237852
"('0027110000', 'Architecture')",0.0009363295880149813,0.0,0.11050562185279714,0.0012846099388702564,0.1226689551828907
"('0021303000', 'Biomedical Engineering')",0.00031210986267166043,0.0,0.0720226588140089,8.14052064482852e-09,0.07676217784044737
"('0019893001', 'Unknown Dept')",0.003433208489388265,0.0136704704508063,0.06755787964407708,1.13581697286544e-09,0.07538551102982585
"('0029728000', 'Department of Mathematics')",0.0006242197253433209,0.0030275338780006117,0.11409037495994018,8.06310627181215e-05,0.12622363218878352
"('0015693000', 'Unknown Dept')",0.009363295880149813,0.06821435137597855,0.12474692415511603,0.011833851328122102,0.15096220755369233
"('5300001194', 'Center for High Angular Resolution Ast.')",0.0006242197253433209,0.0,0.06371554707075527,7.444249034254174e-09,0.06719344493086882
"('0037457000', 'Civil and Environmental Engineeering')",0.00031210986267166043,0.0,0.1086285811154433,7.935942214007099e-06,0.119910356699883
"('0028068000', 'Microsystems PhD Program')",0.0012484394506866417,0.0,0.08540128475091292,1.2660778991552118e-06,0.09340727834023976
"('0020107000', 'Philosophy')",0.0012484394506866417,0.0,0.09994696946064822,2.8319495772630064e-06,0.10901043149255861
"('0014316000', 'Mechanical Engineering')",0.0009363295880149813,0.0,0.10753482127873805,0.00027515072787507737,0.1196330118065781
"('0011403001', 'Mechanical Engineering')",0.002184769038701623,0.009108590718657678,0.119708574631048,0.0017691085643479273,0.13708271345314627
"('0024240000', 'Natural Sciences and Environmental Healt')",0.001560549313358302,0.0,0.08411435772229661,9.919576254769274e-06,0.091951487966081
"('0014803000', 'Chemical and Biomedical Engineering')",0.0009363295880149813,0.0,0.10414093479815381,0.00010102342630498023,0.11460317820220486
"('7203596733', 'Unknown Dept')",0.0009363295880149813,0.0,0.08229945287816907,1.376185545111919e-06,0.08889450589562735
"('0018697000', 'Civil, Construction and Env Engineering')",0.0012484394506866417,0.0,0.06990596295245784,5.505354305085831e-08,0.07591307409225752
"('0018259000', 'Aeronautics and Astronautics Engineering')",0.00031210986267166043,0.0,0.12888692224144174,0.06208742654208479,0.14663689882143835
"('5300009203', 'Physical Science')",0.0012484394506866417,0.0,0.10512500820263797,0.00014811110786648037,0.11698937860337993
"('0037549000', 'Virginia Seafood AREC')",0.0012484394506866417,0.0,0.10956093557652852,0.006566198089749217,0.12380765328793844
"('0026278000', 'Molecular Biology')",0.00031210986267166043,0.0,0.12145104431219438,6.940460811895178e-05,0.1389418584234201
"('0031849000', 'School of Geology & Geophysics')",0.00031210986267166043,0.0,0.082177024288902,8.300821325141066e-07,0.08729586387110054
"('0018259001', 'Unknown Dept')",0.0009363295880149813,0.0,0.1289855072463768,0.08477324516301747,0.1473673845238341
"('0039321000', 'Department of Botany')",0.0006242197253433209,0.0,0.09491927121907866,5.126177618648613e-07,0.10546043822291414
"('0027078000', 'Department of Medicine & Department of M')",0.0006242197253433209,0.0,0.08444690440420653,3.8917756084643426e-08,0.09094234512995591
"('0033290000', 'Unknown Dept')",0.00717852684144819,0.03030717102641462,0.11570128556983966,7.17850170279112e-05,0.13877574420355654
"('0027078000', 'Applied Physics and Applied Mathematics')",0.002184769038701623,0.0037410308609710854,0.09796367638965328,2.4044705253655563e-06,0.10819630667929955
"('0013169000', 'Department of Biology')",0.0012484394506866417,0.0,0.1114706189333055,0.001595350681490207,0.12344048424842306
"('0026542000', 'Electrical Engineering')",0.0009363295880149813,0.0,0.07748675905100486,4.071756525761105e-08,0.08419808376035715
"('0015982000', 'Crop & Soil Sciences')",0.0012484394506866417,0.0,0.09415498545358371,2.6311501360933704e-06,0.10427974653618383
"('7203590820', 'Civil Engineering')",0.0018726591760299626,0.0,0.12430167597765363,0.08917204186313929,0.14154926725031805
"('0022210000', 'College of Information and Computer Scie')",0.0006242197253433209,0.006387035112840512,0.11573890113065781,0.00015830010563785697,0.12824178197546832
"('0014282000', 'Institutional Effectiveness')",0.00031210986267166043,0.0,0.07423196330105185,3.769061400782934e-09,0.07890800669861649
"('0018259000', 'Library Science')",0.0006242197253433209,0.0,0.12889210716871832,0.06968262192522864,0.14679295375277418
"('0030908000', 'Health Services Policy & Management')",0.0012484394506866417,0.0,0.12618147448015124,0.01104781827306323,0.14165430746519647
"('0015800000', ""Dean's Office - Tift College of Educatio"")",0.0012484394506866417,0.0,0.09443527469936336,0.00016024411278940147,0.10250499765184533
"('0029207000', 'Electrical and Computer Engineering')",0.0024968789013732834,0.001871879632195628,0.109978375038616,2.561651604694731e-05,0.12273462428369851
"('0032102000', 'Mechanical, Industrial, and Manufacturin')",0.00031210986267166043,0.0,0.10118107749636834,1.566991912050063e-05,0.11207719958404734
"('0028381000', 'Career Center')",0.0006242197253433209,0.0,0.06767489016559648,1.6082614176953258e-09,0.07245568938175358
"('0028068000', 'Civil Engineering Technology Environment')",0.0009363295880149813,0.0,0.08539218037898777,1.057921004722467e-06,0.09309516847756816
"('0022194000', 'Department of Chemistry')",0.00031210986267166043,0.0,0.07439225428962827,2.4413874498347803e-08,0.07946424924620965
"('0031849000', 'Meteorology')",0.0028089887640449437,0.017418028518225964,0.10893883240964265,0.0003888351541403922,0.12275500741315218
"('0034488000', 'Department of Environmental Health Scien')",0.0006242197253433209,0.0,0.07667456385957355,5.221411599983407e-06,0.08340706378741736
"('0035352000', 'Biological Sciences')",0.0006242197253433209,0.0006242197253433209,0.09851186815889805,0.00036849401209446066,0.10684548588728329
"('0010819000', 'Office of the President')",0.00031210986267166043,0.0,0.10440222881162632,0.0007353793532866692,0.11446422276287783
"('0096354000', 'Biology')",0.0018726591760299626,0.0018714898602784607,0.10520439993432934,4.0967075063108306e-05,0.11863856138878225
"('0037986000', 'Nutritional Sciences Program')",0.0006242197253433209,0.0,0.11868424951844718,0.00018693730894262816,0.13296788057215897
"('0033290000', 'Materials Science and Engineering')",0.0012484394506866417,0.0031179804513792662,0.08212226066897348,2.3418807898983627e-07,0.0893119787842147
"('7203592817', 'Pivotal Biologics Drug Substance Technol')",0.0006242197253433209,0.0,0.10261337432744043,4.149827222130883e-06,0.11174322752197491
"('0037499000', 'Information Sciences and Technology')",0.0012484394506866417,0.0,0.09312870596442274,5.697978435211915e-05,0.10296594931484314
"('0037275000', 'Unknown Dept')",0.0028089887640449437,0.0024953198137046143,0.09316390916228083,6.964833720068608e-05,0.1040739393273274
"('0028068000', 'Ph.D. Program in Computing and Informati')",0.0009363295880149813,0.0,0.07873396569518848,1.920688606089209e-07,0.08529414892333882
"('0037549000', 'Department of Computer Science')",0.00031210986267166043,0.0,0.10768661983665513,0.0015252187198543958,0.11840366982780287
"('0036327000', 'Department of Chemistry')",0.0024968789013732834,0.0015511947873462885,0.12488793607483921,0.024392933766354496,0.14182810732367324
"('0029728000', 'Department of Teacher Education and Lear')",0.0009363295880149813,0.0003057435880245956,0.12176027969901954,8.332505089709563e-05,0.14025776404644177
"('0011395000', 'Physics and Astronomy')",0.0012484394506866417,0.0,0.07897266520420991,9.168966221416104e-08,0.08472417539697961
"('0028944000', 'Laboratory of Laser Energetics')",0.0012484394506866417,0.0,0.07897266520420991,9.168966221416104e-08,0.08472417539697961
"('0011510001', 'Sociology')",0.001560549313358302,0.0012480496787694744,0.11238950470043496,0.0008628193272784968,0.1263697439836101
"('4100749000', 'Anthropology')",0.002184769038701623,0.006052965930540638,0.125,0.0001064815390671651,0.14481447473933637
"('0013144000', 'Information and Computer Science')",0.0018726591760299626,0.004768816016034218,0.10610676910849119,0.00035432452907822626,0.11794258622311601
"('0015354000', 'Biology')",0.0009363295880149813,0.0,0.10903151160416524,1.560069053896197e-05,0.1214282748879105
"('0031237000', 'Department of Civil Engineering')",0.0012484394506866417,0.0,0.07202751612975744,1.2095323847804065e-08,0.07723034263445484
"('4007712000', 'Unknown Dept')",0.001560549313358302,0.0,0.08173260886201883,2.537423413353374e-06,0.0892521045377712
"('0039545000', 'Civil, Environmental and Construction En')",0.0012484394506866417,0.0,0.09042673289681644,0.0002381551044983738,0.10083583987121665
"('0026294000', 'Mechanical and Aerospace Engineering')",0.001560549313358302,0.0006242197253433209,0.08571887206378083,1.2498512796825558e-07,0.09357968821075811
"('4003554000', 'Physics and Astronomy')",0.0009363295880149813,0.0,0.09698804298471318,3.4725226949648562e-06,0.10605845129679417
"('0077313000', 'Unknown Dept')",0.0012484394506866417,0.0,0.0804661208498669,8.973105840484533e-09,0.08841966957092717
"('0018259000', 'AAE')",0.0012484394506866417,0.0,0.12889210716871832,0.07832213390363495,0.14679295375277418
"('0019893001', 'Department of Chemical and Materials Eng')",0.0018726591760299626,0.006848487470586836,0.06331265067383314,1.500332267048626e-10,0.06982641057088239
"('0033290000', 'Industrial & Manufacturing Engineering')",0.0009363295880149813,0.0,0.05322701221031647,3.8097425806394415e-13,0.056375857628284363
"('0032896000', 'Mathematics')",0.00031210986267166043,0.0,0.09660495688355544,1.062422302049439e-06,0.10673731014795992
"('0013706000', 'Physics')",0.0046816479400749065,0.01735769668029158,0.11413508121972071,3.802934233814164e-05,0.13092938464785184
"('0037986000', 'Computer Science and Engineering')",0.0006242197253433209,0.0006242197253433209,0.11868864604556399,0.00016855262494835222,0.13301989888260424
"('0029207000', 'Unknown Dept')",0.0046816479400749065,0.031207586267741273,0.12352056748525386,0.0001358108696994027,0.14298994279854585
"('0010819000', 'Human Evolution and Social Change')",0.00031210986267166043,0.0,0.11655147326300473,0.004604934859037247,0.13177291689614634
"('0014316000', 'Information Technology')",0.0012484394506866417,0.0,0.10887960036700989,9.279135901354363e-05,0.12005928354750131
"('0023259000', 'Ford School of Public Policy')",0.0012484394506866417,0.0,0.10096426545660805,0.00017858361377590107,0.11272206718967025
"('0029744000', 'Gregory Copenhaver')",0.0012484394506866417,0.0,0.11538461538461539,3.871061007584197e-05,0.13004013587980254
"('4025938000', 'Wharton School')",0.0018726591760299626,0.0018714898602784607,0.09331857633832352,9.418553479638998e-07,0.10289184011956445
"('0031252000', 'School of Education')",0.0006242197253433209,0.0,0.09871522321841206,1.572984396570886e-05,0.10785973101087755
"('0029207000', 'Nicholas School of the Environment')",0.0006242197253433209,0.0,0.08808005278205411,3.1381194616893885e-06,0.09543460777379799
"('0011080000', 'Department of Mathematical Sciences')",0.0006242197253433209,0.0,0.0911651728553137,9.703776349042579e-07,0.09785768439685849
"('0018093000', 'History')",0.0024968789013732834,0.00249454026987028,0.07501580389126923,1.5795446308256034e-09,0.0816158316457089
"('0021782000', 'Materials Science & Engineering Dept.')",0.0012484394506866417,0.0,0.10119386014781126,4.0269967369406e-05,0.108807550916654
"('0015693000', 'Civil and Environmental Engineering')",0.0012484394506866417,0.0008224213746365821,0.11262258778867447,0.0015854848873918684,0.1290228935919497
"('0037275000', 'Information and Engineering Technology')",0.0006242197253433209,0.0,0.08522863299018434,8.5304993640926e-06,0.09259955805356161
"('6250003657', 'Unknown Dept')",0.0012484394506866417,0.0,0.11011444478812249,9.915946561200281e-05,0.12459949975408009
"('0039438000', 'Unknown Dept')",0.0012484394506866417,0.0,0.07788987480247964,9.453419721328809e-07,0.08434691882933097
"('0020206000', 'School of Education')",0.0012484394506866417,0.0,0.11426126029742163,0.01288104653111223,0.12651825038381942
"('0035352000', 'Department of Mechanical Engineering')",0.0006242197253433209,0.0,0.11631875113450717,2.6387414883880614e-05,0.1323221972745908
"('5300020205', 'Institute of Biology Valrose')",0.0009363295880149813,0.0,0.09698804298471318,3.4725226949648562e-06,0.10605845129679417
"('0014803000', 'Division of Research')",0.0012484394506866417,0.0,0.10273511398980345,3.104800179568574e-05,0.11461856446332984
"('0022921000', 'Geological Mining and Engineering and Sc')",0.0006242197253433209,0.0,0.08734767318230147,4.773683572476635e-08,0.09396843822809263
"('0016915000', 'Computer Science')",0.0009363295880149813,0.0006242197253433209,0.0726645952872338,1.7473988098497078e-09,0.07781482151426035
"('0018093000', 'Unknown Dept')",0.003433208489388265,0.04143718799236385,0.12628591699184108,0.007569531062746794,0.14325141120415424
"('0016261000', 'One Palouse')",0.001560549313358302,0.0,0.10576002640699786,1.469752625022882e-05,0.11838086696383444
"('0020081000', 'Chemical Engineering')",0.0009363295880149813,0.0,0.09067496816187916,4.797063797102863e-06,0.0980087411379152
"('0016105000', 'Hawaii Institute of Geophysics and Plan')",0.0012484394506866417,0.0,0.11443674548182013,7.446356903903004e-05,0.12931120892505937
"('0033290000', 'Civil and Environmental Engineering')",0.003121098626716604,0.00684868235654542,0.08137762877171593,1.3621077463473381e-06,0.09115528883059873
"('0014175000', 'Mathematics')",0.003121098626716604,0.013167246712284622,0.11065828555639981,0.0007574932490035603,0.12408353164033366
"('0014266000', 'Physics')",0.001560549313358302,0.00249454026987028,0.09297736506094022,4.937781198697893e-07,0.10136197106406208
"('0013144000', 'Ecology & Evolutionary Biology')",0.00031210986267166043,0.0,0.09088330402223861,3.1133869416583745e-05,0.09873671076963222
"('0033290000', 'Materials, Science & Engineering')",0.00031210986267166043,0.0,0.07589179970628641,2.5538824563614004e-08,0.08100129795185375
"('0010827000', 'Building # 19')",0.002184769038701623,0.010476060733833573,0.11156377311187715,6.572157738304684e-05,0.12519340313613697
"('0036327060', 'Computer Science & Engineering')",0.001560549313358302,3.897719171672312e-07,0.10020015011258444,0.0006286219998354955,0.10946481884902164
"('0034140000', 'Physics')",0.00031210986267166043,0.0,0.10123222748815165,2.9191815526957094e-05,0.10879194542352043
"('5300001416', 'Mechanical and Materials Engineering')",0.0006242197253433209,0.0,0.09050336139201175,7.285836009321883e-07,0.09872191905925787
"('0013482000', 'Applied Mathematics and Statistics')",0.0006242197253433209,0.0,0.09362672043482072,2.2920799471133118e-05,0.09973380004401239
"('6250008410', 'Department of Mathematical and Computer')",0.0012484394506866417,0.0,0.10371617247183737,1.1873949899005124e-05,0.11789458512692545
"('0036566000', 'Mechanical and Aerospace Engineering')",0.0009363295880149813,0.0,0.07451855986603405,1.2812328096430912e-09,0.08108806340046185
"('0017756000', 'Earth Science and Environmental Change')",0.0006242197253433209,0.0,0.0757160412137253,2.676036088288859e-07,0.08173329217841341
"('0037457000', 'Research Computing')",0.0006242197253433209,0.0,0.0999968789987828,8.46877047867537e-07,0.11095462350230864
"('0001347000', 'Mathematics and Applied Mathematics')",0.0006242197253433209,0.0,0.10180154418072633,3.578401493477871e-05,0.10986887410369181
"('4003554000', 'Davidson School of Chemical Engineering')",0.00031210986267166043,0.0,0.10770471964501815,0.00010799639341481396,0.11940692812127898
"('0014449000', 'Decision Sciences')",0.00031210986267166043,0.0,0.06763346209866379,2.2711035989177174e-08,0.07287133136170208
"('0021055000', 'IFSM')",0.0006242197253433209,0.0,0.08712677435144396,1.485869333868495e-07,0.09474131730443211
"('0013706000', 'INSTAAR')",0.00031210986267166043,0.0,0.08795915005765113,1.6827868572663957e-05,0.09477452969614421
"('6250028881', 'Unknown Dept')",0.0009363295880149813,0.0012480496787694744,0.11529327096077725,0.0011051466484777294,0.12810087319017938
"('0013284000', 'Department of Chemical Engineering')",0.0006242197253433209,0.0,0.08304821150855365,2.458520779625333e-07,0.08913671141694417
"('0023259000', 'Industrial and Operations Engineering')",0.00031210986267166043,0.0,0.09729434271658924,0.00011786542249789356,0.10681075926387655
"('5300009955', 'Science, Technology, Engineering, Math')",0.0012484394506866417,0.0012480496787694744,0.07955109742774853,1.6526647725298614e-06,0.08643525202301602
"('0015370000', 'Mechanical Engineering')",0.0012484394506866417,0.0006242197253433209,0.10393823395834685,4.1291690955598904e-05,0.1154627864173633
"('7203585052', 'Unknown Dept')",0.0012484394506866417,0.0,0.11154046997389033,0.00015669878297242996,0.12652011021717638
"('0114629000', 'Computer Science & Engineering')",0.002184769038701623,0.0018714898602784607,0.0813569651109644,1.5494265553337456e-06,0.09069752769868038
"('0030510000', 'Psychology')",0.00031210986267166043,0.0,0.09829125379636162,1.6855733247056424e-06,0.10739328981823036
"('0030262000', 'Natural Sciences')",0.0009363295880149813,0.0006242197253433209,0.09748083242059145,3.944974393589434e-05,0.1074801551233504
"('0033787000', 'City Planning')",0.0012484394506866417,0.0,0.07526957502290507,2.2272498062673861e-07,0.08240089047660012
"('0010827000', 'School of Forestry')",0.0024968789013732834,0.0038500773732754222,0.095547669459935,6.882939333441321e-06,0.1057114067965193
"('0010637000', 'Institute of Northern Engineering')",0.0018726591760299626,0.0018714898602784607,0.08134250679123613,1.137567666875544e-06,0.09002128966289172
"('0035998000', 'Teaching and Learning')",0.0012484394506866417,0.0,0.10512500820263797,0.00014811110786648037,0.11698937860337993
"('0021550030', 'Genetics')",0.0006242197253433209,0.0,0.07228589477483982,7.255250512101101e-10,0.07655699011753583
"('0022210000', 'Manning College of Information and Compu')",0.00031210986267166043,0.0,0.10095154073980717,1.4026119863204575e-05,0.10991232311706947
"('0037457000', 'Electrical & Computer Engineering')",0.0006242197253433209,0.0006242197253433209,0.11418796108200577,0.005374962044861871,0.12766692247134356
"('0080010000', 'Biological Sciences')",0.0009363295880149813,0.0,0.09698804298471318,3.4725226949648562e-06,0.10605845129679417
"('0013128000', 'Astronomy')",0.001560549313358302,6.2363506746757e-06,0.08534896110815131,1.6745890791762168e-05,0.09272741339685746
"('4062600000', 'Unidata Program Center')",0.00031210986267166043,0.0,0.10084033613445378,1.450037518631033e-06,0.1120895597186592
"('0028068000', 'College of Liberal Arts (CompSci Affil.)')",0.0012484394506866417,0.0006242197253433209,0.07873590052343155,1.9414984006899825e-07,0.08545020385467463
"('0028373000', 'Geography')",0.0012484394506866417,0.0008153645803595931,0.09917969354589073,4.9614175394850626e-06,0.11157019179801864
"('0017749000', 'Department of Chemistry')",0.0012484394506866417,0.0,0.10277465918203689,1.7911335502001643e-05,0.11590609918815793
"('0035998000', 'Mechanical Engineering')",0.005930087390761548,0.016501549892334783,0.11745729159029254,0.000914553876080628,0.13635619833607118
"('0036962000', 'Department of Physics')",0.00031210986267166043,0.0,0.06764631365594122,1.397400481118159e-09,0.07178985500805403
"('0034256000', 'Industrial Engineering')",0.0012484394506866417,0.0018714898602784607,0.102475532527346,2.80240801910545e-05,0.11277716884189501
"('0025189000', 'Psychology')",0.0012484394506866417,0.0,0.08221919987682517,6.417767485191395e-07,0.08885371528112455
"('0013151000', 'Microbiology, Immunology, & Molecular Ge')",0.00031210986267166043,0.0,0.08509734137207511,6.85746057571069e-08,0.09017262164014396
"('0023259000', 'Computer Science and Engineering')",0.0012484394506866417,0.004912807518004546,0.11833357955384842,0.006231857964992708,0.13116371419067446
"('0037499000', 'Early Childhood Education')",0.0006242197253433209,0.0,0.09522394269920052,0.00015142692242132224,0.10448388461449151
"('0021998000', 'Department of Psychology')",0.0006242197253433209,0.0,0.10841905793178126,7.3168778669295e-05,0.12186436621388447
"('0026542000', 'Department of Computer Science')",0.0012484394506866417,0.0,0.08022233906707729,1.0444690821079707e-07,0.08697153871324215
"('7203588636', 'Unknown Dept')",0.00031210986267166043,0.0,0.12888692224144174,0.06208742654208479,0.14663689882143835
"('0028068000', 'Department of Physics')",0.0012484394506866417,0.0,0.08540128475091292,1.2660778991552118e-06,0.09340727834023976
"('0010835000', 'Management Information Systems')",0.0012484394506866417,0.0,0.09134711332858161,2.0315688644320976e-06,0.09870758939081911
"('0028373000', 'Sustainable Urban Environments Initiativ')",0.0009363295880149813,0.0,0.09877304396078673,4.848320714755568e-06,0.110297355880988
"('0034140000', 'Electrical and Computer Engineering')",0.00031210986267166043,0.0,0.10634625597450877,1.0163885710494463e-05,0.11715626873599794
"('0022194000', 'Education and Physics')",0.0012484394506866417,0.0,0.09773656274784943,2.9199901959189587e-05,0.10743813976165661
"('0016915000', 'Kaplan Institute')",0.0018726591760299626,0.0,0.07386402932429628,9.158145100686145e-09,0.08014242364149181
"('0010637000', 'Civil and Environmental Engineering')",0.0009363295880149813,0.0,0.07522892697816388,1.5853662447681853e-07,0.08153218469216401
"('0022905000', 'Integrative Biology')",0.0006242197253433209,0.0,0.11424496345159565,0.012588576800414811,0.1262113423521923
"('0013177000', 'Unknown Dept')",0.005305867665418227,0.050467037243875065,0.12762906309751434,0.0006467802195696362,0.14751552117867908
"('0032235000', 'Psychology')",0.0009363295880149813,0.0,0.09521262369617545,6.23033104796305e-07,0.10466657892972563
"('0017749000', 'Dept. of Astronomy and Astrophysics')",0.0009363295880149813,0.0,0.10589285124103513,5.643465843389171e-05,0.11807033510827145
"('7203591994', 'Unknown Dept')",0.0006242197253433209,0.0,0.08953972556800716,7.546311899029084e-06,0.09677751652280103
"('4006821000', 'Unknown Dept')",0.0028089887640449437,0.02347927563227826,0.11428571428571428,0.0002837697996322136,0.1300446224657152
"('0019281000', 'Applied Human Sciences')",0.0009363295880149813,0.0,0.07781798751609065,4.832908845017737e-08,0.0854437047840658
"('0023879000', 'Dept. of Chem. Eng. & Mats. Sci.')",0.0012484394506866417,0.0,0.1021195219123506,3.4640955198774786e-05,0.1139146135618943
"('6250032532', 'Engineering Physics')",0.0006242197253433209,0.0,0.11416354890432924,4.3087011264842564e-05,0.12732453711849345
"('0038950000', 'Dept. of Elec. & Compt. Engineering')",0.0009363295880149813,0.0,0.09630587032973639,1.7295360056316443e-06,0.10527755862942934
"('0037986000', 'Physics')",0.00031210986267166043,0.0,0.11867985331703522,0.00016654710077261943,0.13281182564082314
"('0034256000', 'Physics and Astronomy')",0.0012484394506866417,0.0,0.07667456385957355,5.948422504446266e-06,0.08340706378741734
"('0025650000', 'Teaching, Learning, Teacher Education')",0.001560549313358302,0.0,0.09621043781154286,1.4519077090433252e-05,0.10760782696531712
"('0028381000', 'Unknown Dept')",0.0018726591760299626,0.011668280350722435,0.10764682166375487,3.9219127483654115e-06,0.12154849542113012
"('6250008292', 'Office of the Vice Chancellor for Resear')",0.001560549313358302,0.0006242197253433209,0.12487333385298932,0.022238577602806377,0.14135994252966574
"('0025650000', 'Earth and Atmospheric Sciences')",0.0018726591760299626,0.00249454026987028,0.08524223800782185,9.696790162641261e-08,0.09353689757985517
"('7203592762', 'Package Innovation')",0.0009363295880149813,0.0,0.12413312153732904,0.0180882926815875,0.13996045337268612
"('0036582000', 'Oden Institute for Computational Enginee')",0.0024968789013732834,0.018312907880523515,0.12044659975188902,0.00011166859006178264,0.137036414981396
"('0020107000', 'Computer Science')",0.0024968789013732834,0.011427569285882675,0.11015608883999174,1.70487515312404e-05,0.12277258209286579
"('0013706000', 'Integrated Design Engineering')",0.0006242197253433209,0.0,0.10384727579165721,0.0008587105862471774,0.11621097980435374
"('P270068463', 'Unknown Dept')",0.00031210986267166043,0.0,0.0914409657809869,6.831644165752075e-08,0.09977003414054028
"('0013151000', 'Psychiatry & Biobehavioral Sciences')",0.0018726591760299626,0.0032548042481256663,0.13587786259541984,0.03776340331153964,0.15465134544777678
"('0011510001', 'Mechanical Engineering')",0.0006242197253433209,0.0,0.1010406811731315,0.00010588008031292955,0.11034477177393459
"('0015354000', 'Entomology and Nematology')",0.0006242197253433209,0.0006242197253433209,0.10903151160416524,1.2321024185429187e-05,0.12132423826701993
"('0033290000', 'Mechanical and Nuclear Engineering')",0.0012484394506866417,0.0024951249277460306,0.09403891872853747,2.570032852988478e-05,0.10324137021324901
"('0013284000', 'Biological Sciences,Biomedical Engineer')",0.0012484394506866417,0.0,0.09996256083863722,0.00028260087500052173,0.11141571614613646
"('0015693000', 'School of Chemistry and Biochemistry')",0.0006242197253433209,0.0,0.11093030502371637,0.001478111732599505,0.1262502099424208
"('0036327040', 'Department of Plant Pathology and Microb')",0.0012484394506866417,0.0,0.0875696949819613,1.6622577684547245e-07,0.09550882372176706
"('0015693000', 'School of Computational Science & Engine')",0.0006242197253433209,0.0,0.09987531172069826,0.00021421258929263926,0.11034413895096375
"('0017756000', 'Microbiology')",0.001560549313358302,0.0006242197253433209,0.08931508376773618,1.768205714550572e-06,0.0982257781128455
"('0017756000', 'Unknown Dept')",0.004057428214731586,0.05250001233318917,0.1150655413898366,2.8297969593615032e-05,0.13341887762878038
"('0018408000', 'Computer Science and Engineering')",0.001560549313358302,0.0005816329391430405,0.12690114068441063,0.05038646554311149,0.1449887386776451
"('0001057000', 'Physics')",0.0012484394506866417,0.0,0.09747193574883636,1.994787534924927e-05,0.10641314763610735
"('0021782000', 'Dept of Electrical Eng & Computer Sci')",0.00031210986267166043,0.0,0.12304619993087292,0.0013182300406040486,0.13642365570121115
"('0021998000', 'Mathematics Department')",0.0009363295880149813,0.0,0.10423579933632637,4.1832969168204256e-05,0.11541291177492234
"('0037549000', 'Computer Science')",0.0056179775280898875,0.02384049675651299,0.09934575672072184,0.0014449494190791434,0.11486724126216827
"('0035949000', 'Engineering Technology')",0.0006242197253433209,0.0,0.10332150919058368,0.00022311017797458082,0.11158839897222629
"('0027078000', 'Ocean and Climate Physics')",0.0009363295880149813,0.0,0.08188718787538017,1.1625627166006024e-06,0.08940169056786727
"('0010637000', 'International Arctic Research Center')",0.0012484394506866417,0.0,0.07524836186852674,2.0769790217730432e-07,0.08207837695183937
"('0033795000', 'Mathematics')",0.0009363295880149813,0.0,0.10079275198187995,2.1300578518901447e-05,0.10899064710897166
"('0037275000', 'Math, Science, Technologies & Business')",0.0006242197253433209,0.0,0.08522863299018434,8.5304993640926e-06,0.09259955805356161
"('0034256000', 'Department of Bioengineering')",0.0012484394506866417,0.0012480496787694744,0.11433873385197345,3.38627189344156e-05,0.12781267247664355
"('0035063000', 'Unknown Dept')",0.0024968789013732834,0.027929470587978945,0.11920529801324503,0.0020476105392741744,0.13830986693557107
"('0013706000', 'Mathematics')",0.0012484394506866417,0.0,0.10244931892306708,5.236412556785688e-06,0.1131124559581581
"('0013201000', 'Mechanical Engineering')",0.0024968789013732834,0.00249454026987028,0.1254355400696864,0.009851261453696927,0.1436072865989468
"('0029843000', 'Department of Mathematics and Statistics')",0.0012484394506866417,0.0,0.11505314564780235,9.377520708793331e-05,0.12850346986514086
"('0013136000', 'Food Science and Technology')",0.0012484394506866417,0.0,0.10320834943950521,4.01121889752875e-05,0.11394984269421823
"('0036756000', 'University of Utah School of Computing')",0.00031210986267166043,0.0,0.09796667176272741,1.8192969027587374e-05,0.10554353431095541
"('0014449000', 'Statistics')",0.00031210986267166043,0.0,0.06763346209866379,2.2711035989177174e-08,0.07287133136170207
"('0030908001', 'Chemistry')",0.001560549313358302,0.0012480496787694744,0.08573034008508816,5.357926518368377e-07,0.09322539287391159
"('0032581000', 'Instruction and leadership in Education')",0.001560549313358302,0.0,0.09621043781154286,1.4519077090433252e-05,0.10760782696531712
"('0071043000', 'Physics')",0.0006242197253433209,0.0,0.09228642202891872,3.2090215857322167e-06,0.10028823691031863
"('0024406000', 'Chemistry and Biochemistry')",0.0006242197253433209,0.0,0.06304852611279468,3.5075542044554248e-09,0.06672638660663684
"('0013201000', 'Mechanical & Environmental Engineering')",0.0012484394506866417,0.0,0.1114706189333055,0.001595350681490207,0.12344048424842306
"('0028373000', 'Department of Chemical and Biological En')",0.0006242197253433209,0.0,0.09907541977179257,9.422627189197637e-06,0.10906477297209287
"('0021030060', 'Horn Point Laboratory')",0.0024968789013732834,0.0031179804513792662,0.0752784173676049,2.360472979546945e-07,0.08307712851238867
"('0014803000', 'Architecture')",0.0006242197253433209,0.0,0.0926976044439301,5.1483317716197055e-05,0.10033500796341209
"('0034710000', 'Co')",0.0009363295880149813,0.0,0.06347822641359908,3.2453219715138894e-11,0.06738633539408097
"('0020107000', 'Chemistry')",0.0018726591760299626,0.006226411490787936,0.08767513134851139,1.062994816644407e-07,0.09552513581104169
"('0036772000', 'Engineering Education')",0.001560549313358302,0.0018714898602784607,0.06348199956410612,3.332087770438203e-11,0.0677504635671979
"('0038000000', 'Mechanical and Materials Engineering')",0.0006242197253433209,0.0,0.11647097313606455,0.0013877211374784747,0.12913822618639598
"('0021030000', 'Department of Mechanical Engineering')",0.00031210986267166043,0.0,0.09504880002373253,5.745768452728583e-06,0.10164621230551212
"('0035303040', 'Food Science')",0.00031210986267166043,0.0,0.1054120743543346,1.2154760727338928e-05,0.11561162403329911
"('0010512000', 'Chemical & Biological Engineering')",0.00031210986267166043,0.0,0.09598562013181546,5.519999909411908e-07,0.10525895396363685
"('0026575000', 'Computer Science Department')",0.0006242197253433209,0.0,0.08397546784085548,2.2051955665083976e-07,0.0927063330916338
"('0013706000', 'Information Science')",0.00031210986267166043,0.0,0.10304570160486283,0.0007375548876604595,0.11459154569428291
"('0037986000', 'Evans School of Public Affairs')",0.00031210986267166043,0.0,0.07060845802939815,1.4813111210650998e-08,0.07396354198544171
"('6250027947', 'Unknown Dept')",0.0009363295880149813,0.0,0.12549941245593418,0.009367566627711621,0.13995791379782901
"('0011312000', 'Physics, Mathematics and Astronomy')",0.0006242197253433209,0.0,0.09313141295817225,7.602238511172002e-05,0.10089392268485503
"('0013219000', 'Unknown Dept')",0.0028089887640449437,0.01114460163985898,0.09095812633073101,5.024377768982868e-07,0.10092725118655732
"('0018259000', 'Physics')",0.0012484394506866417,0.001088868575152501,0.12902186606531632,0.08693086435548271,0.147809540162619
"('0014316000', 'Department of Chemical Engineering')",0.0009363295880149813,0.014793975034447127,0.12511715089034678,0.00020878490865316012,0.14279361771393587
"('0020776010', 'Unknown Dept')",0.0018726591760299626,0.004093612153530231,0.11715236388899046,0.000188129024072681,0.13155809878489608
"('0035691000', 'Materials Science Engineering')",0.0012484394506866417,0.0,0.12367313853398695,0.02079908590077285,0.13874410313948177
"('0021782000', 'Media Lab')",0.0009363295880149813,0.0,0.12549941245593418,0.00952414218336543,0.13995791379782901
"('0027110000', 'Chemical and Biomolecular Engineering')",0.002184769038701623,0.0025104098460009966,0.07984250791198386,1.493823525621827e-06,0.08917872457315196
"('0049544000', 'Biostatistics and Data Science')",0.0006242197253433209,0.0,0.10111402152302205,0.00013094055315611126,0.11103661530285677
"('0035295000', 'Biology, Geology, Environmental Sciences')",0.0009363295880149813,0.0,0.05452596109664574,3.545397348830655e-13,0.05776443062366029
"('0023259000', 'Taubman College of Architecture and Urba')",0.0018726591760299626,0.0,0.12430167597765363,0.08917204186313929,0.14154926725031805
"('0013284000', 'Computer Science Department')",0.0006242197253433209,0.0,0.0995371089502625,5.6718721210925306e-06,0.11024887625467565
"('0028514000', 'Paper and Bioprocess Engineering')",0.0012484394506866417,0.0,0.08771353482260184,1.7650880571843487e-06,0.09735937179891396
"('0013201000', 'Statistics and Applied Probability')",0.00031210986267166043,0.0,0.09526641294005708,2.3507523822983617e-06,0.103489377883734
"('0014316000', 'Geological Sciences')",0.001560549313358302,0.0,0.12205714285714286,0.00028089066267471144,0.1375317907542288
"('0037549000', 'Industrial & Systems Engineering')",0.0006242197253433209,0.0,0.08290638099673964,2.653317983302575e-05,0.09003130640189126
"('6250004721', 'Molecular and Cell Biology')",0.0009363295880149813,0.0,0.11139698212919824,6.381216442614543e-05,0.12404516566744295
"('0032565000', 'Chemical Engineering')",0.0009363295880149813,0.0012480496787694744,0.09571607815020614,1.6688859479389055e-06,0.1043344570907219
"('0013151000', 'Computer Science')",0.00031210986267166043,0.0,0.09300435413642962,6.203545315067096e-07,0.09979037847087023
"('0018408000', 'ACMS')",0.00031210986267166043,0.0,0.12289988492520137,0.028541083913208212,0.1390100566924084
"('0001966000', 'Physics')",0.0009363295880149813,0.0,0.09272711486701589,6.78428803877286e-05,0.10083438374368676
"('0014894000', 'Mechanical Engineering Department')",0.0012484394506866417,0.0,0.08507700477960702,8.016711778000455e-08,0.09140748971002957
"('0001024000', 'Design & Innovation')",0.0009363295880149813,0.0,0.09146445903511276,8.5880838218431e-05,0.09964622074331267
"('0015693000', 'Public Policy')",0.0009363295880149813,0.0,0.09305027154183487,4.5183502314219505e-06,0.100747766175643
"('4009395000', 'Unknown Dept')",0.0024968789013732834,0.0024951249277460306,0.10422562701278423,3.9068064532504265e-05,0.1150665360705022
"('0013169000', 'Chemical & Environmental Engineering')",0.0009363295880149813,0.0,0.09542814594192107,2.5536437135206026e-06,0.10399564277762362
"('6200000580', 'Unknown Dept')",0.0006242197253433209,0.0,0.11229890294767095,5.232103520798671e-05,0.1257993065780615
"('0023259000', 'ICPSR')",0.00031210986267166043,0.0,0.1021488235669196,0.00036375323029350993,0.1127944939571285
"('0011403001', 'Department of Mechanical Engineering')",0.0009363295880149813,0.0,0.11694711099755448,0.001568943211525885,0.1318565065370891
"('0023259000', 'Physics')",0.001560549313358302,0.0024951249277460306,0.09883398112159911,0.0009873049310975502,0.10941646544622405
"('0024398000', 'Physics')",0.0009363295880149813,0.0,0.09279694152402468,5.013016240501926e-06,0.10105479552374678
"('7203594675', 'Unknown Dept')",0.0006242197253433209,0.0,0.09705855623882947,2.745295949281592e-05,0.10638188262280829
"('0024232000', 'Office of Research and Economic Developm')",0.002184769038701623,0.011793523783687499,0.08415633536457238,1.0185014676421077e-05,0.09278080845832283
"('0033290000', 'School of Science, Engineering & Tech')",0.001560549313358302,0.0,0.09399202065242901,1.6630221416532377e-06,0.10395625905943587
"('0010819000', 'Knowledge Exchange for Resilience')",0.0009363295880149813,0.0,0.09714095139920566,0.00014164427944333155,0.10645333830205908
"('0037655000', 'Engineering')",0.0012484394506866417,0.0,0.11093798691181053,0.0019305268169608598,0.1265623198050925
"('0024232000', 'Agricultural and Biological Engineering')",0.0018726591760299626,0.00249454026987028,0.07766707875790851,1.359091139862229e-06,0.08465347299691091
"('0036616000', 'Earth, Environmental & Resource Sciences')",0.0009363295880149813,0.0,0.08707941512203077,1.8483358047531157e-07,0.09445521659698308
"('0016162000', 'Department of Chemistry')",0.0012484394506866417,0.0,0.08407683426052273,1.6641826680693452e-06,0.09131288122645781
"('0031708000', 'Mathematics')",0.0012484394506866417,0.0006242197253433209,0.10542594847158698,0.00030377829684323065,0.11519502162282907
"('0001966000', 'Plastics Engineering')",0.0012484394506866417,0.0,0.08486742775408576,9.574390942920752e-06,0.09084564993366312
"('0020107000', 'Mathematics')",0.00031210986267166043,0.0,0.08053488839734567,2.7551013830286217e-07,0.08554553746309265
"('7203578806', 'Unknown Dept')",0.001560549313358302,0.0,0.07822838586810557,4.3040060775969254e-07,0.08433714639597881
"('0025163000', 'Division of Plant Sciences')",0.0009363295880149813,0.0,0.07598899535148468,6.318998459200776e-08,0.08115639726986293
"('0029728000', 'English')",0.0009363295880149813,0.0,0.11324756114802771,2.5956520028205217e-05,0.1268724861264944
"('0033290000', 'Computer Science Engineering')",0.0006242197253433209,0.0006242197253433209,0.05322878075523732,3.4348915791094353e-13,0.05658393087006547
"('0017756000', 'Civil and Environmental Engineering')",0.004369538077403246,0.009953020790823833,0.10609271523178808,5.754991937389014e-06,0.12159892183593832
"('0027078000', 'Mechanical Engineering')",0.0009363295880149813,0.0,0.0725527048753425,1.4847340296567298e-08,0.07824624891093572
"('0020776000', 'Computer Science')",0.0009363295880149813,0.0,0.09054172436205386,3.7282975462041277e-07,0.09908441073182549
"('P270101737', 'Unknown Dept')",0.0006242197253433209,0.0,0.09706443697173499,8.652984998903054e-06,0.10621896337851403
"('0037549000', 'Virginia Tech National Security Institut')",0.0012484394506866417,0.0020536562619651874,0.1194987319110846,0.007983454586013088,0.1339957602942287
"('0022301000', 'Department of Physical Oceanographt, Woo')",0.00031210986267166043,0.0,0.08192487662686339,5.1894583701881244e-08,0.0876256594287363
"('0500523000', 'Career Services')",0.0009363295880149813,0.0,0.09002275856255795,1.5350367423426007e-06,0.09726890176306548
"('0010835040', 'Medical Imaging')",0.0006242197253433209,0.0,0.0916423545563755,2.824086489460558e-05,0.10034852487561689
"('0013151000', 'Physical Sciences Division')",0.001560549313358302,0.003926371583711795,0.13573395467062063,0.037268463840306736,0.15436162182003824
"('0015693000', 'Civil & Environmental Engineering')",0.0012484394506866417,0.0,0.10455895310511373,0.0004496635943848935,0.11640378269167724
"('0026179000', 'Department of Physics and Astronomy')",0.0012484394506866417,0.0,0.08534441425603324,1.5559816521763083e-05,0.09251934015507637
"('0010090000', 'Industrial & Systems Engineering')",0.00031210986267166043,0.0,0.05600223729287562,4.3487056752717074e-11,0.058498724128318434
"('0013128000', 'Lawrence Hall of Science')",0.002184769038701623,0.001871879632195628,0.07955307262569833,1.8604305271914111e-06,0.08659130695435185
"('0017756000', 'College of Engineering')",0.0012484394506866417,0.0,0.08931259407927747,1.7492655461574286e-06,0.09806972318150965
"('7203590894', 'Unknown Dept')",0.00031210986267166043,0.0,0.09240086517664023,3.943168510516211e-06,0.0982004495826585
"('0010819000', 'Department of Management')",0.0006242197253433209,0.0,0.09313141295817225,5.006775478138379e-05,0.10301796762528842
"('0034256000', 'Department of Industrial Engineering')",0.0012484394506866417,0.00249454026987028,0.11414727991734654,0.0002453575434046729,0.12888981597383
"('0027078000', 'Biochemistry and Molecular Biophysics')",0.001560549313358302,0.0037394717733024167,0.09796367638965328,2.33465472240325e-06,0.10791540780289502
"('0013508000', 'Atmospheric Science')",0.0018726591760299626,0.001871879632195628,0.09015447817890206,0.0001412507884203485,0.09900033663121909
"('0038950000', 'Physics')",0.003121098626716604,0.0030213212872318655,0.10166264754410458,2.623300172655411e-05,0.11370358956625096
"('0036442000', 'Curriculum and Instruction')",0.0006242197253433209,0.0,0.07534037199896536,2.632955754216329e-09,0.08012147777566316
"('0016204000', 'Unknown Dept')",0.0006242197253433209,0.0,0.0910796520552618,6.45850474962732e-05,0.09754080562998245
"('0013052000', 'Polymer Dielectic')",0.0006242197253433209,0.0,0.08339189505739049,4.825731991515681e-06,0.08855800447318429
"('0035063000', 'Computer Science and Data Science')",0.003121098626716604,0.014181418170027327,0.1079951462855602,0.00031863244846890086,0.12285127990560192
"('0022194000', 'Physics')",0.0012484394506866417,0.0,0.10996705107084019,2.2541008580800306e-05,0.12237049611058157
"('0037499000', 'Geography and Geoinformation Sciences')",0.0012484394506866417,0.0,0.10497346176528406,0.0014357750209723168,0.11642386934750706
"('4003554000', 'Biochemistry')",0.0009363295880149813,0.0,0.09310705567825177,1.4920106275320502e-06,0.10309362195587923
"('0024109000', 'Unknown Dept')",0.0024968789013732834,0.0018714898602784607,0.09280500521376434,5.839641925853687e-06,0.10152296031775428
"('0028373000', 'Geology')",0.00031210986267166043,0.0,0.09697630073549442,8.095708748906227e-07,0.10755298868565653
"('0025684000', 'CEP Counseling and Educational Psycholog')",0.0012484394506866417,0.0,0.09667783108536254,1.592347905396947e-06,0.10570188051965018
"('0018259000', 'ECE')",0.0006242197253433209,0.0,0.12889210716871832,0.06968262192522864,0.14679295375277418
"('0018259000', 'Electrical and Computer Engineering')",0.007802746566791511,0.22128187390940898,0.15322079288412796,0.22436140989430509,0.18382236997639678
"('0019893001', 'Physiology')",0.00031210986267166043,0.0,0.056207568022735646,2.3204646040484576e-12,0.05983552973987023
"('0018259000', 'Computer and Information Technology')",0.003745318352059925,0.007016803716146947,0.13208558354289485,0.18778641749271496,0.15194413957013125
"('0001057000', 'Chemistry')",0.0024968789013732834,0.0018714898602784607,0.11953439785106701,0.002340011877676971,0.13443235595384087
"('0017749000', 'Human Genetics')",0.00031210986267166043,0.0,0.09539689156196034,2.8337407591575055e-07,0.10257098886622441
"('0018408000', 'Physics')",0.0018726591760299626,0.010067356199566653,0.1237065637065637,0.04188067185337636,0.14129619474633667
"('0017756000', 'Dept of Chemistry')",0.00031210986267166043,0.0,0.0819940628518784,1.9271827066501583e-07,0.08818265796812814
"('0010827000', 'SICCS and Ecoss')",0.0009363295880149813,0.0,0.07855251544571933,1.4890566079339817e-08,0.08458197128580126
"('0036327000', 'High Performance Research Computing')",0.001560549313358302,1.948859585836156e-07,0.08360296419997912,1.996974429311489e-05,0.09009151141188809
"('0020917000', 'Engineering and Aviation Sciences')",0.0009363295880149813,9.744297929180781e-08,0.07423884331989435,4.871708327717192e-09,0.07932415318217871
"('0033795000', 'Industrial Engineering')",0.0006242197253433209,0.0006242197253433209,0.11208675878957496,0.00017410150593699447,0.12409100669324861
"('0013144000', 'Psychology and Social Behavior')",0.0006242197253433209,0.0,0.09818883883423739,5.022576978379627e-05,0.10693490185234152
"('0014894000', 'Industrial and Manufacturing Engineering')",0.00031210986267166043,0.0,0.09316932740120387,3.4208062924112827e-06,0.10120314430880106
"('0033290000', 'Department of Geography')",0.0009363295880149813,0.0,0.10170782807440798,0.00021355656232990137,0.11313593279048295
"('0028373000', 'Unknown Dept')",0.0046816479400749065,0.01958288100911313,0.10944491887275833,3.4665284448776424e-05,0.12696766026950426
"('0021303000', 'Earth and Environment')",0.0006242197253433209,0.0006242197253433209,0.10500786575773466,5.825446987549037e-06,0.11618369702321873
"('0025064000', 'Biochemistry and Molecular Biology')",0.001560549313358302,0.0,0.08787471544938427,2.567360566628503e-07,0.09474876224475393
"('0013128000', 'The Lawrence Hall of Science, Learning D')",0.00031210986267166043,0.0,0.07369244215465293,2.0277039473359904e-07,0.07850045511185942
"('0018697000', 'Biochemistry/Biophysics/Molecular Bio.')",0.0006242197253433209,0.0,0.0751002039237747,5.408226107159737e-07,0.08166760375998564
"('7203590431', 'Physics and Astronomy')",0.0012484394506866417,0.0,0.12400820528699152,0.000561628344053113,0.14000409411586393
"('0017749000', 'Department of Computer Science')",0.0012484394506866417,0.0,0.10996705107084019,2.2541008580800306e-05,0.12237049611058157
"('0013201000', 'Psychological and Brain SciencesPhy')",0.0006242197253433209,0.0,0.10338151781104801,0.0001351862803471745,0.11221842827608118
"('0021782000', 'Computer Science & AI Lab (CSAIL)')",0.00031210986267166043,0.0,0.10123222748815165,2.9191815526957094e-05,0.10879194542352043
"('0037986000', 'Mathematics')",0.002184769038701623,0.007271380658777314,0.1045828437132785,0.00011593362339846127,0.1163636360858376
"('0038950000', 'Wisconsin Institute for Discovery')",0.002184769038701623,0.0012480496787694744,0.09441579490201857,6.724440649998188e-06,0.10249579266802726
"('0035998000', 'Manufacturing Engineering')",0.0006242197253433209,0.0,0.10143413429575458,2.71610197055998e-05,0.11151376933722974
"('0010819000', 'School of Social and Family Dynamics')",0.0009363295880149813,0.0,0.11655995343422584,0.005983911802619268,0.132085026758818
"('0036327060', ""J. Mike Walker '66 Department of Mechani"")",0.00031210986267166043,0.0,0.11101486434981463,0.002423979161541106,0.12149977654048294
"('0017400000', 'EECS')",0.0009363295880149813,0.0,0.12057351446957439,0.0014008005648469522,0.13541405175803967
"('0033795000', 'Physics and Astronomy')",0.0006242197253433209,0.0006242197253433209,0.0844647141011784,2.2921834658503536e-06,0.08892287426119914
"('0017749000', 'Institute for Molecular Engineering')",0.001560549313358302,0.0006242197253433209,0.10525278407411058,6.400712244460918e-05,0.11849421950783881
"('0001024000', 'Department of Biology')",0.00031210986267166043,0.0,0.08381510450728542,1.1396625524841875e-05,0.0898919341069461
"('0021782000', 'Aeronautics and Astronautics/ CSAIL')",0.0012484394506866417,0.0,0.1204828338284511,0.005267276607598622,0.13567092483051826
"('0033886000', 'Civil and Environmental Engineering')",0.001560549313358302,0.004019783244054914,0.1106773981830115,0.001220251934521176,0.1254238379797851
"('0013169000', 'Psychology')",0.0006242197253433209,0.0,0.09188941149478032,2.426001635566481e-05,0.09973940896888543
"('0028373000', 'Anthropology')",0.00031210986267166043,0.0,0.0986513947903196,3.778907221631826e-06,0.10964403067241933
"('0013169000', ""Bourns College of Engineering Dean's Off"")",0.0012484394506866417,0.0,0.09189995410738871,3.629622088318162e-05,0.10015555545244761
"('0033290000', 'Department of Physics')",0.0009363295880149813,0.0,0.09815575026040071,1.3979181296625176e-05,0.11051755236003347
"('0032102000', 'STEM Center')",0.0009363295880149813,0.0,0.09196854009989093,2.9448910216449613e-06,0.10059498476286546
"('0018259000', 'School of Aviation and Transportation Te')",0.0006242197253433209,0.0,0.12889210716871832,0.07062429925135252,0.14679295375277418
"('0021337000', 'Department of Computer Science')",0.0009363295880149813,0.0,0.1008435100088128,0.0007237279273675136,0.11013215563730164
"('0013136000', 'Electrical and Computer Engineering')",0.0012484394506866417,0.0012480496787694744,0.1124526182788151,0.0002127187578718296,0.12396669366026998
"('4003554000', 'Earth and Planets Laboratory')",0.0009363295880149813,0.0012480496787694744,0.10771920387305002,0.00011140781704699253,0.11982307460484119
"('0037499000', 'Electrical and Computer Engineering')",0.0012484394506866417,0.0,0.09523809523809523,0.0002018773626502587,0.10495204940849896
"('0013508000', 'Fish, Wildlife, and Conservation Biology')",0.0012484394506866417,0.006224657517160683,0.061175392370260054,1.5690450401276916e-11,0.0653812583205818
"('P269855432', 'Biology')",0.00031210986267166043,0.0,0.08833746898263027,6.408196879457209e-06,0.09718241822106706
"('0036756000', 'Electrical & Computer Engineering')",0.00031210986267166043,0.0,0.0932018500741775,9.6282929311054e-07,0.10013969649735946
"('4001434000', 'National Radio Astronomy Observatory')",0.00031210986267166043,0.0,0.07771794498617378,4.929091863429369e-08,0.08287996606529326
"('0013169000', 'Electrical Engineering')",0.0012484394506866417,0.0,0.11299992946321506,3.887309825396165e-05,0.12617713257000868
"('0035303000', 'Department of Chemistry')",0.0006242197253433209,0.0,0.0806484091824406,2.212986876148662e-07,0.08759272838195296
"('0035949000', 'Electrical Engineering')",0.0012484394506866417,0.0,0.08429138933466628,3.1052578414744675e-07,0.09378513841914322
"('0024109000', 'Mathematics')",0.001560549313358302,0.0,0.08493041749502982,9.16737411943674e-07,0.09117354932621129
"('0010819000', 'Electrical Engineering')",0.003433208489388265,0.020037370264128114,0.12421011823996898,0.009172055106714651,0.1436222520466454
"('0038950000', 'Electrical and Computer Engineering')",0.0009363295880149813,0.0,0.10651241647551611,1.1588288791285146e-05,0.11881543705820911
"('0001057000', 'Pittsburgh Supercomputing Center')",0.0024968789013732834,0.013034167796030796,0.10333483841837064,3.5748090821245128e-06,0.11687131973868303
"('0014282000', 'Biological Sciences')",0.0018726591760299626,0.0006242197253433209,0.08018218674140995,3.382910678828838e-08,0.08694568195998528
"('0018408000', 'Computer Science & Engineering')",0.0028089887640449437,0.010049596056555237,0.11214168212523187,0.005192694771005919,0.12604548202733765
"('0033795000', 'Department of Mathematics')",0.0009363295880149813,0.0,0.12848377912339096,0.0057133413499327905,0.1437480466513571
"('4005658000', 'Business Ventures and Innovation')",0.0012484394506866417,0.003124976567105607,0.10220421704041596,0.00010649483933914387,0.11259531395204918
"('0025544000', 'Mathematics')",0.0006242197253433209,0.0,0.0795906200317965,2.1350746637126976e-07,0.08621645413673441
"('0010819000', 'Center for Broadening Participation in S')",0.0006242197253433209,0.0,0.11655571319436865,0.005169724058434709,0.1319289718274822
"('0022194000', 'Computer Science')",0.0018726591760299626,0.0031179804513792662,0.12321181356714352,0.0005063089195056535,0.1404756540443526
"('0016162000', 'Mechanical & Biomedical Engineering')",0.0028089887640449437,0.0014203199655216086,0.09142791918730739,3.947646278948479e-05,0.10168155786067952
"('0025684000', 'Natural Resources & Environmental Scienc')",0.0009363295880149813,0.0,0.09667491400639672,1.3696088782535354e-06,0.10554582558831435
"('0049544000', 'UTHealth School of Public Health in Aust')",0.0006242197253433209,0.0,0.11655571319436865,0.005169724058434709,0.1319289718274822
"('0036582000', 'Institute for Geophysics')",0.0009363295880149813,0.0012480496787694744,0.12036515271046996,9.170728806261854e-05,0.13540920843845933
"('0015982001', 'School of Computing')",0.00031210986267166043,0.0,0.09413008989952407,1.6254597166373333e-06,0.10352548103472736
"('0029728000', 'Mechanical and Aerospace Engineering')",0.002184769038701623,0.021639941955166095,0.11752191615009354,4.737046709914705e-05,0.13477467709420124
"('0021998000', 'Electrical and Computer Engineering')",0.005930087390761548,0.06366896104877923,0.12541590010568757,0.0008763580328825652,0.14901985051765165
"('0026294000', 'Rutgers Institute of Earth, Ocean, and A')",0.00031210986267166043,0.0,0.0931503663216653,7.237607506438339e-05,0.10023389400962063
"('0026633000', 'School of Engineering')",0.0009363295880149813,0.0,0.07428359454697209,3.7129547781486044e-08,0.07961447853719743
"('0018408000', 'Computer Science')",0.0009363295880149813,0.0,0.1008435100088128,0.0007237279273675136,0.11013215563730161
"('0020776000', 'Mathematics')",0.0028089887640449437,0.0333673608659607,0.12546992481203006,0.0006104778415952945,0.14208715552417395
"('0028068000', 'Computing Security')",0.0024968789013732834,0.0024951249277460306,0.07874751149015656,2.0557126739453969e-07,0.08597038695912736
"('0033712000', 'Psychology')",0.0009363295880149813,0.0,0.09855732258759113,2.3657727863260433e-06,0.10845980462538174
"('0022905000', 'Enhanced Digital Learning Initiaitive')",0.0012484394506866417,9.74429792918078e-07,0.09587647375665809,9.157451681767541e-05,0.10608677853709123
"('0018259000', 'Anthropology')",0.0006242197253433209,0.0,0.12889210716871832,0.06968262192522864,0.14679295375277418
"('0021030000', 'Electical and Computer Engineering')",0.0009363295880149813,0.0,0.1110725923871594,0.0017798095697294691,0.1228717782271191
"('0023259000', 'Chemistry')",0.001560549313358302,0.0006242197253433209,0.10058391410811829,0.0005300047319280749,0.11015412382203443
"('0020537000', 'School of computing & InformationScience')",0.001560549313358302,4.136593675193373e-05,0.11011822930987077,0.00010796743468073407,0.12475555468541591
"('6250015946', 'Unknown Dept')",0.0012484394506866417,0.006844979523332332,0.07833549301973057,1.4044876130972697e-08,0.08471503173063766
"('0017392000', 'Center for Biotechnology')",0.0012484394506866417,0.0,0.10757092496222931,0.0009153947143977911,0.11822235651280061
"('0013706000', 'Venture Partners')",0.0012484394506866417,0.0,0.0867188134354616,1.0428392847434118e-07,0.09483493782938728
"('0027078000', 'Chemical Engineering')",0.0012484394506866417,0.0,0.08923299727065115,3.96131904139677e-07,0.09663538620886743
"('0035303000', 'Electrical Engineering and Computer Sci.')",0.0006242197253433209,0.0,0.12146025247355852,7.805862770692133e-05,0.1391499316652012
"('0037549000', 'Department of Engineering Education')",0.0012484394506866417,0.0012480496787694744,0.09043694253133115,0.0002857850905253525,0.10087225268852838
"('0033787000', 'Mechanical Engineering')",0.0012484394506866417,0.0,0.10225640698305301,2.884838082183127e-05,0.11255147449525578
"('7203590539', 'Claudia Scholz')",0.00031210986267166043,0.0,0.1086285811154433,7.935942214007099e-06,0.119910356699883
"('0014456000', 'Computer Science Department')",0.0006242197253433209,0.0,0.07244279641855839,1.1329599847895523e-07,0.07787954473489694
"('0015370000', 'Department of Mechanical Engineering')",0.00031210986267166043,0.0,0.09415498545358371,4.502329541778026e-06,0.10196545689249191
"('0013136000', 'Unknown Dept')",0.003121098626716604,0.004702726712552466,0.11506967389742853,0.0002476036084401127,0.13127018014161979
"('0027110000', 'Soil and Crop Sciences')",0.0009363295880149813,0.0,0.07809681665285428,1.6001122944595917e-06,0.08579688289633618
"('0037499000', 'Unknown Dept')",0.0056179775280898875,0.016990175661397343,0.1026857252740209,0.00040831076952461487,0.11849399844708633
"('0039446000', 'Chemical Engineering')",0.0018726591760299626,0.01309407906267443,0.11972199387190793,5.005159962899178e-05,0.13811312732953815
"('0013284000', 'Department of Computer Science')",0.004057428214731586,0.02207680058023866,0.11050943331148898,4.525609818157527e-05,0.12667526962735998
"('0018697000', 'Agricultural and Biosystems Engineering')",0.00031210986267166043,0.0,0.08644506799050292,1.1034374990400603e-06,0.09491690756300929
"('0026575000', 'Department of Sociology')",0.002184769038701623,0.00249454026987028,0.08195421409387389,2.3816013179120544e-07,0.0909172436803577
"('0018259000', 'Mathematics')",0.0028089887640449437,0.024273263647778417,0.13074349138986371,0.0942468991403284,0.15134769728223693
"('0018259000', 'Ag & Biological Engineering')",0.0009363295880149813,0.0,0.13316708229426433,0.10258480410453835,0.1542091361104361
"('0016162000', 'Human-Environment Systems')",0.0012484394506866417,0.0,0.09175783263646257,1.2479659174194744e-05,0.10134473084549413
"('0016105000', 'Department of Earth Sciences, University')",0.0012484394506866417,0.0,0.08984101169279085,6.142820414231747e-07,0.09792404127276691
"('0010827000', 'Center for Science Teaching and Learning')",0.0018726591760299626,0.010909442856983526,0.10373967945604662,1.60300168471789e-05,0.11540225512281183
"('0019281000', 'Mechanical & Nuclear Engineering')",0.0018726591760299626,0.0012480496787694744,0.08215595271673633,3.1433671325901186e-07,0.0904241457383278
"('5300004960', 'SPPS Office of Teaching and Learning')",0.001560549313358302,0.0,0.09707325940738047,4.653060590901868e-05,0.10695408403770625
"('0032896000', 'Sociology & Anthropology')",0.0012484394506866417,0.0007657396976244396,0.10261337432744043,2.9583437088849045e-06,0.1163967057014948
"('4013520000', 'Research')",0.0006242197253433209,0.0,0.08944224219753225,2.4064206694140856e-07,0.09739322757264919
"('0021998000', 'Unknown Dept')",0.00749063670411985,0.034589864630083116,0.12159392789373814,0.0005979857767742983,0.14401762470394205
"('0022194000', 'Chemistry')",0.00031210986267166043,0.0,0.1050388486378389,0.0001650233573879764,0.11676115691730278
"('0020107000', 'Center of Computation and Technology')",0.0012484394506866417,0.0,0.09994696946064822,2.8319495772630064e-06,0.10901043149255861
"('0013706000', 'ATLAS Institute')",0.0006242197253433209,0.0,0.10384727579165721,0.0008587105862471774,0.11621097980435374
"('4062600000', 'TSS / CGD')",0.0006242197253433209,0.0,0.10118427285646613,1.758742059950596e-05,0.11223325451538317
"('0013136000', 'Materials Science and Engineering')",0.00031210986267166043,0.0,0.05620066654972812,2.030448661924117e-12,0.059637860160178184
"('0025163000', 'Dept of Chemical/Mech & Aerospace Engr')",0.00031210986267166043,0.0,0.09829426923548902,3.492446434271879e-06,0.10808832555279188
"('0013151000', 'Dept. of Electrical Engineering')",0.001560549313358302,0.0,0.1337228714524207,0.009563376723838371,0.15169177228000819
"('0022335000', 'Integrative & Global Studies')",0.0009363295880149813,0.0,0.12549941245593418,0.009367566627711621,0.13995791379782901
"('0023259000', 'Mathematics')",0.002184769038701623,0.028348299228770607,0.12207574487540959,0.004553867614219492,0.13810385264968245
"('0033290000', 'Entomology')",0.00031210986267166043,0.0,0.10370610131089172,7.839556714581658e-06,0.11742642033291796
"('7203589613', 'Unknown Dept')",0.0012484394506866417,0.0,0.1142531112933709,0.016666088663451352,0.12652345221486397
"('0019893001', 'Mechanical Engineering')",0.0012484394506866417,0.0006242197253433209,0.059553903345724905,2.1273157160804177e-11,0.06464985055453945
"('0035949000', 'Teacher Ed & Admin')",0.0006242197253433209,0.0,0.10332150919058368,0.00022311017797458082,0.11158839897222629
"('0025650000', 'Agronomy and Horticulture')",0.0012484394506866417,0.0,0.0961613493802335,1.0048684739645301e-05,0.10986948205226642
"('0020107000', 'Department of Mathematics')",0.0012484394506866417,0.0006242197253433209,0.08758645198327,2.5277160547279706e-06,0.09466632358593526
"('0014936000', 'Chemical Engineering')",0.0009363295880149813,0.0,0.09295848202628601,3.906704922538661e-06,0.10039032607101192
"('0020776000', 'Dept. of Chem. and Biomolec. Engr.')",0.00031210986267166043,0.0,0.11027361899845121,0.0023170275715509803,0.12029629923681802
"('0038026000', 'Department of Mathematics')",0.0012484394506866417,0.0018714898602784607,0.10174335524435553,9.782636631815889e-05,0.11182506820181948
"('0026393000', 'Davidson Laboratory')",0.0009363295880149813,0.0,0.0833355008193097,4.592884455122106e-08,0.08870315872825521
"('0037457000', 'Biocomplexity Institute & Initiative')",0.0012484394506866417,0.011180920899586432,0.11012579913384203,8.343233399448566e-06,0.12232577163852508
"('0023259000', 'Electrical Engr & Computer Science')",0.0006242197253433209,0.000624219725343321,0.11628497804231844,0.0009229966034342721,0.12761712118779073
"('0031849000', 'Geography & Environmental Sustainability')",0.0009363295880149813,0.0,0.09828522347311268,5.5839867683738544e-05,0.10776913911556107
"('0036327000', 'Chemistry')",0.00031210986267166043,0.0,0.11102640515628248,0.0026588002813860085,0.12165583147181878
"('0011510001', 'FASS')",0.0006242197253433209,0.0,0.1010406811731315,0.00010588008031292955,0.11034477177393459
"('0033290000', 'Recreation, Park, and Tourism Management')",0.0012484394506866417,0.0006242197253433209,0.10371281520085457,8.92070960160079e-06,0.11763449357469909
"('0010553000', 'Atmospheric & Earth Sciences')",0.00031210986267166043,0.0,0.0691515766300477,2.002013273082589e-09,0.07307440058588217
"('4006912000', 'Unknown Dept')",0.00031210986267166043,0.0,0.08669534864842926,5.653484605136021e-08,0.09408067232793078
"('0017392000', 'Management and Organizations')",0.0018726591760299626,0.0012480496787694744,0.10757814860826646,0.0009379501859707474,0.11853446637547228
"('0026294000', 'Chemistry and Chemical Biology')",0.00031210986267166043,0.0,0.0931503663216653,7.237607506438339e-05,0.10023389400962063
"('0029751000', 'Software and Information Systems')",0.0009363295880149813,0.0,0.10457601671127358,5.931386306644045e-05,0.11431130504080783
"('0002501000', 'Office of Research Development')",0.0009363295880149813,0.0,0.09987842513794071,0.00028555504256039477,0.11052620303752221
"('7203589509', 'Unknown Dept')",0.0009363295880149813,0.0,0.1187282294523086,0.0007358661429227597,0.1310370577785801
"('4003554000', 'Biomedical Engineering')",0.0012484394506866417,0.0,0.11142022534427598,0.0001650668106123342,0.12476665612840633
"('0028035000', 'Physics, Applied Physics and Astronomy')",0.0009363295880149813,0.0,0.08942726359272078,2.0366673947310343e-06,0.0983539523890562
"('0014266000', 'Dept. Earth and Planetary Sciences')",0.00031210986267166043,0.0,0.08710308829926054,3.965045035984036e-06,0.09382868228759568
"('0017749000', 'Center for Translational Data Science')",0.0006242197253433209,0.0006242197253433209,0.10545370766547082,2.594446665878234e-06,0.11580227247054001
"('0016162000', 'Department of Computer Science')",0.00031210986267166043,0.0,0.09174732260466181,7.654409393691482e-06,0.10082454774104141
"('0039321000', 'Electrical and Computer Engineering')",0.0006242197253433209,0.0,0.09491927121907866,5.126177618648613e-07,0.10546043822291414
"('0037549000', 'Department of Mathematics')",0.0006242197253433209,0.0,0.13403614457831325,0.02952900446354996,0.15261721817956708
"('0036301000', 'ECE')",0.0012484394506866417,0.0,0.09118333428197394,8.26549427742614e-05,0.09888510739563239
"('0036301000', 'Electrical and Computer Engineering')",0.002184769038701623,0.009940742975433065,0.10028169014084506,0.0004684967102572254,0.11038034111285848
"('0036616000', 'Center for Education Research & Policy')",0.0009363295880149813,0.0,0.0869801281355196,6.702168723147197e-08,0.0952254889310274
"('0013052000', 'Ginzton Laboratory')",0.0009363295880149813,0.0,0.10002809778027535,0.000263445931218692,0.10880313351194269
"('0015693000', 'School of Materials Science and Engineer')",0.0006242197253433209,0.0,0.11091878418611092,0.0014475614933319835,0.12609415501108495
"('0018093000', ""Paul H. O'Neill School of Public and Env"")",0.0006242197253433209,0.0,0.09414945197026241,2.057272450382371e-06,0.10396763667351216
"('0036566000', 'CRTLE')",0.0009363295880149813,0.0,0.07451855986603405,1.2812328096430912e-09,0.08108806340046185
"('0033290000', 'School of Science, Engineering, and Tech')",0.0009363295880149813,0.0,0.1037228876659113,1.009603634538321e-05,0.1178945851269255
"('0019281000', 'Industrial & Manufacturing Sys Engr')",0.0009363295880149813,0.0,0.07781798751609065,4.832908845017737e-08,0.0854437047840658
"('0022194000', 'Mathematics')",0.001560549313358302,0.0006242197253433209,0.09991268554322065,0.00020258342226595597,0.10956789600977725
"('0019281000', 'Chemical Engineering')",0.002184769038701623,0.0037394717733024167,0.08948970756640505,1.8860113416780352e-06,0.10054295977609629
"('7203576034', 'Educational Psychology')",0.0009363295880149813,0.0,0.10903151160416524,1.560069053896197e-05,0.1214282748879105
"('0037549000', 'EngE')",0.00031210986267166043,0.0,0.09031457887022212,0.00011950543642129333,0.09893196970891954
"('0013706000', 'Department of Aerospace Engineering')",0.0006242197253433209,0.0006242197253433209,0.09642760405694165,0.00014958246880199456,0.10589473418007601
"('4062600000', 'CISL')",0.002184769038701623,0.01938587675924579,0.11263842503076112,1.1515892074477976e-05,0.12864505580567917
"('0019489001', 'Ecology and Evolutionary Biology')",0.0028089887640449437,0.061925604788568116,0.12631080974532838,6.601250131242464e-05,0.14683904427602307
"('0013532000', 'Physics and Engineering')",0.001560549313358302,0.0,0.1126621892471606,6.344513098736047e-05,0.12627214436914075
"('0036525000', 'Unknown Dept')",0.0024968789013732834,0.004986157250361806,0.11145898559799625,6.2762130641888e-05,0.12531961427335225
"('0036582000', 'DEPT OF EDUCATIONAL ADMINISTRATION')",0.0012484394506866417,0.0,0.10525278407411058,7.054834811439422e-06,0.11624518959324043
"('0020255000', 'College of Science and Engineering')",0.0012484394506866417,0.0,0.07462964688344359,2.7503020518686115e-09,0.07967451025761195
"('7203592646', 'Unknown Dept')",0.0009363295880149813,0.0,0.09328054035169442,5.425169019162538e-06,0.10264420515073353
"('0021287000', 'Lynch School of Education')",0.0018726591760299626,0.00249454026987028,0.08923548252332544,1.5860367623110761e-06,0.10096107028848489
"('0013144000', 'Civil and Environmental Engineering')",0.0018726591760299626,0.003171578947380346,0.11702399649366303,0.0015904280608994548,0.131924760865643
"('0015370000', 'Department of Chemistry')",0.0009363295880149813,0.0,0.10393149085247178,4.078726611338032e-05,0.11525471317558222
"('0013482000', 'Unknown Dept')",0.0012484394506866417,0.0018714898602784607,0.09090651156192368,3.6239032322515497e-05,0.09943895796064339
"('0021055000', 'Office of Vice President for Research')",0.001560549313358302,0.0,0.08018018018018018,3.345033396693416e-08,0.08678962702864947
"('4100749000', 'Conservation Ecology Center')",0.0024968789013732834,0.004860133321350936,0.1193963107881498,5.621926263625113e-05,0.13567094819660264
"('0025650000', 'Physics')",0.00031210986267166043,0.0,0.08881989299476062,2.205923627931187e-06,0.09508468629819353
"('0015982000', 'Unknown Dept')",0.004369538077403246,0.003430967300864553,0.09417989417989418,3.959503224179831e-06,0.1055802042973157
"('7203595298', 'Unknown Dept')",0.00031210986267166043,0.0,0.11655147326300473,0.004604934859037247,0.13177291689614634
"('0013136000', 'Civil and Environmental Engineering')",0.001560549313358302,0.002125569180682538,0.11469893319968497,0.0007370576365940859,0.12701669165477658
"('0036368000', 'Unknown Dept')",0.0006242197253433209,0.0,0.08220232444775123,9.495002208972103e-07,0.08776923049615255
"('0037986000', 'Department of Mathematics')",0.0012484394506866417,0.0006242197253433209,0.11246840775063184,0.0002363173164544956,0.12548434573798004
"('0038950000', 'Civil and Environmental Engineering')",0.0024968789013732834,0.008094978061687642,0.10655846747372621,1.2393793707544267e-05,0.1199338307327826
"('0026393000', 'Department of Civil, Environmental and O')",0.0009363295880149813,0.0,0.0833355008193097,4.592884455122106e-08,0.08870315872825521
"('0022905000', 'Biosystems and Agricultural Engineering')",0.0009363295880149813,0.0,0.07234138631745315,7.2285659313158755e-09,0.07941039264633591
"('0037549000', 'Department of Biological Sciences')",0.00031210986267166043,0.0,0.09874869013129507,0.0007276294663289362,0.10806919120569138
"('0024414000', 'Biological Sciences')",0.003121098626716604,0.014873696359101544,0.09177623098736788,5.0626138421097785e-05,0.1024766930384292
"('0017756000', 'Civil & Environmental Engineering')",0.0006242197253433209,0.0,0.09592239985629603,7.043875835380344e-07,0.10586741316962352
"('0016261000', 'EPSCoR')",0.0012484394506866417,0.0006242197253433209,0.09509675887451027,1.5849128562931536e-06,0.1038843943624218
"('0039321000', 'Unknown Dept')",0.0056179775280898875,0.01370759913188033,0.10486352032467107,4.18095431207715e-06,0.12153951692262104
"('0021782000', 'Mechanical Engineering')",0.0012484394506866417,0.0,0.080318868917801,1.6040339163134947e-06,0.08567667467140064
"('0026575000', 'Physics')",0.002184769038701623,0.015488561558432852,0.09541109555998928,3.177073460940197e-06,0.1056637432603465
"('0022335000', 'School of Business')",0.00031210986267166043,0.0,0.09659621936145196,1.0863108164526757e-06,0.10487450079204508
"('0017749000', 'Computer Science')",0.002184769038701623,0.016190627258419712,0.11787212125671401,2.3476938240525335e-05,0.133839350132173
"('0010819000', 'The Polytechnic School')",0.001560549313358302,0.011898079432568391,0.1238787503866378,0.001370109678589639,0.14107382145532546
"('0022335000', 'Physics')",0.00031210986267166043,0.0,0.0853876289209285,8.27252698317603e-07,0.09278305861489651
"('0023879000', 'Electrical and Computer Engineering')",0.0028089887640449437,0.023806073786706964,0.10182419119049133,3.887498776391082e-05,0.11695814189403993
"('0023879000', 'Hubbard School of Journalism and Mass Co')",0.00031210986267166043,0.0,0.08973784449921578,7.918711005334665e-06,0.09537185306964846
"('0022905000', 'Computer Science & Engineering')",0.0006242197253433209,0.0,0.09906622967039763,1.4453584876958975e-05,0.10847525507975964
"('0039545000', 'Electrical Engineering & Computer Scienc')",0.0012484394506866417,0.0,0.10469903927847853,4.8801425345638847e-05,0.11568154588353691
"('0013052000', 'Civil & Environmental Engineering')",0.0012484394506866417,0.0,0.13076483552363072,0.007690116500777965,0.1470990140706764
"('0013706000', 'Department of Physics')",0.0006242197253433209,0.003117200907544932,0.10247881017111786,4.203546438908096e-06,0.11347658413127501
"('4004453000', 'Center for Integrated Health Care Resear')",0.0009363295880149813,0.0,0.09888888888888889,8.77674005250401e-06,0.10829041238301222
"('0011551001', 'School of Management')",0.00031210986267166043,0.0,0.09879740980573543,0.0007030823939395352,0.1085425578307434
"('0021998000', 'College of Engineering')",0.0012484394506866417,0.0,0.11555940272668254,0.0002863608568656614,0.12870152375310862
"('0018259000', 'Industrial Engineering')",0.00031210986267166043,0.0,0.11524765296212366,0.012987448307405192,0.12687928159209116
"('0035352000', 'Computer Science')",0.002184769038701623,0.0033405220241987167,0.11412695020303483,1.2806566695900376e-05,0.13020250995612115
"('0016261000', 'Food Science and Toxicology')",0.0012484394506866417,0.0,0.08407683426052273,1.6641826680693452e-06,0.09131288122645781
"('0028357000', 'Department of Information Studies')",0.0009363295880149813,0.0,0.11092262419941146,0.0016493092005740756,0.12625020994242084
"('0016162000', 'Mechanical and Biomedical Engineering')",0.0024968789013732834,0.00015530600189206866,0.08722164752000872,1.4219572281981336e-05,0.0956761347987353
"('0016105000', 'water resources research center')",0.0006242197253433209,0.0,0.08983345483093141,4.623224449669173e-07,0.09755991309964995
"('0033795000', 'Information Culture and Data Stewardship')",0.0006242197253433209,0.003117200907544932,0.10218140068886337,0.00036839682004102613,0.11331467706158126
"('0020776000', 'School of Nursing')",0.0006242197253433209,0.0,0.08521503231468922,7.267146677320048e-06,0.0924539067843149
"('0015800000', 'Tift College of Education')",0.0024968789013732834,0.00249454026987028,0.1042697214267118,0.0009895183377705767,0.11564537297751398
"('0030908000', 'Civil, Environmental and Geodetic Eng.')",0.00031210986267166043,0.0,0.09001770010957211,1.200208693661789e-06,0.09695679190039386
"('0025205000', 'Energy, Env. & Chem. Engineering')",0.0012484394506866417,0.0,0.0875696949819613,1.6622577684547245e-07,0.09550882372176706
"('0010637000', 'Fisheries')",0.0012484394506866417,0.0,0.07524482750522533,2.8707719212206325e-07,0.08200034948617145
"('0033787000', 'Dept. of Computer and Inf. Science')",0.001560549313358302,0.0030839093914470255,0.09825206991720331,3.863945563322669e-06,0.10884129103624375
"('0017749000', 'Center for Spatial Data Science')",0.0012484394506866417,0.0,0.1011267872360572,0.0001724754210903324,0.111452761786419
"('0017582000', 'Forestry')",0.0009363295880149813,0.0,0.061362852874707934,6.910896864114939e-10,0.0655282058162394
"('7203594851', 'Unknown Dept')",0.00031210986267166043,0.0,0.10123222748815165,2.9191815526957094e-05,0.10879194542352043
"('0036756000', 'Biomedical Engineering')",0.0006242197253433209,0.0,0.10277136258660508,8.606122615916225e-06,0.11260470251542408
"('0021550000', 'African and African American Studies')",0.00031210986267166043,0.0,0.10957592339261286,3.814494844805837e-05,0.12105063926761211
"('0013177000', 'Dept of Computer Science & Engineering')",0.00031210986267166043,0.0,0.10533583193608838,9.173760498186818e-06,0.1156236924471428
"('0014316000', 'Political Science & Intl Relations')",0.0012484394506866417,0.0,0.10887960036700989,9.279135901354363e-05,0.12005928354750131
"('0015982000', 'Mathematics')",0.001560549313358302,0.0224699993890072,0.11336376180872519,7.792346053551385e-05,0.12665971292976497
"('0030908000', 'Mechanical and Aerospace Engineering')",0.0012484394506866417,0.01117631995285319,0.10329153099713079,2.7034539887764153e-05,0.11431676738465874
"('0013284000', 'Marshall School of Business')",0.0009363295880149813,0.0,0.10724686192468619,3.442003194584111e-05,0.11947108149950991
"('0010827000', 'Department of Biological Sciences')",0.0012484394506866417,0.0,0.09996256083863722,0.00028260087500052173,0.11141571614613646
"('0013177000', 'San Diego Supercomputer Center')",0.0024968789013732834,0.0037404462030953345,0.11323955608963031,9.558801977724274e-05,0.1261681268025759
"('0025650000', 'Electrical and Computer Engineering')",0.0012484394506866417,0.0,0.09050847457627119,1.1332736783372413e-06,0.09903402892192954
"('6250038797', 'Molecular Biology and Microbiology')",0.0006242197253433209,0.0,0.07760124006975393,6.913509457055049e-08,0.08379667162844553
"('0029058000', 'Industrial and Systems Engineering')",0.0024968789013732834,0.0018714898602784607,0.08547646996051649,1.5110488504263951e-07,0.0931876348035442
"('0023879000', 'Unknown Dept')",0.003121098626716604,0.022557988458258623,0.10687837747681633,0.00019988341393306343,0.12239171522647387
"('0032169000', 'Office of Academic Affairs')",0.001560549313358302,0.0,0.09549925484351714,4.570555021272078e-05,0.10633472351948649
"('0032102000', 'CEOAS')",0.0018726591760299626,0.007605195883704365,0.102528,1.8646710225140462e-05,0.11502507619765424
"('0029207000', 'Department of Biology')",0.0006242197253433209,0.0006242197253433209,0.09551633675172908,2.864137396689487e-07,0.10535334228730386
"('0031849000', 'CIMMS/NSSL/WRDD')",0.0009363295880149813,0.0,0.09706737760542898,1.689762229824395e-05,0.10637501830984986
"('0036566000', 'Physics')",0.0012484394506866417,0.0012480496787694744,0.07452375968180866,1.1548792657294244e-09,0.0813481549526882
"('0035352000', 'Department of Special Education')",0.0006242197253433209,0.0,0.12697154632638505,0.000274064707922444,0.14464448284209266
"('0022269000', 'Office of the Provost')",0.0009363295880149813,0.0,0.09593676078689703,3.470065949336025e-06,0.10477442096313838
"('0031849000', 'Stephenson School of Biomedical Engineer')",0.0009363295880149813,0.0,0.08952971749517981,8.704191939216606e-06,0.09676191102966741
"('0021550030', 'Unknown Dept')",0.0006242197253433209,0.0,0.07228589477483982,7.255250512101101e-10,0.07655699011753583
"('0010827000', 'Center for STEM Teaching and Learning')",0.0012484394506866417,0.0,0.10164007232814136,1.138023016091215e-05,0.1116816649046449
"('0036525000', 'Civil and Environmental Engineering')",0.0012484394506866417,0.0006242197253433209,0.11162596244295021,1.3660265653761414e-05,0.12424781358535954
"('0036327040', 'Agricultural Economics')",0.0012484394506866417,0.0,0.10422901756668836,8.464253161988091e-06,0.11509122746059723
"('0026294000', 'Electrical and Computer Engineering')",0.002184769038701623,0.005606674142492038,0.09224922261891051,3.2592429516257216e-07,0.10200343944064186
"('0026294000', 'ECE')",0.0006242197253433209,0.0,0.08447362176698568,4.011745544484571e-08,0.09136369344456259
"('0020776000', 'Department of Biomedical Engineering')",0.0012484394506866417,0.0,0.11973541612167869,0.0002495256751195866,0.13236477816042655
"('0013151000', 'Institute for Society & Genetics')",0.0009363295880149813,0.0,0.12549941245593418,0.009367566627711621,0.13995791379782901
"('0035097000', 'Unknown Dept')",0.0018726591760299626,0.0012480496787694744,0.09822194972409565,1.9583880004353125e-06,0.1094722839578091
"('0013128000', 'Education')",0.0009363295880149813,0.0,0.103485029553309,5.684373842146693e-05,0.11344560729924034
"('0022335000', 'Electrical and Computer Engineering')",0.0012484394506866417,0.0012480496787694744,0.1069247455364592,9.017101500594737e-06,0.11916088992026519
"('0026575000', 'Electrical and Computer Engineering')",0.001560549313358302,0.0006242197253433209,0.07428703918386274,1.8355082081140645e-08,0.0799317902309136
"('0029058000', 'Unknown Dept')",0.0028089887640449437,0.008562766477535066,0.10301919552425967,3.2807354527350828e-06,0.11652616494570936
"('0025205000', 'Energy, Environmental and Chemical Engin')",0.0018726591760299626,0.0012480496787694744,0.09595399958072534,9.723510812326966e-07,0.10685576106808369
"('4062600000', 'CGD')",0.0009363295880149813,0.0,0.10580193507908728,3.044209783482299e-06,0.1186973937807348
"('4001926000', 'Education')",0.00031210986267166043,0.0,0.105000983155273,5.755061280141575e-06,0.11597562378143764
"('6250002089', 'G89')",0.0009363295880149813,0.0,0.12682077264091196,0.005509873400004019,0.1410447073244493
"('0018929000', 'Psychological and Brain Sciences')",0.00031210986267166043,0.0,0.08810911890881092,9.072547370858899e-06,0.09348135369484659
"('0025205000', 'Energy, Environmental and Chemical Engr.')",0.0012484394506866417,0.0,0.09594825262779624,9.489382108091357e-07,0.10654365120541204
"('0037499000', 'Systems Engineering and Operations Resea')",0.0012484394506866417,0.0,0.11441631253794236,0.008020355778720262,0.12906584346296118
"('0013284000', 'Computer Science')",0.0024968789013732834,0.00374073853203321,0.09956494717215662,6.754236741809549e-06,0.11134126077402647
"('0026633000', 'Computer Science')",0.002184769038701623,0.0008338845357861716,0.08023439260761776,1.9163171586269528e-07,0.08764777674903072
"('0017756000', 'Statistics')",0.00031210986267166043,0.0,0.0819940628518784,1.9271827066501583e-07,0.08818265796812816
"('0023879000', 'Anthropology')",0.001560549313358302,0.0006242197253433209,0.10904635491117011,1.688739932338189e-05,0.12184442137147271
"('5300008543', 'School of Public Policy')",0.0009363295880149813,0.0,0.09305027154183487,4.5183502314219505e-06,0.100747766175643
"('0036566000', 'Chemistry and Biochemistry')",0.0009363295880149813,0.0,0.08289780077619664,6.989451209631218e-06,0.08874873244467331
"('0017103000', 'Mathematics')",0.0006242197253433209,0.0,0.11368555512188198,0.003356386232987844,0.12617444549573656
"('0020255000', 'Mechanical Engineering Department')",0.0012484394506866417,0.0,0.07462964688344359,2.7503020518686115e-09,0.07967451025761195
"('0024232000', 'Curriculum and Instruction')",0.0009363295880149813,0.0,0.07210532238100596,1.8722998235859063e-07,0.07750018039759517
"('0016055000', 'Natural Sciences & Mathematics')",0.0024968789013732834,0.011117107510206909,0.1138714148629918,2.2005111507842453e-05,0.12802888732282752
"('0014803000', 'Technology Transfer')",0.0006242197253433209,0.0,0.10969597370583402,0.0006647208642532611,0.12090849745880365
"('0023259000', 'Department of Mathematics')",0.0009363295880149813,0.008887095365785715,0.1092210669848304,0.0009918938757420236,0.12087348698600069
"('0036327000', 'Integrated Ocean Drillin Program')",0.0012484394506866417,0.0,0.1001907501798055,0.0005767324292858774,0.10920472729679524
"('6250001416', 'Instructional')",0.0009363295880149813,0.0,0.09328054035169442,5.425169019162538e-06,0.10264420515073353
"('4002995000', 'Unknown Dept')",0.0009363295880149813,0.0,0.09547364343395215,5.563847852421727e-07,0.10420515945969197
"('0021782000', 'Urban Studies and Planning')",0.0009363295880149813,0.0,0.12549941245593418,0.00952414218336543,0.13995791379782901
"('7203593825', 'Unknown Dept')",0.00031210986267166043,0.0,0.10457260354450211,3.7727034873714105e-05,0.11474099910335196
"('0010819000', 'School of Computing, Informatics, and De')",0.00031210986267166043,0.0,0.11655147326300473,0.004604934859037247,0.13177291689614634
"('5300009955', 'Unknown Dept')",0.004369538077403246,0.011340364749025902,0.08640543674658181,1.2898443302769309e-05,0.09614356872955257
"('0016105000', 'Geology and Geophysics')",0.001560549313358302,0.0006242197253433209,0.08984353092928046,6.209998811587708e-07,0.09808009620410274
"('0017376000', 'Department of Chemistry & Biochemistry')",0.0009363295880149813,0.0,0.0951843379578741,7.710038005396339e-07,0.10349213800986934
"('4201638000', 'Mathematics and Statistics')",0.00031210986267166043,0.0,0.10110125903253289,2.576278018142422e-05,0.10964411637934737
"('0027078000', ""Int'l Research Institute for Climate Pre"")",0.0012484394506866417,0.0,0.12156163448040369,0.00010553890199188407,0.1400030319565038
"('0032102000', 'Mathematics')",0.0006242197253433209,0.0,0.09458302583025831,7.551540019553506e-06,0.10633745787696489
"('0074765000', 'Unknown Dept')",0.0009363295880149813,0.0,0.10922479034567396,0.00028063762311204886,0.1207601096145254
"('7203593810', 'Unknown Dept')",0.0009363295880149813,0.0,0.07822838586810557,3.880974903929883e-07,0.08433714639597881
"('0019281000', 'School of Integrated Studies')",0.0012484394506866417,0.0,0.10148232611174458,8.482982297552306e-07,0.11325388907393755
"('0023259000', 'CSE')",0.0018726591760299626,0.006569024956388977,0.13306200423605632,0.04955501563415142,0.15131998059955803
"('0021782000', 'Chemical Engineering')",0.0009363295880149813,0.0,0.09114183307731695,2.617128818653107e-06,0.09772106896963087
"('0036327000', 'Educational Psychology')",0.0006242197253433209,0.0,0.10018448453769425,0.0004229313256831976,0.10889261743412361
"('0016105000', 'Electrical and Computer Engineering')",0.0009363295880149813,0.0,0.09385435584978616,2.2688811229589094e-06,0.10271409991706801
"('0018259000', 'Davidson School of Chemical Engineering')",0.00031210986267166043,0.0,0.12888692224144174,0.06208742654208479,0.14663689882143835
"('6250005348', 'Unknown Dept')",0.0012484394506866417,0.0,0.11753484959647836,0.006908962329743783,0.1338074408407826
"('0025205000', 'Electrical and Systems Engineering')",0.0018726591760299626,0.009659627369250646,0.11210244568069697,0.00011839831741765416,0.12854549847851973
"('0034488000', 'Dept. of Biological Sciences')",0.0009363295880149813,0.0,0.0766763987938544,5.9575780251262254e-06,0.08356311871875313
"('0036442000', 'Educational Psychology and Leadership')",0.0006242197253433209,0.0,0.07534037199896536,2.632955754216329e-09,0.08012147777566316
"('0017376000', 'Biological Sciences')",0.0009363295880149813,0.0,0.09519847872593297,5.712299376942359e-06,0.10426458411378504
"('0036137000', 'Applied Physiology & Sport Management')",0.0009363295880149813,0.0,0.10421206700276468,3.381112029156005e-05,0.11454635296604947
"('0013508000', 'Department of Biomedical Sciences')",0.0009363295880149813,0.0,0.09916434540389972,0.0005477771518478052,0.10741502994498882
"('0010819000', 'SFAz Center for STEM at ASU')",0.0006242197253433209,0.0,0.11655571319436865,0.005169724058434709,0.1319289718274822
"('0019489001', 'Ecol. & Evol. Biology, Molecular Biosci.')",0.0006242197253433209,0.0,0.1121534584150098,8.126826276262919e-06,0.12502705781620316
"('7203588780', 'Unknown Dept')",0.00031210986267166043,0.0,0.09037062108647825,0.00015854077854009457,0.09979547366231112
"('0016162000', 'Computer Science')",0.0018726591760299626,0.00249454026987028,0.09178411825369542,1.0097935697528718e-05,0.10202096888128272
"('0011734000', 'Unknown Dept')",0.0006242197253433209,0.0,0.10267256296865987,3.494031558613513e-05,0.11356561780450118
"('0017756000', 'Astronomy')",0.0018726591760299626,0.006224657517160683,0.07871655651917549,3.1593117422755195e-06,0.08556670632200214
"('0029744000', 'Environmental Sciences and Engineering')",0.0009363295880149813,0.0,0.11021292697189639,0.00022403066890370115,0.12125997304450621
"('0018697000', 'BBMB')",0.0009363295880149813,0.0,0.0810687718232883,1.8135382110457077e-06,0.08878851966128419
"('0026294000', 'Kempner Institute')",0.001560549313358302,0.0,0.09370887075546197,7.068740221587222e-07,0.10361820481311108
"('0018408000', 'Department of Mathematics')",0.0018726591760299626,0.014935257952941731,0.12476635514018691,0.0499703278786693,0.14363995654702733
"('0026575000', 'Public Health Sciences')",0.0009363295880149813,0.0,0.08194582981661935,2.2298608785249828e-07,0.09029302395501437
"('0080010000', 'Computer Science')",0.0018726591760299626,0.011182751189486449,0.1021292872625271,6.986913190940799e-06,0.11520376241687645
"('0023879000', 'Civil Engineering')",0.00031210986267166043,0.0,0.0781272860277981,1.446898368667633e-07,0.08418619720313915
"('0034488000', 'Research Computing, Division of Informat')",0.0006242197253433209,0.0,0.09515324305060585,1.8663549202101884e-05,0.10277775811744483
"('0027110050', 'Unknown Dept')",0.0012484394506866417,0.0,0.08751946242727199,1.5068641442272623e-05,0.09535214305806715
"('0013508000', 'Microbiology, Immunology, & Pathology')",0.0009363295880149813,0.0,0.09519847872593297,5.712299376942359e-06,0.10426458411378504
"('0025650000', 'Mathematics')",0.002184769038701623,0.0423722938749229,0.11027741446960831,0.0003221586396963747,0.12486719946599707
"('0030908000', 'Civil, Environmental, and Geodetic Engin')",0.0009363295880149813,0.0,0.09002275856255795,1.5350367423426007e-06,0.0972689017630655
"('0037457000', 'Systems and Information Engineering')",0.0006242197253433209,0.0,0.08290638099673964,2.653317983302575e-05,0.09003130640189126
"('0023077000', 'chemistry')",0.0012484394506866417,0.0,0.0959942475357282,8.202999572479007e-07,0.10572711875764432
"('0022301000', 'Biology')",0.001560549313358302,0.01117963301414911,0.08779765982517194,6.210374806459445e-07,0.09527486127638532
"('0027078000', 'Tree Ring Laboratory')",0.00031210986267166043,0.0,0.0870746820306555,1.4158619262894162e-07,0.09414310673431142
"('0014803000', 'Department of Chemical and Biomedical En')",0.0009363295880149813,0.0,0.10414093479815381,0.00010102342630498023,0.11460317820220485
"('0016105000', 'Unknown Dept')",0.006554307116104869,0.01167589296024894,0.09869393790044356,3.7611784856522347e-06,0.11120334889960033
"('0010819000', 'School of Mathematics and Statistical Sc')",0.0009363295880149813,0.0,0.10327488396080454,0.0001761072006647303,0.11148604935771768
"('0010819000', 'School for Engineering of Matter, Transp')",0.0009363295880149813,0.0,0.11916539591624205,0.00590610469890957,0.13544371247939552
"('0035220000', 'Electrical and Computer Engineering')",0.001560549313358302,0.0009353551582220632,0.0896650155318613,8.494450141351665e-06,0.09853098873007436
"('0026534000', 'Chemistry')",0.0012484394506866417,0.0,0.102455871066769,6.169931911193998e-06,0.11342456582082976
"('0024232000', 'Mathematics and Statistics')",0.0009363295880149813,0.0,0.07210532238100596,1.8722998235859063e-07,0.07750018039759517
"('0031849000', 'Information Technology/Engineering')",0.001560549313358302,0.004200702121351775,0.1108113716538701,0.000474315540258227,0.12348827058927145
"('0013052000', 'Mechanical Engineering')",0.0018726591760299626,0.0031179804513792662,0.08732386688833774,9.905192651225943e-06,0.094364153961133
"('4025938000', 'Department of Economics')",0.001560549313358302,0.0006242197253433209,0.08536260457185485,1.3194354045620457e-07,0.09227261226487933
"('0036327001', 'Statistics Department')",0.0012484394506866417,0.0,0.111145800811739,0.007228179902815006,0.12264380781091867
"('0024109000', 'Department of Physics')",0.0012484394506866417,0.0,0.0996981672215826,3.299761622822657e-05,0.10980499281405216
"('0036566000', 'Unknown Dept')",0.0046816479400749065,0.00934049422299553,0.08051262721447418,9.117306585858027e-09,0.09041197086098131
"('0029058000', 'College of Engineering')",0.0009363295880149813,0.0,0.07875138257343,2.123379066278555e-08,0.08441315938476723
"('4100566000', 'Unknown Dept')",0.0012484394506866417,0.008703606910344273,0.06963400851951665,9.709628136048223e-10,0.0742806312808328
"('0036582000', 'Texas Materials Institute')",0.0012484394506866417,0.0,0.13968087889092337,0.11396064061546561,0.16195411156512216
"('0037549000', 'Electrical & Computer Engineering')",0.0006242197253433209,0.0,0.1095534432059085,0.005612946562969659,0.12349554342526678
"('7203592817', 'Unknown Dept')",0.0006242197253433209,0.0,0.10261337432744043,4.149827222130882e-06,0.11174322752197491
"('0025650000', 'Chemical and Biomolecular Engineering')",0.0012484394506866417,0.0,0.09998751716389964,4.391389762722846e-06,0.11145665449462278
"('0025650000', 'Civil and Environmental Engineering')",0.0012484394506866417,0.006224657517160683,0.09314765822600808,7.199619752572365e-07,0.10357848949575124
"('0018408000', 'Hesburgh Libraries')",0.0006242197253433209,0.0,0.1137137989778535,0.015921290143052522,0.12564639329243688
"('0019893001', 'Plant & Soil Sciences')",0.00031210986267166043,0.0,0.06328388868040057,1.2386026331077546e-10,0.0684167143578154
"('0023309000', 'Unknown Dept')",0.0006242197253433209,0.0,0.09537985234579661,1.723025231772348e-06,0.10278176348374905
"('0016105000', 'Anthropology')",0.0018726591760299626,0.0012480496787694744,0.10299270307628018,3.740022245823407e-06,0.1134650702235279
"('0014316000', 'Computer and Information Science')",0.0012484394506866417,0.0,0.12209435256459111,0.00029982956397968564,0.1379739463930137
"('0036566000', 'Materials Science and Engineering')",0.001560549313358302,0.0,0.08289780077619664,7.751246906057055e-06,0.08874873244467331
"('0015982001', 'Crop and Soil Sciences')",0.0012484394506866417,0.0,0.09415498545358371,2.6311501360933704e-06,0.10427974653618384
"('0017756000', 'Curriculum & Instruction')",0.001560549313358302,0.021745273000818445,0.11598190045248868,3.586751629138901e-05,0.13041726648403656
"('0037457000', 'Curriculum Instruction & Spec. Education')",0.0009363295880149813,0.0,0.12205714285714286,0.0002493779274513136,0.13753179075422883
"('0039545000', 'Unknown Dept')",0.006554307116104869,0.02100565907896118,0.11901489543479069,0.00019273153783815823,0.14047427533139012
"('0021998000', 'Economics')",0.0009363295880149813,0.0,0.11584351724636634,0.0002828264990815434,0.13176425201774167
"('0023259000', 'School of Natural Resources')",0.0006242197253433209,0.0,0.11172716811381944,0.0025930079217576854,0.12398025053312908
"('0015826000', 'Biology')",0.0009363295880149813,0.0,0.09987842513794071,0.00028555504256039477,0.11052620303752222
"('5300008543', 'ECE')",0.0009363295880149813,0.0,0.11923191426019648,0.007351121340823996,0.13750901470870056
"('0035691000', 'Unknown Dept')",0.001560549313358302,0.0006242197253433209,0.12367791245271366,0.021024319840945417,0.1389001580708176
"('0027854000', 'CIMS')",0.0009363295880149813,0.0,0.1277766699900299,0.009935399834319986,0.14298206098162045
"('0020081000', 'Computer Science')",0.0009363295880149813,0.0,0.06567054049068438,4.5060795333425665e-09,0.06937250385524099
"('0025650000', ""CASNR Dean's Office"")",0.00031210986267166043,0.0,0.0785486638882079,1.164437606489781e-08,0.0842698614231296
"('0032102000', 'Forest Ecosystems and Society')",0.0018726591760299626,0.006224657517160683,0.1012514220705347,2.103852565410988e-05,0.11337765734517925
"('0001057000', 'Heinz School')",0.00031210986267166043,0.0,0.12848377912339096,0.005090554604200238,0.1437480466513571
"('0021030000', 'College of Information Studies')",0.0012484394506866417,0.0,0.11020913593835993,0.00022100226109812314,0.12110391811317038
"('0013177000', 'Electrical and Computer and Engineering')",0.0006242197253433209,0.0,0.11663208474391176,0.00023509322966526483,0.1299352720957575
"('0018697000', 'Agonomy')",0.0006242197253433209,0.0,0.0880921613373292,9.857986519739535e-06,0.09716522888332522
"('0013706000', 'COSINC/College of Engineering and Applie')",0.0009363295880149813,0.0,0.10245259489016084,5.308375134291039e-06,0.11326851088949393
"('0033712000', 'Biology')",0.0018726591760299626,0.012707129045696897,0.09918276374442793,2.5074240906628476e-06,0.11051887176486297
"('0014316000', 'Electrical and Computer Engineering')",0.0024968789013732834,0.0031148622760419284,0.12213158496607456,0.00030200826626460426,0.13854614780791177
"('0037549000', 'AOE')",0.0012484394506866417,0.0,0.12067342096342887,0.013789172299054776,0.1374237131266483
"('0039545000', 'Materials Science and Engineering')",0.0012484394506866417,0.0,0.11458817638854119,9.031317508090202e-05,0.1306809603416273
"('0021550000', 'SEAS')",0.0024968789013732834,0.008706140427805861,0.10969221815193947,6.070783682759392e-05,0.12305854605079979
"('0013508000', 'Electrical Engineering')",0.00031210986267166043,0.0,0.09013165297625746,0.00010397096712587297,0.09801198873275889
"('0015370000', 'Department of Language, Literacy, Except')",0.0006242197253433209,0.0,0.11080370729008161,3.9618364306584525e-05,0.12453104780593917
"('0026179000', 'Computer Science')",0.0024968789013732834,0.0037394717733024167,0.09372531812198333,7.378548689281032e-07,0.10424242453845439
"('0035998000', 'Department of Electrical Engineering')",0.00031210986267166043,0.0,0.10511466159246743,9.96811742898502e-05,0.11652121380937243
"('0035691000', 'Materials Science and Engineering')",0.0012484394506866417,0.0,0.12367313853398695,0.02079908590077285,0.13874410313948177
"('0015693000', 'School of Materials Science and Eng')",0.00031210986267166043,0.0,0.099856635292651,0.0001439964028264745,0.10998001077784682
"('0013136000', 'Biotechnology Program')",0.0012484394506866417,0.0,0.10320834943950521,4.01121889752875e-05,0.11394984269421823
"('0013151000', 'Electrical & Computer Engineering')",0.00031210986267166043,0.0,0.0988675286203598,9.693469664233041e-05,0.10687909706303537
"('0023259000', 'Robotics')",0.00031210986267166043,0.0,0.0957103596606524,7.716115781433085e-05,0.10194581623284964
"('0037549000', 'ISE')",0.0009363295880149813,0.0,0.09038591740013541,0.0002046236466983825,0.10031565676676388
"('0001057000', 'Electrical & Computer Engineering')",0.002184769038701623,0.006226411490787936,0.1111111111111111,0.001878734195020176,0.12371967668737711
"('0020107000', 'Chemical Engineering')",0.0018726591760299626,0.003384509701284953,0.09104341895885429,3.674577042335728e-07,0.09932122293904883
"('0013128000', 'Electrical Engineering and Computer Scie')",0.001560549313358302,0.00556931129020321,0.10753121224325413,3.6960637011759874e-05,0.11999710815634244
"('0018259000', 'Statistics')",0.0009363295880149813,0.0,0.13018039980497317,0.09265446547677007,0.14820541964461348
"('0023259000', 'University of Michigan Biological Statio')",0.0009363295880149813,0.0,0.11637790127492645,3.15912301012761e-05,0.13114870043679944
"('0028373000', 'Chemical and Biological Engineering')",0.0009363295880149813,0.0012480496787694744,0.09908154745338157,9.525960003357654e-06,0.10927284621387398
"('0038950000', 'Wisconsin Center for Education Research')",0.0009363295880149813,0.0012480496787694744,0.1075962119685674,0.00011282166817991249,0.11848774043227539
"('0026294000', 'Computer Engineering')",0.0012484394506866417,0.001248244564728058,0.10271535280351361,0.000664049084782439,0.11308371287582782
"('0036780000', 'Sponsored Programs, Agreements, Research')",0.0012484394506866417,0.0006242197253433209,0.09509675887451027,1.5827320965444464e-06,0.1038843943624218
"('0027110000', 'CEE')",0.0006242197253433209,0.0,0.07808729984645756,8.860600496516734e-07,0.08543275472321928
"('0033787000', 'Annenberg School for Communication')",0.00031210986267166043,0.0,0.09400856757232556,3.269276722742401e-06,0.10160831814975356
"('0029975000', 'Unknown Dept')",0.003121098626716604,0.019194902718776052,0.07793345008756568,5.0927821617466204e-08,0.08765250132806822
"('0018259000', 'Dept. of Computer & Information Tech')",0.0009363295880149813,0.0,0.13018039980497317,0.09265446547677007,0.14820541964461348
"('0022301000', 'Applied Ocean Physics & Engineering')",0.0012484394506866417,0.009940742975433065,0.08077853973376362,7.701190027198017e-08,0.0866054722008534
"('7203590700', 'Oregon Department of Fish and Wildlife')",0.0009363295880149813,0.0,0.06511930409332954,1.3555064343940114e-10,0.0690019165305875
"('0018259000', 'Research Computing')",0.0012484394506866417,0.0,0.13298468434815092,0.04833761390956473,0.15065414622585854
"('0030510000', 'Sociology')",0.0009363295880149813,0.0,0.10899812893349209,1.516858136259239e-05,0.12247068826508933
"('4003455000', 'Unknown Dept')",0.00031210986267166043,0.0,0.08768712882125948,1.1061011710918247e-06,0.0965270788317896
"('0023259000', 'EECS')",0.0012484394506866417,0.001871879632195628,0.10583688435239322,0.0007078799906622713,0.11489166833046809
"('0038950000', 'Department of Physics')",0.00031210986267166043,0.0,0.10156596715906929,0.0001467145105259725,0.10898490958750777
"('0015354000', 'Linguistics')",0.0012484394506866417,0.0,0.11632719747304215,3.5078221698020766e-05,0.13263430713726246
"('0027110000', 'Biomedical Engineering')",0.0009363295880149813,0.0,0.07876687071317943,1.0688459415384668e-06,0.08676456942284184
"('0021550000', 'John A. Paulson School of Engineering an')",0.0009363295880149813,0.0,0.099869085468487,1.1893404257807615e-06,0.10887684928070236
"('0026898000', 'Curriculum and Teaching')",0.0006242197253433209,0.0,0.07369244215465293,2.021593612781082e-07,0.07860449173274997
"('P269987877', 'Unknown Dept')",0.00031210986267166043,0.0,0.09729434271658924,0.00011786542249789356,0.10681075926387655
"('0021030000', 'MaGIC')",0.0012484394506866417,0.0,0.10501130739733211,4.877891937895584e-05,0.11429623371771584
"('0023259000', 'Materials Science & Engineering')",0.0009363295880149813,0.0006242197253433209,0.08995451737885339,0.0001230541821838879,0.09745985152331842
"('0015511000', 'Research and Sponsored Programs')",0.002184769038701623,0.0018714898602784607,0.1109495117390401,0.0020177768298420885,0.12703048459909996
"('0035352000', 'Department of Mathematics')",0.0006242197253433209,0.0,0.10925086098134824,0.0032241445456323665,0.12092957735155108
"('0031450000', 'STEM')",0.0006242197253433209,0.0,0.10370945814721305,8.801101267670684e-06,0.11758247526425379
"('0025650000', 'Physics and Astronomy')",0.001560549313358302,0.0006242197253433209,0.09747490112564648,2.0165449186218156e-05,0.10656920256744314
"('0036525000', 'Sociology')",0.00031210986267166043,0.0,0.1002848289461329,6.851150153816241e-06,0.10919603462792693
"('0022210000', 'Computer Science')",0.002184769038701623,0.03260747649076779,0.1266853821517536,0.00132350007049804,0.14366720865917154
"('0037499000', 'Statistics')",0.0018726591760299626,0.001871879632195628,0.09314765822600808,5.933527837076092e-05,0.10374622397152222
"('0022905000', 'Counseling, Educational Psychology,')",0.0006242197253433209,0.0,0.09906622967039763,1.4453584876958975e-05,0.10847525507975964
"('0013177000', 'Department of Mathematics, UC San Diego')",0.0006242197253433209,0.0,0.0844624874782517,3.992847987500194e-08,0.09115562020278149
"('0038950000', 'Statistics')",0.00031210986267166043,0.0,0.10077373089262125,1.4693552878232164e-05,0.11005660047179486
"('0010827000', 'Student Affairs')",0.0012484394506866417,0.0,0.10164007232814136,1.138023016091215e-05,0.1116816649046449
"('P270050662', 'Unknown Dept')",0.00031210986267166043,0.0,0.09537417395963566,3.311421109177572e-05,0.10201904711780997
"('0032235000', 'Department of Geological Sciences')",0.0009363295880149813,0.0,0.09521262369617545,6.23033104796305e-07,0.10466657892972563
"('0013177000', 'Communication')",0.0009363295880149813,0.015374126320661097,0.12540117416829746,0.0007204279185747517,0.14033570620873936
"('0010819000', 'Research Technologies Office')",0.0009363295880149813,0.0,0.10441583835750366,0.0006747190260359907,0.11482835093599478
"('0036327060', 'TEES CiMDM')",0.00031210986267166043,0.0,0.11466609405196479,0.002828494378053126,0.1267794081309762
"('0013284000', 'Civil & Enviornmental Engineering')",0.001560549313358302,0.0003120124196923686,0.0905647577590593,1.1269568892848095e-06,0.09904869290671564
"('0021055000', 'Department of Mathematics and Statistics')",0.00031210986267166043,0.0,0.08710308829926054,1.3024035506150685e-07,0.09422113419997934
"('0015800000', 'Electrical & Computer Engineering')",0.0012484394506866417,0.0,0.09443527469936336,0.00016024411278940147,0.10250499765184534
"('7203591047', 'Unknown Dept')",0.00031210986267166043,0.0,0.08855966168219133,5.087678047417976e-08,0.09600857674693353
"('0038950000', 'Materials Science & Engineering')",0.00031210986267166043,0.0,0.0995773247140726,3.064867202084921e-06,0.10853405513801155
"('0026872000', 'Department of Anthropology')",0.0009363295880149813,0.0,0.0914044446980287,5.776948820150288e-05,0.09829402920623986
"('0018697000', 'Civil, Construction & Environmental Engi')",0.001560549313358302,0.0012385002667988773,0.08108928932982386,1.921150583699766e-06,0.08949076685229533
"('0036327060', 'Department of Multidisciplinary Engineer')",0.001560549313358302,3.897719171672312e-07,0.10020015011258444,0.0006286219998354955,0.10946481884902162
"('0018259000', 'Biochemistry')",0.00031210986267166043,0.0,0.1033481710857364,0.0014325973120647977,0.11132627601324256
"('0032565000', 'Physics')",0.0009363295880149813,0.0,0.09994385176866928,0.00024161603503276526,0.11107759712824215
"('5300006919', 'Sustainable Development Institute')",0.0009363295880149813,0.0,0.09587360483557258,8.426474201999779e-05,0.10593072360575542
"('0037499000', 'Atmospheric, Oceanic, and Earth Scienc e')",0.0012484394506866417,0.0,0.10497346176528406,0.0014357750209723168,0.11642386934750708
"('5300016440', 'Unknown Dept')",0.0006242197253433209,0.0,0.09593388825678184,4.334228022562019e-05,0.10410642891445632
"('5300013006', 'Education')",0.0006242197253433209,0.0,0.08109544660710218,1.8151833043136798e-06,0.08842996487857205
"('0035352000', 'Department of Biological Sciences')",0.00031210986267166043,0.0,0.08968007389369384,4.0163597584225e-05,0.09563206202344604
"('6250030060', 'Department of Education')",0.001560549313358302,0.0,0.10576002640699786,1.469752625022882e-05,0.11838086696383444
"('7203591556', 'Archaeology/DAACS')",0.0012484394506866417,0.0,0.11632719747304215,3.5078221698020766e-05,0.1326343071372624
"('5300005042', 'Unknown Dept')",0.0009363295880149813,0.006224657517160683,0.11183246073298429,0.005137773521820133,0.12762433268982395
"('0026898000', 'Computer Science')",0.0009363295880149813,0.0006242197253433209,0.11229103143728314,0.0002602895022952156,0.12630241276958704
"('0020107010', 'Entomology')",0.00031210986267166043,0.0,0.09584492506506327,6.417046212791641e-05,0.10525448556996678
"('0035303000', 'Mathematics')",0.001560549313358302,0.0006233427385296946,0.10543982624148485,1.7167438190668575e-05,0.11644391700042352
"('0036962000', 'Department of Plant Biology')",0.0009363295880149813,0.0,0.09540541345323526,4.827443881618379e-06,0.1033019465882018
"('0001057000', 'Chemical Engineering')",0.0024968789013732834,0.004964257907828047,0.123549145875911,0.003100876230650134,0.14171804908925356
"('0014696000', 'OEMS')",0.00031210986267166043,0.0,0.09713506139154161,0.00011066853620475451,0.10614122843938742
"('0037549000', 'Plant Pathology, Physiol. & Weed Science')",0.00031210986267166043,0.0,0.08289351133188451,2.0039267850169296e-05,0.08966717822877433
"('0024109000', 'Office of the President')",0.0009363295880149813,0.0,0.09279694152402468,5.013016240501926e-06,0.10105479552374678
"('0013201000', 'Earth Research Institute (ERI)')",0.00031210986267166043,0.0,0.09607484482293323,8.681865081314396e-05,0.10417285505247496
"('0023275000', 'Unknown Dept')",0.002184769038701623,0.0031179804513792662,0.10553707302612075,3.91603798044386e-06,0.11813354934231195
"('0036582000', 'TACC')",0.0018726591760299626,0.016521496023003117,0.12324973072780428,0.00010220975071184337,0.14042210588549486
"('0013201000', 'Materials')",0.0018726591760299626,0.008417970226975975,0.1185700540300496,7.460913425511958e-05,0.134543806872875
"('0018408000', 'Management')",0.0009363295880149813,0.0,0.1008435100088128,0.0007237279273675136,0.11013215563730161
"('0031708000', 'Mechanical and Aerospace Engineering')",0.001560549313358302,0.0006242197253433209,0.10543982624148485,0.0004025363580508903,0.11571520472728183
"('0031005000', 'Unknown Dept')",0.0012484394506866417,0.0031427895883556827,0.10400908943353351,2.9900172559226817e-05,0.11535578720538521
"('0035998000', 'Health and Biomedical Sciences')",0.0012484394506866417,0.0,0.10512500820263797,0.00014811110786648037,0.11698937860337993
"('0025650000', 'School Nat. Res.+Dept. Earth & Atmos. Sc')",0.0009363295880149813,0.0,0.061362852874707934,6.910896864114939e-10,0.0655282058162394
"('0038950000', 'Electrical & Computer Engineering')",0.0009363295880149813,0.0,0.09630587032973639,1.7295360056316443e-06,0.10527755862942934
"('0037986000', 'Human Design and Engineering')",0.00031210986267166043,0.0,0.11867985331703522,0.00016654710077261943,0.13281182564082314
"('6250003227', 'Frank Batten School of Leadership and Pu')",0.0006242197253433209,0.0,0.09713506139154161,0.00011474344980607898,0.10464770721511192
"('0026633000', 'Native American Studies')",0.0006242197253433209,0.0,0.08020025031289112,7.189053976061468e-08,0.08642014462252222
"('0011312000', 'Astronomy Department')",0.0006242197253433209,2.4360744822951955e-06,0.0853057855640459,1.2068270546978387e-05,0.09184310211928777
"('0032235000', 'Center for Science Communication Researc')",0.0009363295880149813,0.0,0.09521262369617545,6.23033104796305e-07,0.10466657892972563
"('0029769000', 'Mathematics and Statistics')",0.0012484394506866417,0.0,0.11505314564780235,9.377520708793331e-05,0.12850346986514083
"('0032235000', 'Department of Geological Science')",0.0009363295880149813,0.0,0.09521262369617545,6.23033104796305e-07,0.10466657892972563
"('0015693000', 'Electrical Engineering')",0.0009363295880149813,0.0,0.11632297415045019,3.0116597955123666e-05,0.1324782522059266
"('0036327000', 'Mechanical Engineering')",0.00031210986267166043,0.0,0.11843856276800237,0.01195629364924535,0.13183156469897891
"('0032102000', 'STEM Research Center')",0.001560549313358302,0.004361352867142734,0.09198702305417587,3.026627738196603e-06,0.10116718617776353
"('0033290000', 'Psychology')",0.0018726591760299626,0.0033692310374634216,0.1011076398750355,3.8396857166071544e-05,0.1126031633114609
"('0010819000', 'School of Life Sciences')",0.0018726591760299626,0.0006242197253433209,0.11656843483955469,0.006730709277811521,0.13229310000059913
"('0021998000', 'College of Computer and Information Scie')",0.0012484394506866417,0.0,0.1084447453037739,9.952869773122132e-05,0.12243656762878255
"('4025938000', 'Economics and Watson Institute')",0.0006242197253433209,0.0,0.08536033035833222,1.1749941882284885e-07,0.0921165573335435
"('0033290000', 'mechanical engineering')",0.0009363295880149813,0.0,0.10170782807440798,0.00021355656232990137,0.11313593279048295
"('4003887000', 'Unknown Dept')",0.0018726591760299626,0.003117200907544932,0.08174303500357179,2.5652483902779335e-06,0.08953820524522023
"('0036137000', 'EMIS')",0.00031210986267166043,0.0,0.09115998520499616,8.526667932168469e-07,0.09764961115507739
"('0027110000', 'Lab. of Atomic and Solid State Physics')",0.0012484394506866417,0.0012480496787694744,0.11051324503311258,0.0012987705448351183,0.12287702842467181
"('0025205000', 'Department of Anthropology')",0.0006242197253433209,0.0018714898602784607,0.09631745077408688,1.3688079391167015e-06,0.1053295769398746
"('0037549000', 'Industrial and Systems Engiineering')",0.0006242197253433209,0.0,0.08290638099673964,2.653317983302575e-05,0.09003130640189126
"('0035998000', 'Biology')",0.0012484394506866417,0.0,0.10512500820263797,0.00014811110786648037,0.11698937860337993
"('0035998000', 'Computer Science')",0.001560549313358302,6.707083441091034e-05,0.10957967098737986,0.00046260564956284594,0.12373214366001965
"('0029280000', 'Biological Sciences')",0.0009363295880149813,0.0,0.11324756114802771,2.5956520028205217e-05,0.1268724861264944
"('0013284000', 'Neurosurgery')",0.002184769038701623,0.0,0.10956842897202654,0.015915100799438607,0.12422379977150066
"('0024406000', 'Chemistry/Biochemistry')",0.001560549313358302,0.0,0.08411435772229661,9.919576254769274e-06,0.091951487966081
"('0014894000', 'Electrical and Computer Engineering')",0.0012484394506866417,0.0,0.10273511398980345,3.104800179568574e-05,0.11461856446332983
"('0036137000', 'Engineering Management Information Sys')",0.0009363295880149813,0.0006242197253433209,0.10030052592036064,7.808663786322537e-06,0.10966419942193442
"('0016261000', 'Department of Sociology and Anthropology')",0.0012484394506866417,0.0,0.09636380041505008,7.321197419554175e-06,0.10663311429278957
"('0026278000', 'Department of Electrical Engineering')",0.0006242197253433209,0.0006242197253433209,0.09909074039710522,2.8305927026185526e-06,0.10771255151817274
"('0013201000', 'Physics')",0.0028089887640449437,0.025561079678733917,0.10529429162969535,2.15621836809039e-05,0.11802274270002706
"('0023879000', 'BioTechnology Institute')",0.0009363295880149813,0.0,0.08473724577503901,1.2667530168935913e-06,0.09299581422713755
"('0013128000', 'Unknown Dept')",0.004369538077403246,0.016773343030158122,0.1154178674351585,0.00040778095817807275,0.13081554016919703
"('0022335000', 'STEM Education Center')",0.00031210986267166043,0.0,0.10464774471698729,2.6664442764886635e-05,0.11521687123956394
"('0033290000', 'Biochemistry & Molecular Biology')",0.0009363295880149813,0.0,0.09054172436205386,3.7282975462041277e-07,0.09908441073182549
"('0001024000', 'Electrical Engineering and Computer Scie')",0.0012484394506866417,0.005603945739071867,0.10064394534317575,0.0005933612751877401,0.11184208740877587
"('0022210000', 'Mathematics and Statistics')",0.0006242197253433209,0.0,0.07244279641855839,1.1329599847895523e-07,0.07787954473489694
"('0028944000', 'Department of Biology')",0.0012484394506866417,0.0,0.07506677287849679,6.638652282872439e-07,0.08181697062283563
"('4001926000', 'Unknown Dept')",0.0056179775280898875,0.027526090898298078,0.1173153674343671,5.242435539167295e-05,0.13527585795815172
"('0031849000', 'Political Science')",0.001560549313358302,0.0,0.10662229617304493,0.00039036337112618254,0.11770080322505265
"('0011551001', 'Computer Engineering')",0.001560549313358302,0.0,0.09880350314542988,0.0010311650763282071,0.10885466769341508
"('0037457000', 'Unknown Dept')",0.0024968789013732834,0.014095317910459029,0.12186216339570972,7.2621736041075e-05,0.1394935685153646
"('0028381000', 'Center for Inclusive Education')",0.0012484394506866417,0.0,0.06339533043134152,2.7843341150660576e-10,0.0676274026649899
"('0036582000', 'Curriculum and Instruction')",0.0006242197253433209,0.0,0.11655571319436865,0.005169724058434709,0.1319289718274822
"('0028357000', 'The Graduate School')",0.0012484394506866417,0.0,0.06339533043134152,2.7843341150660576e-10,0.0676274026649899
"('4006250000', 'Exhibits Department')",0.0006242197253433209,0.0,0.08133218256587298,1.0793926785567189e-06,0.08955312486888423
"('0036616000', 'Department of Geological Sciences')",0.00031210986267166043,0.0,0.0870746820306555,1.4158619262894162e-07,0.09414310673431144
"('0001479000', 'School of Architecture and Planning')",0.0024968789013732834,0.0006218810938403175,0.09118852459016394,9.718871081980402e-05,0.09919721725830402
"('0035220000', 'Office of Technology Services')",0.0012484394506866417,0.0,0.11452264360010009,0.0019346866128350081,0.130947681939959
"('0029728000', 'ECE')",0.0012484394506866417,0.0,0.09523809523809523,0.0002018773626502587,0.10495204940849899
"('0029728000', 'Electrical and Computer Engineering')",0.003433208489388265,0.005589110239784303,0.11969515839808727,7.002265186138831e-05,0.13806591439761096
"('0021055000', 'Mathematics and Statistics')",0.0006242197253433209,0.0,0.09537133502009228,9.136917976194007e-07,0.10494196263385132
"('0035105000', 'Biology')",0.0006242197253433209,0.0,0.0766250538097288,3.5601030927245636e-08,0.08275840817853432
"('0016261000', 'Forest, Rangeland, and Fire Sciences')",0.003433208489388265,0.0010476776804517304,0.10580542896770359,2.0020006149756758e-05,0.11962930641452112
"('0025205000', 'Psychological and Brain Sciences')",0.0012484394506866417,0.0,0.11422867125387715,5.079556851259103e-05,0.12838824550039266
"('0021998000', 'College of Arts, Media and Design')",0.001560549313358302,1.2992397238907706e-07,0.10843006531523909,0.00010844064970066086,0.12233253100789196
"('0011510001', 'Computer Science')",0.002184769038701623,0.012221537507690956,0.11975779322718098,0.0011355429038589044,0.1366798383908858
"('0037457000', 'Materials Science and Engineering')",0.00031210986267166043,0.0,0.12888692224144174,0.06208742654208479,0.14663689882143835
"('0016261000', 'Unknown Dept')",0.004369538077403246,0.01512812962877042,0.10659037226787318,3.174667349836525e-05,0.12177839882578595
"('0027854000', 'Marron Institute of Urban Management')",0.00031210986267166043,0.0,0.09400856757232556,3.269276722742401e-06,0.10160831814975356
"('P270069659', 'Unknown Dept')",0.0009363295880149813,0.0,0.07896098775168199,1.7989982063749194e-08,0.08481777278470559
"('0013201000', 'MSI')",0.0006242197253433209,0.0,0.106597464816848,0.0001868427818263345,0.11877552958738168
"('0027086000', 'Department of Physics and Astronomy')",0.00031210986267166043,0.0,0.07254941919706542,1.1609378888147026e-08,0.07793413904826403
"('0014894000', 'Unknown Dept')",0.003745318352059925,0.007909794562738803,0.1095197402153478,0.00012858169925025731,0.12372753606197422
"('0011544000', 'School of Engineering')",0.001560549313358302,0.0,0.07758620689655173,2.3323889605322066e-08,0.08358044887202029
"('0013144000', 'Health, Society, and Behavior')",0.0012484394506866417,0.0,0.11661086038724705,0.0018037592793591088,0.13142318171237852
"('0029728000', 'Elementary Education, Science Education')",0.0009363295880149813,0.0,0.12893360160965794,0.0002967660347321813,0.14881548261027763
"('0018259000', 'Division of Environ. and Ecol. Engineeri')",0.0012484394506866417,8.593101931685499e-05,0.12891285105013278,0.08353855151809869,0.1472091002363364
"('0013508000', 'Mechanical')",0.0009363295880149813,0.0,0.0837997593764712,1.0214745521630954e-08,0.09037507479286877
"('0020107000', 'Center for Computation and Technology')",0.001560549313358302,0.003117200907544932,0.09996256083863722,2.864251195230642e-06,0.10934855051045289
"('0025684000', 'Computer Science and Engineering')",0.00031210986267166043,0.0,0.07451509372528956,9.998739658877184e-10,0.0807759535377902
"('0036327000', 'Atmospheric Sciences')",0.0006242197253433209,0.0006242197253433209,0.07715648027741656,1.338368808579567e-06,0.08170835276030577
"('0011312000', 'LIGO Laboratory')",0.0009363295880149813,0.0,0.09313412010929598,8.532187515031566e-05,0.10104997761619086
"('6250032970', 'Unknown Dept')",0.0018726591760299626,0.0012480496787694744,0.1052596997273235,7.229574290123304e-06,0.11655729945591209
"('0035998000', 'Informatics and Engineering Systesm')",0.0009363295880149813,0.0,0.10512155910626989,0.0001448059477383014,0.11683332367204409
"('4003110000', 'PAEO')",0.0009363295880149813,0.0,0.06371808129822608,1.5926513262484626e-08,0.06740151817264992
"('0010835000', 'Electrical & Computer Engineering')",0.002184769038701623,0.009883793684648706,0.10798058775950391,0.00012235007321678088,0.12089853709000901
"('0030908000', 'Geography')",0.0006242197253433209,0.0,0.08270307942489868,1.7413604822442307e-05,0.0888913622844192
"('0010512000', 'Mechanical Engineering')",0.0018726591760299626,0.0012480496787694744,0.0759007888565134,3.3231372360265454e-08,0.08157349936675173
"('0014241000', 'Mathematics and Computer Science')",0.00031210986267166043,0.0,0.1054120743543346,0.001147852480866731,0.11415803229583006
"('0033712000', 'Computer & Information Sciences')",0.0009363295880149813,0.0,0.09855732258759113,2.3657727863260433e-06,0.10845980462538174
"('0036582000', 'Inst. for Comp. Engineering & Sciences')",0.0012484394506866417,0.007964898010081404,0.12306037793823936,0.0001050259195966237,0.13950695518101827
"('0020776000', 'Popltn Fmly and Reproductive Hlth Srvs')",0.00031210986267166043,0.0,0.10347834512159675,4.4450938677506075e-05,0.11313349743656868
"('0023259000', 'Climate and Space Science and Engineerin')",0.0006242197253433209,0.0,0.09850883935434282,5.014206708884647e-07,0.10878298426857734
"('0036616000', 'Sociology and Anthropology')",0.0012484394506866417,0.0,0.0814686737184703,2.0958345561373642e-08,0.08780316982093582
"('0035295000', 'Unknown Dept')",0.002184769038701623,0.0006242846873295154,0.054527817015265746,4.376694074180335e-13,0.05807654048633194
"('0013169000', 'CE-CERT')",0.0009363295880149813,0.0,0.08419171746899307,9.33131628746873e-06,0.09062504224699143
"('0021550000', 'Unknown Dept')",0.0046816479400749065,0.01985499811131042,0.12305565157276184,0.00034986001396788947,0.14171500178605265
"('0014373000', 'Physics - Vitreous State Lab.')",0.00031210986267166043,0.0,0.10260023056231588,1.5885204505717686e-06,0.11292059582692682
"('0013482000', 'Mechanical Engineering')",0.002184769038701623,0.00249454026987028,0.09997503744383425,0.00031735088544620967,0.1117278260088081
"('0017392000', 'School of Education and Social Policy')",0.002184769038701623,0.01175744343709001,0.09173156207054513,5.797265208780107e-05,0.10090661294250595
"('0029728000', 'Forest Biomaterials')",0.0012484394506866417,0.0,0.0892379679144385,3.861865963121379e-07,0.09665619353304547
"('0029728000', 'Unknown Dept')",0.009363295880149813,0.1366729334007665,0.13823453274657002,0.0006335003034415286,0.1692402287544823
"('0013052000', 'Linguistics')",0.0009363295880149813,0.0,0.09786194257788637,1.615844266688636e-05,0.1077317758651889
"('0018697000', 'Electrical and Computer Engineering')",0.003433208489388265,0.009956528738078339,0.07515128770464888,3.36719197247101e-07,0.08348304279452563
"('0027078000', 'Physics')",0.0024968789013732834,0.0024951249277460306,0.07822265625,1.064755302470789e-07,0.0862134250730635
"('0010827000', 'Astronomy and Planetary Science')",0.00031210986267166043,0.0,0.10007496251874062,7.147677217027949e-06,0.1089396969562714
"('0015693000', 'School of Mathematics')",0.0006242197253433209,0.0,0.11091878418611092,0.0014475614933319835,0.12609415501108498
"('0039420000', 'Department of Chemistry, University of P')",0.0012484394506866417,0.0,0.07788987480247964,9.453419721328809e-07,0.08434691882933097
"('0013201000', 'National Center for Ecological Analysis')",0.0009363295880149813,0.0012480496787694744,0.09543383075685818,2.051664546079877e-06,0.10409967939851418
"('0080010000', 'Deartment of Physics')",0.0012484394506866417,0.0,0.12035610983809775,0.0002526632718200386,0.13525599195281346
"('0036327000', 'Chemical Engineering')",0.00031210986267166043,0.0,0.11466609405196479,0.002828494378053126,0.1267794081309762
"('0014266000', 'Political Science, Statistics & Data Sci')",0.00031210986267166043,0.0,0.10347834512159675,4.4450938677506075e-05,0.11313349743656868
"('0023259000', 'CEE')",0.0006242197253433209,0.0,0.10427990235964199,0.0004816186527914035,0.11626912958298108
"('0018259000', 'Biomedical Engineering')",0.0009363295880149813,0.0,0.12889729251317536,0.0832641791269359,0.14694900868411
"('0011411000', 'Computer Science')",0.0012484394506866417,0.0,0.0865992756365209,2.872579772848588e-07,0.09614752054390571
"('0036616000', 'Department of Chemistry and Biochemistry')",0.0009363295880149813,0.0,0.07809681665285428,1.6001122944595917e-06,0.08579688289633618
"('0029728000', 'Materials Science and Engineering')",0.001560549313358302,0.010407553902210159,0.12749701551929965,0.00012778483879244656,0.14938566066676492
"('7203594106', 'Unknown Dept')",0.0006242197253433209,0.0,0.10058075655313138,0.0003974321381058012,0.10978999564891746
"('0030262000', 'Manufacturing Engineeirng')",0.0006242197253433209,0.0,0.0974778666828927,3.902719568787394e-05,0.10732410019201456
"('0025163000', 'Computer Science')",0.0006242197253433209,0.0,0.08219810667282383,4.541685486284901e-07,0.08823989921787037
"('6250026572', 'U.S. Geological Survey - Southwest Biolo')",0.0006242197253433209,0.0,0.09187623663005763,1.5222422297276663e-06,0.10006338590665427
"('0031849000', 'Electrical and Computer Engineering')",0.001560549313358302,0.0,0.08952971749517981,9.653035470995148e-06,0.09676191102966741
"('0037457000', 'Civil and Environmental Engineering')",0.0009363295880149813,0.0,0.1086285811154433,8.910078491459923e-06,0.119910356699883
"('0028068000', 'Unknown Dept')",0.005305867665418227,0.017373303663894998,0.09335664335664336,7.588323580099918e-06,0.10519310236255208
"('0011387001', 'Unknown Dept')",0.0006242197253433209,0.0,0.09362672043482072,2.2920799471133118e-05,0.0997338000440124
"('0037457000', 'Civil Engineering')",0.0012484394506866417,0.0,0.09998751716389964,4.391389762722846e-06,0.11145665449462278
"('0016261000', 'Soil and Water Systems')",0.0012484394506866417,0.0,0.10504573620537032,1.031153820299112e-05,0.11691195336945263
"('0020297000', 'Chemical and Biomolecular Engineering')",0.0018726591760299626,0.004361352867142734,0.08411435772229661,5.596262147834504e-07,0.09268791428730534
"('0032565000', 'Mathematics')",0.0006242197253433209,0.0,0.08735958119751336,2.0514304781792568e-07,0.09358211717701058
"('0027854000', 'Center for Urban Science and Progress')",0.0012484394506866417,7.149809003408317e-05,0.12756808408982323,0.010647386390071829,0.1430094169312611
"('0029728000', 'Mechanical and Aerospace Engineering (MA')",0.00031210986267166043,0.0,0.10115232833464878,7.242662527919665e-06,0.10904513525399206
"('0035303000', 'Department of Mathematics')",0.0006242197253433209,0.0,0.1054224795998947,1.4032759880739046e-05,0.11587171558552548
"('0018697000', 'Plant Pathology and Microbiology')",0.002184769038701623,0.03484286230856339,0.09643921379767029,7.296384190309593e-05,0.1096425565778879
"('0033290000', 'School of Engineering Design and Innovat')",0.00031210986267166043,0.0,0.07525543159130946,1.484516978572013e-07,0.08169864328558891
"('0018697000', 'Unknown Dept')",0.0028089887640449437,0.004970956145592284,0.08821343024696457,1.2751233499478611e-05,0.09965913530981575
"('0036327000', 'Department of Materials Science and Engi')",0.0024968789013732834,0.025581125006709858,0.1402802101576182,0.12379377395771082,0.164533352791367
"('0029207000', 'Cultural Anthropology')",0.00031210986267166043,0.0,0.1099444101297097,1.4822301844606907e-05,0.1217722855404609
"('0025205000', 'Mechanical Engineering & Materials Scien')",0.0009363295880149813,0.0,0.10081178025297338,1.6507505701254543e-05,0.11169843075958565
"('0036582000', 'Aerospace Engineering')",0.0018726591760299626,0.0144233672894505,0.1271680889065291,0.00039631255175923884,0.14632130590784956
"('0021287000', 'Engineering')",0.0009363295880149813,0.0,0.07573214834424563,3.094970327333865e-08,0.08156052068152828
"('0080010000', 'Bioengineering')",0.002184769038701623,0.0018714898602784607,0.10739424817322518,2.491375768737877e-05,0.12082313374103855
"('0030908000', 'Horticulture and Crop Science')",0.001560549313358302,0.0,0.12026124164852489,4.4617055997683314e-05,0.13695578521255963
"('0037499000', 'Civil, Envi. and Infr. Engineering')",0.0009363295880149813,0.0,0.09851792632679417,0.0001669130842522146,0.11075845574996081
"('0032169000', 'Mathematics and Statistics')",0.0012484394506866417,0.0,0.10520094562647754,4.067592582229624e-06,0.11838496996680102
"('0019489001', 'Kansas Biological Survey')",0.0009363295880149813,0.03428759748664377,0.1141391471625521,8.413240015931867e-06,0.1291651824014251
"('0022905000', 'Electrical & Computer Engineering')",0.003121098626716604,0.0037410308609710854,0.12896993116773336,0.10290645165565676,0.14840552137657778
"('0013128000', 'Social Sciences Data Lab (D-Lab)')",0.0009363295880149813,0.0,0.103485029553309,5.684373842146693e-05,0.11344560729924034
"('0031849000', 'Industrial and Systems Engineering')",0.00031210986267166043,0.0,0.09538553140815718,4.387968959824153e-05,0.10220111120436844
"('0013144000', 'Biomedical Engineering')",0.002184769038701623,0.043539195996060064,0.11703254556744713,0.0018849764339978368,0.13323775377507785
"('0027854000', 'Unknown Dept')",0.010611735330836454,0.11265305208685343,0.14349052801289802,0.06720109613299441,0.16909483263650013
"('0014803000', 'CEE')",0.00031210986267166043,0.0,0.08221287077902084,4.3191195131979977e-07,0.0883855504871171
"('0014894000', 'Civil and Environmental Engineering')",0.00031210986267166043,0.0,0.09415221863062004,4.447319553441666e-06,0.10191343858204661
"('0030908000', 'Physics')",0.0024968789013732834,0.00249454026987028,0.0857349281528458,5.660336427537315e-07,0.09364153935747378
"('0013706000', 'Information Sciences')",0.0009363295880149813,0.0,0.0972913883153164,0.00016089513357641724,0.10795890108553806
"('0022921000', 'Electrical and Computer Engineering')",0.0006242197253433209,0.0,0.0778160975372808,4.241497614428391e-08,0.08528764985272996
"('0039321000', 'Civil and Architectural Engineering')",0.00031210986267166043,0.0,0.09491364753976952,4.560829158135011e-07,0.10525236498113302
"('0023259000', 'School for Environment and Sustainabilit')",0.0006242197253433209,0.0,0.0972972972972973,0.00013228412894450114,0.10696681419521238
"('0027078000', 'Computer Science')",0.002184769038701623,0.00994366626481182,0.10154665314401623,2.194120373472659e-06,0.11392150159086624
"('0020438000', 'Unknown Dept')",0.0012484394506866417,0.0,0.07448737620309667,1.5690921466599275e-09,0.08067711874794416
"('6250007597', 'Unknown Dept')",0.00031210986267166043,0.0,0.09875173370319001,0.0007836697791705322,0.10812120951613667
"('0033845000', 'Mathematics')",0.0012484394506866417,0.0,0.11746159768302966,0.0019369076965836051,0.1294770870117856
"('0015982001', 'Department of Statistics')",0.0009363295880149813,0.0,0.09415221863062004,2.3174167640103133e-06,0.104123691604848
"('0031849000', 'Unknown Dept')",0.003121098626716604,0.008094393403811892,0.09832443380592892,6.149093886318844e-05,0.10908520236982659
"('0018697000', 'Ecology, Evolution & Organismal Biology')",0.0009363295880149813,0.0,0.0926976044439301,2.2946433070248974e-06,0.10149894278292843
"('0027854000', 'Computer Science and Engineering - Tando')",0.0006242197253433209,0.0,0.12549449688613842,0.010919444370244225,0.13980185886649318
"('0001057000', 'Robotics Institute')",0.0009363295880149813,0.0006242197253433209,0.11647944159668448,0.0014046109035992507,0.12934629942817708
"('0027110000', 'Geosciences')",0.0012484394506866417,0.0,0.08751946242727199,1.5068641442272623e-05,0.09535214305806715
"('0017756000', 'Department of Chemistry')",0.0012484394506866417,0.0006242197253433209,0.1022629344738438,2.6655899604841475e-06,0.11437775136827702
"('0021998000', 'Khoury College of Computer Science')",0.0012484394506866417,0.0,0.1084447453037739,9.952869773122132e-05,0.12243656762878255
"('0024232000', 'Mechanical Engineering')",0.0012484394506866417,0.0,0.07202751612975744,1.2095323847804065e-08,0.07723034263445484
"('0036772000', 'School of Teacher Education and Leadersh')",0.0006242197253433209,0.0,0.090401218892839,1.6401694325348732e-06,0.10073869484159342
"('0031005000', 'Physics and Astronomy')",0.0012484394506866417,0.0,0.12400820528699152,0.000561628344053113,0.14000409411586393
"('0029744000', 'Department of Anthropology')",0.0012484394506866417,0.0,0.11632719747304215,3.5078221698020766e-05,0.1326343071372624
"('0025205000', 'Office of the Provost')",0.0009363295880149813,0.0,0.09198438217730823,2.2895985065195674e-06,0.10050535407866563
"('0026278000', 'Computer Science')",0.00031210986267166043,0.0,0.09015955201620846,3.091279436025077e-07,0.09628940093089895
"('0015354000', 'School of Teaching and Learning')",0.002184769038701623,0.01802075255391322,0.1206370721789224,7.050615056808711e-05,0.13960731401663654
"('0015982000', 'Department of Mathematics and Science Ed')",0.00031210986267166043,0.0,0.10765405550702238,7.725737300087538e-06,0.11957379779985795
"('0032896000', 'Community and Population Health')",0.0006242197253433209,0.0,0.09715862570882737,4.5973129365280907e-07,0.1077158919056543
"('7203583343', 'Computer Science')",0.0006242197253433209,0.0,0.06536107711138311,4.694897606279705e-09,0.0701235731453919
"('0036566000', 'Department of Physics')",0.0006242197253433209,0.0,0.06935815564455028,1.424513062331248e-10,0.07428298913518815
"('0029728000', 'Chemical and Biomolecular Engineering')",0.004057428214731586,0.07752833398190885,0.1327257663628832,0.00017467647415157764,0.15753885747207558
"('0030908000', 'Chemistry and Biochemistry')",0.001560549313358302,0.0018714898602784607,0.08573263405758322,5.36635367358521e-07,0.09327741118435687
"('0034488000', 'Department of Electrical Engineering')",0.00031210986267166043,0.0,0.09515041724824043,1.6629292299536788e-05,0.10262170318610904
"('4003554000', 'Unknown Dept')",0.005305867665418227,0.03712392164087334,0.12070069692974195,0.0009879637873197332,0.13985506248553967
"('0029744000', 'Renaissance Computing Institute')",0.001560549313358302,0.0012480496787694744,0.11057808455565142,9.71126642211727e-06,0.1240410598744359
"('0013052000', 'Department of Chemistry')",0.0009363295880149813,0.0006242197253433209,0.0833940655908381,4.877983961748626e-06,0.08871405940452008
"('0033290000', 'Department of Electrical Engineering')",0.0012484394506866417,0.0037394717733024167,0.08944224219753225,2.059694830837286e-06,0.09871808056217314
"('0013268000', 'Teacher Education and Counseling Psychol')",0.0012484394506866417,0.0,0.09441023072163125,5.9903997637359585e-06,0.10228771942624616
"('6250007704', 'Unknown Dept')",0.0012484394506866417,0.0,0.0892379679144385,3.861865963121379e-07,0.09665619353304547
"('0029728000', 'Civil, Construction and Environ. Eng.')",0.00031210986267166043,0.0,0.10878348555325434,1.1638400281196582e-05,0.12135158524991893
"('0080010000', 'Civil and Materials Engineering')",0.00031210986267166043,0.0,0.09266811279826465,7.621223896260299e-07,0.10137816268909293
"('0029728000', 'Department of Entomology and Plant Patho')",0.0012484394506866417,0.0,0.12572101236021188,0.00011528925558587336,0.14568427268310444
"('0031849000', 'Homer L. Dodge Department of Physics and')",0.0009363295880149813,0.0,0.08952971749517981,8.704191939216606e-06,0.09676191102966741
"('0018697000', 'Mathematics')",0.00031210986267166043,0.0,0.08097452486858067,1.0618776139144635e-06,0.08753921323875684
"('0013144000', 'CalIT2')",0.0006242197253433209,0.0,0.1221362406129684,0.0014245438851503724,0.13814271883885682
"('0015354000', 'Digital Worlds')",0.0012484394506866417,0.00026474174773814287,0.11633986928104575,3.3116405348369324e-05,0.1327903620685983
"('0015370000', 'Mathematics & Statistics')",0.0006242197253433209,0.0,0.10392811962762334,3.627978251333746e-05,0.1150986582442464
"('0013201000', 'Electrical & Computer Engineering Dept.')",0.0012484394506866417,0.0,0.11299992946321506,3.887309825396165e-05,0.12617713257000868
"('7203583753', 'Unknown Dept')",0.002184769038701623,0.0006242197253433209,0.11426533523537803,0.014478076720950944,0.12667430531515522
"('0017756000', 'Psychology')",0.001560549313358302,0.0018447735771791682,0.09803261634488877,9.95722737436855e-06,0.10971517449595489
"('0021782000', 'CSAIL')",0.00031210986267166043,0.0,0.12304619993087292,0.0013182300406040486,0.13642365570121115
"('0025650000', 'Biochemistry')",0.003121098626716604,0.02245966318419762,0.10265611483130947,1.070008751539575e-05,0.11781740428899831
"('0019281000', 'Division of Biology')",0.0024968789013732834,0.03961748036098691,0.1055927231981017,2.5881731140737585e-06,0.12033800995319383
"('0026633000', 'Electrical & Computer Engineering')",0.0012484394506866417,0.0,0.08022836538461539,1.733449497090726e-07,0.08717961195502326
"('0014449000', 'Department of Prevention and Community H')",0.00031210986267166043,0.0,0.06763346209866379,2.2711035989177174e-08,0.07287133136170207
"('0001289000', 'Office of the Vice Chancellor for Resear')",0.0006242197253433209,0.0,0.12290459933254057,0.03203242309752046,0.13916611162374423
"('0037549000', 'Computer Science Department')",0.001560549313358302,0.0006242197253433209,0.12067796610169491,0.013939628299748087,0.13757976805798414
"('0001057000', 'Chemical and Biomedical Engineering')",0.0012484394506866417,0.0,0.1195210206289402,0.002053357851902844,0.1340682277807239
"('0034256000', 'Engineering and Science Education')",0.0006242197253433209,0.0,0.07667456385957355,5.294272406135393e-06,0.08340706378741734
"('0018259000', 'Engineering Technology')",0.0009363295880149813,0.0,0.06347822641359908,3.2453219715138894e-11,0.06738633539408097
"('0036582000', 'Civil, Architectural and Env Engineering')",0.0009363295880149813,0.0,0.11162207357859531,1.3512092004024245e-05,0.1240917586540237
"('0015982001', 'Mathematics')",0.0012484394506866417,0.0,0.102708767430678,1.1360909264000132e-05,0.11353975313073084
"('0027078000', 'Department of Statistics')",0.0012484394506866417,0.0,0.12024770125727154,0.0017936063588846582,0.13361175652291507
"('0023259000', 'Museum of Anthropological Archaeology')",0.00031210986267166043,0.0,0.1021488235669196,0.00036375323029350993,0.1127944939571285
"('0026872000', 'Mathematics')",0.00031210986267166043,0.0,0.08775918266728752,1.0111175658359423e-06,0.09518611887519406
"('0027078000', 'Chemistry')",0.0012484394506866417,0.0,0.10852923243682677,1.944001885755181e-05,0.12164758208149618
"('0025205000', 'Unknown Dept')",0.003121098626716604,0.0073689088111721255,0.10129303531345832,1.6420853007882325e-05,0.11367511356492004
"('7203594873', 'Unknown Dept')",0.0006242197253433209,0.0,0.08983345483093141,4.623224449669173e-07,0.09755991309964995
"('0025320000', 'Mechanical and Industrial Engineering')",0.0012484394506866417,0.0,0.07428531682548516,1.815817550978889e-08,0.07977573529957778
"('0036756000', 'Electrical and Computer Engineering')",0.0009363295880149813,0.0006242197253433209,0.10277795598896516,8.828990570084274e-06,0.11281277575720519
"('0037986000', 'Office of Minority Affairs & Diversity/')",0.001560549313358302,0.0,0.09175783263646257,2.02748139258525e-05,0.10144876746638469
"('0033795000', 'Learning Research & Development Center')",0.001560549313358302,0.0024951249277460306,0.09273248241729617,4.260249441106583e-05,0.10109967712695768
"('9000241000', 'Jet Propulsion Laboratory')",0.0006242197253433209,0.0,0.08712440516655337,2.5098958372036295e-07,0.09337818138982858
"('0030908000', 'Electrical and Computer Engineering')",0.0012484394506866417,0.0,0.07897266520420991,9.168966221416104e-08,0.08472417539697961
"('0026633000', 'ECE BLDG')",0.0009363295880149813,0.0,0.08715995647442873,4.799324793370357e-07,0.09515416890189986
"('0013151000', 'AOS')",0.00031210986267166043,0.0,0.0757267785393524,5.727036470142149e-09,0.08009288860442645
"('0015693000', 'School of Biological Sciences')",0.0006242197253433209,0.0,0.11091878418611092,0.0014475614933319835,0.12609415501108498
"('0023259000', 'Michigan Institute for Data Science')",0.00031210986267166043,0.0,0.10417479516191963,0.00010061170603675551,0.11190174199517114
"('0021782000', 'Computer Science Artificial Intellegienc')",0.00031210986267166043,0.0,0.12304619993087292,0.0013182300406040486,0.13642365570121115
"('0022335000', 'Business')",0.0009363295880149813,0.0,0.10519403769124697,3.9282262239176894e-05,0.11817039659477471
"('7203581821', 'Unknown Dept')",0.00031210986267166043,0.0,0.1083127683310233,8.654019587969564e-06,0.11983288616567674
"('0033787000', 'CIS')",0.0012484394506866417,0.0,0.11182075175374306,0.00016431430909216442,0.1252783750282036
"('0010827000', 'Physics & Astronomy')",0.002184769038701623,0.010476060733833573,0.11156377311187715,6.572157738304684e-05,0.12519340313613697
"('0114629000', 'CBPP/MMLBA')",0.0009363295880149813,0.0,0.07524129347392151,2.1593419121505133e-07,0.08179227624439037
"('0049544000', ""Children's Learning Institute"")",0.0009363295880149813,0.0,0.12290931410158049,0.03649697301804548,0.13932216655508006
"('0020107000', 'Department of Civil and Environmental En')",0.00031210986267166043,0.0,0.08757687576875768,1.9525691933895514e-06,0.09414614048148251
"('0038265000', 'Research and Development Corp')",0.0006242197253433209,0.0,0.08975795607350964,2.048208763027131e-07,0.09793548466261337
"('0037499000', 'AOES')",0.002184769038701623,0.0017120706340352841,0.10850350502895459,0.0015909531856317816,0.12253321138831563
"('0037549000', 'SPES')",0.0012484394506866417,0.001248244564728058,0.0903833676549409,0.00018254599036717794,0.10036767507720917
"('0010819000', 'Hugh Downs School of Human Communication')",0.00031210986267166043,0.0,0.11655147326300473,0.004604934859037247,0.13177291689614634
"('0022681000', 'Unknown Dept')",0.0009363295880149813,0.0,0.0916449758302108,3.2197953099431995e-05,0.10050457980695272
"('0025163000', 'Health Management and Informatics')",0.00031210986267166043,0.0,0.07062557862716572,6.962471753116134e-09,0.07447077876850887
"('5300010311', 'BioDesign')",0.0009363295880149813,0.0,0.09278887923544743,3.83825847496096e-07,0.10132371532926981
"('P269999475', 'Unknown Dept')",0.00031210986267166043,0.0,0.08077243048377744,1.6694588106098026e-08,0.08565580841361829
"('0036137000', 'Unknown Dept')",0.00031210986267166043,0.0,0.10413078098085736,2.4695917699651452e-05,0.11347477577087678
"('0023291000', 'Chemistry')",0.0006242197253433209,0.0006242197253433209,0.0789668260462365,5.910942871953193e-08,0.08433403806864011
"('0026633000', 'Physics, Center for High Tech. Material')",0.00031210986267166043,0.0,0.08019824284748818,6.405102695259337e-08,0.08626408969118639
"('0037499000', ""College of Science: Dean's Administratio"")",0.0009363295880149813,0.0,0.08697068403908795,2.934415479235299e-05,0.09409892312383542
"('0011312000', 'Humanities and Social Sciences')",0.00031210986267166043,0.0,0.07808539676350165,7.894805797432646e-07,0.08527669979188347
"('0036566000', 'Department of Physis')",0.0006242197253433209,0.0,0.06935815564455028,1.424513062331248e-10,0.07428298913518815
"('7203587560', 'Unknown Dept')",0.0012484394506866417,0.0,0.10667909702337351,0.0011511193315586175,0.12021575114202088
"('0039545000', 'NanoScience Technology Center')",0.0012484394506866417,0.0,0.11458817638854119,9.031317508090202e-05,0.1306809603416273
"('0015354000', 'Environmental Engineering Sciences')",0.00031210986267166043,0.0,0.1163145284251797,2.348137400197391e-05,0.13216614234325497
"('0025205000', 'Anthropology')",0.0009363295880149813,0.001248244564728058,0.08786748573935937,1.5299131966208996e-07,0.09460831280655169
"('0001479000', 'Chemical Engineering')",0.0009363295880149813,0.0,0.11042944785276074,2.3914966756316777e-05,0.12237853499028521
"('0028068000', 'Center for Comp. Rel. and Gravitation')",0.00031210986267166043,0.0,0.09902030472540718,1.7539921086059943e-06,0.10694178211585699
"('0025544000', 'Aviation Institute')",0.0012484394506866417,0.0,0.08646373056994819,1.7029523200512786e-06,0.09559314559879782
"('0114637000', 'Alaska College of Education')",0.0006242197253433209,0.0,0.08133218256587298,1.0793926785567189e-06,0.08955312486888423
"('0033795000', 'Neurology')",0.0012484394506866417,0.0,0.11677661551918941,0.0003423681434712347,0.13224059358862514
"('0049544000', 'Epidemiology, Hum Genetics & Env Science')",0.0012484394506866417,0.0,0.0814686737184703,2.0958345561373642e-08,0.08780316982093582
"('0019489001', 'Molecular Biosciences')",0.0006242197253433209,0.0,0.1121534584150098,8.126826276262919e-06,0.12502705781620316
"('0033787000', 'Computer and Information Science')",0.002184769038701623,0.00837790637011816,0.10905377808032675,1.30724980824603e-05,0.12421136360192214
"('0021998000', 'MIE and ECE')",0.00031210986267166043,0.0,0.11144347826086956,9.5538833376984e-05,0.1255177669161439
"('0017400000', 'School of Education and Social Policy')",0.0012484394506866417,0.0,0.0849709602991487,9.877589820978473e-06,0.09252296298017448
"('0015354000', 'Engineering School of Sustainable Infras')",0.002184769038701623,0.0425269597599902,0.130074699577785,0.0001774092041673626,0.1538295829360618
"('0021030000', 'Department of Geographical Sciences')",0.0006242197253433209,0.0,0.09619599483592038,9.148823305410706e-06,0.1070356255504191
"('0023259000', 'Center for the Study of Higher and Post-')",0.00031210986267166043,0.0,0.10543982624148485,0.0006708107860781151,0.11348960943777257
"('0027078000', 'Mathematics')",0.0024968789013732834,0.014077600187278437,0.12654028436018958,0.0020094012221654124,0.1429203408094689
"('6250018667', 'Early Math')",0.0012484394506866417,0.0,0.10393486229603918,4.937343779880572e-06,0.11349995284115891
"('0014316000', 'Delaware BioTech. Instit')",0.0012484394506866417,0.0,0.12206179283020306,0.0002898745809072929,0.13768784568556464
"('0036756000', 'Unknown Dept')",0.0028089887640449437,0.0037416155188468364,0.11453492528776721,7.031538064446466e-05,0.12973562338803976
"('7203595388', 'Natural Resources')",0.0012484394506866417,0.0,0.11538461538461539,3.871061007584197e-05,0.13004013587980254
"('0030908000', 'Unknown Dept')",0.004057428214731586,0.006230893867835359,0.09891941957394257,1.1005971429308856e-05,0.10964288845458937
"('0021030000', 'IREAP')",0.00031210986267166043,0.0,0.10311866370570628,0.0002059452235522782,0.11245519434997052
"('0026179000', 'Chem and Biochem')",0.0009363295880149813,0.0,0.07895320470170769,1.506284461085816e-08,0.08469813067068147
"('0034256000', 'Electrical and Computer Engineering')",0.0028089887640449437,0.014773895832894795,0.11899721448467966,9.317407892644872e-05,0.13611895083878298
"('0035998000', 'School of Art and Design')",0.0012484394506866417,0.0,0.08771353482260184,1.7650880571843487e-06,0.09735937179891398
"('0027078000', 'Seismology Department')",0.0006242197253433209,0.0,0.08188928078515566,1.1625627166006024e-06,0.08955774549920308
"('0014316000', 'College of Education and Human Dvlpmnt')",0.0009363295880149813,0.0,0.12205714285714286,0.0002493779274513136,0.13753179075422883
"('0025163000', 'Division of Plant Science and Technology')",0.0012484394506866417,0.00249454026987028,0.08222975053895903,4.5265017428622124e-07,0.08908779767812826
"('P270080094', 'Unknown Dept')",0.0009363295880149813,0.0,0.10423579933632637,4.1832969168204256e-05,0.11541291177492236
"('4100566000', 'Pacific Island Ecosystems Research Cente')",0.0006242197253433209,0.0,0.08983345483093141,4.623224449669173e-07,0.09755991309964995
"('0022905000', 'Kellogg Biological Station')",0.0012484394506866417,0.0,0.09584779226995334,8.100853607177034e-05,0.10541054050130262
"('0022905000', 'Criminal Justice/Chemistry')",0.0012484394506866417,0.0,0.0959942475357282,8.202999572479007e-07,0.10572711875764432
"('5300013006', 'Unknown Dept')",0.003745318352059925,0.004819828983823859,0.08824744539620459,1.4776850337985217e-05,0.09922242920831566
"('0010637000', 'Depts. Chemistry & Geophysical Institute')",0.0012484394506866417,0.0,0.07524836186852674,2.0769790217730435e-07,0.08207837695183937
"('0001289000', 'Unknown Dept')",0.0009363295880149813,0.0006242197253433209,0.09439910432809875,4.838830190858835e-06,0.1020380315361088
"('0015693000', 'Mechanical Engineering and Biology')",0.0012484394506866417,0.0,0.080318868917801,1.6040339163134952e-06,0.08567667467140064
"('0038950000', 'MRSEC IEOT')",0.0009363295880149813,0.0,0.11058190101470283,2.7676392571218108e-05,0.1237593499141431
"('0020990000', 'Physics, Astronomy and Geosciences')",0.0012484394506866417,0.0,0.07855444136612155,1.5705277760307215e-08,0.08473802621713708
"('0016105000', 'Earth Sciences')",0.0012484394506866417,0.0,0.08984101169279085,6.142820414231747e-07,0.09792404127276692
"('0021030000', 'Mechanical Engineering')",0.0028089887640449437,0.0031179804513792662,0.10502851897987281,5.2701582847138346e-05,0.11507650837439494
"('0017400000', 'Unknown Dept')",0.001560549313358302,0.015891593922916905,0.09934267642316756,0.0004313869506527505,0.1100347938050556
"('0039545000', 'Department of Computer Science, CSB 201')",0.0012484394506866417,0.0,0.10469903927847853,4.8801425345638847e-05,0.11568154588353691
"('0015693000', 'H. Milton Stewart School of Industrial a')",0.003745318352059925,0.013415027338983261,0.11675533853217696,0.0020905541146992303,0.1355460425542375
"('4015152000', 'Unknown Dept')",0.0024968789013732834,0.003117200907544932,0.10749152883550844,0.0002380802811492657,0.1216071820633088
"('4025938000', 'LTI')",0.0012484394506866417,0.0018714898602784607,0.08297508675609883,2.2722469614469354e-07,0.0914319431230297
"('0026393000', 'ECE')",0.0012484394506866417,0.00249454026987028,0.09090135330666439,3.2794917743726027e-07,0.0979957441541469
"('0034256000', 'Entomol.-Sch. Agric., For., Environ Sci.')",0.00031210986267166043,0.0,0.07667272901311381,4.6472603775249784e-06,0.08325100885608151
"('0026393000', 'Electrical and Computer Engineering')",0.00031210986267166043,0.0,0.07692861773391918,5.075707863515982e-09,0.08091758565229261
"('0036046000', 'Electrical & Computer Engineering')",0.0012484394506866417,0.0,0.11422867125387715,5.079556851259103e-05,0.12838824550039266
"('0018408000', 'Chemical and Biomolecular Engr')",0.0012484394506866417,0.0,0.0950572598350442,8.538706422078156e-06,0.10211437709951965
"('0033290000', 'Center for Science and The Schools')",0.0009363295880149813,0.0,0.09399202065242901,1.4991143355441255e-06,0.10395625905943587
"('0037986000', 'Education')",0.00031210986267166043,0.0,0.08777360764868641,1.61799750760748e-06,0.09547221958264308
"('0026633000', 'Mechanical Engineering Department')",0.0012484394506866417,0.0,0.08022836538461539,1.733449497090726e-07,0.08717961195502326
"('0022103000', 'Computer and Information Science')",0.0006242197253433209,0.0,0.09818582986025987,4.968598754666674e-06,0.10583680652539187
"('0010512000', 'Civil, Construction, & Env. Engineering')",0.00031210986267166043,0.0,0.09537417395963566,1.723025231772348e-06,0.1025996993971906
"('0023259000', 'Communication and Media')",0.00031210986267166043,0.0,0.1021488235669196,0.00036375323029350993,0.1127944939571285
"('0033712000', 'Teaching and Learning')",0.0009363295880149813,0.0,0.09855732258759113,2.3657727863260433e-06,0.10845980462538174
"('0019760000', 'Space Science Center')",0.0009363295880149813,0.0,0.11844294111123434,0.00031890482779875246,0.1348385068639569
"('0038950000', 'Genetics')",0.0006242197253433209,0.0,0.09228642202891872,3.2090215857322167e-06,0.10028823691031863
"('0017400000', 'Materials Science and Engineering')",0.0012484394506866417,0.0018714898602784607,0.0903833676549409,4.9386901438792424e-05,0.09823684470781667
"('0019893001', 'Computer Science')",0.0012484394506866417,0.0,0.056215457496271604,3.0316598321447575e-12,0.060241272561343394
"('0034256000', 'Unknown Dept')",0.004993757802746567,0.008098583451921439,0.08303744978618634,4.228766407055751e-05,0.09368819362619403
"('0013177000', 'Computer Science and Engineering')",0.0018726591760299626,0.015384533699190118,0.11773351951201587,8.391755297399066e-05,0.13388257853259894
"('0080010000', 'Mechanical and Industrial Engr')",0.0012484394506866417,0.0,0.10738345007876127,2.3889872617852642e-05,0.12035496894703106
"('6250019409', 'Unknown Dept')",0.001560549313358302,0.0,0.09370887075546197,7.068740221587222e-07,0.10361820481311108
"('0015693000', 'Computer Science')",0.00031210986267166043,0.0,0.10034136105978517,0.00018684711681455645,0.11091821189298673
"('0021782000', 'Physics')",0.0024968789013732834,0.0074701736784685705,0.12684085510688836,0.0022123492562240708,0.14289682287332084
"('0030908000', 'Mathematics')",0.0009363295880149813,0.0,0.09888278501327079,8.214372018452166e-06,0.10701712303549676
"('4002127000', 'Carnegie Institution of Washington')",0.00031210986267166043,0.0,0.11318755078249196,7.070201987956744e-05,0.12506013679009145
"('0031849000', 'Forecast Research and Development Div.')",0.0009363295880149813,0.0,0.09706737760542898,1.689762229824395e-05,0.10637501830984986
"('0013169000', 'School of Education')",0.0012484394506866417,0.0,0.09441023072163125,5.9903997637359585e-06,0.10228771942624616
"('0032896000', 'Unknown Dept')",0.003433208489388265,0.014919042571121185,0.10760343901128426,3.737392274589615e-06,0.12387920281497498
"('0025189000', 'Computer Science Electrical Engineering')",0.0006242197253433209,0.0,0.06990138755563313,4.142299405252786e-08,0.07554894591914059
"('0036582000', 'Department of Geological Sciences')",0.00031210986267166043,0.0,0.08019824284748818,6.405102695259337e-08,0.08626408969118639
"('0037549000', 'Foresty')",0.0006242197253433209,0.0,0.0987456467470028,0.0005484141776890923,0.10812120951613662
"('0025064000', 'Pharmacological & Physiological Science')",0.00031210986267166043,0.0,0.08078057635579759,2.5535162000429507e-08,0.08578065235868695
"('4005930000', 'Unknown Dept')",0.0009363295880149813,0.0,0.06336649328560409,5.991270628419491e-09,0.06795906685184619
"('0013201000', 'Marine Science Institute')",0.0018726591760299626,0.016529925759727275,0.1083493963680633,0.0002001656674225217,0.12182013102989556
"('0014316000', 'Electrical & Computer Engineering')",0.00031210986267166043,0.0,0.09817379580830984,4.155708508048825e-06,0.10560272412838809
"('0027078000', 'Physics Department')",0.0009363295880149813,0.0,0.0725527048753425,1.4847340296567298e-08,0.07824624891093572
"('0026393000', 'Unknown Dept')",0.0012484394506866417,0.0006242197253433209,0.08333766841804088,4.642924066558861e-08,0.08885921365959103
"('0037549000', 'Philosophy')",0.002184769038701623,0.0,0.10956842897202654,0.015915100799438607,0.12422379977150066
"('0035303000', 'University of Tennessee Knoxville Innova')",0.0009363295880149813,0.0,0.099869085468487,1.1893404257807615e-06,0.10887684928070236
"('0020107000', 'Geology & Geophysics')",0.00031210986267166043,0.0,0.07569457569457569,1.1425246534904961e-07,0.08120790724291618
"('0023879000', 'Biochemistry, Mol. Biology & Biophysics')",0.0006242197253433209,0.0,0.0781291911531615,1.6239576679245546e-07,0.08434225213447498
"('0026880000', 'Computer Science Dept.')",0.0009363295880149813,0.0,0.1084741172089244,1.6632083341775148e-05,0.12109618799077625
"('0016949000', 'Chemistry, Physics & Engineering Studies')",0.0012484394506866417,0.0,0.10524932658826622,6.332147388035074e-05,0.11833816457650301
"('0026179000', 'Department of Counseling')",0.0009363295880149813,0.0,0.07895320470170769,1.506284461085816e-08,0.08469813067068147
"('0036756000', 'Civil and Environmental Engineering')",0.00031210986267166043,0.0,0.07525543159130946,1.484516978572013e-07,0.08169864328558891
"('4001863000', 'Unknown Dept')",0.0018726591760299626,0.003338346234805809,0.08141278109515944,4.617169806354459e-06,0.09112785739388019
"('0013151000', 'Department of Atmospheric Sciences')",0.0012484394506866417,0.0,0.13536121673003804,0.036838354985536864,0.15353082634972964
"('0080010000', 'Chemical Engineering')",0.0024968789013732834,0.026691261691905423,0.10903893275251837,2.5750394389532912e-05,0.12386973774738053
"('0017756000', 'Prairie Research Institute')",0.0012484394506866417,0.0,0.09594825262779624,9.489382108091357e-07,0.10654365120541204
"('7203591098', 'Psychology')",0.0006242197253433209,0.0,0.10370945814721305,8.801101267670684e-06,0.11758247526425379
"('0028068000', 'Microsystems Engineering')",0.002184769038701623,0.000935452601201355,0.08540811430399317,1.3795274376711396e-06,0.09387544313424728
"('0028068000', 'Microelectronic Engineering')",0.002184769038701623,0.000935452601201355,0.08540811430399317,1.3795274376711396e-06,0.09387544313424728
"('5300019565', 'RBI')",0.0009363295880149813,0.0,0.10245914745291164,0.00031156058983381027,0.11435854276668689
"('P270061868', 'Unknown Dept')",0.00031210986267166043,0.0,0.09281038178552807,4.325645283453751e-06,0.10037652288358086
"('0017756000', 'Department of Computer Science')",0.00031210986267166043,0.0,0.10144376899696049,1.8241427389556358e-06,0.11236615410855244
"('0014175000', 'Unknown Dept')",0.0028089887640449437,0.009617868524970475,0.08738102380887447,1.5876826411434947e-06,0.09756465713079966
"('0037549000', 'Commonwealth Cyber Initiative')",0.001560549313358302,0.0002988887064385144,0.12066887616752034,0.011683794762835025,0.13747573143709357
"('0019893001', 'Chemistry')",0.00031210986267166043,0.0,0.06328388868040057,1.2386026331077546e-10,0.0684167143578154
"('0025544000', 'Teacher Education')",0.0012484394506866417,0.0,0.089549735878588,3.623196035679665e-06,0.09788361620944584
"('0035352000', 'Department of EECS')",0.001560549313358302,0.017575679304225943,0.12068251158235715,2.8718783199412115e-05,0.1401415283530881
"('0026294000', 'Biomedical Engineering')",0.00031210986267166043,0.0,0.07790502589539719,4.547384538068203e-09,0.08307722984138508
"('0011395001', 'Science Education')",0.0012484394506866417,0.0,0.09441023072163125,5.9903997637359585e-06,0.10228771942624616
"('0011544000', 'Mathematics')",0.00031210986267166043,0.0,0.07953529937444147,1.4058275147033112e-06,0.0857069956767822
"('0015354000', 'ECE')",0.0006242197253433209,0.0,0.10440563086548488,0.0005803543110793174,0.11459426853899107
"('0017749000', 'Comparative Human Development')",0.00031210986267166043,0.0,0.10229558443217011,3.921570746575748e-05,0.11315349783711616
"('0015354000', 'Electrical and Computer Engineering')",0.0028089887640449437,0.0013129785585009408,0.11828115770821028,4.6466184783203304e-05,0.1357857307240793
"('0038265000', 'Biology')",0.001560549313358302,0.0012480496787694744,0.0986028189819659,1.6724013001774129e-06,0.11047622189223112
"('7203589783', 'Unknown Dept')",0.0009363295880149813,0.0,0.09399202065242901,1.4991143355441255e-06,0.10395625905943587
"('4025938000', 'Grad.School of Industrial Admin.')",0.0006242197253433209,0.0,0.0935720335270582,5.22695797023275e-07,0.10194841704781772
"('0024232000', 'Bagley College of Engineering')",0.001560549313358302,0.008084454219924127,0.0881721613737685,5.114611949599452e-08,0.0970008391622307
"('0035295000', 'Office of Accreditation and Assessment')",0.0009363295880149813,0.0,0.05765908436510222,2.2162081404469033e-12,0.061221641786111
"('0011510001', 'Computational Science Research Center')",0.0009363295880149813,0.0,0.09362398457132838,2.2920799471133118e-05,0.09957774511267659
"('P269870269', 'Molecular Biology')",0.0006242197253433209,0.0,0.0844624874782517,3.992847987500194e-08,0.09115562020278149
"('0013144000', 'Chemical Engineering & Materials Science')",0.0009363295880149813,0.0,0.10511121317498852,0.0002664730390034754,0.11696349959328017
"('0021055000', 'CSEE')",0.00031210986267166043,0.0,0.08710308829926054,1.3024035506150685e-07,0.09422113419997934
"('7203585014', 'Grand Farm')",0.001560549313358302,0.0,0.07230710207397711,9.848155374466584e-09,0.07929112209167208
"('0025361000', 'Biomedical and Pharmaceutical Sciences')",0.0009363295880149813,0.0,0.09163973343248577,2.8240864894605578e-05,0.10019246994428108
"('0029728000', 'Dept of Marine, Earth & Atmospheric Sci')",0.00031210986267166043,0.0,0.10878348555325434,1.1638400281196582e-05,0.12135158524991893
"('0036772000', 'Instructional Technology & Learning Scie')",0.003745318352059925,0.01778871857933689,0.09937965260545906,1.2864749011125318e-05,0.11583148075890658
"('0014175000', 'Materials Science and Engineering')",0.0009363295880149813,0.0,0.08036722100985778,2.2160604538920342e-07,0.08740686845876804
"('0013052000', 'Department of Sociology')",0.0012484394506866417,0.0,0.13076483552363072,0.007690116500777965,0.1470990140706764
"('0017749000', 'Linguistics')",0.0006242197253433209,0.0006242197253433209,0.10230211692582777,3.968717229749151e-05,0.11336157107889726
"('0021030000', 'Urban Studies and Planning')",0.0012484394506866417,0.0,0.0984059706993458,0.0001738422325427635,0.10914632488879991
"('0014175000', 'Curriculum and Instruction')",0.00031210986267166043,0.0,0.08327918280352455,9.596134855909565e-07,0.09060845933657266
"('0029207000', 'Biology')",0.00031210986267166043,0.0,0.08719079108498654,3.133017656877196e-08,0.0941659720731953
"('0025650000', 'Agronomy & Horticulture')",0.001560549313358302,0.0,0.10319172920222873,2.7234661050244606e-06,0.11617513194405905
"('0001289000', 'Biochemistry and Molecular Genetics')",0.00031210986267166043,0.0,0.08625888434202024,5.275719830107575e-07,0.09171153162389419
"('0036582000', 'Computer Sciences')",0.0009363295880149813,0.0,0.11655995343422584,0.005892479702948716,0.132085026758818
"('7203589848', 'Imago Rehab c/o UMass Lowell Innovation')",0.0012484394506866417,0.0,0.10963966738527872,5.724887519823164e-05,0.12196616153144896
"('0015693000', 'CEISMC/Mechanical Engineering')",0.0006242197253433209,0.0,0.11123841266534736,0.001455415609304822,0.12672340161411436
"('0018259000', 'Agricultural and Biological Engineering')",0.001560549313358302,0.0,0.10319172920222873,2.7234661050244606e-06,0.11617513194405905
"('0027854000', 'Public Health Policy and Management')",0.0012484394506866417,0.0,0.12618147448015124,0.01104781827306323,0.1416543074651965
"('0036582000', 'Department of Chemistry and Biochemistry')",0.0012484394506866417,0.0,0.1249025417121472,0.00033669843770919134,0.14220455790083342
"('0037275000', 'Information and Engineering Technologies')",0.0006242197253433209,0.0,0.08522863299018434,8.5304993640926e-06,0.09259955805356163
"('0037549000', 'Geography')",0.0018726591760299626,0.000624609497260488,0.10956842897202654,0.00714923701332416,0.1241197631506101
"('0024232000', 'Biological Sciences')",0.0024968789013732834,0.005603945739071867,0.08107287449392712,8.988800440231575e-09,0.08886251226927552
"('P270049622', 'Unknown Dept')",0.0006242197253433209,0.0,0.09508547008547008,1.3668990399161756e-06,0.10346824787885961
"('0037986000', 'Human Centered Design & Engineering')",0.00031210986267166043,0.0,0.11867985331703522,0.00016654710077261943,0.13281182564082314
"('0029744000', 'Anthropology')",0.00031210986267166043,0.0,0.11020534516561759,0.00017518699594726582,0.12094786318183452
"('0010637000', 'Unknown Dept')",0.003433208489388265,0.004985962364403222,0.0813631631072399,1.2826309623230182e-06,0.0910616558717972
"('0026633000', 'Dept. of Earth & Planetary Sciences')",0.0012484394506866417,0.0,0.07575363518146352,3.858683856314371e-08,0.08230958435194019
"('0018093000', 'Biology')",0.001560549313358302,0.0006242197253433209,0.07501053518752634,1.494487018743741e-09,0.0811476668517015
"('0032896000', 'Civil and Environmental Engineering')",0.003121098626716604,0.01174165076944213,0.10774818401937046,1.1655821982483692e-05,0.12540116503703927
"('0032896000', 'Civil Engineering')",0.0009363295880149813,0.0,0.09727661899990891,1.6299926431134628e-06,0.10879009328053912
"('7203576397', 'Earth and Planetary Sciences')",0.0009363295880149813,0.0012480496787694744,0.08338538413491568,5.698872946889268e-08,0.09048375484647726
"('0021055000', 'Provost')",0.0009363295880149813,0.0,0.09533728092361711,1.0054679789600452e-06,0.10469747657475849
"('0010819000', 'Center for Sustainable Macromolecular Ma')",0.0009363295880149813,0.0,0.11916539591624205,0.00590610469890957,0.13544371247939552
"('0058891000', 'Unknown Dept')",0.0012484394506866417,0.0,0.10543635645649599,0.00039822326384031934,0.115559149795946
"('0013144000', 'Education')",0.0018726591760299626,0.024117429485173425,0.11789380726349487,0.00044448962730569535,0.13507607971801994
"('0033290000', 'Department of Recreation, Park, and Tour')",0.00031210986267166043,0.0,0.09396996715157203,9.74625443787178e-07,0.10338405764453787
"('0021998000', 'Psychology')",0.0006242197253433209,0.0,0.10841905793178126,7.3168778669295e-05,0.12186436621388447
"('0039545000', 'CECS/CECE')",0.0012484394506866417,0.0,0.09042673289681644,0.0002381551044983738,0.10083583987121666
"('0021998000', 'Mechanical and Industrial Engineering')",0.004057428214731586,0.06298415893066639,0.1286023922292687,0.001696402097730876,0.15099798889679944
"('0022194000', 'Data Intensive Studies Center')",0.0024968789013732834,0.007241216884658857,0.09910606576139071,3.146748192029963e-05,0.11027209748793634
"('0021030000', 'Geographical Sciences')",0.0012484394506866417,0.0,0.1011267872360572,0.0001724754210903324,0.111452761786419
"('0014894000', 'Department of Physics')",0.001560549313358302,0.0031376505895912015,0.10446349972286524,2.2190779603253477e-05,0.11547894842901622
"('0025205000', 'Energy, Environmental and Chemical')",0.00031210986267166043,0.0,0.08756251537263261,1.1182795933872977e-07,0.09504065892775955
"('0029744000', 'Mathematics')",0.00031210986267166043,0.0,0.11020534516561759,0.00017518699594726582,0.12094786318183452
"('0020834000', 'Biology')",0.0006242197253433209,0.0,0.10749152883550844,3.464480162900894e-05,0.11671689698226437
"('7203594944', 'Unknown Dept')",0.00031210986267166043,0.0,0.10251815825680735,5.5452436243712915e-06,0.1119089225359364
"('0039545000', 'Graduate Research IT (GRIT)')",0.0009363295880149813,0.0,0.10636743908107031,2.691897224874076e-05,0.11946711942910784
"('P270048786', 'Unknown Dept')",0.0009363295880149813,0.0,0.08359642027813291,2.5342809157534263e-05,0.08972738323877123
"('0030908001', 'Physics')",0.0024968789013732834,0.00249454026987028,0.0857349281528458,5.660336427537315e-07,0.09364153935747377
"('0029728000', 'Biological and Agricultural Engineering')",0.0006242197253433209,0.0,0.12145564821834723,7.795295408835665e-05,0.13909791335475594
"('0015693000', 'Aerospace Engineering')",0.0012484394506866417,0.006746317662914556,0.11999101190922028,0.007467249650831381,0.13925809878456372
"('0021782000', 'Chemistry')",0.001560549313358302,0.003117200907544932,0.12680571496418253,0.0021195203191479613,0.14222058483753225
"('0029744000', 'Environmental Sciences & Engineering')",0.0009363295880149813,0.0,0.11021292697189639,0.00022403066890370115,0.12125997304450621
"('0023259000', 'Department of Psychology')",0.0012484394506866417,0.0007920909559368623,0.10224661730916518,0.0004730011525649662,0.1139440986179691
"('0038950000', 'Engineering')",0.0009363295880149813,0.0,0.09630587032973639,1.7295360056316443e-06,0.10527755862942934
"('0036327060', 'Electrical and Computer Engineering')",0.003433208489388265,0.018263055507808497,0.1250195099110348,0.027465065563648458,0.14272505161949395
"('0023259000', 'Center for Political Studies')",0.0009363295880149813,0.0006242197253433209,0.09753424657534246,6.754780747807703e-05,0.10662195690687741
"('0027854000', 'Dept Chemistry,  Math & CS')",0.001560549313358302,0.01878132840283996,0.12936568821415592,0.011396648897117084,0.14649510177365996
"('0018259000', 'School of Electrical Engineering')",0.0009363295880149813,1.6240496548634634e-07,0.13288540500186638,0.03152993628516425,0.15009234847304953
"('0030908000', 'NBCL')",0.0006242197253433209,0.0,0.0849101605978693,9.779761009903434e-08,0.09195517063425938
"('0013144000', 'Computer Science')",0.0012484394506866417,0.01777129103309583,0.11778978714017867,0.00023227247775801414,0.13346028534087973
"('0025205000', 'EECE')",0.0012484394506866417,0.0,0.0875696949819613,1.6622577684547245e-07,0.09550882372176708
"('0015693000', 'CEISMC')",0.0012484394506866417,0.0,0.10425614994142914,0.000926523911802172,0.11502115325217066
"('0033795000', 'Electrical and Computer Engineering')",0.003121098626716604,0.010156126836492951,0.12622124172707216,0.0015758424401195075,0.14523739179398967
"('0013201000', 'Bioengineering')",0.0024968789013732834,0.010601844706704607,0.11752622698261316,0.00018563800722408468,0.13344622202542827
"('0010637000', 'University of Alaska Kuskokwim Campus')",0.0012484394506866417,0.0,0.07524836186852674,2.0769790217730435e-07,0.08207837695183937
"('0023291000', 'Department of Mathematics')",0.0012484394506866417,0.0,0.11940966010733453,0.02085185221038357,0.13486916986673383
"('0021063000', 'Departmentof Natural Science')",0.0006242197253433209,0.0,0.07423712319562548,4.42655007148754e-09,0.07916809825084288
"('0024232000', 'Building Construction Science')",0.0006242197253433209,0.0,0.09657874905802562,4.295829599586833e-07,0.10697085405558518
"('0022921000', 'Department of Geol. Eng. & Sciences')",0.0006242197253433209,0.0,0.08734767318230147,4.773683572476635e-08,0.09396843822809264
"('0027110000', 'Electrical and Computer Engineering')",0.0006242197253433209,0.0006242197253433209,0.09952474140341068,0.00014368025177615825,0.10796019530894657
"('0025064000', 'Unknown Dept')",0.002184769038701623,0.0031179804513792662,0.09632903400378821,1.6306438064076922e-06,0.10587576919955001
"('0035352000', 'Institute of Software Integrated Systems')",0.0009363295880149813,0.0,0.10518367748924855,4.596257128749406e-06,0.1180208417936841
"('0096354000', 'Mathematics')",0.0006242197253433209,0.0,0.08045197740112994,6.673941497275293e-09,0.08784746815602913
"('0018259000', 'Educational Studies')",0.0006242197253433209,0.0,0.10261337432744043,0.0026855012236707103,0.11119752149218183
"('0015982001', 'Complex Carbohydrate Research Center')",0.0012484394506866417,0.0,0.09413838695460555,2.4158128461728286e-06,0.10399364582873481
"('0035220000', 'College of Life and Physical Sciences')",0.0009363295880149813,0.0,0.08965748824714574,8.143061969236356e-06,0.0981668605569574
"('0037283001', 'Mathematics and Statistics')",0.0006242197253433209,0.0,0.08229733894996404,1.2073481588225696e-06,0.08873845096429156
"('0010819000', 'School of Biological & Health Systems En')",0.0009363295880149813,0.0,0.09278887923544743,3.83825847496096e-07,0.10132371532926981
"('0032581000', 'Unknown Dept')",0.001560549313358302,0.0,0.09621043781154286,1.4519077090433252e-05,0.10760782696531711
"('4100749000', 'Smithsonian Environmental Research Ctr')",0.00031210986267166043,0.0,0.10249520153550863,2.541661346445135e-06,0.11170639859716731
"('P270098298', 'Unknown Dept')",0.0006242197253433209,0.0,0.09490802452679285,6.746006510331308e-05,0.10332168601875671
"('0016162000', 'Biological Sciences')",0.0009363295880149813,0.0,0.09667491400639672,1.3696088782535354e-06,0.10554582558831435
"('0036327060', 'Industrial and Systems Engineering')",0.0009363295880149813,0.0006242197253433209,0.114682511274966,0.0032620282180963324,0.12719555461453844
"('0036616000', 'Geological Sciences')",0.001560549313358302,0.0,0.08707941512203077,2.0531923101852358e-07,0.0944552165969831
"('0010835000', 'Computer Science Department')",0.0006242197253433209,0.0,0.09134711332858161,1.8311907365951323e-06,0.09870758939081911
"('0048041000', 'New York Institute of Technology')",0.0009363295880149813,0.0,0.09012404714354026,0.00013124706705621705,0.09816804366409472
"('0034074000', 'Department of Psychology')",0.0009363295880149813,0.0,0.09540541345323526,4.827443881618379e-06,0.1033019465882018
"('0038950000', 'Department of Psychology')",0.00031210986267166043,0.0,0.07942685738367337,8.090393842560841e-08,0.08373552724126432
"('0024109000', 'Department of Chemistry, Physics and At')",0.002184769038701623,0.0018714898602784607,0.09970747494865252,3.441218976365343e-05,0.11027315760805964
"('0001479000', 'Bicultural-Bilingual Studies')",0.00031210986267166043,0.0,0.11042183622828784,1.8690446212607972e-05,0.12206642512761355
"('0037549000', 'Physics')",0.0028089887640449437,0.004381356518748782,0.10963591568573774,0.007704605926865334,0.12501967992131344
"('7203593549', 'Unknown Dept')",0.00031210986267166043,0.0,0.11843856276800237,0.01195629364924535,0.13183156469897891
"('0019281000', 'Mechanical and Nuclear Engineering')",0.0006242197253433209,0.0,0.07592237150778418,3.846378055348984e-08,0.08181479460998478
"('0016261000', 'Office of Information Technology')",0.0009363295880149813,0.0,0.08684103537064643,1.9634571786961398e-07,0.09293957794649577
"('0033795000', 'Occupational Therapy')",0.0012484394506866417,0.0,0.11677661551918941,0.0003423681434712347,0.13224059358862514
"('0014266000', 'Geology and Geophysics')",0.0012484394506866417,0.0006242197253433209,0.09541109555998928,3.637990163029474e-05,0.10485606594686497
"('0036756000', 'Psychiatry')",0.0006242197253433209,0.0,0.10277136258660508,8.606122615916224e-06,0.11260470251542408
"('0036707000', 'Department of Mathematics')",0.00031210986267166043,0.0,0.0845516440597456,1.3202156591298311e-06,0.08971488769845508
"('0036582000', 'Mechanical Engineering')",0.003433208489388265,0.06511010653747486,0.14076710162119416,0.12773824592349758,0.16523942816972695
"('0036327060', 'Unknown Dept')",0.0028089887640449437,0.01776432759192958,0.1343452555662711,0.10969484868073413,0.156690428573002
"('0029728000', 'Statistics')",0.0012484394506866417,0.0006242197253433209,0.11253161000280978,6.641794755014621e-05,0.12412036110142997
"('0014803000', 'Computer and Information Sciences')",0.001560549313358302,0.0006242197253433209,0.10273840826011672,3.138421484183089e-05,0.11477461939466566
"('0036327000', 'Department of Atmospheric Sciences')",0.0006242197253433209,0.0012480496787694744,0.08360078277886497,1.2133072513069334e-05,0.08970137408354859
"('0033795000', 'Unknown Dept')",0.001560549313358302,0.0006242197253433209,0.11678087184720805,0.0003460766715031351,0.13239664851996097
"('0025163000', 'School of Natural Resources')",0.0009363295880149813,0.0,0.09443527469936336,8.203812507524293e-07,0.10483663895972785
"('0035105000', 'Tennessee STEM Education Center')",0.001560549313358302,0.0012480496787694744,0.08297938464725992,2.909196557638348e-07,0.09164001636481081
"('0013144000', 'Neurology')",0.002184769038701623,0.0,0.10956842897202654,0.015915100799438607,0.12422379977150066
"('P270099507', 'Unknown Dept')",0.0006242197253433209,0.0,0.09714978775015161,1.3801449288286456e-05,0.10472723054325679
"('0013144000', 'Informatics')",0.003433208489388265,0.06278379489756936,0.130604924180662,0.0020127195401755025,0.1519779075230881
"('0028068000', 'Cybersecurity')",0.0009363295880149813,0.0,0.07300401020780167,2.8663183444665796e-08,0.07820804246935845
"('0013706000', 'Unknown Dept')",0.004369538077403246,0.0302922369555536,0.11487988526353532,0.006727848265495759,0.13370723491036648
"('6250021099', 'Civil and Environmental Engineering')",0.00031210986267166043,0.0,0.09901418461633549,0.000673055045882691,0.10940531866541427
"('6250015886', 'Unknown Dept')",0.0006242197253433209,0.0,0.09539973202322466,2.718669535612601e-06,0.1030938733464207
"('0036137000', 'Teaching & Learning')",0.002184769038701623,0.0037394717733024167,0.10423240834119522,3.623898357984352e-05,0.11524860015706069
"('0021782000', 'CEE + MechE + IMES')",0.0012484394506866417,0.0,0.1136452310857305,0.00015523690831918764,0.12689223245774028
"('0017392000', 'CIERA')",0.0009363295880149813,0.0,0.07866823806717738,2.307885811469475e-06,0.08409978996744542
"('0027110000', 'Unknown Dept')",0.00686641697877653,0.0227497770735327,0.08469692563905998,7.243009887403651e-06,0.09691273438204213
"('6250004721', 'Chemistry & Biochemistry')",0.00031210986267166043,0.0,0.1136331394524046,4.216509373925557e-05,0.12615861890431077
"('0030148000', 'Center for Health Disparities Research &')",0.0009363295880149813,0.0,0.09677711662186245,1.6499002942139512e-05,0.10503773405329686
"('0048041000', 'Electrical & Computer Engineering')",0.0009363295880149813,0.0,0.09012404714354026,0.00013124706705621705,0.09816804366409472
"('0013482000', 'Electrical Engineering')",0.0009363295880149813,0.0,0.08333766841804088,5.050483341842233e-06,0.08965793348721716
"('0035352000', 'Physics & Astronomy')",0.0006242197253433209,0.0,0.11631875113450717,2.6387414883880614e-05,0.13232219727459074
"('0036327060', 'Materials Science and Engineering')",0.001560549313358302,0.0006242197253433209,0.114682511274966,0.003621860603037187,0.12719555461453844
"('0022905000', 'Undergraduate Education')",0.00031210986267166043,0.0,0.08750751078822308,1.0083325169873453e-05,0.09477994164316912
"('4025938000', 'Rady School of Management')",0.0006242197253433209,0.0,0.10321167412943337,3.538490138202847e-06,0.1149414404211632
"('0013151000', 'Political Science')",0.0009363295880149813,0.0,0.11905469678953627,8.883404115402752e-05,0.13312976105133378
"('0010090000', 'Physics')",0.001560549313358302,0.003117200907544932,0.06729113286008317,2.766091650374431e-08,0.07220876580266634
"('0114629000', 'Unknown Dept')",0.0024968789013732834,0.0018714898602784607,0.06764917022085216,4.298393219761878e-08,0.074171789122834
"('0035303000', 'Innovative Computing Laboratory')",0.0018726591760299626,0.009592977116649895,0.10072304306821754,1.343977015281447e-06,0.11064011224618518
"('0028381000', 'Computer Science')",0.0018726591760299626,0.004982844189065885,0.07823029592733666,1.0348501964370436e-07,0.086109388452173
"('0031708000', 'Electrical and Computer Engineering')",0.0012484394506866417,0.0,0.07428531682548516,1.815817550978889e-08,0.07977573529957778
"('0038950000', 'Department of Geoscience')",0.0012484394506866417,0.0006242197253433209,0.10651595744680852,1.1729586464887559e-05,0.11897149198954494
"('0014316000', 'Biomedical Engineering')",0.0009363295880149813,0.0,0.12205714285714286,0.0002532417311321407,0.1375317907542288
"('0013144000', 'Earth Systems Science')",0.0006242197253433209,0.0,0.11643288029653318,0.00026801752444688935,0.13090209012736373
"('0001479000', 'Physics & Astronomy')",0.0012484394506866417,0.0,0.09947839046199702,3.705181022835544e-06,0.10825837688955914
"('0028035000', 'Department of Chemistry and Biology')",0.0009363295880149813,0.0,0.10737265415549598,6.559297055297043e-06,0.11865309919208161
"('6250031365', 'Biology')",0.0009363295880149813,0.0,0.0926976044439301,2.2946433070248974e-06,0.10149894278292843
"('0023259000', 'Architecture')",0.001560549313358302,0.0012480496787694744,0.102161851922709,0.0004208481283156711,0.11321064044069068
"('P269992958', 'Unknown Dept')",0.0006242197253433209,0.0,0.08983345483093141,4.623224449669173e-07,0.09755991309964995
"('0010819000', 'School of Social and Behavioral Sciences')",0.001560549313358302,0.0,0.11655995343422584,0.006637678961045097,0.132085026758818
"('0010090000', 'Curriculum and Teaching')",0.0006242197253433209,0.0,0.05932234771338641,3.910442928170023e-10,0.06253112825806811
"('0010819000', 'SFIS')",0.0006242197253433209,0.0,0.11105719237435009,0.002461649456450293,0.12276610800344344
"('4002995000', 'Negaunee Institute for Plant Conservatio')",0.0009363295880149813,0.0,0.09547364343395215,5.563847852421727e-07,0.10420515945969197
"('0014266000', 'Unknown Dept')",0.0028089887640449437,0.041872947034964636,0.1054641211323239,0.0002934440697346324,0.11958929833331115
"('0029975000', 'Department of Plant Science')",0.001560549313358302,0.0,0.07230710207397711,9.848155374466584e-09,0.07929112209167208
"('0023879000', 'Department of Chemistry')",0.0018726591760299626,0.001248244564728058,0.10212603193829088,3.539962113013095e-05,0.11422672342456598
"('0037499000', 'CEIE')",0.0012484394506866417,0.0,0.11441631253794236,0.008020355778720262,0.12906584346296118
"('7203592261', 'Unknown Dept')",0.00031210986267166043,0.0,0.09885227693446871,6.619452627547153e-06,0.10751013772633303
"('0017756000', 'Computer Science')",0.004369538077403246,0.03475476006293256,0.11289242803283887,1.6720184314648328e-05,0.13055618386431822
"('0010637000', 'Geophysical Institute')",0.004057428214731586,0.024165858864368336,0.08852785145888595,8.824388320015826e-06,0.10132827756355539
"('0034140000', 'Unknown Dept')",0.0009363295880149813,0.0012480496787694744,0.10886850152905199,4.051443901903867e-05,0.1198512103057202
"('0011510001', 'Electrical & Computer Engineering')",0.0009363295880149813,0.0,0.10457601671127358,5.931386306644045e-05,0.11431130504080783
"('0033787000', 'Department of Mathematics')",0.0006242197253433209,0.0,0.12964311726147124,0.07236000916224546,0.14824352149547676
"('0037549000', 'ECE')",0.0009363295880149813,0.0,0.10960216194027297,0.0058824344331731004,0.12416137779896634
"('0037549000', 'Electrical and Computer Engineering')",0.003433208489388265,0.013311100743178114,0.10986147304896447,0.006272662740247922,0.1265490182484044
"('0026575000', 'Teacher Preparation, Administration, and')",0.001560549313358302,0.0009362321450356895,0.08398427260812581,2.5360653583581705e-07,0.09322651619608649
"('0027110000', 'Horticulture')",0.0006242197253433209,0.0,0.07808729984645756,8.860600496516733e-07,0.08543275472321928
"('7203579639', 'Unknown Dept')",0.0006242197253433209,0.0,0.10500442434372234,6.465488669709657e-06,0.11613167871277347
"('0026575000', 'ENGR')",0.0012484394506866417,0.0,0.07575363518146352,3.858683856314371e-08,0.08230958435194019
"('0028357000', 'College of Emergency Preparedness, Homel')",0.0009363295880149813,0.0,0.11092262419941146,0.0016493092005740756,0.12625020994242084
"('0030908000', 'Ohio Supercomputer Center')",0.0006242197253433209,0.0,0.09524092625070599,8.867658269753542e-07,0.10296170578420955
"('0033795000', 'Informatics and Networked Systems')",0.0009363295880149813,0.0,0.08486967577876668,5.938059637867885e-06,0.09098089754082085
"('0029066000', 'Chemistry and Fermentation Sciences')",0.00031210986267166043,0.0,0.08060985734772436,1.1610180173861659e-08,0.08595325666766955
"('0037457000', 'Department of Biology')",0.00031210986267166043,0.0,0.10083398898505114,9.100971550265408e-05,0.10802327819791856
"('0016105000', 'Information Technology Services')",0.0009363295880149813,0.0,0.09385435584978616,2.2688811229589094e-06,0.10271409991706801
"('0037986000', 'Genome Sciences')",0.00031210986267166043,0.0,0.11867985331703522,0.00016654710077261943,0.13281182564082314
"('0023879000', 'School of Physics and Astronomy')",0.0012484394506866417,0.0,0.08534441425603324,1.5559816521763083e-05,0.09251934015507639
"('5300009667', 'Unknown Dept')",0.0006242197253433209,0.0,0.11647097313606455,0.0013877211374784747,0.12913822618639598
"('0029058000', 'Industrial and System Engineering')",0.0009363295880149813,0.0,0.08546962947155014,1.2987109437985397e-07,0.0927194700095368
"('0027854000', 'Media, Culture, and Communication')",0.00031210986267166043,0.0,0.12548958170139432,0.007325318097379394,0.13964580393515735
"('0018259000', 'Engineering Education')",0.001560549313358302,0.0032711200902801564,0.12895954920507144,0.06886625073491193,0.14770327418556653
"('0031849000', 'School of Geology and Geophysics')",0.0009363295880149813,0.0006242197253433209,0.08953221930363829,7.614746058351736e-06,0.0968139293401127
"('0014316000', 'Dept of Civil & Environ Engineering')",0.0009363295880149813,0.0,0.12206179283020306,0.0002497573145102741,0.1375838090646741
"('0013151000', 'Chemistry and Biochemistry')",0.0009363295880149813,0.0006242197253433209,0.1200944563139548,0.004687064068983026,0.13241705146929283
"('0031708000', 'Unknown Dept')",0.005305867665418227,0.02357178315603594,0.11783744023538066,0.0024498758492124966,0.1336655390907421
"('0020107000', 'Unknown Dept')",0.0018726591760299626,0.013650090406358822,0.09597986939068959,1.791410096081036e-05,0.10573720000047722
"('0001024000', 'Jack, Joseph and Morton Mandel School')",0.0009363295880149813,0.0,0.08381948986265533,1.4603059026953326e-05,0.09020404396961772
"('0010819000', 'Department of Chemical Engineering')",0.0009363295880149813,0.0,0.11655995343422584,0.005892479702948716,0.132085026758818
"('0015354000', 'Spanish and Portuguese Studies')",0.0012484394506866417,0.0,0.11632719747304215,3.5078221698020766e-05,0.1326343071372624
"('0033290000', 'Educational Psychology')",0.00031210986267166043,0.0,0.09182620658030494,4.187092386114433e-06,0.09966250691108881
"('0025650000', 'Nebraska Transportation Center')",0.00031210986267166043,0.0,0.08644506799050292,1.1034374990400603e-06,0.09491690756300929
"('0029728000', 'Biochemistry')",0.0006242197253433209,0.0,0.09592239985629603,7.043875835380344e-07,0.10586741316962354
"('0023879000', 'Dept. of Electrical & Comp. Engineering')",0.00031210986267166043,0.0,0.09241685655773169,4.237994826659672e-06,0.1020984114225767
"('0013508000', 'Systems Engineering')",0.0009363295880149813,0.0,0.0837997593764712,1.0214745521630954e-08,0.09037507479286877
"('0011312000', 'Astronomy')",0.0009363295880149813,0.0,0.09318829620150079,8.502929136740266e-05,0.10146983969335631
"('4003110000', 'Corporate Headquarters')",0.0018726591760299626,0.0006244146113019045,0.06805003929231357,6.767861359745737e-08,0.07300045712397572
"('0020776000', 'Johns Hopkins Center for Health Security')",0.0009363295880149813,0.0,0.09619888308412898,1.042472546030792e-05,0.10719168048175493
"('0018697000', 'Dept. of Electrical and Computer Eng.')",0.00031210986267166043,0.0,0.06989986255645003,3.68832936953317e-08,0.07539289098780476
"('0018408000', 'Architecture')",0.0024968789013732834,0.0003127529863349782,0.12431132148676961,0.09568886545348805,0.1418613771129897
"('0029744000', 'Physics and Astronomy')",0.001560549313358302,0.0006242197253433209,0.12401300510915002,0.0005677151256330092,0.1401601490471998
"('0037499000', 'Department of Computer Science')",0.00031210986267166043,0.0,0.08519917034515768,4.9188149387126054e-06,0.0920377603007527
"('6250004721', 'School of Engineering')",0.003433208489388265,0.024320468513411037,0.12562735257214555,9.6144700803725e-05,0.14501701866691416
"('0019893001', 'Department of Mathematics')",0.001560549313358302,0.0,0.09888278501327079,9.11029735309914e-06,0.10701712303549676
"('0033795000', 'School of Computing and Information')",0.0009363295880149813,0.0,0.08486967577876668,5.938059637867885e-06,0.09098089754082085
"('0033795000', 'Civil and Environmental Engineering')",0.0009363295880149813,0.0,0.0860827512090274,5.531202353579518e-07,0.09371937158648193
"('0001057000', 'Social and Decision Sciences Department')",0.0006242197253433209,0.0,0.12848893166506256,0.005790564232028972,0.14390410158269293
"('0023259000', 'Naval Architecture and Marine Engineerin')",0.002184769038701623,0.005736173566777124,0.11271767810026385,0.003666792919045571,0.12693701685600017
"('0036756000', 'Department of Geology and Geophysics')",0.00031210986267166043,0.0,0.10276806620264939,7.667601323882284e-06,0.11244864758408825
"('0036582000', 'Jackson School of Geoscience')",0.00031210986267166043,0.0,0.09702328680010902,1.1054294923852554e-06,0.1041178253916022
"('0032102000', 'Botany and Plant Pathology')",0.0009363295880149813,0.0,0.10121943514247804,2.0161916982413767e-05,0.11267541015416806
"('0039321000', 'Technology Transfer Office')",0.0009363295880149813,0.0,0.09493052057716808,5.8927239579225e-07,0.1057725480855858
"('4002995000', 'Ecology, Evolution & Natural Resources')",0.00031210986267166043,0.0,0.08715758548461686,6.230156425344435e-08,0.09340146793228811
"('0035295000', 'School of Education')",0.0028089887640449437,0.0043633666887147645,0.057666348697827614,2.425526717864465e-12,0.062209989684571254
"('0015354000', 'Rinker School of Construction Mgmt')",0.0006242197253433209,0.0,0.11825059974164975,3.1207111302061454e-05,0.13490141944650957
"('0017756000', 'Chemistry')",0.00031210986267166043,0.0,0.0927781316962993,2.9081934343537483e-07,0.10090756884570763
"('0015354000', 'School of Teaching and Learning; Educati')",0.00031210986267166043,0.0,0.1163145284251797,2.348137400197391e-05,0.13216614234325494
"('4025938000', 'Division of Quantitative Analysis of Mar')",0.00031210986267166043,0.0,0.07865085794241107,1.4444121633355718e-08,0.08365460170507232
"('0030148000', 'PUBLIC HEALTH & PREVENTION SCIENCE')",0.0009363295880149813,0.0,0.09677711662186245,1.6499002942139512e-05,0.10503773405329686
"('0011429001', 'Department of Chemistry and Biochemistry')",0.0012484394506866417,0.0,0.11109955268906689,0.00037403424398332376,0.12462269892443717
"('0010611000', 'Unknown Dept')",0.0006242197253433209,0.0,0.06763488980832559,2.7498257372089188e-08,0.07302738629303791
"('0011312000', 'Physics, Math, and Astronomy')",0.0009363295880149813,0.0,0.09318829620150079,8.502929136740266e-05,0.10146983969335631
"('0034256000', 'School of Computing, Human-Centered Comp')",0.0006242197253433209,0.0,0.07667456385957355,5.221411599983407e-06,0.08340706378741734
"('0018408000', 'Kaneb Center for Teaching Excellence')",0.0012484394506866417,0.0,0.07855444136612155,1.5705277760307215e-08,0.08473802621713708
"('0013177000', 'Department of Electrical and Computer En')",0.0006242197253433209,0.0,0.10859912551265972,0.0001845740856473174,0.11965027764317629
"('0025205000', 'Brown School, Public Health')",0.0009363295880149813,0.0,0.09198438217730823,2.2895985065195674e-06,0.10050535407866563
"('0114629000', 'Institute of Social and Economic Researc')",0.001560549313358302,0.0,0.06764488546395017,4.1217362494842306e-08,0.0737036243288265
"('0001057000', 'ECE')",0.00031210986267166043,0.0,0.10000312119604232,0.00020477219513599746,0.10826734491435636
"('0001057000', 'Electrical and Computer Engineering')",0.0018726591760299626,0.056859874098287994,0.13471807593659338,0.006014832070962573,0.1545855813770011
"('0033886000', 'Unknown Dept')",0.001560549313358302,0.004019783244054914,0.1106773981830115,0.001220251934521176,0.1254238379797851
"('0036616000', 'Computer Science Department')",0.002184769038701623,0.007974907599294142,0.09038846728919231,3.225565504489733e-07,0.10102117286874161
"('0025684000', 'Nevada Bureau of Mines and Geology')",0.00031210986267166043,0.0,0.08509282128914031,2.873764629962496e-07,0.09122569425743274
"('0013052000', 'Chemistry')",0.00031210986267166043,0.0,0.07697667155178627,5.316636184056852e-07,0.08086114103608932
"('0029058000', 'Engineering')",0.0009363295880149813,0.0,0.07875138257343,2.123379066278555e-08,0.08441315938476725
"('0021998000', 'Civil & Environmental Eng.')",0.0009363295880149813,0.0,0.12113421550094518,6.857526016198591e-05,0.13792488743045128
"('0017756000', 'NCSA')",0.0018726591760299626,0.007772032805723143,0.11188713507473111,1.645335674581255e-05,0.12495313613281685
"('0013144000', 'Earth System Science')",0.0009363295880149813,0.0025473592220370237,0.11701972242512783,0.001417083989211205,0.13176870593430717
"('0037986000', 'Unknown Dept')",0.009675405742821473,0.07775680765519297,0.13465579557871732,0.0015270759931330347,0.1595556453544181
"('0020107000', 'College of Science')",0.0009363295880149813,0.0,0.08758405773331146,2.500638114432794e-06,0.09451026865459945
"('0026880000', 'Civil Engineering')",0.003433208489388265,0.013037285971368134,0.12165856622114216,0.00011822807748491308,0.1414907556352386
"('0037549000', 'Forest Resources and Environmental Conse')",0.0009363295880149813,0.0012480496787694744,0.1095571892631219,0.004455411410581261,0.12365159835660261
"('6250020047', 'Unknown Dept')",0.0012484394506866417,0.0,0.10525278407411058,7.054834811439422e-06,0.11624518959324043
"('0036442000', 'Computer Science')",0.002184769038701623,0.0012480496787694744,0.08147488874761602,2.0958345561373642e-08,0.08806326137316217
"('0020776000', 'Electrical and Computer Engineering')",0.0009363295880149813,0.01417226964143714,0.1203199519321041,0.0012068362861739515,0.1351141886827492
"('0039545000', 'AMPAC and Mech.Mat.Aero. Eng.')",0.0006242197253433209,0.0,0.1063639079772931,2.361872520770959e-05,0.11931106449777201
"('6250008639', 'Unknown Dept')",0.0006242197253433209,0.0,0.0981166743224621,0.00017946736882146392,0.10930411126203203
"('0037499000', 'Civil, Environ Engineer')",0.00031210986267166043,0.0,0.09839690436705362,0.00010414603733068832,0.1091875027745135
"('0010827000', 'Unknown Dept')",0.0028089887640449437,0.013071729227192925,0.11119980564328602,6.555893539583274e-05,0.12495994022729334
"('0037275000', 'NOVA SySTEmic')",0.0009363295880149813,0.0,0.09315307457479285,5.943923040405797e-05,0.10344971960198417
"('0030908000', 'Department of Physics')",0.001560549313358302,0.01055872635010171,0.09371709371709372,3.1872906457459593e-06,0.10289381425206376
"('0019281000', 'Biological and Agricultural Engineering')",0.0018726591760299626,0.0012480496787694744,0.08924293911202719,3.959882898381121e-07,0.09696830339571716
"('0033787000', 'Bioengineering')",0.0024968789013732834,0.0066759692569443715,0.11278910127785405,0.00017582830513852116,0.12722113568962787
"('0030908000', 'Ohio Manufacturing Institute')",0.0009363295880149813,0.0,0.10505951405056235,0.00020180258110209017,0.11559345922453243
"('0017749000', 'Data Science Institute')",0.0006242197253433209,0.0,0.07296244847767176,3.8608624386251064e-07,0.07757506312134906
"('0013508000', 'CIRA')",0.0018726591760299626,0.0006242197253433209,0.09014940491263611,0.00015307085523346133,0.09868822676854742
"('0037549000', 'Mathematics')",0.003745318352059925,0.07893137626767487,0.13555593162971738,0.0464668416074891,0.1579322309280729
"('0022905000', 'Chemical Engineering and Material Scienc')",0.0006242197253433209,0.0,0.09161091096242924,3.238423066779235e-05,0.0991790616951499
"('0037986000', 'Materials Science and Engineering')",0.0006242197253433209,0.0,0.10600496277915633,1.5912829775337047e-05,0.11711727236952278
"('0026575000', 'Vice President for Research & Graduate S')",0.0006242197253433209,0.0,0.08397106614949156,2.1633145299336483e-07,0.09260229647074324
"('0013151000', 'Unknown Dept')",0.001560549313358302,0.0034131867412289124,0.12189461670154081,0.004375867130004334,0.13522671926023405
"('0023259000', 'Atmospheric, Oceanic and Space Sciences')",0.0012484394506866417,0.0018714898602784607,0.10581241743725231,3.0825455380227745e-06,0.11895748533296119
"('0001347000', 'Department of Mathematics & Applied Math')",0.0012484394506866417,0.0018714898602784607,0.1133276740237691,0.0002920867985669169,0.12508695336635312
"('0024406000', 'Unknown Dept')",0.002184769038701623,0.001871879632195628,0.0672883064516129,2.84274907399933e-08,0.07233881157877953
"('0001057000', 'Unknown Dept')",0.006242197253433208,0.13712529801861392,0.14741879083463696,0.04670003506406224,0.17392402497464207
"('4003554000', 'Mechanical Engineering')",0.00031210986267166043,0.0,0.10770471964501815,0.00010799639341481396,0.11940692812127898
"('0020107000', 'Civil and Environmental Engineering')",0.0012484394506866417,0.0,0.10878717913893793,1.4917111408750277e-05,0.12150764018125478
"('0020081000', 'Institute for Micromanufacturing')",0.00031210986267166043,0.0,0.07757869249394674,6.009773087054421e-08,0.08319846105832487
"('4301396000', 'Secondary science')",0.0012484394506866417,0.0,0.0849709602991487,9.877589820978473e-06,0.09252296298017448
"('0028829000', 'Center for Policy Research')",0.0012484394506866417,0.0,0.12618147448015124,0.01104781827306323,0.1416543074651965
"('0026633000', 'Community and Regional Planning')",0.0006242197253433209,0.0,0.08020025031289112,7.189053976061468e-08,0.0864201446225222
"('0013508000', 'Mechanical Engineering')",0.0009363295880149813,0.0,0.0837997593764712,1.0214745521630954e-08,0.09037507479286877
"('0017756000', 'Aerospace Engineering')",0.0012484394506866417,0.0,0.0930718954248366,9.497689723866964e-06,0.10310887233225434
"('0032169000', 'Mechanical and Materials Engineering')",0.0006242197253433209,0.0,0.11091878418611092,0.0014475614933319835,0.126094155011085
"('0028068000', 'Information Technology')",0.00031210986267166043,0.0,0.07300068352699932,2.2412746036613954e-08,0.07789593260668677
"('0017400000', 'CIERA')",0.003433208489388265,0.010561844525439049,0.08538307794803464,1.8867058677166422e-05,0.09367414664696146
"('0029058000', 'Nanoengineering Department')",0.0012484394506866417,0.0,0.09342469747776644,8.633943455396278e-07,0.10288234410364189
"('0031849000', 'Ctr for Analysis Pred. of Storms & SOM')",0.0012484394506866417,0.0018714898602784607,0.08220865192179401,9.747581864599892e-07,0.08813335866926952
"('0020776000', 'Unknown Dept')",0.0028089887640449437,0.005976055884235357,0.12042849088517196,0.0002829747652509863,0.13467796036593085
"('0018408000', 'CBE')",0.0009363295880149813,0.00249454026987028,0.12364927446742822,0.03441594379688754,0.14101249141956226
"('0017756000', 'Coordinated Science Laboratory')",0.0012484394506866417,0.0013066930729123678,0.1066435894022101,2.996077157267279e-06,0.12032599294661374
"('0037549000', 'Civil and Environmental Engineering')",0.0028089887640449437,0.026616647236536596,0.10989161750583071,0.00614002917657273,0.12639816514811317
"('0035303000', 'Chemical & Biomolecular Engineering')",0.0018726591760299626,0.0012480496787694744,0.08771833762251546,1.8085973323941808e-06,0.09767148166158562
"('0023259000', 'Electrical and Computer Engineering')",0.0012484394506866417,0.0,0.07897266520420991,9.168966221416104e-08,0.08472417539697961
"('0026294000', 'Office of Advanced Research Computing')",0.001560549313358302,0.0,0.09370887075546197,7.068740221587222e-07,0.10361820481311108
"('6250010400', 'Unknown Dept')",0.0009363295880149813,0.0,0.07528549273932046,5.674804548375148e-07,0.08186396725222922
"('0022194000', 'Department of Electrical & Computer Eng.')",0.0012484394506866417,0.0,0.09773656274784943,2.9199901959189587e-05,0.1074381397616566
"('7203594038', 'Unknown Dept')",0.0006242197253433209,0.0,0.08109544660710218,1.8151833043136798e-06,0.08842996487857206
"('0036566000', 'Psychology')",0.00031210986267166043,0.0,0.07451509372528956,9.998739658877184e-10,0.0807759535377902
"('0030908000', 'School of Earth Sciences')",0.0006242197253433209,0.0,0.09642470205850487,0.00016599939898922359,0.10584271586963073
"('6250004721', 'School of Natural Sciences')",0.003745318352059925,0.024549379387933244,0.12819589485055816,0.00038636398920194293,0.14880011871639928
"('0037143000', 'Marine and Environmental Science')",0.0012484394506866417,0.0,0.09607484482293323,4.257417262112355e-06,0.10554224275155943
"('P270094049', 'Unknown Dept')",0.0006242197253433209,0.0,0.09797565898110207,0.00013379998336917462,0.10650247964521961
"('0017749000', 'Department of Sociology')",0.00031210986267166043,0.0,0.0902382695882386,1.0818589040290823e-05,0.09707045425015198
"('0011395001', 'Mathematics and Statistics')",0.0012484394506866417,0.0,0.07897266520420991,9.168966221416104e-08,0.08472417539697964
"('5300001143', 'Information Services')",0.00031210986267166043,0.0,0.07715462229392925,2.0232628276057303e-06,0.0816147198015043
"('5300001194', 'Unknown Dept')",0.0012484394506866417,0.0006242197253433209,0.0860850640801741,5.591174727817193e-07,0.09387542651781776
"('0029058000', 'Inudstrial and Systems Engineering')",0.0009363295880149813,0.0,0.08546962947155014,1.2987109437985397e-07,0.0927194700095368
"('0013136000', 'Pathology, Microbiology, and Immunology')",0.0012484394506866417,0.0,0.11154046997389033,0.00015669878297242996,0.12652011021717638
"('0020776000', 'Materials Science and Engineering')",0.0006242197253433209,0.027425247761467236,0.11089191153566608,0.0023456866773717147,0.12187844403057317
"('0028068000', 'Civil Eng Tech/Env Health & Safety')",0.0009363295880149813,0.0,0.08539218037898777,1.057921004722467e-06,0.09309516847756816
"('0014449000', 'ESIA/IERES')",0.00031210986267166043,0.0,0.06763346209866379,2.2711035989177174e-08,0.07287133136170208
"('0036566000', 'Electrical Engineering')",0.0009363295880149813,0.0006242197253433209,0.12146485707786792,7.89145308089179e-05,0.13930598659653703
"('0033886000', 'Civil Engineering')",0.002184769038701623,0.01331669222305947,0.11901047470470247,0.007269607428259395,0.1366489442907191
"('0036137000', 'Teaching and Learning')",0.001560549313358302,0.0006242197253433209,0.1162301385765073,0.00022652646891290203,0.1304572931315501
"('0018259000', 'Unknown Dept')",0.0149812734082397,0.16426792351236683,0.14794975988178796,0.5696233661714625,0.18122865841595176
"('0034710000', 'Ag. and Bio. Engineering')",0.0009363295880149813,0.0,0.07234138631745315,7.2285659313158755e-09,0.0794103926463359
"('P270024961', 'Unknown Dept')",0.0012484394506866417,0.0,0.10904264370554402,1.6703388942616743e-05,0.12168836644013688
"('0031849000', 'Civil Engineering and Environmental Scie')",0.0009363295880149813,0.0,0.09443527469936336,8.203812507524293e-07,0.10483663895972785
"('0024406000', 'Geology & Geo. Engineering')",0.00031210986267166043,0.0,0.06304728546409807,3.122042951681144e-09,0.066570331675301
"('0014316000', 'Physics & Astronomy')",0.0006242197253433209,0.0,0.1183991722404937,0.0007926082328425806,0.13002925943794338
"('7203589906', 'Unknown Dept')",0.00031210986267166043,0.0,0.09989710971845478,0.00016278979689011866,0.11025050599216228
"('0018093000', 'WLAC')",0.0012484394506866417,0.0,0.06978719696804687,2.5665367379111754e-10,0.07470632884240942
"('4012746000', 'Unknown Dept')",0.001560549313358302,0.0018714898602784607,0.09097103918228279,3.9397569505873974e-05,0.0980918252506368
"('0025650000', '4-H Youth Development')",0.0006242197253433209,0.0,0.10504229230870107,0.0001852127795256398,0.11691721184863861
"('0001966000', 'Unknown Dept')",0.002184769038701623,0.003117200907544932,0.10218791860687632,0.00048494678898900395,0.1137828418555887
"('0027854020', 'Unknown Dept')",0.0012484394506866417,0.0,0.1270521056388294,0.011238681986582363,0.14231027936552298
"('0029728000', 'Biomedical Engineering')",0.00031210986267166043,0.0,0.11168822114546659,1.27898185585602e-05,0.1243813659286355
"('0013151000', 'Integrative Biology and Physiology')",0.0009363295880149813,0.0,0.10511121317498852,0.00026647303900347534,0.11696349959328017
"('0022194000', 'Electrical and Computer Engineering')",0.001560549313358302,0.00907323360642084,0.10697115384615384,0.0001780027826489753,0.12007366317924711
"('6250004721', 'Physics')",0.002184769038701623,0.009260134702222055,0.12610697839178178,0.0003201376174458716,0.14523634518833298
"('0015693000', 'College of Computing')",0.0018726591760299626,0.0015419570522990677,0.1109495117390401,0.001727866161690768,0.1269264479782094
"('0021998000', 'Computer and Information Scie')",0.0012484394506866417,0.0,0.1084447453037739,9.952869773122132e-05,0.12243656762878252
"('0001479000', 'Center for Excellence in Engineering Edu')",0.0009363295880149813,0.0,0.11042944785276074,2.3914966756316777e-05,0.12237853499028521
"('0023259000', 'Unknown Dept')",0.005305867665418227,0.023550684300044016,0.11376628910272343,0.0033372286708397794,0.13125952180020053
"('0010819000', 'School of Manufacturing Systems and Netw')",0.0006242197253433209,0.04525805515016876,0.11753484959647836,0.004669105321165164,0.13448882181242586
"('0017400000', 'Chemical and Biological Engineering')",0.0006242197253433209,0.0,0.09037062108647825,5.277005627722566e-05,0.09776867991380916
"('0010819000', 'The Biodesign Institute')",0.0009363295880149813,0.0,0.10323162676805103,2.6721248818674866e-05,0.11364573117991476
"('0017756000', 'Industrial and Enterprise Systems Engr')",0.00031210986267166043,0.0,0.10144376899696049,1.8241427389556358e-06,0.11236615410855244
"('4035911000', 'Astronomy and Astrophysics')",0.0012484394506866417,0.0,0.0786972220175374,3.0804251286459167e-06,0.08494248659665882
"('0019281000', 'Electrical & Computer Engineering')",0.002184769038701623,0.026489484148560786,0.09193687230989957,1.8806307647820433e-06,0.1045270438203098
"('5300004960', 'Unknown Dept')",0.001560549313358302,0.0,0.09707325940738047,4.6530605909018674e-05,0.10695408403770623
"('0038950000', 'Electrical&Computer Engineering')",0.0012484394506866417,0.0,0.08923299727065115,3.96131904139677e-07,0.09663538620886743
"('0010637000', 'Civil & Environmental Engineering')",0.0012484394506866417,0.0,0.07524836186852674,2.0769790217730435e-07,0.08207837695183937
"('0033787000', 'Materials Science & Engineering')",0.001560549313358302,0.0006242197253433209,0.10225967062428189,2.9163263931790284e-05,0.11270752942659161
"('6250001416', 'NSF')",0.0012484394506866417,0.0,0.08022233906707729,1.0444690821079707e-07,0.08697153871324216
"('0025205000', 'Department of Biology')",0.0006242197253433209,0.0,0.0875577296204192,1.1903119391814642e-07,0.09504065892775955
"('0025684000', 'Electrical and Biomedical Engineering')",0.0012484394506866417,0.0,0.09667783108536254,1.592347905396947e-06,0.1057018805196502
"('0013508000', 'Department of Ecosystem Science and Sust')",0.0006242197253433209,0.0,0.10118427285646613,1.758742059950596e-05,0.11223325451538317
"('0018697000', 'Translational AI Center')",0.0009363295880149813,0.0,0.08111803129272369,2.2941306336187087e-06,0.08934214310816606
"('0013151000', 'Civil and Environmental Engineering')",0.002184769038701623,0.0131408661410319,0.11422459893048129,5.080055200198628e-05,0.12895105573214685
"('4002911000', 'U.S. Division-STEM')",0.0009363295880149813,0.0,0.08193325661680093,2.2501948879520825e-07,0.09005894155801068
"('0038950000', 'Industrial and Systems Engineering')",0.0009363295880149813,0.0,0.0916449758302108,3.2197953099431995e-05,0.10050457980695272
"('0036327000', 'Electrical and Computer Engineering')",0.0012484394506866417,0.0,0.111145800811739,0.007228179902815006,0.12264380781091871
"('0001057000', 'School of Computer Science')",0.001560549313358302,0.0,0.1337228714524207,0.009563376723838371,0.15169177228000819
"('0001057000', 'Civil and Environmental Engineering')",0.0012484394506866417,0.0,0.12848893166506256,0.006421768766518404,0.14390410158269293
"('0013144000', 'Unknown Dept')",0.0046816479400749065,0.0768488764894871,0.13146772803742152,0.011056879942700512,0.15414064738497923
"('0010835000', 'Physics')",0.0012484394506866417,0.0,0.09747193574883636,1.994787534924927e-05,0.10641314763610735
"('0029728000', 'Computer Science, College of Engineering')",0.00031210986267166043,0.0,0.10878348555325434,1.1638400281196582e-05,0.12135158524991894
"('6250007704', 'Microbial Genomics')",0.0012484394506866417,0.0,0.0892379679144385,3.8618659631213797e-07,0.09665619353304547
"('0036616000', 'Philosophy')",0.0009363295880149813,0.0,0.0869801281355196,6.702168723147197e-08,0.0952254889310274
"('0029058000', 'Family and Consumer Sciences Department')",0.0012484394506866417,0.0,0.0977425259304454,9.679868420304585e-06,0.11066039086375845
"('5300004873', 'CHEMISTRY')",0.00031210986267166043,0.0,0.07447698744769875,9.946632234339802e-10,0.08005289902260092
"('0038950000', 'Unknown Dept')",0.0018726591760299626,0.05072439436261119,0.12054629594792882,0.0010074896375621117,0.13716155978424613
"('0038000000', 'Voiland School of Chemical Engineering a')",0.00031210986267166043,0.0,0.10609974170474866,1.8384683994275958e-05,0.11548323854433967
"('0018259000', 'Electrical and Computer Information')",0.0012484394506866417,0.0,0.13831210878480465,0.11066968377980979,0.15919493687242714
"('0020107000', 'Physics and Astronomy')",0.002184769038701623,0.006747390288174825,0.10091656430123784,3.1917169955837635e-06,0.11049904740097626
"('0020776000', 'Chemical and Biomolecular Engineering')",0.0009363295880149813,0.02684331828913663,0.10047036688617121,0.00026293152206109926,0.10977155279339615
"('0020776000', 'Civil Engineering')",0.001560549313358302,0.014266725133622671,0.12322129066994847,0.0003684313170636507,0.13722553490692374
"('0022194000', 'Unknown Dept')",0.0024968789013732834,0.03419983234363867,0.11736263736263736,0.0015138941972587393,0.13630046966753792
"('0036582000', 'Geological Sciences')",0.0006242197253433209,0.0006242197253433209,0.10744466800804829,1.0128098368960588e-05,0.11754024575858844
"('0010553000', 'Computer Science')",0.0012484394506866417,0.0,0.0959942475357282,8.202999572479007e-07,0.10572711875764432
"('0010835000', 'Chemistry and Biochemistry')",0.0006242197253433209,0.0006242197253433209,0.09235558630231754,1.50039300135663e-06,0.09875793454184902
"('0013169000', 'Department of Chemical and Environmental')",0.0006242197253433209,0.0,0.10456236538084981,1.9593110191945087e-05,0.1156437892012831
"('4005658000', 'Methodology and Quantitative Social Scie')",0.00031210986267166043,0.0,0.0986362097096943,2.226944245337813e-06,0.10754774020690773
"('0018408000', 'Unknown Dept')",0.009051186017478152,0.09730113922289986,0.14011457558927712,0.26185797161294583,0.16867302640669643
"('0016162000', 'Organizational Performance & Workplace L')",0.001560549313358302,0.0010791150423675219,0.09179463671785469,1.551211407611287e-05,0.1021250055021733
"('0035097000', 'Department of City & Regional Planning')",0.0009363295880149813,0.0,0.10888330048256643,1.2032898635456559e-05,0.12490364931402134
"('5300011765', 'Cooperative Extension')",0.0012484394506866417,0.0,0.10422901756668836,8.464253161988091e-06,0.11509122746059723
"('0038950000', 'Materials Science and Engineering')",0.0012484394506866417,0.0006242197253433209,0.1105857177372036,2.7979116639501227e-05,0.12391540484547897
"('0038273001', 'School of Mathematical and Data Sciences')",0.0006242197253433209,0.0,0.07855058961975042,1.052238018311351e-06,0.08417078366917351
"('4003554000', 'Center for Sustainable Macromolecular Ma')",0.0012484394506866417,0.027890336223311784,0.12285276073619632,0.006003456737310348,0.1411695807988972
"('0033290000', 'SEDTAPP')",0.0006242197253433209,0.0,0.08596265292981327,3.192123871687663e-06,0.09260728698405511
"('0020081000', 'Education')",0.0006242197253433209,0.00249454026987028,0.07558208110212074,2.831175602548858e-07,0.08123478965074457
"('0015511000', 'Decision Sciences')",0.0009363295880149813,0.0,0.10455895310511373,0.0002913629475872751,0.11650781931256782
"('0015693000', 'Mechanical Engineering')",0.0009363295880149813,0.001248244564728058,0.11093030502371637,0.0013211789848802003,0.12635424656331135
"('0018259000', 'Civil Engineering')",0.003745318352059925,0.014968825941041857,0.13577421815408086,0.19307138424255174,0.15811989915178984
"('0019893001', 'Mining Engineering')",0.0012484394506866417,0.0,0.0632988916767094,1.5738820621912606e-10,0.0689264938001791
"('0035303000', 'Department of Civil and Environmental En')",0.0009363295880149813,0.0,0.1054224795998947,1.5582210969913408e-05,0.11597575220641605
"('0025650000', 'Agricultural Leadership, Education & Com')",0.0009363295880149813,0.0,0.07855251544571933,1.4890566079339817e-08,0.08458197128580126
"('0024232000', 'Curriculum, Instruction, and Special Edu')",0.0012484394506866417,0.0,0.0810544157454021,8.39502662394329e-09,0.08797820099170589
"('0029751000', 'Mechanical Engineering and Engineering S')",0.00031210986267166043,0.0,0.0972411909314395,1.1951564236212651e-05,0.1053644137432629
"('0038950000', 'Geoscience')",0.0009363295880149813,0.0,0.09626536069464892,1.436348888243652e-06,0.10458051326946269
"('6250041304', 'University of Coimbra, Departmento of Li')",0.0012484394506866417,0.0,0.11656419398260996,0.0068502928738547264,0.13224108169015383
"('0018259000', 'College of Engineering')",0.00031210986267166043,0.0,0.13286887285394378,0.024456443523457747,0.14972822029993257
"('0001057000', 'Human-Computer Interaction Institute')",0.0012484394506866417,0.016339816964480045,0.13098937040065414,0.0053037183297968025,0.14828940278447342
"('7203593098', 'Microchemistry, Proteomics & Lipidomics')",0.00031210986267166043,0.0,0.08454941285129965,1.642071484010196e-07,0.08921933497907779
"('0033290000', 'Mechanical Engineering')",0.002184769038701623,0.005543333086024813,0.10376991838321026,0.00022622111594834823,0.116582075015128
"('0013284000', 'Marine and Environmental Biology')",0.0009363295880149813,0.0,0.08728818176864818,2.4811343606700257e-07,0.09378192325942854
"('0012948000', 'Engineering')",0.0009363295880149813,0.0,0.10384727579165721,1.2101340148996426e-05,0.11410731832721456
"('0034017000', 'Engineering')",0.00031210986267166043,0.0,0.09614403600900225,2.3251708798263612e-06,0.10490453592983719
"('6250036181', 'Perkins Access')",0.00031210986267166043,0.0,0.0829621957534956,2.168608919308582e-07,0.0908077233976864
"('0010835000', 'Electrical and Computer Engineering')",0.0018726591760299626,0.006915251786311327,0.10052395444420043,1.470874191198815e-05,0.11150903216118606
"('0023259000', 'Civil and Environmental Engineering')",0.004369538077403246,0.014739716590584937,0.10777717976318622,0.0010813512468510376,0.12299519703139929
"('0022210000', 'Computer Science Department')",0.002184769038701623,0.028204372006717437,0.13564775613886537,0.009812789546077018,0.15487661022608204
"('0036327000', 'Veterinary Physiology and Pharmacology')",0.00031210986267166043,0.0,0.08359205823266978,1.1987194797466522e-05,0.08941527337609961
"('0013284000', 'Mork Family Department of Chemical Engin')",0.001560549313358302,0.0003120124196923686,0.0905647577590593,1.1269568892848095e-06,0.09904869290671564
"('0037499000', 'Department of Environmental Science and')",0.0009363295880149813,0.0,0.10245914745291164,0.00031156058983381027,0.11435854276668689
"('0017582000', 'Unknown Dept')",0.001560549313358302,0.0012480496787694744,0.06136520340151689,7.083716838167888e-10,0.06584031567891105
"('0020834000', 'DRED')",0.001560549313358302,0.0,0.08018018018018018,3.345033396693416e-08,0.08678962702864945
"('0027110000', 'Civil & Environmental Engineering')",0.0012484394506866417,0.0,0.11082670356278104,0.0007127181006780362,0.12096018310822525
"('0018697000', 'Civil, Construction and Environmental')",0.0018726591760299626,1.948859585836156e-06,0.08113240991618344,3.2214625827548724e-06,0.08999237198873196
"('0021030060', 'Unknown Dept')",0.0009363295880149813,0.0,0.0700144224465714,3.399167238413528e-08,0.07561197047997766
"('0032235000', 'Computer and Information Science')",0.0009363295880149813,0.0,0.09521262369617545,6.23033104796305e-07,0.10466657892972563
"('0026898000', 'Physics & Astronomy')",0.0006242197253433209,0.0,0.09620177150577991,9.176527166324274e-06,0.10713966217130969
"('0023259000', 'College of Engineering')",0.00031210986267166043,0.0,0.09270565087815746,4.595594504231172e-05,0.10026218232878872
"('6250032771', 'Department of Anthropology')",0.0006242197253433209,0.0,0.12549449688613842,0.008221514992975163,0.13980185886649318
"('0035303000', 'National Institute for Computational Sci')",0.001560549313358302,1.948859585836156e-07,0.08360296419997912,1.996974429311489e-05,0.09009151141188809
"('0036525000', 'Biology')",0.0006242197253433209,0.0,0.10028796794791536,7.690952944635127e-06,0.10935208955926276
"('0021782000', 'EECS')",0.005930087390761548,0.06448414516513973,0.14030478192327903,0.012093066336228812,0.16319950634846592
"('0023879000', 'Dept. of Anthropology')",0.00031210986267166043,0.0,0.09832745128126438,1.8561761046710155e-06,0.10693706634308311
"('0021030060', 'Appalachian Laboraory')",0.0009363295880149813,0.0,0.12549941245593418,0.009367566627711621,0.13995791379782901
"('0027078000', 'Geochemistry')",0.0006242197253433209,0.0,0.08188928078515566,1.1625627166006024e-06,0.08955774549920308
"('0014316000', 'Computer and Information Sciences')",0.001560549313358302,0.001248244564728058,0.10885740495362349,3.8042740603035956e-05,0.11969515537438438
"('0016105000', 'Department of Computer Science')",0.0006242197253433209,0.0,0.08983345483093141,4.623224449669173e-07,0.09755991309964997
"('0015693000', 'School of Civil & Environmental Engineer')",0.0006242197253433209,0.0,0.06328513865844987,1.3902193931138386e-10,0.06857276928915122
"('0025205000', 'Biomedical Engineering')",0.0009363295880149813,0.0,0.10081178025297338,1.6507505701254543e-05,0.11169843075958565
"('0036327000', 'Mathematics')",0.002184769038701623,0.011039901920744484,0.11014851485148515,0.003942923492171256,0.12400649246030136
"('0035063000', 'School of Applied Computational Sciences')",0.0012484394506866417,0.017844622875003355,0.12142803001591754,0.0003121311497816475,0.13894253475144513
"('0033712000', 'Inst. Genomics and Evolutionary Medicine')",0.0009363295880149813,0.0,0.09885227693446871,2.3833912398307098e-06,0.10916958469460224
"('7203579584', 'Department of Earth Sciences, University')",0.00031210986267166043,0.0,0.10304570160486283,0.0007375548876604595,0.11459154569428293
"('0029744000', 'Department of Environmental Sciences and')",0.0009363295880149813,0.0,0.11021292697189639,0.00022403066890370115,0.12125997304450623
"('0014449000', 'Mechanical and Aerospace Engineering')",0.001560549313358302,0.0,0.06764488546395017,4.1217362494842306e-08,0.0737036243288265
"('0013151000', 'Physics and Astronomy')",0.0006242197253433209,0.0,0.08922802718057257,2.977335348648203e-07,0.09632327634619577
"('0013151000', 'Atmospheric and Oceanic Sciences')",0.0006242197253433209,0.0006242197253433209,0.08192906640754852,5.251913996114005e-08,0.08783373267051742
"('0034256000', 'Department of Civil Engineering')",0.0006242197253433209,0.0,0.10634978590632987,1.1408554060156954e-05,0.11731232366733377
"('0013169000', 'Computer Science and Engineering')",0.0009363295880149813,0.0,0.08419171746899307,1.2958937729177796e-05,0.09062504224699144
"('0026880000', 'Sociology')",0.0006242197253433209,0.0,0.08444690440420653,3.8917756084643426e-08,0.0909423451299559
"('0025544000', 'School of Public Administration')",0.0018726591760299626,0.0012480496787694744,0.08646839747395693,1.7449296093968535e-06,0.09590525546146948
"('0028068000', 'Center for Computational Relativity and')",0.001560549313358302,0.0006242197253433209,0.10989915620498045,1.6067445998860114e-05,0.12169393747489538
"('0022194000', 'Civil and Environmental Engineering')",0.0024968789013732834,0.016717122641343965,0.10619117062176853,2.561302871223999e-05,0.11966077827156701
"('0022681000', 'School of Computing')",0.0006242197253433209,0.0,0.09037317011254337,0.00017809046686535678,0.09995152859364695
"('6250037033', 'Unknown Dept')",0.00031210986267166043,0.0,0.11527667841980284,0.0010756784065546745,0.12768472670661718
"('0014894000', 'FSU')",0.0006242197253433209,0.0,0.10393149085247178,3.633994655993865e-05,0.11515067655469163
"('0031005000', 'Psychology')",0.00031210986267166043,0.0,0.08930014771872126,1.1731750273257585e-06,0.09749752176661161
"('0036582000', 'Integrative Biology')",0.001560549313358302,0.001248244564728058,0.11908124581877648,0.00010377481962173187,0.13385801739756767
"('0032896000', 'Department of Civil Engineering')",0.0009363295880149813,0.0,0.09727661899990891,1.6299926431134628e-06,0.10879009328053912
"('7203592880', 'Unknown Dept')",0.0006242197253433209,0.0,0.07369413712997677,2.2757372536243548e-07,0.07865651004319525
"('0015354000', 'Electrical & Computer Engineering')",0.00031210986267166043,0.0,0.10577399227493314,5.115995856318847e-06,0.11691502035175454
"('0018408000', 'Chemical and Biomolecular Engineering')",0.0012484394506866417,0.0018714898602784607,0.11006905080902814,0.0039302408755905035,0.12177850299444092
"('0036582000', 'Department of Chemistry')",0.0009363295880149813,0.0,0.11907239482681731,0.00010154606237967387,0.133545907534896
"('0013284000', 'Electrical Engineering -- Systems')",0.0012484394506866417,0.0,0.11154046997389033,0.00015669878297242996,0.12652011021717638
"('0037549000', 'School of Neuroscience')",0.00031210986267166043,0.0,0.1077083403368407,0.002856236179166336,0.11871577969047455
"('0027078000', 'Data Science Institue')",0.00031210986267166043,0.0,0.08444245315341434,3.420090469829865e-08,0.0907342718881748
"('0037655000', 'Physics')",0.0009363295880149813,0.0,0.1126621892471606,5.7201170577478734e-05,0.12627214436914072
"('0010637000', 'College or Rural and Community Devlepmen')",0.0012484394506866417,0.0,0.07524482750522533,2.8707719212206325e-07,0.08200034948617145
"('0013201000', 'Materials Department')",0.0012484394506866417,0.0,0.0996981672215826,3.299761622822657e-05,0.10980499281405216
"('6250014542', 'Astronomy')",0.0006242197253433209,0.0,0.07298904253138028,3.893800168875395e-07,0.07805363157744565
"('0021287000', 'Math Department')",0.0006242197253433209,0.0,0.09362672043482072,2.2920799471133118e-05,0.0997338000440124
"('0011544000', 'Special Education')",0.00031210986267166043,0.0,0.07758244951329363,1.612106841952169e-08,0.08326833900934863
"('6250043842', 'Unknown Dept')",0.0012484394506866417,0.0,0.09571321882001493,9.733877656617124e-05,0.10210187116418547
"('0013706000', 'Computer Sciences')",0.0006242197253433209,0.0,0.10360549717057396,3.6852318007650864e-05,0.11260277367784174
"('6250009806', 'Waimea Middle School')",0.0009363295880149813,0.0,0.09043438990657371,1.8570303244657314e-06,0.10133690541171411
"('0036616000', 'Physics')",0.00031210986267166043,0.0,0.0870746820306555,1.4158619262894162e-07,0.09414310673431144
"('0037986000', 'School of Oceanography')",0.0018726591760299626,0.005020145625183209,0.09579334469459144,2.3267859783024137e-06,0.10579461891055177
"('0022905000', 'Electrical and Computer Engineering')",0.0012484394506866417,0.0,0.12893879029337196,0.09387992717243451,0.1474691917885628
"('0018697000', 'Dept. of World Languages and Cultures')",0.00031210986267166043,0.0,0.0810646695678575,1.3948614470290464e-06,0.08847640979861257
"('0037457000', 'Department of Chemistry')",0.00031210986267166043,0.0,0.08333766841804088,6.007775337976368e-08,0.08916746192548863
"('0027078000', 'Systems Biology')",0.001560549313358302,0.004361352867142734,0.10855497204811113,1.9671623316047464e-05,0.1220637285650584
"('0039321000', 'Botany')",0.0009363295880149813,0.0006242197253433209,0.0949220833086449,5.181798171224779e-07,0.10561649315424995
"('0001479000', 'Electrical and Computer Engineering')",0.0018726591760299626,0.02811872291915659,0.12840654055787112,0.0003842301889196961,0.1481626892348734
"('0025320000', 'Department of Mathematical Sciences')",0.0006242197253433209,0.0,0.09235558630231754,1.1982860417618996e-05,0.09941378215063944
"('0013177000', 'NanoEngineering')",0.003121098626716604,0.009108012320516478,0.1058298926507019,1.4841697364230861e-05,0.1183512424915509
"('0026575000', 'Mathematical Sciences')",0.0006242197253433209,0.0,0.07748863306568637,5.948862140531645e-08,0.08414606544991186
"('0037499000', 'Center for Spatial Info. Science &System')",0.001560549313358302,0.0,0.10319172920222873,2.7234661050244606e-06,0.11617513194405904
"('5300001194', 'Physics and Astronomy')",0.0006242197253433209,0.0,0.06371554707075527,7.444249034254174e-09,0.0671934449308688
"('0010819000', 'Department of Electrical Engineering')",0.00031210986267166043,0.0,0.11655147326300473,0.004604934859037247,0.13177291689614637
"('0015354000', 'College of Education, School of Teaching')",0.0006242197253433209,0.0,0.10577748431825686,8.764444635868444e-06,0.11707107528309037
"('0036582000', 'Molecular Biosciences')",0.0006242197253433209,0.0,0.08741439991269473,4.64075158199443e-08,0.09634442460277143
"('0028381000', 'Biochemistry and Cell Biology')",0.0006242197253433209,0.0,0.08975795607350964,2.048208763027131e-07,0.09793548466261337
"('0016915000', 'Armour College of Engineering')",0.0018726591760299626,0.0,0.07386402932429628,9.158145100686145e-09,0.0801424236414918
"('0018093000', 'Department of Earth Sciences')",0.0012484394506866417,0.0,0.07500877911740607,1.4784130255715731e-09,0.0809916119203657
"('7203593152', 'Unknown Dept')",0.0012484394506866417,0.0,0.13831210878480465,0.11066968377980979,0.15919493687242714
"('0033886000', 'Geography and the Environment')",0.001560549313358302,0.004019783244054914,0.1106773981830115,0.001220251934521176,0.1254238379797851
"('0017756000', 'Bioengineering')",0.001560549313358302,0.0006242197253433209,0.08931508376773618,1.7682057145505717e-06,0.09822577811284548
"('0010637000', 'Center for One Health Research')",0.0012484394506866417,0.0,0.07524482750522533,2.8707719212206325e-07,0.08200034948617145
"('0011510001', 'Center for Open Geographical Science')",0.0012484394506866417,0.0,0.1011267872360572,0.0001724754210903324,0.111452761786419
"('0032102000', 'Unknown Dept')",0.004369538077403246,0.01910794254762949,0.1125671924955205,0.0001437303715727464,0.1299992881345565
"('0017392000', 'NAISE')",0.0012484394506866417,0.0,0.11007661387295152,3.6950662582653915e-05,0.12620540948902675
"('0028720000', 'Engineering Science adn Physics')",0.0012484394506866417,0.0,0.078695289089748,3.8467564498521727e-07,0.08483638779142041
"('0026575000', 'Provost Office')",0.0012484394506866417,0.0,0.07575363518146352,3.858683856314371e-08,0.08230958435194019
"('0034488000', 'Chemical Engineering')",0.0006242197253433209,0.0,0.09515324305060585,1.8663549202101884e-05,0.10277775811744483
"('5300020271', 'Unknown Dept')",0.00031210986267166043,0.0,0.09053916581892167,6.33651816579803e-07,0.09813837247392329
"('0114629000', 'Institute of Social & Economic Research')",0.0012484394506866417,0.0,0.07524836186852674,2.0769790217730435e-07,0.08207837695183937
"('5300001770', 'Unknown Dept')",0.0009363295880149813,0.0,0.11907239482681731,0.00010154606237967387,0.133545907534896
"('0013128000', 'Museum of Paleontology')",0.0012484394506866417,0.0,0.10667909702337351,0.0011511193315586175,0.12021575114202085
"('0013169000', 'School of Public Policy')",0.0024968789013732834,0.004251956882391197,0.10116190957312453,0.0001900371689047108,0.11244110968487926
"('0014811000', 'Electrical Engineering')",0.0009363295880149813,0.0,0.08868222203769825,2.7329737496028003e-07,0.09728058327521258
"('0010637000', 'School of Education')",0.0018726591760299626,0.0006242197253433209,0.06764631365594122,4.166370555540587e-08,0.07385967926016233
"('0036780000', 'Unknown Dept')",0.00031210986267166043,0.0,0.08684103537064643,1.7443319360133796e-07,0.09293957794649575
"('0022905000', 'Unknown Dept')",0.003121098626716604,0.045014642587897835,0.10600145570039039,0.0005872066016731136,0.12077278969878553
"('0032565000', 'Marketing')",0.0006242197253433209,0.0,0.09705855623882947,2.745295949281592e-05,0.10638188262280829
"('0037549000', 'School of Public and Internat. Affairs')",0.0006242197253433209,0.0,0.10971475533335616,0.0050082115058245205,0.12432783639239116
"('0029058000', 'Biology')",0.002184769038701623,0.0013514683487663537,0.09844830235059149,2.8354915431421517e-06,0.10934884155817973
"('6250003227', 'UC Berkeley Haas Management of Organizat')",0.0006242197253433209,0.0,0.09713506139154161,0.00011474344980607898,0.10464770721511192
"('0001479000', 'Unknown Dept')",0.0028089887640449437,0.0246844799636944,0.12412350366094603,0.00017115201495823492,0.14282568376912239
"('0037986000', 'Department of Architecture')",0.00031210986267166043,0.0,0.11867985331703522,0.00016654710077261943,0.13281182564082314
"('0023879000', 'Curriculum and Instruction')",0.001560549313358302,0.0,0.09707325940738047,4.6530605909018674e-05,0.10695408403770623
"('0028035000', 'Physics, Applied Physics & Astronomy')",0.0009363295880149813,0.0,0.08942726359272078,2.0366673947310343e-06,0.09835395238905618
"('0013177000', 'Cognitive Science')",0.00031210986267166043,0.0,0.11318755078249196,7.070201987956744e-05,0.12506013679009145
"('0013706000', 'Chemical and Biological Engineering')",0.00031210986267166043,0.0,0.09113924050632911,2.072151370153469e-06,0.0976690506591856
"('0026211000', 'Mechanical Engineering')",0.0012484394506866417,0.0,0.11746159768302966,0.0019369076965836051,0.12947708701178556
"('0013177000', 'Institute For Neural Computation')",0.00031210986267166043,0.0,0.10172397371178207,1.0453325169533411e-05,0.11013861874755985
"('0036442000', 'Department of Biological Sciences')",0.0006242197253433209,0.0,0.09560469071703519,3.2344989809031584e-07,0.10595378221358655
"('0013706000', 'School of Information')",0.0009363295880149813,0.0,0.0972913883153164,0.00016089513357641724,0.10795890108553806
"('0001024000', 'Banking and Finance, Weatherhead School')",0.0009363295880149813,0.0,0.09146445903511276,8.5880838218431e-05,0.09964622074331267
"('0026633000', 'Electrical and Computer Engineering')",0.003745318352059925,0.0075678440247121306,0.08719553680772894,6.373110954095443e-07,0.09661068159436757
"('0013706000', 'Aerospace Engineering Sciences')",0.00031210986267166043,0.0,0.10304570160486283,0.0007375548876604595,0.11459154569428293
"('0026633000', 'ECE')",0.0009363295880149813,0.0,0.07748675905100486,4.071756525761105e-08,0.08419808376035715
"('0018259000', 'Minority Engineering Program')",0.0012484394506866417,0.0,0.11426126029742163,0.01288104653111223,0.12651825038381942
"('0037986000', 'Sociology')",0.003745318352059925,0.011814652597228654,0.10056812831538968,0.00020101845702496,0.11429335473800885
"('0038273001', 'Mathematics')",0.001560549313358302,0.0006242197253433209,0.07855251544571933,1.1811519737205673e-06,0.08432683860050934
"('0035451000', 'Electrical and Computer Engineering')",0.0012484394506866417,0.0006242197253433209,0.09903560830860535,0.0009048980407675116,0.1103936665638746
"('0036616000', 'Computer Science')",0.002184769038701623,0.009224559132373184,0.09360757274745822,2.2407712903389423e-07,0.10317691915206333
"('0026294000', 'Industrial and Systems Engineering')",0.0012484394506866417,0.0,0.08571657882768399,1.2364437461434995e-07,0.0934236332794223
"('0035352000', 'Anthropology')",0.00031210986267166043,0.0,0.10243949227867123,1.4027731594461402e-06,0.1128714980558571
"('0025650000', 'Unknown Dept')",0.005930087390761548,0.06616784283072681,0.10445668829263521,5.8732629841390136e-05,0.12377792203661617
"('0018259000', 'School of Electrical & Computer Eng.')",0.0006242197253433209,0.0,0.12889210716871832,0.06968262192522864,0.14679295375277418
"('0038950000', 'Atmospheric and Oceanic Sciences')",0.0009363295880149813,0.0027831857998537974,0.1082359300047294,0.00011434236937087685,0.12020085427085742
"('0023259000', 'Nuclear Engineering and Radiological Sci')",0.0006242197253433209,0.0,0.0899519919144277,0.00012172011858455406,0.09730379659198259
"('0026294000', 'Chemical and Biochemical Engineering')",0.0006242197253433209,0.0006242197253433209,0.09015701502616917,1.0510769905622918e-06,0.09749833130464836
"('0022269000', 'Unknown Dept')",0.002184769038701623,0.0018714898602784607,0.10610676910849119,2.4896136747196835e-05,0.11915410641658059
"('0001479000', 'Anthropology')",0.002184769038701623,0.00249454026987028,0.11045228902371759,2.2800495576906594e-05,0.12289871809473799
"('0013284000', 'Industrial and Systems Engineering')",0.001560549313358302,0.0,0.10724686192468619,3.81728851489451e-05,0.11947108149950988
"('0021287000', 'School of Education')",0.0009363295880149813,0.0,0.08193325661680093,2.2501948879520825e-07,0.09005894155801068
"('7203590734', 'Unknown Dept')",0.001560549313358302,0.0,0.07230710207397711,9.848155374466584e-09,0.07929112209167208
"('0029728000', 'Textile Engineering, Chemistry and Scien')",0.001560549313358302,0.0006242197253433209,0.1257259456914142,0.00011655501047850997,0.14584032761444027
"('0026294000', 'Unknown Dept')",0.001560549313358302,0.0031179804513792662,0.08448475899166755,4.1658935066541405e-08,0.0919358948594606
"('0026575000', 'Unknown Dept')",0.0018726591760299626,0.004361352867142734,0.08924293911202719,1.5841853660047348e-06,0.1011171252198207
"('4100749000', 'MCI')",0.0012484394506866417,0.0,0.11419203079335662,2.2897315352783926e-05,0.12794553054902624
"('0022335000', 'Unknown Dept')",0.001560549313358302,0.0006242197253433209,0.10692117733431222,9.882576281208511e-06,0.11900483498892939
"('0027854000', 'Wilfe Family Department of Politics')",0.00031210986267166043,0.0,0.12548958170139432,0.007325318097379394,0.13964580393515735
"('0035352000', 'Mathematics')",0.001560549313358302,0.0024953198137046143,0.1092657640759813,0.0033406880055618744,0.12144976045600378
"('0021030000', 'Physics')",0.003121098626716604,0.03663467531893278,0.13276426469978866,0.002494453014467298,0.15239055493948128
"('0024232000', 'Chemistry')",0.001560549313358302,0.008084454219924127,0.07768402676752982,1.3272984170324198e-06,0.08476271144884599
"('6250020147', 'Unknown Dept')",0.0006242197253433209,0.0,0.08776879879468566,1.150823905044514e-06,0.09547221958264304
"('4025938000', 'CIT Department')",0.0009363295880149813,0.0,0.07662322133205787,3.168349422233808e-08,0.08283643564420225
"('0013284000', 'Unknown Dept')",0.002184769038701623,0.00875942887163054,0.10995195607412492,0.00011772261940656468,0.12414465294327359
"('0036442000', 'Plant and Soil Sciences')",0.001560549313358302,0.0,0.12026124164852489,4.461705599768332e-05,0.1369557852125597
"('0013144000', 'Ecology and Evolutionary Biology')",0.001560549313358302,0.0006242197253433209,0.09996567969798134,0.0002856606222567386,0.11157177107747226
"('0015354000', 'Bureau of Economic and Business Research')",0.0012484394506866417,0.0,0.11632719747304215,3.5078221698020766e-05,0.1326343071372624
"('0020081000', 'Electrical/Cyber Engineering')",0.0009363295880149813,0.0,0.06567054049068438,4.5060795333425665e-09,0.06937250385524098
"('0015370000', 'Medical Engineering')",0.0009363295880149813,0.0,0.10393486229603918,4.084901040365961e-05,0.11530673148602746
"('0026633000', 'Unknown Dept')",0.004057428214731586,0.006118314745760528,0.08718841841732883,5.874079025905723e-07,0.09681875483614871
"('0039545000', 'College of Medicine, Internal Medicine')",0.0006242197253433209,0.0,0.1063639079772931,2.361872520770959e-05,0.11931106449777203
"('0035220000', 'Mathematical Sciences')",0.0009363295880149813,0.0,0.08229945287816907,1.376185545111919e-06,0.08889450589562736
"('0029058000', 'Industrial & Systems Engineering')",0.002184769038701623,0.0037394717733024167,0.09344104523316515,9.039949575388219e-07,0.10350656382898517
"('0010819000', 'Public Affairs')",0.00031210986267166043,0.0,0.08520143597925808,5.52209632543673e-06,0.09208977861119798
"('0018259000', 'Economics')",0.0012484394506866417,0.0,0.13831210878480465,0.11066968377980979,0.15919493687242714
"('0018093000', 'Environmental and Occupational Health')",0.00031210986267166043,0.0,0.06977807783609556,1.6321359819918247e-10,0.0740821091170661
"('0026294000', 'Materials Science and Engineering')",0.0009363295880149813,0.0,0.07896098775168199,1.7989982063749194e-08,0.08481777278470559
"('0010819000', 'MLFTC')",0.0006242197253433209,0.0,0.07369244215465293,2.021593612781082e-07,0.07860449173274998
"('4009395000', 'Human Services Division, Learning Suppor')",0.002184769038701623,0.008084454219924127,0.11628075778471365,0.00023482577135980115,0.1312011549709176
"('0037549000', 'Statistics')",0.00031210986267166043,0.0,0.10954220657116483,0.00433515645994183,0.1232354518730404
"('0013706000', 'Institute of Arctic & Alpine Research (I')",0.00031210986267166043,0.0,0.08795915005765113,1.6827868572663957e-05,0.0947745296961442
"('7203593599', 'Unknown Dept')",0.0009363295880149813,0.0,0.07896098775168199,1.7989982063749194e-08,0.08481777278470559
"('0020776000', 'Sociology')",0.00031210986267166043,0.0,0.12289988492520137,0.028541083913208212,0.1390100566924084
"('0010835000', 'Physics Department')",0.0012484394506866417,0.0,0.09747193574883636,1.994787534924927e-05,0.10641314763610735
"('0011510001', 'School of Public Health')",0.0009363295880149813,0.0,0.09619888308412898,1.042472546030792e-05,0.10719168048175487
"('0017749000', 'Computation Institute')",0.002184769038701623,0.006849795055535592,0.10571815092222919,0.0007551526302990349,0.11766646148911304
"('0036442000', 'College of Architecture')",0.0006242197253433209,0.0,0.08866258958961729,1.1134704016356888e-07,0.09627545496875285
"('0035451000', 'Dept. Electrical & Computer  Engineering')",0.00031210986267166043,0.0,0.09011390802981296,9.92447208159343e-05,0.09775189718053254
"('0032102000', 'Civil Engineering')",0.0012484394506866417,0.0006242197253433209,0.10631449712977403,3.7641682505109215e-06,0.11887296088372017
"('0080010000', 'Electrical and Computer Engineering')",0.0028089887640449437,0.013719329929977545,0.10900554553805328,3.204147773451675e-05,0.12439675875661121
"('0036442000', 'High Performance Computing Center')",0.0009363295880149813,0.0,0.08147074528949577,1.8325389807157315e-08,0.08775115151049057
"('5300012886', 'Unknown Dept')",0.00031210986267166043,0.0,0.11843856276800237,0.01195629364924535,0.13183156469897894
"('0011080000', 'Psychology')",0.0006242197253433209,0.0,0.10370945814721305,8.801101267670684e-06,0.11758247526425385
"('0019893000', 'Civil Engineering')",0.0009363295880149813,0.0,0.05952845437823979,2.2993054217485954e-11,0.06395577766945534
"('0029744000', 'Environmental Science & Engineering')",0.0012484394506866417,0.0,0.11082670356278104,0.0007127181006780362,0.12096018310822525
"('0037549000', 'Research Computing')",0.0009363295880149813,0.0,0.09913366336633664,0.0009065256285013268,0.11062254712983371
"('0031450000', 'Rayen School of Engineering')",0.0006242197253433209,0.0,0.10370945814721305,8.801101267670684e-06,0.11758247526425385
"('0021303000', 'Mathematics')",0.0009363295880149813,0.0,0.09964545624183617,0.00012024596259877803,0.10856575537748676
"('0010637000', 'Interior Alaska Campus')",0.0012484394506866417,0.0,0.07524836186852674,2.0769790217730435e-07,0.08207837695183937
"('0028068000', 'Psychology')",0.00031210986267166043,0.0,0.07299070530344451,2.1167358379281814e-08,0.07768785936490566
"('0027078000', 'Seismology, Geology, and Tectonophysics')",0.00031210986267166043,0.0,0.08188718787538017,1.0358582841535247e-06,0.08940169056786727
"('0010819000', 'School of Sustainable Engineering')",0.0006242197253433209,0.0,0.12755792658651166,0.008571002440554339,0.1426973070685894
"('0013706000', 'School of Education')",0.0028089887640449437,0.01973767066569815,0.11219665931295304,0.0012719520143263593,0.12879146817137374
"('0036327000', 'Department of Mathematics')",0.002184769038701623,0.00121257857825051,0.1040901855040447,0.0006520137083786088,0.11539197994201156
"('0018259000', 'Elmore Family School of Electrical and C')",0.0009363295880149813,0.00014927336399130653,0.1328964287195653,0.036998824904209165,0.15019638509394007
"('0035097000', 'Civil Engineering')",0.002184769038701623,0.00249454026987028,0.10889810345999593,1.3750644568950464e-05,0.1253197957975836
"('0022905000', 'Civil and Environmental Engineering')",0.0012484394506866417,0.0,0.12893879029337196,0.09387992717243451,0.1474691917885628
"('0019893001', 'Mechanical Enginnering')",0.0009363295880149813,0.0,0.06336649328560409,5.991270628419491e-09,0.06795906685184619
"('0028068000', 'Electrical Engineering')",0.00031210986267166043,0.0,0.07872816178096666,1.4996104233560745e-07,0.08493002075022192
"('0036061000', 'Office of Research & Sponsored Programs')",0.0009363295880149813,0.0,0.1121377572448551,0.0010550507831384472,0.12284038751184521
"('0036582000', 'CAEE')",0.00031210986267166043,0.0,0.11274544302906608,0.0001118866518398503,0.12207867600821604
"('0015693000', 'Biological Sciences')",0.0012484394506866417,0.0,0.10425614994142914,0.000926523911802172,0.11502115325217066
"('0001479000', 'Civil and Environmental Engineering')",0.0012484394506866417,0.0,0.09947839046199702,3.705181022835543e-06,0.10825837688955914
"('0011502001', 'Geography')",0.0009363295880149813,0.0,0.11417982252948933,9.866641585710946e-05,0.12784033814220985
"('0024232000', 'Department of Electrical and Computer En')",0.0009363295880149813,0.008703606910344273,0.09661952293356654,4.346148582392886e-07,0.10751704631526059
"('0025734000', 'Department of Anthropology')",0.00031210986267166043,0.0,0.08077243048377744,1.6694588106098026e-08,0.08565580841361829
"('0016162000', 'History')",0.0012484394506866417,0.0,0.09175783263646257,1.2479659174194744e-05,0.10134473084549413
"('0033290000', 'Institute for Computational and Data Sci')",0.0012484394506866417,0.0,0.10371617247183737,1.1873949899005124e-05,0.11789458512692551
"('0036772000', 'Emma Eccles Jones College of Education')",0.001560549313358302,2.8258463994624266e-06,0.09043949530019477,2.1795112678334393e-06,0.10164901527438577
"('0013169000', 'Computer Science & Engineering')",0.0009363295880149813,0.0,0.08419171746899307,1.2958937729177796e-05,0.09062504224699144
"('0013169000', 'Biomedical Sciences')",0.0009363295880149813,0.0,0.08419171746899307,9.33131628746873e-06,0.09062504224699143
"('0039446000', 'Business Administration')",0.0006242197253433209,0.0,0.10692831397677213,6.173434717893327e-06,0.1187904045256903
"('0010819000', 'Computer Science & Engineering')",0.0024968789013732834,0.029428692182783645,0.11975331713698374,0.0009066830825906169,0.1362999136638559
"('0011403001', 'Chemistry and Biochemistry')",0.0009363295880149813,0.0,0.11694711099755448,0.001568943211525885,0.1318565065370891
"('0016162000', 'IFITS')",0.0028089887640449437,0.00047895915604208766,0.09551064210338044,5.3756281202933285e-05,0.1069589432448297
"('0013284000', 'Mathematics')",0.0012484394506866417,0.008931290335384224,0.10622637756116968,4.997196929528e-05,0.11905517467652106
"('0013508000', 'Department of Chemistry')",0.0006242197253433209,0.0,0.09144357554654946,7.682644389724904e-08,0.09992608907187613
"('0010819000', 'Biology')",0.0009363295880149813,0.0,0.11656419398260996,0.0059953299245248505,0.1321370450692633
"('0025650000', 'Civil Engineering')",0.001560549313358302,0.00021370911915941814,0.09528907922912205,1.6936483306930258e-06,0.10607072927470781
"('0021030000', 'Computer Science')",0.0018726591760299626,0.006226411490787936,0.11729389368868062,0.0002971680062703308,0.1305332009710217
"('0080010000', 'Unknown Dept')",0.003433208489388265,0.062425132581230676,0.11748744087125518,0.00013647267069109267,0.1352418834470213
"('0052209000', 'School of Science Math and Engineering')",0.0006242197253433209,0.0,0.05969593083917126,4.149014737029579e-12,0.06291750293054157
"('0021782000', 'Kavli Institute')",0.0009363295880149813,0.0,0.09313412010929598,8.532187515031566e-05,0.10104997761619086
"('0010819000', 'Computer Science')",0.0009363295880149813,0.0,0.11702827087442472,0.005926682920073563,0.13308021775869078
"('0015420000', 'Unknown Dept')",0.00031210986267166043,0.0,0.06486092554354428,1.2359290371914503e-11,0.06854287342322431
"('0033787000', 'Medicine')",0.0012484394506866417,0.0,0.11182075175374306,0.00016431430909216442,0.1252783750282036
"('0015354000', 'Biomedical Engineering')",0.0012484394506866417,0.0,0.07202751612975744,1.2095323847804065e-08,0.07723034263445484
"('0036566000', 'Curriculum and Instruction')",0.00031210986267166043,0.0,0.07451509372528956,9.998739658877184e-10,0.0807759535377902
"('0026864001', 'CUNY School of Labor and Urban Studies')",0.0006242197253433209,0.0,0.11906354515050167,0.0006566945363918045,0.13153719430537453
"('5300011953', 'HRTM')",0.0009363295880149813,0.0,0.0766763987938544,5.957578025126226e-06,0.08356311871875313
"('0013128000', 'Graduate School of Education')",0.0006242197253433209,0.0,0.10614192009540847,1.553539415875313e-05,0.11863971433640214
"('7203587649', 'Unknown Dept')",0.0009363295880149813,0.0,0.07772171550553075,6.304038403187413e-08,0.0831920759279649
"('0017749000', 'Geophysical Sciences')",0.0006242197253433209,0.0,0.10229885057471265,4.401281758094526e-05,0.11330955276845198
"('4025938000', 'Harvard Kennedy School')",0.0009363295880149813,0.0,0.07662322133205787,3.168349422233808e-08,0.08283643564420225
"('0003000000', 'Science and Technology')",0.0012484394506866417,0.0,0.07788987480247964,9.453419721328809e-07,0.08434691882933097
"('0026575000', 'Civil Engineering')",0.0012484394506866417,0.0,0.07575363518146352,3.858683856314371e-08,0.08230958435194019
"('0013144000', 'Civil & Environmental Engineering')",0.00031210986267166043,0.0,0.10476751030017657,0.00017334407168824968,0.11463614356742252
"('0035220000', 'Unknown Dept')",0.0018726591760299626,0.0015584055678138824,0.0896675249076458,8.667446381486338e-06,0.09868704366141016
"('0027078000', 'Lamont Doherty Earth Observatory')",0.0006242197253433209,0.0006242197253433209,0.08189137380191694,1.048310251251553e-06,0.08960976380964833
"('0036442000', 'Civil, Environmental, and Construction E')",0.0012484394506866417,0.006844979523332332,0.09725594949004371,8.801608707849589e-07,0.10754510340430791
"('0028068000', 'Dept.  Electrical & Microelectronic Eng.')",0.0012484394506866417,0.0,0.078695289089748,3.8467564498521727e-07,0.08483638779142041
"('0010819000', 'Mary Lou Fulton Teachers College')",0.002184769038701623,0.024167421188047697,0.123273440806433,0.00728944109109407,0.14140800769756948
"('0035022000', 'Unknown Dept')",0.0012484394506866417,0.0,0.07448737620309667,1.5690921466599275e-09,0.08067711874794416
"('0013052000', 'Electrical Engr')",0.0018726591760299626,0.0037394717733024167,0.10004683840749415,0.00027487460592249565,0.1094013440820634
"('0019489001', 'Chemical and Petroleum Engineering')",0.0012484394506866417,0.0,0.0950572598350442,8.538706422078156e-06,0.10211437709951965
"('0038950000', 'Civil & Environmental Engineering')",0.0006242197253433209,0.0,0.09895913765944961,1.5322150479250808e-05,0.10822368727005063
"('0029785000', 'Department of Biology')",0.0012484394506866417,0.0,0.11538461538461539,3.871061007584197e-05,0.13004013587980257
"('0021550000', 'School of Engineering and Applied Scienc')",0.0009363295880149813,0.002358741730963266,0.12160777318100732,0.0002565463783283315,0.1371015518776588
"('0024232000', 'School of Human Sciences')",0.0012484394506866417,0.0,0.07207612534587092,2.2216887218541167e-07,0.07728987779965207
"('0033290000', 'Department of Chemical Engineering')",0.0009363295880149813,0.0,0.07916193111627218,4.3886976206126536e-07,0.08412520399097725
"('0023879000', 'Forest Resources')",0.001560549313358302,0.0018714898602784607,0.09657874905802562,2.5267678314045975e-05,0.10691749915226756
"('0037457000', 'Department of Computer Science')",0.0006242197253433209,0.0006242197253433209,0.10860280658938377,0.00016638111661973005,0.11970229595362157
"('0001057000', 'Chemistry and Chemical Engineering')",0.0012484394506866417,0.0,0.1195210206289402,0.002053357851902844,0.13406822778072394
"('0026633000', 'Learning Sciences / Chem & Bio Engineeri')",0.0009363295880149813,0.0,0.07428359454697209,3.7129547781486044e-08,0.07961447853719743
"('0033886000', 'Mechanical Engineering')",0.0012484394506866417,0.0,0.11753484959647836,0.006908962329743783,0.1338074408407826
"('0037549000', 'Fish and Wildlife Conservation')",0.001560549313358302,0.0006242197253433209,0.10956468214615464,0.006638099127236806,0.12396370821927429
"('4006821000', 'Health Program Area')",0.0012484394506866417,0.0,0.080318868917801,1.6040339163134952e-06,0.08567667467140064
"('4062600000', 'Research Applications Programs')",0.001560549313358302,0.0,0.10319172920222873,2.7234661050244606e-06,0.11617513194405904
"('0033787000', 'Electrical and Systems Engineering')",0.0028089887640449437,0.004452675145076715,0.10009997500624844,2.6630114787210267e-06,0.11194952509549755
"('0020776000', 'International Health')",0.0009363295880149813,0.0006242197253433209,0.09716157205240175,4.647540290827797e-07,0.10787194683699008
"('0018929000', 'Chemical and Biochemical Engineering')",0.0028089887640449437,0.004362522182894236,0.09612961296129613,1.0852107265206078e-05,0.11027063435916092
"('0037986000', 'School of Aquatic & Fishery Sciences')",0.00031210986267166043,0.0,0.11867985331703522,0.00016654710077261943,0.13281182564082314
"('0011551001', 'Industrial and Systems Engineering')",0.001560549313358302,0.0,0.09880350314542988,0.0010311650763282071,0.10885466769341506
"('0017756000', 'Atmospheric Sciences')",0.00031210986267166043,0.0,0.09591952818609106,6.275688783279507e-07,0.1057113582382877
"('0023259000', 'Department of Physics')",0.00031210986267166043,0.0,0.08994694141096544,0.0001082254464583217,0.09709572335020146
"('0036582000', 'Lyndon B Johnson School of Public Affair')",0.00031210986267166043,0.0,0.11905469678953627,7.914036216144121e-05,0.13312976105133378
"('0013169000', 'Chemistry')",0.00031210986267166043,0.0,0.0841872930789847,7.287945811525859e-06,0.09031293238431977
"('0017392000', 'Chemical & Biological Engineering')",0.0006242197253433209,0.0,0.09037062108647825,5.277005627722566e-05,0.09776867991380916
"('0018408000', 'Aerospace and Mechanical Engineering')",0.0028089887640449437,0.04592336238412379,0.13493935309973046,0.05385268031238034,0.15799051140554196
"('0027110000', 'ILR School, Yang Tan Institute on Emplo')",0.00031210986267166043,0.0,0.07808539676350165,7.894805797432646e-07,0.08527669979188347
"('0021055000', 'Physics')",0.00031210986267166043,0.0,0.09533160760510577,7.834514425578939e-07,0.10438536671208684
"('0020081000', 'Unknown Dept')",0.0012484394506866417,0.0018714898602784607,0.07028165306659648,3.233105645790282e-08,0.07498362149861443
"('4000311000', 'Unknown Dept')",0.0009363295880149813,0.0,0.09584492506506327,7.204588828862119e-05,0.10525448556996679
"('0011551001', 'Unknown Dept')",0.0028089887640449437,0.0037416155188468364,0.10962466212748485,0.006414435671367342,0.1250977073869813
"('0039545000', 'Chemistry')",0.0012484394506866417,0.0,0.11027741446960831,7.774071500409866e-05,0.12457571440175381
"('0018697000', 'Chemical & Biological Engineering')",0.001560549313358302,0.010869082239146118,0.08118997542001369,2.360098598991844e-06,0.09056903211595387
"('0030908000', 'Dept. of Food, Agricultural and Biologic')",0.0024968789013732834,0.0018714898602784607,0.12027478508953039,4.6567484489184594e-05,0.13742395000656718
"('P270077787', 'Unknown Dept')",0.0006242197253433209,0.0,0.10244931892306708,4.7211513906044654e-06,0.1131124559581581
"('0010553000', 'Department of Atmospheric Science')",0.001560549313358302,0.0006242197253433209,0.07428703918386274,1.8355082081140645e-08,0.07993179023091361
"('0014316000', 'Unknown Dept')",0.009363295880149813,0.0878979183637592,0.1390081999219055,0.001785891783258318,0.16573959473001182
"('0015354000', 'Florida Museum of Natural History')",0.0028089887640449437,0.0031183702232964335,0.1223601298453313,0.00011093035615638838,0.14160508263668295
"('0037499000', 'Bioengineering')",0.0018726591760299626,0.00249454026987028,0.09316390916228083,6.68480483734037e-05,0.10373582030943308
"('0034256000', 'Environmental Eng. and Earth Sciences')",0.0006242197253433209,0.0,0.07667456385957355,5.221411599983406e-06,0.08340706378741734
"('0021998000', 'Electrical and Computer Engineering -ECE')",0.0006242197253433209,0.0,0.11772919345948925,0.0001367369758339027,0.13398656054994768
"('0029058000', 'Nanoengineering')",0.0012484394506866417,0.0,0.11093798691181053,0.0019305268169608598,0.12656231980509247
"('0022905000', 'Physics and Astronomy')",0.001560549313358302,0.0,0.09994385176866928,0.0002679495871877494,0.11107759712824215
"('0028373000', 'Department of Industrial and Systems Eng')",0.00031210986267166043,0.0,0.0986513947903196,3.778907221631826e-06,0.10964403067241935
"('0020024000', 'Mathematics')",0.0006242197253433209,0.0,0.09362672043482072,2.2920799471133118e-05,0.09973380004401239
"('7203594396', 'Unknown Dept')",0.00031210986267166043,0.0,0.08777360764868641,1.61799750760748e-06,0.09547221958264308
"('0026179000', 'Unknown Dept')",0.0018726591760299626,0.0018714898602784607,0.08571428571428572,1.079768305513447e-07,0.09360569736598075
"('0014894000', 'Florida State University, Physics Depart')",0.0009363295880149813,0.0,0.10104386767163896,1.869381722460374e-05,0.11080032994848625
"('0001479000', 'Physics and Astronomy')",0.0012484394506866417,0.0,0.09947839046199702,3.705181022835543e-06,0.10825837688955914
"('0017756000', 'Department of Educational Psychology')",0.0006242197253433209,0.0,0.10822496199966222,6.99810422592768e-06,0.12065490689622456
"('0035303000', 'Unknown Dept')",0.004369538077403246,0.011816910098717534,0.117828773168579,0.00011116505270927809,0.1344708138505816
"('0014456000', 'Unknown Dept')",0.0018726591760299626,0.001871879632195628,0.07809681665285428,9.261287527569648e-07,0.08590091951722675
"('0020297000', 'Department of Physics and Engineering Ph')",0.00031210986267166043,0.0,0.0778879813302217,2.498673633124639e-07,0.0812391631375644
"('7203594747', 'Unknown Dept')",0.0009363295880149813,0.0,0.08112624702486454,2.4205807009868358e-06,0.08952420719472447
"('0029728000', 'Department of Computer Science')",0.001560549313358302,0.014872213224059268,0.12374478603429631,0.00011334268872937529,0.14349922192273099
"('0011510001', 'Geography')",0.003433208489388265,0.010560772652666838,0.11244867160355175,0.001042629952992565,0.12741011019251564
"('0037143000', 'School of Sciecne')",0.0006242197253433209,0.0,0.08922802718057257,2.977335348648203e-07,0.09632327634619577
"('0019505000', 'Mathematics, Statistics, and Physics')",0.00031210986267166043,0.0,0.09675373697720066,3.516460488287877e-05,0.10394670864422675
"('0010819000', 'Research Technology Office')",0.0009363295880149813,0.0,0.10441583835750366,0.0006747190260359907,0.1148283509359948
"('0021030000', 'Mathematics')",0.0012484394506866417,0.0006242197253433209,0.09619888308412898,9.27258391382322e-06,0.10708764386086435
"('4025938000', 'School for the Future of Innovation in S')",0.0012484394506866417,0.0,0.11934294334562522,0.0071751072040443665,0.13562447155510435
"('0036582000', 'Aerospace Engineering and Engineering Me')",0.0006242197253433209,0.0,0.10716077460784641,4.314711375616336e-05,0.11863869779507279
"('0010819000', 'School of Molecular Sciences')",0.002184769038701623,0.011496673680315293,0.11277719112988384,0.00018113766908772337,0.1259965810861696
"('0018408000', 'Department of Physics')",0.0012484394506866417,0.0006242197253433209,0.12303202519007757,0.037657615946330825,0.1399991477095893
"('0014266000', 'School of Forestry and Environ. Studies')",0.0012484394506866417,0.0,0.09592814371257485,4.909193012831777e-05,0.10693525081204343
"('0032102000', 'Forest Science')",0.0009363295880149813,0.0,0.10121943514247804,2.0161916982413767e-05,0.11267541015416806
"('0030908000', 'Psychology')",0.001560549313358302,0.0012480496787694744,0.09003287717424903,1.578343110685917e-06,0.09768504824662769
"('7203578997', 'Unknown Dept')",0.0009363295880149813,0.0,0.10393149085247178,4.078726611338032e-05,0.11525471317558218
"('P269853154', 'Electrical and computer engineering')",0.0009363295880149813,0.0,0.08147074528949577,1.8325389807157315e-08,0.08775115151049057
"('0038950000', 'Nelson Institute Environmental Studies')",0.0006242197253433209,0.0,0.09228642202891872,3.2090215857322167e-06,0.10028823691031863
"('0036772000', 'Biological Engineering')",0.001560549313358302,0.0006242197253433209,0.059697043095899086,4.658107304376182e-12,0.0630735578618774
"('0022228000', 'Computer Science')",0.0006242197253433209,0.0,0.09037317011254337,0.00017809046686535678,0.09995152859364695
"('0027110000', 'Weill Institute and Plant Biology')",0.0009363295880149813,0.0,0.11050562185279714,0.0012846099388702564,0.12266895518289071
"('7203593104', 'Unknown Dept')",0.00031210986267166043,0.0,0.09522111269614836,0.00013492171036551685,0.10432782968315567
"('0036962000', 'Department of Computer Science')",0.00031210986267166043,0.0,0.0906211109854056,1.3248139804570092e-05,0.09687190339446737
"('0026229000', 'School of Computer Science and Technolog')",0.001560549313358302,0.004982844189065885,0.08661800486618004,2.9101204959986045e-07,0.09666770364835851
"('4003110000', 'CTIOSCI')",0.001560549313358302,0.0012480496787694744,0.06804859400220882,6.085952109862011e-08,0.07284440219263988
"('0028035000', 'Materials Science and Engineering')",0.0012484394506866417,0.0012480496787694744,0.09620754886947122,9.402844744895337e-06,0.10745177203398125
"('0027110000', 'Communication')",0.0006242197253433209,0.0,0.08048431259262981,1.8965865616421474e-06,0.08623472721985131
"('0010090000', 'Chemical Engineering')",0.0012484394506866417,0.0,0.0959942475357282,8.202999572479007e-07,0.1057271187576443
"('0030908000', 'Department of Astronomy')",0.00031210986267166043,0.0,0.09001770010957211,1.200208693661789e-06,0.09695679190039386
"('0035220000', 'College of Engineering')",0.0009363295880149813,0.0,0.08965748824714574,8.143061969236356e-06,0.0981668605569574
"('0001289000', 'Psychology')",0.0006242197253433209,0.0,0.08260073732243678,1.9321286114383217e-07,0.08804355186662463
"('0020255000', 'Department of Mechanical Engineering')",0.0009363295880149813,0.0,0.07462790860177486,2.3651944302333686e-09,0.07951845532627612
"('0027078000', 'Applied Physics & Applied Math')",0.0009363295880149813,0.0,0.09295848202628601,3.906704922538661e-06,0.1003903260710119
"('0028068000', 'Department of Computer Science')",0.00031210986267166043,0.0,0.07872816178096666,1.4996104233560745e-07,0.08493002075022192
"('0013201000', 'Geography')",0.0009363295880149813,0.0006242197253433209,0.10628275724805944,0.0007943944957650522,0.11835882483163712
"('0029744000', 'Earth, Marine and Environmental Sciences')",0.0012484394506866417,0.0,0.0984059706993458,0.0001738422325427635,0.10914632488879988
"('0036582000', 'Physics')",0.0018726591760299626,0.017572279517540982,0.12153857825658144,9.606676986176369e-05,0.13751141366204112
"('0022905000', 'psychology')",0.0012484394506866417,0.0,0.1142531112933709,0.016666088663451352,0.12652345221486394
"('0010819000', 'School for the Future of Innovation in S')",0.0012484394506866417,0.0,0.11934294334562522,0.0071751072040443665,0.13562447155510435
"('0010819000', 'Mary Lou Fulton College of Education')",0.00031210986267166043,0.0,0.10974857847502911,0.0007964695246558312,0.12106238014466786
"('0021055000', 'Office of the Provost')",0.0009363295880149813,0.0,0.09533728092361711,1.0054679789600452e-06,0.10469747657475849
"('0018259000', 'Mechanical Engineering')",0.0018726591760299626,0.001871879632195628,0.13025449223514107,0.1191549939339869,0.14919376754307376
"('0033712000', 'Mathematics')",0.0012484394506866417,0.0006242197253433209,0.09084722694794148,2.5153803731974534e-05,0.09763457705039941
"('0014803000', 'Physic')",0.0012484394506866417,0.0,0.08507700477960702,8.016711778000455e-08,0.09140748971002956
"('0102566000', 'Mathematics and Computer Science')",0.0006242197253433209,0.0,0.07665071770334929,4.055888854022701e-06,0.08275683490685144
"('0096354000', 'CeSMEC')",0.00031210986267166043,0.0,0.08044995731431728,5.942454163483311e-09,0.08769141322469334
"('0038000000', 'Office of the Provost')",0.001560549313358302,0.0,0.09549925484351714,4.570555021272078e-05,0.10633472351948643
"('0033787000', 'Computer & Information Science')",0.0012484394506866417,0.0,0.09331042315869179,9.172441987618928e-07,0.10252771194644751
"('0013177000', 'Mechanical and Aerospace Engineering')",0.00031210986267166043,0.0,0.11937851633816461,0.005072560940092214,0.13277853182980923
"('4062600000', 'UCAR Center for Science Education')",0.0012484394506866417,0.0,0.07855444136612155,1.5705277760307215e-08,0.08473802621713708
"('0017749000', 'Globus')",0.0006242197253433209,0.0037394717733024167,0.09564750134336378,8.338512939555525e-05,0.10417373339362944
"('0018697000', 'Civil, Construction and Environmental En')",0.00031210986267166043,0.0,0.0810646695678575,1.3948614470290464e-06,0.08847640979861257
"('0021782000', 'Comparative Media Studies/Writing')",0.002184769038701623,0.01609414986273171,0.09658166033640803,1.0530461721834683e-05,0.11190504402462624
"('0032102000', 'Economics')",0.0012484394506866417,0.0,0.09792774619475518,1.4866235866587307e-05,0.10930141598120661
"('0038950000', 'Chemical and Biological Engineering')",0.0018726591760299626,0.021084913808603757,0.11206323668287223,0.00013480793874579385,0.12620900624246498
"('0025890000', 'Physics')",0.00031210986267166043,0.0,0.09908461157842652,2.796822744648323e-06,0.10750447827639165
"('0021055000', 'Information Systems')",0.0028089887640449437,0.008089034039950841,0.09541109555998928,1.1790529215240007e-06,0.10608636546364741
"('0015354000', 'Department of Linguistics')",0.0012484394506866417,0.0,0.11632719747304215,3.5078221698020766e-05,0.1326343071372624
"('0034256000', 'Psychology')",0.0009363295880149813,0.0006242197253433209,0.08300518134715026,3.235607532286953e-05,0.09155544289793785
"('5300000250', 'DoIT')",0.0006242197253433209,0.0,0.09537133502009228,9.136917976194007e-07,0.1049419626338513
"('0018408000', 'Office of Information Technology')",0.0006242197253433209,0.0,0.1094785758217727,0.004277177782536143,0.12033515943967421
"('0021782000', 'Physics (Lab for Nuclear Science)')",0.00031210986267166043,0.0,0.10123222748815165,2.9191815526957094e-05,0.10879194542352043
"('0010819000', 'ASU Research Computing')",0.0009363295880149813,0.0,0.10441583835750366,0.0006747190260359907,0.1148283509359948
"('0035352000', 'Department of Human & Organizational Dev')",0.00031210986267166043,0.0,0.1051698670605613,2.6898859098572214e-06,0.11760469531012191
"('0014316000', 'Civil and Environmental Engineering')",0.001560549313358302,0.0006242197253433209,0.10888330048256643,9.38008553155747e-05,0.12021533847883714
"('4062600000', 'NCAR/RAL')",0.0012484394506866417,0.0,0.10359209803097416,3.0481595886413766e-06,0.11755729997981249
"('0017749000', 'Department of Astronomy and Astrophysics')",0.0009363295880149813,0.0,0.09994385176866928,0.0002416160350327652,0.11107759712824215
"('0036426000', 'Chemistry')",0.0006242197253433209,0.0,0.10028796794791536,7.690952944635127e-06,0.10935208955926276
"('0020784000', 'Biology')",0.0009363295880149813,0.0,0.09535714285714286,1.0398730362490664e-06,0.10506160474787545
"('0020107000', 'Oceanography and Coastal Sciences')",0.0012484394506866417,0.0,0.10878717913893793,1.4917111408750277e-05,0.12150764018125478
"('0015693000', 'School of Physics')",0.0009363295880149813,0.0006242197253433209,0.11098025632144094,0.0014936119597512845,0.12686922783671964
"('0013284000', 'ISI')",0.0006242197253433209,0.0,0.09906622967039763,1.4453584876958975e-05,0.10847525507975964
"('0035352000', 'Vanderbilt University School of Nursing')",0.0006242197253433209,0.0,0.11128864188954499,5.849772994834373e-06,0.12615711061871288
"('0027854000', 'Liberal Studies')",0.0006242197253433209,0.0,0.1103305785123967,0.0003134054463156123,0.12134046295067373
"('0035303000', 'Civil and Environmental Engineering')",0.0012484394506866417,0.0,0.10543635645649599,1.894850129016814e-05,0.11628786206908769
"('0029058000', 'Chemical, Biological, and Bioengineering')",0.0009363295880149813,0.0,0.07875138257343,2.123379066278555e-08,0.08441315938476725
"('0036582000', 'Texas Advanced Computing Center')",0.0046816479400749065,0.020992656116298566,0.11760819293029402,4.325729581375772e-05,0.1343508523540352
"('0033787000', 'Education')",0.0024968789013732834,0.014338193912568334,0.12086005281026029,0.00025028358465932477,0.1379750694693704
"('0032102000', 'EOP')",0.001560549313358302,0.0,0.09175783263646257,2.02748139258525e-05,0.10144876746638466
"('0023879000', 'Urban Research and Outreach Engagement C')",0.0009363295880149813,0.0,0.11413101556655862,0.00024260289332091802,0.12857770611115835
"('0026963000', 'Unknown Dept')",0.0009363295880149813,0.0,0.1084741172089244,1.6632083341775148e-05,0.12109618799077625
"('0011544000', 'Engineering')",0.0009363295880149813,0.0,0.07758620689655173,2.100818326409535e-08,0.08358044887202029
"('6250031080', 'Unknown Dept')",0.0018726591760299626,0.0,0.10371617247183737,1.3171464321185807e-05,0.11789458512692551
"('0027854000', 'Department of Electrical Engineering')",0.0012484394506866417,0.0,0.10973730177757988,0.0007020712018492832,0.1199715118158047
"('0013128000', 'Plant and Microbial Biology')",0.0012484394506866417,0.0,0.10504573620537032,1.031153820299112e-05,0.11691195336945263
"('0036152000', 'Anthropology')",0.0012484394506866417,0.0,0.11656419398260996,0.0068502928738547264,0.13224108169015383
"('0010819000', 'Georgraphical Sciences & Urban Planning')",0.0009363295880149813,0.0,0.09714095139920566,0.00014164427944333155,0.10645333830205905
"('0022210000', 'Anthropology')",0.00031210986267166043,0.0,0.10095154073980717,1.4026119863204575e-05,0.10991232311706949
"('0027110000', 'CLASSE')",0.0028089887640449437,0.0030701327004476787,0.08446026097271649,5.83701358404004e-06,0.09376291309083519
"('0038950000', 'Mechanical Engineering')",0.0012484394506866417,0.0,0.09715567954393839,1.2227538829674203e-05,0.10720280625614868
"('6250004721', 'EECS')",0.00031210986267166043,0.0,0.1113892365456821,4.5731364078047387e-05,0.12373305580477129
"('0031849000', 'School of Meteorology')",0.003121098626716604,0.011306085865136845,0.10749152883550844,7.072414728399348e-05,0.12151822194337371
"('0013144000', 'Surgery and Biomedical Engineering')",0.0012484394506866417,0.0,0.11661086038724705,0.001803759279359109,0.1314231817123785
"('0035998000', 'Electrical and Computer Engineering')",0.0024968789013732834,0.004968249790866688,0.11416761687571265,0.000533916502047206,0.13037494686181134
"('0036582000', 'Computer Science')",0.001560549313358302,0.0,0.10876132930513595,1.370173220688033e-05,0.12265496899777466
"('0023309000', 'Speech, Language, and Hearing Sciences')",0.0012484394506866417,0.0,0.1142531112933709,0.016666088663451352,0.12652345221486394
"('0013508000', 'Vice President for Research')",0.0012484394506866417,0.0,0.0867188134354616,1.0428392847434118e-07,0.09483493782938728
"('0014803000', 'Mechanical Engineering')",0.0018726591760299626,0.006292025042357418,0.12150170648464163,0.005401136982121532,0.13763247070592183
"('0048041000', 'Electrical and Computer Engineering')",0.0018726591760299626,0.0018714898602784607,0.09904173106646058,0.0009340196466422262,0.11070577642654622
"('0015354000', 'Agricultural Education and Communication')",0.00031210986267166043,0.0,0.09831538249102457,1.3534368972246807e-06,0.10675500225652465
"('P270095617', 'Unknown Dept')",0.00031210986267166043,0.0,0.1130278336331887,0.0013139331735162365,0.12374570761054464
"('0019893000', 'Center for Applied Energy Research')",0.0009363295880149813,0.0,0.05952845437823979,2.2993054217485954e-11,0.06395577766945534
"('0018259000', 'Curriculum & Instruction and Physics')",0.0006242197253433209,0.0,0.10261337432744043,0.0026855012236707103,0.11119752149218182
"('0014811000', 'Unknown Dept')",0.0028089887640449437,0.0031183702232964335,0.09730320699708454,1.9525347620393396e-06,0.10967440455810883
"('0011452001', 'Psychology and Child Development')",0.00031210986267166043,0.0,0.09468085106382979,6.559436629998563e-06,0.1014389109623677
"('0013128000', 'Computer Science')",0.0009363295880149813,0.0,0.103485029553309,5.684373842146693e-05,0.1134456072992403
"('0014175000', 'Chemical, Materials & Biomolecular Eng')",0.0012484394506866417,0.0006242197253433209,0.08036923694376161,2.240053517170915e-07,0.08756292339010387
"('0039867000', 'Biology')",0.0012484394506866417,0.0,0.0804661208498669,8.973105840484533e-09,0.0884196695709272
"('0039321000', 'Department of Electrical Engineering and')",0.0009363295880149813,0.0006242197253433209,0.0949220833086449,5.181798171224779e-07,0.10561649315424991
"('0028514000', 'Department of Chemistry')",0.0012484394506866417,0.0,0.08771353482260184,1.7650880571843483e-06,0.09735937179891398
"('6250008414', 'Office of Research')",0.0006242197253433209,0.0,0.12290459933254057,0.03203242309752046,0.13916611162374426
"('0015370000', 'Unknown Dept')",0.0056179775280898875,0.020431423911390207,0.1159735041806928,0.000292515963303431,0.13392670578318866
"('0013144000', 'School of Education')",0.0006242197253433209,0.0030819605502487076,0.106664891137892,5.278227707703645e-05,0.11910867574925947
"('0037457000', 'Biology')",0.0006242197253433209,0.0006242197253433209,0.1121377572448551,0.0008349765309310306,0.12273635089095468
"('0017749000', 'Dept Astron. & Astrophys., Dept Physics')",0.001560549313358302,0.0012480496787694744,0.10589985126425384,5.7825082596346025e-05,0.11838244497094304
"('0030056000', 'Chemistry')",0.00031210986267166043,0.0,0.09880655009714127,0.0008441955792917357,0.108558163323877
"('0026278000', 'Astrophysical Sciences')",0.0009363295880149813,0.001248244564728058,0.11304378506156723,0.0013459190898137325,0.12416185409410682
"('0038950000', 'Agronomy')",0.0012484394506866417,0.0,0.08129503704455496,4.49528911224938e-06,0.0901161012557196
"('0290825000', 'Mechanical Engineering')",0.0012484394506866417,0.0,0.11109955268906689,0.00037403424398332376,0.12462269892443713
"('0025650000', 'Civil & Environmental Engineering')",0.001560549313358302,0.00021370911915941814,0.09528907922912205,1.6936483306930258e-06,0.10607072927470781
"('0013201000', 'Chemistry and Biochemistry')",0.0012484394506866417,0.0,0.1114706189333055,0.001595350681490207,0.12344048424842309
"('0025650000', 'Sociology')",0.0012484394506866417,0.0,0.0977425259304454,9.679868420304585e-06,0.11066039086375844
"('0037986000', 'Pacific Northwest National Laboratory /')",0.0006242197253433209,0.0,0.10600496277915633,1.5912829775337047e-05,0.11711727236952281
"('0025064000', 'Aerospace & Mechanical Engineering')",0.0018726591760299626,0.010320727110917383,0.11258301416072244,0.00010442848491120839,0.12897579422713135
"('0048041000', 'Occupational Therapy')",0.0009363295880149813,0.0,0.09012404714354026,0.00013124706705621705,0.09816804366409472
"('0011510001', 'Electrical and Computer Engineering')",0.002184769038701623,0.00249454026987028,0.11677235950142138,0.0004230955140310392,0.13148021591598225
"('0019281000', 'Mathematics Department')",0.0009363295880149813,0.0,0.11521035598705502,0.001779777004732162,0.12748009731307175
"('0037986000', 'Environmental and Occupational Health Sc')",0.0006242197253433209,0.0,0.11868424951844718,0.00018693730894262816,0.13296788057215897
"('0021030000', 'Fischell Department of Bioengineering')",0.0012484394506866417,0.014392049114792652,0.12158931349853895,0.012561001112793372,0.13722580482622754
"('0013128000', 'Plant & Microbial Biology-PGEC')",0.0009363295880149813,0.0,0.09310705567825177,1.4920106275320504e-06,0.10309362195587929
"('6250004721', 'Dept of Chemistry and Chemical Biology')",0.0006242197253433209,0.0,0.11253161000280978,8.066369679555466e-05,0.12541501271227365
"('0032565000', 'Unknown Dept')",0.0018726591760299626,0.001871879632195628,0.10748431681706867,0.0002229184994345663,0.12129507220063712
"('0026575000', 'Sociology')",0.0009363295880149813,0.0,0.08194582981661935,2.2298608785249828e-07,0.09029302395501436
"('0015982001', 'CCRC')",0.0012484394506866417,0.0,0.09413838695460555,2.4158128461728286e-06,0.10399364582873478
"('0034702000', 'Physics')",0.0012484394506866417,0.0006242197253433209,0.12303202519007757,0.037657615946330825,0.13999914770958932
"('0031708000', 'Industrial Engineering and Management')",0.00031210986267166043,0.0,0.10541901095647024,0.00026705436128515226,0.11498694838104796
"('0017756000', 'Linguistics')",0.00031210986267166043,0.0,0.10319505282143777,3.085220763568966e-06,0.11457731224804628
"('0017756000', 'EPOL')",0.0009363295880149813,0.0,0.1121377572448551,0.0010550507831384472,0.12284038751184521
"('0036475000', 'Chemistry')",0.00031210986267166043,0.0,0.0913940154605357,5.776948820150288e-05,0.09792990103312298
"('0013706000', 'Chem. & Biol. Engineering/BioFrontiers')",0.0006242197253433209,0.0006242197253433209,0.10027541311967952,1.894055546302547e-05,0.10952602580123749
"('4003554000', 'Department of Forest Engineering, Resour')",0.0006242197253433209,0.0,0.10177567421619389,1.7702923636741062e-05,0.11318965177327851
"('0027078000', 'Lamont-Doherty Earth Observatory')",0.004057428214731586,0.009958282711705591,0.08918828638236277,9.504324162920569e-06,0.1008975187934073
"('0025650000', 'Center for Science, Math and Computer Ed')",0.001560549313358302,1.1693157515016938e-06,0.09461654312966955,1.0538700414445416e-05,0.10722176915453453
"('0017749000', 'Statistics')",0.0018726591760299626,0.0012480496787694744,0.07870108815799169,3.156312699430543e-06,0.08525459645933053
"('0013151000', 'Communication')",0.0009363295880149813,0.0,0.09786194257788637,1.615844266688636e-05,0.10773177586518888
"('0029728000', 'Microbiology')",0.0006242197253433209,0.0,0.09592239985629603,7.043875835380344e-07,0.10586741316962352
"('0027854000', 'Mathematics and Center for Data Science')",0.0006242197253433209,0.0,0.12549449688613842,0.008221514992975163,0.13980185886649318
"('0036756000', 'Department of Computer Science')",0.00031210986267166043,0.0,0.10836038961038962,3.926029208086382e-05,0.1188866889720087
"('0013169000', 'Department of Mathematics')",0.001560549313358302,0.003920537301330233,0.11065828555639981,0.0012242597473098482,0.1209764411490164
"('0013201000', 'Electrical and Computer Engineering')",0.0028089887640449437,0.025085515724615252,0.13029157008661704,0.009869271121373481,0.1501690093123551
"('0021550000', 'Computer Science')",0.0009363295880149813,0.0,0.10958341883849784,4.878310587139715e-05,0.12136274913028378
"('0037457000', 'Chemistry')",0.0012484394506866417,0.0006242197253433209,0.09091167040263315,5.511827301522048e-07,0.09898418748378389
"('0025064000', 'Department of Chemistry')",0.0009363295880149813,0.0,0.08787471544938427,2.314751926725758e-07,0.09474876224475394
"('0016261000', 'Agricultural Economics and Rural Sociolo')",0.0012484394506866417,0.0,0.09636380041505008,7.321197419554175e-06,0.10663311429278956
"('0035105000', 'Unknown Dept')",0.002184769038701623,0.0012480496787694744,0.08297938464725992,3.2411994383105613e-07,0.0916400163648108
"('0036327040', 'Entomology')",0.0012484394506866417,0.0,0.07500877911740607,1.4784130255715731e-09,0.0809916119203657
"('0018697000', ""Industrial & Manuf'g Systems Engineering"")",0.0012484394506866417,0.0,0.08111803129272369,2.705618706186554e-06,0.08944617972905657
"('0010512000', 'Electrical & Computer Engineering')",0.0006242197253433209,0.0,0.07054937795882418,4.0681488858443506e-09,0.07481937793802128
"('0023259000', 'ISR')",0.0009363295880149813,0.0,0.1032349529578554,0.0004700248781487523,0.11453379957187482
"('0027854020', 'Rehabilitation Medicine')",0.0012484394506866417,0.0,0.10973730177757988,0.0007020712018492832,0.1199715118158047
"('0038950000', 'Engineering Physics')",0.0012484394506866417,0.0,0.09715567954393839,1.2227538829674203e-05,0.10720280625614868
"('0024232000', 'Agricultural & Biological Engineering')",0.0012484394506866417,0.0,0.07207612534587092,2.2216887218541167e-07,0.07728987779965207
"('P270090891', 'Unknown Dept')",0.00031210986267166043,0.0,0.12548958170139432,0.007325318097379394,0.13964580393515735
"('0029207000', 'Physics and Electrical and Computer Engi')",0.0012484394506866417,0.0,0.10996705107084019,2.2541008580800306e-05,0.12237049611058155
"('0015982001', 'Electrical and Computer Engineering')",0.0012484394506866417,0.00031113543287874233,0.09415498545358371,2.3854617281496702e-06,0.10427974653618381
"('0010827000', 'Department of STEM Education')",0.0018726591760299626,0.010269917201306681,0.09967025446400796,4.008865768729396e-05,0.11131110421518134
"('0039420000', 'Departamento de Ciencia Política')",0.0009363295880149813,0.0,0.08886916484065126,8.263191201841054e-06,0.0952089263602196
"('0011312000', 'Unknown Dept')",0.0028089887640449437,0.01796078738604531,0.1026857252740209,0.0006035137793158081,0.11429222853106806
"('0027110000', 'Center for Advanced Computing')",0.0006242197253433209,0.0,0.0795906200317965,2.1350746637126976e-07,0.08621645413673443
"('0028373000', 'Department of Computer Science & Engg')",0.0006242197253433209,0.0,0.10416802132778465,1.3423288706484111e-05,0.11701783294804509
"('0010579000', 'College of Education')",0.0009363295880149813,0.0,0.1121377572448551,0.0010550507831384472,0.12284038751184521
"('0039545000', 'Statistics and Data Science')",0.0012484394506866417,0.0,0.10469903927847853,4.8801425345638847e-05,0.1156815458835369
"('0027110000', 'CHESS')",0.0009363295880149813,0.0,0.08444690440420653,5.1508276905787464e-06,0.09282658350282028
"('0114637000', 'Alaska Coastal Rainforest Center')",0.0012484394506866417,0.0,0.08135076805890568,1.4857637124434759e-06,0.09022936290467283
"('0014316000', 'Horn Entrepreneurship, Venture Developm')",0.0006242197253433209,0.0,0.12205249323835282,0.00021881308064382462,0.137375735822893
"('0033712000', 'Department of Mathematics')",0.001560549313358302,0.0012480496787694744,0.09991580129104687,0.00020288547427464794,0.10961991432022256
"('0016915000', 'Social Sciences')",0.00031210986267166043,0.0,0.06774357239512856,1.907414686169328e-10,0.07153893076397648
"('0030908000', 'Engineering Education')",0.0009363295880149813,0.06372811200319912,0.13582026282323018,0.06800363712294887,0.15847655772336344
"('7203592803', 'Unknown Dept')",0.0009363295880149813,0.0,0.1054224795998947,1.5582210969913408e-05,0.11597575220641602
"('0033795000', 'Office of the CIO')",0.0006242197253433209,0.0,0.0936623012160898,4.37483309870124e-07,0.1026038477594282
"('0020537000', 'Department of Molecular and Biomedical S')",0.0012484394506866417,0.0,0.07448737620309667,1.5690921466599275e-09,0.08067711874794416
"('0013706000', 'ATLAS')",0.0024968789013732834,0.011566393186123547,0.10532544378698225,0.0011044762371398816,0.11942236908784035
"('0018259000', 'IT Discovery Learning')",0.002184769038701623,0.0017295972470984,0.13842564589993953,0.12119869118516634,0.16006364265686326
"('0028068000', 'Computer Science')",0.003433208489388265,0.008094393403811892,0.08545367258761402,1.3755196647675266e-06,0.09517590089537914
"('0030262000', 'Agricultural and Life Sciences')",0.00031210986267166043,0.0,0.08882481772060657,4.299572528487551e-06,0.09582696840675178
"('0023259000', 'Biomedical Engineering')",0.0009363295880149813,0.0006242197253433209,0.10217488360227055,0.00042162069744160815,0.11336669537202651
"('0035949000', 'Department of Biological Sciences')",0.0009363295880149813,0.0,0.09859675036927622,1.6320982030660196e-06,0.11016411202955946
"('0013201000', 'Unknown Dept')",0.002184769038701623,0.0160485079887126,0.10548495423717653,1.83206470647258e-05,0.11804194347448733
"('0021998000', 'Chemical Engineering')",0.002184769038701623,0.0031179804513792662,0.07761063876171789,7.468997905038097e-08,0.08457694628512462
"('0037457000', 'Department of Electrical and Computer En')",0.00031210986267166043,0.0,0.10248864436056554,0.0005858321793542737,0.11160129212654168
"('0018259000', 'Communication')",0.0012484394506866417,0.0,0.13023860818665908,0.1165867459112974,0.1488296393699568
"('0027854000', 'Computer Science & Engineering')",0.0009363295880149813,0.00020471192300972646,0.13746353183456325,0.032972046689886306,0.15649037261727408
"('0025197000', 'Psychological Sciences')",0.0012484394506866417,0.0,0.08221919987682517,6.417767485191395e-07,0.08885371528112454
"('0033290000', 'Computer Science and Engineering')",0.0018726591760299626,0.001871879632195628,0.05621841661987648,3.1107219622126313e-12,0.06060540073446028
"('0022905000', 'Communicative Sciences and Disorders')",0.0012484394506866417,0.0,0.1142531112933709,0.016666088663451352,0.12652345221486394
"('0034488000', 'Baruch Institute')",0.0009363295880149813,0.0,0.0766763987938544,5.957578025126226e-06,0.08356311871875313
"('0010835000', 'Systems and Industrial Engineering')",0.0009363295880149813,0.0,0.0916449758302108,3.2197953099431995e-05,0.10050457980695272
"('0035998000', 'Manufacturing and Industrial Engineering')",0.0018726591760299626,0.003891534213320611,0.111030252625013,0.00021927859422877713,0.12550196247879122
"('0001024000', 'Computer and Data Sciences')",0.001560549313358302,0.0018714898602784607,0.1071356918344145,0.0001178908438838834,0.11902532620462575
"('0027854000', 'Biology')",0.0009363295880149813,0.0,0.07598899535148468,6.318998459200776e-08,0.08115639726986293
"('0035105000', 'Mathematics')",0.0006242197253433209,0.0,0.0766250538097288,3.5601030927245636e-08,0.08275840817853433
"('0037499000', 'Atmospheric, Oceanic, and Earth Science')",0.00031210986267166043,0.0,0.09500652354406358,0.0001581870190154214,0.10283824820761922
"('6250022416', 'Unknown Dept')",0.0012484394506866417,0.0,0.08360078277886497,1.836373379741987e-05,0.08993545648055228
"('0027110000', 'Cornell Nanofabrication Facility')",0.00031210986267166043,0.0,0.07808539676350165,7.894805797432646e-07,0.08527669979188347
"('0015982001', 'Unknown Dept')",0.005305867665418227,0.022793309780798562,0.10390789687043944,1.4906327637141983e-05,0.11923597267201844
"('0027854000', 'Computer Science')",0.0018726591760299626,0.00218926864987093,0.12926130632993102,0.013264944152572804,0.14555714823739196
"('0013169000', 'Department of Computer Science and Engin')",0.0006242197253433209,0.0,0.10109168927872783,2.6025315144111022e-05,0.10896759021592245
"('P270065814', 'Unknown Dept')",0.00031210986267166043,0.0,0.12548958170139432,0.007325318097379394,0.13964580393515735
"('6250009806', 'Unknown Dept')",0.0006242197253433209,0.0,0.090401218892839,1.6401694325348732e-06,0.10073869484159344
"('0023879000', 'Mechanical Engineering')",0.002184769038701623,0.002495514699663198,0.08474621101912344,1.327132223418215e-06,0.09362003395248088
"('0026880000', 'Department of Chemistry')",0.0012484394506866417,0.0,0.11109955268906689,0.00037403424398332376,0.12462269892443713
"('0034488000', 'Department of Sociology')",0.0012484394506866417,0.0,0.10312530174772282,0.0005042131217096033,0.11554244651379315
"('0028068000', 'Global Cybersecurity Institute')",0.0009363295880149813,0.0,0.07300401020780167,2.8663183444665796e-08,0.07820804246935845
"('4002127000', 'Unknown Dept')",0.0006242197253433209,0.0,0.08712440516655337,2.5098958372036295e-07,0.09337818138982858
"('0018408000', 'Dept. of Computer Science and Engineerin')",0.0009363295880149813,0.0,0.12290931410158049,0.03649697301804548,0.1393221665550801
"('0019489001', 'Civil, Environmental & Architectural Eng')",0.0012484394506866417,0.0032782741523142904,0.10635331607249551,3.810456075232564e-06,0.11919027257743636
"('0022194000', 'Biomedical Engineering')",0.002184769038701623,0.0031183702232964335,0.1114396021007965,0.00017111060926147242,0.1253388575433044
"('0014316000', 'Dept. of Physics and Astronomy')",0.0006242197253433209,0.0,0.1183991722404937,0.0007926082328425806,0.13002925943794338
"('0026278000', 'Electrical and Computer Engineering')",0.0006242197253433209,0.0,0.10159817351598173,0.00018627448209394414,0.10932005613051946
"('0029058000', 'Mechanical Engineering')",0.0012484394506866417,0.0,0.09842108496651718,2.575708488857378e-06,0.10864659436716853
"('0023259000', 'SNRE')",0.0006242197253433209,0.0,0.0972972972972973,0.00013228412894450114,0.10696681419521237
"('0017376000', 'Center for Innovative Teaching and Learn')",0.0009363295880149813,0.0,0.0951843379578741,7.710038005396339e-07,0.10349213800986934
"('0032375000', 'Anthropology')",0.0006242197253433209,0.0,0.08135489932204251,1.110204477662987e-06,0.08998487684558006
"('0027110000', 'Department of Astronomy')",0.00031210986267166043,0.0,0.07808539676350165,7.894805797432646e-07,0.08527669979188347
"('0015354000', 'Department of Natural History')",0.0024968789013732834,0.0037404462030953345,0.1223648029330889,0.00010185009243528409,0.14176113756801875
"('0016105000', 'Hawaii Inst of Geophysics & Planetology')",0.00031210986267166043,0.0,0.08243921265920494,6.802092802257176e-08,0.08800791041032048
"('0013219000', 'Earth & Planetary Sciences')",0.0006242197253433209,0.0,0.07697112381684525,7.082919362015085e-09,0.08222267528348491
"('0037275000', 'Information & Engineering Technologies')",0.0006242197253433209,0.0,0.08522863299018434,8.5304993640926e-06,0.09259955805356163
"('5300012607', 'AA Department')",0.0009363295880149813,0.0,0.07522892697816388,1.5853662447681853e-07,0.08153218469216401
"('0036582000', 'Physics and Texas Material Institute')",0.0006242197253433209,0.0,0.1200944563139548,8.962381436286431e-05,0.1347614230714351
"('0013177000', 'ECE and Inst of Engineering in Med')",0.0006242197253433209,0.0,0.11377436880792585,7.985549658871735e-05,0.12631566618232504
"('6250028942', 'Unknown Dept')",0.0009363295880149813,0.0,0.09439076125382984,4.780615370660433e-06,0.10167390336299187
"('4038063000', 'Basic Sciences')",0.0006242197253433209,0.0,0.0779107090749927,5.193673255462243e-09,0.08333732139361143
"('4003110000', 'National OIR Astronomy Research Lab')",0.001560549313358302,0.00062363506746757,0.06804859400220882,6.252671891584513e-08,0.07284440219263988
"('0013508000', 'Biology')",0.0012484394506866417,0.006844979523332332,0.06513386595108861,1.3709279980939117e-10,0.0694856868177286
"('6250009705', 'Administration')",0.0012484394506866417,0.0,0.10298608209315033,3.649615025360591e-06,0.11315296036085624
"('0037549000', 'Department of Management')",0.0009363295880149813,0.0,0.11942746384374534,0.007222646845069049,0.13332992592052914
"('0035303000', 'Economics')",0.0028089887640449437,0.0018721719611335035,0.10545370766547082,2.2130034208299543e-05,0.11706813672576688
"('0080010000', 'Department of Physics')",0.0012484394506866417,0.0,0.10277465918203689,1.7911335502001643e-05,0.11590609918815793
"('0036566000', 'Department of Chemistry and Biochemistry')",0.0009363295880149813,0.0,0.08289780077619664,6.989451209631218e-06,0.08874873244467332
"('0010835000', 'Native Nations Institute')",0.0009363295880149813,0.0,0.12549941245593418,0.009367566627711621,0.13995791379782901
"('0001024000', 'Law')",0.0009363295880149813,0.0,0.08381948986265533,1.4603059026953326e-05,0.09020404396961772
"('0026633000', 'Chemical and Biological Engineering')",0.0018726591760299626,0.0004152370157554782,0.08021229721610254,1.1170936960708888e-07,0.0871484009687561
"('0015693000', 'School of Public Policy')",0.0009363295880149813,0.0,0.09305027154183487,4.5183502314219505e-06,0.10074776617564293
"('0027110000', 'Computing and Information Science')",0.0012484394506866417,0.0,0.07876880715901269,1.2178336051007699e-06,0.08692062435417766
"('0015354000', 'School of Forest Resources Conservation')",0.0006242197253433209,0.0,0.10954969740486203,0.005118826239112363,0.1234435251148215
"('0022921000', 'Unknown Dept')",0.001560549313358302,0.0012480496787694744,0.09570178320738373,3.894362924587515e-07,0.1048663178237193
"('0017749000', 'Division of Physical Sciences')",0.0006242197253433209,0.0,0.07296244847767176,3.8608624386251064e-07,0.07757506312134906
"('5300013006', 'Gehan Lab')",0.00031210986267166043,0.0,0.08109339407744874,1.6165322427498067e-06,0.08827390994723626
"('0027078000', 'Unknown Dept')",0.0018726591760299626,0.0034287261123408415,0.08191440404970088,1.2537088337459687e-06,0.09054609339766335
"('0021832000', 'Physics')",0.0012484394506866417,0.0,0.10119386014781126,4.0269967369406e-05,0.108807550916654
"('0014266000', 'Electrical Engineering')",0.0012484394506866417,0.0,0.07821501806464212,1.0095473974146106e-07,0.08558920534772026
"('0028381000', 'College of Engineering and Applied Scien')",0.0012484394506866417,0.0,0.10524932658826622,6.332147388035074e-05,0.11833816457650298
"('0022269000', 'Mechanical Engineering')",0.0009363295880149813,0.0,0.09593676078689703,3.470065949336025e-06,0.10477442096313838
"('0014316000', 'Civil & Environmental Engineering')",0.0012484394506866417,0.0006242197253433209,0.12206644315757391,0.0002524711689420203,0.13773986399600993
"('0039545000', 'Institute for Simulation and Training')",0.0012484394506866417,0.0,0.09042673289681644,0.0002381551044983738,0.10083583987121668
"('0036962000', 'Mathematics and Statistics')",0.0012484394506866417,0.0006242197253433209,0.09964855534475787,0.0001215480217219615,0.1087218103088226
"('0035303000', 'Mechanical, Aerospace and Biomedical Eng')",0.0012484394506866417,0.0,0.10543635645649599,1.894850129016814e-05,0.11628786206908769
"('0034256000', 'PRTM')",0.0006242197253433209,0.0,0.0987456467470028,0.0005484141776890923,0.10812120951613667
"('0016162000', 'Materials Science & Engineering')",0.0006242197253433209,0.0,0.08377346650630131,5.906171559230476e-06,0.09064785408172411
"('0018697000', 'Civil Engineering')",0.002184769038701623,0.0012589632924501566,0.08113651903061612,2.807429352542175e-06,0.09020044523051307
"('0010520000', 'Sociology')",0.0006242197253433209,0.0,0.07667456385957355,5.221411599983406e-06,0.08340706378741734
"('0014316000', 'Department of Geography')",0.00031210986267166043,0.0,0.0981948573354991,1.0247216674779571e-05,0.10581599920121375
"('0039420000', 'Chemistry')",0.0012484394506866417,0.0,0.07788987480247964,9.453419721328809e-07,0.08434691882933097
"('0015354000', 'Geography')",0.0012484394506866417,0.0,0.1136452310857305,0.00015523690831918764,0.1268922324577403
"('0015982001', 'Center for Applied Genetic Technologies')",0.0012484394506866417,0.0,0.08129503704455496,4.49528911224938e-06,0.0901161012557196
"('5300007039', 'Unknown Dept')",0.0012484394506866417,0.0,0.11419203079335662,2.2897315352783926e-05,0.12794553054902624
"('0017376000', 'Chemistry and Biochemistry')",0.0009363295880149813,0.0,0.0951843379578741,7.710038005396339e-07,0.10349213800986934
"('0028068000', 'Golisano College of Computing and Inform')",0.0009363295880149813,0.0,0.07873396569518848,1.920688606089209e-07,0.08529414892333881
"('0026278000', 'Center for Policy Research on Energy and')",0.0012484394506866417,0.0,0.0984059706993458,0.0001738422325427635,0.10914632488879988
"('0023259000', 'Earth and Environmental Sciences')",0.0028089887640449437,0.006229529666125273,0.11180904522613065,0.0032317539792366097,0.1256968547778232
"('0019281000', 'Electrical and Computer Engineering')",0.003745318352059925,0.02409647946311257,0.08437796270936479,3.4662358203364456e-07,0.09571860947714601
"('0018929000', 'School of Journalism and Mass Communicat')",0.0012484394506866417,0.0,0.09610942796292408,1.003748503459715e-05,0.1093863230815912
"('4013520000', 'Unknown Dept')",0.0006242197253433209,0.0,0.08944224219753225,2.4064206694140856e-07,0.09739322757264916
"('0013508000', 'Chemistry')",0.0006242197253433209,0.0,0.09144357554654946,7.682644389724904e-08,0.09992608907187607
"('0039545000', 'Learning Sciences and Educational Resear')",0.0012484394506866417,0.0,0.11027741446960831,7.774071500409866e-05,0.12457571440175381
"('0013284000', 'Earth Sciences')",0.0006242197253433209,0.0006242197253433209,0.0956332268752052,2.0213695128987593e-06,0.10468850681996512
"('6250015946', 'The HDF Group')",0.0006242197253433209,0.0,0.07831443097379742,1.3698165243415226e-08,0.08412722482260611
"('0018697000', 'Department of Geological and Atmospheric')",0.00031210986267166043,0.0,0.06534108289996941,6.100855884297482e-09,0.06966061018242896
"('0015693000', 'Physics')",0.003433208489388265,0.008713546094232038,0.111030252625013,0.0017072962985441012,0.12829973137396478
"('0039321000', 'School of Computing')",0.0012484394506866417,0.000722169257782517,0.09904479272929612,1.1499247596469533e-06,0.11173185448377808
"('0014316000', 'Center for Composite Materials')",0.0012484394506866417,0.0,0.07462964688344359,2.7503020518686115e-09,0.07967451025761198
"('0015982001', 'College of Engineering')",0.00031210986267166043,0.0,0.08607581334121377,4.3181273374503765e-07,0.09335524341336504
"('7203579633', 'Chemical and Environmental Sciences')",0.0012484394506866417,0.0,0.07448737620309667,1.5690921466599275e-09,0.08067711874794416
"('6250001416', 'Unknown Dept')",0.0009363295880149813,0.0,0.07748675905100486,4.071756525761105e-08,0.08419808376035715
"('7203589433', 'Unknown Dept')",0.0018726591760299626,0.0,0.0867188134354616,1.1566565081723442e-07,0.09483493782938725
"('0026278000', 'Department of Astrophysical Sciences')",0.00031210986267166043,0.0,0.10156596715906929,0.0001467145105259725,0.10898490958750777
"('0018697000', 'Aerospace Engineering')",0.0006242197253433209,0.0,0.0811509042095132,2.018888743147243e-06,0.0895390695691374
"('0014316000', 'Department of Geography and Spatial Scie')",0.0012484394506866417,0.0,0.12206179283020306,0.0002898745809072929,0.13768784568556466
"('0010835000', 'Biomedical Engineering')",0.0012484394506866417,0.0,0.09498117570331722,3.781536054099942e-05,0.10478474421414731
"('0025171000', 'Department of Computer Science')",0.0012484394506866417,0.0,0.08221919987682517,6.417767485191395e-07,0.08885371528112454
"('4011599000', 'Unknown Dept')",0.0028089887640449437,0.025236286756970205,0.12665533462465906,0.0016828437016678207,0.14404354852227738
"('0016105000', 'Mechanical Engineering')",0.0012484394506866417,0.0,0.11443674548182013,7.446356903903004e-05,0.12931120892505937
"('0014449000', 'Mathematics')",0.0018726591760299626,0.004833400512398799,0.12115711854792967,0.0006358213712080815,0.1360040891765945
"('0031849000', 'CIMMS and School of Meteorology, Univers')",0.0006242197253433209,0.0,0.09706443697173499,8.652984998903054e-06,0.10621896337851403
"('0013136000', 'School of Public and Community Health Sc')",0.0006242197253433209,0.0,0.11814594933441498,0.005206507188259309,0.1343512435147351
"('0020081000', 'IfM/ Chemical Engineering')",0.001560549313358302,0.0006242197253433209,0.08410111032364753,5.513975539472431e-07,0.09227176780374312
"('P270098491', 'Unknown Dept')",0.00031210986267166043,0.0,0.0902382695882386,1.0818589040290823e-05,0.09707045425015198
"('0019281000', 'Geology')",0.00031210986267166043,0.0,0.09551064210338044,2.8298483643385486e-07,0.10514526904552275
"('0029058000', 'Built Environment')",0.0009363295880149813,0.0006242197253433209,0.09942591155934834,7.774204953294618e-07,0.11090652713850954
"('0015354000', 'Engineering Education')",0.0006242197253433209,0.0,0.10767214436939207,1.2841733156406385e-05,0.11993792597297492
"('0024232000', 'Counseling, Higher Education Leadership,')",0.0012484394506866417,0.0,0.0810544157454021,8.39502662394329e-09,0.08797820099170589
"('0036327000', 'Teaching Learning and Culture')",0.0006242197253433209,0.0,0.09537985234579661,1.723025231772348e-06,0.10278176348374901
"('0034256000', 'ClemsonLIFE')",0.0006242197253433209,0.0,0.07667456385957355,5.221411599983407e-06,0.08340706378741734
"('0019893001', 'Biosystems and Agricultural Engineering')",0.0018726591760299626,0.01425844138785307,0.07237897304990173,8.140614709023718e-09,0.08025531863171127
"('0019281000', 'Unknown Dept')",0.001560549313358302,0.019489013477078827,0.0948743004352847,1.8737974789410414e-06,0.10754046674345509
"('0010637000', 'Oral History Program')",0.00031210986267166043,0.0,0.06336148080764134,4.5412841207476455e-09,0.06754292036828398
"('0029728000', 'Civil, Construction, Environmental Engin')",0.0006242197253433209,0.0,0.12145564821834723,7.795295408835665e-05,0.13909791335475594
"('0027110000', 'Government')",0.0018726591760299626,0.0012480496787694744,0.08752424399704975,1.5442732496027906e-05,0.09566425292073871
"('0017749000', 'RINL UChicago Consortium for Advanced Sc')",0.00031210986267166043,0.0,0.09056219791401679,1.1732212116802195e-07,0.09699340809300762
"('0013151000', 'UCLA Chemistry & Biochemistry')",0.00031210986267166043,0.0,0.10722173883943512,0.0005109151313144469,0.11545307287127354
"('6250015122', 'Unknown Dept')",0.0006242197253433209,0.0,0.093381131415581,4.587729008574326e-07,0.10055380385563296
"('7203584024', 'Unknown Dept')",0.0012484394506866417,0.0,0.10096426545660805,0.00017858361377590107,0.11272206718967023
"('0021063000', 'Unknown Dept')",0.0024968789013732834,0.0018715873032577525,0.08018620016517757,3.4830701941963956e-08,0.08725779182265687
"('0022681000', 'Chemistry')",0.00031210986267166043,0.0,0.07318911757315485,6.443614805688221e-09,0.07716311154595047
"('0013169000', 'Bourns College of Engineering')",0.0018726591760299626,0.0004153669397278796,0.09190522632092249,3.8853718625146724e-05,0.10046766531511928
"('0013136000', 'Molecular and Cellular Biology')",0.0012484394506866417,0.0,0.10320834943950521,4.01121889752875e-05,0.11394984269421823
"('0017749000', 'Polsky Science and Technology')",0.0018726591760299626,0.0,0.07386402932429628,9.158145100686145e-09,0.0801424236414918
"('0017376000', 'Industrial and Systems Engineering')",0.0012484394506866417,0.0018714898602784607,0.1051871306631648,5.46067466781031e-06,0.11688627677872095
"('0026278000', 'Civil and Environmental Engineering')",0.001560549313358302,0.003117200907544932,0.11306772064791615,0.0015205129638156567,0.1243075053633536
"('0015354000', 'Infectious Diseases and Immunology')",0.0009363295880149813,0.0,0.11632297415045019,3.0116597955123666e-05,0.13247825220592657
"('0021998000', 'Roux Institute')",0.0009363295880149813,5.846578757508469e-07,0.10844107493400122,8.95978289894866e-05,0.12228051269744669
"('0016105000', 'School of Teacher Education')",0.00031210986267166043,0.0,0.08983093615947514,4.1169240856894e-07,0.09740385816831412
"('0023879000', 'Department of Biochemistry')",0.0006242197253433209,0.0,0.0781291911531615,1.6239576679245546e-07,0.08434225213447498
"('0022905000', 'Department of Integrative Biology')",0.0006242197253433209,0.0,0.11424496345159565,0.012588576800414811,0.12621134235219228
"('0021782000', 'Aeronautics and Astronautics')",0.00031210986267166043,0.0,0.12304619993087292,0.0013182300406040486,0.13642365570121118
"('0014316000', 'Office of EVP/COO')",0.0006242197253433209,0.0,0.12205249323835282,0.00021881308064382462,0.137375735822893
"('0037499000', 'Department of Physics and Astronomy')",0.0006242197253433209,0.0,0.09522394269920052,0.00015142692242132224,0.1044838846144915
"('0010512000', 'Mechanical Enginnering')",0.0006242197253433209,0.0,0.07054937795882418,4.0681488858443506e-09,0.07481937793802128
"('0019893001', 'Electrical and Computer Engineering')",0.001560549313358302,0.003117200907544932,0.05955833147445907,2.1649136068378093e-11,0.06493595126198845
"('0037457000', 'School of Education and Human Developmen')",0.0009363295880149813,0.0,0.12205714285714286,0.00024937792745131367,0.13753179075422883
"('0011544000', 'Unknown Dept')",0.0028089887640449437,0.0024951249277460306,0.08410552565953537,1.4654533212871357e-07,0.09247763176117915
"('0023259000', 'Institute for Social Research/Panel Stud')",0.0009363295880149813,0.0,0.1032349529578554,0.0004700248781487523,0.11453379957187482
"('0036707000', 'Mathematics')",0.0009363295880149813,0.0006242197253433209,0.09235824853708455,1.2112614404055488e-05,0.09956983708197527
"('0015693000', 'ECE')",0.00031210986267166043,0.0,0.11867985331703522,0.00016654710077261943,0.13281182564082314
"('0032896000', 'Computer Science & Engineering')",0.00031210986267166043,0.0,0.09660495688355544,1.062422302049439e-06,0.10673731014795992
"('0013151000', 'Electrical Engineering')",0.0009363295880149813,0.0012647847478366506,0.10971099849335707,0.000889287991740217,0.12172875120628251
"('0034702000', 'Physics Department')",0.00031210986267166043,0.0,0.1095571892631219,0.004104445701916031,0.12041355846470245
"('0033787000', 'Unknown Dept')",0.002184769038701623,0.004436495434386587,0.10375983678227922,2.9874727458541724e-05,0.11519527628875179
"('0033290000', 'Computer Science & Engineering')",0.00031210986267166043,0.0,0.05053946621237933,3.748510015300058e-14,0.05311110204846544
"('0013706000', 'Department of Computer Science')",0.0009363295880149813,9.744297929180781e-08,0.10360884749708964,4.0474785400659615e-05,0.11275882860917757
"('0039545000', 'Electrical & Computer Engineering')",0.0009363295880149813,0.0,0.10636743908107031,2.691897224874076e-05,0.11946711942910786
"('6250035718', 'Fermentation')",0.0009363295880149813,0.0,0.10737265415549598,6.559297055297043e-06,0.1186530991920816
"('0019133000', 'Dodge City Community College Math/Scienc')",0.0012484394506866417,0.0,0.08215173969898208,3.0677407197285613e-07,0.09011203587565614
"('7203589843', 'Unknown Dept')",0.0012484394506866417,0.0,0.12035610983809775,0.0002526632718200386,0.1352559919528135
"('0018093000', 'Political Science')",0.0012484394506866417,0.0,0.06978719696804687,2.5665367379111754e-10,0.07470632884240942
"('0023259000', 'Industrial and Operations Enginering')",0.0012484394506866417,0.0,0.10096426545660805,0.00017858361377590107,0.11272206718967023
"('0035691000', 'Electrical & Computer Engineering')",0.0009363295880149813,0.0,0.12057351446957439,0.0014008005648469522,0.13541405175803967
"('6250002003', 'Denver')",0.0006242197253433209,0.0,0.10504229230870107,0.0001852127795256398,0.11691721184863861
"('0021287000', 'Engineering Department')",0.0018726591760299626,0.0006242197253433209,0.08193535188216039,2.5292653861447737e-07,0.09021499648934646
"('0010819000', 'School of Sustainability')",0.0018726591760299626,0.024250680590981098,0.11773351951201587,0.006171128686242713,0.1350831912036118
"('0014449000', 'Management Science')",0.00031210986267166043,0.0,0.06763346209866379,2.2711035989177174e-08,0.07287133136170208
"('0001479000', 'Biomedical Engineering')",0.0009363295880149813,0.0,0.11042944785276074,2.3914966756316773e-05,0.12237853499028521
"('0010827000', 'Applied Physics and materials science')",0.0012484394506866417,0.0,0.10229885057471265,1.8721834336616643e-05,0.11256025896194757
"('0036327060', 'Department of Electrical Engineering')",0.00031210986267166043,0.0,0.1111303804932191,0.0029936581252675756,0.12212362470646591
"('5300002935', 'Physics')",0.0028089887640449437,0.004982844189065885,0.09373080186057398,7.561658182137937e-07,0.10445049778023545
"('0036137000', 'Department of Electrical and Computer En')",0.0018726591760299626,0.0,0.07386402932429628,9.158145100686145e-09,0.0801424236414918
"('0037903000', 'Unknown Dept')",0.001560549313358302,0.019169567544160184,0.10277465918203689,3.6752818412201314e-05,0.1150117268348798
"('0014811000', 'Department of Information Technology and')",0.0009363295880149813,0.0,0.08868222203769825,2.7329737496028003e-07,0.09728058327521258
"('0035063000', 'Data Science Institute')",0.0006242197253433209,0.0,0.1071356918344145,0.0002578985300262126,0.12001269230251706
"('0022228000', 'School for the Environment')",0.0012484394506866417,0.0,0.09607484482293323,4.257417262112355e-06,0.10554224275155946
"('0025650000', 'School of Computing')",0.00031210986267166043,0.0,0.08644506799050292,1.1034374990400603e-06,0.09491690756300927
"('0021782000', 'EECS and Physics')",0.0009363295880149813,0.0,0.11257510277221461,0.00030840320343187015,0.1229568638109813
"('6250041648', 'Unknown Dept')",0.00031210986267166043,0.0,0.06543583040601259,4.157675473547643e-09,0.06955551279902344
"('0014449000', 'Sustainable GW')",0.0018726591760299626,7.795438343344625e-07,0.06764631365594122,4.392004309583216e-08,0.07385967926016233
"('0032896000', 'Mechanical Engineering and Mechanics')",0.0009363295880149813,0.0,0.09727661899990891,1.6299926431134628e-06,0.10879009328053911
"('0015693000', 'School of Interactive Computing')",0.0024968789013732834,0.009183761761388904,0.11251185166976858,0.0011816090444797247,0.12804570655455055
"('0037986000', 'Civil and Environmental Engineeing')",0.00031210986267166043,0.0,0.11867985331703522,0.00016654710077261943,0.13281182564082314
"('0025650000', 'Mechanical & Materials Engineering')",0.003121098626716604,0.013111769387616379,0.09950310559006212,5.875738330705408e-06,0.11177724257784706
"('0013201000', 'Department of Earth Science')",0.0009363295880149813,0.0,0.09542814594192107,2.5536437135206026e-06,0.1039956427776236
"('0015693000', 'Schools of Electrical and Computer Engin')",0.00031210986267166043,0.0,0.0968502508917236,2.532926002972808e-07,0.10621031566938127
"('4000790000', 'Department of Earth and Planetary Scienc')",0.0009363295880149813,0.0,0.0757214094958996,1.7525726340671004e-07,0.08199338373063976
"('0016105000', 'Second Language Studies')",0.00031210986267166043,0.0,0.08983093615947514,4.1169240856894e-07,0.09740385816831412
"('0027078000', 'Dept of Computer Science')",0.00031210986267166043,0.0,0.09218817436340095,2.394104174402188e-07,0.10038566998579385
"('0035220000', 'Civil and Architectural Engineering')",0.003121098626716604,0.006226898705684394,0.0984694818366218,5.790491010693474e-05,0.11080433591141146
"('0014175000', 'Center for Clean Energy Engineering')",0.0009363295880149813,0.0,0.08036722100985778,2.2160604538920342e-07,0.08740686845876804
"('0037549000', 'Crop and Soil Environmental Sciences')",0.0006242197253433209,0.0,0.09037826859609038,0.00017858004639026388,0.1000555652145375
"('0015982001', 'Biochemistry and Molecular Biology')",0.0012484394506866417,0.0,0.09413838695460555,2.4158128461728286e-06,0.10399364582873478
"('0016261000', 'Department of Biological Sciences')",0.0006242197253433209,0.0,0.09508547008547008,1.3668990399161756e-06,0.10346824787885964
"('6250034473', 'Unknown Dept')",0.0012484394506866417,0.0,0.11011444478812249,9.915946561200281e-05,0.12459949975408009
"('0017392000', 'Dept. of Elec. Eng. & Comp. Science')",0.0012484394506866417,0.0,0.0786972220175374,3.0804251286459167e-06,0.08494248659665882
"('0021030000', 'Dept. of Biology')",0.0006242197253433209,0.0,0.09619599483592038,9.260265576779524e-06,0.10703562555041912
"('0028357000', 'Atmospheric and Environmental Sciences')",0.0006242197253433209,0.0,0.08270307942489868,1.7413604822442307e-05,0.08889136228441916
"('4077384000', 'Unknown Dept')",0.0012484394506866417,0.0012480496787694744,0.1197488413813724,9.383500063535304e-05,0.1350224393953232
"('P270065719', 'Unknown Dept')",0.0006242197253433209,0.0,0.10750595577626414,1.367848983853757e-05,0.11833981898325531
"('0019505000', 'College of Engineering')",0.0009363295880149813,0.0006242197253433209,0.10711420165819738,0.0003225898286613669,0.11785432869458952
"('0029744000', 'Unknown Dept')",0.004993757802746567,0.023381380980065578,0.12385001932740626,0.0016070745609172423,0.14170679632579253
"('0016915000', 'Applied Mathematics')",0.0018726591760299626,0.0,0.07386402932429628,9.158145100686145e-09,0.0801424236414918
"('0010512000', 'Civil, Construction., and Envi. Eng.')",0.0012484394506866417,0.0006242197253433209,0.10542594847158698,1.5752144444071925e-05,0.11613180713775186
"('0023259000', 'Psychology')",0.0009363295880149813,8.405735112088372e-05,0.09495302729454998,0.00011394952540450335,0.10376904348858604
"('0032896000', 'Chemistry')",0.0012484394506866417,0.0,0.0950572598350442,8.538706422078156e-06,0.1021143770995196
"('0014316000', 'Earth Sciences')",0.0009363295880149813,0.0,0.12205714285714286,0.0002532417311321407,0.1375317907542288
"('0038950000', 'Department of Chemistry')",0.00031210986267166043,0.0,0.09712917209809925,6.702835914495789e-06,0.10642253159946952
"('0013706000', 'Institute of Cognitive Sci.')",0.0006242197253433209,0.0,0.09165546242526533,1.986229196113523e-05,0.09943498260771884
"('4008371000', 'Cancer Biology')",0.0012484394506866417,0.0,0.08923299727065115,3.96131904139677e-07,0.0966353862088674
"('0001966000', 'Electrical Engineering')",0.0009363295880149813,0.0,0.09272711486701589,6.78428803877286e-05,0.10083438374368676
"('0024232000', 'Ag and Bio Engineering')",0.0012484394506866417,0.0,0.07207612534587092,2.2216887218541167e-07,0.07728987779965207
"('0021287000', 'Physics')",0.001560549313358302,0.016358843647510186,0.1318627047493621,0.002132230358336694,0.1494171660860799
"('6250031346', 'Unknown Dept')",0.0012484394506866417,0.0,0.08165761908402783,3.9427360733096124e-07,0.08851392858281672
"('0025684000', 'Civil and Environmental Engineering')",0.0009363295880149813,0.0,0.09067496816187916,4.797063797102863e-06,0.09800874113791519
"('0021998000', 'Art & Design')",0.001560549313358302,1.2992397238907706e-07,0.10843006531523909,0.00010844064970066086,0.12233253100789197
"('0023259000', 'Electrical Engineering')",0.00031210986267166043,0.0,0.08253264985446021,1.3494672126232358e-05,0.08789459237379162
"('0018093000', 'Computer and Information Science')",0.0012484394506866417,0.0,0.06978719696804687,2.5665367379111754e-10,0.07470632884240942
"('0015693000', 'School of Cybersecurity and Privacy')",0.0006242197253433209,0.0,0.13829419889502761,0.02954699812765799,0.15778051951699817
"('0017749000', 'Pritzker School of Molecular Engineering')",0.003745318352059925,0.0137228224312576,0.11012201409176835,9.383578211686719e-05,0.12705578336930345
"('0015362000', 'Biomedical Engineering')",0.0009363295880149813,0.0,0.11632297415045019,3.0116597955123666e-05,0.13247825220592654
"('0022244000', 'Physics')",0.0012484394506866417,0.0,0.102455871066769,6.169931911193998e-06,0.11342456582082977
"('0014480000', 'Mathematics')",0.0012484394506866417,0.0,0.11093798691181053,0.0019305268169608598,0.12656231980509247
"('0015354000', 'Industrial and Systems Engineering')",0.00031210986267166043,0.0,0.0698282625751896,7.350852095020419e-08,0.07465707960124433
"('0096354000', 'Unknown Dept')",0.003745318352059925,0.018606347123853534,0.08748600606176446,5.426076310069672e-08,0.09883089984205538
"('0014316000', 'School of Education')",0.0009363295880149813,0.0,0.12204784397379247,0.00021881308064382462,0.13721968089155717
"('0020255000', 'Computer Science')",0.0009363295880149813,0.0,0.07462790860177486,2.3651944302333686e-09,0.07951845532627612
"('0011544000', 'Civil Engineering')",0.0009363295880149813,0.0,0.07758620689655173,2.100818326409535e-08,0.08358044887202029
"('0037457000', 'Biocomplexity Institute')",0.00031210986267166043,0.0,0.1086285811154433,7.935942214007099e-06,0.119910356699883
"('0014175000', 'Department of Ecology and Evol. Biology')",0.0006242197253433209,0.0,0.08490566037735849,1.13265327381084e-06,0.09313299014235155
"('0033795000', 'Department of Informatics and Networked')",0.00031210986267166043,0.0,0.08486517984849287,4.6435897475162345e-06,0.09066878767814919
"('0014811000', 'Department of Chemistry and Biochemistry')",0.00031210986267166043,0.0,0.059320151077538325,3.4755723606428524e-10,0.062323055016287016
"('0038950000', 'Psychology')",0.0006242197253433209,0.0006242197253433209,0.08627746660922016,7.419953131638706e-07,0.09210166895223375
"('0015511000', 'Mathematical Sciences')",0.0009363295880149813,0.0,0.10455895310511373,0.0002913629475872751,0.11650781931256782
"('0037499000', 'Computer Science Department')",0.0012484394506866417,0.0,0.09523809523809523,0.0002018773626502587,0.10495204940849896
"('0016261000', 'Sociology and Anthropology')",0.0012484394506866417,0.0,0.09636380041505008,7.321197419554175e-06,0.10663311429278956
"('0015354000', 'Unknown Dept')",0.009363295880149813,0.06982684940896362,0.13161894589820483,0.00021354953456900145,0.15934438951594362
"('0018093000', 'Computer Science')",0.0012484394506866417,0.0018714898602784607,0.10972226978528132,5.799642086286244e-05,0.12126386423367355
"('4004842000', 'Neurology')",0.0012484394506866417,0.0,0.10963966738527872,5.724887519823164e-05,0.12196616153144896
"('0022194000', 'Psychology')",0.0012484394506866417,0.0,0.09773656274784943,2.9199901959189587e-05,0.10743813976165657
"('0010637000', 'College of Fisheries and Ocean Sciences')",0.003121098626716604,0.00249454026987028,0.08135903100479927,1.7728409045655388e-06,0.09085358263001612
"('0010835000', 'Chemical & Environmental Engineering')",0.0012484394506866417,0.0,0.09498117570331722,3.781536054099942e-05,0.10478474421414731
"('0013706000', 'Institute of Cognitive Science')",0.0012484394506866417,0.0012480496787694744,0.10089749645725082,0.00016112463560705273,0.11201649571993921
"('0013128000', 'Agricultural and resource economics')",0.0006242197253433209,0.0,0.10348168722950714,4.988924040381799e-05,0.11328955236790447
"('0015693000', 'School of Electrical and Computer Engine')",0.0024968789013732834,0.04456487821458166,0.1315865127931332,0.04814472569047317,0.15531819792876753
"('0021089000', 'Biology')",0.0024968789013732834,0.00249454026987028,0.08047420505349877,9.594121861525693e-09,0.08904388929627051
"('0021782000', 'Unknown Dept')",0.0028089887640449437,0.004988106109947642,0.11263050585298977,0.0002677910737817418,0.12430933988255849
"('0014449000', 'Department of Mathematics')",0.0012484394506866417,0.0,0.12030639831781316,0.00041330929920233245,0.1342001191141973
"('0011510001', 'Department of Geography')",0.001560549313358302,0.012855203654135706,0.12046924349526245,0.00550614646030067,0.13889717571750274
"('0001347000', 'Unknown Dept')",0.0009363295880149813,0.0006242197253433209,0.1018047788510422,3.617162036845257e-05,0.11002492903502759
"('0039321000', 'University of Wyoming')",0.002184769038701623,0.00249454026987028,0.09494177260200906,6.314387355776599e-07,0.10639676781092905
"('0017756000', 'School of Information Sciences')",0.0024968789013732834,0.02622360059642249,0.11109955268906689,6.917494360290856e-06,0.12809334931222946
"('0033290000', 'School of Engineering Design and Mechani')",0.0009363295880149813,0.0,0.09676542538733351,3.237167257436613e-05,0.10644143157782165
"('0013177000', 'Physics')",0.0012484394506866417,0.0012480496787694744,0.10174335524435553,1.354995524778922e-05,0.11073682931768049
"('0022905000', 'Earth and Environmental Sciences')",0.0028089887640449437,0.004985377706527471,0.09589656101284008,9.223191777436991e-05,0.10697108981466086
"('5300013006', 'Bart Laboratory')",0.00031210986267166043,0.0,0.08109339407744874,1.6165322427498067e-06,0.08827390994723622
"('4203659000', 'Mathematics')",0.0006242197253433209,0.0,0.07665071770334929,4.055888854022701e-06,0.08275683490685144
"('0018408000', 'Electrical Engineering')",0.0012484394506866417,0.0012480496787694744,0.12292817679558012,0.0349652501043233,0.13963427641775175
"('0037549000', 'Engineering Education')",0.0018726591760299626,0.001703595606958676,0.09927803427013293,0.0010894662816365785,0.11253682095421996
"('0037986000', 'College of Education')",0.002184769038701623,0.001248244564728058,0.09621621621621622,1.4837281609268879e-05,0.10791993682798875
"('0039446000', 'Chemical Eng')",0.002184769038701623,0.011609136263145966,0.11689164538489602,0.00017475956065930048,0.13294013969348875
"('0013706000', 'Computer Science; and BioFrontiers Insti')",0.0006242197253433209,0.0,0.10360549717057396,3.6852318007650864e-05,0.11260277367784174
"('0015693000', 'School of Computer Science')",0.001560549313358302,0.0009810560561202795,0.11152882205513784,0.0017143418635419698,0.1278437323341642
"('0021550000', 'Bioengineering')",0.0012484394506866417,0.0,0.10963966738527872,5.724887519823164e-05,0.12196616153144896
"('0001024000', 'Weatherhead School of Management')",0.00031210986267166043,0.0,0.08381510450728542,1.1396625524841875e-05,0.0898919341069461
"('0014811000', 'CEECS')",0.0012484394506866417,0.0,0.10148232611174458,8.482982297552306e-07,0.11325388907393752
"('0036616000', 'Earth, Environmental and Resource Scienc')",0.0009363295880149813,0.0,0.08707941512203077,1.848335804753116e-07,0.0944552165969831
"('0021782000', 'Materials Science and Engineering')",0.001560549313358302,0.00249454026987028,0.11257114749490549,0.0002486054580313457,0.12321695536320769
"('0026575000', 'Engineering College')",0.0024968789013732834,0.0037394717733024167,0.08023439260761776,1.1162859734664033e-07,0.08769979505947602
"('0024232000', 'Department of Counseling, Higher Ed Lead')",0.0012484394506866417,0.0,0.0810544157454021,8.39502662394329e-09,0.08797820099170588
"('0025064000', 'Biology')",0.0012484394506866417,0.0006242197253433209,0.08787712561711465,2.339879556824135e-07,0.09490481717608976
"('0035998000', 'Informatics and Engineering Systems')",0.0009363295880149813,0.0,0.10512155910626989,0.0001448059477383014,0.1168333236720441
"('0013508000', 'Department of Mathematics')",0.001560549313358302,0.005365721064902591,0.09947221359826142,7.384874855596118e-07,0.11222442380052224
"('4000790000', 'Unknown Dept')",0.001560549313358302,0.001248244564728058,0.07572498877360498,1.790936469937001e-07,0.08230549359331145
"('5300005206', 'Unknown Dept')",0.0024968789013732834,0.007472512309971574,0.09046503091735607,1.989066870035375e-06,0.10248130824151012
"('0030908000', 'uman Sciences')",0.0009363295880149813,0.0,0.09002781758408497,1.540339519317398e-06,0.097372938383956
"('0013177000', 'Chemistry and Biochemistry')",0.0012484394506866417,0.0,0.09842108496651718,2.575708488857378e-06,0.10864659436716853
"('0025163000', 'School of Information Science & Learnin')",0.0018726591760299626,0.0012480496787694744,0.08955474187327053,3.7124746276228695e-06,0.09819572607211748
"('0075325000', 'Sci/Tech')",0.0012484394506866417,0.0,0.078695289089748,3.8467564498521727e-07,0.08483638779142041
"('P270099717', 'Unknown Dept')",0.00031210986267166043,0.0,0.09697630073549442,8.095708748906227e-07,0.10755298868565649
"('0027854020', 'Neurology')",0.0006242197253433209,0.0,0.12549449688613842,0.008221514992975163,0.13980185886649318
"('0020776000', 'Materials Science')",0.0018726591760299626,0.028631461921127293,0.12393625251431224,0.02125736371659059,0.13958073096580997
"('0018259000', 'School of Construction Management')",0.001560549313358302,2.9226397588922933e-05,0.13019097927671677,0.11102376447041354,0.14851752950728514
"('0028373000', 'Philosophy')",0.0009363295880149813,0.0,0.09877304396078673,4.848320714755568e-06,0.11029735588098796
"('0013151000', 'Department of Computer Science')",0.0012484394506866417,0.0,0.1267555485223721,0.002122084992415882,0.14216122447235016
"('0037549000', 'Basic Science Education')",0.0009363295880149813,0.0,0.09038591740013541,0.0002046236466983825,0.10031565676676389
"('0017756000', 'Physics')",0.002184769038701623,0.021609933750858755,0.12259422230725081,0.00028413698146229,0.138608916210673
"('0019281000', 'Biological & Agricultural Engineering')",0.0012484394506866417,0.0,0.08215173969898208,3.0677407197285613e-07,0.09011203587565614
"('0026294000', 'Institute for Marine and Coastal Science')",0.0012484394506866417,0.0,0.09607484482293323,4.257417262112355e-06,0.10554224275155946
"('0028068000', 'Software Engineering')",0.001560549313358302,0.0006242197253433209,0.07874170557876628,1.9608279266486436e-07,0.08550222216511988
"('0024109000', 'Department of Computer Science')",0.0009363295880149813,0.0,0.08493041749502982,8.266256853517611e-07,0.09117354932621125
"('0028373000', 'Computer Science and Engineering')",0.0018726591760299626,0.011898420341303846,0.1119731599916125,8.84625375352278e-05,0.12858211085141918
"('0023259000', 'Survey Research Center')",0.0006242197253433209,0.0,0.09571321882001493,8.777140517113354e-05,0.10210187116418543
"('0023879000', 'Chemical Engineering & Materials Sci')",0.00031210986267166043,0.0,0.0781272860277981,1.446898368667633e-07,0.08418619720313915
"('0010819000', 'Applied Sciences and Mathematics')",0.00031210986267166043,0.0,0.11655147326300473,0.004604934859037247,0.13177291689614637
"('0037499000', 'Schar School of Policy and Government')",0.0028089887640449437,0.0038651470748961043,0.11500771743422233,0.008694739375256937,0.13085256870456155
"('0031849000', 'Aerospace and Mechanical Engineering')",0.001560549313358302,0.0006242197253433209,0.10543982624148485,0.0004025363580508903,0.11571520472728183
"('0013177000', 'San Diego Super Computer')",0.0009363295880149813,0.0,0.10173689391293303,1.3401951529253952e-05,0.11052875607589939
"('0010819000', 'Sch. Eng. of Matter, Transport & Energy')",0.0012484394506866417,0.0018714898602784607,0.11657691747926066,0.004826135795746756,0.1323971366214897
"('0036756000', 'Educational Psychology')",0.0012484394506866417,0.0,0.10277465918203689,9.686813442862912e-06,0.11265672082586935
"('0019281000', 'Psychological Sciences')",0.0012484394506866417,0.01922379090788913,0.09604892379639067,1.0045786104931453e-06,0.10810402501035339
"('4100566000', 'Forest and Rangeland Ecosystem Science C')",0.0009363295880149813,0.0,0.06511930409332954,1.3555064343940114e-10,0.06900191653058751
"('0020776000', 'Department of Computer Science')",0.00031210986267166043,0.0,0.10748792270531402,3.086561156116713e-05,0.11656084205092854
"('0011080000', 'Department of Geosciences')",0.001560549313358302,0.0006242197253433209,0.09611231101511879,1.0146215968793389e-05,0.10954237801292703
"('0018408000', 'Lucy Family Institute for Data & Society')",0.0009363295880149813,0.0,0.12290931410158049,0.03649697301804548,0.1393221665550801
"('0033795000', 'Computer Science')",0.0009363295880149813,0.0,0.11207891699024032,0.00019279602166954145,0.12388293345146752
"('0015354000', 'Civil and Coastal Engineering')",0.002184769038701623,0.020726820065038048,0.11793286219081273,2.600166534686433e-05,0.1359832377949846
"('7203593542', 'Unknown Dept')",0.0009363295880149813,0.0,0.09196854009989093,2.9448910216449613e-06,0.10059498476286544
"('0013706000', 'Computer Science')",0.002184769038701623,0.0018715873032577525,0.11557190780218592,0.00029758433952130326,0.12916968854711608
"('0083105000', 'Mathematics and Computer Science')",0.0006242197253433209,0.0,0.10750595577626414,1.367848983853757e-05,0.11833981898325531
"('0036582000', 'Electrical & Computer Engineering')",0.002184769038701623,0.023386299483554456,0.12911025145067698,0.0015820048346709816,0.1485443055093079
"('0013177000', 'Electrical and Computer Engineering')",0.003121098626716604,0.017494386947863205,0.12182046310026234,0.0015038372590208337,0.13944242024835163
"('0037499000', 'Atmospheric, Oceanic, & Earth Sciences')",0.001560549313358302,0.0006242197253433209,0.10497690115002785,0.0014513220326621452,0.1165799242788429
"('0017756000', 'Library')",0.0006242197253433209,0.0,0.10301588322294386,2.1778921704533546e-06,0.11320393529946435
"('0033290000', 'Physics Department')",0.0018726591760299626,0.005603945739071867,0.09818282107069531,1.4582192879970976e-05,0.11114697391642127
"('0034017000', 'Public Health-BioStatistics')",0.0006242197253433209,0.0,0.08521503231468922,7.267146677320048e-06,0.09245390678431488
"('0028381000', 'Electrical and Computer Engineering')",0.0012484394506866417,0.0037394717733024167,0.07257735695193222,1.3031240544943e-08,0.07882885398792282
"('0024232000', 'Department of Plant and Soil Sciences')",0.0012484394506866417,0.0,0.07207612534587092,2.2216887218541167e-07,0.07728987779965207
"('P270087967', 'Unknown Dept')",0.00031210986267166043,0.0,0.10954220657116483,0.00433515645994183,0.1232354518730404
"('0028373000', 'Department of Geology')",0.003121098626716604,0.013110952488931977,0.10738704920230593,7.424384687938566e-06,0.12391043404880989
"('0028381000', 'Office of the Provost')",0.0012484394506866417,0.0,0.06339533043134152,2.7843341150660576e-10,0.06762740266498991
"('0010835000', 'Geosciences')",0.001560549313358302,0.0026808845182025947,0.092180217503884,1.0023382919569924e-06,0.10122579061142134
"('0018093000', 'Mathematics')",0.00031210986267166043,0.0,0.11212990830825226,0.0008250568023786912,0.12252827764917355
"('0023259000', 'Internal Medicine')",0.0012484394506866417,0.0,0.09915820747709829,0.0010653074506214982,0.11121555586890995
"('0021782000', 'Civil and Environmental Engineering')",0.0009363295880149813,0.0006242197253433209,0.10027855153203342,2.1302635845407448e-05,0.10968208073257332
"('0035105000', 'Economics and Finance')",0.0009363295880149813,0.0,0.08297508675609883,2.8391941744259623e-07,0.09132790650213915
"('0025684000', 'Electrical & Biomedical Engineering')",0.0012484394506866417,0.0,0.09667783108536254,1.592347905396947e-06,0.10570188051965018
"('0027078000', 'Sociology')",0.001560549313358302,0.0012480496787694744,0.09223063415757506,3.17677466567992e-07,0.10148325633618913
"('0025189000', 'School of Science and Engineering')",0.0006242197253433209,0.0,0.06990138755563313,4.142299405252786e-08,0.07554894591914059
"('0037986000', 'Earth and Space Sciences')",0.0009363295880149813,0.0,0.08742155525238744,2.8474508766759624e-07,0.09419698735174353
"('6250002291', 'Unknown Dept')",0.002184769038701623,0.009940742975433065,0.09830934920683625,2.1942007900050735e-05,0.10943131052265526
"('0016261000', 'Mechanical Engineering')",0.001560549313358302,0.0,0.10576002640699786,1.4697526250228819e-05,0.11838086696383446
"('0001057000', 'Software and Societal Systems')",0.00031210986267166043,0.0,0.11582257889599827,0.0005781388606208362,0.12688711487491885
"('0035303000', 'The University of Tennessee ? Oak Ridg')",0.0006242197253433209,0.0,0.0806484091824406,2.212986876148662e-07,0.08759272838195296
"('4003554000', 'Graduate School of Oceanography')",0.0006242197253433209,0.000624219725343321,0.1077119612721038,0.00010930360263699168,0.1196150013630601
"('0023879000', 'Electrical and Computer Engr')",0.00031210986267166043,0.0,0.08472380146494962,5.673546744649646e-07,0.09247563112268477
"('0014266000', 'Computer Science')",0.00031210986267166043,0.0,0.09540541345323526,3.198270938487275e-05,0.10464799270508386
"('0035295000', 'University of Tennessee- Chattanooga, Sc')",0.0009363295880149813,0.0,0.05452596109664574,3.545397348830655e-13,0.05776443062366029
"('0013201000', 'Center for Science and Engineering Partn')",0.0012484394506866417,0.0,0.1114706189333055,0.001595350681490207,0.12344048424842309
"('0017756000', 'Computer and Electrical Engineering')",0.0006242197253433209,0.0,0.10923596195151887,0.003209888255524017,0.1207475132649926
"('0036327060', 'Industrial & Systems Engineering')",0.00031210986267166043,0.0,0.10288686940046883,0.00035555733183253476,0.1112657103385837
"('0015511000', 'Dept. of Computer and Info. Science')",0.0009363295880149813,0.0,0.10455895310511373,0.0002913629475872751,0.11650781931256782
"('0015800000', 'Department of Computer Science')",0.0012484394506866417,0.0,0.09443527469936336,0.00016024411278940147,0.10250499765184537
"('0015800000', 'College of Education')",0.0012484394506866417,0.0,0.09443527469936336,0.00016024411278940147,0.10250499765184537
"('4003554000', 'Bioengineering')",0.0012484394506866417,0.0,0.11142022534427598,0.0001650668106123342,0.12476665612840633
"('0020081000', 'History and Social Sciences')",0.0009363295880149813,0.0,0.09067496816187916,4.797063797102863e-06,0.09800874113791519
"('0033290000', 'Industrial Engineering')",0.0009363295880149813,0.0,0.09676542538733351,3.237167257436613e-05,0.10644143157782165
"('0018259000', 'Department of Electrical Engineering')",0.0006242197253433209,0.0,0.1328743831128437,0.02789335423428629,0.1498842752312684
"('0039446000', 'Civil Engineering and Surveying')",0.0006242197253433209,0.0,0.10692831397677213,6.173434717893327e-06,0.1187904045256903
"('0035295000', 'Mechanical Engineering')",0.0006242197253433209,0.0,0.05452410530435819,2.9673133851301625e-13,0.057556357381879183
"('0021030000', 'Teaching, Learning, Policy, and Leadersh')",0.001560549313358302,0.0,0.09621043781154286,1.4519077090433249e-05,0.10760782696531711
"('0014316000', 'Computer & Info Sciences (02586)')",0.00031210986267166043,0.0,0.09817379580830984,4.155708508048825e-06,0.1056027241283881
"('0026179000', 'Exercise Science and Physical Education')",0.0009363295880149813,0.0,0.08570740711018378,1.0353238594600602e-07,0.09313753257197328
"('0114629000', 'CSCE')",0.0009363295880149813,0.0,0.07524129347392151,2.1593419121505133e-07,0.08179227624439037
"('0030056000', 'Chemical Engineering')",0.0012484394506866417,0.0,0.07787472960163333,4.8647257380570584e-08,0.08597268146004616
"('0010090000', 'Forestry and Wildlife Sciences')",0.0012484394506866417,0.0,0.10359209803097416,3.0481595886413766e-06,0.11755729997981249
"('0013136000', 'Viticulture and Enology')",0.0012484394506866417,0.0,0.10320834943950521,4.01121889752875e-05,0.11394984269421823
"('0033290000', 'Meteorology')",0.0012484394506866417,0.0,0.07526957502290507,2.2272498062673861e-07,0.08240089047660011
"('0026278000', 'School of Architecture')",0.0018726591760299626,0.0,0.12430167597765363,0.08917204186313929,0.14154926725031805
"('0036327000', 'Geology & Geophysics')",0.0012484394506866417,0.0,0.1001907501798055,0.0005767324292858774,0.10920472729679523
"('0029728000', 'Educational Leadership Policy and Human')",0.0006242197253433209,0.0,0.09517020139012654,3.028005268061367e-06,0.10685266840829355
"('0020776000', 'Civil and Systems Engineering')",0.0018726591760299626,0.015213521223419001,0.1270672218917311,0.0010263141965079418,0.14165947270930748
"('0013201000', 'Department of Physis')",0.00031210986267166043,0.0,0.09526641294005708,2.3507523822983617e-06,0.10348937788373401
"('0016105000', 'Mathematics, Natural, and Health Science')",0.00031210986267166043,0.0,0.08983093615947514,4.1169240856894e-07,0.09740385816831412
"('0018697000', 'Chemical and Biological Engineering')",0.0009363295880149813,0.0,0.08111803129272369,2.2941306336187087e-06,0.089342143108166
"('0037549000', 'Industrial and Systems Engineering')",0.002184769038701623,0.0024953198137046143,0.09039611781965919,0.00021512762110636378,0.10093987649210724
"('0025692000', 'Education')",0.00031210986267166043,0.0,0.09906316668212596,1.287258807979434e-05,0.1083192001484238
"('0013136000', 'Department of Computer Science')",0.00031210986267166043,0.0,0.09355290819901892,2.9781578473524362e-06,0.10085509453997803
"('0039545000', 'Joint appt w/Mathematics & Comp. Science')",0.0012484394506866417,0.0,0.10469903927847853,4.8801425345638847e-05,0.1156815458835369
"('0037457000', 'Information Technology')",0.0006242197253433209,0.0,0.0999968789987828,8.46877047867537e-07,0.11095462350230864
"('0023259000', 'Electrical Engineering and Computer Scie')",0.002184769038701623,0.02432460428137775,0.13157030223390276,0.008366841519799224,0.1493696696184856
"('0022905000', 'Electrical & Computer Engineering (ECE)')",0.001560549313358302,0.0006242197253433209,0.1289439793947199,0.09489651872392654,0.14762524671989863
"('0033795000', 'Division of General Internal Medicine')",0.0009363295880149813,0.0,0.1008435100088128,0.0007237279273675136,0.11013215563730161
"('0010637000', 'AK Native Studies and Rural Development')",0.0012484394506866417,0.0,0.07524482750522533,2.8707719212206325e-07,0.08200034948617145
"('0033290000', 'Geography Department')",0.00031210986267166043,0.0,0.08095406538986305,3.839076055473967e-07,0.08637896121432057
"('0021782000', 'EECS and BE')",0.0009363295880149813,0.0,0.10753482127873805,0.00027515072787507737,0.1196330118065781
"('0037549000', 'Unknown Dept')",0.010299625468164795,0.08079528460015002,0.12301313061506565,0.0395707527167232,0.14714123975662793
"('4000840000', 'Unknown Dept')",0.0009363295880149813,0.0,0.10109806891329041,3.0180770749636446e-05,0.10917566345770353
"('0036327060', 'Ocean Engineering')",0.00031210986267166043,0.0,0.11843856276800237,0.01195629364924535,0.13183156469897894
"('0011080000', 'Mechanical Engineering')",0.0012484394506866417,0.0012480496787694744,0.10030366590489309,7.915818698029818e-06,0.10982025435327028
"('0029744000', 'Statistics and Operations Research')",0.001560549313358302,0.0006242197253433209,0.11505727726505548,9.479210046528492e-05,0.1286595247964767
"('0017392000', 'Mechanical Engineering')",0.0024968789013732834,0.0037394717733024167,0.12051002369579118,0.0056293778298310455,0.13639918117675218
"('0015354000', 'Civil and Costal Engineering')",0.0009363295880149813,0.0,0.10551969437491766,3.705968567153936e-06,0.11745731130652336
"('0036574000', 'Interventional Radiology')",0.0012484394506866417,0.0,0.08429138933466628,3.105257841474468e-07,0.09378513841914317
"('0036327000', 'Geography')",0.0006242197253433209,0.0,0.0910796520552618,6.45850474962732e-05,0.09754080562998241
"('0025510000', 'Departments of Communication & Biology')",0.0009363295880149813,0.0,0.07855251544571933,1.4890566079339817e-08,0.08458197128580125
"('0014175000', 'Ecology and Evolutionary Biology')",0.002184769038701623,0.009417573088993603,0.09084207541820244,8.804739418817805e-06,0.10188199637236281
"('0033787000', 'Economics')",0.0009363295880149813,0.0,0.08955223880597014,2.086047324924449e-07,0.09695068523420815
"('6250034057', 'Unknown Dept')",0.0018726591760299626,0.0,0.10543635645649599,2.1021391062678107e-05,0.11628786206908769
"('0028373000', 'Physics')",0.0009363295880149813,0.0,0.0986513947903196,4.241263482590961e-06,0.10964403067241935
"('0028381000', 'Psychology Department')",0.0018726591760299626,0.00249454026987028,0.06768060836501902,1.7177879103364225e-09,0.07307990910709689
"('0018697000', 'Mechanical Engineering')",0.004993757802746567,0.01920396491585019,0.08826932613367128,1.6091051709859243e-05,0.10084440966924728
"('0014456000', 'Department of History')",0.0012484394506866417,0.0,0.10904264370554402,1.6703388942616743e-05,0.12168836644013688
"('0010090000', 'Industrial and Systems Engineering')",0.0009363295880149813,0.0006242197253433209,0.05932344609231795,3.953563967583061e-10,0.06268718318940394
"('0035097000', 'Management Information Systems')",0.0006242197253433209,0.0,0.09821592790141623,1.717745933493904e-06,0.10916017409513741
"('0010819000', 'Social and Behavioral Sciences')",0.0009363295880149813,0.0,0.11655995343422584,0.005983911802619268,0.132085026758818
"('0018093000', 'Kinesiology')",0.0009363295880149813,0.0,0.11702827087442472,0.005926682920073563,0.13308021775869078
"('0037457000', 'Chemical Engineering')",0.001560549313358302,0.0012480496787694744,0.09999375819237251,4.445562766785386e-06,0.11166472773640389
"('0025163000', 'MU Research Reactor')",0.0012484394506866417,0.0,0.11632719747304215,3.5078221698020766e-05,0.13263430713726235
"('0027078000', 'Biology and Paleo Environment')",0.0009363295880149813,0.00031152520479590956,0.08190393414964595,1.2016613947313892e-06,0.0899738919827653
"('0021055000', 'Language, Literacy, & Culture')",0.002184769038701623,0.005603945739071867,0.08714810281517747,1.6552492071356954e-07,0.09572966520289233
"('0016162000', 'School of Public Service')",0.0024968789013732834,0.0012319862036332218,0.09793971999755456,1.8790674630505368e-05,0.10992563570654994
"('0018408000', 'Department of Electrical Engineering')",0.0006242197253433209,0.0,0.1094785758217727,0.004277177782536142,0.12033515943967421
"('0035105000', 'Biology Department')",0.0009363295880149813,0.0,0.09519847872593297,5.712299376942359e-06,0.10426458411378506
"('0015693000', 'GT School of Interactive Computing')",0.0009363295880149813,0.0023363609992715613,0.11259488332864774,0.0016054229761307873,0.1294589632331029
"('6250015848', 'Unknown Dept')",0.0009363295880149813,0.0,0.08333766841804088,5.050483341842233e-06,0.08965793348721718
"('0037986000', 'Computer Science')",0.0006242197253433209,0.0006242197253433209,0.11868864604556399,0.00016855262494835222,0.13301989888260426
"('0010090000', 'Unknown Dept')",0.0012484394506866417,0.0024951249277460306,0.06305969414867445,3.1624523788369103e-09,0.06726217520422319
"('0026575000', 'Psychology')",0.0006242197253433209,0.0,0.08260073732243678,1.9321286114383217e-07,0.08804355186662466
"('0015354000', 'Natural History')",0.0009363295880149813,0.0,0.10903151160416524,1.5600690538961966e-05,0.12142827488791048
"('0033787000', 'Department of Architecture')",0.00031210986267166043,0.0,0.09277544520052121,3.19136724678802e-06,0.09988374416586904
"('0037499000', 'School of Public Policy')",0.00031210986267166043,0.0,0.10314854162642458,0.0009476656984397536,0.11330761588788422
"('0014175000', 'Department of Mathematics')",0.0018726591760299626,1.758845776217131e-05,0.0999189172332065,0.00022417750758870308,0.10977596925155839
"('0012617000', 'Natural Sciences')",0.0012484394506866417,0.0,0.10965467675142887,5.9920992830763066e-05,0.12217520311161872
"('0027110000', 'School or Integrative Plant Science')",0.0006242197253433209,0.002389860947147483,0.07745865970409051,6.682013959636478e-07,0.08580017428571346
"('0015354000', 'Psychiatry')",0.0009363295880149813,0.0,0.11633564503830653,3.224581863784236e-05,0.1326343071372624
"('0033787000', 'Sociology')",0.0009363295880149813,0.0,0.08955223880597014,2.086047324924449e-07,0.09695068523420815
"('4000069000', 'Research & Development')",0.0012484394506866417,0.0,0.08922554234314517,4.6565488782313337e-07,0.09713986350523016
"('0015982001', 'Epidemiology & Biostatistics')",0.00031210986267166043,0.0,0.1064133647746521,1.1324505318128079e-05,0.1160681726104852
"('0017756000', 'Mathematics')",0.004369538077403246,0.037767172860520046,0.12262237360786865,0.02623998042545849,0.1409772108062358
"('0018697000', 'Agronomy')",0.003121098626716604,0.002769531256544883,0.08833503349783574,1.7197422813688712e-05,0.10007775885578006
"('0010819000', 'Biomedical Informatics')",0.0009363295880149813,0.0,0.06336649328560409,5.991270628419491e-09,0.06795906685184619
"('0018697000', 'School of Education')",0.001560549313358302,0.0,0.0810687718232883,2.0120120099247e-06,0.08878851966128416
"('0025650000', 'Department of Agronomy and Horticulture')",0.0009363295880149813,0.0,0.09310705567825177,1.4920106275320504e-06,0.10309362195587929
"('0037499000', 'Diversity, Equity, and Inclusion')",0.0009363295880149813,0.0,0.09313953488372093,5.7268349993194014e-05,0.10327805917751473
"('7203594194', 'Unknown Dept')",0.001560549313358302,0.0,0.08173260886201883,2.537423413353374e-06,0.0892521045377712
"('0032102000', 'School of EECS')",0.0024968789013732834,0.004362522182894236,0.07974314940640634,3.8179151755985104e-08,0.08793151155057037
"('0013284000', 'Electrical Engineering')",0.0012484394506866417,0.001248244564728058,0.09954947957122884,5.810095605435735e-06,0.11066502273823785
"('0010819000', 'School of Geographical Sciences and Urba')",0.003745318352059925,0.022464876054507414,0.10758176079511114,0.0010124713112313782,0.12182297148398609
"('0015354000', 'School of Forest Resources & Conservatio')",0.0009363295880149813,0.0,0.11632297415045019,3.0116597955123666e-05,0.13247825220592657
"('0037986000', 'eScience Institute')",0.0006242197253433209,0.0,0.11321554770318021,8.115534504910086e-05,0.12546587961156463
"('0030908000', 'Department of Chemistry and Biochemistry')",0.001560549313358302,0.0012480496787694744,0.07897266520420991,6.768252550857095e-08,0.08456812046564381
"('0025692000', 'Department of Geoscience')",0.0012484394506866417,0.0,0.09300165452381644,2.6043405105285845e-06,0.10149495523212425
"('0027078000', 'Astronomy')",0.0006242197253433209,0.0,0.09994073427118749,0.00020884026330941928,0.11092154219690632
"('0024109000', 'Computer Science')",0.0009363295880149813,0.0,0.08493041749502982,8.266256853517611e-07,0.09117354932621125
"('0030908000', 'Ohio State Sea Grant')",0.0012484394506866417,0.0,0.10058075655313138,0.0005243268594549856,0.10999806889069856
"('0029744000', 'Economics')",0.00031210986267166043,0.0,0.11020534516561759,0.00017518699594726582,0.12094786318183455
"('0025544000', 'Computer Science')",0.0024968789013732834,0.0037394717733024167,0.09463051568314726,1.047013207228157e-05,0.10779397056943253
"('0027110000', 'LASSP')",0.0009363295880149813,0.0,0.07876687071317943,1.0688459415384668e-06,0.08676456942284183
"('0015354000', 'psychology')",0.0009363295880149813,0.0,0.10551969437491766,3.705968567153936e-06,0.11745731130652336
"('0080010000', 'College of Pharmacy')",0.00031210986267166043,0.0,0.10513880685174247,1.487516809695346e-05,0.11610721746145189
"('7203590367', 'Unknown Dept')",0.00031210986267166043,0.0,0.09051870267826873,1.570925412506393e-05,0.09651662737165811
"('0033704000', 'Unknown Dept')",0.0012484394506866417,0.0,0.10371617247183737,1.1873949899005124e-05,0.11789458512692551
"('0036442000', 'Unknown Dept')",0.0028089887640449437,0.00560784345824354,0.08868467670504872,1.255369296678062e-07,0.0974718761089941
"('0014316000', 'Department of Physics and Astronomy')",0.0024968789013732834,0.03199513204861245,0.13428894756695586,0.006478220879148037,0.1527347831427756
"('0038273001', 'Department of Matematics')",0.00031210986267166043,0.0,0.07283307949353277,1.289139554092163e-07,0.07707897589860391
"('0035220000', 'Department of Civil and Architectural En')",0.0009363295880149813,0.0,0.08965497943308057,8.121902157833671e-06,0.09811484224651214
"('0017756000', 'Chemical and Biomolecular Engineering')",0.0018726591760299626,0.0018714898602784607,0.10226946279804654,2.7502648910934226e-06,0.1146898612309487
"('6250018970', 'Unknown Dept')",0.0006242197253433209,0.0,0.07589719294089778,2.9163223474421102e-08,0.08126138950408009
"('0022905000', 'Department of Kinesiology')",0.00031210986267166043,0.0,0.11422052689743681,0.010343418583548526,0.12579519586863008
"('0035998000', 'School of Earth, Environmental, Marine S')",0.0006242197253433209,0.0,0.08193535188216039,4.91811143888332e-08,0.08748891298573211
"('0039545000', 'Academic Affairs')",0.0009363295880149813,0.0,0.10636743908107031,2.691897224874076e-05,0.11946711942910786
"('0036772000', 'Chemistry and Biochemistry')",0.00031210986267166043,0.0,0.056335056440552804,5.090925673466026e-13,0.05884682745612951
"('0037986000', 'Chemistry')",0.0046816479400749065,0.02343312756476485,0.12695142245819796,0.00040349063028358195,0.14932917257098197
"('0013508000', 'Electrical & Computer Engineering')",0.00031210986267166043,0.0,0.08270094471116618,1.5501590157971614e-05,0.08873530735308333
"('0011429001', 'Management')",0.0006242197253433209,0.0,0.11105719237435009,0.002461649456450293,0.12276610800344342
"('0018259000', 'School of Engineering Technology')",0.0009363295880149813,0.0,0.13018039980497317,0.09465665484840416,0.14820541964461348
"('0029728000', 'Science, Technology, Eng, and Math Ed')",0.0006242197253433209,0.0,0.12145564821834723,7.795295408835665e-05,0.1390979133547559
"('0034256000', 'Bioengineering')",0.0009363295880149813,9.744297929180781e-08,0.0766763987938544,5.883583491004656e-06,0.08356311871875313
"('0033290000', 'Prevention Research Center')",0.00031210986267166043,0.0,0.09396996715157203,8.668078185926784e-07,0.10338405764453787
"('0018093000', 'Department of Mathematics')",0.0009363295880149813,0.0,0.09888278501327079,8.214372018452166e-06,0.10701712303549678
"('0017756000', 'Agricultural Leadership, Education, Comm')",0.0009363295880149813,0.0,0.10603653693407467,4.467286687130958e-06,0.11983029928079898
"('0027110000', 'Natural Resources and the Environment')",0.0012484394506866417,0.0,0.07812157120912881,1.1978949165390481e-06,0.08614540557631954
"('0013052000', 'Civil and Environmental Engineering')",0.001560549313358302,0.015156454902632196,0.1334888759270061,0.007791004419165207,0.1505045724401587
"('4025938000', 'Columbia Business School')",0.0006242197253433209,0.0,0.10123542607981295,3.27633727982692e-05,0.10894800035485626
"('4002127000', 'Earth and Planets Laboratory')",0.0012484394506866417,0.0,0.09725004552904754,1.559325828950391e-05,0.1055984961402666
"('0001479000', 'Information Systems and Cyber Security')",0.0009363295880149813,0.0,0.08359642027813291,2.5342809157534263e-05,0.0897273832387712
"('0026310000', 'Department of Chemistry')",0.0012484394506866417,0.0,0.08923299727065115,3.96131904139677e-07,0.0966353862088674
"('4001434000', 'Education and Public Engagement')",0.0009363295880149813,0.0,0.07772171550553075,6.304038403187413e-08,0.08319207592796492
"('0022103000', 'Fisheries Oceanography')",0.0012484394506866417,0.0,0.10956093557652852,0.006566198089749217,0.12380765328793844
"('0025650000', 'Biological Systems Engineering')",0.003745318352059925,0.032691363813445784,0.10264296011532917,5.701440097202766e-06,0.11716909679428864
"('0080010000', 'Mechanical and Industrial Engineering')",0.00031210986267166043,0.0,0.08270307942489868,1.1459973151718933e-07,0.08809764103005292
"('4100749000', 'Smithsonian Tropical Research Institute')",0.001560549313358302,0.0006242197253433209,0.11419610079481056,2.314898952858025e-05,0.12810158548036205
"('0016162000', 'College of Innovation and Design - Human')",0.0012484394506866417,0.0,0.07812157120912881,1.1978949165390481e-06,0.08614540557631954
"('0018259000', 'Computer Science')",0.001560549313358302,1.4515755815169634e-05,0.13018039980497317,0.10271588581183298,0.14820541964461345
"('0036327060', 'Oceanography')",0.00031210986267166043,0.0,0.0716313800889803,1.4587771560281188e-07,0.07503471609589141
"('0033290000', 'Mechanical & Industrial Engineering')",0.00031210986267166043,0.0,0.08595804045715512,2.8010857022778486e-06,0.09239921374227403
"('4025938000', 'Strategy and Innovation')",0.0006242197253433209,0.0,0.10123542607981295,3.27633727982692e-05,0.10894800035485626
"('0021550000', 'Harvard Graduate School of Education')",0.0012484394506866417,0.0021070749102429474,0.10694259012016022,0.0007545052596579915,0.11767006277552929
"('0021998000', 'Physics')",0.0006242197253433209,0.0,0.09882178767503547,0.0009524210257500574,0.10889628234177127
"('0029744000', 'Department of Statistics and OR')",0.00031210986267166043,0.0,0.10318840579710145,1.0339196289768967e-05,0.11209880557033365
"('0001057000', 'Heinz School of Public Policy and Mgmt')",0.0009363295880149813,0.0,0.07662322133205787,3.168349422233808e-08,0.08283643564420218
"('0032102000', 'CBEE')",0.00031210986267166043,0.0,0.0870746820306555,1.4158619262894162e-07,0.09414310673431144
"('0028829000', 'Department of Chemistry')",0.0009363295880149813,0.0,0.11139698212919824,6.381216442614543e-05,0.12404516566744295
"('0010835000', 'Disability and Psychoeducational Studies')",0.0006242197253433209,0.0,0.1243885394828791,0.012018432919149188,0.14197656690858843
"('0024109000', 'Chemistry')",0.0024968789013732834,0.015138845795846888,0.10226946279804654,3.513467165428195e-05,0.11425434253493755
"('0031849000', 'Department of Geography and Environmenta')",0.0012484394506866417,0.003117200907544932,0.08955223880597014,7.735457634133996e-06,0.09721967216158581
"('7203596506', 'Link Oregon')",0.0012484394506866417,0.0,0.10520094562647754,4.067592582229624e-06,0.11838496996680105
"('0017756000', 'Mechanical Science & Engineering')",0.0024968789013732834,0.005816150255454495,0.09972919973853768,5.692468161552932e-05,0.11267039299268672
"('0023879000', 'Minnesota Supercomputing Institute')",0.0009363295880149813,0.0,0.10505951405056235,0.00020180258110209017,0.11559345922453243
"('0013706000', 'Institute of Arctic and Alpine Research')",0.00031210986267166043,0.0,0.08795915005765113,1.6827868572663957e-05,0.09477452969614418
"('0025650000', 'Durham School of Architectural Engineeri')",0.0012484394506866417,0.0,0.08646373056994819,1.7029523200512782e-06,0.09559314559879782
"('0023879000', 'Computer Science and Engineering')",0.0012484394506866417,0.0018568734133846897,0.09250757903854483,5.088145791924222e-06,0.10337657562208913
"('0013284000', 'Ming Hsieh Department of Electrical and')",0.00031210986267166043,0.0,0.09055195998078173,7.366354325290653e-07,0.09837245487092706
"('0036327000', 'Geology and Geophysics')",0.001560549313358302,0.0012480496787694744,0.10020015011258444,0.0005279489662398763,0.10946481884902162
"('0018259000', 'School of Engineering Education')",0.002184769038701623,0.001253279118658135,0.11433873385197345,0.021952894580408902,0.1272736305633569
"('0035303000', 'Department of Microbiology')",0.0012484394506866417,0.0,0.10058075655313138,0.0005243268594549856,0.10999806889069856
"('0021030000', 'Materials Science and Engineering Dept.')",0.0009363295880149813,9.744297929180781e-08,0.09619888308412898,1.0170751143698528e-05,0.10719168048175491
"('0036756000', 'Mechanical Engineering')",0.00031210986267166043,0.0,0.10836038961038962,3.926029208086382e-05,0.1188866889720087
"('0021998000', 'Art and Design')",0.0009363295880149813,0.0,0.10842272681127542,8.883701474792402e-05,0.1220204211452203
"('0013128000', 'Jedda Foreman')",0.0006242197253433209,0.0,0.07369413712997677,2.2757372536243548e-07,0.07865651004319525
"('0011551001', 'Department of Chemistry')",0.0006242197253433209,0.0,0.09880045638163372,0.0008004907215814186,0.10869861276207923
"('0035303000', 'Theory and Practice in Teacher and Educa')",0.0012484394506866417,0.0012480496787694744,0.1054294175715696,1.4029119212299577e-05,0.11618382544819714
"('0032797000', 'Geology')",0.001560549313358302,0.0018714898602784607,0.1005902298128846,0.00041446575552506925,0.11025816044292494
"('4002010000', 'Center for Comparative Genomics')",0.0009363295880149813,0.0,0.09667491400639672,1.3696088782535354e-06,0.10554582558831435
"('0014266000', 'Applied Physics')",0.0012484394506866417,0.0,0.10229885057471265,1.8721834336616643e-05,0.11256025896194757
"('0013508000', 'Atmospheric Sciences')",0.0012484394506866417,0.0,0.07855444136612155,1.5705277760307215e-08,0.08473802621713708
"('0037499000', 'College of Education & Human Development')",0.0009363295880149813,0.0,0.08697068403908795,2.934415479235299e-05,0.09409892312383539
"('0026864000', 'Earth and Atmospheric Science')",0.0009363295880149813,0.0,0.1084741172089244,1.6632083341775148e-05,0.12109618799077625
"('0021998000', 'Computer and Information Science')",0.0012484394506866417,0.0,0.10842639593908629,9.970749428519903e-05,0.12217647607655614
