Node,Degree,Betweenness,Closeness,Eigenvector,Harmonic
"('0030502000', 'Chemistry & Biochemistry')",0.0009053870529651426,0.0,0.12508139633645707,1.0008124544747155e-05,0.1337284810406132
"('0022905000', 'Chemistry')",0.0015844273426889996,0.003200802951036899,0.13683102081268583,7.469597486547531e-05,0.14835690942526478
"('0020107000', 'College of Science')",0.002037120869171571,0.0018095442389803665,0.1250955630432936,1.1281005648822387e-05,0.1341057256460153
"('0020107000', 'Chemistry')",0.0018107741059302852,0.00265985949584685,0.13442054340219672,1.2808404704324882e-05,0.1454106654876228
"('0020107000', 'Biological Sciences, 534 Choppin Hall')",0.0009053870529651426,0.0,0.12508139633645707,1.0008124544747155e-05,0.1337284810406132
"('0017749000', 'Computer Science')",0.0022634676324128564,0.010304319165617396,0.146509699883933,0.00022317278636814765,0.16079326023305085
"('0017749000', 'CELS')",0.0011317338162064282,0.003452994945150328,0.13724759242000623,0.000513648167920802,0.14901723634747552
"('0017749000', 'Department of Computer Science')",0.000679040289723857,0.0007841753294838004,0.13222398467662286,0.00011538682214109776,0.14198974909703635
"('0029751000', 'Computer Science')",0.0018107741059302852,0.012501307861323127,0.13258507892683513,1.4361329201848526e-05,0.14308473956504703
"('0029751000', 'Unknown Dept')",0.002037120869171571,0.004690998610576317,0.1260161442140392,3.032815883330242e-06,0.13497843481150365
"('0001057000', 'Unknown Dept')",0.0047532820280669985,0.022736729395808238,0.15128582679861657,0.0011608174383038183,0.16839128566720094
"('0001057000', 'Human-Computer Interaction Institute')",0.0033952014486192846,0.014354805153523966,0.14667994687915006,0.006814324744110467,0.1627413272558121
"('0027110000', 'Computer Science')",0.001358080579447714,0.009800743865163712,0.15294606383715295,0.0001992449373979088,0.16796820829188372
"('0019489001', 'Sociology')",0.000679040289723857,0.0004526935264825713,0.11359662655558984,2.0248616669247266e-06,0.12058182625181171
"('0019489001', 'Unknown Dept')",0.001358080579447714,0.004355700628565352,0.12813968327629213,1.982164811854477e-05,0.13868499402111895
"('6250009361', 'Electrical Eng & Comp Science')",0.0004526935264825713,0.0,0.11359370580824313,2.0091775235068387e-06,0.12046865287019107
"('0013128000', 'Berkeley School of Education')",0.00022634676324128565,0.0,0.11492937228480009,2.007580636482087e-06,0.12224861122169542
"('0013128000', 'Unknown Dept')",0.004300588501584427,0.007301420771919556,0.12984951798730307,2.1819899748268806e-05,0.14222850266025827
"('0036327000', 'Biology')",0.000679040289723857,0.0013574656459727544,0.1220947906591129,5.080000488813209e-07,0.12946391606984556
"('0010090000', 'Biological Sciences')",0.0011317338162064282,0.0009051820751401561,0.10882309473373072,5.31678113422447e-08,0.11403092185968926
"('0037283001', 'Psychology')",0.00022634676324128565,0.0,0.13807544457292872,9.054049852690244e-06,0.14731064858384854
"('0036046000', 'Psychological Sciences')",0.0029425079221367134,0.028598272832999202,0.16018854242204497,9.811964032324918e-05,0.1761511481577111
"('0035303000', 'Ecology & Evolutionary Biology')",0.001358080579447714,0.005400800886342863,0.13532222494486645,8.966340422063677e-05,0.14791802935759382
"('0035303000', 'Ecology and Evolutionary Biology')",0.0036215482118605704,0.01509428802729118,0.14325086735190168,0.0003721590930390463,0.15975687081390866
"('0013284000', 'Department of Computer Science')",0.0018107741059302852,0.007211528815022243,0.1466166661135632,0.00037461079980864823,0.16295935340751908
"('0035303000', 'Economics')",0.0009053870529651426,0.0,0.13366815926418976,8.794029852901134e-05,0.1455927836812843
"('0037549000', 'School of Public and Internat. Affairs')",0.0015844273426889996,0.004568488397794414,0.14016497461928934,9.906047927020289e-05,0.15356644826427474
"('0014894000', 'National High Magnetic Field Laboratory')",0.002489814395654142,0.004116900768586435,0.10986496903986273,8.854906695248974e-07,0.11749307388037851
"('0014894000', 'Applied Superconductivity Center')",0.00022634676324128565,0.0,0.09899170961236836,8.144257142394858e-08,0.10388945630021351
"('0015982001', 'Odum School of Ecology')",0.002037120869171571,0.0015941322588763707,0.1449475065616798,0.0008076455772733659,0.15944351219928315
"('0015982001', 'Poultry Science')",0.00022634676324128565,0.0,0.1266011404991833,7.429088143617802e-05,0.13534561446196305
"('0015362000', 'Chemical, Environmental and Materials En')",0.001358080579447714,0.0018099541946303393,0.09985534761775608,6.684981455190841e-08,0.10504707862075871
"('0015354000', 'Mechanical and Aerospace Engineering')",0.001358080579447714,0.0045198635298636805,0.11090192534578407,6.345003708622574e-07,0.1176395674688078
"('0015354000', 'Environmental & Global Health')",0.000679040289723857,0.0004526935264825713,0.09984857730467603,6.507171708677548e-08,0.10470755847589677
"('6250015158', 'Unknown Dept')",0.0009053870529651426,0.0004526935264825713,0.1338706745045755,7.099409260333878e-05,0.1435566423541744
"('6250015158', 'CCS-3')",0.00022634676324128565,0.0,0.11806836099307838,6.530157575299758e-06,0.12439955651150474
"('0002824000', 'Biological Sciences')",0.0011317338162064282,0.0009052845640526493,0.11293456032719837,3.311126577496058e-05,0.12074680387265155
"('0002824000', 'Fisheries Science')",0.00022634676324128565,0.0,0.10147690470174794,3.1166815609109392e-06,0.10664033102353462
"('0021030000', 'Department of Electrical and Computer En')",0.002037120869171571,0.005172178875489584,0.152397378406347,0.0008824251274234655,0.16656304311351722
"('0010835000', 'College of Optical Sciences')",0.0036215482118605704,0.0443756721729474,0.1722887337674999,0.0009631894274191414,0.19256260438922249
"('0022210000', 'Department of Computer Science')",0.001358080579447714,0.0004526935264825713,0.15028233213143752,0.0007260349023449228,0.16345320842830902
"('0014266000', 'Electrical Engineering/ YINS')",0.0011317338162064282,0.0,0.15027722031361612,0.0007204097585966953,0.1633400350466884
"('0021550000', 'School of Engineering and Applied Scienc')",0.002037120869171571,0.003616526255148402,0.15031812459596475,0.0007478642740297214,0.16394362641533172
"('0021782000', 'EECS')",0.002716161158895428,0.019135573513840824,0.1556949534818156,0.0045127551472159255,0.17220599366932407
"('0013128000', 'Computer Science')",0.0029425079221367134,0.016141963882686714,0.14899500876837987,8.487774430703001e-05,0.1655019801635901
"('0013128000', 'EECS')",0.001358080579447714,0.0010823243345508848,0.1341104331724494,2.6547348391842412e-05,0.14568619349062853
"('0018929000', 'Computer Science')",0.000679040289723857,0.0009051820751401561,0.10689313106385037,9.692733329333903e-06,0.11307096810851347
"('0018929000', 'Computer Science Department')",0.0004526935264825713,0.0,0.09657463877412727,9.81617093639436e-07,0.10088926896334488
"('0018929000', 'Internal Medicine')",0.0004526935264825713,0.0,0.09657463877412727,9.81617093639436e-07,0.10088926896334488
"('0036327060', 'Civil Engineering')",0.00022634676324128565,0.0,0.1189456963627063,2.5878348967484345e-06,0.12716509039222837
"('0036327000', 'Construction Science')",0.002716161158895428,0.001686166304306507,0.13499969443256127,2.8107891761097343e-05,0.1487437044872525
"('0021030000', 'Mathematics')",0.001358080579447714,0.008445338327789176,0.14745836253796601,0.03191808794697583,0.16297633569589076
"('0021030000', 'Unknown Dept')",0.007695789950203712,0.03651235433522524,0.15294076920414026,0.29770660184045833,0.17410793145288214
"('0036756000', 'Mechanical Engineering')",0.0004526935264825713,0.004024184607429503,0.1455683690280066,0.00029847420909465827,0.15847647335311327
"('0023259000', 'Mechanical Engineering')",0.004300588501584427,0.03698725232303106,0.156295326706053,8.257988174787844e-05,0.17402684898723683
"('0033290000', 'Unknown Dept')",0.00882752376641014,0.07383275667251789,0.16236080996655763,0.0004476427562302561,0.18952123275346355
"('0033290000', 'Department of Geosciences')",0.00022634676324128565,0.0,0.1396863538636651,4.122340614841761e-05,0.15420563604696594
"('0013201000', 'Materials, Chemistry & Biochemistry')",0.000679040289723857,0.0,0.11294033437292295,1.8513730982678416e-06,0.11940592597530711
"('0013201000', 'Chemistry and Biochemistry')",0.0009053870529651426,0.0004526935264825713,0.11294322161719968,1.8673071604835074e-06,0.11951909935692774
"('0013151000', 'Chemistry and Biochemistry')",0.001358080579447714,0.0013574656459727544,0.11294899654863863,1.9056560524995066e-06,0.11974544612016906
"('0013151000', 'Chemical and Biomolecular Engineering')",0.0011317338162064282,0.003164550151053284,0.12729420577981387,1.6354447037493214e-05,0.13671921107412216
"('0036582000', 'Department of Linguistics')",0.000679040289723857,0.001357670623797741,0.148624100114378,2.4246454661748376e-05,0.16054621526554422
"('0036582000', 'Unknown Dept')",0.006337709370755998,0.06485685748083618,0.17452103495951019,0.00025846069205359793,0.19611422227990802
"('0038950000', 'Electrical and Computer Engineering')",0.002037120869171571,0.0021818433847301654,0.15256578492989847,0.00015959950448191866,0.1667527822009473
"('0038950000', 'Radiology')",0.00022634676324128565,0.0,0.132374531835206,1.4682684340129614e-05,0.14084636190226943
"('0017392000', 'NAISE')",0.002037120869171571,0.011698750581006457,0.13827856025039123,0.0008245874200775701,0.15201810663557977
"('0017392000', 'Industrial Engineering and Management Sc')",0.00022634676324128565,0.0,0.12148376275194545,7.582965978028054e-05,0.12985609971236878
"('0013177010', 'Integrative Oceanography Division')",0.001358080579447714,0.002258592787786229,0.12051939549348027,8.063198934282508e-06,0.12928537560723993
"('0013177010', 'Department of Oceanography')",0.00022634676324128565,0.0,0.10755934266585514,7.415881007871755e-07,0.11314677437040999
"('0033290000', 'Engineering Science & Mechanics')",0.0011317338162064282,0.0,0.13972169512966476,6.569582274610782e-05,0.1548092274156093
"('0018259000', 'NCN')",0.0011317338162064282,0.0,0.13972169512966476,6.569582274610782e-05,0.1548092274156093
"('0028654000', 'Unknown Dept')",0.0011317338162064282,0.0,0.13972169512966476,6.569582274610782e-05,0.1548092274156093
"('0052209000', 'Engineering')",0.002037120869171571,0.0018095442389803665,0.13973937246963564,6.86424583090099e-05,0.15526192094209185
"('0033290000', 'Engineering Science')",0.0011317338162064282,0.0,0.13972169512966476,6.569582274610782e-05,0.1548092274156093
"('0022905000', 'Microbiology & Molecular Genetics')",0.00022634676324128565,0.0,0.11509104644801625,1.6258594890633827e-07,0.12079156225545945
"('0036582000', 'Molecular Biosciences')",0.0011317338162064282,0.0009052845640526493,0.1300559317044451,1.7596087098636947e-06,0.13884210201548244
"('0022194000', 'Earth & Climate Sciences')",0.0004526935264825713,0.0,0.12415343543627932,5.8067048029764436e-05,0.13399941251344516
"('0026294000', 'Unknown Dept')",0.0033952014486192846,0.015857780285264925,0.14172975747465674,0.0005716568035327209,0.15809358264088774
"('0026294000', 'Marine and Coastal Sciences')",0.0011317338162064282,0.0013574656459727546,0.12416390309707155,5.976870965169241e-05,0.13433893265830713
"('0029207000', 'Unknown Dept')",0.0047532820280669985,0.014274036595352525,0.14113212369026323,4.959127385183411e-05,0.15470152803787876
"('0029207000', 'Chemistry, Radiology')",0.00022634676324128565,0.0,0.12368074801937236,4.573634140896846e-06,0.13155542586280428
"('0018259000', 'Unknown Dept')",0.01244907197827071,0.09925593520625513,0.1788663967611336,0.0010714364511995706,0.20648513500482693
"('0018259000', 'Earth Atmospheric and Planetary Sciences')",0.000679040289723857,0.0,0.1522713172950989,0.00012496050058455083,0.16692798235917167
"('0018697000', 'Dept. of Electrical and Computer Eng.')",0.00022634676324128565,0.0,0.12170463623591636,2.3988467539301892e-05,0.12957409335295275
"('0018697000', 'Unknown Dept')",0.001358080579447714,0.003149745684144517,0.1385647973905407,0.0002548885427978918,0.15126681765998073
"('0014894000', 'Earth, Ocean, and Atmospheric Science')",0.001358080579447714,0.0009052845640526493,0.09900723841964906,1.144770985600196e-07,0.10453077212939717
"('0014894000', 'Geological Sciences/NHMFL')",0.00022634676324128565,0.0,0.09008972267536705,1.0529036987456878e-08,0.09380937647562684
"('7203576228', 'Department of Geography')",0.00022634676324128565,0.0,0.11651458410253705,9.706083661111135e-07,0.12240467394383166
"('0025734000', 'Thayer School of Engineering')",0.001358080579447714,0.0018100566835428326,0.13187666039819707,1.0542994821865714e-05,0.14092345333857254
"('0013177000', 'Mathematics')",0.001358080579447714,0.0027142138695580562,0.11189909325768704,2.1964884932633206e-07,0.11786993803410509
"('0026120000', 'School of Mathematics')",0.001358080579447714,0.004018023038581145,0.12595147817658295,2.2704923199301242e-06,0.13385645802712956
"('0019893001', 'Physics and Astronomy')",0.00022634676324128565,0.0,0.09980797469784254,1.5947466612354544e-07,0.1040198748354535
"('0019893001', 'STEM Education')",0.000679040289723857,0.0004526935264825713,0.11087131098173057,1.7204029891164501e-06,0.11696814862706982
"('0033787000', 'Electrical and Systems Engineering')",0.001358080579447714,0.0022618278098129646,0.12989915027491106,1.7961300329543074e-05,0.13875888522221616
"('0033787000', 'Computer and Information Science')",0.000679040289723857,0.0013574656459727544,0.11498620581958253,1.6933211621038122e-06,0.12108533246741145
"('6250002735', 'Education')",0.0004526935264825713,0.0,0.12525160887931278,3.0160210810186737e-05,0.13617909201001643
"('5300005206', 'Unknown Dept')",0.003847894975101856,0.013761970447775414,0.1431719489273446,0.0002946641934755032,0.1616959809467718
"('6250002735', 'Unknown Dept')",0.0011317338162064282,0.0004526935264825713,0.12525515990020414,3.3215589732152793e-05,0.13629226539163708
"('0017749000', 'Unknown Dept')",0.007016749660479855,0.03904729944118812,0.16393929273813498,0.0011918414746728847,0.18527278955640036
"('0013128000', 'Chemical and Biomolecular Engineering')",0.000679040289723857,0.002184961612473701,0.14366078106201022,0.00011491136680222275,0.15594238641997774
"('0010637000', 'Civil, Geological, and Environmental Eng')",0.00022634676324128565,0.0,0.08592823106097443,1.4171030506925308e-07,0.08938262042520992
"('0010637000', 'Geology')",0.0011317338162064282,0.0004526935264825713,0.09400400017022001,1.5341131325598842e-06,0.09909740452090363
"('0013128000', 'Psychology')",0.0011317338162064282,0.001357670623797741,0.1374653847350571,1.046137493864868e-05,0.14821953736620927
"('0010835000', 'School of Human Ecology')",0.0004526935264825713,0.0,0.12085897961975106,1.0607790833635295e-06,0.12777881479216877
"('0010835000', 'Family and Consumer Sciences')",0.0004526935264825713,0.0,0.12085897961975106,1.0607790833635295e-06,0.12777881479216877
"('0036046000', 'Unknown Dept')",0.00022634676324128565,0.0,0.11651458410253705,9.706083661111135e-07,0.12240467394383166
"('0021303000', 'Electrical and Computer Engineering')",0.002037120869171571,0.001357670623797741,0.10902181423354061,3.2972647506916774e-06,0.11673109567951419
"('0021303000', 'Biomedical Engineering')",0.000679040289723857,0.0,0.09830666874346365,3.339317614890049e-07,0.10334209516831198
"('0034256000', 'Unknown Dept')",0.005658669081032141,0.03872488842136687,0.16208085699611124,0.003675654324984645,0.1838364856812111
"('0010819000', 'Knowledge Enterprise')",0.002037120869171571,0.00609334874708888,0.1497627118644068,0.0005934431378671353,0.16481333225900763
"('5300002722', 'President & CEO')",0.0011317338162064282,0.0,0.14172975747465674,0.0005581756491706248,0.15505775347332468
"('5300002722', 'Cyberinfrastructure Team')",0.0011317338162064282,0.0,0.14172975747465674,0.0005581756491706248,0.15505775347332468
"('0020776000', 'Space Department')",0.00022634676324128565,0.0,0.11266097156700242,5.769358671192616e-07,0.1212155016418315
"('0020776000', 'Unknown Dept')",0.006564056133997284,0.02215512886840024,0.12696131961606988,6.269915095647925e-06,0.14192189280464393
"('0025650000', 'School of Natural Resources')",0.0011317338162064282,0.001809851705717846,0.10666859819402193,1.0729385881661154e-07,0.11269883636055919
"('0025650000', 'Educational Psychology')",0.00022634676324128565,0.0,0.09638922221010145,9.875806424292484e-09,0.1004460368044816
"('0036582000', 'TACC')",0.0033952014486192846,0.003983612525084865,0.1500577406426194,6.579534220297711e-05,0.16446505307980935
"('0036582000', 'Texas Advanced Computing Center')",0.004979628791308284,0.042368465008433276,0.16941483242579952,0.0002951666772680358,0.19080727694919547
"('0010637000', 'Geophysical Institute')",0.003168854685377999,0.00406942475945596,0.10374301413610107,7.2453943358651675e-06,0.11108727902991816
"('0010637000', 'Geophysics')",0.0011317338162064282,0.0009031322968902916,0.1037259643603409,6.177976720596901e-06,0.11029506535857365
"('0010637000', 'International Arctic Research Center')",0.0015844273426889996,0.005869027573924484,0.11567867616254714,5.507130170762644e-05,0.12463527588301142
"('0036046000', 'Physics & Astronomy')",0.0011317338162064282,0.0,0.1495903027019706,0.00010390841080926114,0.1618507379145664
"('0036046000', 'Office of Information Technology')",0.0011317338162064282,0.0,0.1495903027019706,0.00010390841080926114,0.16185073791456636
"('0015693000', 'School of Computer Science')",0.005658669081032141,0.05328896794305488,0.1758687950320449,0.0007136276307060208,0.1977365958069894
"('0036046000', 'Statistics')",0.0011317338162064282,0.0,0.1495903027019706,0.00010390841080926114,0.16185073791456636
"('0036046000', 'Physics & Astronomy Department; Computer')",0.0011317338162064282,0.0,0.1495903027019706,0.00010390841080926114,0.16185073791456636
"('0036046000', 'Department of Earth, Environmental, and')",0.0011317338162064282,0.0,0.1495903027019706,0.00010390841080926114,0.1618507379145664
"('0036327060', 'Unknown Dept')",0.0029425079221367134,0.006728305426605971,0.13392748878380017,1.9937214929064488e-05,0.14764535110279656
"('0036327000', 'Mechanical Engineering')",0.000679040289723857,0.0,0.11811886747052376,2.249482047028363e-06,0.12657052123722473
"('0036327001', 'Psychology')",0.000679040289723857,0.0,0.11811886747052376,2.249482047028363e-06,0.1265705212372247
"('5300013181', 'Neuroscience & Experimental Therapeutics')",0.000679040289723857,0.0,0.11811886747052376,2.249482047028363e-06,0.12657052123722473
"('0036327000', 'Department of Construction Science')",0.000679040289723857,0.0,0.11906751111710012,5.526432683225862e-06,0.12814808204973324
"('0036327000', 'Unknown Dept')",0.004074241738343142,0.010649857697337787,0.12953352684199723,2.6394057534822323e-05,0.14351798514598296
"('0036327000', 'Department of Psychological & Brain Scie')",0.000679040289723857,0.0,0.11906751111710012,5.526432683225862e-06,0.12814808204973324
"('0013128000', 'Mechanical Engineering')",0.0009053870529651426,0.001357670623797741,0.11955727545801423,4.406520998202557e-06,0.126731845753462
"('6200000174', 'Unknown Dept')",0.00022634676324128565,0.0,0.10679236161469664,4.052897146569228e-07,0.11159802369242841
"('0010827000', 'Unknown Dept')",0.003847894975101856,0.01872678694069773,0.1306752639829631,0.00041582258835352746,0.14375658105286823
"('0010637000', 'Unknown Dept')",0.0018107741059302852,0.0011313238605564554,0.11564839537197005,5.5738144416171933e-05,0.12435234242895979
"('0010637000', 'Institute of Northern Engineering')",0.002037120869171571,0.001583709920301547,0.11565142273762467,5.632639677986198e-05,0.12446551581058043
"('0010637000', 'Water and Environmental Research Center')",0.00022634676324128565,0.0,0.10366511802524755,5.2017762500203965e-06,0.10928404981609594
"('0015826000', 'Biology')",0.0011317338162064282,0.0,0.11186509343191371,3.664799770650678e-06,0.11835644322878935
"('0015826000', 'Department of Biology')",0.0011317338162064282,0.0,0.11186509343191371,3.664799770650678e-06,0.11835644322878935
"('0015826000', 'Sociology')",0.0018107741059302852,0.00022629551878503902,0.11186792596156281,4.068037769597368e-06,0.11846961661041
"('0015826000', 'Physics and Dual-Degree Engineering')",0.002037120869171571,0.002713086491520631,0.1259335271649279,2.4702971647604116e-05,0.13541228903383667
"('0015826000', 'Division of Science & Mathematics')",0.001358080579447714,0.00022629551878503902,0.11186792596156281,3.7252336061177148e-06,0.11846961661041003
"('0015826000', 'Computer Science')",0.0011317338162064282,0.0,0.11186509343191371,3.6647997706506783e-06,0.11835644322878935
"('0035097000', 'Mechanical Engineering')",0.00022634676324128565,0.0,0.11410713363293559,3.5602451513188963e-06,0.12058609019620681
"('0014894000', 'Unknown Dept')",0.002489814395654142,0.005287015349359094,0.12880090959447246,3.871036483837983e-05,0.13923777105646654
"('0037986000', 'Chemical Engineering')",0.0015844273426889996,0.001981209593775414,0.1286321551272346,5.193314599464206e-06,0.13991270537218847
"('0037986000', 'Chemical Engineering/eScience Institute')",0.00022634676324128565,0.0,0.11397466656347548,4.789975863916433e-07,0.12116350362978391
"('0018259000', 'Mechanical Engineering')",0.003168854685377999,0.026681593445615694,0.16743093189828326,0.00042523204476453756,0.18766351160533942
"('0018259000', 'Chemistry')",0.0015844273426889996,0.0018100566835428326,0.15426516288976572,0.00015803524185511574,0.16923671683178126
"('0027854000', 'Electrical and Computer Engineering')",0.0022634676324128564,0.005868262805890005,0.13882604323780795,0.000509529994484879,0.1512202525104278
"('0027854000', 'Department of Electrical Engineering')",0.0011317338162064282,0.00016980233109457047,0.13563797126366203,7.630789307030255e-05,0.1462241458054034
"('0038000000', 'Institute of Biological Chemistry')",0.0018107741059302852,0.0022621352765504446,0.11510004168403501,4.32956723874421e-06,0.12266112667545286
"('0025163000', 'of Plant Sciences')",0.000679040289723857,0.0,0.11508505040506395,3.8634520344110446e-06,0.12224615760951046
"('0025163000', 'Computer Sciences Department')",0.001358080579447714,0.004517711262701322,0.13001383125864455,3.3731287054431866e-05,0.14063350661608393
"('0025163000', 'Biochemistry')",0.0011317338162064282,0.0009051820751401561,0.11509104644801625,3.930567727469376e-06,0.12247250437275177
"('0013201000', 'Materials Dept and BMSE Program')",0.000679040289723857,0.0004526935264825713,0.12877087644641347,0.024123498095876033,0.13915270509883373
"('0013201000', 'Department of Physics')",0.00022634676324128565,0.0,0.11408356143159634,0.0022183794311186264,0.12080381610994956
"('0013508000', 'Atmospheric Science')",0.0022634676324128564,0.007615992586813903,0.1313786130605448,1.538929208595148e-06,0.14272973015616683
"('0013508000', 'Department of Atmospheric Sciences')",0.0011317338162064282,0.00265203662999673,0.12018171431680313,5.807230931429306e-07,0.12898844968220216
"('0013508000', 'Dept. of Atmospheric Science')",0.0004526935264825713,0.0,0.11750312508311392,1.9700555569306153e-07,0.1250278323105391
"('0014811000', 'Dept. of Computer Science & Engineering')",0.0029425079221367134,0.0021375441830129827,0.1251628987478044,1.9631909963492167e-05,0.13480298937519308
"('0014811000', 'Department of Electrical Engineering and')",0.0004526935264825713,0.0,0.11124540464319888,2.0361905107201637e-06,0.11725795424584343
"('0014811000', 'biomedical science')",0.0004526935264825713,0.0,0.11124540464319888,2.0361905107201637e-06,0.11725795424584345
"('0017756000', 'Computer Science')",0.0047532820280669985,0.009485843974960412,0.15052810902896083,7.803876798753107e-05,0.16646535585534925
"('0017756000', 'Coordinated Science Laboratory')",0.0018107741059302852,0.001357670623797741,0.13870836080499827,2.4481591209377632e-05,0.15032855329369502
"('0026286000', 'Department of Geological, Environmental')",0.000679040289723857,0.0,0.11045828437132785,6.735210680144636e-06,0.11725939883160892
"('0026286000', 'GeoMarine Sciences')",0.000679040289723857,0.0,0.11045828437132785,6.735210680144636e-06,0.11725939883160895
"('0026286000', 'Graduate Education, Leadership, and Coun')",0.000679040289723857,0.0,0.11045828437132785,6.735210680144636e-06,0.11725939883160892
"('0029728000', 'Chemical & Biomolecular Engineering')",0.000679040289723857,0.0010548868481977235,0.12180865729252827,2.1844168187581453e-06,0.1316539145930263
"('0027110000', 'Chemical and Biomolecular Engineering')",0.002716161158895428,0.004069527248368453,0.11400113536667182,6.01093289778311e-07,0.12288306356889345
"('0029728000', 'Chemical and Biomolecular Engineering')",0.0015844273426889996,0.006487990784081948,0.1285947141692863,3.182871974957776e-06,0.1406408251473874
"('0071043000', 'Dept. of Chemistry and Biochemistry')",0.0004526935264825713,0.0,0.10585839223673175,3.4691238599449614e-07,0.11107441182318545
"('0071043000', 'Department of Zoology')",0.0004526935264825713,0.0,0.10585839223673175,3.4691238599449614e-07,0.11107441182318545
"('0030775000', 'Unknown Dept')",0.0018107741059302852,0.001357670623797741,0.11838473699724002,3.376426002907582e-06,0.12633445254257744
"('0028068000', 'Networking, Security and Systems Admin.')",0.000679040289723857,0.0,0.06382271788278462,5.229773635524096e-13,0.06661970112105624
"('0028068000', 'Information Technology')",0.0011317338162064282,0.0,0.06382271788278462,5.719281737556989e-13,0.06661970112105624
"('0028068000', 'Software Engineering')",0.000679040289723857,0.0,0.06382271788278462,5.229773635524096e-13,0.06661970112105622
"('0028068000', 'School of Information')",0.0018107741059302852,0.002262032787637951,0.06817059622268856,4.49313875892083e-12,0.07213113979867782
"('0025684000', 'Geological Sciences and Engineering')",0.0011317338162064282,0.0004526935264825713,0.09226078603349622,2.2146478032250295e-07,0.09662949612449659
"('0025684000', 'Geological Sciences')",0.00022634676324128565,0.0,0.08446934210274745,2.0366524948553145e-08,0.0874837168129472
"('0033290000', 'Dept. of Civil & Environmental Eng.')",0.0004526935264825713,0.0,0.13830886266161602,1.2447409283435173e-05,0.15025433296143909
"('0022905000', 'Chemical Engineering and Materials Scien')",0.0004526935264825713,0.0,0.13830886266161602,1.2447409283435173e-05,0.15025433296143906
"('0033290000', 'Civil and Environmental Engineering')",0.003847894975101856,0.04043120759044198,0.1604969666145966,0.00012173689028492684,0.1814970697779649
"('0022210000', 'Electrical and Computer Engineering')",0.002716161158895428,0.014492876062897833,0.14729612589184504,0.004648743585725214,0.1636434518903948
"('0022210000', 'Department of Microbiology')",0.000679040289723857,0.0,0.12844143384597495,0.0005436463870062618,0.1387177538773277
"('0022194000', 'Biomedical Engineering')",0.0011317338162064282,0.0,0.12844143384597495,0.0005936492543520892,0.13871775387732777
"('0022210000', 'Mechanical and Industrial Engineering')",0.0033952014486192846,0.005423303293491452,0.12848625854296933,0.0006683232459505334,0.1399249366146146
"('0016105000', 'Geology and Geophysics')",0.0011317338162064282,0.0013209057585026644,0.11383077398742657,1.2764007168196293e-06,0.12163664788405022
"('0016105000', 'Department of Geology and Geophysics')",0.0015844273426889996,0.0009947444333325121,0.10942414860681114,4.778126144575293e-07,0.11620137469187328
"('0016105000', 'Unknown Dept')",0.0015844273426889996,0.010540029259926809,0.12041099997274536,2.1770382319743606e-06,0.12923913582016733
"('0015354000', 'Higher Education')",0.0011317338162064282,0.0,0.11374285567169559,4.85227467431594e-06,0.12040948746188562
"('0015354000', 'Higher Education Admin and Policy')",0.0011317338162064282,0.0,0.11374285567169559,4.85227467431594e-06,0.12040948746188562
"('0015354000', 'School of Teaching and Learning')",0.002037120869171571,0.00406686253664363,0.12830714721342898,3.3132447968762224e-05,0.13786543357050307
"('0014936000', 'Computer Science')",0.0011317338162064282,0.0,0.11374285567169559,4.852274674315941e-06,0.12040948746188562
"('0014936000', 'Virtual Campus')",0.0011317338162064282,0.0,0.11374285567169559,4.852274674315941e-06,0.12040948746188562
"('0014936000', 'Unknown Dept')",0.002037120869171571,0.0018095442389803665,0.1137545702662341,5.069200245077599e-06,0.12086218098836816
"('0018259000', 'School of Mechanical Engineering')",0.001358080579447714,6.24040506042303e-05,0.1548219792542753,0.0001948006847616708,0.1699754875173603
"('0018259000', 'Dept. of Physics & Dept of Earth & Atmos')",0.0011317338162064282,0.002178655723832279,0.15324314949705167,0.00014916654229188577,0.16846345772330237
"('0018259000', 'Biomedical Engineering')",0.0009053870529651426,0.0,0.15232381740449594,0.0001452947000708945,0.16679900879764936
"('0018093000', 'Anatomy & Cell Biology')",0.0009053870529651426,0.0,0.15232381740449594,0.0001452947000708945,0.16679900879764936
"('0025734000', 'Mathematics Department')",0.00022634676324128565,0.0,0.09144536667149629,2.07886827351594e-09,0.09443395545106636
"('0025734000', 'Mathematics')",0.000679040289723857,0.0004526935264825713,0.10064698377984327,2.2524763981611542e-08,0.10488005781186865
"('0015354000', 'Department of Natural Sciences')",0.0004526935264825713,0.0,0.14211271230056613,7.772312625436925e-05,0.15341594613323803
"('0015354000', 'Unknown Dept')",0.005432322317790856,0.04039846784317543,0.16564187162567487,0.0007532691920159386,0.18601705937038623
"('0015354000', 'Florida Museum Natural History')",0.0004526935264825713,0.0,0.14211271230056613,7.772312625436925e-05,0.15341594613323803
"('0030908000', 'Physics')",0.0018107741059302852,0.004905356086862107,0.13572964669738863,9.018079986347226e-05,0.14756433019221496
"('0030908000', 'Chemistry')",0.00022634676324128565,0.0,0.11951199718668001,8.29340802131494e-06,0.12689581085631346
"('0015354000', 'Mathematics')",0.0009053870529651426,0.0004526935264825713,0.10261770376048127,5.088434650296403e-06,0.10798929738927687
"('0015354000', 'Department of Biology')",0.000679040289723857,0.0009051820751401561,0.11434339251514053,4.962905811237831e-05,0.12205328403551527
"('0015693000', 'CHBE')",0.0011317338162064282,0.0,0.1140040771037081,3.721037962445928e-06,0.12018760720944865
"('0015693000', 'Chemical Engineering & Chemistry')",0.000679040289723857,0.0,0.1140040771037081,3.4076335485961112e-06,0.12018760720944865
"('0015693000', 'Chemical & Biomolecular Engineering')",0.0009053870529651426,0.0013574656459727544,0.12866212359485119,2.9922507400615267e-05,0.1378053193976683
"('0015693000', 'School of Public Policy')",0.000679040289723857,0.0,0.1140040771037081,3.4076335485961112e-06,0.12018760720944863
"('0036327060', 'Computer Science and Engineering')",0.003847894975101856,0.0243504475133124,0.1598928739459303,3.4287553139810674e-05,0.17767947622519698
"('0010512000', 'Computer Science')",0.002489814395654142,0.010206321263088087,0.15213498622589533,9.556158111042195e-05,0.16689082634080243
"('0010835000', 'Department of Chemistry & Biochemistry')",0.000679040289723857,0.0004526935264825713,0.11690614167394353,1.5243632454091207e-06,0.1237985835792598
"('0010835000', 'Materials Science and Engineering')",0.00022634676324128565,0.0,0.10467210007581501,1.4152892092011193e-07,0.10936658301931888
"('0023879000', 'Anthropology')",0.0004526935264825713,0.00361580883276095,0.11138002319366712,8.876772739433742e-07,0.11788264981984414
"('0010835000', 'Anthropology')",0.0011317338162064282,0.004518633662913761,0.1252800226853821,9.404735971032722e-06,0.1346757462646996
"('0023291000', 'Chemistry')",0.002716161158895428,0.0019423123545264983,0.1251026476001699,1.7689766290986664e-06,0.13458370008845313
"('0023291000', 'Department of Chemistry')",0.000679040289723857,0.0,0.12238566165267736,1.1002981229139746e-06,0.13043354022869613
"('0023259000', 'Chemical Engineering')",0.0022634676324128564,0.004721710731989173,0.1382525973213168,9.063753790673986e-06,0.15025957581978325
"('0023291000', 'Mechanical Engineering')",0.000679040289723857,0.0,0.12238566165267736,1.1002981229139746e-06,0.13043354022869613
"('0033290000', 'Anthropology')",0.00022634676324128565,0.0,0.12406627351867452,2.6165200147016688e-05,0.133108935604408
"('4077384000', 'Unknown Dept')",0.0011317338162064282,0.007015579112839257,0.14163434103805342,0.00027832804053507345,0.15643036984141462
"('0010819000', 'School of Sustainable Engineering and Th')",0.0015844273426889996,0.0002568425579409085,0.14415296267293135,0.0022226750861613874,0.16068202772027937
"('0010819000', 'Chemistry & Biochemistry')",0.0018107741059302852,0.004737367063042917,0.14566435872073855,0.002273323641868227,0.1630250188421295
"('0019893001', 'Unknown Dept')",0.0036215482118605704,0.019701353136928286,0.1512754665297038,0.00011176305747610223,0.16828774690929407
"('0019893001', 'Department of Computer Science')",0.0004526935264825713,0.0,0.13145679600095214,1.1902962969451846e-05,0.1416273863704822
"('0019893001', 'Computer Science')",0.0029425079221367134,0.005873127130424213,0.13151549429940762,1.669847902500538e-05,0.1428157068774989
"('4006680000', 'Unknown Dept')",0.002716161158895428,0.002459820947327888,0.12722822174226062,7.403401090102404e-05,0.13771894947766372
"('6250021469', 'Unknown Dept')",0.000679040289723857,0.0,0.1128710847682796,7.49778531169062e-06,0.11940818505723358
"('0014449000', 'Environmental and Occupational Health')",0.00022634676324128565,0.0,0.10402147297042758,4.355795505326849e-08,0.10856589400675867
"('0014449000', 'Sustainable GW')",0.0015844273426889996,0.001357704786768572,0.11609512547628432,4.7135849493269116e-07,0.12308981498327191
"('0036327060', 'Industrial and Systems Engineering')",0.003847894975101856,0.005403986551208363,0.13699224806201551,2.8430415734616797e-05,0.15195470680418507
"('0036327001', 'Dept of Ecosystem Science and Management')",0.00022634676324128565,0.0,0.1204898137289661,2.6179735391984285e-06,0.12917625449596828
"('0018093000', 'Computer Science')",0.0004526935264825713,0.0,0.101465251940655,1.4829739035185836e-06,0.10647856010376773
"('0018093000', 'Informatics')",0.001358080579447714,0.0004241775154865306,0.10718618079479839,1.8176739538882255e-06,0.11325681143654934
"('0018093000', 'Biology')",0.0009053870529651426,0.001035069167733154,0.1097857959345957,1.4308257591436023e-05,0.1162755074762764
"('0010819000', 'Schl of Human Evolution & Social Change')",0.001358080579447714,0.0022622377654629377,0.1304091150599209,0.00014413558616452676,0.14084071705167178
"('0010819000', 'Biomedical Informatics')",0.000679040289723857,0.002713086491520631,0.1499100810966713,0.001458179300203156,0.16633703867180452
"('0023879000', 'Mechanical Engineering')",0.0029425079221367134,0.008342855945484708,0.13417967563627528,3.502323290007958e-05,0.1465007268396801
"('0023879000', 'Veterinary Population Medicine')",0.00022634676324128565,0.0,0.11830865222397773,3.2226317864247334e-06,0.12580043795991855
"('0014373000', 'Mechanical Engineering')",0.0004526935264825713,0.0,0.13266470482253317,0.030173256115196494,0.14438799028545413
"('0021030000', 'Maryland Institute for Applied Environme')",0.000679040289723857,0.0004526935264825713,0.13266868862796913,0.030408752031788087,0.1445011636670748
"('0013284000', 'Unknown Dept')",0.005885015844273427,0.043230735267567495,0.16428066783177778,0.0023527746152563604,0.18843664823180364
"('0013284000', 'Rossier School of Education')",0.00022634676324128565,0.0,0.14110507824976046,0.00022116507703382932,0.15425869839631642
"('0032896000', 'Chemcial and Biomolecular Engineering')",0.001358080579447714,0.0009051820751401561,0.11640406808241556,1.403816958060885e-06,0.12295701287043481
"('0032896000', 'Chemical Engineering')",0.0004526935264825713,0.0,0.10427189048855322,1.4253610958949454e-07,0.10869923612264218
"('0036327060', 'Chemical Engineering')",0.0004526935264825713,0.0,0.10427189048855322,1.4253610958949454e-07,0.10869923612264218
"('0015354000', 'Electrical and Computer Engineering')",0.004979628791308284,0.030353358172051384,0.16072467986030267,0.0009109902500834336,0.1790865163205575
"('0015354000', 'Electrical & Computer Engineering')",0.00022634676324128565,0.0,0.13847359348064567,8.408705852575691e-05,0.14876236760573516
"('0017749000', 'Comparative Human Development')",0.000679040289723857,0.0004526935264825713,0.14087111791339837,0.00012188952641684018,0.15271959065530774
"('0014456000', 'ISIM')",0.0004526935264825713,0.0,0.09331897006949284,5.778907504291629e-09,0.0980845822418218
"('0014456000', 'Unknown Dept')",0.0015844273426889996,0.003618166077748294,0.10291890884524892,5.650555292524669e-08,0.10994696822905033
"('0114629000', 'College of Business and Public Policy')",0.0004526935264825713,0.0,0.09331897006949284,5.778907504291629e-09,0.09808458224182179
"('0010819000', 'Sustainability and the Built Environment')",0.000679040289723857,0.00022026854524114105,0.14385256577233654,0.0015377355298708273,0.15943201710517146
"('0010819000', 'Unknown Dept')",0.017428700769578996,0.1018545336878033,0.16799756635485588,0.013762382281950458,0.19889421603998164
"('0027854000', 'Mathematics and Center for Data Science')",0.00022634676324128565,0.0,0.14335777792199364,1.932741510695051e-05,0.1538417294189129
"('0023259000', 'Electrical Engineering and Computer Scie')",0.0029425079221367134,0.023327952112328534,0.16734214613082837,0.00020948097311662342,0.1858921396494946
"('0029728000', 'Civil, Construction, & Envi. Engin.')",0.0004526935264825713,0.0,0.13237849823215678,9.17181060527819e-06,0.14151410935023384
"('0029728000', 'Civil, Construction & Environmental Eng.')",0.002037120869171571,0.005965712724537808,0.15256578492989847,8.97615111222375e-05,0.1678832051455401
"('0029728000', 'STEM Department')",0.0004526935264825713,0.0,0.13237849823215678,9.17181060527819e-06,0.14151410935023384
"('0013144000', 'Department of Chemistry')",0.0018107741059302852,0.00174245675553491,0.12504953297480895,5.87750836336909e-06,0.1356262503529361
"('0013144000', 'Computer Science')",0.002716161158895428,0.004880537263122447,0.12544009085746735,5.653875477719604e-06,0.1362732402399668
"('0036327000', 'Computer Science and Engineering')",0.001358080579447714,0.0024964451495018496,0.14130365252990468,7.512869058061817e-06,0.15400787030483623
"('7203581393', 'Unknown Dept')",0.0004526935264825713,0.0,0.13886095046517474,3.882635823637743e-06,0.1496596689613885
"('0038950000', 'Computer Sciences Department')",0.0022634676324128564,0.0095701952618439,0.1614825103256698,0.00028238239882449813,0.17848685945109538
"('0033795000', 'LRDC')",0.0004526935264825713,0.0,0.131605600238308,0.00016507370188432042,0.1411006942355967
"('0033795000', 'Learning Research & Development Center')",0.002489814395654142,0.008609846104487054,0.13500794523896834,0.0006574701264842588,0.1469593739342487
"('0033795000', 'Unknown Dept')",0.0029425079221367134,0.01314430654746851,0.151006596711898,0.0011363936153461552,0.1660751608182559
"('0017392000', 'Engineering Sciences and Applied Math')",0.00022634676324128565,0.0,0.12044054304563546,0.00012136560620208406,0.12802477092597045
"('0017400000', 'Engineering Sciences and Applied Mathema')",0.0015844273426889996,0.0005091233644978072,0.1369285603595227,0.0013197575850666166,0.14909526806878404
"('0031252000', 'School of Information Technology')",0.0009053870529651426,0.0,0.12306406685236769,5.034519223339539e-06,0.1326438634691297
"('0033290000', 'College of Info Sciences & Technology')",0.001358080579447714,0.001640044081957018,0.1403252445686698,4.500688035762555e-05,0.15584601317398852
"('0036442000', 'Department of English')",0.0004526935264825713,0.0,0.12306406685236769,4.609840929505428e-06,0.1326438634691297
"('0034710000', 'Mathematics and Statistics')",0.0011317338162064282,0.0,0.11157129147936765,8.526089153347809e-07,0.1178760945934992
"('0034710000', 'Department of Physics, SDSU')",0.0011317338162064282,0.0,0.11157129147936765,8.526089153347809e-07,0.1178760945934992
"('0034710000', 'Chemistry, Biochemistry & Physics')",0.0011317338162064282,0.0,0.11157129147936765,8.526089153347809e-07,0.1178760945934992
"('0034710000', 'Biology and Microbiology')",0.0015844273426889996,0.0009051820751401561,0.11157692696231943,8.675028803872923e-07,0.11810244135674047
"('0034710000', 'Unknown Dept')",0.002489814395654142,0.0045198635298636805,0.12555773439054196,5.817344773060483e-06,0.13491426836831938
"('0034710000', 'School of Education, Counseling, and Hum')",0.0011317338162064282,0.0,0.11157129147936765,8.526089153347809e-07,0.11787609459349917
"('0039545000', 'School of Public Administration')",0.0009053870529651426,0.0,0.11711066931742876,1.2334655620705072e-06,0.12428761846168503
"('0037549000', 'Business Information Technology')",0.0009053870529651426,0.0,0.11711066931742876,1.2334655620705072e-06,0.12428761846168503
"('0039545000', 'Public Administration')",0.0009053870529651426,0.0,0.11711066931742876,1.2334655620705072e-06,0.12428761846168503
"('0039545000', 'Computer Science')",0.0018107741059302852,0.0025804463582384243,0.12502476158134535,2.537452439643845e-06,0.13379397209999935
"('0032102000', 'Civil and Construction Engineering')",0.0018107741059302852,0.001713195497417982,0.12756251082751055,8.371737632274697e-06,0.13769743221418168
"('0011544000', 'Engineering')",0.0011317338162064282,0.0,0.12329417017832724,7.716409348892054e-05,0.1317336761372517
"('0011544000', 'Unknown Dept')",0.000679040289723857,0.0,0.12329417017832724,7.062939997012643e-05,0.1317336761372517
"('0010819000', 'School of Arts, Media and Engineering')",0.0018107741059302852,0.003559963129562823,0.14062002673626584,0.0006156811796922179,0.15395838694276795
"('0011544000', 'School of Engineering')",0.000679040289723857,0.0,0.12329417017832724,7.062939997012644e-05,0.1317336761372517
"('0035691000', 'Chemistry')",0.001358080579447714,0.0017290864682734891,0.1287446089287796,7.628610924754339e-06,0.1388894180740029
"('0036327000', 'Department of Chemistry')",0.0022634676324128564,0.006444138879641892,0.14432248791323665,5.853762608077985e-05,0.15945103447932638
"('0037457000', 'Environmental Science')",0.0011317338162064282,0.0018095442389803665,0.11161921123771507,4.6440768056250665e-07,0.11767422904765379
"('0037457000', 'Department of Architecture')",0.0009053870529651426,0.0,0.1004205023298102,5.971035033774696e-08,0.1048349725886679
"('0037457000', 'Data Science Institute')",0.0009053870529651426,0.0,0.1004205023298102,5.971035033774696e-08,0.1048349725886679
"('0037457000', 'Engineering and Society')",0.0009053870529651426,0.0,0.1004205023298102,5.971035033774696e-08,0.1048349725886679
"('0037457000', 'Landscape Architecture')",0.0009053870529651426,0.0,0.1004205023298102,5.971035033774696e-08,0.1048349725886679
"('0010835000', 'Department of Psychology')",0.0004526935264825713,0.0,0.08868636582624057,2.893032592293507e-09,0.09176498572181353
"('0038950000', 'Wisconsin Institute for Discovery / Psyc')",0.0004526935264825713,0.0,0.08868636582624057,2.893032592293507e-09,0.09176498572181353
"('0017756000', 'Psychology')",0.000679040289723857,0.0009051820751401561,0.09731277533039648,2.820400311865057e-08,0.10154628422642764
"('7203581624', 'Unknown Dept')",0.00022634676324128565,0.0,0.13504921440361925,1.4670925535131925e-05,0.14353165696533654
"('0027078000', 'Electrical Engineering')",0.0018107741059302852,0.001990810190872032,0.15612962504859174,0.00015935495618677492,0.17047633971581364
"('0014894000', 'Civil and Environmental Engineering')",0.0015844273426889996,0.003934489356267592,0.11640406808241556,3.2450091021863265e-06,0.12438851899763768
"('0014803000', 'Civil and Environmental Engineering')",0.0004526935264825713,0.0,0.10589899086747045,3.799079451014622e-07,0.11181461552986292
"('0029058000', 'Department of Mechanical Engineering')",0.0004526935264825713,0.0,0.09121503045318469,1.4622788939003842e-07,0.0954691893602768
"('0029058000', 'Nanoengineering')",0.002037120869171571,0.0036170386997108686,0.10036575115291124,1.4434373273021547e-06,0.10679239296210442
"('0029058000', 'Natural Resources & Environmental Design')",0.0004526935264825713,0.0,0.09121503045318469,1.4622788939003842e-07,0.0954691893602768
"('0026278000', 'Department of Chemical & Biological Eng.')",0.000679040289723857,0.0,0.10767993370542787,7.272542622830862e-08,0.11334769351638675
"('0026278000', 'Dept. of Mechanical & Aerospace Eng.')",0.000679040289723857,0.0,0.10767993370542787,7.272542622830862e-08,0.11334769351638678
"('0013052000', 'Mechanical Engineering')",0.001358080579447714,0.00425523469256614,0.11985892566467715,6.288642618387911e-07,0.12790338991924075
"('0034488000', 'Mechanical Engineering')",0.0015844273426889996,0.0010333448726031079,0.10942143847830395,8.655119249233897e-08,0.1156714964173741
"('0037549000', 'Civil and Environmental Engineering')",0.0022634676324128564,0.006457077692049551,0.14772461296686396,9.043632123276668e-05,0.16102789117727911
"('0037549000', 'Department of Civil Engineering')",0.000679040289723857,0.0,0.13268861124459394,1.9619823202740078e-05,0.1426512430530079
"('0037549000', 'Department of Biological Sciences')",0.0018107741059302852,0.004065570930385536,0.13331321665660834,2.1111020239638072e-05,0.14413630105119385
"('0013508000', 'Department of Biology')",0.002489814395654142,0.0063446804456444095,0.1202700495453803,4.031480435090173e-05,0.13085695741309059
"('0027854000', 'Biostatistics')",0.0009053870529651426,0.0009051820751401561,0.10737374228357556,4.273372834325954e-06,0.11436907052004236
"('6250033811', 'School of Science and Engineering')",0.0004526935264825713,0.0,0.10736852337902207,4.1969647031787445e-06,0.11414272375680107
"('0023879000', 'Computer Science and Engineering')",0.003168854685377999,0.03239811649978201,0.14878426618172022,0.00011508666768888152,0.1643761813861397
"('0023879000', 'Unknown Dept')",0.0029425079221367134,0.011457624975277157,0.13129271916790491,1.9406825607993636e-05,0.14364919792998004
"('0023879000', 'Department of Neuroscience')",0.0011317338162064282,0.0027580273691894253,0.13013638104215147,1.2821318067183932e-05,0.1407962080296839
"('0013177000', 'Electrical & Computer Engineering')",0.0009053870529651426,0.007668824222035357,0.13511116547906662,1.8611010347242945e-05,0.14556536090035316
"('0013177000', 'Computer Science and Engineering')",0.002716161158895428,0.013638037728569597,0.15398020354105674,0.00012172279523323332,0.1686143643590445
"('0026633000', 'Dept. of Earth & Planetary Sciences')",0.000679040289723857,0.00037096683336711704,0.10186999930826166,3.837939396579229e-08,0.10680434221878794
"('0026633000', 'Earth and Planetary Sciences')",0.0018107741059302852,0.0008012783626977191,0.10738940204180845,1.4238530187426182e-07,0.11326904258660572
"('0036772000', 'Instructional Technology & Learning Scie')",0.000679040289723857,0.003617346166448348,0.14481447489183166,0.0005253650526401094,0.158499861764913
"('0036772000', 'Emma Eccles Jones College of Education')",0.000679040289723857,0.0009051820751401561,0.126514131897712,4.924300669404436e-05,0.13526253082863046
"('0015693000', 'College of Computing')",0.0033952014486192846,0.009849431748268364,0.1616302041413624,0.0006080122456752715,0.17950852276338766
"('0015693000', 'School of CS, College of Computing')",0.00022634676324128565,0.0,0.13914522377247962,5.592516803711811e-05,0.1492571962015137
"('0027110000', 'Communication')",0.0018107741059302852,0.003168671071639277,0.10970128870459117,2.0829911619803922e-07,0.11686240290213212
"('0027110000', 'Department of Natural Resources')",0.000679040289723857,0.0009051820751401561,0.09886765429888555,1.957217287553047e-08,0.10378781784245114
"('0029744000', 'Department of Anthropology')",0.0004526935264825713,0.0009051820751401561,0.1221927204336763,7.999578841877786e-06,0.13000042655146726
"('0029744000', 'Unknown Dept')",0.003847894975101856,0.01306534720934969,0.13918029171785906,8.609933568272987e-05,0.15193772828449084
"('0021782000', 'Department of EECS, MIT')",0.0011317338162064282,8.882372416079431e-08,0.1297732346375279,1.753741571490659e-05,0.14041772855432808
"('0035097000', 'Computer Science Department')",0.0004526935264825713,0.0,0.1202700495453803,1.5641874546978338e-06,0.12810454063566265
"('0035097000', 'Computer Science')",0.0018107741059302852,0.0024128524994400428,0.12116391958972109,1.8337506974098779e-06,0.13002597315917735
"('0013151000', 'Computer Science')",0.0018107741059302852,0.0046214196875001565,0.1363790708442661,1.4892156615777399e-05,0.14846193932318766
"('4003045000', 'Unknown Dept')",0.002489814395654142,0.013658257991977936,0.16063702141584554,0.00015522786089816054,0.17776038595979574
"('7203580215', 'Unknown Dept')",0.00022634676324128565,0.0,0.13840852130325815,1.4284394647018636e-05,0.1482569722667042
"('0029728000', 'Forestry & Environmental Resources')",0.0004526935264825713,0.0,0.12855729500087296,2.135509793132774e-06,0.13692570884173424
"('0029728000', 'Biological Sciences')",0.001358080579447714,0.00566217180688728,0.14511414025291508,1.651478727111348e-05,0.15716693019771225
"('0029728000', 'Forestry and Environmental Resources')",0.002489814395654142,0.0059841452492622625,0.13310035248395746,6.549476392300835e-06,0.14405097254237095
"('0013052000', 'Bioengineering')",0.0015844273426889996,0.006049608495434333,0.13583397386625673,6.446691462955194e-06,0.146822422710833
"('0017400000', 'Chemical and Biological Engineering')",0.001358080579447714,0.0,0.13255325532553255,4.697118445704518e-06,0.1418674978398894
"('0017392000', 'Searle Center for Teachng Excellence')",0.0009053870529651426,0.0,0.13255325532553255,4.299918410732663e-06,0.1418674978398894
"('0017392000', 'Biomedical Engineering')",0.0022634676324128564,0.014986055324227828,0.15094984283176166,3.1109567931542835e-05,0.16492132999036424
"('0017392000', 'Chemical & Biological Engineering')",0.0009053870529651426,0.0,0.13255325532553255,4.299918410732663e-06,0.1418674978398894
"('0001057000', 'Electrical and Computer Engineering')",0.002716161158895428,0.00995387985931183,0.15000169761993684,0.00048177086817315486,0.16524025494147604
"('4001459000', 'Unknown Dept')",0.00022634676324128565,0.0,0.13043991733097135,4.4311920534818154e-05,0.13937235617860225
"('0018259000', 'Civil Engineering')",0.0036215482118605704,0.03418033664937303,0.16671698113207548,0.00028364668884409735,0.18693649165582038
"('0018259000', 'Lyles School of Civil Engineering')",0.0015844273426889996,0.010593936887178575,0.1483795130142737,4.547144889077778e-05,0.16255713440525452
"('0001057000', 'Mechanical Engineering')",0.002037120869171571,0.0022621352765504446,0.10822065451695081,2.682446297627766e-06,0.11621841954067855
"('0001057000', 'Biological Sciences')",0.00022634676324128565,0.0,0.09765478216661877,2.467743743756783e-07,0.10290177058196474
"('0018697000', 'Agronomy')",0.0011317338162064282,0.0004526935264825713,0.11626009841846267,2.1653240866188352e-06,0.12374569929991541
"('0025171000', 'Department of Computer Science')",0.0011317338162064282,0.0018095442389803665,0.1162692773303858,2.1676340325928646e-06,0.12385887268153606
"('0025163000', 'Agricultural Economics')",0.0009053870529651426,0.0,0.11625703910320509,2.1482961682211843e-06,0.12363252591829478
"('6250027680', 'On-Farm Network')",0.0009053870529651426,0.0,0.11625703910320509,2.1482961682211843e-06,0.12363252591829478
"('0036756000', 'Department of Atmospheric Sciences')",0.000679040289723857,0.0014625380371534596,0.137256120293277,0.00013987495512704265,0.14796450845567988
"('0015354000', 'Engineering School of Sustainable Infras')",0.001358080579447714,0.0017728705448893341,0.14966124661246613,0.000845707925599144,0.1638215011687158
"('0036756000', 'Electrical and Computer Engineering')",0.0015844273426889996,0.0037024720857881015,0.1490402455891779,0.0006610205388992448,0.1629855205907708
"('0035352000', 'Department of Mathematics')",0.000679040289723857,0.0004526935264825713,0.13632436435448037,7.397470425508041e-05,0.14817386413696879
"('0035352000', 'Vanderbilt Department of Mathematics')",0.00022634676324128565,0.0,0.11997284453496267,6.8036597721433425e-06,0.12751483614114353
"('0001057000', 'Materials Science and Engineering')",0.002716161158895428,0.00973127838808668,0.15566203932069622,4.4639727397355386e-05,0.17073411599214997
"('0015354000', 'Materials Science and Engineering')",0.0004526935264825713,0.0,0.13471565787467601,4.570130561062644e-06,0.14364907010900618
"('0015354000', 'Herpetology')",0.0009053870529651426,0.0013574656459727544,0.13472798243474018,4.651213018333589e-06,0.14391314133278765
"('0025890000', 'Earth Systems Research Systems/EOS')",0.00022634676324128565,0.0,0.1328761767271196,1.3575036622692708e-05,0.14224982363846028
"('0025890000', 'Earth Systems Research Center')",0.002489814395654142,0.016400259591921554,0.15323251942286348,0.0001459209376177651,0.1694557906757983
"('0017756000', 'Department for Atmospheric Sciences')",0.00022634676324128565,0.0,0.12476349157041597,6.151856947632553e-06,0.13281709425326382
"('0017756000', 'Mechanical Science and Engineering')",0.001358080579447714,0.0008502753238826493,0.14254371813899464,6.687054725439938e-05,0.1557647039595874
"('0023291000', 'Physics and Astronomy')",0.0009053870529651426,0.0,0.1370602469442204,2.1953186202909535e-05,0.1468662279323208
"('0023291000', 'Computer Science')",0.001358080579447714,0.0009051820751401561,0.1588180314904019,0.00019354646706169044,0.17545678882256366
"('0023291000', 'Department of Physics and Astronomy')",0.0004526935264825713,0.0,0.1370602469442204,2.0081577012330192e-05,0.1468662279323208
"('0036327060', 'Electrical Engineering')",0.0018107741059302852,0.002331613347567885,0.13450648480789137,2.1486282760856366e-05,0.1477636492575367
"('0033712000', 'Computer and Information Sciences')",0.002716161158895428,0.006332129104920342,0.14074994424798495,2.0231324865526153e-05,0.1537345205973531
"('0036525000', ""Dean's Office"")",0.0009053870529651426,0.0,0.12654312147337668,4.705294237796539e-06,0.13608068595053593
"('0001479000', 'Criminal Justice')",0.0009053870529651426,0.0,0.12654312147337668,4.705294237796539e-06,0.13608068595053593
"('0036327000', 'Economics')",0.0009053870529651426,0.0,0.12654312147337668,4.705294237796539e-06,0.13608068595053593
"('0014456000', 'Linguistics')",0.0004526935264825713,0.0004526935264825713,0.08536373297265964,4.95016395299199e-10,0.08898200278218994
"('P270024303', 'Unknown Dept')",0.00022634676324128565,0.0,0.07865128533789076,4.5941416478446535e-11,0.08134206832549007
"('7203596418', 'Unknown Dept')",0.000679040289723857,0.0,0.1403564507418115,2.9718091771740248e-05,0.15127638884429268
"('0037457000', 'Computer Science')",0.003168854685377999,0.023672797939822247,0.1632547483556278,0.00026000157297182937,0.18214380873389305
"('7203581091', 'Unknown Dept')",0.000679040289723857,0.0,0.1403564507418115,2.9718091771740248e-05,0.15127638884429268
"('0037457000', 'Information Technology')",0.000679040289723857,0.0,0.1403564507418115,2.9718091771740248e-05,0.15127638884429268
"('0013136000', 'Mathematics and Molecular and Cell Biol.')",0.0004526935264825713,0.0,0.1061661940693036,5.13243220739749e-07,0.11191983293795935
"('0013136000', 'Molecular and Cellular Biology')",0.0011317338162064282,0.0009051820751401561,0.11876982633474918,4.979086405592338e-06,0.12748759872741286
"('0013136000', 'Mathematics')",0.0004526935264825713,0.0,0.1061661940693036,5.13243220739749e-07,0.11191983293795936
"('0029728000', 'Unknown Dept')",0.009280217292892712,0.08811264799960625,0.1742457109051469,0.0006369822533949438,0.19914502717241508
"('0013474000', 'Department of Mathematics and Computer S')",0.0018107741059302852,0.0013912953732462823,0.1500118841465485,8.841114288690227e-05,0.1644410114305985
"('0020362000', 'Mathematics')",0.0009053870529651426,0.0,0.14857411891310196,8.352668445836917e-05,0.16219972937378918
"('4004859000', 'Programs')",0.001358080579447714,0.0,0.14857411891310196,9.127797046067238e-05,0.16219972937378918
"('4004859000', 'Unknown Dept')",0.0009053870529651426,0.0,0.14857411891310196,8.352668445836917e-05,0.16219972937378918
"('0013177000', 'Unknown Dept')",0.0036215482118605704,0.03294239475249668,0.16888379204892967,0.0005139080941588683,0.18985173696581495
"('0098418000', 'Unknown Dept')",0.0009053870529651426,0.0,0.15880661394680087,0.00018996283219227146,0.17523044205932242
"('7203584388', 'Unknown Dept')",0.00022634676324128565,0.0,0.10415389693054836,2.0070904383840843e-07,0.10909850484168619
"('0010819000', 'School Engr of Matter, Transport, Energy')",0.0015844273426889996,0.0005903957367296829,0.147665363147164,0.0021361310767778114,0.16497004705469948
"('0010819000', 'School of Life Sciences')",0.003847894975101856,0.024858443179665103,0.15690592037503995,0.0024037397586733357,0.17793719345892156
"('0010819000', 'Chemical Engineering')",0.0009053870529651426,0.0,0.1476505581177729,0.0019014009427950884,0.16463052690983757
"('0001024000', 'Biomedical Engineering')",0.0009053870529651426,0.0,0.1476505581177729,0.0019014009427950884,0.16463052690983762
"('0038950000', 'Entomology')",0.0011317338162064282,0.0004526935264825713,0.09388414297250201,2.010213532749611e-08,0.09824410110655347
"('0038950000', 'Department of Entomology')",0.00022634676324128565,0.0,0.08582807187955319,1.855649556497176e-09,0.08878424051704359
"('0014175000', 'Anthropology')",0.000679040289723857,0.0004526935264825713,0.0949005456029557,3.0785931065872e-08,0.09893470638496384
"('0014175000', 'Department of Anthropology')",0.00022634676324128565,0.0,0.08667673775283985,2.8590080686285924e-09,0.089543534800254
"('0010835000', 'Biosystems Engineering')",0.0011317338162064282,0.0004526935264825713,0.12033884455097649,3.637433153265068e-06,0.12825690355115343
"('0010835000', 'Cancer Center Division')",0.00022634676324128565,0.0,0.1074155117918794,3.3711542865758797e-07,0.11258645024455848
"('0029413000', 'Unknown Dept')",0.001358080579447714,0.0,0.09639763478868014,8.614852370457677e-08,0.1016046852582863
"('0029066000', 'Biology')",0.0015844273426889996,0.0004526935264825713,0.09639973816277547,8.685150710739651e-08,0.10171785863990694
"('0029066000', 'Department of Chemistry')",0.001358080579447714,0.0,0.09639763478868014,8.614852370457677e-08,0.1016046852582863
"('0029066000', 'Mathematical Sciences')",0.001358080579447714,0.0,0.09639763478868014,8.614852370457677e-08,0.1016046852582863
"('0029066000', 'Physics & Astronomy')",0.001358080579447714,0.0,0.09639763478868014,8.614852370457677e-08,0.1016046852582863
"('0029066000', 'Unknown Dept')",0.0018107741059302852,0.0031645501510532835,0.10666344760985032,4.840539260070383e-07,0.11375935388680514
"('0029066000', 'Office of Diversity')",0.001358080579447714,0.0,0.09639763478868014,8.614852370457677e-08,0.1016046852582863
"('0021030000', 'Joint Program in Survey Methodology')",0.0011317338162064282,0.0018095442389803665,0.12652862502505943,5.4478128478859905e-05,0.1353757042102511
"('0015693000', 'H. Milton Stewart School of Industrial a')",0.0022634676324128564,0.02589937527919076,0.15660002835672762,0.00035577125111759374,0.174764112201865
"('0036327060', 'Department of Electrical & Computer Eng')",0.001358080579447714,0.00041356219427112693,0.14084866260719864,5.7702097855053424e-05,0.15475890301037326
"('0036327060', 'Electrical and Computer Engineering')",0.007243096423721141,0.028755679924699348,0.14809104012335333,0.00010457193690901584,0.16722989173192704
"('0021998000', 'Mechanical and Industrial Engineering')",0.0022634676324128564,0.002353783221676057,0.14385256577233654,6.986453286319764e-05,0.1581976766505952
"('6250018445', 'Unknown Dept')",0.0004526935264825713,0.0,0.09661899138345799,1.6400101606988047e-06,0.10140609407274585
"('0028381000', 'Unknown Dept')",0.002489814395654142,0.0037382655358206927,0.10694747034616316,1.61938701863985e-05,0.11439132422742097
"('6250018445', 'GATS-Boulder')",0.0004526935264825713,0.0,0.09661899138345799,1.6400101606988047e-06,0.10140609407274585
"('0039321000', 'Department of Botany')",0.0009053870529651426,0.0,0.12190949227373069,1.8694140129989837e-06,0.12929493384134133
"('0039321000', 'Botany')",0.0009053870529651426,0.0,0.12190949227373069,1.8694140129989837e-06,0.12929493384134133
"('0025361000', 'Flathead Lake Biological Station')",0.0011317338162064282,0.0009071309800334995,0.12812110315227793,2.3754292401971706e-06,0.13673202457720252
"('0039321000', 'Unknown Dept')",0.001358080579447714,0.0016323376167288706,0.1346499649507787,1.4180098934469856e-05,0.14516934451293806
"('0025684000', 'Natural Resources and Environmental Scie')",0.0009053870529651426,0.0,0.12190949227373069,1.8694140129989837e-06,0.12929493384134133
"('0023259000', 'Department of Anthropology')",0.00022634676324128565,0.0,0.10945939249789406,2.0211708738655678e-07,0.11477135076331395
"('0023259000', 'Anthropology')",0.000679040289723857,0.0009052845640526493,0.12291000139101405,2.1967319680443794e-06,0.13090724538777956
"('0039545000', 'Electrical and Computer Engineering')",0.0011317338162064282,0.0030398153407649566,0.1543837579061397,0.00013892833137175355,0.1698410129430944
"('0013508000', 'Mathematics')",0.0011317338162064282,0.005602024702132721,0.12355622675280364,2.2499802107224565e-06,0.13337308125956748
"('0013706000', 'Mathematics')",0.000679040289723857,0.0004526935264825713,0.11182545307279539,4.2415192363101984e-07,0.11888582071257119
"('0037986000', 'Mathematics')",0.0011317338162064282,0.0027832312015198184,0.1172100920595336,2.2810737264253946e-06,0.12538120526363777
"('0013144000', 'School of Education')",0.0018107741059302852,0.002262442743287924,0.12353549758129911,4.287275518555012e-06,0.13300808234318848
"('0013144000', 'University of California, Irvine')",0.00022634676324128565,0.0,0.10995520159283226,3.945072542534698e-07,0.11601780509557388
"('0018093000', 'Psychological and Brain Sciences')",0.0009053870529651426,0.0004526935264825713,0.1152141031659104,1.497092017053153e-06,0.12248218850654004
"('0018093000', 'School of Informatics and Computing')",0.0015844273426889996,0.0010005486709345115,0.11550326797385621,1.8201766243605553e-06,0.12303778200011449
"('0018093000', 'Department of Statistics')",0.000679040289723857,0.0,0.11521109865178501,1.4854765739909134e-06,0.12236901512491936
"('0036046000', 'Computer Science')",0.002489814395654142,0.024061139275124398,0.16967509025270758,0.00021383207722842625,0.1872441765266565
"('0036582000', 'Computer Science')",0.003847894975101856,0.05986150595349779,0.17091570273511547,0.0008236519362689544,0.19202668778834414
"('0037457000', 'Environmental Sciences')",0.0009053870529651426,0.002261417854162992,0.12561128170135336,4.767371250686921e-06,0.13399741723893532
"('0015982001', 'Forestry & Natural Resources')",0.0009053870529651426,0.0013574656459727544,0.14476702274067763,0.0005323846719884469,0.15836405370696824
"('0015982001', 'Wildlife Disease Study/Population Health')",0.000679040289723857,0.0,0.12647067243008045,6.001123825793898e-05,0.13508522586409144
"('0015982001', 'Veterinary Medicine')",0.000679040289723857,0.0,0.12647067243008045,6.001123825793898e-05,0.13508522586409144
"('0015982001', 'Population Health')",0.000679040289723857,0.0,0.12647067243008045,6.001123825793898e-05,0.13508522586409144
"('4003554000', 'Materials Science & Engineering')",0.00022634676324128565,0.0,0.11495030441796326,3.207454240501035e-07,0.12173055829937364
"('0023259000', 'Materials Science and Engineering')",0.002037120869171571,0.0035259362262042297,0.12987623835141252,3.479469727927183e-06,0.14086099127973203
"('0021998000', 'ECE Department')",0.001358080579447714,0.0022806271182300736,0.14212642753739746,2.6613540243719e-05,0.154732919236087
"('0021998000', 'Computer Science & Psychology')",0.0015844273426889996,0.0021268022512552763,0.1440542567413349,6.46956000370055e-05,0.15681167833725396
"('0021998000', 'Art & Design')",0.000679040289723857,0.0,0.1324658191412809,1.4856352099604511e-05,0.1425288486600157
"('0010819000', 'School of Human Evolution and Social Cha')",0.0029425079221367134,0.002940201921605616,0.12591917003933192,0.0003129175162262696,0.13704561182492306
"('0010819000', 'SHESC')",0.0009053870529651426,4.612001062195089e-07,0.11185093293501101,6.137336096123681e-05,0.11911026137485953
"('P270052132', 'Unknown Dept')",0.0004526935264825713,0.0,0.11184526974000658,3.5230025608440607e-05,0.11888391461161829
"('0021782000', 'Research Laboratory of Electronics')",0.0011317338162064282,0.008669031852330353,0.14966631660964125,0.00040868977464271575,0.16526320493047342
"('0021782000', 'Unknown Dept')",0.004526935264825713,0.020169139679863113,0.14580376885251312,0.0011359954728589982,0.16149682205023863
"('4077384000', 'Psychology')",0.000679040289723857,0.0,0.14136695251503903,0.0002729940657615878,0.15514890584492136
"('0015982001', 'ECE Department')",0.000679040289723857,0.0,0.13426530922352226,0.00016549093162334714,0.14452320124819604
"('0015982001', 'Mechanical Engineering')",0.000679040289723857,0.0,0.13426530922352226,0.00016549093162334714,0.1445232012481961
"('0015982001', 'Career and Information Studies')",0.000679040289723857,0.0,0.13426530922352226,0.00016549093162334714,0.14452320124819604
"('0015982001', 'College of Engineering')",0.0036215482118605704,0.002601746001295938,0.15507195507195506,0.0014679223708695594,0.17230494029384807
"('0010819000', 'Arts, Media, and Engineering')",0.0015844273426889996,0.00047208911658704847,0.14389942023320956,0.0020992325738632945,0.1600921951646252
"('0010819000', 'Arts, Media and Engineering Program')",0.0009053870529651426,0.0,0.14386661890650948,0.0018389659730853741,0.15960177717760243
"('0010819000', 'SNHP-Exercise & Wellness')",0.0009053870529651426,0.0,0.14386661890650948,0.0018389659730853741,0.1596017771776024
"('0010819000', 'Science of Health Care Delivery')",0.0009053870529651426,0.0,0.14386661890650948,0.0018389659730853741,0.15960177717760243
"('0021055000', 'Information Systems')",0.0015844273426889996,0.0019934137130289574,0.11622033987478297,1.5056474750190557e-06,0.12593709380400805
"('0021055000', 'Unknown Dept')",0.004300588501584427,0.00842999155326057,0.12968181284489844,1.1657050408865267e-05,0.14304412390084542
"('0096354000', 'School of Computer Science')",0.0015844273426889996,0.0004526935264825713,0.1329481508230267,0.00033227666470514683,0.14490416466989514
"('0096354000', 'Department of Biological Sciences')",0.0009053870529651426,0.0,0.13294415021665865,0.0003010018363830613,0.14479099128827447
"('0096354000', 'Physics')",0.0011317338162064282,0.0004526935264825713,0.1329481508230267,0.0003034589972097198,0.14490416466989514
"('0096354000', 'School of Computing and Information Scie')",0.002716161158895428,0.018039057653590995,0.15288255242577342,0.00225148231733387,0.17223970134789388
"('0096354000', 'Biology')",0.0015844273426889996,0.010245015710850791,0.13335748136074135,0.0003108671403622092,0.146268622479577
"('5300008543', 'Materials Science and Engineering')",0.00022634676324128565,0.0,0.0836014078643606,1.9005393292814737e-08,0.0868199013332385
"('0015693000', 'Institute for Electronics and Nanotechno')",0.0018107741059302852,0.0009052845640526493,0.0912263313304012,2.066082620689692e-07,0.09599733180783983
"('0021030000', 'Chemical and Biomolecular Engineering')",0.000679040289723857,0.0010983028375675327,0.13753813585704502,0.027863035740265763,0.15007424168809308
"('0021030000', 'Chemical & Biomolecular Engineering')",0.00022634676324128565,0.0,0.12091190235091272,0.0025622650819407066,0.12874046121522975
"('0029728000', 'Industrial and Systems Engineering')",0.0029425079221367134,0.00483120304315935,0.1459530888668649,3.092197707738452e-05,0.1591382901591125
"('0029728000', 'Materials Science and Engineering')",0.002716161158895428,0.006066071361088965,0.15232906940661312,3.387678515030739e-05,0.16646968041263965
"('0029728000', 'Mechanical and Aerospace Engineering')",0.003847894975101856,0.012160492585094463,0.1515816921704522,9.9900407121779e-05,0.16627774230196002
"('0029728000', 'Nuclear Engineering Department')",0.0009053870529651426,0.0,0.14125847295050517,1.9330803916753333e-05,0.152117639917548
"('0021055000', 'Center for Women in Technology')",0.00022634676324128565,0.0,0.11479797323632585,1.0755979359853972e-06,0.12284384255548293
"('0013706000', 'CIRES')",0.0047532820280669985,0.014375735619968268,0.14844931285911092,1.2841477799825827e-05,0.1645343866937335
"('0013706000', 'Department of Physics')",0.0009053870529651426,0.0004526935264825713,0.12927200374531836,1.3227735429844755e-06,0.1386421372501041
"('0036616000', 'Physics')",0.0004526935264825713,0.0,0.11032037356106575,4.238334525207052e-07,0.11621531879816668
"('0036616000', 'Chemistry')",0.002037120869171571,0.0009051820751401561,0.12399315203053521,4.164992906848385e-06,0.13316958304509185
"('0036616000', 'Department of Physics')",0.0004526935264825713,0.0,0.11032037356106575,4.238334525207051e-07,0.11621531879816668
"('0023259000', 'EECS')",0.003168854685377999,0.0243024582376129,0.15918999747775014,5.845954198868647e-05,0.17619289945002797
"('0036582000', 'Linguistics')",0.0004526935264825713,0.0004526935264825713,0.1294045282797809,2.255050420613535e-06,0.1369045056346998
"('0036582000', 'Liguistics')",0.00022634676324128565,0.0,0.11458063177550702,2.0796097271930818e-07,0.1195956890049236
"('0010819000', 'School of Human Evolution and Soc. Chang')",0.00022634676324128565,0.0,0.1118396071184467,2.945311384692096e-05,0.11873301676945745
"('0014316000', 'Mechanical Engineering')",0.0011317338162064282,0.0009052845640526493,0.09957627118644068,3.033889420197149e-08,0.1055003597099084
"('0014316000', 'Materials Science and Engineering')",0.002716161158895428,0.005320164888712267,0.11057439619572018,2.90666563498399e-07,0.11956567675468215
"('0018697000', 'Mechanical Engineering')",0.004300588501584427,0.007054627173870362,0.1322992154279212,1.576874856350482e-05,0.1446093598821074
"('0014175000', 'Mechanical Engineering')",0.0004526935264825713,0.0,0.11684739486908226,1.602354722146756e-06,0.12417449540299204
"('0018697000', 'Civil, Construction & Environmental Engi')",0.0004526935264825713,0.0,0.11684739486908226,1.602354722146756e-06,0.12417449540299204
"('0013052000', 'Dept of Civil and Envmtl Engineering')",0.00022634676324128565,0.0,0.13654345407343305,2.7080426441518123e-05,0.14547049512531596
"('0013052000', 'Civil and Environmental Engineering')",0.001358080579447714,0.009370204595099104,0.15813021224811197,0.00028985506160265705,0.17320337162460198
"('0023879000', 'Electrical Engineering')",0.0009053870529651426,0.0004526935264825713,0.10406067458074242,2.1376495150929213e-07,0.10996331661441425
"('0023879000', 'Dept. of Electrical & Computer Engineeri')",0.00022634676324128565,0.0,0.09425468820002987,1.9675807657645795e-08,0.09830141365084917
"('0037457000', 'Biocomplexity Institute & Initiative')",0.0015844273426889996,0.0022614520171338227,0.12560413942116336,4.464121266713018e-06,0.13405400392974567
"('0037457000', 'Unknown Dept')",0.002716161158895428,0.011047668362199689,0.14359541066727338,4.147895143390747e-05,0.15658970763656105
"('0026278000', 'Mechanical & Aerospace Engineering')",0.0018107741059302852,0.004730336474394097,0.1472764850990066,0.00034018811705866013,0.16271558342065254
"('0014480000', 'Electrical Engineering & Computer Scienc')",0.001358080579447714,0.0009051820751401561,0.14355808285946384,0.00032464839552474026,0.15817788606946517
"('0013284000', 'Electrical Engineering - Electrophysics')",0.0009053870529651426,0.0,0.14354875393963024,0.0003188593354171862,0.1579515393062239
"('0037986000', 'Applied Mathematics')",0.0011317338162064282,0.0009191582215906019,0.13213698220427694,1.8674881880162697e-05,0.14617807773331218
"('0037986000', 'Neurobiology & Biophysics')",0.00022634676324128565,0.0,0.11671774278769946,1.720089646512775e-06,0.12546567022807203
"('4025938000', 'Economics')",0.0029425079221367134,0.00932192385345171,0.1476554927977006,0.00019525347484220204,0.16113725191362027
"('4025938000', 'Department of Economics')",0.0011317338162064282,0.0002856817874118512,0.13289216423522335,0.00015329698551325583,0.14338864633681198
"('4025938000', 'Unknown Dept')",0.001358080579447714,0.0022618790542692116,0.12870710248791004,3.495797676451235e-05,0.13740200496651322
"('0013136000', 'Neurobiology, Physiology, and Behavior')",0.002037120869171571,0.003165165084528243,0.11611038107752956,2.3800776386050275e-06,0.12478354453695899
"('0013136000', 'Chicana/o Studies')",0.00022634676324128565,0.0,0.1040337203004686,2.190679046341964e-07,0.10955589244058002
"('0026294000', 'Mechancial and Aerospace Engineering')",0.0004526935264825713,0.0,0.11468473379539496,2.6761721087948772e-06,0.12293975273447505
"('0026310000', 'Biological Sciences')",0.0004526935264825713,0.0,0.11468473379539496,2.6761721087948772e-06,0.12293975273447505
"('0030908000', 'Sociology')",0.0015844273426889996,0.00379049118841567,0.13406566729380348,0.03304759907857375,0.14743704813872197
"('0030908000', 'Unknown Dept')",0.006790402897238569,0.027908851056035272,0.1498439831773165,0.27705429801100284,0.170209747246867
"('0030908000', 'Psychology')",0.0011317338162064282,0.0005503808334254879,0.1313942422079467,0.03500637698036868,0.14402031623624995
"('0030908000', 'Institute for Population Research')",0.001358080579447714,0.0033403475282568805,0.13182550575878738,0.03281253158104171,0.14487791080706314
"('0001057000', 'Robotics Institute')",0.002037120869171571,0.0013536153092880902,0.14183896237318608,0.0011198978567671914,0.1554898549466214
"('0029728000', 'Department of Computer Science')",0.000679040289723857,0.0,0.13713256976130614,1.0864444840371815e-05,0.1477944864601714
"('0029728000', 'Computer Science')",0.002037120869171571,0.00934926796572352,0.15423823488339616,8.405276039394551e-05,0.17001239982792643
"('0018408000', 'Aerospace and Mechanical Engineering')",0.000679040289723857,0.003423616959568516,0.14176159152895876,3.4783290443338314e-05,0.15232442724520548
"('0018408000', 'Unknown Dept')",0.003847894975101856,0.012574733158974696,0.16237274431254364,0.0003631585593181043,0.17917665114926193
"('0027854000', 'Unknown Dept')",0.004526935264825713,0.02444146493223636,0.15470812760444025,0.0007409934148798195,0.17301069673749467
"('0027854000', 'Sociology')",0.00022634676324128565,0.0,0.13398435130709044,6.814421781246143e-05,0.14440010155831742
"('0018697000', 'Aerospace Engineering')",0.002489814395654142,0.0038157576854473065,0.13223585752768632,2.5948230311901992e-05,0.14379370503747962
"('0033886000', 'Mechanical Engineering')",0.0018107741059302852,0.002713188980433124,0.1317076079179585,1.1807983159368691e-05,0.1411436087929975
"('0033886000', 'Chemistry')",0.0018107741059302852,0.0009052845640526493,0.11640406808241556,1.6355282107867228e-06,0.12295701287043481
"('0033886000', 'CLAS IT')",0.0004526935264825713,0.0,0.11639180146477686,1.2390831249410378e-06,0.12250431934395224
"('0023879000', 'School of Physics and Astronomy')",0.0009053870529651426,0.00760625442581335,0.1297999236125393,1.193113258463282e-05,0.14015686007820383
"('0027110000', 'Mechanical and Aerospace Engineering')",0.001358080579447714,0.0038628606176460624,0.11612258844556589,1.2980027101777672e-06,0.12413264706723236
"('0013177000', 'San Diego Supercomputer Center')",0.002489814395654142,0.0031662924625656683,0.11512103603720979,1.4476110618460679e-06,0.12317656919752556
"('4012365000', 'Unknown Dept')",0.0015844273426889996,0.005934525583527737,0.14014274385408407,0.00014152253067494338,0.15287185927996827
"('4007712000', 'Education')",0.0009053870529651426,0.004836775903791274,0.1282363868570765,2.5952389714604315e-05,0.13905159172497947
"('0036582000', 'Civil, Architectural and Env Engineering')",0.000679040289723857,0.0,0.12640915593705293,4.80664941291616e-06,0.134628954366391
"('0036582000', 'Department of Civl and Env. Engineering')",0.0011317338162064282,6.832594166214946e-08,0.12641639006523978,5.709759146611148e-06,0.1348553011296323
"('0036582000', 'Department of Civil Engineering')",0.0011317338162064282,6.832594166214946e-08,0.12641639006523978,5.709759146611148e-06,0.1348553011296323
"('0036582000', 'Civil, Architectural & Environmental Eng')",0.002489814395654142,0.012999990751050117,0.14468642541345997,4.020140270372664e-05,0.15806608385829643
"('0022301000', 'Geology & Geophysics')",0.0009053870529651426,0.0002029760019064856,0.12203745649411635,2.8111315820549253e-05,0.13032048367607413
"('0022301000', 'Marine Chemistry and Geochemistry')",0.0018107741059302852,0.002903179511454579,0.13810565801813066,0.0002433986115245372,0.15050478418518176
"('0022301000', 'Geology and Geophysics')",0.0009053870529651426,0.0006218421662253508,0.12300924379106805,2.6179131634097964e-05,0.13162689380434914
"('0030908000', 'Electrical and Computer Engineering')",0.0022634676324128564,0.004243246842803407,0.11722875262026694,1.5758297052085682e-05,0.1270227644067616
"('7203590102', 'Unknown Dept')",0.000679040289723857,0.0,0.11547006089751967,1.2706341026255293e-05,0.12381963046007816
"('0030908000', 'Department of Physics')",0.0022634676324128564,0.009055873548184287,0.129700848427913,0.00010970598266944589,0.14201742563557843
"('0030908000', 'Surgery')",0.000679040289723857,0.0,0.11547006089751967,1.2706341026255293e-05,0.12381963046007818
"('0015354000', 'Linguistics')",0.001358080579447714,0.0009051820751401561,0.13849529780564263,0.00010432809087374978,0.1491773366716775
"('0015354000', 'Speech, Language, & Hearing Sciences')",0.0004526935264825713,0.0,0.1384866152592314,9.371780220595952e-05,0.14895098990843625
"('0029744000', 'RENCI')",0.0015844273426889996,0.0009051820751401561,0.14115917950028756,0.0003314799250072668,0.1549377386860403
"('0096354000', 'CIARA')",0.0015844273426889996,0.0014552883988278305,0.14756179024716098,0.0003870547806624681,0.16306882783229443
"('0096354000', 'CIARA - Center for Internet Augmented Re')",0.0015844273426889996,0.0014552883988278305,0.14756179024716098,0.0003870547806624681,0.16306882783229443
"('0013706000', 'Geological Sciences and INSTAAR')",0.00022634676324128565,0.0,0.12725753953394592,1.6016601482791256e-06,0.13646180978118436
"('0013706000', 'INSTAAR')",0.002489814395654142,0.008030650103885288,0.14580858085808582,1.726728449369815e-05,0.16118325050534024
"('0030908000', 'Materials Science & Engineering')",0.001358080579447714,0.005858010225287938,0.1295259315723123,0.0034622021283387174,0.14246030992296152
"('0030908000', 'Mechanical Engineering')",0.000679040289723857,0.0,0.12556130279088273,0.00040851972261036904,0.1362934139699636
"('0030908000', 'ElectroScience Laboratory, ECE Dept.')",0.000679040289723857,0.0,0.12556130279088273,0.00040851972261036904,0.13629341396996358
"('0023259000', 'Psychology')",0.002037120869171571,0.002126606224070415,0.1306945923559342,4.133403253135678e-06,0.14060080995911658
"('0023259000', 'Ctr. for Human Growth & Devel./Psych')",0.000679040289723857,0.0,0.12404885581917731,1.3011733019450507e-06,0.13210042434804758
"('0013508000', 'Psychology')",0.000679040289723857,0.0,0.12404885581917731,1.3011733019450507e-06,0.13210042434804758
"('0023259000', 'School of Information')",0.001358080579447714,0.00528663879746969,0.13984110404203462,8.692435425794735e-06,0.15184012456533857
"('0017749000', 'Psychology')",0.0018107741059302852,0.0046900249498753556,0.13114072842767668,0.0005178435583371493,0.1425655847849146
"('0016931000', 'Psychology')",0.0009053870529651426,0.0,0.11915421543772588,6.660658555263895e-05,0.1275433013493214
"('0001024000', 'Cognitive Science')",0.0009053870529651426,0.0,0.11915421543772588,6.660658555263895e-05,0.1275433013493214
"('0018408000', 'Psychology')",0.0011317338162064282,0.0004526935264825713,0.11915742913396445,6.712644773781648e-05,0.127656474730942
"('0028068000', 'Unknown Dept')",0.002716161158895428,0.004616553223706199,0.12520191571967013,7.272030010668238e-05,0.13603068188287654
"('0018408000', 'Department of Economics')",0.000679040289723857,0.0,0.1140040771037081,1.8362133904501808e-06,0.11932075896539392
"('0018408000', 'Economics')",0.0004526935264825713,0.0004526935264825713,0.12866961789375583,1.8127622212451844e-05,0.13676068913732956
"('0017392000', 'Department of Chemistry')",0.00022634676324128565,0.0,0.11367846850555784,4.0702295387491896e-05,0.11982864571422684
"('0017392000', 'Chemistry')",0.000679040289723857,0.0004526935264825713,0.12825500043545157,0.0004426085534402867,0.13761574550392938
"('0032896000', 'Unknown Dept')",0.001358080579447714,0.0004526935264825713,0.1205095332915087,4.1818874631159864e-06,0.12977984586461164
"('0019505000', 'Biomedical Engineering')",0.0011317338162064282,0.0,0.12050624624952266,4.149413471325057e-06,0.12966667248299096
"('0019281000', 'School of Integrated Studies')",0.0011317338162064282,0.0,0.12050624624952266,4.149413471325057e-06,0.12966667248299096
"('6250038992', 'Envision Research Institute')",0.0011317338162064282,0.0,0.12050624624952266,4.149413471325057e-06,0.12966667248299096
"('6250038992', 'Unknown Dept')",0.0011317338162064282,0.0,0.12050624624952266,4.149413471325057e-06,0.12966667248299096
"('0001024000', 'Mechanical & Aerospace Engineering')",0.001358080579447714,0.00406686253664363,0.1213069741900055,2.0064464443514473e-05,0.13206983137048559
"('0001024000', 'Department of Biology')",0.0009053870529651426,0.0,0.10820740160180264,2.564433640765981e-06,0.11565255263257537
"('0017400000', 'Department of Physiology')",0.0009053870529651426,0.0,0.10820740160180264,2.564433640765981e-06,0.11565255263257537
"('0017400000', 'Physiology')",0.0009053870529651426,0.0,0.10820740160180264,2.564433640765981e-06,0.11565255263257536
"('0037457000', 'Chemical Engineering')",0.0022634676324128564,0.0029399558921242154,0.13417560057096,0.00019208990623143456,0.14634369830159696
"('0037457000', 'Civil Engineering')",0.0004526935264825713,0.0,0.11830865222397773,1.946816337556955e-05,0.12593050521378432
"('0037457000', 'Mechanical and Aerospace Engineering')",0.0004526935264825713,0.0,0.11830865222397773,1.946816337556955e-05,0.12593050521378432
"('0023259000', 'Industrial and Operations Engineering')",0.002716161158895428,0.008985617725737478,0.14346950704682732,9.624074647626958e-06,0.15736341082085634
"('0018929000', 'Unknown Dept')",0.001358080579447714,0.0018095442389803665,0.12759198290302085,2.346808600991029e-06,0.1372651322572098
"('0029728000', 'Fitts Department of Industrial and Syste')",0.001358080579447714,0.0012662960834248932,0.13424898963809292,8.474731572489312e-06,0.14578165094801535
"('0029728000', 'Industrial and Sytems Engineering')",0.0015844273426889996,0.0013677979626892784,0.13847793380140422,6.5047440260594795e-06,0.15045642326085854
"('0034488000', 'Computer Science and Engineering')",0.001358080579447714,0.000983263183158994,0.10894653777865457,6.897451485205531e-08,0.11494773012960521
"('0029207000', 'Dept of Electrical and Computer Engineer')",0.0015844273426889996,0.006025570093221337,0.1413217324547374,0.03987031149297244,0.15608051347073393
"('0029207000', 'Biostatistics and Bioinformatics')",0.0011317338162064282,0.0016492976717100594,0.13690734428261545,0.03914564782668927,0.15039089915164916
"('0029207000', 'Electrical Engineering')",0.0009053870529651426,0.0,0.13577135832821144,0.038825195525811165,0.14852932767147212
"('0033795000', 'Pediatrics')",0.0015844273426889996,0.00017828453456372823,0.1376967430263363,0.04547708644884107,0.151385657248037
"('0023259000', 'College of Engineering')",0.0011317338162064282,0.0004526935264825713,0.13949229603435212,2.2456510316578728e-05,0.15139596018387247
"('0023259000', 'Department of Psychology')",0.002037120869171571,0.004182502898393066,0.14011163262717238,2.34714932654579e-05,0.15278411418067286
"('0038950000', 'Mechanical Engineering')",0.0022634676324128564,0.011693207297841639,0.1493576741041244,0.00011367943669944663,0.16433107471473155
"('0011379001', 'Mechanical Engineering')",0.0009053870529651426,0.0,0.13948789189530514,2.2282427992900246e-05,0.15128278680225182
"('0010819000', 'Arts, Media and Engineering')",0.001358080579447714,0.009731843803502645,0.15663889381315368,0.0014566304353307651,0.17551302942316874
"('0010819000', 'ISTL')",0.0004526935264825713,0.0,0.13680136244000618,0.00019390409473041858,0.14841437735846885
"('0013144000', 'Ecology and Evolutionary Biology')",0.000679040289723857,0.002311774784146998,0.11773170601716143,0.02068975284989048,0.12646221039158997
"('0010827000', 'Department of Biological Sciences')",0.0018107741059302852,0.0026446719721275507,0.11937314239394758,0.0022503192651934026,0.1285485033928891
"('0021055000', 'Computer Science & Electrical Eng.')",0.000679040289723857,0.0,0.1355048460311618,1.25352814172951e-05,0.1458370976139186
"('0021998000', 'Electrical and Computer Engineering')",0.004526935264825713,0.044633152457744185,0.15672780162474725,0.00010899224111689856,0.1745428468719538
"('0021998000', 'Health Sciences')",0.000679040289723857,0.0,0.1355048460311618,1.2535281417295096e-05,0.14583709761391855
"('0021055000', 'Erickson School of Aging Studies')",0.000679040289723857,0.0,0.1355048460311618,1.2535281417295096e-05,0.1458370976139186
"('0018408000', 'Chemical and Biomolecular Engineering')",0.00022634676324128565,0.0,0.11232298578801515,3.5661491708688235e-07,0.11739547006885738
"('0018408000', 'Chemistry and Biochemistry')",0.0009053870529651426,0.0009052845640526493,0.12653224882575323,3.819142740240791e-06,0.13424154124131457
"('0029728000', 'Industrial & Systems Engineering')",0.0015844273426889996,0.006900944744807231,0.14587598230205376,2.1014023233513586e-05,0.15881921194845522
"('0023259000', 'Materials Science & Engineering')",0.002489814395654142,0.007123319454435046,0.1430977521539159,1.9256430343591525e-05,0.15599503358670297
"('0023259000', 'Architecture')",0.0004526935264825713,0.0,0.14255291688177593,1.5659044414372903e-05,0.15391560742963992
"('0023259000', 'Computer Science and Engineering')",0.003168854685377999,0.035283989426407425,0.16582839126191729,0.00015068731754095156,0.18479880802764337
"('0039545000', 'Physics')",0.001358080579447714,0.00022629551878503902,0.09496786397540896,2.1441087117426845e-08,0.09925301175034652
"('0039545000', 'AMPAC and Mech.Mat.Aero. Eng.')",0.0009053870529651426,0.0018095442389803665,0.10492068015578987,1.6677431728135737e-07,0.11078015059321303
"('0039545000', 'NanoScience Technology Center')",0.000679040289723857,0.0,0.0949658226215554,1.929537334138097e-08,0.0991398383687259
"('0013169000', 'Department of Chemical and Environmental')",0.0009053870529651426,0.00022629551878503902,0.09496786397540896,1.961935443681016e-08,0.09925301175034654
"('0015354000', 'Industrial & Systems Engineering')",0.000679040289723857,0.0,0.12581159585374188,0.00022979294793758345,0.13562717210861097
"('0010819000', 'Social Work')",0.000679040289723857,0.0,0.12581159585374188,0.00022979294793758345,0.13562717210861097
"('0010819000', 'Computer Science & Engineering')",0.0022634676324128564,0.0018283761400662217,0.14390410735806652,0.001981914898335522,0.16020536854624579
"('0013169000', 'School of Public Policy')",0.000679040289723857,0.0,0.12581159585374188,0.0002297929479375835,0.135627172108611
"('0016915000', 'Computer Science')",0.0004526935264825713,0.0,0.13230317731261043,2.4638333062567293e-05,0.14151551757934705
"('0016915000', 'Department of Computer Science')",0.0004526935264825713,0.0,0.13230317731261043,2.4638333062567293e-05,0.14151551757934705
"('0032102000', 'School of EECS')",0.0029425079221367134,0.030076320521055157,0.15246574869724264,0.00024084761545198376,0.16816475423876806
"('0022228000', 'Dean of Students')",0.0004526935264825713,0.0,0.09220879510779956,2.2351301442066808e-07,0.09591353975552983
"('0022228000', 'Unknown Dept')",0.0004526935264825713,0.0,0.09220879510779956,2.2351301442066808e-07,0.09591353975552987
"('0022228000', 'Chemistry')",0.001358080579447714,0.0009051820751401561,0.10157022323378624,2.206961050252962e-06,0.10675368770327737
"('0027110000', 'Biological and Environmental Engineering')",0.0004526935264825713,0.0018095442389803665,0.10218336571375705,3.825092390501031e-08,0.10685732234854887
"('0027110000', 'Physics')",0.0011317338162064282,0.001357670623797741,0.09272357126366823,3.993290872069479e-09,0.09639511055461349
"('0037986000', 'Sociology')",0.0011317338162064282,0.0004526935264825713,0.10616874534400307,5.437645378069357e-07,0.11226312552887527
"('0037986000', 'Department of Sociology')",0.00022634676324128565,0.0,0.09598088203345644,5.082125366077347e-08,0.10011732284320107
"('0014266000', 'Department of Anthropology')",0.000679040289723857,0.0009051820751401561,0.1063169293707135,0.00045426980516424857,0.11273666946615668
"('0014266000', 'Unknown Dept')",0.002037120869171571,0.004972557056346251,0.11894889882074201,0.004847889890700516,0.1286075248894463
"('0029728000', 'Chemistry')",0.0015844273426889996,0.006890010864763389,0.15595326344029087,7.109550367703531e-05,0.17130103812991918
"('0027078000', 'Earth & Environmental Sciences')",0.000679040289723857,0.0,0.1144559585492228,5.484780665852701e-07,0.12039538161652169
"('0027078000', 'Lamont-Doherty Geological Observatory')",0.000679040289723857,0.0,0.1144559585492228,5.484780665852701e-07,0.12039538161652166
"('P269814882', 'Unknown Dept')",0.000679040289723857,0.0,0.1144559585492228,5.484780665852701e-07,0.12039538161652166
"('0027078000', 'Lamont Doherty Earth Observatory')",0.0018107741059302852,0.001809851705717846,0.12923796986982594,4.8598010666228495e-06,0.13827523954843943
"('0026294000', 'Chemistry and Chemical Biology')",0.0022634676324128564,0.006385129299860207,0.13148418201839232,1.5361085110371446e-05,0.14459178363909564
"('0026294000', 'Chemistry')",0.00022634676324128565,0.0,0.11620811194697249,1.4141857102863096e-06,0.12420783835118224
"('0029751000', 'College of Computing and Informatics')",0.000679040289723857,0.005733130937774107,0.14931729079356496,6.648921672974459e-05,0.1631882980456986
"('0014480000', 'Atmospheric Sciences')",0.0009053870529651426,0.0,0.1294045282797809,9.275347662975218e-06,0.14092440116093266
"('0033290000', 'Department of Meteorology')",0.002037120869171571,0.010905372093738638,0.1482749362330514,7.02525363015997e-05,0.1661622134969786
"('0021055000', 'Physics')",0.0011317338162064282,0.0004526935264825713,0.1294083186877563,9.348214500079551e-06,0.14103757454255333
"('0033290000', 'Department of Meteorology and Atmospheri')",0.0009053870529651426,0.0,0.1294045282797809,9.275347662975218e-06,0.14092440116093266
"('0021030000', 'Chemistry & Biochemistry')",0.000679040289723857,0.0,0.1257542980758283,0.00031289359058634015,0.13441253995237692
"('0021030000', 'Chemistry and Biochemistry')",0.001358080579447714,0.0016760016426770376,0.13248568087084295,0.000365338612164851,0.14350422476271193
"('0021030000', 'Animal Sciences')",0.000679040289723857,0.0,0.1257542980758283,0.00031289359058634015,0.13441253995237692
"('0021030000', 'Biology')",0.001358080579447714,0.0028214817665965486,0.1393427111587712,0.0027242754921238646,0.15111334078626834
"('0026633000', 'Physics and Astronomy')",0.0011317338162064282,0.0004526935264825713,0.10396761895797053,5.730531117899192e-07,0.10958689886421834
"('5300004468', 'Pathology Department')",0.00022634676324128565,0.0,0.09417833770331052,5.386190725757534e-08,0.09809743774290343
"('0011312000', 'Physics (Theoretical Astrophysics)')",0.00022634676324128565,0.0,0.12263365347249208,1.977650235351658e-06,0.12938396452146944
"('0011312000', 'Unknown Dept')",0.0015844273426889996,0.0012731829683447237,0.1397703185801512,2.1477934499561143e-05,0.15060238727622055
"('0021998000', 'Psychology')",0.000679040289723857,0.0018095442389803665,0.1201261623796835,1.511544266034423e-06,0.1277208095083826
"('0029207000', 'Psychology & Neuroscience')",0.0011317338162064282,0.001357670623797741,0.10726164752725242,1.5876782862753915e-07,0.11268672015516315
"('0025650000', 'Mathematics')",0.0009053870529651426,0.0009051820751401561,0.10251769346791971,3.4158661881061506e-08,0.10792460780194592
"('0025650000', 'Unknown Dept')",0.002037120869171571,0.005872102241299281,0.11421332919704255,3.2752448942822554e-07,0.12239830770557279
"('0036327060', 'Computer Science & Engineering')",0.002037120869171571,0.002151130601109215,0.1409250398724083,7.90218164676027e-06,0.15380597911720487
"('0036327000', 'Geology and Geophysics')",0.0009053870529651426,0.0,0.13901825047199495,4.824168933573551e-06,0.15005838058124088
"('0036327000', 'Educational Administration and Human Res')",0.0009053870529651426,0.0,0.13901825047199495,4.824168933573551e-06,0.15005838058124085
"('0036327000', 'Teaching, Learning, and Culture')",0.001358080579447714,0.002261417854162992,0.13904012588512982,4.910178911847022e-06,0.15036017626556256
"('0027078000', 'Lamont-Doherty Earth Observatory')",0.004074241738343142,0.015113702781955502,0.14836954696577895,4.155558258534832e-05,0.16286607738622108
"('0027078000', 'Lamont Doherty')",0.00022634676324128565,0.0,0.1292039539100427,3.8261235178422465e-06,0.1375584747981754
"('0015982001', 'Warnell School of Forestry and Natural R')",0.0009053870529651426,0.0,0.14478599986891263,0.0007253007499594875,0.1585149515491291
"('0015859000', 'IESA')",0.0009053870529651426,0.0,0.14478599986891263,0.0007253007499594875,0.1585149515491291
"('0029843000', 'Unknown Dept')",0.0015844273426889996,0.001357670623797741,0.14480023598046607,0.0007443564271707587,0.15885447169399097
"('0015982001', 'Unknown Dept')",0.008374830239927569,0.06954253297937123,0.16922664419504346,0.005607788107668864,0.1937646711469697
"('0013201000', 'MCDB')",0.000679040289723857,0.0004526935264825713,0.12877087644641347,0.024123498095876033,0.13915270509883373
"('0013201000', 'Molecular Cell and Developmental Biology')",0.00022634676324128565,0.0,0.11408356143159634,0.0022183794311186264,0.12080381610994953
"('0015982001', 'School of Marine Sciences')",0.0011317338162064282,0.0011257094942674127,0.14477176655634563,0.0005951965476727943,0.15847722708858886
"('0015982000', 'Odum School of Ecology')",0.0009053870529651426,3.618272707626948e-06,0.12662654055603326,0.00014279330638264077,0.13583603244898584
"('0015982000', 'Department of Computer Science')",0.000679040289723857,0.0,0.12648877691250573,7.47604339266538e-05,0.13521726147598215
"('0036525000', 'Department of Biology and Biochemistry')",0.000679040289723857,0.0,0.12648877691250573,7.47604339266538e-05,0.13521726147598215
"('0015743000', 'Sociology')",0.0004526935264825713,0.0,0.1311913528922675,0.0002133502068745811,0.1421022497697455
"('0013201000', 'Geography')",0.003168854685377999,0.0213228627512901,0.1509911141490089,0.002053513292645556,0.1699626520303286
"('0013136000', 'Emergency Medicine, Violence Prevention')",0.0004526935264825713,0.0,0.1311913528922675,0.0002133502068745811,0.14210224976974548
"('0021287000', 'Lynch School of Education')",0.0018107741059302852,0.0024063880767521756,0.11156565656565656,1.5521987832143223e-06,0.11973333857903534
"('0021287000', 'Department of Mathematics')",0.001358080579447714,0.0,0.10643218501565888,1.5104198109466197e-06,0.11298758769961588
"('4002911000', 'U.S. Division')",0.0011317338162064282,0.002442790465704802,0.1156544502617801,1.0588776501757048e-05,0.12411702704488844
"('4002911000', 'U.S. Division-STEM')",0.0009053870529651426,0.0,0.10643218501565888,1.383168074376386e-06,0.11298758769961588
"('0021287000', 'Math Dept')",0.0009053870529651426,0.0,0.10643218501565888,1.383168074376386e-06,0.11298758769961588
"('0036152000', 'Unknown Dept')",0.001358080579447714,0.0009052845640526493,0.10130239383655874,8.629795956022785e-08,0.10791915724144584
"('0036152000', 'Curriculum and Instruction')",0.00022634676324128565,0.0,0.09198609173624268,7.941165527960139e-09,0.09643210560592727
"('0025171000', 'Department of Mathematics and Statistics')",0.00022634676324128565,0.0,0.11620199894792214,1.3212490325319675e-05,0.12290144717713682
"('0018697000', 'Mathematics')",0.0018107741059302852,0.003616526255148402,0.1314763562777133,0.00014366897100450584,0.14212460493583073
"('0037986000', 'Unknown Dept')",0.0061113626075147125,0.027786791391924123,0.14261273766099616,5.1890681228335724e-05,0.16210370748307004
"('0022301000', 'Applied Ocean Physics and Engineering')",0.0009053870529651426,0.007781123946338397,0.1311446212301116,6.273102776133384e-06,0.1443932635333781
"('0015354000', 'Industrial and Systems Engineering')",0.0011317338162064282,0.0004526935264825713,0.14585671838890724,0.00040490630515164784,0.15977385310228126
"('0015354000', 'Industrial And Systems Engineering')",0.00022634676324128565,0.0,0.12729420577981387,3.805197377942933e-05,0.13577163681849055
"('0030908000', 'ECE and CSE')",0.0004526935264825713,0.0004526935264825713,0.10493563251151965,1.4615149300794219e-06,0.11133073865511854
"('0029728000', 'Depart. of Electrical and Computer Engin')",0.0009053870529651426,3.371219147542822e-05,0.1310395966187157,7.208473785546932e-06,0.14112463978353484
"('0029728000', 'Department of Teacher Education and Lear')",0.0018107741059302852,0.00440160535676899,0.13632857098774956,3.529609640358158e-05,0.14961350517597563
"('7203576408', 'School for the Future of Innovation in S')",0.00022634676324128565,0.0,0.1118396071184467,2.945311384692096e-05,0.11873301676945745
"('0029728000', 'Psychology')",0.0004526935264825713,0.0,0.12737127371273713,3.5185874160947772e-06,0.13531610233737867
"('0001057000', 'Social and Decision Sciences')",0.000679040289723857,0.0,0.1314098750743605,0.00011756563846450786,0.14118149342232536
"('0034140000', 'Oceanography')",0.0009053870529651426,0.000452744770938818,0.1114783881305039,1.8363784418992878e-06,0.11824157111584106
"('0034140000', 'Graduate School of Oceanography')",0.002037120869171571,0.004475051447809023,0.12544721449258903,9.793452658768723e-06,0.1355148460512869
"('0034140000', 'Department of Computer Science and Stati')",0.0004526935264825713,0.0,0.11147276259682588,1.087700377758157e-06,0.11801522435259978
"('0015982000', 'Department of Anthropology')",0.000679040289723857,0.0004526935264825713,0.11547307893361212,7.457521045001585e-06,0.12223213498910479
"('0015982000', 'Unknown Dept')",0.0015844273426889996,0.0020782514996298533,0.13053241151096143,7.297713684813088e-05,0.14072496801922504
"('0015982001', 'Anthropology')",0.0004526935264825713,0.0,0.11547006089751967,7.399720818956441e-06,0.12211896160748414
"('0014175000', 'Curriculum and Instruction')",0.0009053870529651426,0.00271400889173307,0.10484100616990982,2.981506349696946e-07,0.11042494162917128
"('0096354000', 'Bob Moses Research Center')",0.000679040289723857,0.0009051820751401561,0.09490258415139734,2.8220630652659016e-08,0.09897243084550406
"('0023259000', 'Biological Chemistry')",0.000679040289723857,0.0,0.09646498831852224,1.0566810872051836e-08,0.10111187353301637
"('0023259000', 'Department of Biological Chemistry')",0.000679040289723857,0.0,0.09646498831852224,1.0566810872051836e-08,0.10111187353301637
"('0023259000', 'Computational Medicine & Bioinformatics')",0.0018107741059302852,0.0019240164161292426,0.0972057205720572,1.1513176245033688e-08,0.10254083068571729
"('0023259000', 'Internal Medicine')",0.0011317338162064282,0.0031395190745528065,0.10673044402570421,9.272137371792235e-08,0.11300170988661064
"('0010819000', 'School of Human Evolution & Social Chang')",0.001358080579447714,0.0006781178895114179,0.12590122823516,0.0002724749833429953,0.1364797449168198
"('0021030000', 'Electrical and Computer Engeering')",0.0009053870529651426,0.0,0.10129542588558982,7.712733823586609e-08,0.10765508601766434
"('0021030000', 'Center for Automation Research')",0.0009053870529651426,0.0,0.10129542588558982,7.712733823586609e-08,0.10765508601766437
"('0021030000', 'Institute for Systems Research')",0.001358080579447714,0.0009051820751401561,0.10130007107972394,7.84675914218607e-08,0.10788143278090563
"('0020776000', 'Electrical & Computer Engineering')",0.0011317338162064282,0.002713086491520631,0.11269545698033313,6.054482688460855e-07,0.1219322663920955
"('0020776000', 'Electrical and Computer Engineering')",0.0009053870529651426,0.0,0.10129542588558982,7.71273382358661e-08,0.10765508601766434
"('0011395000', 'Mechanical and Aerospace')",0.001358080579447714,0.0,0.12460514440433212,5.6210605772919145e-06,0.13328043146682728
"('4015152000', 'Unknown Dept')",0.0029425079221367134,0.011205321426409738,0.14232330391083048,4.004751268802769e-05,0.15638365394476625
"('0011395000', 'CNSM')",0.0009053870529651426,0.0,0.12460514440433212,5.147580132802626e-06,0.13328043146682728
"('0011395000', 'Information Systems')",0.0009053870529651426,0.0,0.12460514440433212,5.147580132802626e-06,0.13328043146682728
"('0011395000', 'Chemical Engineering')",0.0009053870529651426,0.0,0.12460514440433212,5.147580132802626e-06,0.13328043146682728
"('0013706000', 'Cognitive Science')",0.0011317338162064282,0.0004526935264825713,0.10798523696624544,2.7035575750427604e-07,0.11442187072462806
"('0018408000', 'Department of Computer Science and Eng.')",0.00022634676324128565,0.0,0.09746304875358482,2.529324190784148e-08,0.10177889321982109
"('0010819000', 'Biomedical Engineering')",0.0004526935264825713,0.0,0.12599817476614192,0.0003539239858109477,0.1358510773970251
"('0015982001', 'Chemistry')",0.00022634676324128565,0.0,0.1447385663740008,0.000515824279153405,0.1579113601804857
"('0013706000', 'Institute of Arctic and Alpine Research')",0.0004526935264825713,0.0,0.12727220349724888,1.924667812615443e-06,0.13668815654442568
"('0025163000', 'Computer Science')",0.002489814395654142,0.01566298048169274,0.15274512515558014,0.0011218931550582502,0.17025115873010713
"('0025163000', 'Computer Engineering/Computer Science')",0.00022634676324128565,0.0,0.13250952280975375,0.00010324866737384736,0.14280263773246954
"('0036756000', 'Chemical And Fuels Engineering')",0.0009053870529651426,0.0,0.14099250039891495,0.0005719366143536566,0.15273444740963865
"('0036756000', 'School of Computing')",0.004526935264825713,0.018877548890313952,0.15984659358153333,0.004414203022724885,0.17943173658995207
"('6250026398', 'Office of Research')",0.0009053870529651426,0.0,0.14099250039891495,0.0005719366143536566,0.15273444740963865
"('0036772000', 'Department of Psychology')",0.0009053870529651426,0.0,0.14099250039891495,0.0005719366143536566,0.15273444740963865
"('0037986000', 'Human Centered Design & Engineering')",0.0022634676324128564,0.0072065801516381185,0.12868460911103344,6.826010142638448e-06,0.14073887105801916
"('0037986000', 'Human Centered Design and Engineering')",0.001358080579447714,0.0018095442389803665,0.11537055413380687,1.8121819461012314e-06,0.12459691004530889
"('0037986000', 'The Information School')",0.001358080579447714,0.0015535591046563532,0.12632963513668077,6.643856707276264e-06,0.13881416065346036
"('0037986000', 'Information School')",0.001358080579447714,0.00045860902153122647,0.1242546968162898,5.576498667589204e-06,0.1350411668849936
"('0010835000', 'Mathematics')",0.0022634676324128564,0.0029020061660889125,0.1228006782110793,4.261186076298048e-06,0.1327637727334479
"('0010835000', 'Department of Mathematics')",0.00022634676324128565,0.0,0.10937267911075903,3.95898157684556e-07,0.1156960675657575
"('0028381000', 'Computer Science')",0.0029425079221367134,0.011090427598997416,0.11967062137710602,0.00010343800959302025,0.12918784593151447
"('0018697000', 'Electrical and Computer Engineering')",0.002716161158895428,0.004396034605069075,0.13751673047592367,3.091084460397769e-05,0.14907179486174485
"('0018697000', 'Electrical & Computer Engineering')",0.0011317338162064282,7.679160538174855e-05,0.12684831605845703,7.629677209983047e-06,0.13608703365946434
"('0036582000', 'Marine Science Institute')",0.00022634676324128565,0.0,0.14859410735907438,2.38323016636714e-05,0.16018783289041222
"('0037457000', 'Materials Science and Engineering')",0.000679040289723857,0.0009051820751401561,0.11887528588725951,2.031235614393789e-06,0.12584668197751683
"('0037457000', 'Dept. Materials Science & Engineering')",0.0004526935264825713,0.0,0.10625045092710612,2.0615107828647922e-07,0.11111514913807524
"('0037457000', 'Microbiology, Immunology and Cancer Biol')",0.0004526935264825713,0.0,0.10625045092710612,2.0615107828647922e-07,0.11111514913807524
"('0023259000', 'Mathematics')",0.0009053870529651426,0.004286739175573601,0.1435021275213564,2.1522860859809146e-05,0.1544490932336103
"('0025684000', 'Unknown Dept')",0.0009053870529651426,0.0013577731127102342,0.12126368951225537,1.779636474508598e-05,0.13152282669265253
"('0022905000', 'Electrical and Computer Engineering')",0.002716161158895428,0.010410251089367368,0.13796764724252078,0.0001885404865237547,0.15435608251611535
"('0010819000', 'School of Earth and Space Exploration')",0.002716161158895428,0.006448591670167451,0.1332689813278634,0.00025401978370424275,0.14625283109325574
"('0020834000', 'Chemistry')",0.001358080579447714,0.0009051820751401561,0.1048658912888678,4.321053454118974e-07,0.11137898374803357
"('0020834000', 'Department of Biology Dixon Rm 213')",0.0009053870529651426,0.0,0.10486091332004177,4.2473164498634483e-07,0.1111526369847923
"('0020834000', 'Physics & Engineering Physics')",0.0018107741059302852,0.002261417854162992,0.10487335912834998,4.437816025676533e-07,0.11164305497181508
"('0020834000', 'Mathematics')",0.0009053870529651426,0.0,0.10486091332004177,4.2473164498634483e-07,0.11115263698479227
"('0020834000', 'Advanced Studies Leadership and Policy')",0.0015844273426889996,0.005419921159379175,0.11711066931742876,3.3171274240838867e-06,0.12603425267143822
"('0018929000', 'Department of Chemistry')",0.00022634676324128565,0.0,0.10954081126648815,5.500451878176863e-07,0.11538692151958603
"('0018929000', 'Chemistry')",0.001358080579447714,0.0004526935264825713,0.12301266880133649,5.961611558494464e-06,0.13206603610915502
"('0035691000', 'Unknown Dept')",0.0022634676324128564,0.009330789183869053,0.14268182405373983,0.004542725539655728,0.15665778690903048
"('6250032970', 'MGHPCC')",0.0011317338162064282,0.0,0.1274116798846431,0.0006852860835018861,0.13697362254967463
"('6250022416', 'Unknown Dept')",0.0015844273426889996,0.0,0.1274116798846431,0.0007483050957131594,0.13697362254967463
"('0001479000', 'Office of Information Technology')",0.0011317338162064282,0.0,0.1274116798846431,0.0006852860835018861,0.13697362254967463
"('0036566000', 'Unknown Dept')",0.002716161158895428,0.007273463502649412,0.1325811001410437,0.0007903882705472945,0.14406117686448083
"('0036566000', 'Office of Information Technology')",0.0011317338162064282,0.0,0.1274116798846431,0.0006852860835018861,0.13697362254967463
"('0020776000', 'Physics and Astronomy')",0.0011317338162064282,0.0013577731127102342,0.11268108549275659,6.526909998011696e-07,0.12178136854993465
"('0020776000', 'Cell Biology')",0.00022634676324128565,0.0,0.10127220630372492,6.005942472679179e-08,0.10716089558458756
"('0014480000', 'Electrical Engineering and Computer Scie')",0.0004526935264825713,0.0,0.12554346281719758,3.368458245574005e-05,0.13457137965399554
"('0014480000', 'Electrical & Computer Engineering')",0.0004526935264825713,0.0,0.12554346281719758,3.368458245574005e-05,0.13457137965399554
"('0027854000', 'Marron Institute of Urban Management')",0.0004526935264825713,0.0,0.10988136394160221,5.377465119057797e-06,0.11583539255712448
"('0027854000', 'Finance')",0.0004526935264825713,0.0,0.10988136394160221,5.377465119057797e-06,0.11583539255712445
"('0027854020', 'Population Health')",0.0011317338162064282,0.002308896990499615,0.1234388533430192,5.3098300560587925e-05,0.13239601521912478
"('0017400000', 'Industrial Engg & Management Sciences')",0.000679040289723857,0.0004526935264825713,0.10772982199463546,1.9226250625208117e-07,0.11365878767317919
"('0017392000', 'School of Communication')",0.0004526935264825713,0.0,0.10772719514276657,1.907237057743915e-07,0.11354561429155856
"('0018259000', 'Computer Science')",0.0018107741059302852,0.014012217911881363,0.16269563616276927,0.00029004750471003124,0.18079146533763887
"('0018259000', 'School of Languages and Culture')",0.00022634676324128565,0.0,0.139934118839478,2.6808749186357833e-05,0.15021477064256528
"('0030908000', 'Department of Sociology')",0.00022634676324128565,0.0,0.11822001016831232,0.003039033332491227,0.12646226747596775
"('0017749000', 'Linguistics')",0.000679040289723857,0.0,0.1408621349317689,0.00013436720779536656,0.15264414173422733
"('0025064000', 'Aerospace & Mechanical Engineering')",0.000679040289723857,0.0,0.1408621349317689,0.00013436720779536656,0.15264414173422733
"('0014431000', 'Linguistics')",0.000679040289723857,0.0,0.1408621349317689,0.00013436720779536656,0.1526441417342273
"('0036327060', 'Zachry Department of Civil Engineering')",0.0004526935264825713,0.0,0.13612275080108455,0.00015282873875003227,0.1504940776129155
"('0022905000', 'Unknown Dept')",0.009732910819375282,0.06814152526237376,0.15756062767475035,0.0015084909037582203,0.18433330036996756
"('0034710000', 'Civil and Environmental Engineering')",0.0004526935264825713,0.0,0.13612275080108455,0.0001528287387500323,0.1504940776129155
"('0017756000', 'Department of Civil Engineering')",0.0009053870529651426,0.0,0.11144183230753708,7.123563354015028e-06,0.11876731393198028
"('0035303000', 'Civil and Environmental Engineering')",0.0022634676324128564,0.00376694581571786,0.1253938069423552,5.415044140885579e-05,0.13648863711108972
"('0018259000', 'Earth & Atmospheric Sciences')",0.0009053870529651426,0.0,0.11144183230753708,7.123563354015028e-06,0.11876731393198026
"('0025544000', 'Geography/Geology')",0.0009053870529651426,0.0,0.11144183230753708,7.123563354015028e-06,0.11876731393198026
"('0001289000', 'Civil Engineering')",0.0015844273426889996,0.0013574656459727544,0.11145026613859388,7.3429792877529875e-06,0.11910683407684218
"('0029744000', 'Renaissance Computing Institute')",0.001358080579447714,0.006589791184882949,0.1457845240059396,0.0006888895985168305,0.16044520968694675
"('0010819000', 'Electrical, Computer, Energy Engineering')",0.0015844273426889996,0.005045825287682527,0.14715384871598441,0.001825879353269121,0.16468830010590885
"('0010819000', 'Computer Science and Engineering')",0.0004526935264825713,0.0,0.14466273739358218,0.0014670668819026366,0.1605200493385183
"('0021998000', 'School of Public Policy & Urban Affairs')",0.0018107741059302852,0.009358146085948838,0.15018526702247,0.00012460773769790314,0.1648159194560265
"('0037457000', 'Office of the EVP and Provost')",0.0009053870529651426,0.004263887843911591,0.14803645623911005,6.035374248109269e-05,0.16171240484277888
"('0013201000', 'Computer Science')",0.0011317338162064282,0.0055850310482954075,0.15121333470239928,6.706335221661422e-05,0.16480715916546518
"('0036962000', 'College of Education and Social Services')",0.0011317338162064282,6.839061799357324e-05,0.11604023848921809,2.0680292724368355e-06,0.12333974529820989
"('0036962000', 'Chemistry')",0.000679040289723857,0.0,0.10923206250309055,1.3185060149541379e-06,0.11538159889090492
"('0036962000', 'Unknown Dept')",0.0022634676324128564,0.001077447275713675,0.12261663567483556,6.272185646871598e-06,0.1319942271023067
"('0036962000', 'Computer Science')",0.0018107741059302852,0.001077447275713675,0.12261663567483556,5.734644362173202e-06,0.1319942271023067
"('0011510001', 'Computer Science')",0.001358080579447714,0.0009051820751401561,0.10806183348009,3.615738993372505e-07,0.1142069325237103
"('0011510001', 'Electrical and Computer Engineering')",0.0004526935264825713,0.0,0.09752759381898454,3.666338242059436e-08,0.10173178794859923
"('0011510001', 'Sociology')",0.0004526935264825713,0.0,0.09752759381898454,3.666338242059436e-08,0.10173178794859924
"('0022301000', 'Department of Geology and Geophysics')",0.000679040289723857,0.0003385389018747858,0.1157999580624869,3.030260842841012e-06,0.12292526898683474
"('0021055000', 'Psychology')",0.0004526935264825713,0.0,0.11480095624155494,1.1849414286525188e-06,0.12295701593710358
"('0021030000', 'Counseling, Higher Education, and Specia')",0.0004526935264825713,0.0,0.11480095624155494,1.1849414286525188e-06,0.12295701593710355
"('0022335000', 'STEM Education Center')",0.0009053870529651426,0.0017892695242360285,0.1282922438075326,0.0008863565317628776,0.1386191554675092
"('0022335000', 'Unknown Dept')",0.0029425079221367134,0.0032656745489509963,0.13400467105462707,0.0024111325327070892,0.14549406027699943
"('0022335000', 'Physics')",0.0036215482118605704,0.004659187393721356,0.13957161812093258,0.007024894822908565,0.15301746565893093
"('0023879000', 'School of Mathematics')",0.0009053870529651426,0.001357670623797741,0.11842281609349452,3.3732443721206753e-06,0.12520917195826606
"('0018259000', 'Department of Mathematics')",0.0004526935264825713,0.0,0.10588883829063106,3.4489275447222425e-07,0.11055906089475137
"('0023879000', 'Mathematics')",0.0009053870529651426,0.0,0.10588883829063106,3.766143525267314e-07,0.11055906089475137
"('0037457000', 'Electrical & Computer Engineering')",0.000679040289723857,2.049778249864484e-07,0.13488428894180862,2.327198423477705e-05,0.14518444057828297
"('0037457000', 'Mechanical & Aerospace Engineering')",0.000679040289723857,0.0013574656459727544,0.1348925256472887,2.163405532032305e-05,0.1452598894993634
"('0037457000', 'Electrical and Computer Engineering')",0.002489814395654142,0.012668855497182734,0.15588173029426294,0.00020951616878583525,0.1730558775262251
"('0015982001', 'Department of Genetics')",0.0009053870529651426,4.612001062195089e-07,0.14476702274067763,0.0007585992931736888,0.15836405370696824
"('0015982001', 'Infectious Disease')",0.0004526935264825713,0.0,0.14474330832486976,0.0005856051087645303,0.15802453356210633
"('0114629000', 'Chemistry')",0.0009053870529651426,0.0,0.11456577548427249,8.088609701118806e-07,0.12069464027896035
"('0114629000', 'Biological Sciences')",0.0011317338162064282,0.0013574656459727544,0.1145746887966805,7.623023202244819e-07,0.12103416042382224
"('0114629000', 'Unknown Dept')",0.0018107741059302852,0.004068912314893494,0.12937042459736456,7.143615718509687e-06,0.13859070045692917
"('0037549000', 'Mechanical Engineering')",0.003168854685377999,0.017221224467847764,0.15766183712797088,0.0031629655754758686,0.17482703466745939
"('0037549000', 'Engineering Education')",0.0018107741059302852,0.00753322159048756,0.13823961951250038,0.0003397083893659115,0.1496782472846292
"('0036582000', 'IC2 Institute, VP for Research')",0.00022634676324128565,0.0,0.11304726081727694,3.9633651411162107e-07,0.11950643573266825
"('0035451020', 'Unknown Dept')",0.0011317338162064282,0.0004526935264825713,0.12745211170090007,4.299894012571008e-06,0.1376178415166635
"('0013151000', 'Earth, Planetary, and Space Sciences')",0.000679040289723857,0.00022629551878503902,0.10891967851683843,1.1676221577696993e-06,0.11460484307793317
"('0035691000', 'Physics')",0.000679040289723857,0.00022629551878503902,0.10891967851683843,1.1676221577696993e-06,0.11460484307793317
"('0010835000', 'Chemistry & Biochemistry')",0.0011317338162064282,0.0037357523026213544,0.11780390902061169,1.5693964040420836e-06,0.12576539160650213
"('0029207000', 'Electrical and Computer Engineering')",0.000679040289723857,0.0,0.12369113612184333,5.613653916266377e-06,0.13181949708658577
"('0029207000', 'Department of Mathematics')",0.000679040289723857,0.0,0.12369113612184333,5.613653916266377e-06,0.13181949708658575
"('0029207000', 'Mathematics')",0.0009053870529651426,0.0004526935264825713,0.12369459921046,5.6622397889277125e-06,0.13193267046820636
"('0022301000', 'Dept. of Geology and Geophysics')",0.000679040289723857,2.4233610385873827e-05,0.11150933871781929,5.361875131576301e-06,0.11786040339118603
"('0017756000', 'NCSA')",0.002489814395654142,0.011679701869245867,0.152676504129661,0.00012223026643292282,0.1681448537378806
"('0017756000', 'Department of Physics')",0.0015844273426889996,0.0039041502204731748,0.1378643200399426,2.3785257671929292e-05,0.14969023167868667
"('0013177000', 'Computer Science Engineering')",0.001358080579447714,0.0009051820751401561,0.1334662558153586,1.580143553494157e-05,0.142743851390297
"('0013177000', 'Department of Computer Science and Engin')",0.0009053870529651426,0.0,0.1334581923634606,1.553089348386825e-05,0.14251750462705573
"('0013177000', 'Medicine')",0.0009053870529651426,0.0,0.1334581923634606,1.553089348386825e-05,0.14251750462705573
"('4004027000', 'Scripps Translational Science Istitute')",0.0009053870529651426,0.0,0.1334581923634606,1.553089348386825e-05,0.1425175046270557
"('0038950000', 'Biostatistics and Medical Informatics')",0.0004526935264825713,0.0,0.13252542220355762,0.0004199862021668309,0.1428349720421918
"('0033290000', 'Statistics')",0.001358080579447714,0.002583027498003902,0.1363538162402395,0.0038050457941937992,0.14835122500355552
"('0028373000', 'Unknown Dept')",0.004300588501584427,0.011632518289054736,0.15066157413722547,0.0007606434126093425,0.16702132621666194
"('0015693000', 'School of Industrial Design')",0.0009053870529651426,0.006639137135298108,0.15079527612806334,0.00030534431516408166,0.16626928036502328
"('0014266000', 'School of the Environment')",0.0011317338162064282,0.0004526935264825713,0.10631948789526881,0.0006210746456078704,0.11292529176885774
"('0014266000', 'Department of Ecology and Evolution')",0.0009053870529651426,0.0,0.1063169293707135,0.0006162648258581061,0.11281211838723708
"('0014266000', 'Environmental Engineering Program')",0.0009053870529651426,0.0,0.1063169293707135,0.0006162648258581061,0.11281211838723712
"('0014266000', 'Environmental Engineering')",0.0009053870529651426,0.0,0.1063169293707135,0.0006162648258581061,0.11281211838723708
"('0001057000', 'Robotics')",0.000679040289723857,0.0,0.13161344137273595,0.0002543195756864035,0.14195762928786818
"('0020107000', 'Mechanical Engineering')",0.001358080579447714,0.0,0.11458360349612262,3.941305132897887e-06,0.12110691474057837
"('0020255000', 'Mechanical Engineering')",0.0009053870529651426,0.0,0.11458360349612262,3.606454977553016e-06,0.12110691474057837
"('0020313000', 'Center for Advanced Computer Studies')",0.002716161158895428,0.0020355835354841723,0.12939694812992414,1.589087926492413e-05,0.13942441103486783
"('0020081000', 'Mechanical Engineering')",0.0009053870529651426,0.0,0.11458360349612262,3.6064549775530165e-06,0.12110691474057834
"('0020313000', 'School of Computing and Informatics')",0.002037120869171571,0.0006781178895114179,0.12938557957008143,1.5409767935360444e-05,0.13908489089000592
"('0036616000', 'Unknown Dept')",0.003168854685377999,0.009201124345486712,0.12900400035039566,1.727907530957317e-05,0.14049575933346814
"('0018929000', 'Department of Nursing - Office of Nursin')",0.000679040289723857,0.0,0.11427241218767782,1.950237005594121e-06,0.12135685562259209
"('0018929000', 'Nursing Services and Patient Care')",0.000679040289723857,0.0,0.11427241218767782,1.950237005594121e-06,0.12135685562259209
"('0038950000', 'Nursing')",0.000679040289723857,0.0,0.11427241218767782,1.950237005594121e-06,0.12135685562259212
"('0015693000', 'Unknown Dept')",0.00882752376641014,0.08584855095618908,0.17210751850409037,0.002640125806100181,0.19710550628386714
"('0017392000', 'Chemical and Biological Engineering')",0.002037120869171571,0.004747873257875405,0.15140507196710076,0.0017739321433150107,0.16776697411034064
"('0017392000', 'Northwestern Center for Water Research')",0.0011317338162064282,0.00014280088809313847,0.15069240739477455,0.0018072158540562535,0.16619170842235406
"('0017392000', 'Civil and Environmental Engineering')",0.001358080579447714,0.004820143363980519,0.15145178430633163,0.0018766594298353025,0.16782356080115093
"('0017400000', 'Unknown Dept')",0.004074241738343142,0.023418575260544118,0.1581471935853379,0.008763011982025976,0.17773429163764012
"('0015693000', 'Biomedical Engineering')",0.003168854685377999,0.011272329040927578,0.1507592560996417,0.0003677232266155717,0.1659679909396957
"('0029744000', 'School of Education')",0.0011317338162064282,0.0,0.121758302328786,9.359094779647395e-06,0.13028704168925967
"('0023309000', 'Educational Leadership, Research, and Te')",0.002037120869171571,0.0013471126065346002,0.132374531835206,3.331322735925946e-05,0.1436839649209491
"('0033787000', 'Graduate School of Education')",0.0015844273426889996,0.0011956121634875768,0.12439814163029705,9.622088939063075e-06,0.13328170873440198
"('0031252000', 'School of Education')",0.0011317338162064282,0.0,0.121758302328786,9.359094779647395e-06,0.13028704168925967
"('4009395000', 'Unknown Dept')",0.003847894975101856,0.009945641956584159,0.13734999689112729,4.011054538126874e-05,0.1508930301879587
"('0015354000', 'School of Human Development and Organiza')",0.0011317338162064282,0.0,0.121758302328786,9.359094779647397e-06,0.1302870416892597
"('0013136000', 'Unknown Dept')",0.004074241738343142,0.0264593744269668,0.13471976581081904,4.225328004410996e-05,0.14838631013370596
"('0013136000', 'Biological and Agricultural Engineering')",0.0004526935264825713,0.0,0.11873152378392905,4.3545974862986225e-06,0.12688023491271544
"('0013136000', 'Dept. of Civil & Envir Engineering')",0.0004526935264825713,0.0,0.11873152378392905,4.3545974862986225e-06,0.12688023491271544
"('0017749000', 'Pritzker School of Molecular Egineering')",0.0015844273426889996,0.00015640650710978235,0.1398676670782284,0.0013841448944165275,0.15246674129652768
"('0017749000', 'Institute for Molecular Engineering')",0.004074241738343142,0.02425083702061897,0.16003767296964427,0.005365812858251795,0.18010816644247937
"('0017400000', 'Materials Science and Engineering')",0.002037120869171571,0.0021402914697100832,0.14710485133020346,0.004333171442682763,0.1623053409042535
"('0080010000', 'Civil, Materials, and Environmental Engi')",0.0009053870529651426,0.0,0.13804524434445695,0.0011275526329558561,0.14998138524621013
"('0017756000', 'Plant Biology')",0.0018107741059302852,0.0031108293898808753,0.13810565801813066,0.0011781060792545766,0.1505790484853401
"('0026393000', 'Computer Science')",0.0004526935264825713,0.0,0.13782561222898143,0.00044706320860650646,0.14902857535553254
"('0026393000', 'College of Arts & Letters')",0.0004526935264825713,0.0,0.13782561222898143,0.00044706320860650646,0.14902857535553254
"('0014894000', 'Biological Science and Institute of Mol')",0.000679040289723857,0.0,0.11772856876382339,0.005000294402411369,0.12609399734762522
"('0014894000', 'Institute of Molecular Biophysics')",0.000679040289723857,0.0,0.11772856876382339,0.005000294402411369,0.12609399734762522
"('0014894000', 'Chemistry and Biochemistry')",0.0009053870529651426,0.0004526935264825713,0.11773170601716143,0.005039320648961328,0.1262071707292459
"('0014894000', 'Biological Science')",0.002489814395654142,0.007825913689218401,0.13342191888382207,0.04433546955764794,0.1467380037094829
"('0038950000', 'Computer Sciences')",0.0022634676324128564,0.015339990410302746,0.16581594355201923,0.0002384757613383664,0.18350650217445064
"('0038950000', 'Computer Science')",0.003847894975101856,0.02202249955453449,0.1648015517755894,0.0009125734637992849,0.18445729488056245
"('0038950000', 'ECE')",0.000679040289723857,0.0,0.14937787395185284,0.0001205723861744498,0.16224908585705167
"('0013136000', 'Evolution and Ecology')",0.000679040289723857,0.0009051820751401561,0.09601425653062111,6.394493716413792e-08,0.10056570500276477
"('0013136000', 'Animal Science')",0.0011317338162064282,0.0013574656459727544,0.10619937020744694,6.709677279874029e-07,0.11252719675265681
"('0010827000', 'Computer Science')",0.0004526935264825713,0.0,0.1155788096795291,4.2302978352969205e-05,0.12339791357729239
"('0010827000', 'School of Informatics, Computing, and Cy')",0.0004526935264825713,0.0,0.1155788096795291,4.2302978352969205e-05,0.12339791357729239
"('0013797000', 'Biological Science')",0.0009053870529651426,0.0,0.09859406382503906,3.355643640390589e-08,0.10451730088127083
"('0022244000', 'Mathematics')",0.0009053870529651426,0.0,0.09859406382503906,3.355643640390589e-08,0.10451730088127081
"('0014456000', 'Center for New Designs in Learning and S')",0.0009053870529651426,0.0,0.09859406382503906,3.355643640390589e-08,0.10451730088127081
"('0035105000', 'Unknown Dept')",0.002489814395654142,0.009798606133826255,0.10875344623867664,2.3959285603962095e-07,0.11666351708691723
"('0011502000', 'Biological Sciences')",0.0022634676324128564,0.007126008269997285,0.09969536274399188,5.1974704149623174e-08,0.10696304399420431
"('0028381000', 'School of Marine and Atmospheric Science')",0.0018107741059302852,0.0007139597316409695,0.0966528112010501,3.500518504955356e-06,0.1022360322046305
"('0028068000', 'Mathematics & Statistics')",0.00022634676324128565,0.0,0.1112734233326617,6.6875806241300705e-06,0.117977924810434
"('0015362000', 'Chemistry')",0.0004526935264825713,0.0,0.1311601947512172,3.1666062435580793e-06,0.13957998290524912
"('0029728000', 'Department of Textile Engineering, Chemi')",0.0004526935264825713,0.0,0.1311601947512172,3.1666062435580793e-06,0.13957998290524914
"('0023879000', 'Department of Chemistry')",0.0009053870529651426,0.001357670623797741,0.0942727893479003,2.0229037755354562e-08,0.09881069386814205
"('0023879000', 'Chemical Eng. and Materials Sci.')",0.00022634676324128565,0.0,0.0861527661317057,1.8620077903723938e-09,0.0893346707689873
"('0013706000', 'Department of Aerospace Engineering Sci.')",0.00022634676324128565,0.0,0.12926443911287963,1.1889426360890764e-06,0.13849123940794328
"('0030908000', 'Integrated Systems Engineering')",0.0011317338162064282,0.0018723708518132067,0.13300018062496238,0.03128001463769711,0.1458881418365335
"('0015693000', 'Industrial & Systems Engineering')",0.002037120869171571,0.00821632924466127,0.15506651223193288,0.00037695138061421293,0.17115509672662096
"('0015693000', 'Computational Science and Engineering')",0.0009053870529651426,0.004804706104436349,0.15052810902896083,9.260824946405262e-05,0.16319169739269168
"('0018093000', 'University Information Technology Svcs')",0.0015844273426889996,0.0,0.14650484149091392,9.474142436878133e-05,0.15944996982796758
"('0018093000', 'VPIT')",0.0015844273426889996,0.0,0.14650484149091392,9.474142436878133e-05,0.15944996982796758
"('0016105000', 'Information Technology Services')",0.002716161158895428,0.013484324209865893,0.15750445632798574,0.00022110069239460376,0.17470698030906154
"('0018093000', 'OVPIT')",0.0015844273426889996,0.0,0.14650484149091392,9.474142436878133e-05,0.15944996982796758
"('0010835000', 'Arizona Research Labs')",0.002489814395654142,0.0032541903134921317,0.1489849598705065,0.00011126860772833999,0.16321518944311927
"('0018093000', 'Unknown Dept')",0.002716161158895428,0.006398838382573207,0.1477196736659088,0.00010611455830813626,0.1618443870650737
"('6250027514', 'Information Technolgoy Services - Cyberi')",0.0015844273426889996,0.0,0.14650484149091392,9.474142436878133e-05,0.15944996982796758
"('0033290000', 'Mechanical and Nuclear Engineering')",0.002716161158895428,0.027477868736419032,0.1630017709563164,0.0002750254637791982,0.1812092433244531
"('0033290000', 'Materials Science and Engineering')",0.0029425079221367134,0.009047093260775685,0.16317033535234154,9.310335652893418e-05,0.1799895561156303
"('0037986000', 'Department of Psychology')",0.0004526935264825713,0.0031645501510532835,0.11405705434361689,6.349603571506589e-07,0.12189913061031814
"('0013144000', 'Ctr. for Embedded & Cyber-physical Sys.')",0.00022634676324128565,0.0,0.11146151323258571,5.202706579339141e-07,0.11815823882369732
"('0010819000', 'School of Human Evolution/Social Change')",0.0018107741059302852,0.00541879378134175,0.14396975918141233,0.001960260675521742,0.16060147538191807
"('0010819000', 'Institute for Social Science Research')",0.0009053870529651426,0.0,0.12589405294503178,0.00026449174690311406,0.1362533981535785
"('0011551001', 'Department of Anthropology, San Jose Sta')",0.0009053870529651426,0.0,0.12589405294503178,0.00026449174690311406,0.1362533981535785
"('6250023364', 'Unknown Dept')",0.00022634676324128565,0.0,0.12080940661744599,1.8816456336870893e-05,0.12775593420964604
"('0028373000', 'Chemistry')",0.001358080579447714,0.0005703442748777833,0.1374055298105931,0.00020443577501274107,0.14852700616620876
"('0018259000', 'Human Development and Family Studies')",0.000679040289723857,0.0,0.15173266476628774,0.00010999278089074688,0.1656538019598216
"('0017756000', 'Department of Microbiology')",0.0009053870529651426,0.0,0.12147708213038577,0.00014976908123074157,0.1296280708627918
"('0017756000', 'Department of Animal Biology')",0.0009053870529651426,0.0,0.12147708213038577,0.00014976908123074157,0.1296280708627918
"('0027854000', 'Biology')",0.0009053870529651426,0.0,0.12147708213038577,0.00014976908123074157,0.1296280708627918
"('0018093000', 'Biological Sciences')",0.0011317338162064282,0.0013516840736191365,0.12178851030984673,0.00015097407112773763,0.13024663769910425
"('0010090000', 'Civil Engineering')",0.00022634676324128565,0.0,0.08734850431997469,9.24659532341835e-10,0.09093918415672393
"('0010090000', 'Chemical Engineering')",0.0004526935264825713,0.0004526935264825713,0.09570642519821498,9.948044065148897e-09,0.10075393761683583
"('0018259000', 'CIT')",0.00022634676324128565,0.0,0.15173266476628774,9.975072204255942e-05,0.1656538019598216
"('0013706000', 'Applied Mathematics')",0.002716161158895428,0.018436037089140763,0.1579493046369454,3.4056493524667945e-05,0.17415217258471963
"('0013706000', 'Education')",0.0004526935264825713,0.0,0.14617038875103391,6.545207818392212e-06,0.15863730668506462
"('0013706000', 'Unknown Dept')",0.0047532820280669985,0.05043080486077777,0.16423791821561337,3.674054360789475e-05,0.18440945717428145
"('4100749000', 'Smithsonian Tropical Research Institute')",0.0009053870529651426,0.0,0.11934734453509104,1.0911366104177326e-06,0.12731493708745845
"('0025650000', 'School of Biological Sciences')",0.0015844273426889996,0.004068912314893494,0.11937636791050825,1.1195114199954177e-06,0.12788080399556162
"('4100749000', 'STRI-CTFS')",0.0009053870529651426,0.0,0.11934734453509104,1.0911366104177326e-06,0.12731493708745845
"('0023259000', 'Unknown Dept')",0.002716161158895428,0.014833247767748473,0.1354674516297182,8.553212603508765e-06,0.1477971628492221
"('4100749000', 'ForestGEO MRC166')",0.0009053870529651426,0.0,0.11934734453509104,1.0911366104177326e-06,0.12731493708745845
"('0001057000', 'Human Computer Interaction Institute')",0.000679040289723857,0.0009052845640526493,0.12793559783395592,0.0006374236737244419,0.1376365272472098
"('0029975000', 'Research and Creative Activity')",0.0015844273426889996,0.0013574656459727544,0.1242162678887733,9.167086719679087e-05,0.1335848218116278
"('5300004653', 'Psychology and Sociology')",0.000679040289723857,0.0,0.11049972487619429,1.0331273871400496e-05,0.11674782973397506
"('5300004653', 'Department of Social Sciences')",0.000679040289723857,0.0,0.11049972487619429,1.0331273871400496e-05,0.11674782973397506
"('0035634000', 'Social Sciences')",0.000679040289723857,0.0,0.11049972487619429,1.0331273871400496e-05,0.11674782973397506
"('4000949000', 'Institutional Research & Analytics')",0.00022634676324128565,0.0,0.11083515215373423,1.3459832440949351e-06,0.11644755107161485
"('4000949000', 'Unknown Dept')",0.000679040289723857,0.0004526935264825713,0.12464733100101569,1.4522922472629973e-05,0.1330777563943021
"('0013508000', 'Soil and Crop Sciences')",0.000679040289723857,0.0,0.09490258415139734,5.3189813154787216e-08,0.09902524509026035
"('0013508000', 'Natural Resource Ecology Laboratory')",0.0022634676324128564,0.002262032787637951,0.10484598224880155,4.663983807698211e-07,0.11083991069511365
"('P269910004', 'Ecosystem Science and Sustainability')",0.000679040289723857,0.0,0.09490258415139734,5.3189813154787216e-08,0.09902524509026035
"('0013508000', 'Soil & Crop Sciences')",0.000679040289723857,0.0,0.09490258415139734,5.3189813154787216e-08,0.09902524509026035
"('0018093000', 'UITS')",0.0022634676324128564,4.486563063127347e-05,0.13175474173923415,2.656388200477997e-05,0.14161812861450662
"('P270041346', 'Unknown Dept')",0.000679040289723857,0.0,0.1317350985478725,1.8472444422080966e-05,0.14105226170640345
"('0015693000', 'School of Physics')",0.00022634676324128565,0.0,0.0836014078643606,1.9005393292814737e-08,0.0868199013332385
"('0022905000', 'Facility for Rare Isotope Beams')",0.0009053870529651426,0.0,0.11985567401861046,2.2688487233340808e-05,0.12939143235890424
"('0022905000', 'National Superconducting Cyclotron Lab')",0.0015844273426889996,0.0018095442389803665,0.13616050790519924,0.00017856537113273966,0.1512108423631796
"('0022905000', 'FRIB')",0.0009053870529651426,0.0,0.11985567401861046,2.2688487233340808e-05,0.12939143235890424
"('0022905000', 'Physics')",0.0009053870529651426,0.0,0.11985567401861046,2.2688487233340808e-05,0.12939143235890424
"('0022905000', 'National Superconducting Cyclotron Labor')",0.0009053870529651426,0.0,0.11985567401861046,2.2688487233340808e-05,0.12939143235890424
"('0021998000', 'Department of Psychology')",0.0004526935264825713,0.0,0.12011309879832527,1.4979821310804994e-06,0.12751332497541146
"('0021998000', 'ECE')",0.0015844273426889996,0.00452017099660116,0.13648439913500154,1.4531658996525162e-05,0.14812081309365027
"('0017392000', 'Electrical Engineering and Computer Sci')",0.0004526935264825713,0.0,0.1365603363006924,0.0009025766142875922,0.14774194795697593
"('0019893001', 'Office of the Provost')",0.002037120869171571,0.0,0.1342897960424329,3.0462134677451243e-05,0.1453477122444975
"('0019893001', 'The Graduate School')",0.0015844273426889996,0.0,0.1342897960424329,2.7873407908187946e-05,0.1453477122444975
"('0019893001', 'Mechanical Engineering')",0.002716161158895428,0.0067483074759994155,0.1401516353138978,4.6444263520055045e-05,0.15320317226156888
"('0019893001', 'Microbiology, Immunology & Molecular Gen')",0.0015844273426889996,0.0,0.1342897960424329,2.7873407908187946e-05,0.14534771224449752
"('0019893001', 'Office for Institutional Diversity')",0.0015844273426889996,0.0,0.1342897960424329,2.7873407908187946e-05,0.14534771224449752
"('0019893001', 'Institutional Diversity')",0.0015844273426889996,0.0,0.1342897960424329,2.7873407908187946e-05,0.1453477122444975
"('0019893001', 'Graduate School')",0.0015844273426889996,0.0,0.1342897960424329,2.7873407908187946e-05,0.14534771224449752
"('0027110000', 'Chemical & Biomolecular Engineering')",0.000679040289723857,0.0004526935264825713,0.10234432913269088,6.158007255344865e-08,0.10827852255783953
"('0027110001', 'Dept. of Microbiology and Immunology')",0.0004526935264825713,0.0,0.10234195834974172,6.110066853354653e-08,0.10816534917621887
"('0029058000', 'Food and Nutritional Sciences')",0.000679040289723857,0.0,0.10032928352446917,1.3443534312982883e-06,0.10577383252751865
"('6250005014', 'Research & Development')",0.000679040289723857,0.0,0.10032928352446917,1.3443534312982883e-06,0.10577383252751865
"('0029058000', 'Unknown Dept')",0.002037120869171571,0.006322438522794508,0.11150933871781929,1.1926094340132825e-05,0.11974362490682701
"('P270040656', 'Unknown Dept')",0.000679040289723857,0.0,0.10032928352446917,1.3443534312982883e-06,0.10577383252751867
"('4009395000', 'Education Statistics')",0.0004526935264825713,0.0,0.10061718554282721,7.171544431877088e-07,0.10513657336547456
"('0036582000', 'Chemical Engineering')",0.0015844273426889996,0.013114620053545996,0.13132003685759297,5.5086401745799706e-06,0.14243216669653885
"('0036582000', 'Civil, Architectural and Environmental E')",0.0004526935264825713,0.0,0.12839664041384521,4.255005020902456e-06,0.13727902988314877
"('0010090000', 'School of Forestry and Wildlife Sciences')",0.0004526935264825713,0.0,0.09814724307993068,5.448728139800679e-09,0.10188669388999338
"('0010090000', 'Aerospace Engineering')",0.0004526935264825713,0.0,0.09814724307993068,5.448728139800679e-09,0.10188669388999338
"('0020537000', 'School of Marine Sciences')",0.002489814395654142,0.009473014228214607,0.13049000206751926,9.626354891341961e-06,0.14105996111428398
"('0036582000', 'Physics')",0.0011317338162064282,0.0004526935264825713,0.15006283753948574,2.177397283383505e-05,0.16337391796875608
"('0036582000', '2515 Speedway, C1600')",0.00022634676324128565,0.0,0.1304861480300077,2.0103442561929593e-06,0.13857841456868078
"('0023259000', 'Health Management and Policy')",0.00022634676324128565,0.0,0.11930866864704294,7.872330457256468e-07,0.1267490701793553
"('0018259000', 'Biological Sciences Department')",0.0004526935264825713,0.0,0.15176393803029783,0.00011054961203764984,0.16595559764414333
"('0018259000', 'Agronomy')",0.0015844273426889996,0.002262032787637951,0.15179000893286607,0.0001159706434538949,0.16652146455224642
"('0013144000', 'Information and Computer Science')",0.0015844273426889996,0.002536899618412196,0.1211240575736806,1.8338764893388584e-06,0.12971033104011762
"('0036137000', 'Department of Chemistry')",0.00022634676324128565,0.0,0.10322188733908086,3.9835066641577295e-07,0.10821356883834025
"('0037549000', 'Physics')",0.0033952014486192846,0.012807906055810761,0.15066671213723015,0.23305355404156725,0.16865701887770548
"('0037549000', 'Department of Physics')",0.00022634676324128565,0.0,0.13094250148192058,0.02143143853644206,0.14138244997796728
"('0022335000', 'Department of Computer Science')",0.002716161158895428,0.0030019382728065217,0.13432245903134596,0.005677007848015076,0.14703282168764212
"('0027854000', 'Mechanical Engineering')",0.001358080579447714,0.0009276469557152862,0.12892118240975808,0.0007812754333094844,0.13935106943255332
"('0018309000', 'Electrical and Computer Engineering')",0.0009053870529651426,0.0,0.12169122710370472,0.0007277506993751655,0.13034859322456124
"('0022798000', 'Mechanical Engineering')",0.0009053870529651426,0.0,0.12169122710370472,0.0007277506993751655,0.13034859322456127
"('0017590000', 'Mechanical and Industrial Engineering')",0.0009053870529651426,0.0,0.12169122710370472,0.0007277506993751655,0.13034859322456124
"('4000144000', 'Unknown Dept')",0.0011317338162064282,0.0013574656459727544,0.13373289744521127,0.00029068421452509656,0.14530393842865522
"('0071910000', 'Department of Math & Computer Science')",0.000679040289723857,0.0,0.11796747750393848,3.3695493861868306e-05,0.1254776936759724
"('4000144000', 'Mathematics Department')",0.000679040289723857,0.0,0.11796747750393848,3.3695493861868306e-05,0.1254776936759724
"('0067504000', 'Unknown Dept')",0.000679040289723857,0.0,0.11796747750393848,3.3695493861868306e-05,0.1254776936759724
"('0029058000', 'Psychology')",0.001358080579447714,0.00022629551878503902,0.1003110596462548,1.6138564121935934e-06,0.10569461116038423
"('0029058000', 'Electrical and Computer Engineering')",0.0018107741059302852,0.0018095442389803665,0.11148120111027,1.2688109805326806e-05,0.1191777579987238
"('0029058000', 'Department of Sociology and Social Work,')",0.0009053870529651426,0.00022629551878503902,0.1003110596462548,1.4779087918928838e-06,0.10569461116038423
"('0029769000', 'Human Health Sciences')",0.000679040289723857,0.0,0.10030878212696394,1.451524315004324e-06,0.1055814377787636
"('4003554000', 'Department of Chemistry')",0.00022634676324128565,0.0,0.10547425215460644,9.779255426512898e-08,0.11126830279228059
"('0013144000', 'Chemistry')",0.000679040289723857,0.000983520934311969,0.11790765946090205,1.0627333902936206e-06,0.12661038859727952
"('0010090000', 'Department of Chemical Engineering')",0.001358080579447714,0.007814048126604167,0.11687521494140367,6.215179665635528e-07,0.12569856392287276
"('0010090000', 'Mechanical Engineering (Materials)')",0.000679040289723857,0.0009051820751401561,0.11629988417394967,5.746338791922526e-07,0.12403577258715247
"('0028373000', 'University at Buffalo')",0.00022634676324128565,0.0,0.12934769879376976,8.655469111186075e-05,0.1380956589308783
"('0028373000', 'Computer Science and Engineering')",0.0036215482118605704,0.005759856610778102,0.14855913110730018,0.0009409231700636049,0.16352865672127684
"('0013128000', 'Physics')",0.0029425079221367134,0.02441541290281798,0.15932777958094413,0.00010034850404693671,0.17709748063414749
"('0013128000', ""Deans' Office- Letters & Science"")",0.0004526935264825713,0.0,0.13745255429033662,1.0201321882604691e-05,0.14788001722134736
"('0026278000', 'Unknown Dept')",0.001358080579447714,0.005420946048504107,0.1146728268487035,5.270471728795736e-07,0.12405173596556368
"('0026278000', 'Economics')",0.00022634676324128565,0.0,0.10287816691505217,4.8891805117211505e-08,0.10893595268657266
"('0017756000', 'Dept. of Industrial and Enterprise Sys.')",0.0004526935264825713,0.0,0.12181873328370144,2.482730117485871e-06,0.12911303995787846
"('0080010000', 'Internal Medicine')",0.0004526935264825713,0.0,0.12181873328370144,2.482730117485871e-06,0.12911303995787846
"('0001289000', 'Unknown Dept')",0.0009053870529651426,0.0,0.10129774842940341,8.495959901470353e-08,0.10769281047820453
"('0001289000', 'Mathematical and Statistical Sciences')",0.0009053870529651426,0.0,0.10129774842940341,8.495959901470353e-08,0.10769281047820453
"('0001271000', 'Research and Evaluation Methods')",0.0009053870529651426,0.0,0.10129774842940341,8.495959901470353e-08,0.10769281047820456
"('5300009955', 'Unknown Dept')",0.001358080579447714,0.002713086491520631,0.1126983317177695,6.670678863892838e-07,0.12204543977371618
"('0027078000', 'Unknown Dept')",0.004074241738343142,0.038821290193521076,0.16722180166540498,0.0002094852711384886,0.1857738050642071
"('0027110000', 'Soil and Crop Sciences')",0.00022634676324128565,0.0,0.09284438373437008,5.6782274882799295e-09,0.09696005959336841
"('4003166000', 'Department of Microbiology & Immunology')",0.00022634676324128565,0.0,0.113992311066388,2.9879617183742906e-06,0.11993108087777522
"('0015693000', 'School of Biological Sciences')",0.0009053870529651426,0.0009052845640526493,0.12865463016889925,3.2488108656412635e-05,0.13774873270685797
"('5300013181', 'Epidemiology & Biostatistics')",0.00022634676324128565,0.0,0.128992700729927,9.62461202644709e-06,0.13950122829989192
"('0001057000', 'Electrical & Computer Engineering')",0.00022634676324128565,0.0,0.1314098750743605,0.00010675377911820998,0.14118149342232533
"('0018093000', 'Mathematics')",0.0011317338162064282,0.00833030669254412,0.13722627737226278,1.1871445616980226e-05,0.14786656806801587
"('0021550000', 'Mathematics')",0.000679040289723857,0.006378211308380216,0.1431719489273446,1.7314426917550645e-05,0.15455598737060822
"('0037457000', 'Systems Engineering')",0.000679040289723857,0.0,0.12559342752366603,4.727942474678135e-06,0.13373334601515383
"('0037648000', 'Cooperative Extension')",0.000679040289723857,0.0,0.12559342752366603,4.727942474678135e-06,0.1337333460151539
"('0023259000', 'Electrical Engineering and Computer Sci')",0.00022634676324128565,0.0,0.14335777792199364,1.932741510695051e-05,0.1538417294189129
"('0047415000', 'Unknown Dept')",0.0015844273426889996,0.0013571581792352749,0.07313721919645075,3.719838223428174e-11,0.07759383377854828
"('0047415000', 'Biology')",0.0004526935264825713,0.0,0.06815482159110192,3.840004857004176e-12,0.07118802828517257
"('7203585035', 'Unknown Dept')",0.0004526935264825713,0.0,0.06815482159110192,3.840004857004176e-12,0.07118802828517257
"('0037549000', 'Computer Science')",0.0036215482118605704,0.007297319618714121,0.15350404780931864,0.000647225418340609,0.1689732931923957
"('0037549000', 'Civil & Environmental Engineering')",0.001358080579447714,0.001135548072401988,0.14930719837783035,0.00012533286476943838,0.16248422494461312
"('4003554000', 'Civil & Environmental Engineering')",0.0011317338162064282,0.0008821097142361712,0.14930215268155858,0.00012365286648012203,0.1623710515629925
"('0017756000', 'Materials Science and Engineering')",0.002037120869171571,0.0017999652123634774,0.1412268644311607,6.712067447433258e-05,0.15390461042905473
"('0017756000', 'Industrial and Enterprise Systems Eng')",0.0009053870529651426,0.0,0.14119527005433047,5.977518513092128e-05,0.1534519169025722
"('0015693000', 'Mechanical Engineering')",0.0015844273426889996,0.010177075123730799,0.15311037948362502,0.0002942683646766869,0.16950736188513274
"('0017756000', 'Unknown Dept')",0.00520597555454957,0.01904082159430894,0.15941401457746987,0.00022153356284912413,0.17775092218278993
"('0028373000', 'Neurology')",0.000679040289723857,0.0,0.12082262210796915,2.236580784615259e-05,0.12803886766369757
"('0028373000', 'Industrial and Systems Engineering')",0.0015844273426889996,0.0013574656459727544,0.13741407732263383,0.00019825057864406086,0.14867790400836964
"('0028373000', 'Department of Psychology')",0.000679040289723857,0.0,0.12082262210796915,2.236580784615259e-05,0.12803886766369757
"('0028373000', 'Industrial and Systems Eng.')",0.000679040289723857,0.0,0.12082262210796915,2.236580784615259e-05,0.12803886766369757
"('0017756000', 'Materials Science & Engineering')",0.0004526935264825713,0.0,0.12375696798229642,6.800129469945705e-06,0.13163257320115568
"('0013508000', 'Department of Computer Science')",0.000679040289723857,0.00011879719306670585,0.12151049258780494,1.8366994905493432e-06,0.13031559915613708
"('0035238000', 'Unknown Dept')",0.0022634676324128564,0.022569689528470015,0.13718792696559434,1.5341101418410302e-05,0.15017269147531592
"('P270035604', 'Unknown Dept')",0.0004526935264825713,0.0,0.12078298430750724,8.848312836589089e-07,0.12744131968328434
"('0029744000', 'Health Behavior and Health Education')",0.0004526935264825713,0.0,0.12078298430750724,8.848312836589089e-07,0.12744131968328434
"('0023259000', 'Health Behavior & Health Education')",0.0015844273426889996,0.0009051820751401561,0.13736707916174368,8.711011272385823e-06,0.14782682171206313
"('0023291000', 'Sociology')",0.0018107741059302852,0.001130452704800263,0.11576051355954409,6.807672347034792e-07,0.12387094406922994
"('0023291000', 'Unknown Dept')",0.0015844273426889996,0.001809851705717846,0.10377469288046415,1.4299725888554171e-07,0.10956859857330319
"('0010819000', 'School of Social & Behavioral Sciences')",0.000679040289723857,0.0,0.14386193422338,0.0016202088662339708,0.15950746602625188
"('0010819000', 'Political Science')",0.000679040289723857,0.0,0.14386193422338,0.0016202088662339708,0.15950746602625188
"('0010819000', 'School of Social and Behavioral Sciences')",0.0018107741059302852,0.0013574656459727544,0.143875989188133,0.0018326995563687294,0.1598469861711138
"('0028944000', 'Political Science')",0.0004526935264825713,0.0004526935264825713,0.0968774668888694,1.4959568640634527e-08,0.10080676822947528
"('0017392000', 'Political Science')",0.00022634676324128565,0.0,0.08832290438016033,1.3974336867111536e-09,0.09119167486887403
"('0037986000', 'Earth and Space Sciences')",0.0004526935264825713,0.0004526935264825713,0.09290295447376722,5.606011637646994e-09,0.09713243253085692
"('0037986000', 'Evans School of Public Affairs')",0.0009053870529651426,0.0027139064028205767,0.10241075567918405,6.02737605296824e-08,0.10831569267180105
"('0018259000', 'Electrical and Computer Engineering')",0.006337709370755998,0.08168093780045366,0.18144482319602448,0.0005560550051280358,0.20650633255884546
"('0031849000', 'Electrical and Computer Engineering')",0.0015844273426889996,0.002713086491520631,0.15365887590428493,6.646350607893029e-05,0.16765189189362836
"('0018259000', 'Horticulture and Landscape Architecture')",0.000679040289723857,0.0,0.15362681688573615,6.355134867168754e-05,0.16712374944606537
"('0018259000', 'Purdue University Libraries and School o')",0.000679040289723857,0.0,0.15362681688573615,6.355134867168754e-05,0.16712374944606537
"('0036582000', 'Mathematics')",0.0011317338162064282,0.00510436095110748,0.15299903033661172,2.8274302383779302e-05,0.16539678884065356
"('0010090000', 'Department of Mathematics and Statistics')",0.0022634676324128564,0.004589429845700511,0.1252800226853821,5.70168496625502e-06,0.13603442480762473
"('0036756000', 'Mathematics')",0.002037120869171571,0.012104152009034396,0.124538407329105,4.035314096480618e-06,0.1359323359744422
"('0032102000', 'Mathematics')",0.0015844273426889996,0.011969048499564119,0.13512769536626396,2.645880404386032e-05,0.1467408371267578
"('0036756000', 'Math')",0.0009053870529651426,0.0,0.1218994012636923,3.758186806074144e-06,0.13119601299457012
"('0038950000', 'Chemical and Biological Engineering')",0.0004526935264825713,0.0009051820751401561,0.14033861694355326,7.950879124563744e-05,0.15171024652124623
"('0038950000', 'Department of Chemistry')",0.0004526935264825713,0.0004526935264825713,0.1230777802540673,7.375098924729166e-06,0.1304442382475425
"('0018259000', 'Dept. of Physics and Astronomy')",0.0004526935264825713,0.0,0.15173787608187939,0.00010999278089074688,0.16576697534144227
"('0018259000', 'School of Engineering Education')",0.0004526935264825713,0.0,0.15173787608187939,0.00010999278089074688,0.16576697534144227
"('0013169000', 'Chemical and Environmental Engineering')",0.0004526935264825713,0.0004526935264825713,0.11362292004217782,2.8951989083735946e-06,0.11978141664934261
"('0013169000', 'Chemistry')",0.0004526935264825713,0.0009051820751401561,0.12817685969594986,3.0509377933553253e-05,0.1372611845676572
"('0035303000', 'Mathematics')",0.0018107741059302852,0.005150127824139224,0.12502476158134535,1.0630028814100848e-05,0.13550156334787314
"('0035303000', 'MATHEMATICS')",0.00022634676324128565,0.0,0.11113347084570106,9.987437806998555e-07,0.11776300718945047
"('0037549000', 'Teaching and Learning')",0.0009053870529651426,0.0,0.0949290932531156,5.643018920234037e-08,0.09972556810455471
"('0014795000', 'College of Arts and Sciences - Worldwide')",0.0011317338162064282,0.0004526935264825713,0.09493113302821289,5.687080220312575e-08,0.09983874148617534
"('0037648000', 'Chemistry and Physics')",0.0009053870529651426,0.0,0.0949290932531156,5.643018920234037e-08,0.09972556810455471
"('0024109000', 'Mathematics')",0.0009053870529651426,0.0,0.0949290932531156,5.643018920234037e-08,0.09972556810455471
"('0015982001', 'Faculty of Engineering')",0.000679040289723857,0.0,0.14476227923588583,0.0007168023900042349,0.1582508803253476
"('0015982000', 'Engineering Education Transformations In')",0.000679040289723857,0.0,0.14476227923588583,0.0007168023900042349,0.15825088032534762
"('7203578370', 'Unknown Dept')",0.0004526935264825713,0.0,0.11543385676586627,9.78641035889273e-07,0.12194204649784057
"('0020537000', 'Department of Chemical Engineering')",0.0004526935264825713,0.0,0.11543385676586627,9.78641035889273e-07,0.1219420464978406
"('0029207000', 'Department of Computer Science')",0.000679040289723857,0.0,0.14312093038323237,0.00016955386425728352,0.15580833142512554
"('0017749000', 'University of Chicago Law School')",0.000679040289723857,0.0,0.14312093038323237,0.00016955386425728352,0.15580833142512554
"('0014266000', 'Mechanical Engineering')",0.001358080579447714,0.002713598936083097,0.13843020523264923,5.832288614173886e-05,0.150191676815714
"('0096354000', 'Unknown Dept')",0.002489814395654142,0.01976197030021224,0.16059030933081314,0.0005418191724889658,0.17976970529596073
"('0014266000', 'Forestry & Environmental Studies')",0.0004526935264825713,0.0,0.1384041853325397,5.605952354631908e-05,0.1496823965984211
"('0010835000', 'Systems & Industrial Engineering')",0.00022634676324128565,0.0,0.10937267911075903,3.95898157684556e-07,0.1156960675657575
"('6250003886', 'Unknown Dept')",0.000679040289723857,0.0,0.12296473600712517,3.316265034670388e-06,0.13174283866022782
"('0037986000', 'iSchool')",0.000679040289723857,0.0,0.12296473600712517,3.316265034670388e-06,0.13174283866022782
"('0013177000', 'California Inst for Telecommunication/Qu')",0.000679040289723857,0.0,0.12296473600712517,3.316265034670388e-06,0.13174283866022782
"('5300011474', 'Unknown Dept')",0.002716161158895428,0.01684797875426193,0.14019166084914642,2.9016137232932745e-05,0.15444001323358403
"('0038950000', 'Physics')",0.001358080579447714,0.0064459996174577126,0.1539211929066648,0.00012313710050936764,0.16964315675270725
"('0013177000', 'Physics')",0.0022634676324128564,0.00744323970845287,0.15839099415623992,0.000261417990243083,0.1757449224232825
"('0029728000', 'Physics')",0.0011317338162064282,0.005054585634380117,0.1513739464126636,4.959010302979145e-05,0.16571091500923854
"('0013201000', 'NCEAS')",0.0011317338162064282,0.0004526935264825713,0.14551562860248346,0.001854789388868046,0.16206711024501783
"('0013201000', 'Library')",0.00022634676324128565,0.0,0.1270343320489965,0.00017456924525944563,0.13682270146733652
"('0001479000', 'Computer Science')",0.000679040289723857,0.0,0.07631715322162723,2.607164416322626e-11,0.07938827022953801
"('0001479000', 'Department of Computer Science')",0.0009053870529651426,0.0004526935264825713,0.07631847155763617,2.627637601190076e-11,0.07950144361115864
"('0031849000', 'Computer Science')",0.0015844273426889996,0.0018095442389803665,0.08261650086019896,2.3029595553298614e-10,0.08682082544093349
"('0001479000', 'Architecture-Urban and Regional Planning')",0.000679040289723857,0.0,0.07631715322162723,2.607164416322626e-11,0.07938827022953801
"('0037986000', 'Electrical & Computer Engineering')",0.0061113626075147125,0.026268969703210087,0.15052810902896083,0.0001334207675540267,0.17213926546769323
"('7203578218', 'Unknown Dept')",0.00022634676324128565,0.0,0.13083780021914887,1.2287493227968323e-05,0.14297695814468706
"('6250029921', 'Unknown Dept')",0.0004526935264825713,0.0,0.09489850714209,3.0542954604647974e-08,0.0988215330033432
"('0021998000', 'Biology')",0.00022634676324128565,0.0,0.12576503743345954,6.4306707254615784e-06,0.13433800524961592
"('4003455000', 'Education, Communication, & Outreach')",0.00022634676324128565,0.0,0.10525312686122693,3.72185898989574e-06,0.1108150001625543
"('4003455000', 'Unknown Dept')",0.001358080579447714,0.0004526935264825713,0.1176313967729911,3.954571529327841e-05,0.1261995455125822
"('0030908001', 'Geography')",0.002037120869171571,0.004517492729981518,0.13360348373049474,1.7406091879889333e-05,0.1450298186547611
"('0028373000', 'Geography')",0.0009053870529651426,0.0,0.12969704086425551,1.5798560779908536e-05,0.14006238404721796
"('6250036798', 'Department of Geography')",0.0009053870529651426,0.0,0.12969704086425551,1.5798560779908536e-05,0.140062384047218
"('0018093000', 'Geography')",0.001358080579447714,0.017631657870408258,0.14383383253027737,9.536917834337589e-05,0.1575554393797933
"('0015693000', 'School of Interactive Computing')",0.000679040289723857,0.003660935472689344,0.15108922403474573,0.0005296565141404041,0.16498335739508102
"('6250041221', 'Unknown Dept')",0.00022634676324128565,0.0,0.12080940661744599,2.0563176204797328e-05,0.12775593420964604
"('0028373000', 'Department of Chemistry')",0.0018107741059302852,0.0005703442748777827,0.1374055298105931,0.00022341300805063543,0.14852700616620876
"('0025320000', 'Civil Engineering')",0.000679040289723857,0.0,0.110502488682124,4.113054019149529e-06,0.11629616320902524
"('0025320000', 'Unknown Dept')",0.001358080579447714,0.004461702339352821,0.1242267461477899,4.058595809326556e-05,0.13322373831088152
"('0013706000', 'Department of Anthropology')",0.00022634676324128565,0.0,0.09770661476878165,1.0198630821909061e-07,0.10167855198145516
"('0013706000', 'Anthropology')",0.0011317338162064282,0.0004526935264825713,0.1082843137254902,1.1009713643922252e-06,0.11407415363257639
"('0013706000', 'Department of Geography')",0.0009053870529651426,0.005419921159379175,0.14575085774610716,5.220097534483426e-06,0.15880757929761885
"('0013706000', 'Department of Sociology')",0.00022634676324128565,0.0,0.12721356791154367,4.838807178005331e-07,0.13523446085125518
"('0033795000', 'School of Computing and Information')",0.001358080579447714,6.36390644802934e-05,0.13384228543730498,0.0005709094561370695,0.14455937402972205
"('0013177000', 'Economics')",0.00022634676324128565,0.0,0.14448768682342938,4.798885243390624e-05,0.156134468996623
"('0034710000', 'Mechanical Engineering')",0.000679040289723857,0.0004526935264825713,0.11156283932223934,5.962620593693578e-07,0.1176120233697177
"('0034710000', 'Mathematics & Statistics')",0.00022634676324128565,0.0,0.10036803125993912,5.5005314922466005e-08,0.10447295494694983
"('0013169000', 'Unknown Dept')",0.0009053870529651426,0.0004527960153950645,0.091945889698231,1.0083317623662891e-08,0.09674665098833835
"('0029843000', 'University of North Carolina Wilmington')",0.00022634676324128565,0.0,0.08420531000438371,9.293427150276275e-10,0.08757178879541717
"('0017392000', 'Electrical and Computer Engineering')",0.003168854685377999,0.024923304415677548,0.16005506647828135,0.0011249747394923332,0.17934080405786929
"('0017392000', 'Mechanical Engineering')",0.0022634676324128564,0.006453866193348152,0.14981857641832547,0.0045980326633945695,0.1667712556293352
"('0017392000', 'Electrical  Engineering & Computer Sci.')",0.000679040289723857,0.0,0.14174794661190965,0.0006893012338417086,0.15459272318144981
"('0017392000', 'Computer Science')",0.0015844273426889996,0.0009031447004784356,0.15350404780931864,0.0017724076661000156,0.16995722199434124
"('9000167000', 'Unknown Dept')",0.002037120869171571,0.00428931917698116,0.13958043725514976,0.00014594351836154091,0.1527890549167134
"('0045096000', 'Electrical and Computer Engineering')",0.0009053870529651426,0.0,0.1248869289914066,1.9534293348477108e-05,0.13423038124543257
"('0045096000', 'Chemistry & Biochemistry')",0.0009053870529651426,0.0,0.1248869289914066,1.9534293348477108e-05,0.13423038124543257
"('0045096000', 'Mechanical and Aerospace Engineering')",0.0009053870529651426,0.0,0.1248869289914066,1.9534293348477108e-05,0.13423038124543257
"('7203583126', 'Unknown Dept')",0.00022634676324128565,0.0,0.09402000425622473,1.3205157369470562e-08,0.09792429486540533
"('0001057000', 'HCI Institute')",0.00022634676324128565,0.0,0.12792078061209716,0.0006266428291490235,0.13733473156288814
"('0001057000', 'Computer Science')",0.0018107741059302852,0.001722467303515222,0.1369115869720165,0.0004847438824756501,0.14898414107897917
"('0037549000', 'Unknown Dept')",0.004979628791308284,0.02775921888750494,0.16549915714553287,0.0004106946931231693,0.18512041250836977
"('0037549000', 'School of Public & International Affairs')",0.00022634676324128565,0.0,0.14200308562612496,3.78524710724969e-05,0.15281376550615977
"('0036566000', 'Industrial, Manufacturing, and Systems E')",0.00022634676324128565,0.0,0.10815177478580171,1.6371685067872916e-06,0.11487920119150101
"('0022210000', 'Civil and Environmental Engineering')",0.0015844273426889996,0.001809851705717846,0.12842649922967356,0.0005459666057386851,0.1389063761800288
"('0022210000', 'Civil & Environmental Engineering')",0.000679040289723857,0.0,0.12841156808603402,0.000526187316115799,0.13845368265354624
"('6250022634', 'Unknown Dept')",0.000679040289723857,0.0,0.12841156808603402,0.000526187316115799,0.13845368265354627
"('0037283001', 'Computer Science')",0.001358080579447714,0.009280346763585112,0.12988005644402634,2.3748229525312246e-05,0.13915022593723295
"('0010835000', 'Electrical and Computer Engineering')",0.0011317338162064282,0.0041585558237750364,0.13766670821388508,8.837915526448579e-05,0.14812715514956284
"('4000311000', 'Executive Officer')",0.000679040289723857,0.0,0.1261312701630171,6.601329382966979e-06,0.13531305693200144
"('0039156000', 'Physics')",0.000679040289723857,0.0,0.1261312701630171,6.601329382966979e-06,0.13531305693200146
"('5300007120', 'Unknown Dept')",0.000679040289723857,0.0,0.1261312701630171,6.601329382966979e-06,0.13531305693200146
"('5300008811', 'Unknown Dept')",0.0004526935264825713,0.0,0.09224344921181751,1.5584455301710998e-07,0.09654627619455527
"('5300012473', 'STEAM  and Advanced Manufacturing')",0.0011317338162064282,0.002261417854162992,0.10160526194747252,1.5336025228771973e-06,0.10770549805242845
"('5300008811', 'Instruction and Student Services')",0.0011317338162064282,0.0013574656459727544,0.09224922742838053,1.6041560439405849e-07,0.09688579633941721
"('0039545000', 'EECS')",0.000679040289723857,0.002189919259055357,0.1356504651662624,1.4513958901886242e-05,0.14562310897190875
"('0021030000', 'Teaching and Learning, Policy and Leader')",0.0004526935264825713,0.0,0.13266072125634326,0.03014940692342502,0.14435026582491395
"('0021030000', 'TLPL')",0.0004526935264825713,0.0,0.13266072125634326,0.03014940692342502,0.14435026582491395
"('0022301000', 'Biology')",0.0009053870529651426,0.008815802683992548,0.15038464156852066,0.0015213229142644975,0.16752191900448923
"('0015982001', 'Marine Sciences')",0.0009053870529651426,0.00868416549713764,0.15114091204543123,0.0007353752280573408,0.16675049963868332
"('4025938000', 'LTI')",0.0004526935264825713,0.0,0.12756987756987756,3.0352878523399993e-05,0.13914412319233407
"('0038000000', 'School of Elect Eng and Computer Science')",0.00022634676324128565,0.0,0.14383851538336317,0.0012952278972486891,0.15916794588139
"('0037499000', 'Unknown Dept')",0.003168854685377999,0.03361157880830739,0.14903019058863215,0.00028370368674320273,0.16494926405519308
"('0015362000', 'Unknown Dept')",0.0009053870529651426,0.0013574656459727544,0.12972750763448437,2.6967327374903636e-05,0.13938517690498117
"('0011080000', 'Department of Geosciences')",0.0011317338162064282,0.0,0.11762826486328178,3.922555331331973e-05,0.12608637213096155
"('4003455000', 'Office of the Executive Director')",0.0011317338162064282,0.0,0.11762826486328178,3.922555331331973e-05,0.12608637213096155
"('0037218000', 'Geology and Environmental Science')",0.0011317338162064282,0.0,0.11762826486328178,3.922555331331973e-05,0.12608637213096155
"('0015354000', 'Department of Geological Sciences')",0.002489814395654142,0.001809851705717846,0.11764079350286247,4.477989786340974e-05,0.12653906565744408
"('0037986000', 'School of Interdisciplinary Arts and Sci')",0.0009053870529651426,0.0,0.11481288981288981,1.49068067432853e-06,0.12325881162142527
"('0081554000', 'Unknown Dept')",0.0009053870529651426,0.0,0.11481288981288981,1.49068067432853e-06,0.12325881162142527
"('0021055000', 'Geography and Environmental Systems')",0.001358080579447714,0.0009051820751401561,0.1148188575289776,1.5167362707794485e-06,0.12348515838466653
"('P270006494', 'Unknown Dept')",0.0009053870529651426,0.0,0.11481288981288981,1.4906806743285297e-06,0.12325881162142527
"('0029207000', 'Computer Science')",0.0018107741059302852,0.009273066723778142,0.15293018103776523,0.0001551247607044878,0.16680560900796237
"('0029207000', 'Family Medicine and Community Health')",0.0004526935264825713,0.0004526935264825713,0.13265673792937785,1.4483596195935767e-05,0.14110999658758797
"('0037986000', 'Chemistry')",0.002489814395654142,0.0027068399455809147,0.1392943847148217,3.668255166222567e-05,0.1549346146926555
"('0037986000', 'Bioengineering')",0.0015844273426889996,0.0018095442389803665,0.13246184750996912,2.1453103864598118e-05,0.14699103169248606
"('0013706000', 'Atmospheric and Oceanic Sciences (ATOC)')",0.0004526935264825713,0.0,0.14109606540623404,3.7580413373715817e-06,0.15248293844377944
"('0013706000', 'Department of Atmospheric and Oceanic Sc')",0.0009053870529651426,0.001809851705717846,0.14111409224479365,3.818649782024095e-06,0.1527847341281011
"('0035097000', 'Earth Sciences')",0.0009053870529651426,0.0,0.11051630978587153,8.86254128250193e-08,0.11646485053852502
"('0035097000', 'Civil Engineering')",0.0009053870529651426,0.0,0.11051630978587153,8.86254128250193e-08,0.11646485053852502
"('0035097000', 'Physics')",0.0009053870529651426,0.0,0.11051630978587153,8.86254128250193e-08,0.11646485053852505
"('0035097000', 'Communication')",0.0009053870529651426,0.0,0.11051630978587153,8.86254128250193e-08,0.11646485053852502
"('0035097000', 'Unknown Dept')",0.0018107741059302852,0.0024886746130502735,0.12423373263595973,6.854794786348952e-07,0.13311786674167758
"('0023259000', 'EECS/CSE')",0.0011317338162064282,0.0022618278098129646,0.1422912171084415,1.5606548965826762e-05,0.15341863257209462
"('0010819000', 'Physics')",0.0004526935264825713,0.0,0.14385256577233654,0.001473276328188782,0.15935656818409105
"('0010819000', 'Sch. Eng. of Matter, Transport & Energy')",0.0015844273426889996,0.00034322105726794136,0.14386661890650948,0.0018917558288461648,0.15969608832895296
"('0014811000', 'Computer and Electrical Engineering and')",0.00022634676324128565,0.0,0.12105436212187637,1.2085262364956397e-05,0.12839079021174926
"('0014811000', 'Comp & Electr Eng and Computer Science')",0.0015844273426889996,0.00465296543987687,0.13772249758408928,0.00012856149457252285,0.14973648528424366
"('0014449000', 'Unknown Dept')",0.0029425079221367134,0.008578031590430801,0.13130442535738698,3.5865176474377136e-06,0.14145866104015173
"('0021550000', 'School of Eng. and Applied Sciences')",0.000679040289723857,0.0004526935264825713,0.1054138531650402,2.35390165435878e-08,0.1110217008106306
"('4002365000', 'Unknown Dept')",0.00022634676324128565,0.0,0.0953634950785702,2.1832672729738347e-09,0.09926694586225555
"('0028357000', 'Atmospheric and Environmental Sciences')",0.0004526935264825713,0.00541879378134175,0.09888757078586297,1.7843032036113425e-08,0.10433306820874472
"('0022301000', 'Physical Oceanography')",0.0009053870529651426,0.0063203887445446435,0.10967133353192335,1.9174102345070385e-07,0.11689419479942055
"('0032102000', 'College of Earth, Ocean & Atmos. Science')",0.000679040289723857,0.0,0.10664027613507447,1.4499267862823788e-07,0.11238531338356739
"('0032102000', 'College of Oceanic & Atmospheric Science')",0.0009053870529651426,0.0013574656459727544,0.11936024207056789,1.281966383218823e-06,0.12780825279943128
"('0032102000', 'College of Earth, Ocean, Atmospheric Sci')",0.000679040289723857,0.0,0.10664027613507447,1.4499267862823788e-07,0.1123853133835674
"('0032102000', 'School Civil Construction Engineering')",0.000679040289723857,0.0,0.10664027613507447,1.4499267862823788e-07,0.11238531338356739
"('0027078000', 'Computer Science Department')",0.0011317338162064282,0.007084051772964835,0.1518630551354324,0.00010106054792767564,0.16601525141022602
"('0025734000', 'Computer Science')",0.0015844273426889996,0.0009052845640526493,0.14751252086811353,0.00010533610353705355,0.16026914712971707
"('0001271000', 'Medicine')",0.000679040289723857,0.0,0.14750267094017094,9.482161092073652e-05,0.16004280036647578
"('0010835000', 'Geography')",0.000679040289723857,0.0,0.13720923010031366,0.00024277975826256308,0.1492651531356822
"('0017756000', 'Civil & Environmental Engineering')",0.0015844273426889996,0.007088048161212667,0.1490402455891779,0.00028369008418875136,0.1640762725529575
"('0010835000', 'Inst of the Environment/Sch of Nat Res')",0.000679040289723857,0.0,0.13720923010031366,0.00024277975826256308,0.1492651531356822
"('0018929000', 'Civil and Environmental Engineering')",0.000679040289723857,0.0004526935264825713,0.12260642726314036,3.596699042754142e-06,0.12916535391071338
"('0018408000', 'Department of Chemical and Biomolecular')",0.000679040289723857,0.0013574656459727544,0.13972169512966476,3.4593041582182886e-05,0.14963002957004728
"('6250020394', 'Unknown Dept')",0.0004526935264825713,0.0,0.12260302483696406,3.567975866492448e-06,0.12905218052909276
"('0033290000', 'Center for Science and The Schools')",0.00022634676324128565,0.0,0.1396863538636651,4.122340614841761e-05,0.15420563604696594
"('0013508000', 'Atmospheric Sciences')",0.000679040289723857,0.00017732514845429642,0.11750625033246449,2.0386391301024394e-07,0.12514100569215972
"('0013508000', 'Mechanical Engineering')",0.0004526935264825713,0.0,0.10729290623406271,7.335021976627367e-08,0.11311698556209497
"('0027110000', 'CIS and Science & Technology Studies')",0.0004526935264825713,0.0,0.13266470482253317,2.0190286625796727e-05,0.14174085245271195
"('0027110000', 'Natural Resources')",0.0004526935264825713,0.0,0.13266470482253317,2.0190286625796727e-05,0.14174085245271195
"('0020107000', 'Computer Science')",0.0009053870529651426,0.0004526935264825713,0.11293167352572787,6.174129533419073e-08,0.11918988536236104
"('0020107000', 'Center for Computation and Technology')",0.00022634676324128565,0.0,0.10147457393541275,5.72508969536389e-09,0.10570687674580606
"('0023259000', 'Center for the Study of Higher and Post-')",0.00022634676324128565,0.0,0.12268814218272701,8.008687984621075e-07,0.1301383328205419
"('0036616000', 'Geological Sciences')",0.0015844273426889996,0.001357670623797741,0.11429014900662252,2.0129703693616683e-06,0.12173410022799419
"('0103879000', 'Geological Sciences')",0.0004526935264825713,0.0,0.1025724368499257,2.04163784376032e-07,0.10754697419144807
"('0103879000', 'Geology')",0.0004526935264825713,0.0,0.1025724368499257,2.04163784376032e-07,0.10754697419144806
"('0021030000', 'Economics')",0.001358080579447714,0.0009052845640526493,0.11233440972310509,6.258773190634286e-06,0.11860587655863593
"('0021030000', 'Civil and Environmental Engineering')",0.0009053870529651426,0.0,0.11232869746510386,6.152856877226229e-06,0.11837952979539472
"('0023879000', 'Electrical and Computer Engineering')",0.001358080579447714,0.0045194535742137075,0.11611953636291955,1.8768745797162843e-06,0.12451570086712346
"('0023879000', 'Chemistry')",0.0009053870529651426,0.0018095442389803665,0.10406802817233175,2.1381158407152072e-07,0.11007648999603495
"('0023879000', 'Electrical & Computer Engineering')",0.000679040289723857,0.0,0.10405822361448053,2.1210652398299092e-07,0.10985014323279366
"('0036756000', 'Physics')",0.0018107741059302852,0.001357670623797741,0.10717058024451775,5.621600343205773e-06,0.11474599352094608
"('0036756000', 'Department of Physics and Astronomy')",0.0004526935264825713,0.0,0.09680105170902717,5.695617797191071e-07,0.10198046777632495
"('0028381000', 'MARINE SCIENCES')",0.00022634676324128565,0.0,0.08813613421908353,3.2190751281614724e-07,0.09182151418189159
"('0096354000', 'Architecture')",0.0018107741059302852,0.007218499084722767,0.1456931803192191,0.001962247977652972,0.1629080240216492
"('0025189000', 'Data Science and Analytics Innovation Ce')",0.0011317338162064282,0.00013473850478449675,0.14562114769768286,0.001904738775503918,0.16224784596219546
"('0096354000', 'FIU Miami Beach Urban Studios')",0.0009053870529651426,0.0,0.14561634805537244,0.0018710881012298085,0.1621346725805748
"('0032102000', 'Unknown Dept')",0.004300588501584427,0.01794858038078048,0.13550900223905776,1.3464685210241015e-05,0.14911572507769788
"('0032102000', 'Forest Engineering, Resources & Manag.')",0.000679040289723857,0.0,0.11934734453509104,1.5227500461048507e-06,0.12758190603619005
"('0032102000', 'FERM')",0.000679040289723857,0.0,0.11934734453509104,1.5227500461048507e-06,0.12758190603619005
"('0032102000', 'Forest Engeineering/Resources/Mangement')",0.000679040289723857,0.0,0.11934734453509104,1.5227500461048507e-06,0.12758190603619005
"('0034595000', 'Office of the Provost')",0.0011317338162064282,0.0009051820751401561,0.127617782142754,1.0018448845388109e-06,0.1367178084980254
"('4003838000', 'SD EPSCoR')",0.0004526935264825713,0.0,0.11318047905725631,1.0190138637707291e-07,0.11916191078425029
"('6250008441', 'Outreach and Culture')",0.0004526935264825713,0.0,0.11318047905725631,1.0190138637707291e-07,0.11916191078425029
"('0015693000', 'Computer Science')",0.0018107741059302852,0.0002339067412696085,0.1590181045963359,0.000522496058686043,0.17491485113146327
"('0015693000', 'Computational Science & Engineering Div.')",0.0011317338162064282,0.0,0.15900093572302598,0.00045424318901409453,0.1745753309866013
"('0015693000', 'CC')",0.0011317338162064282,0.0,0.15900093572302598,0.00045424318901409453,0.1745753309866013
"('6250003345', 'Office of the President')",0.000679040289723857,0.0,0.09073918133459304,1.1220730462424325e-08,0.09507778476637344
"('6250003345', 'Unknown Dept')",0.000679040289723857,0.0,0.09073918133459304,1.1220730462424325e-08,0.09507778476637342
"('6250003345', 'Chemistry')",0.0009053870529651426,0.0009051820751401561,0.09074290878468586,1.1310917378921388e-08,0.09522868260853427
"('6250003345', 'Mathematics, Bell Tower East 2780')",0.001358080579447714,0.002261417854162992,0.09978317824555064,9.821582778946269e-08,0.1058127649493062
"('0025734000', 'Physics and Astronomy')",0.0004526935264825713,0.0004526935264825713,0.1193570174253681,1.1933286951305488e-06,0.1261850263689327
"('0025734000', 'Department of Physics and Astronomy')",0.00022634676324128565,0.0,0.10663255454720989,1.116099583026808e-07,0.11130287312849127
"('0036707000', 'Unknown Dept')",0.0009053870529651426,0.001357670623797741,0.12521256093413446,1.9906419692172865e-06,0.133467845834534
"('0036707000', 'Mathematics')",0.0009053870529651426,0.0004526935264825713,0.11128743797072974,2.0398147843951046e-07,0.11685011006769493
"('0015693000', 'School of Electrical and Computer Engin.')",0.00022634676324128565,0.0,0.14684082826469905,0.0002428138230692019,0.1599558061022507
"('0038950000', 'Geography')",0.001358080579447714,0.001357670623797741,0.12440865059698131,5.969459425042663e-06,0.1319850221078149
"('0038950000', 'Nelson Institute Environmental Studies')",0.000679040289723857,0.0,0.12439814163029705,5.821266272600194e-06,0.13164550196295297
"('0038950000', 'Mathematics')",0.0015844273426889996,0.002713086491520631,0.1420441758029772,5.148270632853128e-05,0.15323700053781464
"('0038950000', 'Life Sciences Communication')",0.000679040289723857,0.0,0.12439814163029705,5.821266272600195e-06,0.13164550196295297
"('0017756000', 'Curriculum & Instruction')",0.0004526935264825713,0.0004526935264825713,0.13084555012586999,7.243796564680586e-06,0.1400887358956614
"('6250030009', 'School of Media')",0.00022634676324128565,0.0,0.11570897281441517,6.667090650998391e-07,0.12170159193100008
"('0033787000', 'Unknown Dept')",0.0004526935264825713,0.0009837033740208107,0.1313161336345262,1.4548048827719071e-05,0.14020018824794656
"('0033787000', 'Chemical & Biomolecular  Engineering')",0.0011317338162064282,0.0013916862395581529,0.14944861646708613,0.00015508967047891123,0.16318850595106724
"('0013169000', 'Bioengineering')",0.000679040289723857,0.0004526935264825713,0.0919439761919627,9.226300234260455e-09,0.09663347760671767
"('0013169000', 'Computer Science and Engineering')",0.002037120869171571,0.00271370142499559,0.10124203675695495,8.917663033338232e-08,0.10783529130128018
"('7203579300', 'Unknown Dept')",0.0009053870529651426,0.001357670623797741,0.12590122823516,1.7054177813554753e-05,0.13471438651384268
"('4001434000', 'Unknown Dept')",0.002489814395654142,0.00632315594518196,0.1440026075619296,0.0001803102828942725,0.15784137081669775
"('0023259000', 'Institute for Social Research')",0.001358080579447714,0.003357089212875212,0.1331645417005757,0.0039045043942618845,0.14500132117266523
"('0027110000', 'Sociology')",0.000679040289723857,0.0,0.12288607031597686,0.003748192726036948,0.13248718235137386
"('4005658000', 'Unknown Dept')",0.0011317338162064282,0.0009052845640526493,0.12289290681502087,0.0038071606570206206,0.13271352911461512
"('0036046000', 'CTBP- Department of Physics')",0.00022634676324128565,0.0,0.12011309879832527,0.00025973787604363955,0.1267549373819177
"('0036046000', 'Chemistry')",0.000679040289723857,0.0004526935264825713,0.13650548431948092,0.0028244707843640775,0.14678197035598514
"('0025684000', 'Graduate Program of Hydrologic Sciences')",0.0004526935264825713,0.0,0.11033139375171691,8.9641354738763e-07,0.11550403669758202
"('0038950000', 'Department of Geoscience')",0.000679040289723857,0.0013574656459727544,0.12400359267991468,8.758135517421352e-06,0.13148407129563736
"('4076212000', 'Unknown Dept')",0.0011317338162064282,0.0004526935264825713,0.11033414914339942,9.87222527980157e-07,0.1156172100792027
"('6250005185', 'Biology')",0.0011317338162064282,0.0,0.10978033992644866,3.97984432252346e-07,0.11546514636713685
"('6250005185', 'Dean - School of Arts and Sciences')",0.0018107741059302852,0.0013574656459727544,0.12330793491305925,3.1765066229503727e-06,0.1319464305374215
"('6250005185', 'Mathematical Sciences')",0.000679040289723857,0.0,0.10978033992644866,3.642885516014467e-07,0.11546514636713685
"('6250005185', 'Education Department')",0.000679040289723857,0.0,0.10978033992644866,3.642885516014467e-07,0.11546514636713685
"('0036046000', 'Computer Science & Computer Engineering')",0.00022634676324128565,0.0,0.1450664915449023,1.970660099226178e-05,0.1551282082687686
"('4007712000', 'Unknown Dept')",0.003847894975101856,0.013045792196794843,0.12736760169515957,0.00010927248934089533,0.13940431605914289
"('4007712000', 'Information & Computing Sciences')",0.000679040289723857,0.0,0.12104441217567605,1.403107254420378e-05,0.13004661161882247
"('0023259000', 'Biomedical Engineering')",0.0009053870529651426,0.004489861741107235,0.119398951408032,8.840610625164069e-07,0.12758655320334797
"('0023259000', 'Cell & Developmental Biology')",0.000679040289723857,0.0004526935264825713,0.10670208911967154,9.067311772911023e-08,0.11253015412985795
"('0022905000', 'Mathematics')",0.0015844273426889996,0.005946029810812165,0.1417570429313996,0.00014787547304691574,0.15687188170212044
"('0018408000', 'Biological Sciences')",0.00022634676324128565,0.0,0.13969518750395243,3.3923569142509306e-05,0.1492716471949153
"('0036616000', 'Computer Science Department')",0.001358080579447714,0.0004526935264825713,0.12398967220475976,3.770606967713465e-06,0.1330564096634712
"('0036616000', 'Center for Education Research & Policy')",0.00022634676324128565,0.0,0.11031486429124322,3.482544008640137e-07,0.11606442095600586
"('0018259000', 'Physics')",0.0011317338162064282,0.0003006397001662849,0.15258159212571232,0.000146925236988415,0.1674547096683797
"('0030908000', 'Dept. of Computer Science & Engineering')",0.0004526935264825713,0.0,0.1153554923105042,0.003497840648784418,0.12319234345853325
"('0030908000', 'Computer Science and Engineering')",0.002716161158895428,0.003618063588835801,0.13038987102676858,0.03453900342262045,0.14298251733176923
"('0030908000', 'Dept. Of Computer Science and Eng.')",0.0004526935264825713,0.0,0.1153554923105042,0.003497840648784418,0.12319234345853325
"('0036442000', 'Dept Math and Statistics')",0.0009053870529651426,0.0,0.1087400625169214,2.587345508342694e-06,0.11468275405377501
"('0036442000', 'Mathematics and Statistics')",0.0015844273426889996,0.002261417854162992,0.12199028053898829,2.0351066291348843e-05,0.1306569995569537
"('0036442000', 'Department of Biological Sciences')",0.0009053870529651426,0.0,0.1087400625169214,2.587345508342694e-06,0.11468275405377501
"('0011080000', 'Mathematical Sciences')",0.0011317338162064282,0.0004526935264825713,0.10874273899773555,2.60754274340268e-06,0.11479592743539567
"('0036442000', 'Department of Mathematics & Statistics')",0.0009053870529651426,0.0,0.1087400625169214,2.587345508342694e-06,0.11468275405377504
"('0033712000', 'Computer & Information Sciences')",0.000679040289723857,0.0,0.12340092732249595,2.2858047198638695e-06,0.1314905003451853
"('0033712000', 'Psychology')",0.0009053870529651426,0.0004526935264825713,0.1234043741794922,2.303670853025045e-06,0.13160367372680595
"('0033712000', 'Teaching and Learning')",0.0009053870529651426,0.0004526935264825713,0.1234043741794922,2.303670853025045e-06,0.13160367372680595
"('0033290000', 'College of Information Science and Techn')",0.00022634676324128565,0.0,0.12306063897941562,4.146037829616163e-06,0.13253069008750906
"('0038950000', 'Industrial & Systems Engineering')",0.0009053870529651426,0.0,0.14606407246999703,0.0007782561313519847,0.15941385898945795
"('0037549000', 'Industrial & Systems Engineering')",0.0009053870529651426,0.0,0.14606407246999703,0.0007782561313519847,0.15941385898945792
"('0035303040', 'Biosystems Engineering and Soil Science')",0.0009053870529651426,0.0,0.11142215833144183,7.030782462402121e-06,0.11855982939900908
"('0035303000', 'Microbiology and Civil & Environ. Eng.')",0.0009053870529651426,0.0,0.11142215833144183,7.030782462402121e-06,0.11855982939900908
"('0035303000', 'Marketing and Logistics')",0.0009053870529651426,0.0,0.11142215833144183,7.030782462402121e-06,0.11855982939900911
"('0035303000', 'Industrial and Systems Engineering')",0.002037120869171571,0.0019599637995496265,0.12537957260833782,5.366183973277765e-05,0.13626229034784848
"('0035303040', 'Smith Center for International Sustainab')",0.0009053870529651426,0.0,0.11142215833144183,7.03078246240212e-06,0.11855982939900908
"('0027854000', 'Computer Science and Engineering')",0.0015844273426889996,0.004885083968277072,0.14183440880927156,0.00018877488325002448,0.15473883920013273
"('0027854000', 'Computer Science')",0.000679040289723857,0.0009052845640526493,0.12423373263595973,1.7659008637939347e-05,0.1324203417175346
"('4003554000', 'Department of Physics')",0.001358080579447714,0.0,0.1386561215202586,3.105555487911858e-05,0.15356961230909263
"('0037986000', 'Computer Science and Engineering')",0.0029425079221367134,0.006182817468417032,0.1393427111587712,3.6671243515871484e-05,0.1552288654848692
"('0037986000', 'Electrical and Computer Engineering')",0.0018107741059302852,0.0004557363235454907,0.14032078767667144,3.4718839437536655e-05,0.15583452271682788
"('0037986000', 'Paul G. Allen School of Computer Science')",0.0015844273426889996,0.017987346630126463,0.15059481201213484,4.376864843987514e-05,0.16739739373849705
"('0033795000', 'Electrical and Computer Engineering')",0.0015844273426889996,0.006517108427444661,0.1427048677282858,0.033509778638653724,0.15746912724617446
"('0025684000', 'Electrical and Biomedical Engineering')",0.0004526935264825713,0.0,0.1125691135628201,6.851146884468534e-06,0.11898157140631024
"('0018697000', 'Iowa State University')",0.0004526935264825713,0.0,0.1125691135628201,6.851146884468534e-06,0.11898157140631024
"('0013706000', 'Center for STEM Learning')",0.000679040289723857,0.0,0.10662483407747074,4.3491123317170993e-07,0.11268420676140911
"('0013508000', 'Unknown Dept')",0.001358080579447714,0.006757832855223348,0.11934734453509104,4.187282341608201e-06,0.1288824930037008
"('0022905000', 'Computer Science & Engineering')",0.0009053870529651426,0.001357670623797741,0.11080735371573323,5.532812192817702e-07,0.11660041017781975
"('0022905000', 'Geography')",0.00022634676324128565,0.0,0.09975614161849711,5.106370707399873e-08,0.10369999365635348
"('0036616000', 'Biological Sciences')",0.0011317338162064282,0.0004526935264825713,0.11428423612188938,1.9750468732018554e-06,0.12150775346475294
"('0028944000', 'Warner Grad School of Ed & Human Dev')",0.0004526935264825713,0.0,0.11323849801358452,1.1060709787527334e-07,0.11966741855548914
"('0028944000', 'Warner School of Education')",0.0015844273426889996,0.0013574656459727544,0.11324720598790115,1.2473304907127012e-07,0.12000693870035103
"('7203576822', 'Mathematical and Statistical Sciences')",0.000679040289723857,0.0,0.10413671184443135,1.9236941853203477e-06,0.10926466564248342
"('0001271000', 'Mathematical & Statistical Sciences')",0.000679040289723857,0.0,0.10413671184443135,1.9236941853203477e-06,0.10926466564248341
"('0019489001', 'Mathematics')",0.0015844273426889996,0.001809851705717846,0.11623257037621679,1.6893368612596693e-05,0.12373138530902156
"('0001271000', 'Mathematical and Statistical Sciences')",0.0011317338162064282,0.0,0.10413671184443135,2.1006070561932307e-06,0.10926466564248342
"('0036327060', 'Mechanical Engineering')",0.0015844273426889996,0.000883446389004108,0.1330121932861659,1.9719474091906912e-05,0.14585777509045814
"('0036327000', 'Visualization')",0.0011317338162064282,0.00038428750670503896,0.12782455226687497,7.247180197414977e-06,0.1388956253996984
"('0027078000', 'L-DEO')",0.0004526935264825713,0.0,0.14454914278235834,2.311450550501373e-05,0.15565435457354784
"('0026294000', 'Div of Computer & Information Sciences')",0.0015844273426889996,0.00361580883276095,0.07314206248034039,3.6920788722720176e-11,0.07774473162070913
"('0021303000', 'Linguistics')",0.000679040289723857,0.0,0.0681653372008702,4.275256468206678e-12,0.07156527289057464
"('0026294000', 'Linguistics')",0.000679040289723857,0.0,0.0681653372008702,4.275256468206678e-12,0.07156527289057464
"('6250009560', 'Unknown Dept')",0.00022634676324128565,0.0,0.08500731162933887,5.170081792879258e-10,0.08809801850406038
"('0029751000', 'Philosophy')",0.0009053870529651426,0.0004526935264825713,0.11192744223753547,3.467072473964305e-07,0.11793295554795909
"('0029751000', 'Department of Biology')",0.000679040289723857,0.0,0.11192460669318269,3.4399765552986196e-07,0.11781978216633841
"('0029751000', 'Management')",0.000679040289723857,0.0,0.11192460669318269,3.4399765552986196e-07,0.11781978216633841
"('0021030000', 'Dept. of Computer Science')",0.00022634676324128565,0.0,0.15173266476628774,9.975072204255942e-05,0.16565380195982163
"('0010819000', 'Electrical, Computer, & Energy Engineer')",0.000679040289723857,0.0045481643852405326,0.14733542319749215,0.001559480960009717,0.16448591899021855
"('0010819000', 'Electrical Engineering')",0.0033952014486192846,0.018704092755596535,0.14319515120085566,0.0005354515598754591,0.15861939290526783
"('0035451000', 'Electrical and Computer Engineering')",0.0011317338162064282,0.0004526935264825713,0.15484911149276226,8.372239646887173e-05,0.1688762302784466
"('0035451000', 'Dept. Electrical & Computer  Engineering')",0.00022634676324128565,0.0,0.1340900813402938,7.749283130042448e-06,0.14249535108521047
"('0034256000', 'Sociology')",0.0009053870529651426,0.0,0.14312093038323237,0.000674313507433523,0.1560934029754751
"('5300006491', 'Unknown Dept')",0.002037120869171571,0.0009527949913578748,0.1431580311720294,0.0008213220781890278,0.15675358103492884
"('0034256000', 'School of Computing')",0.002716161158895428,0.006775800062060189,0.1505691500238566,0.0011555212813693383,0.16692447686109846
"('0033290000', 'Information Sciences and Technology')",0.0022634676324128564,0.008768716001493003,0.1502925568104504,7.602408255903988e-05,0.16412799513750045
"('0021782000', 'Department of Materials Science')",0.0009053870529651426,0.0,0.14692873058631814,4.592618374445127e-05,0.15896734860632475
"('0033290000', 'Computer Science and Engineering')",0.0029425079221367134,0.009801002391238154,0.16208680338995488,9.297246448982811e-05,0.17827283437853714
"('0038950000', 'DMSE')",0.001358080579447714,0.0009051820751401561,0.1469385040077161,4.6752567626156584e-05,0.15919369536956607
"('0013706000', 'Computer Science')",0.0033952014486192846,0.011970844317165191,0.14685547134689536,1.7512555188020297e-05,0.16166244599924878
"('0013706000', 'Aerospace Engineering')",0.0004526935264825713,0.0,0.12973131698722654,3.5816619273655887e-06,0.1391581319942562
"('0013706000', 'Aerospace Engineering Sciences')",0.002037120869171571,0.002604821446244355,0.14024061200520585,2.1274851291926207e-05,0.15274370265316276
"('4000840000', 'Unknown Dept')",0.0033952014486192846,0.0023560577149545976,0.14292184265010352,0.3202110569615219,0.15946612551976855
"('4000840000', 'Education and Diversity')",0.0033952014486192846,0.0023560577149545976,0.14292184265010352,0.3202110569615219,0.15946612551976855
"('0017392000', 'CIERA / Department of Physics & Astronom')",0.0018107741059302852,0.0,0.14246557673083746,0.20299341628392215,0.1580349313429882
"('0034595000', 'Natural Sciences')",0.0033952014486192846,0.0023560577149545976,0.14292184265010352,0.3202110569615219,0.15946612551976855
"('0013201000', 'Physics')",0.0036215482118605704,0.008506332291481126,0.14777896708589777,0.23598617183865944,0.16518058924124887
"('0037986000', 'Physical Sciences Division')",0.0018107741059302852,0.0,0.14246557673083746,0.20299341628392212,0.1580349313429882
"('0037549000', 'Department of Mechanical Engineering')",0.000679040289723857,0.0044487778655774865,0.14915094021133654,0.022060347542059128,0.16481243908246945
"('0015644000', 'Unknown Dept')",0.001358080579447714,0.0036542652365861255,0.13484312049810768,0.00010487406813106634,0.14553231148409815
"('0027854000', 'Mechanical and Aerospace Engineering')",0.0029425079221367134,0.02043096880134484,0.15438915292144256,0.00012279926076620365,0.1707613434299703
"('0020297000', 'ByWater Institute and Department of Rive')",0.0009053870529651426,0.0,0.14391348252386071,0.0018643949788713097,0.1598469861711138
"('0010819000', 'Morrison Inst-Kyl Cntr Water Policy')",0.0009053870529651426,0.0,0.14391348252386071,0.0018643949788713097,0.1598469861711138
"('0028381000', 'Anthropology')",0.000679040289723857,0.0004526935264825713,0.09662321756626717,1.654117870852248e-06,0.10155699191490669
"('P270038425', 'Unknown Dept')",0.00022634676324128565,0.0,0.08811152549809537,1.5211332726996002e-07,0.09153103583573195
"('0018697000', 'Chemical and Biological Engineering')",0.001358080579447714,0.0015278118800688923,0.1347855268777839,2.443065820629763e-05,0.14556625282066663
"('0019505000', 'Mechanical Engineering')",0.0004526935264825713,0.0,0.12318072826632465,3.702819269947133e-06,0.13147140665531312
"('0036582000', 'Mechanical Engineering')",0.0009053870529651426,0.0004977947138124399,0.15537190082644628,0.00010360866838207122,0.1695817053275169
"('0014480000', 'Chemical Engineering')",0.000679040289723857,0.0009052845640526493,0.14728630484064542,9.749366544892868e-05,0.1589104855458398
"('0014480000', 'Medicine')",0.00022634676324128565,0.0,0.12838171621189667,9.025338621636523e-06,0.13562068433050803
"('0026294000', 'Electrical & Computer Engineering')",0.0009053870529651426,0.0,0.06815902744565637,5.355867032210285e-12,0.07148982396949423
"('0047415000', 'Bloustein School of Planning & Public Po')",0.0018107741059302852,0.0018083656164866943,0.07313842995728902,3.791620394308476e-11,0.07770700716016893
"('0026294000', 'Department of Psychology')",0.0009053870529651426,0.0,0.06815902744565637,5.355867032210283e-12,0.07148982396949422
"('0026294000', 'Mechanical and Aerospace Engineering')",0.001358080579447714,0.0004531547265887908,0.06816323381933194,8.60760791164585e-12,0.07179161965381588
"('0026294000', 'Computer Science and Engineering')",0.0009053870529651426,0.0,0.06815902744565637,5.355867032210285e-12,0.07148982396949422
"('0017392000', 'Kellogg School of Management, MORS Dept')",0.0004526935264825713,0.0,0.1315194093831865,0.00028450048723682584,0.1414648213312759
"('0025320000', 'Electrical Engineering')",0.0009053870529651426,0.0,0.11005106488977456,7.725147018569798e-07,0.11702942288747568
"('0025320000', 'Department of Earth Sciences')",0.0015844273426889996,0.0036170386997108686,0.11007299997508534,7.934163594494474e-07,0.11755756533503867
"('0025320000', 'Center for Biofilm Engineering')",0.0022634676324128564,0.004212145391256467,0.11549420960447547,5.07978631805707e-06,0.12396741718516903
"('0025320000', 'Department of Physics')",0.001358080579447714,0.0058652277762991116,0.1211838604383246,1.6314830242738335e-06,0.13023163200812107
"('0025320000', 'Chemical & Biological Engineering')",0.001358080579447714,0.0006869653937295945,0.11007025761124122,8.776450429850972e-07,0.11744439195341802
"('0022905000', 'Psychology')",0.0011317338162064282,0.001357670623797741,0.13616050790519924,0.00016267069113045857,0.15105994452101873
"('7203581699', 'Organization Studies')",0.00022634676324128565,0.0,0.1198459201388889,1.4964615034393232e-05,0.129014187753502
"('0013144000', 'Informatics')",0.0009053870529651426,0.0,0.15537190082644628,0.0001743007053324785,0.17040069607973513
"('0021030000', 'College of Information Studies')",0.0022634676324128564,0.012008216545373058,0.1578138953384533,0.00020139159512439408,0.17382712227664582
"('0018259000', 'Electrical & Computer Enineering')",0.0011317338162064282,0.0013574656459727544,0.15538829487900957,0.0001757194810366626,0.17058931838243618
"('0033795000', 'Computer Science')",0.0022634676324128564,0.0050117855788390725,0.14126750655496578,0.003834480736634367,0.15453075733179747
"('0035352000', 'Computer Science')",0.002037120869171571,0.006382833066616174,0.14414355628058728,0.00012656371086589162,0.15875859465719028
"('0035352000', 'Unknown Dept')",0.004526935264825713,0.027194320795919994,0.1578138953384533,0.0007166735574439332,0.17832030966367646
"('0015354000', 'Materials Science & Engineering')",0.0004526935264825713,5.001119376132268e-05,0.1408666262793738,0.00012280020391018366,0.15214119980416876
"('0033712000', 'Graduate School')",0.0004526935264825713,0.0,0.12339058790671693,2.050504334627049e-06,0.13130187804248425
"('0033712000', 'Unknown Dept')",0.0004526935264825713,0.0,0.12339058790671693,2.050504334627049e-06,0.13130187804248425
"('0029728000', 'Plant and Microbial Biology')",0.0022634676324128564,0.01368016973750231,0.15161290322580645,4.9632287055762205e-05,0.16619174108422483
"('0029728000', 'Dept. of Plant Biology')",0.0009053870529651426,0.0,0.14724703372883616,4.2107754032928776e-05,0.1600333943758559
"('0014894000', 'Department of Biological Science')",0.0009053870529651426,0.0,0.14724703372883616,4.2107754032928776e-05,0.16003339437585584
"('0013151000', 'Psychology')",0.0004526935264825713,0.0004526935264825713,0.12002173322466721,1.4049878205289898e-06,0.127575423356885
"('0037499000', 'Forensic Science Program')",0.00022634676324128565,0.0,0.13749961096760138,2.038335684685096e-05,0.1477515247943035
"('0037457000', 'Biocomplexity Institute')",0.000679040289723857,0.0,0.11159947458825907,5.196915637409219e-07,0.1173384813488459
"('0023259000', 'Educational Studies')",0.00022634676324128565,0.0,0.09192293287836545,2.342810743166234e-08,0.09642832669789468
"('0023259000', 'School of Education')",0.0009053870529651426,0.0004526935264825713,0.10122579906060258,2.5467892612081096e-07,0.10764902231591422
"('0020107000', 'Department of Mathematics')",0.000679040289723857,0.000930264396096888,0.09696889883891925,3.070151701257073e-08,0.10166601933720856
"('0020107000', 'Mathematics')",0.0004526935264825713,0.0013778847214110446,0.1072486284410351,3.2580922230810724e-07,0.11291688357252193
"('0022335000', 'Electrical & Computer Engineering')",0.00022634676324128565,0.0,0.10250342219438065,1.2444915952618325e-07,0.1069186413449836
"('0022335000', 'Electrical and Computer Engineering')",0.0004526935264825713,0.0004526935264825713,0.1142074242580912,1.3342969317538117e-06,0.12057212159351054
"('0015354000', 'Department of Natural History')",0.001358080579447714,0.0025931027108991728,0.12687745900462363,9.974797212365998e-05,0.13784621143154333
"('0015354000', 'Florida Museum of Natural History')",0.000679040289723857,0.0015189019957071706,0.11792339516882423,0.0004334512634689012,0.12652785352819268
"('0034256000', 'Physics and Astronomy')",0.0004526935264825713,0.0004526935264825713,0.10419074122114001,5.386977421217459e-08,0.10950110599522606
"('0010835000', 'School of Natural Resources and the Envi')",0.0015844273426889996,0.0012841744429663707,0.1192603590228101,3.41921560594442e-07,0.12800275902358252
"('0038000000', 'Department of Plant Pathology')",0.0009053870529651426,0.0013281113162198445,0.12108422177761943,5.342437835146348e-07,0.12974892480890593
"('0027078000', 'Oceanography')",0.0011317338162064282,0.0013574656459727544,0.11782275915406566,2.2828527475778063e-07,0.12599639433048176
"('0015354000', 'Eng. School of Sust. Infrastructure')",0.00022634676324128565,0.0,0.1421081411431696,7.045269566936697e-05,0.15330277275161738
"('0015354000', 'Civil and Coastal Engineering')",0.0011317338162064282,0.00015041956056924084,0.12536534150563264,5.1244089766391476e-05,0.13580959682136592
"('0035303000', 'Nursing')",0.000679040289723857,0.0,0.11144183230753708,1.4959268820428063e-05,0.11869186501089984
"('0013292000', 'Geological and Environmental Sciences')",0.0004526935264825713,0.0,0.12308120908204485,9.973926061547322e-06,0.13050836983046088
"('0011502001', 'Geology')",0.0004526935264825713,0.0,0.12308120908204485,9.973926061547322e-06,0.13050836983046088
"('0034488000', 'School of the Earth, Ocean and Environme')",0.0011317338162064282,0.0009051820751401561,0.14034753327615235,9.846926364442787e-05,0.15203090443583805
"('0029751000', 'Mechanical Engineering & Eng. Science')",0.0011317338162064282,0.0,0.12054241357671006,1.8328654615824758e-06,0.12769011802794006
"('0029751000', 'Mechanical Engineering')",0.0015844273426889996,0.003783276245651171,0.1326089566574619,1.3364102321223754e-05,0.1427129469795824
"('0029751000', 'Mechanical Engineering and Engineering S')",0.000679040289723857,0.0,0.12054241357671006,1.67834291425589e-06,0.12769011802794006
"('0038950000', 'Geoscience')",0.0009053870529651426,0.0018095442389803665,0.1415254508761252,9.333109879872089e-05,0.1527985475869125
"('0027110000', 'School of Electrical and Computer Engr')",0.00022634676324128565,0.0,0.10487833827893175,1.9805353529197947e-07,0.10927731457998514
"('0027110050', 'Medicine')",0.0009053870529651426,0.0004526935264825713,0.11716346663837912,2.1524509106211527e-06,0.12363764636851989
"('0025890000', 'Department of Chemistry')",0.001358080579447714,0.0006785790896176374,0.13290815559098704,1.8164519955695793e-05,0.14292886392818413
"('0025890000', 'Department of Physics')",0.0009053870529651426,0.0,0.11732837604567786,4.15356602098865e-06,0.1239862825560031
"('0025890000', 'Department of Mathematics and Statistics')",0.001358080579447714,0.0006785790896176374,0.13290815559098704,1.8164519955695793e-05,0.14292886392818416
"('0025890000', 'College of Biological Sciences')",0.0009053870529651426,0.0,0.11732837604567786,4.15356602098865e-06,0.1239862825560031
"('0025890000', 'Mathematics and Statistics')",0.0009053870529651426,0.0,0.11732837604567786,4.15356602098865e-06,0.1239862825560031
"('0023879000', 'Department of Earth Sciences')",0.002716161158895428,0.0027131377359768775,0.10589645254074784,4.4349977339327077e-07,0.11265681860058281
"('0023879000', 'BioTechnology Institute')",0.0009053870529651426,1.024889124932242e-07,0.09576451207352495,5.4843535274714866e-08,0.10044695402918721
"('0023879000', 'Department of Earth and Environmental Sc')",0.0004526935264825713,0.0,0.09576036067279348,4.585661665974618e-08,0.10022060726594594
"('0010090000', 'Department of Geosciences')",0.00022634676324128565,0.0,0.11445002849593286,4.474709962585609e-07,0.1201690348532804
"('0013177010', 'Scripps Institution of Oceanography')",0.001358080579447714,0.0019286116276959336,0.11761260781599403,1.623126083739274e-06,0.12557131201879895
"('0013177000', 'Skaggs School of Pharmacy')",0.0004526935264825713,0.0004526935264825713,0.10524309773934587,1.5061804563160739e-07,0.11049671832515211
"('0013144000', 'Biomedical Engineering')",0.0011317338162064282,0.0006510080011093281,0.12571493611814585,6.3408647534069435e-06,0.1353796265351263
"('0013052000', 'Chemical Engineering')",0.001358080579447714,0.004186252481992357,0.14001838177035464,2.2204158641313193e-05,0.15212403975984648
"('0013144000', 'Chemical Engineering & Materials Science')",0.000679040289723857,0.0,0.12297842727905359,2.8931621784222607e-06,0.1310622140296197
"('0013052000', 'Developmental Biology')",0.000679040289723857,0.0,0.12297842727905359,2.8931621784222607e-06,0.13106221402961968
"('0016105000', 'Institute for Astronomy')",0.0015844273426889996,0.005420843559591614,0.10753578035244864,2.1780225755916222e-07,0.11434106697484273
"('5300001310', 'Unknown Dept')",0.0004526935264825713,0.0,0.0970989010989011,2.2379630147756815e-08,0.10162925596329511
"('5300001310', 'W.M. Keck Observatory')",0.0004526935264825713,0.0,0.0970989010989011,2.2379630147756815e-08,0.10162925596329511
"('0010835000', 'Unknown Dept')",0.00520597555454957,0.04318503444689235,0.1656853553347084,0.0006688701183107582,0.18739113861341
"('0013169000', 'Environmental Sciences')",0.0011317338162064282,0.0013574656459727544,0.14699717185160538,0.0003217968184979907,0.16159850222208638
"('0015982001', 'Educational Psychology')",0.0018107741059302852,0.020223851305876298,0.16107039994166758,0.0012044557205930669,0.18034750697720303
"('0015982001', 'School of Electrical and Computer Engine')",0.0011317338162064282,0.01735549561741069,0.16222369097451714,0.0008336709354460135,0.18075625646924823
"('0015693000', 'School of Mathematics')",0.0009053870529651426,0.010623252098881434,0.16125264617855317,7.160075616267188e-05,0.17670349242327332
"('0014894000', 'Dept. of Chemistry and Biochemistry')",0.00022634676324128565,0.0,0.09899170961236836,8.144257142394858e-08,0.10388945630021351
"('0013706000', 'School of Education')",0.002716161158895428,0.015785943588867965,0.14625264830508475,8.588528435574547e-06,0.16075404086381773
"('0026294000', 'Bloustein School')",0.0009053870529651426,0.0,0.07313237655393885,3.5804573431747184e-11,0.07721658917314614
"('0026294000', 'Computer Science')",0.0015844273426889996,0.008566125795096172,0.07887595515246733,2.706682874777951e-10,0.08391592832201733
"('0013144000', 'Department of Computer Science')",0.0004526935264825713,0.0,0.11452419835653369,6.890885485869852e-07,0.12173446303708835
"('0029207000', 'Civil and Environmental Engineering')",0.004300588501584427,0.041807105297471024,0.1726928038150334,0.0010352226303270405,0.19337126582486508
"('0033795000', 'Civil & Environmental Engineering')",0.0015844273426889996,0.004053081065020122,0.15122886287396453,0.004521049190450737,0.16548603049281946
"('0033795000', 'Chemistry')",0.000679040289723857,0.0,0.14932233751309698,0.0006162462879604664,0.1621006439363149
"('0001966000', 'Dept. of Computer Science')",0.0004526935264825713,0.0,0.11159665563666675,4.0704801396169826e-07,0.11694430324466427
"('0001966000', 'Physical Therapy')",0.0004526935264825713,0.0,0.11159665563666675,4.0704801396169826e-07,0.1169443032446643
"('0001966000', 'Mechanical Engineering')",0.001358080579447714,0.001357670623797741,0.12560771045972763,3.963785862024193e-06,0.13356560006061952
"('0010835000', 'Molecular and Cellular Biology')",0.0011317338162064282,0.025970021864367428,0.16492459310138868,0.0006945116644854992,0.18349007388165295
"('0025734000', 'Department of Geography')",0.00022634676324128565,0.0,0.10436302648052347,9.012237277470558e-08,0.10855745668776409
"('0025734000', 'Department of Earth Sciences')",0.0004526935264825713,0.0004526935264825713,0.1165207300348138,9.789056548390743e-07,0.12255557178599252
"('0017756000', 'Chemical & Biomolecular Engineering')",0.000679040289723857,0.0,0.11710446099610358,1.8155641627164106e-06,0.12461602697535838
"('0015693000', 'Chemical and Biomolecular Engineering')",0.0011317338162064282,0.0001694005365154448,0.11884011190015063,2.4299404465882625e-06,0.12688266909034823
"('0017756000', 'Chemistry')",0.002037120869171571,0.0009160957847490498,0.13163304829723207,1.1968516815754661e-05,0.1421485567648983
"('0017756000', 'Civil and Environmental Engineering')",0.0015844273426889996,0.00037654922349067063,0.12431413376853598,5.327709403574713e-06,0.13387191909996268
"('0021030000', 'Physics')",0.002037120869171571,0.004108729347554133,0.13865177002259604,0.00025732953388309354,0.15421847805528743
"('0014266000', 'Department of Computer Science')",0.0009053870529651426,0.01216278932542283,0.15803970667143624,0.0001258394943845304,0.17500759828170345
"('0014266000', 'Computer Science')",0.0036215482118605704,0.01408112481717395,0.15506106977397163,0.00017060228681412196,0.17416594835675717
"('0021998000', 'Computer Science')",0.001358080579447714,0.009031028218386939,0.15491969983869835,0.0004700988262865636,0.1709257997171067
"('0018697000', 'Dept Electrical & Computer Engineering')",0.0011317338162064282,0.0004526935264825713,0.13283622478126222,2.2964696679467702e-05,0.14260691838215603
"('0018697000', 'Department of Physics')",0.00022634676324128565,0.0,0.11726297908482854,2.11304744500604e-06,0.12348552150781614
"('0022210000', 'Department of Civil & Environmental Eng.')",0.00022634676324128565,0.0,0.11381317945283116,5.021626894994001e-05,0.1205074450487594
"('0015693000', 'School of Biology')",0.000679040289723857,0.0023759708798166577,0.14954473140845548,0.0005200669967492467,0.16344405305473494
"('0036525000', 'Computer Science')",0.0004526935264825713,0.00017795626144188485,0.1058710759645339,7.363613426227952e-07,0.1107363072415783
"('0036525000', 'Department of Computer Science')",0.0004526935264825713,0.0002479420763985934,0.10774295817583221,7.493097012617411e-06,0.11311048640406349
"('0035451000', 'Physical Therapy')",0.00022634676324128565,0.0,0.09056062314235933,2.8183271762935335e-09,0.09464137110941673
"('0018259000', 'Elmore Family School of Electrical and C')",0.00022634676324128565,0.0,0.15173266476628774,9.975072204255942e-05,0.16565380195982163
"('0015982001', 'Electrical and Computer Engineering')",0.000679040289723857,0.0019137575271418914,0.1450998423541776,0.0005968288073489237,0.15912258482425895
"('0035352000', 'Institute for Software Integrated System')",0.0009053870529651426,0.0,0.1363201579808078,9.10314762543892e-05,0.148211588597509
"('0035352000', 'EECS - ENGINEERING MANAGEMENT')",0.0009053870529651426,0.0,0.1363201579808078,9.10314762543892e-05,0.148211588597509
"('6250036639', 'Biomedical Informatics')",0.0009053870529651426,0.0,0.1363201579808078,9.10314762543892e-05,0.148211588597509
"('0035352000', 'Department of History')",0.0009053870529651426,0.0,0.1363201579808078,9.10314762543892e-05,0.148211588597509
"('0013136000', 'Agricultural Plant Biology')",0.0004526935264825713,0.0,0.13179404570133046,1.1907911953478799e-05,0.14059805568406672
"('0029728000', 'Plant  and Microbial Biology')",0.0004526935264825713,0.0,0.13179404570133046,1.1907911953478799e-05,0.14059805568406672
"('0018697000', 'Genetics, Development and Cell Biology')",0.0004526935264825713,0.0,0.12320133853876185,4.300853211420645e-06,0.13159966982114985
"('0021782000', 'Physics')",0.002037120869171571,0.004517711262701322,0.1273896369770191,0.00016624985604313917,0.1377254460493477
"('0021550000', 'Physics')",0.0009053870529651426,0.0004526935264825713,0.11302701596397871,1.9156477038333536e-05,0.12004898261938253
"('0021998000', 'Physics')",0.001358080579447714,0.0009051820751401561,0.11302990764192698,2.0934861191948232e-05,0.12008670707992271
"('0022194000', 'Physics and Astronomy')",0.0011317338162064282,0.0018095442389803665,0.11303569144172956,1.9361019331775506e-05,0.12023760492208356
"('0021055000', 'Chemical & Biochemical Engineering')",0.00022634676324128565,0.0,0.08821884984025559,2.346462889364154e-08,0.09182561081879179
"('0018697000', 'Plant Pathology and Microbiology')",0.0004526935264825713,0.0004526935264825713,0.0967522939798086,2.550594446182623e-07,0.1017251989266695
"('0022905000', 'Civil & Environmental Engineering')",0.000679040289723857,0.0004526935264825713,0.11084071351514087,2.8717219278975957e-06,0.1179801398136138
"('0022905000', 'School of Planning, Design & Constructio')",0.00022634676324128565,0.0,0.09978317824555064,2.641887498191531e-07,0.1046879435155213
"('0029785010', 'Biomedical Engineering')",0.000679040289723857,0.0,0.11605852838416476,1.5270951867808143e-06,0.12273690640881631
"('0036327060', 'Biomedical Engineering')",0.000679040289723857,0.0014235231624899656,0.13129271916790491,1.5073889227188497e-05,0.14159743103835337
"('0037549000', 'Biomedical Engineering and Mechanics')",0.00022634676324128565,0.0,0.13308030604253268,5.953071478694712e-05,0.1420944366734309
"('0013136000', 'Human Ecology')",0.0009053870529651426,0.0,0.11989470541941437,1.095350124527571e-06,0.12695718973446388
"('0010819000', 'EdPlus')",0.0004526935264825713,0.0,0.11989470541941437,1.002200040121016e-06,0.12695718973446388
"('0036772000', 'Unknown Dept')",0.0022634676324128564,0.001357670623797741,0.13621928282921716,9.68892232102119e-06,0.14747173253284573
"('7203578639', 'Unknown Dept')",0.0004526935264825713,0.0022443948712100037,0.1277838838433505,8.032737310961439e-07,0.1368593650451953
"('0029751000', 'Mathematics and Statistics')",0.00022634676324128565,0.0,0.09808840833906884,2.2414752417210955e-08,0.10309466599892575
"('0025890000', 'Mechanical Engineering')",0.00022634676324128565,0.0,0.14326944903849273,1.9288381987171483e-05,0.15351398953141732
"('0013169000', 'Electrical and Computer Engineering')",0.000679040289723857,0.0,0.09193632296327126,9.052952409815247e-09,0.09633168192239601
"('0036327000', 'Oceanography')",0.00022634676324128565,0.0,0.11468175682691309,2.4298003925775636e-06,0.1228265793528544
"('0036525000', 'Chemistry')",0.00022634676324128565,0.0,0.12215217872152179,3.8821792710145466e-07,0.1293638482638022
"('0036525000', 'Unknown Dept')",0.0018107741059302852,0.009464295026145434,0.13914522377247962,4.174747324084608e-06,0.15095297288597342
"('0026393000', 'Mathematical Sciences')",0.0009053870529651426,0.0004526935264825713,0.12076317515853925,1.3177558735497214e-06,0.12813894858621602
"('0026393000', 'Department of Mathematical Sciences')",0.00022634676324128565,0.0,0.10775346942757494,1.217280747794406e-07,0.11269122603386714
"('7203590649', 'ASTRO America')",0.00022634676324128565,0.0,0.14016052790203357,2.5828408221849964e-05,0.15063801069912341
"('0010819000', 'School of Sustainable Engineering and th')",0.0018107741059302852,0.012489041013713127,0.15541015899817082,0.0014465967042181455,0.17245058962464896
"('0013136000', 'Anthropology')",0.0011317338162064282,0.002261417854162992,0.11876024838041987,4.149755225661484e-06,0.1274272395905485
"('0031708000', 'Biobased Products and Energy')",0.0004526935264825713,0.0,0.109576130360376,4.639251999639702e-07,0.11599066382006364
"('0031708000', 'Unknown Dept')",0.002489814395654142,0.0027142138695580562,0.12305035650623886,4.474281372803695e-06,0.1329802009659468
"('0031849000', 'Political Science')",0.0011317338162064282,0.0004526935264825713,0.10957884815715065,5.11530723024369e-07,0.11610383720168428
"('9000241000', 'Director, JPL')",0.000679040289723857,0.0,0.1342122850719971,1.3008234174067485e-05,0.14562023378512656
"('6250026896', 'Unknown Dept')",0.001358080579447714,0.0004526935264825713,0.13421636236595072,1.432778623439184e-05,0.14573340716674718
"('0020834000', 'Unknown Dept')",0.0018107741059302852,0.007910445451204439,0.1435860768955767,2.2349925599250155e-05,0.15722657768266507
"('0013284000', 'Electrical Engineering - Systems')",0.0004526935264825713,0.0013574656459727544,0.14113212369026323,0.00022317295834258237,0.15452276962009792
"('0033290000', 'Mechanical Engineering')",0.002037120869171571,0.0009095378539211181,0.1227154046997389,1.3110892004074852e-05,0.13331420376712952
"('7203594188', 'Unknown Dept')",0.00022634676324128565,0.0,0.10930502981271184,1.2074977791486138e-06,0.11611354782705798
"('0029728000', 'COMPUTER SCIENCE')",0.00022634676324128565,0.0,0.1336317715737576,7.793687026742916e-06,0.14299887716026174
"('5300020135', 'Unknown Dept')",0.0011317338162064282,0.0,0.11411302820539312,4.813890845874026e-06,0.12081243695944809
"('7203591509', 'Unknown Dept')",0.000679040289723857,0.0,0.11411302820539312,4.408439026216709e-06,0.12081243695944809
"('P269967367', 'Unknown Dept')",0.000679040289723857,0.0,0.11411302820539312,4.408439026216709e-06,0.12081243695944806
"('0036756000', 'Department of Physics')",0.000679040289723857,0.0,0.09679893078591617,5.695617797191071e-07,0.10186729439470431
"('0019893001', 'Plant Pathology Department')",0.000679040289723857,0.0004526935264825713,0.11624174494172126,1.7205373064759566e-06,0.1234250413853236
"('5300001651', 'Unknown Dept')",0.00022634676324128565,0.0,0.10413916650952292,1.594745631131149e-07,0.10897024167584943
"('0015982000', 'Odum Scool of Ecology')",0.0004526935264825713,0.0,0.12660476845483723,8.181681730988313e-05,0.1354587878435837
"('0015982001', 'Ecology')",0.0004526935264825713,0.0,0.12660476845483723,8.181681730988313e-05,0.1354587878435837
"('0014894000', 'Department of Physics')",0.0009053870529651426,0.002476249095148014,0.11564536816480381,4.501724233057578e-06,0.12345791971470929
"('0014894000', 'Florida State University, Physics Depart')",0.000679040289723857,0.0,0.11474728585528024,4.427141406342176e-06,0.12188388889667652
"('0014894000', 'Physics')",0.001358080579447714,0.0004014777817541277,0.11597626922874993,4.923919195322781e-06,0.12380466315787649
"('0101428000', 'Basic Science')",0.00022634676324128565,0.0,0.11712308793510247,1.3408676441916288e-06,0.12268774833533255
"('0029744000', 'Anthropology')",0.0004526935264825713,0.0004526935264825713,0.10889551650193488,7.432251370413442e-07,0.11424646070280113
"('6250033094', 'Unknown Dept')",0.00022634676324128565,0.0,0.12037819132993652,1.9586445789564966e-05,0.12982325809063944
"('0022921000', 'Physics')",0.0022634676324128564,0.004068399870331028,0.1368479742287201,0.0002129125957266236,0.15251926873385116
"('0013177000', 'NanoEngineering')",0.001358080579447714,0.002261417854162992,0.11906751111710012,1.9810089788870696e-06,0.12643555233810963
"('0013177000', 'Chemical and NanoEngineering')",0.0009053870529651426,0.0,0.10641167686304735,2.5223696715506113e-07,0.111626638557741
"('0013177000', 'Chemistry and Biochemistry')",0.0011317338162064282,0.0004526935264825713,0.10641423994990004,2.542102584811732e-07,0.11173981193936162
"('0017749000', 'Pritzer School of Molecular Engineering')",0.0009053870529651426,0.0,0.10641167686304735,2.5223696715506113e-07,0.111626638557741
"('0013177000', 'Nanoengineering')",0.0009053870529651426,0.0,0.10641167686304735,2.5223696715506113e-07,0.11162663855774099
"('0023879000', 'Dept. of Comp. Science and Engineering')",0.000679040289723857,0.0,0.1295525189138467,1.299561437903275e-05,0.13906752953550075
"('0023879000', 'Aerospace Engineering/Mechanics')",0.000679040289723857,0.0,0.1295525189138467,1.299561437903275e-05,0.1390675295355007
"('0023879000', 'Computer Science & Engineering')",0.0009053870529651426,0.0031645501510532835,0.12957911717260595,1.3105864017263642e-05,0.13940704968036263
"('0015693000', 'Mathematics')",0.0009053870529651426,0.0027139064028205767,0.13430204280155641,3.564412699002774e-05,0.14425777934152642
"('0028381000', 'SoMAS')",0.000679040289723857,0.0,0.09097461030002266,1.662307202014071e-06,0.09559505500460509
"('6250037479', 'Unknown Dept')",0.000679040289723857,0.0,0.1017339443203537,1.4125951195996803e-08,0.10644623889204671
"('4005450000', 'Exhibit Innovation Projects')",0.000679040289723857,0.0,0.1017339443203537,1.4125951195996803e-08,0.10644623889204669
"('6250000948', 'Learning & Research Department')",0.000679040289723857,0.0,0.1017339443203537,1.4125951195996803e-08,0.10644623889204671
"('0020313000', 'Mechanical Engineering; Informatics Rese')",0.000679040289723857,0.0,0.11458063177550702,1.8309554884843155e-06,0.12099374135895773
"('0020313000', 'Informatics Research Institute')",0.0011317338162064282,0.0,0.11458063177550702,2.0009558770150458e-06,0.12099374135895773
"('0020313000', 'Louisiana Center for Health Innovation')",0.000679040289723857,0.0,0.11458063177550702,1.8309554884843155e-06,0.12099374135895773
"('0038950000', 'Unknown Dept')",0.0036215482118605704,0.037123122514815365,0.16321856066203635,0.0008571020539342527,0.18311185256069668
"('0015982001', 'University of Georgia Marine Institute')",0.000679040289723857,0.0,0.14033861694355326,9.678910913503383e-05,0.15180455767259676
"('0034488000', 'Baruch Institute')",0.000679040289723857,0.0,0.14033861694355326,9.678910913503383e-05,0.15180455767259676
"('0010819000', 'Civil and Environmental Engineering')",0.0011317338162064282,0.014506214068104869,0.16108801866841682,0.0015892765042962785,0.179970193279382
"('0013284000', 'Earth Sciences')",0.0004526935264825713,0.002713086491520631,0.13814452331071575,8.749433601577441e-05,0.1496580226774876
"('0013284000', 'Department of Earth Sciences')",0.0011317338162064282,0.002261417854162992,0.12141365285258876,8.50784210520178e-06,0.12940576129519052
"('0020537000', 'Earth Sciences/Climate Change Institute')",0.0004526935264825713,0.0,0.10353150704192346,1.2556231469773688e-07,0.10829510263227062
"('0020537000', 'Climate Change Institute')",0.0015844273426889996,0.0009051820751401561,0.11548213398855112,1.2349440586754757e-06,0.12261731434151041
"('0020537000', 'Climate Change Institute/School of Earth')",0.0004526935264825713,0.0,0.10353150704192346,1.2556231469773685e-07,0.1082951026322706
"('0013169000', 'Entomology')",0.00022634676324128565,0.0,0.13562964327377663,0.00022617899574368182,0.14739955419561446
"('0025890000', 'Natural Resources and the Environment')",0.0022634676324128564,0.0022621352765504446,0.11294322161719968,3.753549825966545e-05,0.12108632401751353
"('0096354000', 'Institute of Environment')",0.002037120869171571,0.005195111729825288,0.1272685371896065,0.000275437742660763,0.1387249953909069
"('0020313000', 'Biology')",0.000679040289723857,0.0,0.11292878687183681,3.2574996911349394e-05,0.1205204571094103
"('0001024000', 'Computer and Data Sciences')",0.000679040289723857,0.0009052845640526493,0.12369459921046,2.135747404624882e-05,0.13235291945115332
"('4076246000', 'Pediatrics, Center for Pediatric Infecti')",0.00022634676324128565,0.0,0.11008122788657995,2.0078813087530286e-06,0.11587079612204017
"('0014175000', 'Unknown Dept')",0.0011317338162064282,0.0004526935264825713,0.1099114339735297,9.42038949920081e-07,0.1177577972700852
"('0014175000', 'Department of Allied Health Sciences')",0.00022634676324128565,0.0,0.0990294308833748,8.676550309763135e-08,0.10429771581655686
"('0027110000', 'PAM')",0.0009053870529651426,0.0,0.10605151347848003,1.703310892976981e-07,0.11204950363090013
"('0027110000', 'Operations Res & Information Eng')",0.001358080579447714,0.0013574656459727544,0.10605915114269253,1.7330892889317547e-07,0.1123135748546816
"('0027110000', 'School of Electrical and Comp. Eng.')",0.0009053870529651426,0.0,0.10605151347848003,1.703310892976981e-07,0.11204950363090013
"('0027854000', 'Courant Institute of Mathematical Scienc')",0.00022634676324128565,0.0,0.11050801670877211,1.623978176920083e-06,0.11594943617068897
"('0001479000', 'Electrical and Computer Engineering')",0.000679040289723857,0.0004526935264825713,0.1482699600630936,0.00010621291758201092,0.1610187288944636
"('0033795000', 'Industrial Engineering')",0.0015844273426889996,0.007631284033791464,0.15458903390601492,0.0003153615273304243,0.16964128623250338
"('0013128000', 'Lawrence Hall of Science')",0.0015844273426889996,0.0013577731127102342,0.11495030441796326,2.507975406736012e-06,0.12281447812979861
"('0013128000', 'Jedda Foreman')",0.00022634676324128565,0.0,0.10310144454038413,2.3075468570363832e-07,0.10824542122990076
"('0029728000', 'Mechanical & Aerospace')",0.00022634676324128565,0.0,0.13163304829723207,9.207069251834517e-06,0.1401250483584118
"('0027078000', 'Dept of Earth & Environmental Sci')",0.00022634676324128565,0.0,0.10526064995711426,4.214499609294777e-06,0.11092817354417493
"('0036756000', 'Physics and Astronomy')",0.0011317338162064282,0.0,0.10716278167220511,5.464406691661261e-06,0.11440647337608416
"('0025320000', 'Mechanical & Industrial Engineering')",0.0004526935264825713,0.0,0.1122516388027847,4.202141275071972e-06,0.11881681731976594
"('0032896000', 'Electrical and Computer Engineering')",0.00022634676324128565,0.0,0.10755148741418764,3.851029829114891e-07,0.11349589381687143
"('0033795000', 'Chemical and Petroleum Engineering')",0.001358080579447714,0.0009051820751401561,0.1226915493348885,7.217370897704535e-06,0.13282378578010678
"('0033795000', 'Bioengineering')",0.0004526935264825713,0.0,0.12268473521979395,6.48522441141751e-06,0.13259743901686552
"('0033290000', 'School of Engineering')",0.003168854685377999,0.005198186397200085,0.13982340095578694,6.32010644597839e-05,0.15612958353451675
"('0018259000', 'Computer and Information Technology')",0.001358080579447714,0.0013403507067244868,0.14386193422338,6.019806491926234e-05,0.1562091786288241
"('0018259000', 'IT Discovery Learning')",0.0018107741059302852,0.013456303738000457,0.15493056529667554,0.00017028374422017862,0.1713720682767748
"('7203583583', 'Unknown Dept')",0.000679040289723857,0.0,0.13660256013851957,2.4154854016853325e-05,0.1475141125661714
"('0036046000', 'Department of Computer Science')",0.000679040289723857,0.0,0.13832618428880053,3.942350545793476e-06,0.1489658818370897
"('0036327000', 'Sociology')",0.000679040289723857,0.0,0.13832618428880053,3.942350545793476e-06,0.14896588183708973
"('P270038410', 'Unknown Dept')",0.00022634676324128565,0.0,0.14085315309570873,0.00010964446037030452,0.15241779497098606
"('0010835000', 'Educational Psychology Department')",0.0004526935264825713,0.0,0.14214471863839645,6.895958504339249e-05,0.1541900261852721
"('0010835000', 'Educational Psychology')",0.0004526935264825713,0.0,0.14214471863839645,6.895958504339249e-05,0.1541900261852721
"('0011502001', 'Unknown Dept')",0.0015844273426889996,0.010471788773381745,0.09347890482840338,2.30551302536875e-08,0.09990874670543846
"('0026294000', 'Civil and Environmental Engineering')",0.0009053870529651426,0.009911907705044699,0.0855621187179239,2.2297515347515923e-09,0.09078792667034231
"('6250004721', 'Management of Complex Systems')",0.0004526935264825713,0.0,0.0929049081044707,6.192943573543781e-09,0.09717015699139712
"('0037986000', 'School of Environmental and Forest Scien')",0.001358080579447714,0.0009052845640526493,0.09290881561238223,6.881147519578517e-09,0.09739650375463842
"('0019489001', 'Ecology and Evolutionary Biology')",0.001358080579447714,0.0038166291020471006,0.12910578609000584,9.78466978176086e-06,0.13994901971927692
"('0019489001', 'Kansas Biological Survey')",0.0018107741059302852,0.00384113779505897,0.14117271129573414,7.468474202128362e-05,0.15687409454385343
"('0027078000', 'Mathematics')",0.001358080579447714,0.0007996412223544326,0.11671157605537064,1.8994478432433797e-06,0.12406177017992279
"('0026310000', 'Math and Computer Science')",0.00022634676324128565,0.0,0.10451609850725084,1.749078936754055e-07,0.10931660599746192
"('0033787000', 'Medical Ethics & Health Policy')",0.00022634676324128565,0.0,0.10066303629611065,3.2033602761698646e-08,0.10472378379585964
"('0019281000', 'Physics')",0.002037120869171571,0.003164857617790763,0.1096250713381802,4.981838582000456e-07,0.11690736821119097
"('0019281000', 'Computer Science')",0.002489814395654142,0.005422585871103999,0.12307092317120731,4.46426763002283e-06,0.13318768549891793
"('5300001194', 'Neuroscience')",0.00022634676324128565,0.0,0.10985131035854592,2.1200155522203645e-07,0.11523335253496461
"('0029207000', 'Physics')",0.0011317338162064282,0.003577925612638442,0.14372153545868574,0.000617383656367177,0.15586510089678893
"('0013128000', 'Political Science')",0.0004526935264825713,0.0004526935264825713,0.11493535211634018,2.024721098075323e-06,0.12239950906385628
"('0013706000', 'JILA and Department of Physics')",0.0009053870529651426,0.0,0.12396879735114204,6.143390481249607e-07,0.1323803949935679
"('0013052000', 'Department of Physics')",0.001358080579447714,0.0013574656459727544,0.12397923389925634,6.258553614159593e-07,0.13264446621734943
"('0014316000', 'Department of Physics and Astronomy')",0.0011317338162064282,0.005181562205906509,0.12464733100101569,6.43604109939516e-07,0.13394053823546762
"('0013706000', 'Mechanical Engineering')",0.002489814395654142,0.008021390753242973,0.1378944411498486,4.3413817772385574e-06,0.1505317365095532
"('0013706000', 'Psychology and Neuroscience')",0.0011317338162064282,0.0020519739260836814,0.12926065712864623,1.0198738126990148e-06,0.1380613759008954
"('0013706000', 'Technology, Cybersecurity, and Policy Pr')",0.001358080579447714,0.00041921927039206326,0.13376124012231674,1.958699837125207e-05,0.14415334866330726
"('0013706000', 'Electrical, Computer and Energy Engineer')",0.0004526935264825713,0.0,0.12943485776228283,3.4255335183495865e-06,0.13844316364687503
"('0021550000', 'Unknown Dept')",0.0015844273426889996,0.001809851705717846,0.13071779395230487,8.783717563756717e-05,0.13966597194867822
"('0023879000', 'School of Statistics')",0.000679040289723857,0.0,0.1307023253061949,8.465470532876078e-05,0.13921327842219566
"('0021550000', 'Stem Cell & Regenerative Biology')",0.000679040289723857,0.0,0.1307023253061949,8.465470532876078e-05,0.13921327842219566
"('0036046000', 'Chemical and Biomolecular Engineering')",0.0009053870529651426,0.0,0.11143058918482647,0.0005019099093872195,0.11783336207799583
"('0021782000', 'Department of Chemical Engineering')",0.0015844273426889996,0.001357670623797741,0.12539736603088103,0.004496402791339282,0.13521429050198325
"('0036582000', 'Texas Materials Institute')",0.0004526935264825713,0.0,0.11143058918482647,0.00045964157083432447,0.11783336207799583
"('0011551001', 'Physics and Astronomy')",0.001358080579447714,0.0018095442389803665,0.1303552460757701,0.029445102060294635,0.14234120150258572
"('0011551001', 'Chemistry')",0.0009053870529651426,0.0,0.1153344123635984,0.0037393555619978833,0.12317348122826313
"('0011551001', 'Biological Sciences')",0.0009053870529651426,0.0,0.1153344123635984,0.0037393555619978833,0.12317348122826313
"('0011551001', 'Science Education Program')",0.0009053870529651426,0.0,0.1153344123635984,0.0037393555619978833,0.12317348122826313
"('0011551001', 'College of Education')",0.0009053870529651426,0.0,0.1153344123635984,0.0037393555619978833,0.12317348122826313
"('0022905000', 'Electrical & Computer Engineering')",0.001358080579447714,0.00322480707533719,0.13193573433673775,2.835347680474141e-05,0.1433988179970516
"('P269925279', 'Civil and Environmental Engineering')",0.0004526935264825713,0.0,0.13199091778202676,1.9897203937667548e-05,0.14068221401856482
"('0019992001', 'Psychological & Brain Sciences')",0.000679040289723857,0.0,0.106143238113543,4.391507313181853e-06,0.11280046848177057
"('0019992001', 'Biology')",0.001358080579447714,0.004555487232592271,0.11858810897866058,3.775159831309115e-05,0.12814270257683494
"('0019992001', 'Engineering Fundamentals')",0.001358080579447714,0.003250208935148195,0.10632204654296921,4.511749437317822e-06,0.11366380400445428
"('0019992001', 'Physics and Astronomy')",0.000679040289723857,0.0,0.106143238113543,4.391507313181853e-06,0.11280046848177057
"('P269872176', 'Institute of Arctic and Alpine Research')",0.000679040289723857,0.0,0.1302706846729964,2.2089467323519454e-06,0.14061015879146166
"('7203581718', 'Unknown Dept')",0.000679040289723857,0.0,0.1302706846729964,2.2089467323519454e-06,0.14061015879146166
"('0036756000', 'Unknown Dept')",0.002037120869171571,0.003573177156579042,0.1545457725539581,0.0006943086956940282,0.17073227185268777
"('0021030060', 'Horn Point Laboratory')",0.002489814395654142,0.00271400889173307,0.12812853455526232,4.857014615202856e-06,0.13741854153488975
"('0013136000', 'Environmental Science & Policy')",0.0009053870529651426,0.0,0.1135878647641085,6.252602212125336e-07,0.11976130719007401
"('0013128000', 'CEE')",0.0009053870529651426,0.0,0.1135878647641085,6.252602212125336e-07,0.11976130719007401
"('0026393000', 'Davidson Laboratory')",0.0009053870529651426,0.0,0.1135878647641085,6.252602212125336e-07,0.11976130719007401
"('0021030000', 'Civil and Environmental Engineerng')",0.0009053870529651426,0.0,0.1135878647641085,6.252602212125336e-07,0.11976130719007404
"('0013169000', 'Electrical Engineering')",0.002037120869171571,0.006479341042375546,0.16705108329867283,0.00014397941977607506,0.18398321662241843
"('0013169000', 'Department of Electrical Engineering')",0.00022634676324128565,0.0,0.14314411612234318,1.336945276215434e-05,0.15287123343936293
"('0021998000', 'Mathematics')",0.001358080579447714,0.0004285060531193488,0.09177971207179508,4.688009047361364e-09,0.09635064661576956
"('0026906000', 'Computer Science')",0.0009053870529651426,0.0,0.08960915157292659,1.827447998373092e-09,0.093658139874485
"('0023259000', 'University of Michigan Health System, Ca')",0.0009053870529651426,0.0,0.08960915157292659,1.827447998373092e-09,0.09365813987448499
"('0023259000', 'Division of Cardiovascular Medicine/Depa')",0.0009053870529651426,0.0,0.08960915157292659,1.827447998373092e-09,0.09365813987448499
"('0033787000', 'Earth and Environmental Sciences')",0.00022634676324128565,0.0,0.09349670920364844,1.610660075140529e-08,0.09664608722785231
"('0033787000', 'Mechanical Engineering & Applied Mechani')",0.000679040289723857,0.0004526935264825713,0.10313754785694276,1.741032076157141e-07,0.10757264076872211
"('0033787000', 'Anthropology')",0.00022634676324128565,0.0,0.13947908445146015,0.00033803520369871684,0.15156998011796477
"('0039545000', 'Unknown Dept')",0.003847894975101856,0.00903173292455289,0.11719143743865885,1.7363345752860163e-06,0.12604602372879817
"('0039545000', 'Industrial Engineering & Management Syst')",0.0004526935264825713,0.0,0.10490324112548972,1.7766374617894037e-07,0.11038404375754078
"('0039545000', 'Industrial Engineering and Management Sy')",0.0004526935264825713,0.0,0.10490324112548972,1.7766374617894037e-07,0.1103840437575408
"('0011312000', 'Physics')",0.0004526935264825713,0.0,0.12818801682866676,6.335794719257079e-06,0.13572540080009482
"('0018408000', 'Physics')",0.001358080579447714,0.0008956909463225286,0.14241506027980144,4.481376349357516e-05,0.15295979296092416
"('0011312000', 'Division of Physics, Math & Astronomy')",0.001358080579447714,0.0006713077848674597,0.13717940756380798,2.3316311905139308e-05,0.14706444465950944
"('0013144000', 'Sociology')",0.000679040289723857,0.0,0.1027202976052081,0.0023777378836485432,0.1082359275805853
"('0013144000', 'Molecular Biology & Biochemistry')",0.000679040289723857,0.0,0.1027202976052081,0.0023777378836485432,0.10823592758058531
"('0013144000', 'Education')",0.0011317338162064282,0.0013574656459727544,0.11447078637129161,0.02110094585507903,0.12246879422071767
"('0011510001', 'Psychology')",0.000679040289723857,0.0,0.1027202976052081,0.0023777378836485432,0.10823592758058531
"('0021030000', 'School of Public Policy')",0.0004526935264825713,0.0004526935264825713,0.09796443301255045,2.521164480748412e-07,0.10285966566208704
"('0001057000', 'Joint: Civil & Environmental Engineering')",0.00022634676324128565,0.0,0.08922548722609311,2.319248992427121e-08,0.09278699193804973
"('0027078000', 'Astrophysics Laboratory')",0.00022634676324128565,0.0,0.10581022177515927,1.0347717471553343e-07,0.11061769224082973
"('0027078000', 'Columbia Astrophysics Laboratory')",0.0004526935264825713,0.0004526935264825713,0.11832766424726143,1.123806241419399e-06,0.12541540748874344
"('0014266000', 'Mechanical Engineering and Materials Sc')",0.000679040289723857,0.0,0.1216141818982603,6.7809362008166395e-06,0.1292664018869311
"('0014266000', 'Ecology and Evolutionary Biology')",0.0011317338162064282,0.0,0.1216141818982603,7.414554149248101e-06,0.1292664018869311
"('0014266000', 'Molecular Biophysics and Biochemistry')",0.0009053870529651426,0.0009051820751401561,0.12162087760832462,6.841795296718842e-06,0.1294172997290919
"('0014316000', 'Dept of Materials Science & Engineering')",0.0004526935264825713,0.0,0.09679044802278454,1.1820507702267285e-08,0.10208760417627262
"('0014316000', 'Chemical and Biomolecular Engineering')",0.002037120869171571,0.002219681998080539,0.1071549842347805,8.347625639299765e-08,0.11512661476112991
"('0014316000', 'Materials Science & Engineering')",0.001358080579447714,0.0005600152285510979,0.10215265092834516,4.413905117005309e-08,0.10889000769835688
"('0023879000', 'Plant Biology')",0.000679040289723857,0.0009051820751401561,0.09112660368796667,8.262202533194844e-09,0.09499194232799452
"('0023879000', 'Ecology, Evolution & Behavior')",0.0011317338162064282,0.003165780018003202,0.10025187773718487,8.661195114834673e-08,0.10546798026842742
"('7203580126', 'School of Earth & Environmental Sciences')",0.00022634676324128565,0.0,0.11266097156700242,5.769358671192616e-07,0.1212155016418315
"('0015693000', 'School of Electrical & Computer  Engr.')",0.00022634676324128565,0.0,0.1286396459352434,2.895346986132348e-05,0.13735262587118574
"('0015693000', 'Electrical and Computer Engineering')",0.0011317338162064282,0.0022618278098129646,0.14762588966485113,0.0003148121863480252,0.16205544179174594
"('0019893001', 'Plant Pathology')",0.0004526935264825713,0.0,0.11623868659229636,1.707008152907181e-06,0.12331186800370293
"('0015693000', 'Electrical & Computer Engineering')",0.000679040289723857,0.0,0.15135320315176432,0.00016964789120341815,0.16406891169792778
"('0028068000', 'Mechanical Engineering')",0.002037120869171571,0.0022618278098129646,0.1333011495640105,4.019493327623503e-06,0.1442882691977298
"('0028068000', 'Industrial Systems Engineering')",0.00022634676324128565,0.0,0.11762513312034079,3.722045655259115e-07,0.12443034832374501
"('0013052000', 'Mathematics')",0.0004526935264825713,0.00028772350603059843,0.11519607843137254,3.844224384090105e-07,0.12137936656067613
"('0025171000', 'Mechanical and Aerospace Engineering')",0.00022634676324128565,0.0,0.09434929312774953,2.113083766471928e-08,0.09808738286401907
"('0025171000', 'Electrical and Computer Engineering')",0.001358080579447714,0.0013577731127102342,0.10417600037727841,2.2793180334302945e-07,0.10960778505897907
"('6250011399', 'Biomedical Research')",0.0004526935264825713,0.0,0.14200765002732152,4.1695648980243805e-05,0.15292693888778042
"('P270043292', 'Unknown Dept')",0.0004526935264825713,0.0,0.14200765002732152,4.1695648980243805e-05,0.15292693888778042
"('0017756000', 'Computer Science Department')",0.00022634676324128565,0.0,0.13083780021914887,7.182432303823498e-06,0.13993783805350055
"('0025320000', 'Microbiology and Immunology')",0.000679040289723857,0.0,0.103555774324356,6.073360206372875e-07,0.10939837231178623
"('4004875000', 'Unknown Dept')",0.0018107741059302852,0.0022618278098129646,0.10356791223217215,6.397408611811748e-07,0.10996423921988946
"('0027854000', 'Tandon School of Engineering')",0.0018107741059302852,0.0034049551545435952,0.14378702076417366,0.0009779899161349466,0.157062062352917
"('0017749000', 'Statistics')",0.0015844273426889996,0.0004526935264825713,0.13978800822654644,0.0009086079846326094,0.15191246118701904
"('0017749000', 'James Franck Institute')",0.0022634676324128564,0.0013389586638480337,0.14726666666666666,0.001160156723699352,0.1618139681856289
"('7203577084', 'Unknown Dept')",0.0004526935264825713,0.0,0.1342938780472977,3.1766965462846294e-05,0.14488051370690486
"('0034595000', 'Ctr for Advancement of Math/Sci Ed')",0.000679040289723857,0.0,0.12761040986684383,9.846182727463153e-07,0.1364914617347841
"('5300005209', 'Unknown Dept')",0.0011317338162064282,0.0,0.12761040986684383,1.075520348180537e-06,0.13649146173478408
"('0032276000', 'Biology')",0.0009053870529651426,0.0,0.10990869965420305,9.347212483740229e-07,0.11764462388846457
"('5300016339', 'Unknown Dept')",0.0022634676324128564,0.004969174922233976,0.10993878465137112,1.0001407162446865e-06,0.11845569979007925
"('0010512000', 'Department of Biological Sciences')",0.001358080579447714,0.008634205337956205,0.12342505936583321,7.27201681309491e-06,0.13448624547221785
"('6250036693', 'Unknown Dept')",0.0009053870529651426,0.0,0.10990869965420305,9.347212483740229e-07,0.11764462388846457
"('0021030000', 'Mathematical Sciences')",0.00022634676324128565,0.0,0.12230434902970407,0.00025052284957411867,0.12971545549918104
"('0021782000', 'Materials Science and Engineering')",0.0004526935264825713,0.0004526935264825713,0.12726120520797327,0.00010535989125340962,0.13650317352784472
"('0014894000', 'Chemistry & Biochemistry')",0.00022634676324128565,0.0,0.10533342870085592,0.0004634123628607585,0.11095480174381805
"('0013177000', 'Dept. of Chemistry and Biochemistry')",0.00022634676324128565,0.0,0.09618147777245613,2.3405192603280256e-08,0.09981937558812025
"('0017749000', 'Institute of Molecular Engineering')",0.000679040289723857,0.0,0.12877087644641347,0.026923490557223585,0.13915270509883376
"('0013151000', 'Physics & Astronomy')",0.0011317338162064282,0.0009051820751401561,0.12877838342029324,0.02739070090422176,0.139379051862075
"('7203582666', 'Unknown Dept')",0.0011317338162064282,0.0,0.12877087644641347,0.029399355262483464,0.13915270509883373
"('0013201000', 'Department of Geography')",0.000679040289723857,0.0004526935264825713,0.13119914474074953,0.00021527434891506549,0.14225314761190633
"('0013201000', 'Earth Research Institute (ERI)')",0.0004526935264825713,0.0,0.13119524870081664,0.00021353131944744288,0.1421399742302857
"('0029744000', 'Department of Political Science')",0.00022634676324128565,0.0,0.122179203539823,7.931110489207684e-06,0.12979294201849612
"('0022194000', 'Unknown Dept')",0.0015844273426889996,0.0004526935264825713,0.10298368298368299,1.006068560744413e-07,0.10782453768666395
"('0022194000', 'Data Intensive Studies Center')",0.00022634676324128565,0.0,0.09337024747976415,9.330211643610123e-09,0.09669049222325982
"('4000949000', 'Professional Services')",0.0004526935264825713,0.0,0.12464381436027648,1.440874500671105e-05,0.13296458301268146
"('5300002935', 'Experiential Engineering Education')",0.002037120869171571,0.005421560981979067,0.14237834353851112,0.0001409655905196293,0.15573450240720393
"('0036327060', 'Center for Remote Health')",0.00022634676324128565,0.0,0.145405476566614,7.977438641570494e-06,0.1566682073019773
"('0036582000', 'Electrical and Computer Engineering')",0.004300588501584427,0.060750310874808276,0.1701390226056148,8.612790854162047e-05,0.19064717222820346
"('0020297000', 'Unknown Dept')",0.002037120869171571,0.004520683441163626,0.12728687084041604,5.314328213385316e-07,0.13655481697016264
"('0017400000', 'Preventive Medicine & Computer Science')",0.0004526935264825713,0.0,0.14689941812136326,0.00040580948471858377,0.16026891912473445
"('5300004653', 'Conrad Blucher Institute')",0.0009053870529651426,0.0,0.08261032161555722,2.2367288634596086e-10,0.08644358083553134
"('0028357000', 'Atmospheric & Environmental Sciences')",0.001358080579447714,0.004969379900058962,0.09003097489403326,1.7438732407579746e-09,0.0948982946894389
"('0029728000', 'Dept of Marine, Earth & Atmospheric Sci')",0.0009053870529651426,0.0,0.08261032161555722,2.2367288634596094e-10,0.08644358083553134
"('0013508000', 'Electrical and Computer Engineering')",0.001358080579447714,0.0009052845640526493,0.08261341112233068,2.2721295078375306e-10,0.08666992759877261
"('0023259000', 'Sociology')",0.000679040289723857,0.0009052845640526493,0.1156030038987885,3.870131077625203e-07,0.1221594059077079
"('0013151000', 'Electrical and Computer Engineering')",0.0011317338162064282,0.0,0.13855176090569823,0.00013877923301164178,0.15056825185276884
"('0013151000', 'UCLA, Electrical and Computer Engineerin')",0.0011317338162064282,0.0,0.13855176090569823,0.00013877923301164178,0.15056825185276881
"('6250004777', 'Quantum Engineering and Computing')",0.0011317338162064282,0.0,0.13855176090569823,0.00013877923301164178,0.15056825185276884
"('0013284000', 'Information Sciences Institute')",0.002489814395654142,0.026539022585877824,0.16021177835799247,0.000936433597207739,0.17961883195020262
"('6250004777', 'Unknown Dept')",0.0011317338162064282,0.0,0.13855176090569823,0.00013877923301164175,0.15056825185276884
"('0027078000', 'Chemistry')",0.0015844273426889996,0.002483301892211359,0.14763082269598343,2.9999511396689778e-05,0.16040269649368707
"('0027078000', 'Mechanical Engineering')",0.0018107741059302852,0.010085646853234782,0.145405476566614,3.984059274810652e-05,0.16032894096497427
"('0027078000', 'Applied Physics & Applied Mathematics')",0.001358080579447714,0.004326505893088457,0.14825503355704697,3.163105985216735e-05,0.16187816383606238
"('0027078000', 'Physics')",0.002489814395654142,0.0027967735272911897,0.13419597837312436,1.2101901254568342e-05,0.14542883428125541
"('0034017000', 'Data Science Institute')",0.00022634676324128565,0.0,0.13782131270277015,0.00040594927366526483,0.14891540197391193
"('0033290000', 'Public Health Sciences')",0.00022634676324128565,0.0,0.11999565429952741,0.00034992195581205055,0.127509736806597
"('0034017000', 'Computer Science')",0.002037120869171571,0.0018100566835428326,0.12485516461777589,8.59435091496125e-06,0.13672042636173265
"('0034017000', 'Biomed')",0.00022634676324128565,0.0,0.11099944726395658,7.917530896145767e-07,0.118482335017587
"('0021998000', 'Unknown Dept')",0.002489814395654142,0.014673319655920058,0.15375513329157095,0.003979870519379039,0.17008859934391732
"('7203577688', 'Daniel Pratt')",0.00022634676324128565,0.0,0.1332689813278634,0.000365988026223823,0.14283803252227775
"('0026294000', 'Institute of Marine & Coastal Sciences')",0.00022634676324128565,0.0,0.12413948130040181,5.2570603944897314e-05,0.1337730657502039
"('0017756000', 'Aerospace Engineering')",0.00022634676324128565,0.0,0.12837425541188435,3.196146088127762e-05,0.13765352272595327
"('0025684000', 'Computer Science and Engineering')",0.000679040289723857,0.0005971138080038087,0.11774739479224967,8.074293844878383e-05,0.12512035710881245
"('0001305000', 'NSHE - System Computing Services')",0.0004526935264825713,0.0,0.11725675460480917,8.011188259148669e-05,0.12448366544677016
"('0031708000', 'Microbiology and Molecular Genetics')",0.000679040289723857,0.0,0.10957069517125072,4.590392617051752e-07,0.11583976597790278
"('4001509000', 'Unknown Dept')",0.000679040289723857,0.0,0.10122811841261113,7.840778376198988e-08,0.10730714885371721
"('0011510001', 'Geography')",0.001358080579447714,0.004970199811358908,0.11260354275519306,6.832369163752745e-07,0.12129729132565026
"('7203579739', 'Unknown Dept')",0.000679040289723857,0.0,0.10122811841261113,7.840778376198988e-08,0.1073071488537172
"('0013177010', 'Geosciences Research Division')",0.0022634676324128564,0.0074375036195481236,0.1310085105121134,6.484633890936174e-06,0.14139048793869882
"('0014894000', 'Center for Ocean Atmospheric Prediction')",0.000679040289723857,0.0,0.12998705425444274,4.871649148152372e-06,0.13899711588145194
"('0022301000', 'Operational Scientific Services')",0.000679040289723857,0.0,0.12998705425444274,4.871649148152372e-06,0.13899711588145194
"('9000001104', 'Chemical Engineering')",0.0004526935264825713,0.0,0.10665572266615166,1.1368876374440438e-07,0.11228386729461687
"('0025650000', 'Biochemistry')",0.0009053870529651426,0.0009051820751401561,0.10666087250428527,1.1566543855725734e-07,0.11251021405785813
"('0023879000', 'Earth & Environmental Sciences')",0.0011317338162064282,0.0,0.09577281595491004,1.1367216222927082e-07,0.10065443856215835
"('0023879000', 'Geology & Geophysics')",0.0011317338162064282,0.0,0.09577281595491004,1.1367216222927082e-07,0.1006544385621584
"('0023879000', 'Geology and Geophysics')",0.0011317338162064282,0.0,0.09577281595491004,1.1367216222927082e-07,0.1006544385621584
"('0023879000', 'Earth Sciences')",0.0015844273426889996,0.0009054895418776357,0.1058913762523369,4.508038421009967e-07,0.11235502291626111
"('0023879000', 'Earth and Environmental Sciences')",0.0011317338162064282,0.0,0.09577281595491004,1.136721622292708e-07,0.10065443856215835
"('0037549000', 'Electrical and Computer Engineering')",0.003168854685377999,0.009090472065582956,0.15697839681637293,0.0006193865555518218,0.17343021396891822
"('0013144000', 'Dept. of Electrical Eng. & Computer Sci.')",0.001358080579447714,0.003980000668406492,0.14816056876488146,0.00010754561551765352,0.1609607992982817
"('0026294000', 'WINLAB')",0.002716161158895428,0.00762272860847504,0.15897232917131446,0.00024523985005933045,0.1752000219236516
"('0001289000', 'Computer Science and Engineering')",0.0018107741059302852,0.004487914027231384,0.15864124385076664,0.0001740418724535553,0.17454583292066153
"('0013284000', 'Electrical Engineering-Systems')",0.001358080579447714,0.003194183212757715,0.1479175036828713,0.00010737830303586317,0.16062145062824026
"('0020834000', 'Electrical and Computer Engineering')",0.000679040289723857,0.0,0.12556130279088273,2.2741100339899103e-06,0.13379523970571913
"('0023879000', 'Institute for Social Research and Data I')",0.00022634676324128565,0.0,0.11712929823166043,0.002798581078935275,0.12456789028733992
"('0021030000', 'Sociology')",0.0009053870529651426,0.0004526935264825713,0.13266470482253317,0.030432825417066944,0.14438799028545413
"('0010819000', 'School for the Future of Innovation in S')",0.002037120869171571,0.009637963724754546,0.1363874911246257,0.00012400416335706332,0.14904174028777867
"('0025205000', 'Electrical and Systems Engineering')",0.001358080579447714,0.00984011415159243,0.14309311740890687,2.6777656544239444e-05,0.15609148471869055
"('0022335000', 'ECE')",0.000679040289723857,0.0009051820751401561,0.12892118240975808,1.4183512930736792e-05,0.13849500054796532
"('0013706000', 'Geological Sciences')",0.001358080579447714,0.00019630011323639243,0.1351938553811316,3.484776187239282e-06,0.14652391959431252
"('0013482000', 'Economics and Business')",0.0009053870529651426,0.0,0.12927956926318254,1.855712800807358e-06,0.13886848401334537
"('6250036932', 'Unknown Dept')",0.0009053870529651426,0.0,0.12927956926318254,1.855712800807358e-06,0.13886848401334537
"('7203589839', 'Unknown Dept')",0.0009053870529651426,0.0,0.12927956926318254,1.855712800807358e-06,0.13886848401334537
"('0025320000', 'Department of Microbiology & Immunology')",0.00022634676324128565,0.0,0.113992311066388,2.9879617183742906e-06,0.11993108087777522
"('0013706000', 'Institute for Behavioral Genetics')",0.0004526935264825713,0.0004526935264825713,0.12460163014355416,3.7150183408260465e-06,0.13309180916412622
"('4203105000', 'Unknown Dept')",0.00022634676324128565,0.0,0.11079901690324523,3.417109450612989e-07,0.11641836305328443
"('4003448000', 'Unknown Dept')",0.0011317338162064282,0.002568996548864161,0.13796333885020143,3.842949694310302e-05,0.14948287904942392
"('0030908001', 'Computer Science & Engineering')",0.00022634676324128565,0.0,0.094971946946409,1.3440303229121646e-07,0.0994289354946273
"('0015792001', 'Computer and Cyber Sciences')",0.000679040289723857,0.0,0.11292878687183681,6.125541766454068e-08,0.1190767119807404
"('0020107000', 'Computer Science and Engineering')",0.001358080579447714,0.0004526935264825713,0.11293167352572787,6.751605894439265e-08,0.11918988536236104
"('0001016000', 'Unknown Dept')",0.0022634676324128564,0.0037563304044930476,0.13163304829723207,0.0004383935873568827,0.14383790973876898
"('0026997000', 'Physical Therapy')",0.0004526935264825713,0.0,0.11632744411385239,4.554924160180351e-05,0.12399851167392943
"('0026997000', 'Unknown Dept')",0.0004526935264825713,0.0,0.11632744411385239,4.554924160180351e-05,0.12399851167392943
"('0033290000', 'Electrical Engineering')",0.0015844273426889996,0.006371831667208793,0.15253944688050272,7.922633102565765e-05,0.17022894300508454
"('0033290000', 'Computer Science & Engineering')",0.0009053870529651426,0.0006461923724610062,0.14597237824621687,2.603421457999186e-05,0.15841419721569006
"('0022210000', 'College of Info and Computer Sciences')",0.00022634676324128565,0.0,0.1306520774804081,6.678084693209098e-05,0.13864741151409243
"('0025163000', 'Learning, Teaching, & Curriculum')",0.000679040289723857,0.0,0.11747812907171537,5.1146291594634534e-05,0.125597180220312
"('0025163000', 'Learning, Teaching, and Curriculum')",0.0015844273426889996,0.0016473047330733636,0.11980042301643257,5.388884245891985e-05,0.12897316204242334
"('0025197000', 'College of Education')",0.000679040289723857,0.0,0.11747812907171537,5.1146291594634534e-05,0.125597180220312
"('0034207000', 'Mathematics and Computer Science')",0.000679040289723857,0.0,0.1342204399076437,4.14823989463749e-06,0.14334006745731412
"('0029728000', 'Department of Mathematics')",0.0018107741059302852,0.013292393831214519,0.15486539540100955,3.6050886579120565e-05,0.16924651602107377
"('0034488000', 'Mathematics')",0.0018107741059302852,0.007516877590868448,0.1343592238914908,4.673667941837694e-06,0.1442197659490542
"('0029058000', 'Computational Data Science and Engineeri')",0.000679040289723857,0.0,0.1342204399076437,4.148239894637491e-06,0.1433400674573141
"('0035352000', 'Mathematics')",0.0011317338162064282,0.0004526935264825713,0.13632436435448037,8.08364077788577e-05,0.14817386413696879
"('0010835000', 'Department of Anthropology')",0.00022634676324128565,0.0,0.11133511415755254,8.795746829643431e-07,0.11741486650914545
"('0010819000', 'ASU School of Earth and Space Exploratio')",0.00022634676324128565,0.0,0.11760008517887564,2.3905744972338862e-05,0.1254450563017779
"('0010512000', 'Curriculum and Instruction')",0.0004526935264825713,0.0,0.12109417826992654,2.4299582011644742e-06,0.12816463282454665
"('5300001194', 'Mathematics and Statistics')",0.001358080579447714,0.0009051820751401561,0.13776973930397904,2.398837264013965e-05,0.14882302069943418
"('5300001194', 'College of Education & Human Development')",0.0004526935264825713,0.0,0.12109417826992654,2.4299582011644742e-06,0.12816463282454665
"('0023259000', 'Population Studies Center')",0.000679040289723857,0.0,0.11930866864704294,8.670364622829814e-07,0.12674907017935533
"('0014449000', 'Anthropology')",0.002037120869171571,0.00271400889173307,0.11610732963654043,4.256710748833524e-07,0.12322185059516266
"('0014449000', 'Dept. of Anthropology')",0.0004526935264825713,0.0,0.11608902435819954,3.7071743715706065e-07,0.12261825922651924
"('0037986000', 'Teacher Education Program, College of Ed')",0.00022634676324128565,0.0,0.11216329432074945,6.121580398725854e-07,0.11998567791014364
"('0028381000', 'Physics and Astronomy')",0.0009053870529651426,0.001357670623797741,0.10689830385443636,9.776983715336717e-06,0.11322186595067432
"('0010819000', 'Biology')",0.0015844273426889996,0.0013406249160738742,0.13706449911581298,0.0003076011497215382,0.1506227663991346
"('0028829000', 'Biology / Science Teaching')",0.0009053870529651426,0.0,0.12102120199419274,4.6943012045984796e-05,0.12983752704214377
"('0036707000', 'Biology')",0.0018107741059302852,0.00017237508424712875,0.12596943430656934,9.760518790540796e-05,0.13673766754346112
"('0028381000', 'Ecology & Evolution')",0.0009053870529651426,0.0,0.12102120199419274,4.6943012045984796e-05,0.1298375270421438
"('0035105000', 'Biology Department')",0.0009053870529651426,0.0,0.12102120199419274,4.6943012045984796e-05,0.12983752704214377
"('0036582000', 'Aerospace Engineering and Engineering Me')",0.00022634676324128565,0.0,0.15173266476628774,9.975072204255942e-05,0.16565380195982163
"('0011312000', 'Physics, Math, and Astronomy')",0.0015844273426889996,0.0015998331372945567,0.14549645973983205,0.00014213073372096552,0.1582961804555276
"('0011312000', 'Dept. of Physics, Math & Astronomy')",0.0009053870529651426,0.0,0.1321290785656608,1.895056262995554e-05,0.14124108249277878
"('0011312000', 'Astronomy')",0.0009053870529651426,0.0,0.1321290785656608,1.895056262995554e-05,0.14124108249277884
"('0018697000', 'Department of EEOB')",0.000679040289723857,0.0,0.13179797738730945,1.3270851660046426e-05,0.14071122906568737
"('0018259000', 'Statistics Department')",0.000679040289723857,0.0,0.13179797738730945,1.3270851660046426e-05,0.14071122906568737
"('0018697000', 'Biochemistry, Biophysics, and Molec Bio')",0.000679040289723857,0.0,0.13179797738730945,1.3270851660046426e-05,0.1407112290656874
"('0020107000', 'Department of Biological Sciences')",0.0004526935264825713,0.0018095442389803665,0.10632972322503008,4.938903550835809e-08,0.11167273544913028
"('0020107000', 'Biological Sciences')",0.001358080579447714,0.0013574656459727544,0.0961249755227258,5.213847564846012e-09,0.10026133771340273
"('0018259000', 'Mathematics')",0.0011317338162064282,0.0009051820751401561,0.12073017434552112,1.399029154029841e-06,0.12819105910436795
"('0017756000', 'Mathematics')",0.002037120869171571,0.00541879378134175,0.12076317515853925,1.5154157261901866e-06,0.12883237493355157
"('0018093000', 'Mathematical Sciences')",0.000679040289723857,0.0,0.12072357634714176,1.3746226351537235e-06,0.12796471234112664
"('0036442030', 'Cell Physiology and Molecular Biophysics')",0.000679040289723857,0.0,0.10800371583630763,3.889485307429269e-07,0.11348209229220622
"('0016923000', 'Biological Sciences')",0.002037120869171571,0.0010105983023080986,0.12107758502562416,3.788655928327103e-06,0.12973876288441605
"('0013177000', 'Math')",0.00022634676324128565,0.0,0.1006401056971685,2.0270231679462308e-08,0.1046159865880872
"('0028373000', 'Department of Computer Science')",0.00022634676324128565,0.0,0.12934769879376976,8.655469111186075e-05,0.1380956589308783
"('0031856000', 'Unknown Dept')",0.0011317338162064282,0.0,0.12933255269320842,1.843812728768896e-05,0.14109014664978792
"('0036327060', 'TEES CiMDM')",0.001358080579447714,0.00022838905007247485,0.1301402144456227,2.011873355980899e-05,0.14256263359647112
"('0036327000', 'Psychology')",0.0022634676324128564,0.0007132769649498092,0.13504095855239026,2.95009148974174e-05,0.14889783585460253
"('0018093000', 'Department of Biology')",0.001358080579447714,0.0009051820751401561,0.10710822342901474,2.749046909415234e-06,0.11414213269187025
"('0022905000', 'Sociology')",0.0015844273426889996,0.002261417854162992,0.11993376224991177,2.1886559955556614e-05,0.13014753833230305
"('0022905000', 'Kellogg Biological Station')",0.000679040289723857,0.0,0.1071030303030303,2.4959642900027835e-06,0.1139912348497094
"('0018093000', 'Environmental Resilience Institute')",0.000679040289723857,0.0,0.1071030303030303,2.4959642900027835e-06,0.1139912348497094
"('0028381000', 'Electrical and Computer Engineering')",0.0015844273426889996,0.004748344897479604,0.11814097764466788,0.0008009883955081717,0.12820250104904413
"('0028381000', 'Psychology Department')",0.0004526935264825713,0.00010977876995050241,0.10568366663477179,7.553613830858494e-05,0.11249062561823676
"('0029728000', 'Civil Construction & Environmental Eng')",0.000679040289723857,0.0,0.14937282347770228,7.431668610027792e-05,0.16309810229004348
"('0029728000', 'Department of Economics')",0.000679040289723857,0.0,0.14937282347770228,7.431668610027792e-05,0.16309810229004348
"('0019992001', 'Department of Electrical Engineering')",0.001358080579447714,0.002027323411391948,0.09776715572373808,4.599785658643014e-07,0.10396653595016368
"('0022905000', 'Matrix')",0.0009053870529651426,0.0,0.14551083591331268,0.0018397721909576821,0.16195393686339718
"('0019281000', 'Department of Computer Science')",0.0011317338162064282,0.001375605673040457,0.1457172070318942,0.0018774845232075645,0.16256381564213068
"('0021782000', 'Haystack Observatory')",0.002037120869171571,0.0009628769268902067,0.11729722554095313,8.832006855261364e-05,0.1254519488247478
"('0021782000', 'Aero/Astro')",0.00022634676324128565,0.0,0.10498550449123141,8.121933965386948e-06,0.1102657922678946
"('0036327000', 'Physics and Astronomy')",0.000679040289723857,0.0007657704366988838,0.11352073590626445,9.740006625919877e-07,0.12094619337898695
"('7203596848', 'Unknown Dept')",0.00022634676324128565,0.0,0.10194992500288451,8.960556411355843e-08,0.10697775970024348
"('0010835000', 'Aerospace and Mechanical Engineering')",0.001358080579447714,0.006321516122582069,0.10582796368601337,1.0611847644108992e-07,0.11328983901664377
"('0037986000', 'School of Oceanography')",0.0018107741059302852,0.0031042602202993944,0.1340900813402938,6.878471856078255e-06,0.14530414382157164
"('0032102000', 'CEOAS')",0.001358080579447714,0.0030223053720301006,0.1274447585530491,2.014422756800523e-06,0.13731708473107213
"('0032102000', 'College of Oceanic & Atmospheric Scienc')",0.0004526935264825713,0.0,0.12109417826992654,8.299171329700007e-07,0.12884371739622916
"('0013136000', 'Pediatrics')",0.00022634676324128565,0.0,0.10995520159283226,3.945072542534698e-07,0.11601780509557386
"('0013169000', 'Department of Chemistry')",0.0009053870529651426,0.0004526935264825713,0.11305015353121801,1.7281954647364143e-05,0.12015838355494911
"('0013169000', 'Political Science')",0.00022634676324128565,0.0,0.10157022323378624,1.5892934769718894e-06,0.10633279050782155
"('0013177000', 'San Diego Supercomputer Center (SDSC)')",0.00022634676324128565,0.0,0.10323877179043792,1.332524368428715e-07,0.10840604447656271
"('0033290000', 'EMS Environment Institute')",0.0004526935264825713,0.0,0.11064916850330594,6.048564544458171e-07,0.11570146671336863
"('0033290000', 'Earth and Environmental Systems Institut')",0.0004526935264825713,0.0,0.11064916850330594,6.048564544458171e-07,0.1157014667133686
"('0015354000', 'Computer & Information Sciences and Eng')",0.0011317338162064282,0.0001379844183631316,0.14585671838890724,0.0004120682689684969,0.15977385310228126
"('0015354000', 'Sociology Criminology & Law')",0.0009053870529651426,0.0,0.14585190320557262,0.00040163730658903394,0.15966067972066061
"('0010751000', 'Unknown Dept')",0.002716161158895428,0.013822479501218267,0.1543298284835994,0.002703810657462861,0.17365066589262948
"('0010512000', 'Physics & Astronomy')",0.0009053870529651426,0.0,0.1368098349487505,0.00020046910998086143,0.1517647795230469
"('0038950000', 'Graduate School')",0.0009053870529651426,0.0,0.1368098349487505,0.00020046910998086143,0.15176477952304696
"('0026294000', 'Electrical and Computer Engineering')",0.0009053870529651426,0.0004526935264825713,0.13717940756380798,2.510174270816362e-05,0.14668423787368928
"('0026294000', 'Department of Electrical & Computer Eng.')",0.00022634676324128565,0.0,0.1206345739016465,2.3110531908292576e-06,0.12677168852474374
"('0033290000', 'Physics')",0.0004526935264825713,0.0,0.12874085730104612,2.089526324316204e-06,0.13632394967840833
"('0033290000', 'Institute for Computational and Data Sci')",0.0004526935264825713,0.0,0.12874085730104612,2.089526324316204e-06,0.13632394967840833
"('0033290000', 'Chemistry')",0.001358080579447714,0.0016037120458616146,0.14775425571051135,2.0357504224352757e-05,0.16001060267130773
"('0021998000', 'Network Science Institute')",0.000679040289723857,0.0,0.09219724952524051,1.968127830497959e-07,0.0956758756541265
"('0021998000', 'Department of Physics')",0.0004526935264825713,0.0004526935264825713,0.1015585490322284,1.943324073435622e-06,0.10643302978868555
"('0014449000', 'Anthropology Department')",0.00022634676324128565,0.0,0.1040312706037487,3.9335599458484035e-08,0.10863379803573103
"('0010553000', 'Physics')",0.00022634676324128565,0.0,0.10126524250481342,5.4003009460950516e-08,0.10706658443323702
"('0010553000', 'Center for Space Plasma and Aeronomic Re')",0.000679040289723857,0.0009052845640526493,0.11267246435949096,5.868745178190798e-07,0.1215172973261532
"('0036327000', 'Department of Teaching, Learning & Cultu')",0.0004526935264825713,0.0,0.1220846689510335,5.034782622222957e-07,0.12927529376714453
"('0033290000', 'Department of Geography')",0.0011317338162064282,0.0020291267339970992,0.13973937246963564,4.4219066072046134e-05,0.15492240079722994
"('0033290000', 'mechanical engineering')",0.0009053870529651426,0.0,0.12266429741510954,6.4719011505404095e-06,0.13255971455632531
"('0015693000', 'G.W. Woodruff School of Mechanical Engin')",0.0009053870529651426,0.0,0.12266429741510954,6.4719011505404095e-06,0.13255971455632531
"('6250015637', 'Research and Development')",0.0009053870529651426,0.0,0.12266429741510954,6.4719011505404095e-06,0.13255971455632531
"('0021998000', 'Computer and Information Science')",0.0011317338162064282,0.002603659824668293,0.14201221472195436,5.056541706192801e-05,0.15338839082048544
"('0021998000', 'College of Computer and Information Scie')",0.00022634676324128565,0.0,0.12435612351169532,4.651485735030679e-06,0.1314991871465385
"('0021782000', 'Dept. of Mechanical Engineering')",0.0004526935264825713,0.0,0.1308416750577504,1.3533962324097474e-05,0.1430901315263077
"('0013219000', 'Dept of Electrical Engineering')",0.0004526935264825713,0.0,0.1308416750577504,1.3533962324097474e-05,0.14309013152630773
"('0034702000', 'Materials & Metallurgical Engineering')",0.0009053870529651426,0.0,0.11221742443484888,3.519076107924077e-07,0.11761361249534544
"('0034702000', 'Department of Geology & Geological Engr.')",0.0009053870529651426,0.0,0.11221742443484888,3.519076107924077e-07,0.11761361249534544
"('0034702000', 'Department of Chem. and Chem. Eng.')",0.0009053870529651426,0.0,0.11221742443484888,3.519076107924077e-07,0.11761361249534544
"('0034702000', 'Materials & Metallurgical Engr')",0.0009053870529651426,0.0,0.11221742443484888,3.519076107924077e-07,0.11761361249534544
"('0034702000', 'Chemical and Biological Engineering')",0.001358080579447714,0.0018095442389803665,0.12638745851928138,2.7659367942001504e-06,0.13425635151529142
"('0033290000', 'Mathematics')",0.0011317338162064282,0.001053993641190725,0.14676765663411068,2.0304121950182243e-05,0.15841361118635816
"('0036442000', 'Civil, Environmental, & Construction Eng')",0.00022634676324128565,0.0,0.10257005548719615,1.853628501854781e-07,0.10743380080982742
"('0029751000', 'Center for STEM Education')",0.0004526935264825713,0.0,0.14882937510527203,6.526965096762539e-05,0.16215555419380587
"('0028381000', 'Applied Mathematics & Statistics & IACS')",0.00022634676324128565,0.0,0.09657674987977091,8.990949087901834e-07,0.10083268227253456
"('0036756000', 'Department of Biology and Mathematics')",0.0004526935264825713,0.0,0.09680317272508161,5.740536328067085e-07,0.10201819223686519
"('0036756000', 'Department of Biology')",0.0004526935264825713,0.0,0.09680317272508161,5.740536328067085e-07,0.10201819223686516
"('0036756000', 'Biology')",0.002037120869171571,0.0018100566835428326,0.10717318002086214,5.665934192187951e-06,0.11485916690256671
"('0015362010', 'Ocean Sciences')",0.0018107741059302852,0.004783165894218485,0.13557553625678953,7.416621891904985e-06,0.14770736092035225
"('0020537000', 'Unknown Dept')",0.0011317338162064282,0.0012302812320403322,0.12688839106209432,5.06903193556175e-06,0.13616249325846375
"('0017756000', 'Department of Computer Science')",0.0015844273426889996,0.005937362954437467,0.14688476627435335,3.3926835225540063e-05,0.16088565940874536
"('0029751000', 'Criminal Justice and Criminology')",0.00022634676324128565,0.0,0.11191610092207924,2.8018084528361263e-07,0.1175557109425569
"('0016105000', 'ATRC, Institute for Astronomy')",0.0009053870529651426,0.0,0.09711597643541722,2.8460653884947394e-08,0.1020819494897777
"('4003110000', 'National Solar Observatory')",0.0011317338162064282,0.0004526935264825713,0.09711811127475764,2.87122648862226e-08,0.10219512287139834
"('0016105000', 'Information and Computer Sciences')",0.0009053870529651426,0.0,0.09711597643541722,2.8460653884947394e-08,0.1020819494897777
"('4003110000', 'Unknown Dept')",0.002037120869171571,0.002261417854162992,0.09712665157077846,3.045396779972303e-08,0.10264781639788088
"('0023341000', 'Unknown Dept')",0.0015844273426889996,0.0,0.10295248526087666,2.109388436168484e-07,0.10812731561023764
"('0023341000', 'Mathematics')",0.0011317338162064282,0.0,0.10295248526087666,1.9315808871149258e-07,0.10812731561023763
"('0023341000', 'Math, Statistics, and Computer Science')",0.0011317338162064282,0.0,0.10295248526087666,1.9315808871149258e-07,0.10812731561023764
"('0023341000', 'Chemistry')",0.0011317338162064282,0.0,0.10295248526087666,1.9315808871149258e-07,0.10812731561023763
"('0023341000', 'MSCS')",0.0011317338162064282,0.0,0.10295248526087666,1.9315808871149258e-07,0.10812731561023764
"('0023879000', 'Psychology')",0.0015844273426889996,0.002713598936083097,0.11475324675324676,1.3079755444495249e-06,0.12194721156255453
"('0037549000', 'Dept. of Electrical & Comp. Engineering')",0.00022634676324128565,0.0,0.13568379349528578,5.698353394431271e-05,0.14520606776152215
"('4002911000', 'U.S. Division-College Workforce Success.')",0.0009053870529651426,0.00023741145517229483,0.10836399313220506,9.691729418654115e-06,0.11499529771039207
"('4002911000', 'Unknown Dept')",0.0022634676324128564,0.004801692175697403,0.11305883256135323,1.3340144447638098e-05,0.12169752674738889
"('4002962000', 'Unknown Dept')",0.000679040289723857,0.0,0.10158423581890506,2.3334891143780726e-06,0.107271666756216
"('7203586034', 'Math')",0.000679040289723857,0.0,0.10158423581890506,2.3334891143780726e-06,0.107271666756216
"('0010819000', 'Global Futures')",0.000679040289723857,0.0,0.11381904369332234,6.15361287342394e-05,0.12073379181200068
"('0029728000', 'NC Institute for Climate Studies')",0.000679040289723857,0.0,0.11381904369332234,6.15361287342394e-05,0.12073379181200068
"('0027110000', 'Biological and Environmental Eng.')",0.000679040289723857,0.0,0.11381904369332234,6.15361287342394e-05,0.12073379181200068
"('0010835000', 'Geosciences')",0.002489814395654142,0.015376150049900011,0.1431070225447007,8.014737256451596e-05,0.15750340148257666
"('0026534000', 'Department of Forestry')",0.0011317338162064282,0.0,0.0930144427133774,8.035351718554538e-09,0.09755754193598466
"('0026534000', 'Natural Resource Management')",0.0022634676324128564,0.002261417854162992,0.10254148775675989,5.36744131820047e-08,0.10892430600626159
"('0026534000', 'Forestry - NMHU')",0.0011317338162064282,0.0,0.0930144427133774,8.035351718554538e-09,0.09755754193598466
"('0026633000', 'Honors College')",0.0011317338162064282,0.0,0.0930144427133774,8.035351718554538e-09,0.09755754193598466
"('0026534000', 'JT Harrington Forestry Research Center')",0.0011317338162064282,0.0,0.0930144427133774,8.035351718554538e-09,0.09755754193598466
"('0026534000', 'Forest and Watershed Restoration Institu')",0.0011317338162064282,0.0,0.0930144427133774,8.035351718554538e-09,0.09755754193598466
"('0015370000', 'Department of Mechanical Engineering')",0.001358080579447714,0.0009051820751401561,0.14367946925103256,0.0002388873343988739,0.1556928302571118
"('0015370000', 'Industrial and Management Systems')",0.0011317338162064282,0.0,0.14367012454879516,0.00023694252516277573,0.15554193241495096
"('0010025000', 'Electrical Engineering')",0.002037120869171571,0.005092079675317943,0.14927188566408758,0.0002843646734274317,0.16285547798109926
"('0010819000', 'Sustainable Engr & Built Enviroment')",0.0011317338162064282,0.0,0.14367012454879516,0.00023694252516277573,0.15554193241495096
"('0013136000', 'Evolution & Ecology')",0.0004526935264825713,0.0,0.087606583382907,6.593941435375933e-09,0.09094102597430868
"('0013136000', 'Department of Evolution and Ecology')",0.0004526935264825713,0.0,0.087606583382907,6.593941435375933e-09,0.09094102597430871
"('0010819000', 'School of Electrical, Computer and Energ')",0.00022634676324128565,0.0,0.12382634042433925,0.003666454535163051,0.1327971048005063
"('0035303000', 'Mechanical, Aerospace and Biomedical Eng')",0.0009053870529651426,0.0,0.12536178423471994,4.995806252165863e-05,0.13569642343974528
"('0036582000', 'Aerospace Engineering & Engr. Mechanics')",0.0009053870529651426,0.0,0.15851033295063147,6.221094815480498e-05,0.17205550535677183
"('0014696000', 'Civil Engineering')",0.0009053870529651426,0.0,0.15851033295063147,6.221094815480498e-05,0.17205550535677178
"('0036046000', 'Civil and Environmental Engineering')",0.002489814395654142,0.044537404846973466,0.1750326849173963,0.0002899953046791988,0.1944420306065847
"('0013151000', 'Civil and Environmental Engr')",0.0009053870529651426,0.0,0.15851033295063147,6.221094815480498e-05,0.1720555053567718
"('0023259000', 'Medicine/Pulmonary and Critical Care')",0.000679040289723857,0.0,0.1528984253331026,3.8601951731916054e-05,0.16629868358591646
"('0017756000', 'Physics')",0.001358080579447714,0.0017434343068487247,0.14556357286415605,9.880355127970327e-05,0.15882598551792643
"('0017749000', 'Pritzker School of Molecular Engineering')",0.0018107741059302852,0.010465685408204571,0.15095500051252264,0.0006069318717157226,0.16677153325523522
"('0013151000', 'Ecology and Evolutionary Biology')",0.0018107741059302852,0.014391433953167741,0.1360892065056678,0.00022873592802204133,0.14952950198536358
"('0013144000', 'Ecology & Evolutionary Biology')",0.0011317338162064282,0.000948352988510168,0.1204569621288546,2.7071748216776194e-05,0.12941650862089907
"('0013136000', 'Department of Plant Sciences')",0.000679040289723857,0.0,0.11994678684874976,2.657392248600334e-05,0.12854238714356347
"('0011080000', 'Biological Sciences')",0.000679040289723857,0.0,0.11994678684874976,2.657392248600334e-05,0.12854238714356347
"('0023259000', 'Environment and Sustainability')",0.0011317338162064282,0.0,0.1373585374953364,8.561599858009835e-06,0.14760047494882186
"('0023259000', 'School for Environment & Sustainability')",0.0011317338162064282,0.0,0.1373585374953364,8.561599858009835e-06,0.14760047494882186
"('0023259000', 'Environmental Health Sciences')",0.0011317338162064282,0.0,0.1373585374953364,8.561599858009835e-06,0.14760047494882186
"('0023259000', 'Survey Research Center')",0.0011317338162064282,0.0,0.1373585374953364,8.561599858009835e-06,0.14760047494882184
"('0023259000', 'Psychiatry')",0.00022634676324128565,0.0,0.12457001071448712,1.4380851430971554e-06,0.13158750194423086
"('0025361000', 'Physics & Astronomy')",0.000679040289723857,0.0,0.11397760693462669,9.682618403610544e-06,0.12068621578863743
"('0025361000', 'Physics and Astronomy')",0.000679040289723857,0.0,0.11397760693462669,9.682618403610544e-06,0.12068621578863746
"('0021055000', 'Center for Space Science and Technology')",0.000679040289723857,0.0,0.11397760693462669,9.682618403610544e-06,0.12068621578863743
"('5300010311', 'Unknown Dept')",0.0015844273426889996,0.001809851705717846,0.1286284100503683,8.372928653345419e-05,0.1387558363622186
"('0015644000', 'Computer Science')",0.0022634676324128564,0.006093275512367567,0.14151638425317917,0.0009689257679733797,0.15496521108788994
"('0015644000', 'Biomedical Informatics')",0.0004526935264825713,0.0,0.12753305236418222,9.875065501763162e-05,0.1363483355334861
"('4004321000', 'Unknown Dept')",0.00022634676324128565,0.0,0.14383851538336317,0.0012952278972486891,0.15916794588139002
"('0035352000', 'Department of Mechanical Engineering')",0.0011317338162064282,0.0,0.13710278053624628,3.760618540449553e-05,0.14928615911526613
"('0035352000', 'Physics & Astronomy')",0.002037120869171571,0.0018713530363987671,0.14451131754546645,0.00012515501500779004,0.15967670602120476
"('0017756000', 'CSL Studio')",0.0011317338162064282,0.0,0.13710278053624628,3.760618540449553e-05,0.14928615911526613
"('0027110000', 'ILR School, Yang Tan Institute on Emplo')",0.0011317338162064282,0.0,0.13710278053624628,3.760618540449553e-05,0.14928615911526616
"('6250036639', 'Pediatrics')",0.0011317338162064282,0.0,0.13710278053624628,3.760618540449553e-05,0.14928615911526616
"('0018093000', 'Linguistics')",0.0011317338162064282,0.0012636905614626657,0.10301489961993145,6.80935894316399e-07,0.10867734206531833
"('0035949000', 'Information Science')",0.000679040289723857,0.0,0.09620870625639685,8.151377476110639e-08,0.10059675814691867
"('0032235000', 'Department of Linguistics')",0.000679040289723857,0.0,0.09620870625639685,8.151377476110639e-08,0.10059675814691868
"('0013706000', 'Department of Linguistics')",0.0009053870529651426,0.0005824023143362009,0.10102904184770181,1.0523266528522256e-07,0.10636187342808441
"('0011452000', 'Civil and Environmental Engineering')",0.0004526935264825713,0.0,0.1042743515306002,3.2895828166056713e-07,0.10957489590388225
"('0080010000', 'Civil and Materials Engineering')",0.000679040289723857,0.0004526935264825713,0.10427681268882175,3.315267092918405e-07,0.10968806928550291
"('0033290000', 'Chemical Engineering and Biomedical Engi')",0.00022634676324128565,0.0,0.1273896369770191,1.9497041782915715e-06,0.1361786596281839
"('0033290000', 'Chemical Engineering')",0.0029425079221367134,0.009021713140354723,0.14598202484800424,2.1036581659553652e-05,0.16085894388293495
"('0026294000', 'History')",0.00022634676324128565,0.0,0.12413948130040181,5.2570603944897314e-05,0.1337730657502039
"('6250011709', 'Research and Development')",0.00022634676324128565,0.0,0.13619408736397545,0.00029087380191834643,0.14619504910360426
"('0030908000', 'Evolution, Ecology and Organismal Biolog')",0.0011317338162064282,0.0,0.12329761107390043,3.081125322535548e-06,0.13160691039255962
"('0033019000', 'Department of Biological Sciences')",0.0011317338162064282,0.0,0.12329761107390043,3.081125322535548e-06,0.13160691039255962
"('0029728000', 'Friday Institute')",0.001358080579447714,0.0004526935264825713,0.1233010521615361,3.1054409986260075e-06,0.13172008377418024
"('0013201000', 'Unknown Dept')",0.0018107741059302852,0.006772774804289735,0.12680826636050516,7.029711160815278e-06,0.13927582049153509
"('0034017000', 'DEPT OF EARTH ENVIR & PLANETARY SCI')",0.0011317338162064282,0.0004526935264825713,0.12675733057898664,6.843460486613813e-06,0.13864959444656752
"('0013201000', 'Earth Research Institute')",0.0009053870529651426,0.0,0.12675369387462343,6.7902505652786494e-06,0.13853642106494685
"('0013201000', 'Ecology, Evolution and Marine Biology')",0.0022634676324128564,0.004235150580456808,0.1310979228486647,7.927305770129052e-06,0.14406874185620133
"('5300011617', 'Unknown Dept')",0.0015844273426889996,0.0004729447740819692,0.1372177532068205,0.00019510353610076612,0.14930804131234057
"('0021782000', 'Material Science and Engineering')",0.00022634676324128565,0.0,0.11289704341604273,9.689154933084406e-06,0.11894581160901369
"('0036525000', 'Electrical and Computer Engineering')",0.0011317338162064282,0.0004526935264825713,0.15484911149276226,8.372239646887173e-05,0.16887623027844656
"('0019489001', 'Electrical Engineering & Computer Sci.')",0.0009053870529651426,0.0,0.15484368428431236,8.306582822107827e-05,0.16876305689682597
"('5300008543', 'Department of Biology')",0.00022634676324128565,0.0,0.10401902385044616,2.0503028003657675e-07,0.10934840790760889
"('0015693000', 'Biological Sciences')",0.0009053870529651426,0.0004526935264825713,0.1160920748370822,2.227573661855681e-06,0.12417995316831562
"('0036756000', 'Educational Psychology')",0.0015844273426889996,0.004517711262701322,0.11999239523072326,4.26470642665917e-05,0.1305193937290566
"('6250004721', 'Unknown Dept')",0.0011317338162064282,0.0026483323330564286,0.13069072622393138,1.773648845347012e-05,0.13988408666430302
"('6250004721', 'Engineering')",0.0004526935264825713,0.0,0.1161317456562311,1.867746460310817e-06,0.12274581611635148
"('6250004721', 'School of Natural Sciences')",0.002037120869171571,0.0023366209461756324,0.11720076400679118,2.456116381356453e-06,0.12521456737414732
"('0038000000', 'School of Biological Sciences')",0.0015844273426889996,0.0013574656459727544,0.14138957339904631,5.734693211479879e-05,0.1529394477561058
"('4207205000', 'Griffith School of Environment')",0.000679040289723857,0.0,0.12388536817901408,6.558281676946038e-06,0.1312476769244533
"('4203501000', 'Zoology')",0.000679040289723857,0.0,0.12388536817901408,6.558281676946038e-06,0.1312476769244533
"('0015370000', 'Integrative Biology')",0.000679040289723857,0.0,0.12388536817901408,6.558281676946038e-06,0.13124767692445333
"('0032235000', 'Institute of Neuroscience')",0.00022634676324128565,0.0,0.14383851538336317,0.0012952278972486891,0.15916794588139
"('0021030060', 'UMCES Horn Point Laboratory')",0.00022634676324128565,0.0,0.11357910432412978,4.510347931440734e-07,0.11942178704521206
"('0029066000', 'Anthropology')",0.0004526935264825713,0.0013574656459727544,0.14216758913631097,6.307454770731636e-05,0.15434092402743296
"('0013052000', 'Department of Earth System Science')",0.0009053870529651426,0.0,0.1061661940693036,5.394201770100764e-07,0.11214995214725465
"('7203590684', 'Centre for Culture and Evolution, Colleg')",0.0009053870529651426,0.0,0.1061661940693036,5.394201770100764e-07,0.11214995214725465
"('6250004721', 'Cognitive & Information Sciences')",0.0009053870529651426,0.0,0.1061661940693036,5.394201770100764e-07,0.11214995214725464
"('7203579808', 'CEG')",0.00022634676324128565,0.0,0.13517317341818627,7.600407176311834e-06,0.14526800723043326
"('0013177000', 'ECE and Inst of Engineering in Med')",0.0004526935264825713,0.0,0.11905146860684451,1.8957804904373378e-06,0.12594513435108687
"('0013144000', 'Electrical Engineering & Computer Scienc')",0.0009053870529651426,0.0009051820751401561,0.11147557529269278,5.839851089480158e-07,0.11857320788963974
"('0013144000', 'CalIT2')",0.0004526935264825713,0.0,0.11146995004289247,5.740100663632905e-07,0.11834686112639843
"('0029207000', 'Chemistry Dept')",0.00022634676324128565,0.0,0.12368074801937236,4.573634140896846e-06,0.13155542586280428
"('0013508000', 'College of Natural Sciences')",0.0011317338162064282,0.0,0.10737113276788102,6.08640467880333e-06,0.11440679498058255
"('0013508000', 'Department of Physics')",0.0011317338162064282,0.0,0.10737113276788102,6.08640467880333e-06,0.11440679498058257
"('0013508000', 'CSU STEM Center')",0.0011317338162064282,0.0,0.10737113276788102,6.08640467880333e-06,0.11440679498058257
"('0013508000', 'School of Education')",0.0011317338162064282,0.0,0.10737113276788102,6.08640467880333e-06,0.11440679498058255
"('0013508000', 'Mathematics Department')",0.0011317338162064282,0.0,0.10737113276788102,6.08640467880333e-06,0.11440679498058257
"('0290205000', 'Geology Department')",0.00022634676324128565,0.0,0.10219991209604663,1.1930892520270866e-07,0.10731831000567711
"('0038950000', 'Department of Biostatistics')",0.0009053870529651426,0.0,0.14201677971005175,4.999887202133474e-05,0.15278430701133208
"('0038950000', 'Botany and Statistics')",0.0009053870529651426,0.0,0.14201677971005175,4.999887202133474e-05,0.1527843070113321
"('0033795000', 'Civil and Environmental Engineering')",0.0011317338162064282,0.001592244918556396,0.13469512195121952,0.00011722791658575427,0.1448683898717846
"('0013284000', 'Computer Science')",0.0018107741059302852,0.0013366811986756963,0.1175625332623736,1.6232182998395009e-06,0.12416907478869857
"('0013284000', 'Signal & Image Processing Institute')",0.00022634676324128565,0.0,0.10519799033264281,1.5009211340805392e-07,0.10955291636778347
"('0024232000', 'Electrical and Computer Engineering')",0.0011317338162064282,0.001357670623797741,0.15217166672407262,0.00013980875707736654,0.16709611750354092
"('0013151000', 'Materials Science and Engineering')",0.000679040289723857,0.0,0.11304726081727694,1.7148107876241e-05,0.12004521017332849
"('0013169000', 'Physics and Astronomy')",0.0015844273426889996,0.006319056388682231,0.12740433140121696,0.000151620714382444,0.13779335007832008
"('0010090000', 'Unknown Dept')",0.001358080579447714,0.0045194535742137075,0.11307619462005068,1.7565775475955886e-05,0.12062993931170177
"('0029132000', 'School of Engineering')",0.0004526935264825713,0.0,0.1375081701889259,0.00021227100569096025,0.1490622148838527
"('0030908000', 'Engineering Education')",0.0029425079221367134,0.031088887407499537,0.15941976689640242,0.0020431751534873265,0.17967492054748657
"('0030908000', 'Department of Biomedical Engineering')",0.0004526935264825713,0.0,0.1375081701889259,0.0002122710056909603,0.1490622148838527
"('0010090000', 'SPARK STEM Institute')",0.0009053870529651426,0.0,0.11722253177319643,1.9434981601808765e-06,0.12568069097041426
"('0010090000', 'Mathematics and Statistics')",0.0018107741059302852,0.0009051820751401561,0.11722875262026694,2.1675923540745637e-06,0.1259070377336555
"('0013714000', 'Mathematics')",0.002037120869171571,0.0038586226123347137,0.12104772864266534,2.2458984449063835e-06,0.13065753219668952
"('6200000795', 'Unknown Dept')",0.00022634676324128565,0.0,0.11403350282631701,3.215153294041372e-06,0.11956974040495928
"('0025684000', 'Geological Sciences & Engineering')",0.0009053870529651426,0.0,0.09225885939816651,2.1974955298118145e-07,0.09651632274287594
"('0025684000', 'Chemical and Materials Engineering')",0.0015844273426889996,0.0031655750401782157,0.1016239591479965,1.7285862291816917e-06,0.10749470389246016
"('0025684000', 'Nevada Bureau of Mines and Geology')",0.0009053870529651426,0.0,0.09225885939816651,2.1974955298118145e-07,0.09651632274287594
"('0025684000', 'Anthropology')",0.0009053870529651426,0.0,0.09225885939816651,2.1974955298118145e-07,0.09651632274287594
"('0024661000', 'Unknown Dept')",0.0018107741059302852,0.0004526935264825713,0.10404842090388827,3.876013482630319e-07,0.1101594838092234
"('0024661000', 'Life Sciences')",0.00022634676324128565,0.0,0.09424463501002603,3.5677089702649955e-08,0.0983456051617677
"('0021303000', 'Unknown Dept')",0.0015844273426889996,0.0033083830242391222,0.11261789446851898,2.4904430298876325e-06,0.12234870112253299
"('0021303000', 'Teaching and Learning')",0.0004526935264825713,0.0,0.10583556918359524,2.610569784383571e-07,0.112944431218602
"('0014316000', 'Unknown Dept')",0.002489814395654142,0.00651453170284802,0.11423104767814665,3.469170426149748e-07,0.12351091666642292
"('0026310000', 'School of Public Affairs and Administrat')",0.000679040289723857,0.0,0.07884920847388054,2.5801870113812355e-10,0.08301054126905219
"('0026310000', 'Unknown Dept')",0.000679040289723857,0.0,0.07884920847388054,2.5801870113812355e-10,0.08301054126905219
"('0010835000', 'Steward Observatory')",0.0015844273426889996,0.0032022202126476287,0.15401241023495782,0.00019598197341635514,0.16888869078208021
"('4001916000', 'Unknown Dept')",0.0011317338162064282,0.0011179168616923811,0.14597237824621687,9.078376432037839e-05,0.15903094817761984
"('0010835000', 'Department of Astronomy and Steward Obse')",0.000679040289723857,0.0,0.14571240105540897,8.914801744312154e-05,0.15837813536998588
"('0020776000', 'Biomedical Engineering')",0.0022634676324128564,0.01047104939328904,0.12861343192337923,2.3761588227737397e-06,0.1414993600032062
"('0021998000', 'Bioengineering')",0.00022634676324128565,0.0,0.11395996698307882,2.1939175988955978e-07,0.12181688299525029
"('0028829000', 'Department of Chemistry')",0.00022634676324128565,0.0,0.10215028901734104,4.228747099282235e-08,0.10653882011741651
"('0028829000', 'Chemistry')",0.001358080579447714,0.0004526935264825713,0.11376921690314938,4.553117305547571e-07,0.12028729395417756
"('4000790000', 'Division of Invertebrate Zoology')",0.000679040289723857,0.0,0.10322671090446038,8.279583043715421e-08,0.10899953366533731
"('4000790000', 'Invertebrate Zoology')",0.0009053870529651426,0.0011272850797114816,0.11139968229153534,6.960597439128095e-07,0.11925451025406318
"('0014811000', 'Unknown Dept')",0.003168854685377999,0.005108532250235696,0.1335469439574391,2.4676561681382695e-05,0.14439120057046634
"('0029769000', 'Biology')",0.000679040289723857,0.0,0.10034751402548436,1.3543913563834648e-06,0.10603790375130016
"('0028381000', 'Biomedical Engineering')",0.000679040289723857,0.0,0.10034751402548436,1.3543913563834648e-06,0.10603790375130016
"('0020776000', 'Materials Science and Engineering')",0.0009053870529651426,0.0013948619248482317,0.12193304446223056,4.298860521194226e-06,0.1321343289400093
"('0020776000', 'Civil Engineering')",0.0009053870529651426,0.001708321884970294,0.11552138897604854,5.378555284085373e-06,0.12385213846149001
"('0021998000', 'School of Public Policy and Urban Affair')",0.0018107741059302852,0.004620098382167198,0.1449712879409352,0.0005385700587604572,0.15702218911815835
"('0001099000', 'INESI')",0.0009053870529651426,0.0,0.13549653438017542,7.476490423000715e-05,0.1453423158125502
"('0039446000', 'Social Sciences')",0.0009053870529651426,0.0,0.13549653438017542,7.476490423000715e-05,0.14534231581255022
"('0021998000', 'Communication Studies')",0.0009053870529651426,0.0,0.13549653438017542,7.476490423000715e-05,0.1453423158125502
"('0010835000', 'School of Anthropology')",0.000679040289723857,0.0,0.12524450744153082,9.253573399858784e-06,0.1343022741053515
"('0028068000', 'Office of the President')",0.0004526935264825713,0.0,0.06382179590893332,4.639151372520162e-13,0.06650652773943559
"('0028068000', 'School of Information, GCCIS')",0.0004526935264825713,0.0,0.06382179590893332,4.639151372520162e-13,0.06650652773943559
"('0013052000', 'Economics')",0.0004526935264825713,0.0,0.11404233350542076,3.547046145631307e-06,0.11975836270766035
"('4025938000', 'Booth School of Business')",0.0009053870529651426,0.0009051820751401561,0.11404822138468687,3.6086170972034486e-06,0.11998470947090159
"('0013169000', 'Computer Science & Engineering')",0.0009053870529651426,0.0,0.09194014941835058,1.0076651027902113e-08,0.0964825797645568
"('0025890000', 'Natural Resources and Environment')",0.00022634676324128565,0.0,0.1014838976432214,3.5331422377647627e-06,0.10675350440515527
"('0013201000', 'Ecology Evolution and Marine Biology')",0.000679040289723857,0.0,0.12108754042646494,2.899964975065839e-06,0.12862683088147706
"('0032102000', 'Microbiology and Statistics')",0.000679040289723857,0.0,0.12108754042646494,2.899964975065839e-06,0.12862683088147706
"('0032102000', 'Computer Science')",0.0015844273426889996,0.009936446274651888,0.13775255674731854,2.515805142713213e-05,0.14960593641557823
"('0032102000', 'Microbiology')",0.001358080579447714,0.0004526935264825713,0.121090859257229,3.196609002313102e-06,0.1287400042630977
"('0018259000', 'Engagement/College of Science')",0.0004526935264825713,0.0,0.10772982199463546,1.4342448160164168e-07,0.11273317741708959
"('0018259000', 'Mathematics, Statistics and Computer Sci')",0.0004526935264825713,0.0,0.10772982199463546,1.4342448160164168e-07,0.11273317741708959
"('0027078000', 'Physics/ Nevis Labs')",0.000679040289723857,0.0,0.11832766424726143,1.3657979339450532e-06,0.12549085640982385
"('0027078000', 'Department of Physics')",0.000679040289723857,0.0,0.11832766424726143,1.3657979339450532e-06,0.12549085640982383
"('0027078000', 'Physics Department')",0.000679040289723857,0.0,0.11832766424726143,1.3657979339450532e-06,0.12549085640982385
"('0036962000', 'Department of Civil & Environmental Eng')",0.002037120869171571,0.0026680084466534364,0.12754041570438798,6.878525040306632e-06,0.13714339518436341
"('P269871187', 'Biology')",0.000679040289723857,0.0,0.11603414313854235,1.7620517210771074e-06,0.12311339853496862
"('0021030000', 'DOIT')",0.0004526935264825713,0.0,0.09198609173624268,7.952395014369589e-09,0.09652641675727777
"('0021030000', 'Department of Computer Science')",0.0004526935264825713,0.0,0.09198609173624268,7.952395014369589e-09,0.09652641675727781
"('0029546000', 'American Indian Studies')",0.00022634676324128565,0.0,0.122179203539823,7.931110489207684e-06,0.12979294201849612
"('0018408000', 'ACMS')",0.00022634676324128565,0.0,0.13969518750395243,3.3923569142509306e-05,0.1492716471949153
"('0022210000', 'Earth, Geographic, and Climate Sciences')",0.00022634676324128565,0.0,0.10223302094180262,7.123933623939462e-06,0.10721392275961628
"('0022210000', 'Department of Geosciences')",0.0009053870529651426,0.0004526935264825713,0.11387184906438476,7.745295615968381e-05,0.12128456893588782
"('0010512000', 'Chemistry Department')",0.0004526935264825713,0.0,0.13205404112864658,9.859483968973872e-06,0.14087727510656387
"('0018093000', 'Intelligent Systems Engineering')",0.0004526935264825713,0.0,0.13205404112864658,9.859483968973872e-06,0.14087727510656387
"('0037499000', 'Biology')",0.00022634676324128565,0.0,0.1297046562151371,2.6093875643851257e-05,0.13893248337849864
"('0036772000', 'Department of Instructional Technology')",0.0004526935264825713,0.0,0.11231156417622086,4.988476417094278e-06,0.11824372173744997
"('0036772000', 'School of Teacher Education and Leadersh')",0.0004526935264825713,0.0,0.11231156417622086,4.988476417094278e-06,0.11824372173744994
"('0013151000', 'Unknown Dept')",0.0015844273426889996,0.001809851705717846,0.1222197631957508,1.1292025028719152e-05,0.1306794668411911
"('0026294000', 'Rutgers Eco Complex')",0.00022634676324128565,0.0,0.10533091741369445,9.843633491981321e-08,0.11020991983381676
"('4000659000', 'Unknown Dept')",0.001358080579447714,0.006293807980195036,0.11772856876382339,1.0673795282730686e-06,0.12518593767428657
"('0010827000', 'SICCS')",0.002489814395654142,0.0015078168806001795,0.1156241821512693,7.486676611468533e-05,0.12445419847241838
"('0010827000', 'Educational Specialities')",0.0004526935264825713,0.0,0.10364566227185286,7.61788381750083e-06,0.10933686406085219
"('7203588964', 'Department of Community and Behavioral H')",0.0004526935264825713,0.0,0.10364566227185286,7.61788381750083e-06,0.10933686406085218
"('0013284000', 'Biomedical Engineering')",0.0004526935264825713,0.0,0.1411095851033249,0.00024411369344670144,0.15437187177793704
"('0013284000', 'Stem Cell Biology and Regenerative Medic')",0.0004526935264825713,0.0,0.1411095851033249,0.00024411369344670144,0.1543718717779371
"('0017392000', 'Education and Social Policy')",0.0011317338162064282,0.0023724280430862427,0.1330282135437054,0.00044580657690971947,0.1444599814450411
"('7203580150', 'Unknown Dept')",0.0015844273426889996,0.0004526935264825713,0.11299521726898386,1.5490551279221494e-05,0.120663876528587
"('0124529000', 'Business and Workforce Division')",0.00022634676324128565,0.0,0.10152587554003126,1.4250681498400963e-06,0.106569991790168
"('0013136000', 'Wildlife Biology & Conservation Biology')",0.0004526935264825713,0.0,0.10534849893888451,2.5081456082118444e-07,0.11069335122872652
"('0026633000', 'Department of Biology')",0.000679040289723857,0.0005206302043717801,0.10622745852368358,2.5407595839371194e-07,0.11191172568159621
"('0022905000', 'Office of Research and Innovation')",0.0004526935264825713,0.0,0.10425958702064897,3.347000503696416e-07,0.10965386046521199
"('0014175000', 'Ecology and Evolutionary Biology')",0.0022634676324128564,0.007675087189880081,0.11707963429177157,3.12193864928129e-06,0.12487975556355499
"('0038950000', 'Botany')",0.0004526935264825713,0.0004526935264825713,0.13563797126366203,0.0002281996671400092,0.14755045203777534
"('0038950000', 'English')",0.0004526935264825713,0.0,0.14177523907323022,8.761019163804333e-05,0.15361849997997468
"('0010025000', 'Information Technology Services')",0.0015844273426889996,0.0053789296917112405,0.152676504129661,0.0003451046958996409,0.16739292220278906
"('0010025000', 'AAMU ITS')",0.000679040289723857,0.0,0.1485641267065707,0.00030244210299577043,0.16212504423798985
"('0010579000', 'School of Computing')",0.000679040289723857,0.0,0.1485641267065707,0.00030244210299577043,0.16212504423798985
"('0026278000', 'Psychology')",0.0004526935264825713,0.0004526935264825713,0.14384788200436296,0.0013068039628517346,0.15931884372355085
"('0026294000', 'Psychology Department')",0.00022634676324128565,0.0,0.12576145744378026,0.00012299241879185503,0.13506885009261582
"('0029751000', 'MEES')",0.0004526935264825713,0.0,0.1307255296484791,1.1685759406967863e-05,0.14003812695528306
"('0034488000', 'Education')",0.0011317338162064282,0.0,0.10631437096929444,6.62501247465e-08,0.11157842429777973
"('0034488000', 'Inorganic Chemistry')",0.000679040289723857,0.0,0.10631437096929444,6.064192052901045e-08,0.11157842429777977
"('0034488000', 'Mathematics and Computer Science')",0.000679040289723857,0.0,0.10631437096929444,6.064192052901045e-08,0.11157842429777977
"('0034488000', 'Unknown Dept')",0.002716161158895428,0.006363366344884536,0.11895210145122641,5.289036458678211e-07,0.12692829245850934
"('0022335000', 'Computer Science')",0.003168854685377999,0.016887621062686424,0.14939302742366348,0.03874711899791146,0.16580978688832793
"('4202602000', 'Electrical and Software Engineering')",0.000679040289723857,0.001942285263264651,0.13593427894526322,0.004132077077291125,0.1475414492956355
"('0015354000', 'Dept of Wildlife Ecology & Conservation')",0.0004526935264825713,0.0,0.1171448268547489,0.003463081817092775,0.12481309928085124
"('0015354000', 'Wildlife Ecology and Conservation')",0.0011317338162064282,0.0009051820751401561,0.13268064147996877,0.03419577522185447,0.14476523489085627
"('0015354000', 'Wildlife Ecology & Conservation')",0.0004526935264825713,0.0,0.1171448268547489,0.003463081817092775,0.12481309928085124
"('0022335000', 'Civil and Environmental Engineering')",0.0009053870529651426,0.0,0.11504609134940888,0.0004057164209063467,0.12148651319905858
"('0022335000', 'Computer science')",0.0004526935264825713,0.0,0.11504609134940888,0.000371548981186088,0.12148651319905858
"('0022335000', 'Social Science and Policy Studies')",0.000679040289723857,0.0009051820751401561,0.12999470370152416,0.0036346404265469425,0.1398013089219511
"('0036582000', 'Inst. for Comp. Engineering & Sciences')",0.000679040289723857,0.0017488984458338705,0.1516441271366788,4.2096086618822966e-05,0.16451264707828614
"('6250002119', 'Unknown Dept')",0.0004526935264825713,0.0,0.10504541347662752,1.237828452273856e-06,0.1117898174479856
"('0021303000', 'Language and Literacy')",0.0015844273426889996,0.002073696729149468,0.11736889644545986,1.222105953958392e-05,0.127609194400961
"('4301859000', 'Unknown Dept')",0.0004526935264825713,0.0,0.10504541347662752,1.237828452273856e-06,0.1117898174479856
"('0013128000', 'mathematics')",0.000679040289723857,0.0,0.14070511799738844,0.004158761407164017,0.15332833443403698
"('6250021189', 'Unknown Dept')",0.000679040289723857,0.004517711262701322,0.1484992101105845,6.581365188657422e-05,0.162121316387952
"('5300009955', 'Science and Engineering')",0.00022634676324128565,0.0,0.10310144454038413,2.3075468570363832e-07,0.10824542122990076
"('0036582000', 'Chemistry')",0.0015844273426889996,0.004169696091976821,0.14946378429581514,1.5256025996150092e-05,0.1631226401484424
"('0036327000', 'High Performance Research Computing')",0.002037120869171571,0.02025892530973709,0.16297771875461117,5.4096117990698495e-05,0.18040920022585757
"('0036327060', 'Materials Science and Engineering')",0.001358080579447714,0.0004526935264825713,0.1557498413593739,2.1788475865473036e-05,0.17072213285431803
"('0036327000', 'Department of Geography')",0.0011317338162064282,0.0,0.15574435083019,2.1616846064273635e-05,0.17060895947269739
"('0010512000', 'Department of Electrical Engineering')",0.00022634676324128565,0.0,0.1320500941507009,8.937256947058575e-06,0.14076410172494325
"('0029728000', 'Parks, Recreation and Tourism')",0.000679040289723857,0.0,0.1484692677353228,7.343239992183127e-05,0.16203832257476355
"('0029728000', 'Parks, Recreation & Tourism')",0.000679040289723857,0.0,0.1484692677353228,7.343239992183127e-05,0.16203832257476355
"('0020024000', 'Unknown Dept')",0.002037120869171571,0.005869027573924484,0.14853415814954277,8.101475168130559e-05,0.16298143408826885
"('0027854000', 'Teaching and Learning')",0.0015844273426889996,0.008467176316160736,0.14640774125132555,0.00017406596713878949,0.16134451409462608
"('4091829000', 'Research')",0.000679040289723857,0.0,0.13079519213689383,2.2761028121591306e-05,0.14109159476407027
"('0022905000', 'Management')",0.000679040289723857,0.0004526935264825713,0.1361311394589265,0.00015559570876039344,0.15064497545507632
"('0032235000', 'Lundquist College of Business')",0.00022634676324128565,0.0,0.11982316725882129,1.4313750138375707e-05,0.1288444276810711
"('4006680000', 'Behavioral and Policy Sciences')",0.0004526935264825713,0.0,0.11287396847295675,7.49778531169062e-06,0.1195213584388542
"('0010637000', 'Institute of Arctic Biology')",0.0011317338162064282,0.0,0.09399800004255228,9.06172828018398e-07,0.09883333329712213
"('0010637000', 'Water and Enviromental Research Center')",0.000679040289723857,0.0,0.09399800004255228,8.295446471549727e-07,0.09883333329712213
"('0010637000', 'Institute of Northern Engineering, WERC')",0.000679040289723857,0.0,0.09399800004255228,8.295446471549727e-07,0.09883333329712213
"('0038950000', 'Engineering Physics')",0.0004526935264825713,0.0,0.12812110315227793,4.827497907981295e-06,0.135785675769831
"('0038950000', 'MRSEC')",0.0004526935264825713,0.0,0.12812110315227793,4.827497907981295e-06,0.13578567576983097
"('0020776000', 'Epidemiology')",0.0004526935264825713,0.0,0.10356305672761369,5.447175895702504e-07,0.10921495608587674
"('0020776000', 'Center for Health Security')",0.0004526935264825713,0.0,0.10356305672761369,5.447175895702504e-07,0.10921495608587674
"('0016105000', 'Dept. of Earth Sciences')",0.0009053870529651426,0.001541842062629693,0.11164741856409997,1.0895624184797077e-06,0.1189523914056563
"('0015743000', 'Criminal Justice and Criminology')",0.0009053870529651426,0.0,0.13657722270310374,0.001136180850876192,0.14804374364129763
"('0036582000', 'School of Jouranlisam and Media')",0.0009053870529651426,0.0,0.13657722270310374,0.001136180850876192,0.14804374364129763
"('0015693000', 'Scheller College of Business, Law & Ethi')",0.0009053870529651426,0.0,0.13657722270310374,0.001136180850876192,0.14804374364129763
"('0039545000', 'Biology')",0.00022634676324128565,0.0,0.10490075030867128,1.611700312148651e-07,0.11027087037592014
"('0038950000', 'Biochemistry')",0.00022634676324128565,0.0,0.14032078767667144,7.883047405206858e-05,0.15150276198827506
"('0013177010', 'Marine Biology Research Division')",0.0004526935264825713,0.0004526935264825713,0.10756458013780343,7.479146565199857e-07,0.11329767221257084
"('0022905000', 'Philosophy')",0.002037120869171571,0.0013578756016227275,0.1361689012174449,0.00021188697579569717,0.15128629128426
"('0010835000', 'Chemistry and Biochemistry')",0.001358080579447714,0.0053666281158892964,0.1505588876772083,0.00015539045940060066,0.16459448139506877
"('0010835000', 'Pharmacology and Toxicology')",0.000679040289723857,0.0,0.1502925568104504,0.0001409434128614955,0.1640395725445509
"('0027078000', 'Computer Science')",0.002489814395654142,0.01392594523457095,0.15292488750432676,6.345366326762915e-05,0.16892279228743554
"('0026278000', 'Computer Science / CITP')",0.0004526935264825713,0.0,0.1408621349317689,0.00012084903181050552,0.1525686928131469
"('0027078000', 'Statistics')",0.000679040289723857,0.0004526935264825713,0.1408666262793738,0.0001217929850850147,0.15268186619476753
"('0022228000', 'Center for Survey Research')",0.0009053870529651426,0.0,0.13739271053613633,0.0005091633466178983,0.1477183252590665
"('0021998000', 'Civil & Environmental Eng.')",0.0009053870529651426,0.0,0.13739271053613633,0.0005091633466178983,0.1477183252590665
"('0022228000', 'Sociology')",0.0009053870529651426,0.0,0.13739271053613633,0.0005091633466178983,0.1477183252590665
"('0023259000', 'Information')",0.00022634676324128565,0.0,0.12421976044536917,1.736031600988847e-05,0.13211854603321288
"('0037986000', 'Biology')",0.000679040289723857,0.0,0.1123201301672853,9.604798556889644e-06,0.11845929008339402
"('0015982001', 'Plant Biology')",0.0009053870529651426,0.0013574656459727544,0.12652137804633581,8.520426395740282e-05,0.13551528471424987
"('0014431000', 'Unknown Dept')",0.000679040289723857,0.0,0.1123201301672853,9.604798556889644e-06,0.11845929008339402
"('5300019526', 'Unknown Dept')",0.000679040289723857,0.0,0.1123201301672853,9.604798556889644e-06,0.11845929008339402
"('0035949000', 'Unknown Dept')",0.000679040289723857,0.0015265839173597873,0.11282496552428622,6.915694471887803e-06,0.11969469058932534
"('0025890000', 'Education')",0.0011317338162064282,0.0,0.13289616171339189,1.8695045141205233e-05,0.14258934378332222
"('0036525000', 'Civil and Environmental Engineering')",0.00022634676324128565,0.0,0.13947908445146015,0.00033803520369871684,0.15156998011796477
"('6250013722', 'Unknown Dept')",0.000679040289723857,0.0,0.1300482750500412,1.7321023287471175e-06,0.13861575525224118
"('0120154000', 'Biotechnology')",0.000679040289723857,0.0,0.1300482750500412,1.7321023287471175e-06,0.13861575525224118
"('0018408000', 'Computer Science and Engineering')",0.001358080579447714,0.002262032787637951,0.12072357634714176,1.846760979330122e-06,0.1295352769181417
"('0037499000', 'Electrical and Computer Engineering')",0.0004526935264825713,0.0004526935264825713,0.10772719514276657,1.742629261126723e-07,0.11354561429155856
"('0014175000', 'Math Department')",0.00022634676324128565,0.0,0.10491569698408929,2.101511860895632e-07,0.11030323442863534
"('0035303000', 'Theory and Practice in Teacher Education')",0.0004526935264825713,0.0,0.11472642758835597,2.694203829769786e-06,0.12333585957014735
"('0035303000', 'Unknown Dept')",0.002037120869171571,0.0063253082123443174,0.11476815170801402,2.872026346545281e-06,0.12439214446527334
"('0036913000', 'Geology')",0.00022634676324128565,0.0,0.10891162332059658,1.040234190165024e-06,0.11434077185415169
"('0025163000', 'Sch of Info Science & Learning Technolog')",0.0009053870529651426,0.0,0.14352543694366837,0.0005442585569033258,0.1573343976580727
"('0025163000', 'Dept. of Computer Science')",0.001358080579447714,0.0005463096426878066,0.14373556300224485,0.0005752385155207037,0.15814493463882245
"('0025163000', 'Architectural Studies')",0.0009053870529651426,0.0,0.14352543694366837,0.0005442585569033258,0.15733439765807267
"('0038950000', 'Dept. of Electrical & Comp. Engineering')",0.00022634676324128565,0.0,0.132374531835206,1.4682684340129614e-05,0.1408463619022694
"('0013177000', 'Bioengineering')",0.00022634676324128565,0.0,0.1367378520581863,2.4046936024243323e-05,0.14687133260582705
"('0013128000', 'Department of Linguistics')",0.0009053870529651426,0.00045248854865758483,0.11494432303049225,2.305714721881393e-06,0.12266358028763784
"('0013128000', 'Linguistics')",0.0009053870529651426,0.00045248854865758483,0.11494432303049225,2.305714721881393e-06,0.12266358028763784
"('0014266000', 'Epidemiology & Public Health')",0.0004526935264825713,0.0004526935264825713,0.10631181269100272,0.00044961078365201917,0.11258577162399583
"('0025163000', 'Mechanical/Aerospace Engineering')",0.000679040289723857,0.0,0.13351062222356533,0.00017398274346610705,0.1444792996852746
"('0025163000', 'Electrical Engineering and Computer Scie')",0.0018107741059302852,0.003831033844409501,0.13846491365531075,0.00019368053645018354,0.15132215566235396
"('0023259000', 'Departments of Chemistry and Biophysics')",0.00022634676324128565,0.0,0.11930866864704294,7.872330457256468e-07,0.1267490701793553
"('0030908000', 'School of Environment and Natural Resour')",0.0004526935264825713,0.0,0.10585839223673175,1.2664267003199543e-06,0.11185089329861236
"('0030908000', 'Environment and Natural Resources')",0.0009053870529651426,0.0014779517853178983,0.11608292388134213,1.144374982066137e-05,0.12450875384612328
"('0023259000', 'School of Natural Resources and Environm')",0.000679040289723857,0.0009829205025954594,0.10944041219747826,2.327204194923701e-06,0.11622326882309282
"('0020537000', 'Senator George J. Mitchell Center for Su')",0.0009053870529651426,0.0,0.12306749491629293,4.90239825593889e-06,0.13109563497465274
"('0020537000', 'Electrical and Computer Engineering')",0.0018107741059302852,0.005234167339719553,0.13792457542457542,3.36752521768499e-05,0.14896632905347124
"('0020537000', 'UMS IT ACG')",0.0009053870529651426,0.0,0.12306749491629293,4.90239825593889e-06,0.1310956349746527
"('0020537000', 'Chemistry')",0.0009053870529651426,0.0,0.12306749491629293,4.90239825593889e-06,0.13109563497465274
"('0027110000', 'Cornell Tech')",0.0009053870529651426,0.0018095442389803665,0.13269259648595885,1.8923637969468447e-05,0.1421369592883842
"('0026534000', 'Biology')",0.0015844273426889996,0.0,0.10252958923184033,5.4937458922499974e-08,0.10835843909815836
"('0026534000', 'Natural Sciences')",0.0011317338162064282,0.0,0.10252958923184033,5.0234216264503476e-08,0.10835843909815837
"('0025650000', 'Educational Administration')",0.0011317338162064282,0.0,0.10252958923184033,5.0234216264503476e-08,0.10835843909815836
"('0031708000', 'Natural Resource Ecology & Management')",0.0011317338162064282,0.0,0.10252958923184033,5.0234216264503476e-08,0.10835843909815837
"('0026211000', 'Helen and John C. Hartmann Department of')",0.00022634676324128565,0.0,0.11706722488672196,1.3327584999860324e-06,0.12362034091606247
"('5300013181', 'Unknown Dept')",0.0015844273426889996,0.001077813186732165,0.12995646546652548,6.046316170471913e-06,0.14073226519469015
"('0013052000', 'Electrical Engineering')",0.0047532820280669985,0.0357883320226304,0.1577969854989642,0.0002200683084967181,0.17711218287270677
"('0023879000', 'Forest Resources')",0.0011317338162064282,0.0,0.09576243632816733,5.5670521774774895e-08,0.10033378064756657
"('0023879000', 'Fisheries, Wildlife & Conservation Biolo')",0.000679040289723857,0.0,0.09576243632816733,5.0979410082891036e-08,0.10033378064756657
"('0038950000', 'Industrial and Systems Engineering')",0.0029425079221367134,0.007992679620070045,0.15070782875660924,0.00016934363801866863,0.16526273133334995
"('0038950000', 'Psychology')",0.000679040289723857,0.0004526935264825713,0.14284790481117435,3.78486020829161e-05,0.15370912473673767
"('0033290000', 'Civil & Environmental Engineering')",0.0009053870529651426,0.0,0.14044122321825928,1.6745849948110567e-05,0.15323272874200766
"('0033290000', 'Agricultural and Biological Engineering')",0.001358080579447714,0.0005295189296081288,0.14046354878707915,2.1057246843265987e-05,0.15357224888686963
"('0033290000', 'Animal Science')",0.0009053870529651426,0.0,0.14044122321825928,1.6745849948110567e-05,0.15323272874200766
"('0031005000', 'Chemical and Biomolecular Engineering')",0.001358080579447714,0.00022629551878503902,0.09941270448459756,1.8454055534546249e-06,0.10478882848866417
"('0031005000', 'Department of Chemistry and Biochemistry')",0.0009053870529651426,0.00022629551878503902,0.09941270448459756,1.6899922758445403e-06,0.10478882848866414
"('0031005000', 'Specialty Medicine')",0.0004526935264825713,0.0,0.0904271649917105,3.251185124474354e-07,0.09426617555607292
"('0027854000', 'Wagner Graduate School of Public Service')",0.0004526935264825713,0.0,0.12256901095852407,5.1739594772804894e-05,0.13058453322996058
"('0021550030', 'Genetics')",0.00022634676324128565,0.0,0.09680105170902717,5.212425044974874e-07,0.10190501885524454
"('0037457000', 'Dept. of Computer Science and Biocomplex')",0.0011317338162064282,0.00022638092621211673,0.11160511291870863,5.733069804604217e-07,0.11756482811208716
"('0037549000', 'Biocomplexity Institute & Initiative')",0.0009053870529651426,3.416297083107473e-08,0.11160229368226943,5.646209464631008e-07,0.11745165473046652
"('0037986000', 'Computer Science & Engineering')",0.0015844273426889996,0.0004960466638489283,0.1321448867885024,2.1892678531530628e-05,0.14625352665439256
"('0021998000', 'Mechanical Industrial Engineering')",0.000679040289723857,0.0,0.12484105230438837,7.588672836171823e-06,0.13626773283525004
"('0021998000', 'Civil and Environmental Engineering')",0.0009053870529651426,0.0009051820751401561,0.12011309879832527,1.5262100950803707e-06,0.12772835440049066
"('0021998000', 'Department of Civil and Environmental En')",0.0004526935264825713,0.0,0.12010656807307525,1.4993521171352593e-06,0.1275020076372494
"('0011569000', 'Science and Technology')",0.0004526935264825713,0.0,0.11983291743517413,1.5780272219443494e-05,0.12901418775350204
"('4076683000', 'Unknown Dept')",0.0009053870529651426,0.0009051820751401561,0.13613952915074573,0.0001557569055323464,0.15079587329723723
"('0032102000', 'STEM Center')",0.0004526935264825713,0.0,0.11983291743517413,1.5780272219443494e-05,0.12901418775350204
"('0021055000', 'JCET')",0.0004526935264825713,0.0,0.11480095624155494,1.1849414286525188e-06,0.12295701593710355
"('0033795000', 'Geology and Environmental Science')",0.0004526935264825713,0.0,0.11480095624155494,1.1849414286525188e-06,0.12295701593710355
"('0013144000', 'Electrical Engin. & Computer Science')",0.0004526935264825713,0.0,0.12950694729436596,1.0932120166871565e-05,0.1377166656591729
"('0013144000', 'Electrical Engineering and Computer Sci')",0.0009053870529651426,0.0031432288035898714,0.13024764150943396,1.1197109852622793e-05,0.13934250008831206
"('0011510001', 'Department of Biology')",0.00022634676324128565,0.0,0.11322688946410724,9.909002384456682e-08,0.11944107179224787
"('0011510001', 'Mathematics and Statistics')",0.002716161158895428,0.004972352078521265,0.12768048089705797,1.0732874744843763e-06,0.13767978224180077
"('0036756000', 'Civil and Environmental Engineering')",0.0004526935264825713,0.0028313114422898345,0.146509699883933,7.208395494422228e-05,0.15981210580576702
"('0028068000', 'Computer Science')",0.000679040289723857,0.0,0.1112734233326617,7.364878025227313e-06,0.117977924810434
"('0027284000', 'Art History')",0.000679040289723857,0.0,0.11850540489793729,3.6607822178537224e-05,0.1274739017835434
"('0034140000', 'GSO')",0.000679040289723857,0.0004487709962862396,0.12532977787864175,8.582190335789153e-06,0.1345905967680517
"('0022681000', 'School of Engineering')",0.0011317338162064282,0.0,0.11079623824451411,2.048468751176044e-07,0.1159776380148245
"('0022681000', 'Department of Engineering')",0.000679040289723857,0.0,0.11079623824451411,1.8756175624170777e-07,0.1159776380148245
"('0022681000', 'Unknown Dept')",0.001358080579447714,0.0013574656459727544,0.12459108855047941,1.6429320182147598e-06,0.13204019547071344
"('0022681000', 'The Graduate School')",0.000679040289723857,0.0,0.11079623824451411,1.8756175624170777e-07,0.11597763801482447
"('0013128000', 'Department of Psychology')",0.00022634676324128565,0.0,0.12085567348725243,9.631165416494084e-07,0.12766564141054815
"('0015354000', 'Rinker School of Construction Mgmt')",0.000679040289723857,0.0,0.14211728375205068,8.761037608747458e-05,0.15352911951485868
"('0025650000', 'Mechanical and Materials Engineering')",0.0004526935264825713,0.0004526935264825713,0.09299094927383708,3.2262225206259426e-09,0.09690868121469307
"('0036046000', 'Electrical & Computer Engineering Dept.')",0.0009053870529651426,0.0,0.16061950119973825,0.00011304667146342305,0.1756843497280334
"('0036046000', 'Electrical and Computer Engineering')",0.0047532820280669985,0.044513651562014526,0.17506736408305595,0.0002499057804520838,0.19638923208977455
"('0036046000', 'ECE')",0.0009053870529651426,0.0,0.16061950119973825,0.00011304667146342305,0.17568434972803335
"('0034702000', 'Physics')",0.0009053870529651426,0.0,0.10252958923184033,4.417024225524611e-08,0.10865338846275584
"('0019489001', 'Physics')",0.0009053870529651426,0.0,0.10252958923184033,4.417024225524611e-08,0.10865338846275584
"('0010512000', 'Physics and Astronomy')",0.0009053870529651426,0.0,0.10252958923184033,4.417024225524611e-08,0.10865338846275588
"('0114629000', 'Physics & Astronomy')",0.0009053870529651426,0.0,0.10252958923184033,4.417024225524611e-08,0.10865338846275588
"('0013128000', 'Dept. of Electrical Eng. & Comp. Science')",0.000679040289723857,0.0,0.11832449515239167,4.900603374344791e-06,0.12633416298253308
"('6250019415', 'Computer Science')",0.000679040289723857,0.0,0.11832449515239167,4.900603374344791e-06,0.12633416298253308
"('0016923000', 'Electrical Engineering')",0.00022634676324128565,0.0,0.15173266476628774,9.975072204255942e-05,0.16565380195982163
"('0022905000', 'Department of Chemistry')",0.0015844273426889996,0.00045300099322005097,0.09881237279416698,7.635067143436992e-08,0.10428623987988861
"('0036616000', 'Chemistry and Biochemistry')",0.00022634676324128565,0.0,0.0899283504315258,7.107362797144001e-09,0.09360590668277334
"('0013128000', 'Department of Statistics')",0.0022634676324128564,0.002987404651212291,0.14068271557763343,4.2067856444766827e-05,0.1547427504591365
"('0013128000', 'Astronomy')",0.0009053870529651426,0.0,0.12340782122905028,7.204235449384674e-06,0.13264341255796633
"('0013128000', 'Physical Science')",0.0009053870529651426,0.0,0.12340782122905028,7.204235449384674e-06,0.13264341255796633
"('0013128000', 'Graduate School of Education')",0.0009053870529651426,0.0,0.12340782122905028,7.204235449384674e-06,0.13264341255796636
"('0035303000', 'Electrical and Computer Engineering')",0.001358080579447714,0.0013574656459727544,0.1029740816707067,3.347057095024655e-07,0.10964499400509597
"('0035303000', 'EECS')",0.000679040289723857,0.0,0.10296688186076863,3.2515318553915705e-07,0.10930547386023408
"('4062105000', 'Unknown Dept')",0.000679040289723857,0.0,0.10296688186076863,3.2515318553915705e-07,0.10930547386023408
"('0029207000', 'Economics')",0.0004526935264825713,0.0,0.12368421052631579,5.086001637032025e-06,0.1316685992444249
"('7203580701', 'Unknown Dept')",0.0009053870529651426,0.0,0.12368421052631579,5.555099878548565e-06,0.1316685992444249
"('0037549000', 'Sociology')",0.0011317338162064282,0.007917418893896765,0.14249774222680944,4.00136990154888e-05,0.15474247346135026
"('0034140000', 'Oceanography Department')",0.00022634676324128565,0.0,0.10029967308390847,1.7177027339677767e-07,0.10488657447538745
"('0015354000', 'Department of Industrial and Systems Eng')",0.0009053870529651426,0.0,0.13328104259683843,3.8131913822996867e-06,0.1437224022896266
"('0017749000', 'Harris School')",0.00022634676324128565,0.0,0.14085315309570873,0.00010964446037030452,0.15241779497098606
"('0013151000', 'Anderson School of Management')",0.00022634676324128565,0.0,0.13097355626704613,1.557900861699276e-05,0.1396047196352765
"('0036756000', 'Chemical Engineering')",0.000679040289723857,0.0009051820751401561,0.13783851241732184,0.0004136548686963101,0.1492171976582336
"('0033290000', 'Engineering Science and Mechanics')",0.000679040289723857,0.0010535374609245969,0.1508416128922121,5.030923357758623e-05,0.16655769724465858
"('0020107000', 'Chemical Engineering')",0.001358080579447714,0.0,0.13010189057070498,4.239684343555538e-06,0.13956002374970175
"('0020107000', 'Civil & Environmental Engineering')",0.0009053870529651426,0.0,0.13010189057070498,3.8807700735285845e-06,0.13956002374970172
"('0020107000', 'Department of Physics and Astronomy')",0.0009053870529651426,0.0,0.13010189057070498,3.8807700735285845e-06,0.13956002374970172
"('0023259000', 'Chemistry')",0.002489814395654142,0.002534242839520052,0.12348370507015484,2.7844946913696686e-06,0.13336143196374053
"('5300009132', 'Unknown Dept')",0.0004526935264825713,0.0,0.1099169030203513,2.8294787633616467e-07,0.11617474898620733
"('7203590223', 'Unknown Dept')",0.0004526935264825713,0.0,0.1099169030203513,2.8294787633616467e-07,0.11617474898620733
"('0025890000', 'Sociolgy')",0.00022634676324128565,0.0,0.1014838976432214,3.5331422377647627e-06,0.10675350440515527
"('0013177010', 'SIO MPL')",0.0004526935264825713,0.0004526935264825713,0.1059726553130247,7.321480950395765e-08,0.11117695988079003
"('0013177000', 'Department of Sociology')",0.00022634676324128565,0.0,0.09582059123343527,6.744066110565358e-09,0.09947703412639436
"('0036525000', 'Dept. of Computer Science')",0.0004526935264825713,0.0004524717931026097,0.11332273123685425,5.135373509898331e-07,0.11926904016800217
"('5300011953', 'Mechanical Engineering')",0.00022634676324128565,0.0,0.09863148259772732,7.988322847585959e-09,0.10281233842296277
"('0037986000', 'Department of Chemistry')",0.000679040289723857,0.0,0.12089866732342719,1.6202656978345322e-06,0.12954903918575195
"('0010819000', 'ECEE')",0.00022634676324128565,0.0,0.12368074801937236,4.573634140896846e-06,0.1315554258628043
"('0033712000', 'Department of Psychology')",0.00022634676324128565,0.0,0.10995520159283226,3.945072542534698e-07,0.11601780509557388
"('0010835000', 'Ecology and Evolutionary Biology')",0.0015844273426889996,0.0037009598068532936,0.13505747126436782,2.7648843299302937e-05,0.14636855084455713
"('0010835000', ""Gender & Women's Studies"")",0.0009053870529651426,0.0,0.12033556681374952,3.608836325271451e-06,0.1281437301695328
"('0010835000', 'Plant Sciences (Plant Path/Microbiology)')",0.0011317338162064282,0.0013590085199599435,0.12302637074990949,3.6541633022021586e-06,0.13161230965101448
"('0010835000', 'School of Natural Resources and the Env')",0.0018107741059302852,0.0015466068758897482,0.12170128367583054,4.003666998586776e-06,0.13025861141524236
"('0013706000', 'Department of Computer Science')",0.001358080579447714,0.007530678635000077,0.1595637099104305,0.00011668093252847065,0.17520809191814007
"('0013706000', 'SWx-TREC')",0.0004526935264825713,0.0,0.14373556300224485,1.387899738444245e-05,0.15489245677113353
"('0026575000', 'Mechanical Engineering')",0.000679040289723857,0.0,0.08271084901244968,1.5660112806815025e-09,0.08626809058151862
"('0026575000', 'Chemistry & Biochemistry')",0.000679040289723857,0.0,0.08271084901244968,1.5660112806815025e-09,0.08626809058151862
"('0026575000', 'Biology')",0.0011317338162064282,0.0013574656459727544,0.09016326530612245,1.3868690624442005e-08,0.09495909755111662
"('0026575000', 'Mechanical & Aerospace Engineering')",0.000679040289723857,0.0,0.08271084901244968,1.5660112806815025e-09,0.08626809058151862
"('0010835000', 'Department of Chemistry')",0.000679040289723857,0.004936376895668915,0.13157032669227792,1.4709881219238775e-05,0.14104302090947565
"('0010835000', 'Hydrology and Atmospheric Sciences')",0.0011317338162064282,0.0011049249937628465,0.14545334825837888,8.317924860575915e-05,0.1589142799758451
"('0034256000', 'Automotive Engg & Mechanical Engg.')",0.0009053870529651426,0.0,0.14036090989960606,0.00047794302259520125,0.1531132861655714
"('0034256000', 'Psychology')",0.0011317338162064282,0.003075438764669074,0.14309311740890687,0.0004885280791539015,0.15655450567741086
"('0034256000', 'Automotive Engineering')",0.0015844273426889996,0.003075438764669074,0.14309311740890687,0.0005334563294081009,0.15655450567741083
"('0034256000', 'Mechanical Engineering')",0.0018107741059302852,0.0018095442389803665,0.1403787493645145,0.0004993068067843929,0.1535659796920539
"('0013052000', 'Computer Science')",0.0011317338162064282,0.0004526935264825713,0.10704593913549137,7.129420754293368e-08,0.11259791452419035
"('0010637000', 'Dept of Geosciences')",0.0009053870529651426,0.0,0.0940020000425541,1.5221289677174123e-06,0.09898423113928298
"('0034017000', 'Center for Biomedical Informatics')",0.0009053870529651426,0.0,0.1290793817746224,3.493391512851509e-05,0.13837874752881474
"('0034017000', 'Unknown Dept')",0.0022634676324128564,0.006045496702334268,0.14818541624740056,0.00027146179136554793,0.16326538445709854
"('0034017000', 'Division of Applied Mathematics')",0.0015844273426889996,0.0004526935264825713,0.1290831531584176,3.850554255795629e-05,0.13849192091043536
"('0034017000', 'Dept of Population Studies & Training')",0.0009053870529651426,0.0,0.1290793817746224,3.493391512851509e-05,0.13837874752881474
"('6250013172', 'Unknown Dept')",0.0009053870529651426,0.0,0.1290793817746224,3.493391512851509e-05,0.13837874752881468
"('0039321000', 'Geology and Geophysics')",0.000679040289723857,0.0,0.07442722371967656,1.6196740077788784e-11,0.07739063411118785
"('0039321000', 'Civil and Architectural Engineering')",0.000679040289723857,0.0,0.07442722371967656,1.6196740077788784e-11,0.07739063411118786
"('0039321000', 'Chemical & Petroleum Engineering')",0.000679040289723857,0.0,0.07442722371967656,1.6196740077788784e-11,0.07739063411118786
"('0013482000', 'Unknown Dept')",0.0015844273426889996,0.0027142138695580562,0.08040768040768041,1.4178446608517345e-10,0.08450108901089795
"('0029728000', 'Civil, Const., and Environ. Engineering')",0.0009053870529651426,0.0,0.16255795128412687,0.00022133879297821596,0.1788078948615382
"('0013284000', 'Civil & Environmental Engineering')",0.0011317338162064282,0.015239460307618477,0.16836248618573987,0.00042349938463442824,0.18708725445371
"('0021782000', 'Media Lab')",0.000679040289723857,0.0031545770619691494,0.12005108556832694,1.410288885850932e-06,0.12923386996180714
"('0029728000', 'Department of Biomedical Engineering')",0.00022634676324128565,0.0,0.10930502981271184,1.2074977791486138e-06,0.11611354782705799
"('5300002779', 'Center for Process and Technology')",0.0004526935264825713,0.0,0.13033986311069154,0.028185463785274013,0.1418885079761032
"('0029728000', 'Computer Science Department')",0.000679040289723857,0.0,0.13713256976130614,1.0864444840371815e-05,0.14779448646017138
"('0080010000', 'Civil & Materials Engineering')",0.00022634676324128565,0.0,0.09443197606070322,3.049290798305356e-08,0.09818644214827181
"('0039545000', 'School Teaching, Learning & Leadership')",0.000679040289723857,0.0,0.10490573206059743,2.0003669762787582e-07,0.11049721713916143
"('0039545000', 'School of Teaching, Learning, & Leadersh')",0.000679040289723857,0.0,0.10490573206059743,2.0003669762787582e-07,0.11049721713916143
"('0039545000', 'School of Teacher Education')",0.0011317338162064282,0.0,0.10490573206059743,2.1860784548541376e-07,0.11049721713916143
"('0014449000', 'Engineering Management & Systems Engrg.')",0.0004526935264825713,0.0,0.11607072485090508,3.6512135412406636e-07,0.12241077469354805
"('0014449000', 'Innovation Center')",0.0004526935264825713,0.0,0.11607072485090508,3.6512135412406636e-07,0.12241077469354808
"('0034710000', 'Chemistry & Biochemistry')",0.0004526935264825713,0.0,0.11156002222109994,5.916161039057335e-07,0.11749884998809701
"('6250035312', 'Unknown Dept')",0.0004526935264825713,0.0,0.11267246435949096,6.369952918460534e-07,0.12144184840507279
"('0032102000', 'Electrical Engineering')",0.00022634676324128565,0.0,0.1322992154279212,2.2351454999396257e-05,0.1414023441977264
"('0036525000', 'Chemical & Biomolecular Engineering')",0.0011317338162064282,0.0004526935264825713,0.12131363611400955,0.00016978954005210216,0.13002856530720439
"('0036525000', 'Chemical and Biomolecular Engineering')",0.00022634676324128565,0.0,0.10819150238765765,1.5615296161925484e-05,0.11395630193678803
"('0034017000', 'Department of  Computer Science')",0.0004526935264825713,0.0,0.11100223612472049,8.720987312852615e-07,0.11859550839920763
"('0029058000', 'Social Work and Sociology')",0.0009053870529651426,0.0,0.09116985492890897,3.132122036152763e-07,0.09499763360352424
"('0021303000', 'Department of Biology')",0.00022634676324128565,0.0,0.09489035417427351,3.832725254637232e-08,0.0986668627151283
"('0021303000', 'Biology')",0.0011317338162064282,0.0004526935264825713,0.10483603056333349,4.12753057640975e-07,0.1104626660897115
"('0023259000', 'Climate and Space')",0.0009053870529651426,0.0,0.1351855818365411,1.049952490545662e-05,0.14560752737529517
"('0023259000', 'Atmospheric, Oceanic and Space Science,')",0.0009053870529651426,0.0,0.1351855818365411,1.049952490545662e-05,0.14560752737529514
"('0023259000', 'Climate and Space Sciences & Engineering')",0.0009053870529651426,0.0,0.1351855818365411,1.049952490545662e-05,0.14560752737529517
"('0023259000', 'Statistics')",0.0009053870529651426,0.0,0.1351855818365411,1.049952490545662e-05,0.14560752737529514
"('0038950000', 'Geography & Center for Climatic Research')",0.00022634676324128565,0.0,0.11064639735530567,5.492072296437568e-07,0.11558829333174798
"('0017756000', 'Coordinated Science Lab')",0.00022634676324128565,0.0,0.12181537443476342,2.2541268526691515e-06,0.12899986657625784
"('0029751000', 'Software and Information Systems')",0.000679040289723857,0.005733130937774106,0.14931729079356496,6.648921672974459e-05,0.1631882980456986
"('0013128000', 'Department of Chemistry')",0.0015844273426889996,0.00706558541937537,0.147350165093553,0.00029512487003233314,0.1608898803274071
"('0013128000', 'Department of Chemical Engineering')",0.0009053870529651426,0.0009052845640526493,0.13072939783991716,3.160870406224129e-05,0.13987112429846593
"('0013128000', 'Chemical & Biomolecular Engineering')",0.001358080579447714,0.0031301694315103907,0.1357588421473128,4.275819769685428e-05,0.14641816108543024
"('0027854000', 'Computer Science & Engineering')",0.0004526935264825713,0.0,0.13113294351607255,0.00010729818890906991,0.14065231458848376
"('0036616000', 'Cyber-ShARE Center of Excellence')",0.002037120869171571,0.0018095442389803665,0.12400011226809621,3.910142499110819e-06,0.13339592980833315
"('0036616000', 'Industrial Manuf. & Systems Engineering')",0.0009053870529651426,0.0,0.11033139375171691,4.995901785504592e-07,0.11651711448248844
"('0036616000', 'Psychology')",0.0009053870529651426,0.0,0.11033139375171691,4.995901785504592e-07,0.11651711448248842
"('6250015364', 'Information Technology Services')",0.0009053870529651426,0.0,0.11033139375171691,4.995901785504592e-07,0.11651711448248844
"('0103879000', 'Senior Adult Program')",0.0009053870529651426,0.0,0.11033139375171691,4.995901785504592e-07,0.11651711448248844
"('0013151000', 'Department of Physics')",0.0004526935264825713,0.0,0.11409239986571289,0.0027739163640791925,0.12099243841265062
"('5300007943', 'Unknown Dept')",0.0004526935264825713,0.0,0.11409239986571289,0.0027739163640791925,0.12099243841265064
"('0013177000', 'San Diego Supercomputer')",0.00022634676324128565,0.0,0.10323877179043792,1.332524368428715e-07,0.10840604447656271
"('0037499000', 'Physics and Astronomy')",0.00022634676324128565,0.0,0.11158256301459817,5.578816952255579e-07,0.11704423055663224
"('0037499000', 'Mathematical Sciences')",0.0018107741059302852,0.0009052845640526493,0.12559342752366603,6.013693410527274e-06,0.1340351416994755
"('0096354000', 'School of Computing and Info. Sciences')",0.0009053870529651426,0.0,0.12722455796809307,0.00025995665429915337,0.1378950572590222
"('0096354000', 'Knight Foundation School of Computing an')",0.0009053870529651426,0.0,0.12722455796809307,0.00025995665429915337,0.1378950572590222
"('0096354000', 'Biological Sciences')",0.0011317338162064282,0.0002257318297663263,0.12722822174226062,0.0002643272980914692,0.13800823064064285
"('0018259000', 'Sch. of Electrical & Comp. Engineering')",0.0004526935264825713,0.0,0.15173787608187939,0.00010999278089074688,0.16576697534144227
"('0018259000', 'Medicinal Chemistry and Molecular Pharma')",0.0004526935264825713,0.0,0.15173787608187939,0.00010999278089074688,0.16576697534144227
"('0029744000', 'Carolina Population Center')",0.000679040289723857,0.0013574656459727544,0.12219948000221276,8.082933889173494e-06,0.13015132439362812
"('0026575000', 'Information and Communication Technology')",0.0004526935264825713,0.0,0.09795791667590519,2.8213665535832996e-08,0.10275634027393624
"('0026575000', 'Electrical & Computer Engineering')",0.0004526935264825713,0.0,0.09795791667590519,2.8213665535832996e-08,0.10275634027393624
"('0026575000', 'Unknown Dept')",0.0009053870529651426,0.0009051820751401561,0.10859038957846873,2.7807471603857103e-07,0.11552967920335198
"('0033787000', 'ESE, Radiology, CIS, Statistics and Data')",0.000679040289723857,0.0,0.11900977830455513,9.291976242062346e-07,0.12928377227517707
"('0020776000', 'Mathematics')",0.0015844273426889996,0.0068394490485555815,0.12237888147142738,1.4385493260662694e-06,0.13405879957170713
"('0013706000', 'Lab for Atmospheric and Space Physics')",0.0004526935264825713,0.0,0.14108254829953695,3.7548884202115416e-06,0.152407489522699
"('0013706000', 'LASP')",0.000679040289723857,0.0004526935264825713,0.14108705371399374,3.784635389769221e-06,0.1525206629043196
"('0025650000', 'Electrical Engineering')",0.00022634676324128565,0.0,0.0850809790667668,3.020761671683598e-10,0.08794168874351868
"('0026575000', 'Astronomy')",0.000679040289723857,0.0,0.08852288210306965,2.9509655759273956e-09,0.0919510143985759
"('0022301000', 'Applied Ocean Physics & Engineering')",0.0004526935264825713,0.0004370224369263768,0.11923782791752133,8.615442116059406e-07,0.12772220133266468
"('0018259000', 'Department of Botany & Plant Pathology')",0.0004526935264825713,0.0,0.10252720985820706,3.523293022950951e-08,0.1084647661600548
"('0018259000', 'School of Chemical Engineering')",0.000679040289723857,0.0004526935264825713,0.10252958923184033,3.550893601210301e-08,0.10857793954167545
"('5300010311', 'ESnet')",0.000679040289723857,0.0,0.12861343192337923,8.056001203945576e-05,0.13830314283573603
"('0013144000', 'Unknown Dept')",0.0033952014486192846,0.012443926441619211,0.14089807373389462,4.033251522244613e-05,0.15585454420334308
"('0015354000', 'Bureau of Economic and Business Research')",0.0009053870529651426,0.0,0.1284339661036658,3.609568655040626e-05,0.13780669119623332
"('0014894000', 'Dept. of Geography')",0.0009053870529651426,0.0,0.1284339661036658,3.609568655040626e-05,0.13780669119623332
"('0015354000', 'Health Outcomes and Policy')",0.001358080579447714,0.006989949070408132,0.14719307013160088,0.0002815663101585687,0.1616137961429931
"('0015354000', 'Sociology')",0.0009053870529651426,0.0,0.1284339661036658,3.609568655040626e-05,0.1378066911962333
"('0015354000', 'PHHP-Enviromental & Global Heath')",0.00022634676324128565,0.0,0.09078579648199901,5.986357230543015e-09,0.09417794886628576
"('0017756000', 'Electrical & Computer Engineering')",0.00022634676324128565,0.0,0.13749961096760138,2.038335684685096e-05,0.1477515247943035
"('0028381000', 'ECE Department')",0.0011317338162064282,0.0,0.10691900002420077,1.5192792049646491e-05,0.11352366163499603
"('0028381000', 'Dept of Family Population & Preventive')",0.0011317338162064282,0.0,0.10691900002420077,1.5192792049646491e-05,0.11352366163499604
"('0028381000', 'School of Social Welfare')",0.0011317338162064282,0.0,0.10691900002420077,1.5192792049646491e-05,0.11352366163499603
"('0028381000', 'Social Work')",0.0011317338162064282,0.0,0.10691900002420077,1.5192792049646491e-05,0.11352366163499603
"('0013052000', 'Earth System Science')",0.0015844273426889996,0.010439061909156713,0.14884441749208274,6.107762649619936e-05,0.1623631065629694
"('0016105000', 'Information Technology')",0.0004526935264825713,0.0013574656459727544,0.10748868668191329,2.0481546956114657e-07,0.11336023100079713
"('0029728000', 'Electrical and Computer Enginering')",0.000679040289723857,0.0,0.14840443399395364,7.256789116030326e-05,0.16167994019963156
"('0029728000', 'Department of Electrical & Computer Engi')",0.000679040289723857,0.0,0.14840443399395364,7.256789116030326e-05,0.16167994019963153
"('0096354000', 'ECE')",0.000679040289723857,0.0,0.14840443399395364,7.256789116030326e-05,0.16167994019963153
"('0022905000', 'Office of Research Innovation and Econom')",0.00022634676324128565,0.0,0.12368074801937236,4.573634140896846e-06,0.13155542586280428
"('0039438000', 'Department of Social Sciences')",0.000679040289723857,0.0,0.12927200374531836,1.4591836324804774e-06,0.13871758617118451
"('0039438000', 'Department of Biology')",0.000679040289723857,0.0,0.12927200374531836,1.4591836324804774e-06,0.13871758617118451
"('0039438000', 'Social Sciences')",0.000679040289723857,0.0,0.12927200374531836,1.4591836324804774e-06,0.13871758617118451
"('0035097000', 'Management')",0.000679040289723857,0.0,0.1225792131402253,4.984413664891092e-07,0.1303130926716251
"('0035097000', 'Economics')",0.000679040289723857,0.0,0.1225792131402253,4.984413664891092e-07,0.13031309267162508
"('7203589053', 'Unknown Dept')",0.0009053870529651426,0.0,0.11698043265284508,2.7306377810561078e-06,0.12627167537427633
"('0032102000', 'Chemical, Biologic & Environ Engineering')",0.0009053870529651426,0.0,0.11698043265284508,2.7306377810561078e-06,0.12627167537427636
"('0032102000', 'Clinical Sciences')",0.0009053870529651426,0.0,0.11698043265284508,2.7306377810561078e-06,0.12627167537427633
"('0032102000', 'Biomedical Sciences')",0.0009053870529651426,0.0,0.11698043265284508,2.7306377810561078e-06,0.1262716753742764
"('4004974000', 'Unknown Dept')",0.00022634676324128565,0.0,0.1309386206692155,7.006424635478043e-05,0.14044627314489203
"('0036566000', 'Department of Civil Engineering')",0.0004526935264825713,0.0,0.11873152378392905,4.3545974862986225e-06,0.12688023491271544
"('0036566000', 'Chemistry/Biochemistry')",0.0004526935264825713,0.0,0.11873152378392905,4.3545974862986225e-06,0.12688023491271544
"('0036962000', 'Geology')",0.0009053870529651426,0.0,0.11603719073383412,1.9550830166960052e-06,0.12322657191658927
"('0013706000', 'Space Weather Technology, Research, and')",0.000679040289723857,0.0,0.13147244375669564,3.469538062391148e-06,0.14159114237203776
"('0027110000', 'Department of Earth and Atmospheric Scie')",0.000679040289723857,0.0,0.13147244375669564,3.469538062391148e-06,0.14159114237203776
"('0022921000', 'Biomedical Engineering')",0.0011317338162064282,0.0013574656459727544,0.12040771830371744,2.729538218034917e-05,0.13042684945928285
"('0022921000', 'Chemical Engineering')",0.000679040289723857,0.0009051820751401561,0.10748084174674614,2.5587106007374176e-06,0.11432219946881342
"('P269965597', 'Unknown Dept')",0.00022634676324128565,0.0,0.1036262138199559,3.562305947362819e-08,0.10808597305315094
"('P270038655', 'Unknown Dept')",0.00022634676324128565,0.0,0.11492937228480009,2.007580636482087e-06,0.12224861122169542
"('0036582000', 'Electrical & Computer Eng')",0.000679040289723857,0.0,0.12658663075556575,4.555904333093671e-06,0.13433722858802016
"('0036582000', 'LBJ School of Public Affairs')",0.0011317338162064282,0.0,0.12658663075556575,4.979818441926608e-06,0.1343372285880202
"('0036582000', 'IROM')",0.000679040289723857,0.0,0.12658663075556575,4.555904333093671e-06,0.13433722858802022
"('0036582000', 'Architecture')",0.0015844273426889996,0.0013574656459727544,0.14491897920356886,3.943515695046788e-05,0.15728021915210572
"('0039545000', 'Department of Physics')",0.0004526935264825713,0.0,0.08673459371380332,3.812644877965447e-09,0.08983212048571576
"('0030908000', 'Biostatistics')",0.00022634676324128565,0.0,0.130320639509159,0.02547771349406981,0.1416244367523217
"('0014811000', 'Dept of Comp & Elec Eng & Comp.Science')",0.0015844273426889996,8.39920145235747e-05,0.11784475860229394,6.910990855275007e-06,0.1251987267548594
"('0014811000', 'Comp & Elec Eng and Comp Science')",0.001358080579447714,0.0,0.11784161532101038,6.696781596503243e-06,0.12508555337323876
"('0014811000', 'Computer Science and Engineering')",0.001358080579447714,0.0,0.11784161532101038,6.696781596503243e-06,0.12508555337323876
"('0014811000', 'College of Nursing')",0.001358080579447714,0.0,0.11784161532101038,6.696781596503243e-06,0.12508555337323876
"('0014811000', 'Psychology')",0.001358080579447714,0.0,0.11784161532101038,6.696781596503243e-06,0.12508555337323876
"('0013706000', 'Department of Chemistry & Biochemistry')",0.00022634676324128565,0.0,0.11447671857590755,1.2248731624183652e-07,0.12056682126283712
"('0025544000', 'Psychology')",0.00022634676324128565,0.0,0.1338625621136832,6.38632763994152e-05,0.14340574451201354
"('0039321000', 'Mathematics')",0.0009053870529651426,0.005690082511119876,0.12464733100101569,6.575843733186047e-07,0.13368453826240045
"('0027110000', 'Information Sciences')",0.0004526935264825713,0.0,0.09886101725256774,2.1156301815819576e-08,0.10359919553975007
"('0027110000', 'BCTR')",0.0004526935264825713,0.0,0.09886101725256774,2.1156301815819576e-08,0.10359919553975007
"('0010835000', 'Physics')",0.0011317338162064282,0.0009052845640526493,0.12525160887931278,9.40403145691812e-06,0.13452862086859277
"('0025163000', 'Learning, Teaching and Curriculum')",0.0004526935264825713,0.0,0.10698890880030998,5.597049992831028e-06,0.11301606666307795
"('0080010000', 'Unknown Dept')",0.0004526935264825713,0.0,0.10698890880030998,5.597049992831028e-06,0.11301606666307794
"('0022905000', 'Chemical Engineering and Material Scienc')",0.00022634676324128565,0.0,0.09522167381511736,9.39380140651247e-08,0.09958018213196299
"('0013177000', 'Neurosciences')",0.000679040289723857,0.0004526935264825713,0.10524059075750357,1.0214726950716033e-06,0.1116356893135696
"('0033795000', 'Ophthalmology')",0.0009053870529651426,0.0,0.13486370157819225,0.004285608998435093,0.14534228911775254
"('0033795000', 'Ophthalmology/Medicine')",0.0009053870529651426,0.0,0.13486370157819225,0.004285608998435093,0.14534228911775254
"('0033795000', 'Department of Surgery')",0.0009053870529651426,0.0,0.13486370157819225,0.004285608998435093,0.1453422891177526
"('0013177010', 'Marine Physical Laboratory')",0.000679040289723857,0.0,0.1222400531237895,1.5690900429355238e-06,0.13125854579000729
"('0015362010', 'Marine Biology and Ecology')",0.000679040289723857,0.0,0.1222400531237895,1.5690900429355238e-06,0.13125854579000726
"('0036707000', 'Geology')",0.00022634676324128565,0.0,0.10014507208269109,1.8799159178828914e-08,0.10404284424830795
"('0035691000', 'Mechanical Engineering')",0.002037120869171571,0.007310814703977777,0.1387257826482871,0.00012566787167652598,0.15084773571079485
"('0035691000', 'Mechanical Engineeering')",0.0009053870529651426,0.0016023081328200514,0.12733456306202445,1.2638339173101214e-05,0.13635425895215303
"('0032375000', 'Anthropology')",0.00022634676324128565,0.0,0.09399400038295427,6.692092029582534e-07,0.09860698653388085
"('0500744000', 'Unknown Dept')",0.00022634676324128565,0.0,0.12145370574004838,3.1242774476205854e-05,0.12861566303418456
"('0028944000', 'Physics & Astronomy')",0.001358080579447714,0.0011719755784832544,0.1307913200509192,4.418539739223728e-05,0.14200647009044406
"('0025650000', 'Civil Engineering')",0.00022634676324128565,0.0,0.10560787875890425,6.11025135715935e-08,0.11034277408002399
"('0025650000', 'Biological Systems Engineering')",0.0004526935264825713,0.0004526935264825713,0.11807467194056177,6.547066079552449e-07,0.12506287598523866
"('0013706000', 'Department of Chemistry & CIRES')",0.0004526935264825713,0.0,0.11007299997508534,3.6845143747375755e-08,0.11524663782472629
"('0013706000', 'ATOC')",0.000679040289723857,0.0009051820751401561,0.12368074801937236,3.606979871658733e-07,0.13125010520890978
"('0027854000', 'Civil and Urban Engineering')",0.0004526935264825713,0.000619938938207859,0.13456793883829307,7.973446927412427e-05,0.14557466890536105
"('0023259000', 'Astronomy')",0.0004526935264825713,0.0,0.11932155782423162,8.696250389179212e-07,0.12697541694259656
"('0015743000', 'Unknown Dept')",0.0011317338162064282,0.0013574656459727544,0.11933122653485671,8.951590215189388e-07,0.12731493708745845
"('0032102000', 'Mechanical Engineering')",0.00022634676324128565,0.0,0.11934089681253376,1.2418425086811404e-06,0.12735555927294875
"('0013052000', 'Chemistry')",0.0004526935264825713,0.0,0.12751832823413958,2.638196658412708e-06,0.13592596604140295
"('0034702000', 'Civil and Environmental Engineering')",0.000679040289723857,0.0004526935264825713,0.12637661260333533,2.6679593833727744e-06,0.1339168313704295
"('0034702000', 'Department of Geology & Geological Engin')",0.0011317338162064282,0.0031645501510532835,0.1446201184981505,2.596332123885154e-05,0.15635225709354184
"('0030908000', 'Department of Computer Science')",0.0009053870529651426,1.024889124932242e-07,0.11536151656787738,0.004226029687108185,0.12341869022177454
"('0030908000', 'Computer and Information Science')",0.000679040289723857,0.0,0.11535850436054101,0.00392581993380418,0.12330551684015392
"('0030908000', 'pathology')",0.000679040289723857,0.0,0.11535850436054101,0.00392581993380418,0.12330551684015387
"('0015354000', 'Urban and Regional Planning')",0.0011317338162064282,0.0004526935264825713,0.14992025518341306,0.0001967115619656704,0.1635633009161743
"('0015354000', 'Interior Design')",0.00022634676324128565,0.0,0.13037832733282181,1.826785378302016e-05,0.13860604085819087
"('0036327000', 'Department of Psychology')",0.000679040289723857,0.0,0.12200712490679627,4.914594640145748e-06,0.1317371229067687
"('0036327060', 'Engineering Technology and Industrial Di')",0.0029425079221367134,0.002754746463105345,0.13568379349528578,2.619326837901775e-05,0.1498607894544958
"('0023291000', 'Psychology')",0.0018107741059302852,0.001130452704800263,0.11576051355954409,6.807672347034792e-07,0.12387094406922994
"('0032102000', 'College of Earth, Ocean & Atmospheric Sc')",0.00022634676324128565,0.0,0.11304147583348259,1.867383732770096e-07,0.1193003034528671
"('0028829000', 'Physics')",0.0011317338162064282,0.002261417854162992,0.11378679784685915,4.0786349619675715e-07,0.12027220416996147
"('0071043000', 'Unknown Dept')",0.000679040289723857,0.0004526935264825713,0.11559997906745513,3.4733671730271977e-07,0.12153939088321795
"('0030775000', 'Chemistry and Biochemistry')",0.00022634676324128565,0.0,0.10362378327665064,3.224562970600366e-08,0.10772647126999453
"('0027854000', 'Social and Cultural Analysis')",0.00022634676324128565,0.0,0.13398435130709044,6.814421781246143e-05,0.14440010155831742
"('7203581258', 'Unknown Dept')",0.0009053870529651426,0.0,0.11684739486908226,1.7667339987684995e-06,0.1241744954029921
"('7203581258', 'Mechanical Engineering')",0.0004526935264825713,0.0,0.11684739486908226,1.6175196651969642e-06,0.12417449540299201
"('0019893001', 'Chemistry')",0.000679040289723857,0.0,0.12300924379106805,5.411566370676777e-06,0.13195286272753437
"('0019893001', 'Department of Chemistry')",0.0015844273426889996,0.003799317973769816,0.13439192066678834,3.692691017527189e-05,0.1468187049106009
"('0026278000', 'Astrophysical Sciences')",0.0018107741059302852,0.0027678015202010327,0.13641275820545282,5.8010820880269136e-05,0.14830211159998308
"('0021782000', 'Earth, Atmospheric, & Planetary Sci.')",0.0009053870529651426,0.0,0.12468602714983208,3.697523372994061e-05,0.13406788372836287
"('0013128000', 'Dept. of Earth and Planetary Science')",0.0009053870529651426,0.0,0.12468602714983208,3.697523372994061e-05,0.13406788372836287
"('0030908001', 'Computer Science and Engineering')",0.00022634676324128565,0.0,0.11535248041775457,0.0031761817610684697,0.12307917007691258
"('0036582000', 'School of Information')",0.0018107741059302852,0.000562240413776936,0.13612275080108455,0.0059174595721401,0.1478855691112354
"('0036582000', 'School of Nursing/School of Information')",0.00022634676324128565,0.0,0.11981666802267242,0.0005441665236616411,0.12712599507529285
"('0013177000', 'CAL(IT)2')",0.000679040289723857,0.0,0.10432606026258619,1.109024886552844e-06,0.1103330189694778
"('0013177000', 'Dept. of Electrial & Comp. Engineering')",0.000679040289723857,0.0,0.10432606026258619,1.109024886552844e-06,0.11033301896947778
"('0013177000', 'Electrical and Computer Engineering')",0.0022634676324128564,0.004663659025079129,0.11646851026810429,9.841484492982503e-06,0.1256937512479672
"('0013177000', 'Jacobs School of Engineering, ECE')",0.000679040289723857,0.0,0.10432606026258619,1.109024886552844e-06,0.11033301896947778
"('4009866000', 'Unknown Dept')",0.0004526935264825713,0.0,0.14384319854138178,0.0014297963816435897,0.1592811192630106
"('4009866000', 'Climate Adaptation')",0.0004526935264825713,0.0,0.14384319854138178,0.0014297963816435897,0.1592811192630106
"('0017756000', 'Spanish and Portuguese')",0.00022634676324128565,0.0,0.13749961096760138,2.038335684685096e-05,0.1477515247943035
"('0021782000', 'Elec Eng & Comp Sci')",0.000679040289723857,0.0,0.12459811608099723,0.0004762977301728957,0.13361900999656232
"('0021782000', 'Computer Science & Artificial Intelligen')",0.0015844273426889996,0.0056449818783420634,0.14097000638162094,0.004142403471040444,0.15465887917223264
"('0021782000', 'EECS / LIDS')",0.000679040289723857,0.0,0.12459811608099723,0.00047629773017289565,0.13361900999656232
"('0021782000', 'Mathematics')",0.002489814395654142,0.0035295420251473444,0.12692849139540896,0.0005607088929404545,0.13734189103383881
"('0036582000', 'Electrical & Computer Engineering')",0.0011317338162064282,0.0004526935264825713,0.15600282485875705,3.935514117540618e-05,0.1701152790672924
"('0036582000', 'Department of Mechanical Engineering')",0.0009053870529651426,0.0,0.1559973164789379,3.9048036253485785e-05,0.17000210568567176
"('0036582000', 'Advertising')",0.0009053870529651426,0.0,0.1559973164789379,3.9048036253485785e-05,0.1700021056856717
"('4008686000', 'Unknown Dept')",0.0011317338162064282,1.537333687398363e-07,0.11264660887302397,7.161801510169057e-05,0.11947651452184979
"('0015693000', 'GT School of Interactive Computing')",0.0004526935264825713,0.0,0.1495751091850899,7.231787086746758e-05,0.16151121776970445
"('0015693000', 'Interactive Computing')",0.0004526935264825713,0.0,0.1495751091850899,7.231787086746758e-05,0.16151121776970448
"('0026294000', 'Undergraduate Academic Affairs')",0.0009053870529651426,0.0,0.1197289972899729,9.928175424467191e-06,0.12857170392503756
"('0026294000', 'Engn - Academic Affairs')",0.0009053870529651426,0.0,0.1197289972899729,9.928175424467191e-06,0.12857170392503756
"('0026294000', 'Department of Physics and Astronomy')",0.0009053870529651426,0.0,0.1197289972899729,9.928175424467191e-06,0.12857170392503753
"('0013177000', 'Mathematics Department')",0.0004526935264825713,0.0,0.1006423982869379,2.2331235939095217e-08,0.10472915996970784
"('0013177000', 'Center for Astrophysics & Space Sciences')",0.0004526935264825713,0.0,0.1006423982869379,2.2331235939095217e-08,0.10472915996970784
"('0021055000', 'Education')",0.00022634676324128565,0.0,0.11479797323632585,1.0755979359853972e-06,0.12284384255548293
"('0013284000', 'Electrical Engineering Systems')",0.00022634676324128565,0.0,0.12886101793787372,9.885826226540767e-06,0.13658262918108938
"('0037457000', 'Mathematics')",0.0004526935264825713,0.0,0.13802799300174956,7.76146616060253e-05,0.1480776246790272
"('0031849000', 'Mathematics')",0.0009053870529651426,0.001613500677193649,0.14649026824496833,0.00014938536332939558,0.15876809109606643
"('0022103000', 'Mathematics')",0.001358080579447714,0.0004526935264825713,0.12715498632896818,2.8526382173220006e-05,0.1382087232610154
"('0022103000', 'Mechanical Engineering')",0.00022634676324128565,0.0,0.11281344160155253,2.6252490984636174e-06,0.11993337369305915
"('0035238000', 'Computer Science')",0.0015844273426889996,0.011457872231919942,0.12122376183289889,1.675687951617827e-06,0.13024194915039108
"('6250012383', 'Unknown Dept')",0.00022634676324128565,0.0,0.09610406560657805,5.711359944088446e-05,0.10057083331217942
"('0036566000', 'Computer Science & Engineering')",0.0004526935264825713,0.0004526935264825713,0.11102176207468463,8.923184111734468e-06,0.11757449857518362
"('0036566000', 'Computer Science and Engineering')",0.0018107741059302852,0.011811304956547327,0.12487633907120042,9.61864519285991e-05,0.13510626426538466
"('0036582000', 'Department of Integrative Biology')",0.00022634676324128565,0.0,0.13474852838015067,1.886956394425e-05,0.14431665047894032
"('0036582000', 'Integrative Biology')",0.0011317338162064282,0.0004526935264825713,0.15572788156503348,0.00020234005437961552,0.17203442902854274
"('0001057000', 'Heinz College')",0.0011317338162064282,0.0006324145436952152,0.13095414530041202,0.001724093140424053,0.1414063452768739
"('0013052000', 'Physics')",0.0011317338162064282,0.0004526935264825713,0.11031486429124322,7.11889094428907e-08,0.11616145560487472
"('0013052000', 'Stanford University Department of Physic')",0.0004526935264825713,0.0,0.11031210986267166,6.459126932517209e-08,0.1160482822232541
"('0013136000', 'Dept. of Electrical and Computer Engr')",0.0004526935264825713,0.0,0.1189553042541734,4.3585203380266025e-06,0.12732300739600397
"('0013136000', 'Electrical and Computer Engineering')",0.000679040289723857,0.010968689130415018,0.11923139202245371,4.396565242034896e-06,0.1281217697724032
"('0020107000', 'Political Science')",0.000679040289723857,0.0,0.11119780524024062,1.2728811040752328e-06,0.117253582580087
"('0020107000', 'Geology and Geophysics')",0.0009053870529651426,0.0004526935264825713,0.11120060407752329,1.2828229689172627e-06,0.11736675596170759
"('0020107000', 'Office of Human Resource Management')",0.000679040289723857,0.0,0.11119780524024062,1.2728811040752328e-06,0.117253582580087
"('0025890000', 'Department of Biological Sciences')",0.00022634676324128565,0.0,0.11131547784020761,3.055378921966059e-06,0.1184923652522766
"('0030320000', 'Mathematics and Statistics')",0.000679040289723857,0.0,0.11984266919842669,1.778732574779981e-05,0.129183947825933
"('0026666000', 'Mathematics and Computer Science')",0.000679040289723857,0.0,0.11984266919842669,1.778732574779981e-05,0.12918394782593307
"('0027284000', 'Mathematics')",0.000679040289723857,0.0,0.11984266919842669,1.778732574779981e-05,0.129183947825933
"('0037549000', 'Mathematics')",0.0011317338162064282,0.0013574656459727544,0.13614791987673344,0.00015777963568078867,0.15094677113939808
"('0029975000', 'Coatings and Polymeric Materials')",0.0009053870529651426,0.0,0.12419880805127628,8.797409100224266e-05,0.13316985274568546
"('0029975000', 'Civil Engineering')",0.0009053870529651426,0.0,0.12419880805127628,8.797409100224266e-05,0.13316985274568546
"('0029975000', 'Chemistry and Biochemistry')",0.0015844273426889996,0.0004526935264825713,0.12420229962609991,9.688452956824951e-05,0.13328302612730608
"('0029975000', 'Ctr for Comp Asst Sci & Tech (CCAST)')",0.0009053870529651426,0.0,0.12419880805127628,8.797409100224266e-05,0.13316985274568546
"('0029975000', 'Unknown Dept')",0.0036215482118605704,0.005873434597161693,0.14178888924548286,0.0006837255916116371,0.15622721175007132
"('4005518000', 'Board on Health Sciences Policy')",0.00022634676324128565,0.0,0.09023324210612312,8.506626589940954e-09,0.09400948419600082
"('4005518000', 'Unknown Dept')",0.0018107741059302852,0.0018101591724553258,0.0991806038837131,9.229202368178333e-08,0.104772142603462
"('0015370000', 'Mechanical Engineering')",0.0004526935264825713,0.0004526935264825713,0.12563985894664997,2.2643676318864796e-05,0.13321573238390755
"('0015370000', 'Cell Biology, Microbiology and Molecular')",0.00022634676324128565,0.0,0.11161921123771507,2.1275505856224112e-06,0.11671376162944683
"('0016261000', 'Natural Resources and Society')",0.000679040289723857,0.0,0.10148856013966737,4.3525717033625996e-06,0.10697985116839656
"('0016261000', 'English')",0.000679040289723857,0.0,0.10148856013966737,4.3525717033625996e-06,0.10697985116839655
"('0016261000', 'English Department')",0.000679040289723857,0.0,0.10148856013966737,4.3525717033625996e-06,0.10697985116839656
"('4019519000', 'Theoretical Separation Science Lab')",0.0004526935264825713,0.0,0.08615444617784711,2.050779118198505e-09,0.08944784415060794
"('6250024764', 'Unknown Dept')",0.0004526935264825713,0.0,0.08615444617784711,2.050779118198505e-09,0.08944784415060794
"('0022301000', 'Unknown Dept')",0.0009053870529651426,0.007218499084722767,0.1230777802540673,1.855049601731128e-06,0.13326821648144113
"('0022301000', 'Department of Physical Oceanography')",0.0004526935264825713,0.0,0.1096332324184823,1.887413706714443e-07,0.11647168084137006
"('0037986000', 'Civil and Environmental Engineering')",0.0018107741059302852,0.008840024215583,0.1385387268736281,2.5560785038370728e-05,0.15439146160310155
"('0037986000', 'Urban Design and Planning')",0.000679040289723857,0.0,0.132932149842034,1.784312823233487e-05,0.14582921880591102
"('0023259000', 'AOSS')",0.00022634676324128565,0.0,0.1245559627854525,1.3151732608278376e-06,0.13155354992974466
"('0023259000', 'Climate and Space Sciences and Engineeri')",0.0009053870529651426,0.001357670623797741,0.14227288828776607,1.4272729907990702e-05,0.1533997703418245
"('0040071000', 'Apprenticeship')",0.000679040289723857,0.0,0.08446288259697554,1.8085634763261647e-08,0.08787656535575265
"('0040071000', 'Chemistry & Engineering')",0.000679040289723857,0.0,0.08446288259697554,1.8085634763261647e-08,0.08787656535575267
"('5300013255', 'Sustainability')",0.000679040289723857,0.0,0.08446288259697554,1.8085634763261647e-08,0.08787656535575264
"('0015354000', 'Department of Environmental Engineering')",0.0004526935264825713,0.0,0.14211271230056613,7.772312625436925e-05,0.15341594613323806
"('0015354000', 'Food and Resources Economics Dept.')",0.0004526935264825713,0.0,0.14211271230056613,7.772312625436925e-05,0.15341594613323803
"('4056404000', 'Unknown Dept')",0.0009053870529651426,0.0021516194920931666,0.13337761139958942,4.802450371120434e-06,0.1419085322152317
"('0028381000', 'Department of Computer Science')",0.001358080579447714,0.0024754191061482156,0.11110831677690315,8.850522240316172e-05,0.11912284456372053
"('0035691000', 'Department of Mechanical Engineering')",0.00022634676324128565,0.0,0.10815177478580171,1.6371685067872916e-06,0.114879201191501
"('0021782000', 'Department of Economics')",0.0009053870529651426,0.0,0.1328681844155063,0.00015035263108339637,0.14312457511303056
"('0021550000', 'Harvard Kennedy School')",0.0009053870529651426,0.0,0.1328681844155063,0.00015035263108339637,0.14312457511303056
"('0037499000', 'Civil, Environ Engineer')",0.0009053870529651426,0.0,0.1255862872736576,5.408445803806976e-06,0.13380879493623424
"('0037499000', 'Physics & Astronomy')",0.0009053870529651426,0.0,0.1255862872736576,5.408445803806976e-06,0.13380879493623427
"('0037499000', 'Office of Research Computing')",0.0009053870529651426,0.0,0.1255862872736576,5.408445803806976e-06,0.1338087949362343
"('0031849000', 'Center for Risk and Crisis Management')",0.00022634676324128565,0.0,0.09875936067955739,4.760552306039869e-08,0.10322995498476266
"('0037283000', 'Computer Science')",0.0004526935264825713,0.0,0.11683503464325382,1.169687741316832e-05,0.12375549848920836
"('0029728000', 'Dept. of Chemical & Biomolecular Eng.')",0.0011317338162064282,0.0010244751063973087,0.14942839748359601,1.995973637452188e-05,0.16181041557908812
"('0014480000', 'Chemistry')",0.00022634676324128565,0.0,0.11458360349612262,8.625431466816872e-07,0.12198952484964869
"('0020537000', 'School of Biology and Ecology')",0.0018107741059302852,0.0031645501510532835,0.10359219658600638,1.5574193688412995e-07,0.10947965069323334
"('0036962000', 'Department of Biology')",0.0009053870529651426,0.0,0.10357519634274998,1.4895694318348754e-07,0.10891378378513014
"('0020537000', 'School of Economics')",0.0015844273426889996,0.0049683550109340295,0.11550930767621836,1.1603026841884893e-06,0.12305114563772288
"('0036962000', 'Nutrition and Food Sciences')",0.0009053870529651426,0.0,0.10357519634274998,1.4895694318348754e-07,0.10891378378513014
"('7203577584', 'Computer Information Systems')",0.0009053870529651426,0.0,0.10357519634274998,1.4895694318348754e-07,0.1089137837851301
"('0028357000', 'CS')",0.00022634676324128565,0.0,0.12155729811528408,5.31064929051147e-06,0.12790795731606022
"('0025205000', 'Unknown Dept')",0.000679040289723857,0.0004526935264825713,0.13837384114257079,5.773045821970629e-05,0.1481760097706222
"('0037457000', 'Biocomplesity Insitute & Initiative')",0.0009053870529651426,0.00022624427432879241,0.11160229368226943,5.291837260154335e-07,0.11745165473046652
"('0015982001', 'Computer Science')",0.0011317338162064282,0.00013054653155100533,0.14920131032386613,0.0009397782308212949,0.1664190155702142
"('0027110000', 'Civil and Environmental Engineering')",0.0022634676324128564,0.0121509554574995,0.15042560435818864,0.00015359747969744735,0.16979418084556
"('0027110000', 'Biol. & Environmental Eng.')",0.00022634676324128565,0.0,0.1307603516145263,1.4136222319183267e-05,0.14209380754446985
"('0037499000', 'VSE/ ECE')",0.00022634676324128565,0.0,0.09725279563264946,1.6301924526118572e-08,0.1013071452605222
"('0016717000', 'Physics')",0.0004526935264825713,0.0,0.09732563774948232,7.023128064240392e-08,0.10163631164782666
"('0012161000', 'Mathematics & Physics')",0.0004526935264825713,0.0,0.09732563774948232,7.023128064240392e-08,0.10163631164782669
"('0037713000', 'Mathematics, Science Education')",0.001358080579447714,0.0009051820751401561,0.10781394894821611,6.934089984260256e-07,0.1141184276479708
"('0013169000', 'Department of Mathematics')",0.0009053870529651426,0.0,0.14912576790656856,5.813836850580058e-05,0.16098316262983425
"('0013169000', 'Mathematics')",0.0009053870529651426,0.0,0.14912576790656856,5.813836850580058e-05,0.1609831626298343
"('0018408000', 'CBE')",0.0009053870529651426,0.0,0.14912576790656856,5.813836850580058e-05,0.1609831626298343
"('0029207000', 'Department of Biostatistics and Bioinfor')",0.00022634676324128565,0.0,0.11999565429952741,0.00034992195581205055,0.127509736806597
"('4069415000', 'Biologics')",0.000679040289723857,0.0,0.14971196204676382,2.8601597520612727e-05,0.16210097746426277
"('0017400000', 'Surgery')",0.000679040289723857,0.0,0.14971196204676382,2.8601597520612727e-05,0.16210097746426277
"('0014456000', 'Department of Spanish and Portuguese')",0.0004526935264825713,0.0009051820751401561,0.0933248838191804,5.288591839274574e-09,0.09817889339317232
"('0031849000', 'Department of Botany and Microbiology')",0.00022634676324128565,0.0,0.10808827127269169,1.5094999057938372e-07,0.11394993296439111
"('0016105000', 'Oceanography')",0.0004526935264825713,0.0004526935264825713,0.10747822702281905,2.045883661565406e-07,0.1132470576191765
"('0016105000', 'Mathematics')",0.0011317338162064282,0.0009051820751401561,0.09706690102164121,2.1498869312449584e-08,0.10141422653821595
"('0022335000', 'Business')",0.0004526935264825713,0.0,0.13787292472849833,0.030940052335696817,0.1507797563082747
"('4006821000', 'Statistics and Epidemiology')",0.0004526935264825713,0.0,0.11882732651963421,1.0624912355216892e-05,0.12565390565017712
"('6250001303', 'Research')",0.0004526935264825713,0.0,0.11882732651963421,1.0624912355216892e-05,0.12565390565017717
"('0002121000', 'Information Technology')",0.0011317338162064282,0.0,0.14172975747465674,0.0005581756491706248,0.15505775347332468
"('0036327000', 'Occupational and Environmental Health')",0.001358080579447714,0.0,0.13488840716880895,2.2363283858161334e-05,0.14774023383688276
"('0036327060', 'Computer Science')",0.0018107741059302852,0.010309081460625022,0.14712444636851044,2.610111946170182e-05,0.16277225867538095
"('0015693000', ""College of Engineering Dean' Office"")",0.0004526935264825713,0.0,0.11840694682675815,3.6104152761056666e-06,0.12486965181340422
"('0015693000', 'College of Engineering')",0.0004526935264825713,0.0,0.11840694682675815,3.6104152761056666e-06,0.12486965181340422
"('4003045000', 'Computing Research Organization')",0.0009053870529651426,0.0,0.15625110521662247,0.00011263496529460142,0.17046217514189277
"('0029728000', 'Engineering Office of Academic Affairs')",0.00022634676324128565,0.0,0.1097694295368714,2.8720546777637093e-07,0.11516335068281512
"('0013706000', 'Geography')",0.0015844273426889996,0.015297904470450461,0.1541359941387852,1.8565958049792977e-05,0.1707211222206682
"('0020297000', 'Anthropology')",0.00022634676324128565,0.0,0.11291724173184071,4.9269686689324806e-08,0.11877491629641872
"('0015354000', 'Biology')",0.0009053870529651426,0.0049683550109340295,0.14709505576827034,0.00027435792519167677,0.16118427621369952
"('0016410000', 'Education, Counseling, and Leadership')",0.0004526935264825713,0.0,0.12827361941815227,2.8280173294446284e-05,0.13714866882023904
"('0027078000', 'Applied Physics and Applied Mathematics')",0.002489814395654142,0.0016879895868704708,0.13112126788152192,1.0558835354410654e-05,0.14163123042140605
"('0027078000', 'Department of Applied Physics and Applie')",0.001358080579447714,0.0006028505416254465,0.12934769879376976,5.805419872430772e-06,0.13866622663589548
"('0027078000', 'Seismology Department')",0.000679040289723857,0.0,0.12929091920049166,5.332907429112155e-06,0.13815532965600805
"('0034710000', 'Department of Plant Science')",0.0009053870529651426,0.0,0.12552206153933573,5.355699399544376e-06,0.13400888131535427
"('0036962000', 'CDAE & Computer Science')",0.0009053870529651426,0.0,0.12552206153933573,5.355699399544376e-06,0.13400888131535427
"('6250021712', 'Science Dept')",0.00022634676324128565,0.0,0.11623257037621679,1.547533589794066e-06,0.12316097016154211
"('0017392000', 'Unknown Dept')",0.0011317338162064282,0.005936600495134855,0.15116159715331715,0.023821729140798248,0.1672514749472638
"('0027078000', 'Economics')",0.0011317338162064282,0.0004526935264825713,0.1432833884672764,2.3642272580582954e-05,0.15377806075519881
"('0027078000', 'Department of Economics')",0.00022634676324128565,0.0,0.12532977787864175,2.176945296705736e-06,0.13190600833199234
"('4007712000', 'Computer Science Laboratory')",0.00022634676324128565,0.0,0.11298076923076923,1.0052482272328695e-05,0.1201734585415642
"('0033787000', 'Department of Statistics and Data Scienc')",0.0004526935264825713,0.0004526935264825713,0.13044762017243416,4.4689994511541063e-05,0.13952325402076313
"('0026278000', 'Computer Science')",0.0004526935264825713,0.0004526935264825713,0.12002173322466721,1.4049878205289898e-06,0.127575423356885
"('4004149000', 'Office of the Provost')",0.00022634676324128565,0.0,0.10716278167220511,1.3141023034812564e-07,0.1122497621129539
"('0034702000', 'Department of Geology and Geological Eng')",0.000679040289723857,0.0,0.14458698782563162,2.5505151740880817e-05,0.15593728802759943
"('0023259000', 'Materials Science')",0.0004526935264825713,0.0,0.12222652575665358,1.1563799245833002e-06,0.13014828652560628
"('0013177000', 'Electrical & Computer Engineering 0407')",0.0009053870529651426,0.0,0.1279170768428977,1.781346258280144e-05,0.1366652951193463
"('0039446000', 'Electrical & Computer Engineering')",0.0009053870529651426,0.0,0.1279170768428977,1.781346258280144e-05,0.1366652951193463
"('0033795000', 'Information Sciences')",0.0018107741059302852,0.002231084657374237,0.13756811458819865,0.00013481470851033466,0.14842145493458275
"('0096354000', 'Electrical & Computer Engineering')",0.00022634676324128565,0.0,0.11656376972191441,5.81361053497946e-06,0.12300075999147923
"('0025650000', 'Electrical and Computer Engieering')",0.0009053870529651426,0.0004526935264825713,0.13193967448111094,6.179253134075063e-05,0.1419694824063311
"('0019281000', 'Academic Affairs and Innovation')",0.0004526935264825713,0.0,0.11086852869582675,1.7068728441506476e-06,0.1168549752454492
"('5300002935', 'Unknown Dept')",0.0015844273426889996,0.002262032787637951,0.12468250832533724,1.6695717086667063e-05,0.13373793445375576
"('0032102000', 'Physical Oceanography Program - CEOAS')",0.00022634676324128565,0.0,0.11304147583348259,1.867383732770096e-07,0.1193003034528671
"('0027854000', 'Mech. & Aero. Eng., Civil & Urban Eng.')",0.000679040289723857,0.00048665088789839536,0.12965136753140039,0.00012603530380870276,0.13930015522930758
"('0018093000', 'Department of Physics')",0.000679040289723857,0.0,0.12871085214857975,1.089225763289175e-05,0.13702636204899618
"('0033787000', 'Department of Statistics')",0.00022634676324128565,0.0,0.11539767532976361,4.110479342248903e-06,0.12132259150989295
"('0013151000', 'Anthropology UCLA')",0.00022634676324128565,0.0,0.09975614161849711,4.171186612809519e-08,0.10504695840033984
"('0013151000', 'Mathematics')",0.0015844273426889996,0.0029386133434619707,0.11080735371573323,4.489610659929801e-07,0.11892488567687504
"('0013052000', 'Applied Physics')",0.0009053870529651426,0.0,0.09670146868912383,7.388256130068718e-09,0.10068600165425391
"('0013052000', 'Unknown Dept')",0.0009053870529651426,0.0009051820751401561,0.10704853286811562,6.59109433161187e-08,0.112711087905811
"('0011312000', 'Electrical Engineering')",0.0004526935264825713,0.0,0.09670146868912383,6.764027150659207e-09,0.10068600165425388
"('0028944000', 'Warner School of Education & Human Devel')",0.00022634676324128565,0.0,0.10995520159283226,3.945072542534698e-07,0.11601780509557388
"('0013144000', 'Physics and Astronomy')",0.002489814395654142,0.0037910922875136715,0.12688839106209432,0.20163669919357224,0.13826982584338754
"('0027854000', 'Technology Management & Innovation')",0.0011317338162064282,0.00635563597979132,0.14532416696819184,8.598422932605686e-05,0.15866353982017062
"('0022905000', 'NSCL')",0.00022634676324128565,0.0,0.13611855685984534,0.00013876953588915872,0.15038090423129485
"('0013128000', 'Department of Physics')",0.0018107741059302852,0.0067688802256149925,0.1422958000515331,5.1081599449761626e-05,0.15541033396963547
"('0013151000', 'Physics and Astronomy')",0.0009053870529651426,0.0,0.14222708688793742,4.8887693143008886e-05,0.15476901814045185
"('0013177000', 'Mechanical and Aerospace Engineering')",0.0015844273426889996,0.006249898714411419,0.12570420531497184,7.6559694885242e-05,0.13605040965271747
"('0033795000', 'Information Culture and Data Stewardship')",0.0009053870529651426,0.0,0.13121083424905705,0.00019255196691052314,0.1403531230602302
"('7203582844', 'Unknown Dept')",0.0009053870529651426,0.0,0.13121083424905705,0.00019255196691052314,0.14035312306023023
"('7203582901', 'Unknown Dept')",0.0009053870529651426,0.0,0.13121083424905705,0.00019255196691052314,0.14035312306023023
"('0013052000', 'Electrical Eng. and Computer Science')",0.00022634676324128565,0.0,0.09669723565847359,6.578978122627088e-09,0.10053510381209305
"('0022905000', 'Program in Mathematics Education')",0.000679040289723857,0.0,0.13810997530401076,0.0001826794218012698,0.15366494100333514
"('0022905000', 'Teacher Education')",0.000679040289723857,0.0,0.13810997530401076,0.0001826794218012698,0.15366494100333514
"('0036582000', 'Oden Institute for Computational Enginee')",0.0004526935264825713,0.0,0.12519836771707096,1.9580950855733454e-06,0.1331849123804824
"('0028365000', 'Physics, Applied Physics and Astronomy')",0.0009053870529651426,0.0009051820751401561,0.12520546392336904,1.992225573449269e-06,0.13341125914372365
"('0032102000', 'College of Earth Ocean & Atmospheric Sci')",0.00022634676324128565,0.0,0.11304147583348259,1.867383732770096e-07,0.1193003034528671
"('7203596476', 'Unknown Dept')",0.0004526935264825713,0.0,0.148484237413457,7.204580617878153e-05,0.16178664653087377
"('0016105000', 'Information & Computer Sciences')",0.0004526935264825713,0.010365749775848924,0.1363748610939622,2.0788267063983444e-05,0.1471011653956415
"('0013177010', 'Integrative Oceanography Division, 0230')",0.00022634676324128565,0.0,0.10596757171639642,7.25935662948394e-08,0.11102606203862915
"('0013177010', 'CASPO')",0.0015844273426889996,0.0026752629438538183,0.11852448021462106,7.88119600550299e-07,0.1262618662460213
"('0030775000', 'Department of Geology')",0.00022634676324128565,0.0,0.10585585585585586,3.145848249516825e-07,0.1109612384415648
"('6250013252', 'Unknown Dept')",0.0009053870529651426,0.004517711262701322,0.12568990042674252,2.599607933702584e-05,0.13585371798364
"('0038950000', 'Agricultural & Applied Economics')",0.0009053870529651426,0.0,0.12726487109318738,0.0001442715705776415,0.13669179583054578
"('0038950000', 'Agricultural and Applied Economics')",0.0009053870529651426,0.0,0.12726487109318738,0.0001442715705776415,0.13669179583054578
"('0038950000', 'School of Economics')",0.0009053870529651426,0.0,0.12726487109318738,0.0001442715705776415,0.13669179583054578
"('6250023369', 'Unknown Dept')",0.0009053870529651426,0.0,0.12726487109318738,0.0001442715705776415,0.13669179583054578
"('0016923000', 'Geography, Geology and the Environment')",0.0018107741059302852,0.0005579047758255231,0.12107426692244451,3.7555236637250935e-06,0.1296255895027954
"('0029744000', 'Geological Sciences')",0.0018107741059302852,0.001464886857017792,0.12242635852245962,3.2718374477997627e-06,0.13112906659760412
"('0038950000', 'Limnology')",0.0009053870529651426,0.0,0.11345951359819205,1.1076014496145513e-06,0.12000989836831774
"('0036137000', 'Earth Sciences')",0.0009053870529651426,0.0,0.11345951359819205,1.1076014496145513e-06,0.12000989836831774
"('0037549000', 'Plant Pathology Phys & Weed Science')",0.00022634676324128565,0.0,0.10984311677979165,1.7280010722301107e-07,0.11513904138361407
"('0037549000', 'Department of Computer Science')",0.0004526935264825713,0.0004526935264825713,0.12339403418612445,1.8777042274040385e-06,0.13133960250302446
"('0017749000', 'Physics')",0.0011317338162064282,0.0009051820751401561,0.12428266006526387,5.733674240713786e-05,0.13251661572168513
"('0017749000', 'Department of Physics')",0.0004526935264825713,0.0,0.11054949454509058,5.806782663695585e-06,0.11616898738050802
"('0017749000', 'Enrico Fermi Institute')",0.0004526935264825713,0.0,0.11054949454509058,5.806782663695585e-06,0.11616898738050802
"('0010553000', 'Electrical & Computer Engineering')",0.00022634676324128565,0.0,0.07631056222471716,2.095820672497991e-11,0.07906761231494619
"('0096354000', 'School of Computing & Information Scienc')",0.00022634676324128565,0.0,0.1129028136260254,2.592517311267369e-05,0.12003003912238744
"('0036327000', 'Psychological and Brain Sciences')",0.001358080579447714,0.0003900671286214444,0.14301437265311406,7.352091329503656e-06,0.15597455773440258
"('0033290000', 'Geosciences')",0.0015844273426889996,0.007593113037196596,0.15031301034295047,4.979546862638543e-05,0.16545393455194143
"('0031310000', 'Chemical Engineering')",0.00022634676324128565,0.0,0.11008122788657995,2.0078813087530286e-06,0.11587079612204017
"('0035303000', 'Anthropology Department')",0.00022634676324128565,0.0,0.1253048953429009,3.499879370123057e-05,0.13492307199867087
"('0023879000', 'Department of Applied Economics')",0.000679040289723857,0.0,0.1522713172950989,0.00012496050058455083,0.16692798235917167
"('0017756000', 'Crop Sciences')",0.0022634676324128564,0.002996565102550673,0.12585101837345108,9.964321468655349e-06,0.13664928043889063
"('0017756000', 'Department of Evolution, Ecology and Beh')",0.00022634676324128565,0.0,0.11178584079753048,9.170330366369672e-07,0.11854246869109086
"('0018259000', 'Technology Leadership & Innovation')",0.00022634676324128565,0.0,0.15173266476628774,9.975072204255942e-05,0.16565380195982163
"('0011536000', 'Mathematics')",0.000679040289723857,0.0,0.09977191120345069,9.534563750757902e-08,0.10541665811363393
"('0013151000', 'Department of Mathematics')",0.001358080579447714,0.0015808402307517368,0.11079901690324523,4.790451683461934e-07,0.11858536553201314
"('0010819000', 'Electrical, Computer & Energy Engineerin')",0.0011317338162064282,0.000498308820459387,0.12834814943931208,0.0006027853963100899,0.1394627535584976
"('0010819000', 'Ira A. Fulton Schools of Engineering')",0.000679040289723857,0.0,0.12644895389106728,0.0004408473569289302,0.13663040596041884
"('0013052000', 'Department of Applied Physics')",0.000679040289723857,0.0013574656459727544,0.1418981853219849,0.0005545354811641137,0.15461097425787215
"('0037424000', 'Unknown Dept')",0.00022634676324128565,0.0,0.11071016889690773,5.609974206375419e-07,0.11601461128928858
"('0025205000', 'Department of Anthropology')",0.000679040289723857,0.0009052845640526493,0.124489278367945,6.000766416360857e-06,0.1324141893517168
"('4001443000', 'Engineering Test and Tech')",0.0004526935264825713,0.0,0.12520191571967013,1.957949124769819e-06,0.1332037746107525
"('0013177010', 'IGPP')",0.0004526935264825713,0.0014480339409688244,0.11498919861534057,4.684917239793955e-07,0.12234538723584154
"('0021998000', 'Khoury College of Computer Science')",0.000679040289723857,0.0,0.13551315870192013,1.2547025814747997e-05,0.1458936843047289
"('0021998000', 'Counseling & Applied Educational Psych')",0.000679040289723857,0.0,0.13551315870192013,1.2547025814747997e-05,0.14589368430472888
"('0025734000', 'Unknown Dept')",0.0009053870529651426,0.0009051820751401561,0.13552147239263804,1.264908885353068e-05,0.14604458214688973
"('0010819000', 'Mary Lou Fulton College of Education')",0.000679040289723857,0.0,0.1485841124638461,0.0016420673873345495,0.165135694243887
"('0010819000', 'Educational Leadership and Innovation')",0.000679040289723857,0.0,0.1485841124638461,0.0016420673873345495,0.16513569424388705
"('0026294000', 'Graduate School of Education')",0.000679040289723857,0.0,0.1309968570242543,8.815438330688455e-05,0.14363437980459146
"('0029769000', 'Teacher Education')",0.0015844273426889996,0.005174705527945767,0.13138251999881048,9.21923202188465e-05,0.1448490747721158
"('0036582000', 'Jackson School of Geosciences')",0.00022634676324128565,0.0,0.12366689993002099,3.538673061719075e-07,0.1309483095245881
"('0023879000', 'Department  of Plant Pathology')",0.000679040289723857,0.0,0.13374909178977962,5.747007711915588e-06,0.14365653146209922
"('0029728000', 'Electrical and Computer Engineering')",0.0011317338162064282,0.009399965218208078,0.13641697029580682,6.216720998877103e-06,0.14836800629580105
"('0029728000', 'Applied Ecology')",0.0009053870529651426,0.001084092199083674,0.13533466074437125,5.947745202611778e-06,0.14567803995712517
"('0022905000', 'Plant Biology')",0.0015844273426889996,0.003385260024107442,0.13624448761834274,0.00018283930289875452,0.15159185941463574
"('0015982001', 'Crop & Soil Sciences')",0.0009053870529651426,0.0,0.11995981427679274,4.1235788120099334e-05,0.12991580236041317
"('0001289000', 'DBMI')",0.001358080579447714,0.0029340525868560225,0.13624448761834274,0.0001815239061553677,0.1515164104935553
"('7203585737', 'Unknown Dept')",0.0009053870529651426,0.0,0.11995981427679274,4.1235788120099334e-05,0.12991580236041317
"('0013284000', 'Computer Science Department')",0.00022634676324128565,0.0,0.10519799033264281,1.5009211340805392e-07,0.10955291636778347
"('0037986000', 'Department of Civil and Environmental En')",0.000679040289723857,0.0,0.10344666104711062,2.0495502723219033e-07,0.10971005807703114
"('0037986000', 'Industrial & Systems Engineering')",0.0009053870529651426,0.0004526935264825713,0.10344908328845388,2.0656192615042002e-07,0.10982323145865179
"('0037986000', 'Environmental & Occupational Health Scie')",0.000679040289723857,0.0,0.10344666104711062,2.0495502723219033e-07,0.10971005807703117
"('0014266000', 'Mechanical Engineering and Materials Sci')",0.00022634676324128565,0.0,0.12160079268963998,5.448797817876077e-06,0.12898346843287953
"('0026633000', 'Electrical and Computer Engineering')",0.0004526935264825713,0.0,0.10396517237322038,5.191912045323439e-07,0.10947372548259768
"('0026633000', 'Electrical Engineering')",0.001358080579447714,0.0013574656459727544,0.11601890756302521,4.951158032565333e-06,0.1242323103685712
"('0020297000', 'River-Coastal Science and Engineering')",0.00022634676324128565,0.0,0.1016660530191458,2.4790239840192944e-08,0.10610184218950278
"('0018929000', 'IIHR-Hydroscience & Engineering')",0.0009053870529651426,0.0004526935264825713,0.11316888239965163,2.682985619809024e-07,0.11970736520556066
"('0023259000', 'Microbiology & Immunology')",0.00022634676324128565,0.0,0.09641656846056479,8.345909679761809e-09,0.10042959971810339
"('0010819000', 'School of Earth & Space Exp')",0.000679040289723857,0.0,0.10526566595187038,5.191802784073199e-06,0.11115452030741622
"('0013789000', 'Geological Sciences')",0.000679040289723857,0.0,0.10526566595187038,5.191802784073199e-06,0.11115452030741622
"('0015354000', 'Geological Sciences')",0.000679040289723857,0.0,0.10526566595187038,5.191802784073199e-06,0.11115452030741622
"('0032102000', 'College Of Forestry')",0.0009053870529651426,0.0,0.1029812824875877,9.127664443083118e-08,0.10771136430504333
"('0013144000', 'School of Social Ecology')",0.0015844273426889996,0.002261417854162992,0.11478902515069632,7.01216035903994e-07,0.12140082195503817
"('0013144000', 'Civil Engineering - Water Resources')",0.0009053870529651426,0.0,0.1029812824875877,9.127664443083118e-08,0.10771136430504333
"('0037499000', 'Geography & Geoinformation Science')",0.0009053870529651426,0.0,0.1029812824875877,9.127664443083118e-08,0.10771136430504333
"('0022905000', 'Mechanical Engineering')",0.0022634676324128564,0.005421765959804053,0.13621928282921716,0.00016646929044691967,0.15165599099755414
"('0030908000', 'Department of Electrical and Computer En')",0.0004526935264825713,0.0,0.11989470541941437,1.6865610998179167e-05,0.12938173178333673
"('0022905000', 'Computer Science And Engineering')",0.0004526935264825713,0.0,0.11989470541941437,1.6865610998179167e-05,0.12938173178333673
"('0010751000', 'Mathematics')",0.000679040289723857,0.0004526935264825713,0.13372480174344695,0.0002842906135964802,0.14507759166541395
"('0013482000', 'Physics')",0.0009053870529651426,0.0004526935264825713,0.07442722371967656,1.467587055966936e-11,0.07731518519010742
"('0029207000', 'Pulmonary')",0.0004526935264825713,0.0,0.12368421052631579,5.038335360169584e-06,0.13166859924442492
"('0029207000', 'Medicine')",0.0004526935264825713,0.0,0.12368421052631579,5.038335360169584e-06,0.1316685992444249
"('0039545000', 'Florida Space Institute')",0.0004526935264825713,0.0,0.10490324112548972,1.7766374617894037e-07,0.1103840437575408
"('0039545000', 'FLORIDA SPACE INSTITUTE')",0.0004526935264825713,0.0,0.10490324112548972,1.7766374617894037e-07,0.11038404375754078
"('0028381000', 'School of Journalism')",0.0015844273426889996,0.0007832378166428626,0.10004528985507247,1.2913678212773825e-05,0.10629799513023283
"('0028381000', 'School of Communication and Journalism')",0.000679040289723857,0.0,0.09097461030002266,1.662307202014071e-06,0.09559505500460508
"('0021782000', 'Computer Science Artificial Intellegienc')",0.00022634676324128565,0.0,0.09830229401686581,2.7144690703631544e-07,0.10326664624723154
"('0021782000', 'Lab. for Information & Decision Systems')",0.0011317338162064282,0.0004526935264825713,0.10901643389429008,2.9517324780584647e-06,0.11650474891627287
"('0032896000', 'Mechanical Engineering & Mechanics')",0.0009053870529651426,0.0,0.11639793445041627,1.3797568311403903e-06,0.12273066610719352
"('0013979000', 'Mechanical and Industrial Engineering')",0.001358080579447714,0.002713086491520631,0.1317076079179585,1.0806330589577385e-05,0.14114360879299742
"('0032896000', 'Library & Technology Services')",0.0009053870529651426,0.0,0.11639793445041627,1.3797568311403903e-06,0.12273066610719352
"('0032896000', 'Dept. of Chemistry')",0.0009053870529651426,0.0,0.11639793445041627,1.3797568311403903e-06,0.12273066610719352
"('0014316000', 'Computer & Information Sciences')",0.0015844273426889996,0.0004526935264825713,0.12937800163992036,1.4577077943237491e-05,0.13885854412676465
"('0034488000', 'Pharmacy')",0.00022634676324128565,0.0,0.11455983404641515,1.3531674859614333e-06,0.12057877229301539
"('0029066000', 'Geology')",0.00022634676324128565,0.0,0.0879256473023265,8.17304193873581e-09,0.09148627529828347
"('0096354000', 'School of Universal Computing, Construct')",0.0004526935264825713,0.0,0.1464562752768017,0.00021812086984480882,0.15989861830739957
"('0033290000', 'Dept. of Computer Science & Engineering')",0.0018107741059302852,0.003183308147861207,0.15030278288086005,3.225988915469998e-05,0.16391678087015232
"('0033290000', 'Learning and Performance Systems')",0.0004526935264825713,0.0,0.13068299464607921,3.3062848420700647e-06,0.13912149542525218
"('0030775000', 'Discovery Center for Evaluation, Researc')",0.0009053870529651426,0.0013574656459727544,0.1306945923559342,3.3650641004713535e-06,0.13938556664903362
"('0013128000', 'Materials Science and Engineering')",0.0004526935264825713,0.0,0.11954757008334235,4.337955936376645e-06,0.12646777452968047
"('0033795000', 'Department of Physics and Astronomy')",0.0004526935264825713,0.0,0.13233488093455145,2.5103925215992294e-05,0.14215048193092447
"('0015982000', 'Department of Statistics')",0.0009053870529651426,0.0,0.1491811581968597,0.0008161131035967417,0.16619266880697295
"('0015982001', 'Graduate School')",0.0009053870529651426,0.0,0.1491811581968597,0.0008161131035967417,0.16619266880697295
"('0022905000', 'Computer Science and Engineering')",0.0009053870529651426,0.0018095442389803665,0.12459108855047941,5.831743111805463e-06,0.1328343378366009
"('0025171000', 'Biological Sciences')",0.0004526935264825713,0.0,0.09079325935059597,6.773040967615578e-09,0.09440429562952705
"('0025171000', 'Department of Mining Engineering')",0.0004526935264825713,0.0,0.09079325935059597,6.773040967615578e-09,0.09440429562952707
"('0029744000', 'UNC Institute for the Environment')",0.00022634676324128565,0.0,0.122179203539823,7.931110489207684e-06,0.1297929420184961
"('0023259000', 'Rackham Graduate School')",0.0004526935264825713,0.0,0.1193537929543981,8.686035093541734e-07,0.12708481787816317
"('6250036404', 'Unknown Dept')",0.000679040289723857,0.0,0.10504041844983357,1.2271777722619324e-06,0.11163891960582474
"('0021303000', 'Earl Center for Learning & Innovation')",0.001358080579447714,0.0016212081804918967,0.11736577849799432,1.211590631162505e-05,0.12749602101934038
"('0023291000', 'Office of the Provost')",0.0015844273426889996,0.0,0.11574534975111345,6.686785061846916e-07,0.12362573507571852
"('0023291000', 'Department of Engineering Technology')",0.002489814395654142,0.0029578923814228297,0.1260413100536346,1.8121887996618581e-06,0.13639565151811156
"('0023291000', 'Geology')",0.0018107741059302852,0.0006848775235677258,0.11936669188371339,9.623511640149158e-07,0.12840484384984777
"('0023291000', 'Office for Teaching & Learning')",0.0015844273426889996,0.0,0.11574534975111345,6.686785061846916e-07,0.12362573507571853
"('0023291000', 'Communication')",0.0015844273426889996,0.0,0.11574534975111345,6.686785061846916e-07,0.12362573507571853
"('0015693000', 'Civil and Environmental Engineering')",0.0022634676324128564,0.008538491290028512,0.13636644237298598,5.5548918583363566e-05,0.1482233632018593
"('0015693000', 'DuPree College of Management')",0.0009053870529651426,0.0,0.13290815559098704,4.770491047044218e-05,0.14276894701294818
"('0015693000', 'School of Civil and Evironmental Eng')",0.0009053870529651426,0.0,0.13290815559098704,4.770491047044218e-05,0.14276894701294818
"('0013136000', 'Civil and Environmental Engineering')",0.0009053870529651426,0.0,0.13290815559098704,4.770491047044218e-05,0.14276894701294815
"('0037986000', 'School of Aquatic & Fishery Sciences')",0.0004526935264825713,0.0013574656459727544,0.12483752472449845,4.822162501019344e-06,0.1361168349930892
"('0025163000', 'Dept. of Learning, Teaching & Curriculum')",0.000679040289723857,0.0004526935264825713,0.12259622055110025,9.354473439130733e-06,0.13063369374200023
"('0013508000', 'Design & Merchandising')",0.00022634676324128565,0.0,0.10921046126464626,8.62793804060031e-07,0.11450810968309437
"('0029751000', 'Reading & Elementary Education')",0.0004526935264825713,0.0,0.14882937510527203,6.526965096762539e-05,0.16215555419380587
"('4001434000', 'Education and Public Engagement')",0.00022634676324128565,0.0,0.11182545307279539,1.5693066290213132e-06,0.11760949891009308
"('0010835000', 'Civil Engineering & Engineering Mechanic')",0.00022634676324128565,0.0,0.09738356073798135,2.483457546727361e-08,0.10084648983039059
"('0010835000', 'Systems and Industrial Engineering')",0.0009053870529651426,0.0004526935264825713,0.10788766788766789,2.6989760609666006e-07,0.11275219165068029
"('0022301000', 'Physical Oceanography Department')",0.00022634676324128565,0.0,0.09883447797588421,1.7682191616523426e-08,0.10372947684010128
"('0018697000', 'Civil, Construction & Environmental Engr')",0.0015844273426889996,0.0026970521576619427,0.13856045162302022,0.0002766192919536831,0.1511536442783601
"('0018697000', 'Dept. of Civil, Const., & Environ. Eng.')",0.000679040289723857,0.0,0.13776973930397904,0.0002423146185836709,0.14973191387858553
"('0015354000', 'Department of Electrical and Computer En')",0.00022634676324128565,0.0,0.13847359348064567,8.408705852575691e-05,0.14876236760573516
"('0023259000', 'Combined Prog. in Educ. & Psych.')",0.0004526935264825713,0.0,0.12455947447066452,1.4486690073354959e-06,0.1316667233113653
"('0026906000', 'Unknown Dept')",0.0004526935264825713,0.0,0.12455947447066452,1.4486690073354959e-06,0.1316667233113653
"('0026633000', 'Mechanical Engineering')",0.0009053870529651426,0.0,0.11600976813801434,4.857317693683582e-06,0.12396823914478977
"('0026633000', 'Chemical and Biological Engineering')",0.0015844273426889996,0.00045291781718015964,0.1219195849546044,5.962829560921144e-06,0.1308873725238595
"('0026633000', 'Computer Science')",0.003847894975101856,0.008798974182300343,0.13120693751484913,3.591454167168774e-05,0.14373258274344644
"('0026633000', 'Civil, Construction and Environmental En')",0.0009053870529651426,0.0,0.11600976813801434,4.857317693683582e-06,0.12396823914478977
"('0010835000', 'Electrical & Computer Engineering')",0.001358080579447714,0.003071230205743908,0.14276942963322023,5.912081858294164e-05,0.15474214809886946
"('6250030588', 'Unknown Dept')",0.0004526935264825713,0.0,0.131770460510618,1.7084354226096766e-05,0.1415243689462786
"('7203581108', 'Unknown Dept')",0.00022634676324128565,0.0,0.11191610092207924,2.8018084528361263e-07,0.1175557109425569
"('0023259000', 'Department of Chemistry')",0.000679040289723857,0.0,0.11753125831338122,6.362648259848611e-07,0.12532564348680858
"('0013284000', 'Center for Economic and Social Research')",0.0009053870529651426,0.0,0.14111859967419427,0.0003080415256180097,0.15459821854117833
"('0021030000', 'Survey Methodology')",0.0009053870529651426,0.0,0.14111859967419427,0.0003080415256180097,0.15459821854117833
"('0020776000', 'Department of Mental Health')",0.0009053870529651426,0.0,0.14111859967419427,0.0003080415256180097,0.15459821854117833
"('0020776000', 'Mental Health')",0.0009053870529651426,0.0,0.14111859967419427,0.0003080415256180097,0.15459821854117833
"('0022905000', 'Chemical Engineering & Materials Science')",0.0015844273426889996,0.0013574656459727544,0.12464381436027648,2.810216112275733e-05,0.13540108813672092
"('5300016026', 'Senior Scientist')",0.0011317338162064282,0.0,0.1246332656285263,2.7620172932207352e-05,0.13513701691293944
"('6250007332', 'Unknown Dept')",0.0011317338162064282,0.0,0.1246332656285263,2.7620172932207352e-05,0.13513701691293944
"('5300016026', 'Unknown Dept')",0.0011317338162064282,0.0,0.1246332656285263,2.7620172932207352e-05,0.13513701691293944
"('4012746000', 'Unknown Dept')",0.00022634676324128565,0.0,0.07090809873848425,2.423950297631336e-12,0.07315927951100681
"('0036046000', 'Electrical & Computer Engineering')",0.0004526935264825713,0.0004526935264825713,0.14900003372567536,2.3283924513057737e-05,0.16084267889949075
"('0026393000', 'Office of Undergraduate Academics')",0.000679040289723857,0.0,0.12233482859832752,4.286795299813508e-06,0.13222855738367112
"('0037986000', 'School of Social Work')",0.000679040289723857,0.0,0.12233482859832752,4.286795299813508e-06,0.13222855738367112
"('0013144000', 'Political Science')",0.0004526935264825713,0.0,0.11407177898270075,3.678559178713968e-07,0.12058402704855667
"('0027110000', 'Government')",0.000679040289723857,0.002021453438662425,0.11446188921705788,3.8544007075971394e-07,0.12163210564869506
"('0028829000', 'Unknown Dept')",0.0018107741059302852,0.008200922732497692,0.12835187821388105,3.576156602490561e-06,0.13809111477423527
"('0018259000', 'Electrical & Computer Engineering')",0.000679040289723857,0.0009051820751401561,0.1345105799969554,1.666640057996817e-05,0.14374242841309326
"('0022905000', ""Nat'l Superconducting Cyclotron Laborato"")",0.000679040289723857,0.0,0.13614372438445657,0.0001709198533276607,0.15075814883669697
"('0022905000', 'NSCL/ Physics & Astronomy')",0.000679040289723857,0.0,0.13614372438445657,0.0001709198533276607,0.15075814883669697
"('0036046000', 'Department of Political Science')",0.0009053870529651426,0.0,0.14701673821170677,3.526338492078594e-05,0.15827557960876096
"('0036046000', 'Psychology')",0.0009053870529651426,0.0,0.14701673821170677,3.526338492078594e-05,0.15827557960876096
"('7203582775', 'Unknown Dept')",0.0009053870529651426,0.0,0.14701673821170677,3.526338492078594e-05,0.15827557960876093
"('0011643000', 'Unknown Dept')",0.001358080579447714,0.009834017140182772,0.13711129042269257,0.00010876437052651122,0.14896541452109513
"('0036566000', 'School of Social Work')",0.000679040289723857,0.0,0.12456649843516508,9.155528862512039e-05,0.1335858051962612
"('0033290000', 'Learning Resource Center')",0.0004526935264825713,0.0,0.12267792186155,6.410950588697275e-06,0.13252199009578508
"('0033290000', 'Plastics Engineering Technology')",0.0004526935264825713,0.0,0.12267792186155,6.410950588697275e-06,0.13252199009578508
"('0014811000', 'SNMREC')",0.0011317338162064282,0.0004526935264825713,0.11784161532101038,5.169639654860582e-06,0.12501010445215835
"('0014811000', 'Department of Biological Sciences')",0.00022634676324128565,0.0,0.10542139925551207,4.855093066597384e-07,0.11011882746547635
"('0021550000', 'Harvard Astronomy Department')",0.00022634676324128565,0.0,0.11560905403637316,8.079346111672957e-06,0.12131270179844804
"('0019489001', 'Chemical and Petroleum Engineering')",0.000679040289723857,0.0,0.12112073692290821,2.11228318650694e-06,0.1295166181225546
"('0018408000', 'Dept. of Chem. & Biomolec. Engineering')",0.0011317338162064282,0.0023055777786449463,0.1303706326723324,5.4102113432123084e-06,0.13984287806152843
"('0036327060', 'Materials Science and Engineering, Chemi')",0.000679040289723857,0.0,0.12112073692290821,2.11228318650694e-06,0.12951661812255463
"('0021998000', 'Sociology')",0.0004526935264825713,0.0,0.11537055413380687,1.4973656573345235e-05,0.1221108433591445
"('0021998000', 'School of Law')",0.0004526935264825713,0.0,0.11537055413380687,1.4973656573345235e-05,0.1221108433591445
"('0020776000', 'Dept.of Biophysics')",0.00022634676324128565,0.0,0.122179203539823,7.931110489207684e-06,0.12979294201849612
"('0030908000', 'Department of Anthropology')",0.0004526935264825713,0.0,0.11537055413380687,1.4973656573345235e-05,0.1221108433591445
"('0030908001', 'Anthropology')",0.0004526935264825713,0.0,0.11537055413380687,1.4973656573345235e-05,0.1221108433591445
"('0037986000', 'Linguistics')",0.000679040289723857,0.0,0.10310144454038413,4.6728426893160824e-07,0.1084151813023317
"('0028373000', 'Department of Linguistics')",0.000679040289723857,0.0,0.10310144454038413,4.6728426893160824e-07,0.1084151813023317
"('0013151000', 'UCLA Graduate Division')",0.000679040289723857,0.0,0.10149322306455318,2.1480595423739717e-07,0.1062546122145203
"('0034017000', 'Computer Science Department')",0.0004526935264825713,0.0,0.11100223612472049,8.720987312852615e-07,0.11859550839920763
"('0036756000', 'Department of Chemistry')",0.00022634676324128565,0.0,0.09680105170902717,5.212425044974874e-07,0.10190501885524454
"('7203586800', 'Unknown Dept')",0.00022634676324128565,0.0,0.12526226254607314,5.0291274794879156e-05,0.13431819488292956
"('0030908001', 'Department of Integrated Systems Eng.')",0.0004526935264825713,0.0,0.1307332662602829,0.028354201036818173,0.14248634269005375
"('0010819000', 'School for Engineering of Matter, Transp')",0.0004526935264825713,0.0004526935264825713,0.14384788200436296,0.0013068039628517346,0.15931884372355087
"('0011478001', 'Unknown Dept')",0.0009053870529651426,0.0,0.08182239096212612,1.098327423256934e-09,0.0852192100426158
"('0011478001', 'Biology')",0.0004526935264825713,0.0,0.08182239096212612,1.0043989787245036e-09,0.08521921004261583
"('0011478001', 'Chemistry')",0.001358080579447714,0.0009051820751401561,0.08911030880009682,9.643374306321499e-09,0.09395365642016672
"('0014894000', 'Illinois Natural History Survey, Species')",0.000679040289723857,0.0015968542750264857,0.12136695785945827,0.0045627391186573015,0.13073332242323385
"('0096354000', 'Department: Biological Sciences')",0.0004526935264825713,0.0,0.11290569895221059,5.080451813085495e-05,0.12014321250400806
"('0029207000', 'Program in Education')",0.000679040289723857,0.0,0.11008122788657995,5.75318556096793e-07,0.11543138153029422
"('0001057000', 'Institute for Software Research, SCS')",0.00022634676324128565,0.0,0.11342747111681643,5.8617254311448796e-05,0.11973908812127408
"('0020776000', 'Mechanical Engineering')",0.0018107741059302852,0.00622272275711184,0.13466227749329432,3.1546861517076644e-05,0.14607332459301534
"('0013128000', 'The Lawrence Hall of Science')",0.00022634676324128565,0.0,0.10310144454038413,2.3075468570363832e-07,0.10824542122990076
"('0015354000', 'Spanish and Portuguese Studies')",0.0004526935264825713,0.0,0.12165436722105959,1.0610288667790257e-05,0.1284972562159128
"('0015354000', 'Department of Electrical & Computer Engi')",0.0018107741059302852,0.01098079648001404,0.14719307013160088,0.005444626254353888,0.16154325152740617
"('0032102000', 'Civil & Construction Engineering')",0.0009053870529651426,0.0,0.12586894586894587,7.844008112921377e-06,0.1352765017036179
"('0016105000', 'Civil and Environmental Engineering')",0.0009053870529651426,0.0,0.12586894586894587,7.844008112921377e-06,0.1352765017036179
"('0034256000', 'Teaching & Learning')",0.0004526935264825713,0.0,0.130872682030926,0.00011703604939135496,0.14055029146699538
"('0034256000', 'Human-Centered Computing')",0.0004526935264825713,0.0,0.130872682030926,0.00011703604939135496,0.14055029146699538
"('0023879000', 'Ecology, Evolution and Behavior')",0.001358080579447714,0.0009051820751401561,0.0938861380878509,2.0294173904388865e-08,0.0983572744881741
"('0023259000', 'School for the Environment and Sustainab')",0.0009053870529651426,0.0,0.09388214794194522,1.994530408128403e-08,0.09813092772493283
"('0038950000', 'Forest & Wildlife Ecology')",0.0009053870529651426,0.0,0.09388214794194522,1.994530408128403e-08,0.09813092772493283
"('4007266000', 'Molecular Biosciences')",0.00022634676324128565,0.0,0.13448191890904662,9.542086778806859e-06,0.14303642449296528
"('0015511000', 'Department of Biological Sciences')",0.0004526935264825713,0.0,0.14474330832486976,0.0005856051087645303,0.15802453356210633
"('0013144000', 'Information & Computer Science')",0.001358080579447714,0.0011384438554995215,0.11653609770251379,1.309539850626538e-06,0.1238565002991275
"('0037499000', 'Diversity, Equity, and Inclusion')",0.00022634676324128565,0.0,0.10437535437535438,1.2056754829526777e-07,0.10918656626972086
"('0034256000', 'Engineering and Science Education')",0.0009053870529651426,0.0004526935264825713,0.0913394943042031,5.090214666373719e-08,0.09549749753245255
"('0034256000', 'Clemson University Center for Workforce')",0.000679040289723857,0.0,0.09133760595410378,5.044806952822419e-08,0.09538432415083191
"('0034256000', 'Industrial Engineering')",0.002037120869171571,0.0018095442389803665,0.1005096005096005,4.352024968278093e-07,0.10618550577425155
"('7203577003', 'Aerospace')",0.000679040289723857,0.0,0.09133760595410378,5.044806952822419e-08,0.09538432415083191
"('0036327000', 'Chemistry')",0.000679040289723857,0.00194506067620608,0.12742270419935395,5.5738392246102964e-06,0.13758271147644108
"('0036616000', 'Civil Engineering')",0.0022634676324128564,0.010196845931046103,0.13773108457773484,1.1384949269993332e-05,0.15008147126752783
"('0036616000', 'Center for Environmental Resource Manag')",0.0011317338162064282,0.0,0.1239861925742991,3.7411594543276797e-06,0.13294323628185062
"('0020537000', 'Molecular & Biomedical Sciences')",0.00022634676324128565,0.0,0.11232298578801515,3.5661491708688235e-07,0.11739547006885738
"('0010090000', 'Physics')",0.000679040289723857,0.0004526935264825713,0.14108705371399374,3.784635389769221e-06,0.1525206629043196
"('4010872000', 'Space Science Department')",0.0004526935264825713,0.0,0.14108254829953695,3.7548884202115416e-06,0.152407489522699
"('0020776000', 'Department of Physics and Astronomy')",0.00022634676324128565,0.0,0.118683680322364,2.9015491392569095e-06,0.12587080033039685
"('0036046000', 'Department of Environmental Sci. & Engr.')",0.000679040289723857,0.0,0.1571738589064001,5.563466493082286e-05,0.1703098012344268
"('0017103000', 'Computer Science')",0.0004526935264825713,0.0,0.14387130389475056,0.0014817633867647492,0.1594886037959818
"('0030908000', 'Anthropology')",0.000679040289723857,0.0,0.11820419520547945,0.003749261000106967,0.1273677163980528
"('0030908000', 'EEOB/Mathematics')",0.0009053870529651426,0.0009051820751401561,0.11821052068282763,0.003778774713780628,0.12751861424021363
"('0030908000', 'Veterinary Preventive Medicine')",0.0015844273426889996,0.0022680870342772675,0.12214204749661331,0.004179577621612946,0.13320812806123497
"('0023879000', 'Div of Health Policy and Mgmt')",0.0004526935264825713,0.0,0.08583140675694054,2.0639197614608674e-09,0.08893513835920441
"('P270042206', 'Unknown Dept')",0.0004526935264825713,0.0,0.08583140675694054,2.0639197614608674e-09,0.08893513835920441
"('0037457000', 'ECE')",0.0004526935264825713,0.0,0.13486781854814092,2.1446899698669743e-05,0.1449958182755819
"('0027110000', 'Information Science')",0.000679040289723857,0.0,0.11716035959585244,2.1357627184133182e-06,0.12352447298689925
"('0027110000', 'Labor Relations, Law, and History')",0.000679040289723857,0.0,0.11716035959585244,2.1357627184133182e-06,0.12352447298689923
"('0010637000', 'Department of Space Physics')",0.0004526935264825713,0.0,0.09399600017020553,7.373170442325398e-07,0.09872015991550148
"('0023259000', 'Atmospheric, Oceanic and Space Sciences')",0.0004526935264825713,0.0,0.09399600017020553,7.373170442325398e-07,0.09872015991550148
"('7203580067', 'Unknown Dept')",0.00022634676324128565,0.0,0.0885956644674835,1.0597277317345713e-09,0.0920982263002184
"('5300004772', 'Engineering Science and Mechanics')",0.0009053870529651426,0.0,0.1610234355067974,0.0001757175104924276,0.1765439775002912
"('7203582706', 'Unknown Dept')",0.0009053870529651426,0.0,0.1610234355067974,0.0001757175104924276,0.17654397750029116
"('0030908001', 'Environment and Natural Resources')",0.00022634676324128565,0.0,0.130320639509159,0.02547771349406981,0.1416244367523217
"('0026294000', 'Mechanical & Aerospace Engineering')",0.00022634676324128565,0.0,0.06381442107695863,8.055448249659456e-13,0.06625377385381616
"('0017756000', 'Dept. of Civil and Environmental Eng.')",0.0004526935264825713,0.0,0.1308416750577504,7.910505629780425e-06,0.1400510114351212
"('6250036498', 'Unknown Dept')",0.0004526935264825713,0.0,0.1308416750577504,7.910505629780425e-06,0.1400510114351212
"('0010819000', 'Mechanical and Aerospace Engineering')",0.00022634676324128565,0.0,0.12576145744378026,0.00012299241879185503,0.13506885009261582
"('0033290000', 'Entomology')",0.0011317338162064282,0.0004526935264825713,0.1480116586820329,6.688483489392826e-05,0.16486628845727824
"('0020776000', 'Space')",0.0004526935264825713,0.0,0.11266384454531544,6.408775272800303e-07,0.12132867502345214
"('0020776010', 'Unknown Dept')",0.000679040289723857,5.12444562466121e-08,0.11266671767016041,6.94880536740981e-07,0.12144184840507276
"('0010512000', 'Criminology and Criminal Justice')",0.001358080579447714,0.00045248854865758483,0.13206983140021522,1.1400165516173339e-05,0.14117907079088554
"('0010512000', 'Management Information Systems')",0.0009053870529651426,0.00045248854865758483,0.13206983140021522,1.0425023565297608e-05,0.14117907079088554
"('0015354000', 'Horticultural Sciences')",0.000679040289723857,0.0,0.09336630106299795,3.3954910339962344e-08,0.09799350591077866
"('0035303040', 'Food Science')",0.0011317338162064282,0.0013574656459727544,0.1029740816707067,3.009043414828633e-07,0.1095695450840156
"('0035303040', 'Department of Plant Sciences')",0.000679040289723857,0.0,0.09336630106299795,3.3954910339962344e-08,0.0979935059107787
"('0018259000', 'Chemical Engineering')",0.000679040289723857,0.0,0.09336630106299795,3.3954910339962344e-08,0.09799350591077868
"('0010819000', 'Applied Sciences and Mathematics')",0.00022634676324128565,0.0,0.14383851538336317,0.0012952278972486891,0.15916794588138997
"('0015693000', 'School of Mechanical Engineering')",0.0011317338162064282,0.0005475741756716499,0.13887404520164712,0.00011247078429650621,0.1504390685015385
"('0020776000', 'Center for Research and Reform in Educat')",0.0004526935264825713,0.0,0.11268108549275659,6.383182899825402e-07,0.12151729732615317
"('0031252000', 'Department of Mathematics')",0.0004526935264825713,0.0,0.11255190686062212,2.0349605724886437e-06,0.11908164976095563
"('0036566000', 'Department of Mathematics')",0.0011317338162064282,0.0029404183658390598,0.12364613360947077,1.9841563580035523e-05,0.13250035513503086
"('0026997000', 'Mechanical & Aeronautical Engg')",0.00022634676324128565,0.0,0.11632438125329121,4.1261954516653946e-05,0.12388533829230874
"('0029207000', 'Sociology')",0.0004526935264825713,0.0,0.12368421052631579,5.038335360169584e-06,0.1316685992444249
"('0029207000', 'Population Health Sciences')",0.0004526935264825713,0.0,0.12368421052631579,5.038335360169584e-06,0.1316685992444249
"('4013520000', 'Office of Access and Success')",0.000679040289723857,0.0,0.09307126756409446,4.1048745611488656e-08,0.09704680410395931
"('4013520000', 'Unknown Dept')",0.001358080579447714,0.00045248854865758483,0.10261532029544293,2.1136087235311742e-07,0.10804061842493957
"('4013520000', 'Academic Affairs')",0.000679040289723857,0.0,0.09307126756409446,4.1048745611488656e-08,0.09704680410395931
"('4013520000', 'Research')",0.0009053870529651426,0.00045248854865758483,0.10261532029544293,1.935456765854028e-07,0.10804061842493959
"('0018259000', 'Computer Science Department')",0.00022634676324128565,0.0,0.139934118839478,2.6808749186357833e-05,0.15021477064256528
"('0013201000', 'Department of Ecology, Evolution, and Ma')",0.0004526935264825713,0.0,0.14752729822686747,0.0002906419468345779,0.16078007739958675
"('0029728000', 'Sociology and Anthropology')",0.00022634676324128565,0.0,0.1483944645976085,5.909974116343272e-05,0.16145359343639024
"('0010819000', 'Bermuda Institute of Ocean Sciences')",0.0004526935264825713,0.0,0.1457172070318942,0.0014382827317893127,0.16155488355012945
"('4203543000', 'Physiology')",0.00022634676324128565,0.0,0.08535713595703162,5.413983958299268e-10,0.08880092537159694
"('4002457000', 'Unknown Dept')",0.0009053870529651426,0.0004526935264825713,0.0933209412361117,5.8342954771617354e-09,0.098122306702362
"('0035691000', 'Chemistry and Biochemistry')",0.000679040289723857,0.0,0.11877301932951582,2.0532826144009068e-06,0.12610824311437382
"('0035691000', 'Chemistry department')",0.000679040289723857,0.0,0.11877301932951582,2.0532826144009068e-06,0.12610824311437382
"('0018093000', ""O'Neill School of Public & Environmental"")",0.00022634676324128565,0.0,0.0989274278420923,1.3158020507856703e-06,0.10335191397689525
"('0010090000', 'Viticulture and Enology')",0.00022634676324128565,0.0,0.10159124356144224,1.6153944262600378e-06,0.10653273014868468
"('7203581077', 'Unknown Dept')",0.00022634676324128565,0.0,0.12481636343089615,4.780407279166768e-06,0.13585276376930774
"('0037986000', 'College of Engineering')",0.0009053870529651426,0.0005760586353002521,0.12630435404099602,8.921658299640028e-06,0.13841805381778813
"('0036616000', 'Department of Biological Sciences')",0.00022634676324128565,0.0,0.10256529309344167,1.8187045287481663e-07,0.10735835188874698
"('0034702000', 'Mechanical Engineering')",0.00022634676324128565,0.0,0.1122003250711093,2.456684552185841e-07,0.11716091896886287
"('4008850000', 'Biological Sciences Division, Microbiolo')",0.00022634676324128565,0.0,0.10147690470174794,3.1166815609109392e-06,0.10664033102353462
"('0023259000', 'Department of Economics')",0.0004526935264825713,0.0,0.14225456418842772,1.5305983737280346e-05,0.15309797465750286
"('7203582458', 'Unknown Dept')",0.000679040289723857,0.0004526935264825713,0.14225914477073673,1.5425917513067796e-05,0.1532111480391235
"('0037549000', 'Department of Chemistry (0212)')",0.000679040289723857,0.0,0.13943066338446,0.02639747691594153,0.151473472455816
"('4003554000', 'Center for Sustainable Macromolecular Ma')",0.000679040289723857,0.0,0.13943066338446,0.02639747691594153,0.15147347245581608
"('0037549000', 'Chemistry')",0.0015844273426889996,0.012322949769040406,0.15351471559122973,0.027604923230740614,0.16972171546073644
"('0037549000', 'Department of Sustainable Biomaterials')",0.0004526935264825713,0.0,0.14735999466328675,0.0030543680330824365,0.1614045227444945
"('0038000000', 'Biological Sciences')",0.000679040289723857,0.0009051820751401561,0.10323153492067201,4.059198463957383e-07,0.10851536452266199
"('0034140000', 'Biological Sciences')",0.0004526935264825713,0.0,0.09357592188592125,4.113256674924724e-08,0.09738980602445106
"('0031005000', 'Department of Biological Sciences')",0.0004526935264825713,0.0,0.09357592188592125,4.113256674924724e-08,0.09738980602445103
"('0013151000', 'Electrical and Computer Engineering, Ins')",0.00022634676324128565,0.0,0.14034753327615235,2.418775096396399e-05,0.15105004208105144
"('0021998000', 'College of Engineering, ECE')",0.000679040289723857,0.0,0.13644224830142063,1.4016211667538681e-05,0.14750590438684485
"('0020834000', 'Biology')",0.0004526935264825713,0.0,0.09491685644308856,4.377041547465654e-08,0.0993671857294227
"('0020834000', 'Advanced Studies, Leadership and Policy')",0.0004526935264825713,0.0,0.09491685644308856,4.377041547465654e-08,0.0993671857294227
"('0001057000', 'Department of Chemistry')",0.00022634676324128565,0.0,0.11342747111681643,5.8617254311448796e-05,0.11973908812127408
"('0022905000', 'Plant Soil and Microbial Sciences')",0.00022634676324128565,0.0,0.11991097600694821,1.6820017523157674e-05,0.12927448653122955
"('0013482000', 'Economics & Business')",0.00022634676324128565,0.0,0.07442471614837776,1.3184023947310415e-11,0.07716428734794657
"('0037549000', 'Bradley Department of Electrical')",0.0011317338162064282,0.00039237871612831743,0.14871415107041874,0.00017147877574152652,0.1620013028568928
"('0037549000', 'Electrical & Computer Engineering')",0.000679040289723857,0.0,0.1390313748937911,0.00013229621034932298,0.14987871391221258
"('0010819000', 'Center for Bioelectronics and Biosensors')",0.000679040289723857,0.0,0.13084555012586999,1.5061885184506473e-05,0.14320330490792832
"('0013193000', 'Cellular and Molecular Pharmacology')",0.000679040289723857,0.0,0.13084555012586999,1.5061885184506473e-05,0.14320330490792832
"('5300011340', 'Electrical and Computer Engineering')",0.000679040289723857,0.0,0.13084555012586999,1.5061885184506473e-05,0.14320330490792832
"('0026633000', 'Architecture')",0.000679040289723857,0.0,0.11599758447764329,4.156950366795312e-06,0.12376075461181857
"('0026633000', 'Finance Intl Tech Mngt FIT')",0.000679040289723857,0.0,0.11599758447764329,4.156950366795312e-06,0.12376075461181857
"('0026633000', 'Indigenous Design and Planning Inst.')",0.000679040289723857,0.0,0.11599758447764329,4.156950366795312e-06,0.12376075461181857
"('0034017000', 'Sociology')",0.00022634676324128565,0.0,0.12906429844293185,2.496664713969814e-05,0.1380015029234126
"('0018259000', 'Research Computing')",0.0015844273426889996,0.004056836002007177,0.16313418506757255,0.0002191812110427707,0.1812514964789738
"('0022301000', 'Biology Department')",0.00022634676324128565,0.0,0.12135028977943801,2.2764476333160823e-05,0.1291026450035047
"('0018093000', 'Kelley Sch. of Bus., Law and Ethics')",0.0009053870529651426,0.0,0.13752529182879378,2.818346254755138e-05,0.14815894896813786
"('0018093000', 'Luddy School of Informatics, Computing,')",0.0009053870529651426,0.0,0.13752529182879378,2.818346254755138e-05,0.14815894896813786
"('0018093000', 'Informatics and Computing')",0.0009053870529651426,0.0,0.13752529182879378,2.818346254755138e-05,0.14815894896813786
"('0018093000', 'Operations and Decision Technologies')",0.0011317338162064282,0.0013574656459727544,0.13753813585704502,2.8405783627081854e-05,0.1483287090405688
"('0029207000', 'School of Electrical and Computer Engin.')",0.000679040289723857,0.0,0.1322042013286253,3.840707876700303e-06,0.1407259620817785
"('0029728000', 'Communication')",0.000679040289723857,0.0,0.1322042013286253,3.840707876700303e-06,0.1407259620817785
"('0029744000', 'Chemistry')",0.000679040289723857,0.0,0.1322042013286253,3.840707876700303e-06,0.1407259620817785
"('0022335000', 'Computer Science / IMGD')",0.0004526935264825713,0.0,0.11923139202245371,9.168985694738624e-05,0.12766730328642778
"('0022103000', 'STEM Ed and Teacher Development')",0.0015844273426889996,0.0018389728116611505,0.12975798872180452,0.00011067289840202384,0.14153794333423714
"('0036582000', 'Kinesiology & Health Education')",0.00022634676324128565,0.0,0.13308030604253268,5.953071478694712e-05,0.1420944366734309
"('0013128000', 'EECS-CS Division')",0.0009053870529651426,0.0,0.1407185628742515,1.4979670679348767e-05,0.15236373643458195
"('0025205000', 'Computer Science and Engineering')",0.0015844273426889996,0.004755118333104953,0.14304215502169268,1.922549119433151e-05,0.15552263741489525
"('0010835000', 'Department of Geosciences')",0.0011317338162064282,0.0012796051137436962,0.1264308608058608,9.226503933050815e-06,0.13577444259879673
"('4029559000', 'Unknown Dept')",0.0011317338162064282,0.001030406268784547,0.117857333404471,9.357981887728103e-07,0.1255756149061938
"('0001057000', 'Pittsburgh Supercomputing Center')",0.002037120869171571,0.006229101262540989,0.14653399668325043,0.00020120109236031246,0.15955702350564116
"('0001057000', 'Pittsburgh Super Computing Center')",0.000679040289723857,0.0,0.14019166084914642,0.0001695821180946201,0.15157997590659306
"('7203590120', 'Unknown Dept')",0.0011317338162064282,0.0,0.1290303738317757,1.57019449242425e-05,0.1400897298843192
"('5300004339', 'Unknown Dept')",0.0015844273426889996,0.0,0.1290303738317757,1.7147174163508546e-05,0.14008972988431923
"('0038950000', 'WI Center for Education Research')",0.0011317338162064282,0.0,0.1290303738317757,1.57019449242425e-05,0.14008972988431917
"('4000253000', 'Unknown Dept')",0.002037120869171571,0.002713086491520631,0.1290529882572881,1.7477099935287393e-05,0.14042925002918108
"('0020735000', 'Unknown Dept')",0.0011317338162064282,0.0,0.1290303738317757,1.57019449242425e-05,0.14008972988431923
"('0022905000', 'CMSE & EES')",0.00022634676324128565,0.0,0.13611855685984534,0.00013876953588915872,0.15038090423129485
"('0017756000', 'Center for Writing Studies')",0.0009053870529651426,0.0,0.12245689894118299,3.9611775424802875e-06,0.13113526136104184
"('0017756000', 'English')",0.0009053870529651426,0.0,0.12245689894118299,3.9611775424802875e-06,0.13113526136104184
"('0001057000', 'Software and Societal Systems Department')",0.0011317338162064282,0.00010954688729436533,0.13611855685984534,0.005373293048478459,0.14777239572961473
"('0026278000', 'Woodrow Wilson School')",0.00022634676324128565,0.0,0.12866212359485119,1.795873203694817e-05,0.1366097912951687
"('0017749000', 'The Department of Anthropology')",0.00022634676324128565,0.0,0.14085315309570873,0.00010964446037030452,0.15241779497098606
"('0013169000', 'Plant Pathology and Microbiology')",0.0009053870529651426,0.0,0.11004558248436994,7.343849258092062e-07,0.11635596520975058
"('0010835000', 'Environmental Science')",0.0009053870529651426,0.0,0.11004558248436994,7.343849258092062e-07,0.11635596520975058
"('0013128000', 'Envi. Sci., Policy, and Mangement')",0.0009053870529651426,0.0,0.11004558248436994,7.343849258092062e-07,0.11635596520975058
"('0036525000', 'Curriculum and Instruction')",0.0011317338162064282,0.0008729101029565111,0.12712571576554543,4.842624031623023e-06,0.1356969413188284
"('0037986000', 'JISAO')",0.00022634676324128565,0.0,0.11823899371069183,6.431787596929912e-07,0.12532968389690832
"('0022905000', 'Physics and Astronomy and CMSE')",0.000679040289723857,0.0004526935264825713,0.1361856909466416,0.00015679547748809447,0.15089395689464177
"('0080010000', 'Computer Science')",0.0015844273426889996,0.010502259200099931,0.1507438242118193,0.03208582367699405,0.1669963656382831
"('0080010000', 'Electrical and Computer Engineering')",0.0004526935264825713,0.0,0.13787722747557968,0.02842830521995078,0.15033838514485726
"('0015362000', 'Department of Physics')",0.00022634676324128565,0.0,0.11735019124521887,2.8562344919423435e-05,0.12487731887347031
"('P270033524', 'Unknown Dept')",0.00022634676324128565,0.0,0.11479797323632585,1.0755979359853972e-06,0.12284384255548293
"('0033290000', 'College of Information Sciences and Tech')",0.0011317338162064282,0.013974233990663712,0.16167160683573023,8.2178357125386e-05,0.17956784614208676
"('0025205000', 'Energy, Environmental & Chemical Engr')",0.0011317338162064282,0.0004526935264825713,0.118677304107234,2.1169305111185853e-06,0.12694890618159044
"('0025205000', 'Energy, Env. & Chem. Engineering')",0.0009053870529651426,0.0,0.11867411625658107,2.1004360371307954e-06,0.12683573279996976
"('0025205000', 'Energy, Environmental & Chemical Enginee')",0.0009053870529651426,0.0,0.11867411625658107,2.1004360371307954e-06,0.12683573279996976
"('0013144000', 'Dept. CS')",0.0004526935264825713,0.0,0.10029967308390847,5.918590631165729e-08,0.10517063991819457
"('0013144000', 'Department of Information & Computer Sci')",0.0004526935264825713,0.0,0.10029967308390847,5.918590631165729e-08,0.10517063991819457
"('0031237000', 'Unknown Dept')",0.000679040289723857,0.0,0.10491071428571429,1.983193092918544e-07,0.11057266606024187
"('7203583868', 'Unknown Dept')",0.000679040289723857,0.0,0.10491071428571429,1.983193092918544e-07,0.11057266606024187
"('0039545000', 'Learning Sciences and Educational Resear')",0.0011317338162064282,0.0009051820751401561,0.10491569698408929,2.018292485277033e-07,0.11079901282348312
"('0032375000', 'Physics')",0.000679040289723857,0.0,0.11639486787680797,1.3648918435208065e-06,0.12261749272557289
"('0032417000', 'Biology')",0.000679040289723857,0.0,0.11639486787680797,1.3648918435208065e-06,0.12261749272557286
"('0028381000', 'School of Marine and Atmos Sciences')",0.0009053870529651426,0.0,0.1000203753593987,1.2338897347561803e-05,0.10575853534450778
"('0028381000', 'Psychology')",0.0015844273426889996,8.199112999457936e-07,0.10002263980076975,2.0419826836241302e-05,0.10587170872612847
"('0014480000', 'Unknown Dept')",0.0009053870529651426,0.0,0.1000203753593987,1.2338897347561801e-05,0.10575853534450781
"('0036772000', 'Bingham Energy Research Center')",0.00022634676324128565,0.0,0.11989145183175035,9.003907587145097e-07,0.12684401635284323
"('0021030000', 'Smith School of Business and UMIACS')",0.000679040289723857,0.0,0.14955991875423155,0.001673910075090291,0.167050970004794
"('0031849000', 'School of Industrial Engineering')",0.000679040289723857,0.0,0.14955991875423155,0.001673910075090291,0.167050970004794
"('0025361000', 'Mathematics')",0.000679040289723857,0.0,0.12416739270959219,1.6671023279472795e-05,0.1335077747311782
"('0011395001', 'Mathematics and Statistics')",0.000679040289723857,0.0,0.12416739270959219,1.6671023279472795e-05,0.13350777473117817
"('7203580862', 'Mathematisches Institut')",0.000679040289723857,0.0,0.12416739270959219,1.6671023279472795e-05,0.13350777473117817
"('0038950000', 'Mathematics and Computer Science')",0.0004526935264825713,0.0,0.08846084536371464,3.255554331504871e-09,0.09219374540795482
"('0029207000', 'Mechanical Engineering and Materials Sci')",0.0009053870529651426,0.0,0.15154529550989607,0.000136567372769849,0.16409645382030996
"('0029207000', 'Mechanical Engineering & Materials Scien')",0.0009053870529651426,0.0,0.15154529550989607,0.000136567372769849,0.16409645382030996
"('0029207000', 'Statistics')",0.0015844273426889996,0.008273081441555405,0.159333525678015,0.00014845068663162474,0.17397202101253567
"('0023259000', 'Department of Sociology')",0.00022634676324128565,0.0,0.1036262138199559,3.562305947362819e-08,0.10808597305315094
"('7203588150', 'Unknown Dept')",0.0004526935264825713,0.0,0.09705410689571846,2.5923722337091427e-07,0.10191091306666161
"('7203596251', 'Unknown Dept')",0.0004526935264825713,0.0,0.09705410689571846,2.5923722337091427e-07,0.10191091306666163
"('0026575000', 'Department of Biology')",0.0004526935264825713,0.0,0.09015774544415649,1.3472421729266706e-08,0.09461957740625469
"('0038950000', 'Pathobiological Sciences')",0.001358080579447714,0.002261417854162992,0.09908051132540928,1.323959712817559e-07,0.10536909049589892
"('P270024961', 'Unknown Dept')",0.00022634676324128565,0.0,0.14383851538336317,0.0012952278972486891,0.15916794588139002
"('6250017845', 'Unknown Dept')",0.0011317338162064282,0.0,0.14840443399395364,8.014965324088853e-05,0.16167994019963153
"('7203580998', 'Unknown Dept')",0.000679040289723857,0.0,0.14840443399395364,7.334357415660872e-05,0.16167994019963156
"('0013151000', 'CRESST')",0.000679040289723857,0.0,0.14840443399395364,7.334357415660872e-05,0.16167994019963153
"('0015693000', 'School of Materials Science and Eng')",0.00022634676324128565,0.0,0.12805054779433075,2.252229832598005e-05,0.13620510820601298
"('0015693000', 'School of Chemistry and Biochemistry')",0.0004526935264825713,0.0004526935264825713,0.14685058999501413,0.0002448852240752073,0.16010670394441154
"('6250003100', 'Unknown Dept')",0.001358080579447714,0.00022629551878503902,0.13916275553595614,7.716908715720118e-05,0.14963444080691582
"('5300011835', 'Unknown Dept')",0.0009053870529651426,0.00022629551878503902,0.13916275553595614,7.066889109658615e-05,0.14963444080691582
"('7203580025', 'Unknown Dept')",0.000679040289723857,0.0,0.13915837218092478,6.952345826066212e-05,0.1495212674252952
"('7203582078', 'Mechanical Engineering')",0.00022634676324128565,0.0,0.12241957383136136,2.066135192271369e-06,0.12982795837028502
"('0038000000', 'Department of Crop and Soil Sciences')",0.00022634676324128565,0.0,0.10322188733908086,3.9835066641577295e-07,0.10821356883834024
"('6250027519', 'Government and Public Policy')",0.00022634676324128565,0.0,0.13630754041712945,6.59141983222461e-05,0.14787206845264708
"('0037499000', 'Computer Science')",0.0011317338162064282,0.006552665315019832,0.13631174601215637,3.114536279885176e-05,0.1480277525150762
"('0037499000', 'English')",0.0004526935264825713,0.0,0.13176260065612885,2.8958841564325964e-05,0.14175660583820274
"('0013128000', 'Electrical Engr & Computer Sciences')",0.00022634676324128565,0.0,0.12967800639877894,7.80898166709604e-06,0.1392859947381217
"('0028373000', 'Geology')",0.000679040289723857,0.0,0.14449713818479148,5.9651877741719045e-05,0.15636081575986427
"('0028373000', 'Department of Geology')",0.0011317338162064282,0.0,0.14449713818479148,6.522318197502483e-05,0.15636081575986427
"('0036756000', 'Chemistry')",0.0004526935264825713,0.0,0.12114730722825491,4.189434867219469e-05,0.128509273438107
"('0036756000', 'Nano Institute')",0.0004526935264825713,0.0,0.12114730722825491,4.189434867219469e-05,0.128509273438107
"('5300002935', 'Education Services and Leadership')",0.0004526935264825713,0.0,0.11086574654956086,1.7054901027582577e-06,0.116817250784909
"('5300002935', 'Radio-TV-Film')",0.0004526935264825713,0.0,0.11086574654956086,1.7054901027582577e-06,0.116817250784909
"('0035295000', 'Engineering')",0.0009053870529651426,0.0,0.10842516013448843,2.2038404291396471e-07,0.11505774521179274
"('0010090000', 'Computer Science and Software Engineerin')",0.0009053870529651426,0.0,0.10842516013448843,2.2038404291396471e-07,0.11505774521179274
"('0035105000', 'Economics and Finance')",0.0009053870529651426,0.0,0.10842516013448843,2.2038404291396471e-07,0.11505774521179274
"('0037549000', 'Dept. of Fisheries and Wildlife Sciences')",0.0015844273426889996,0.0018095442389803665,0.1432415783159874,0.00014613061272287112,0.15536142219030274
"('0011379001', 'Unknown Dept')",0.000679040289723857,0.0,0.12530844938593755,1.6485645550599286e-05,0.13298973108275927
"('0037549000', 'Food Schience and Technology')",0.000679040289723857,0.0,0.12530844938593755,1.6485645550599286e-05,0.13298973108275927
"('0037549000', 'Forest Resources & Environmental Conserv')",0.0009053870529651426,0.0004526935264825713,0.1253120036305877,1.6614370716892975e-05,0.1331029044643799
"('0031708000', 'Electrical and Computer Engineering')",0.0009053870529651426,0.0,0.11948613928329953,3.331952190047755e-06,0.1282179489315061
"('0014936000', 'Dept. of Electronics Engineering Tech.')",0.0009053870529651426,0.0,0.1021455655229816,6.438811101619221e-07,0.10707794640436327
"('0014936000', 'LASER-TEC, Advanced Technology Division')",0.0009053870529651426,0.0,0.1021455655229816,6.438811101619221e-07,0.1070779464043633
"('0039545000', 'College of Optics and Photonics')",0.0009053870529651426,0.0,0.1021455655229816,6.438811101619221e-07,0.10707794640436327
"('5300013255', 'Engineering Technologies')",0.0009053870529651426,0.0,0.1021455655229816,6.438811101619221e-07,0.1070779464043633
"('0015693000', 'School of Earth & Atmospheric Sciences')",0.0004526935264825713,0.0,0.14684570896762614,0.0002674075224011874,0.16006897948387133
"('0015370000', 'College of Marine Science')",0.0004526935264825713,0.0,0.14684570896762614,0.0002674075224011874,0.16006897948387133
"('0028373000', 'Civil and Environmental Engineering')",0.000679040289723857,0.0,0.14449713818479148,5.9651877741719045e-05,0.15636081575986427
"('0025171000', 'Dept. of Electrical & Computer Engineer')",0.00022634676324128565,0.0,0.09434929312774953,2.113083766471928e-08,0.09808738286401905
"('0036327040', 'TX AgriLife Res. & Ext Center - El Paso')",0.0004526935264825713,0.0,0.13451467543539156,0.00015024625287653957,0.14447408383578542
"('0020834000', 'Civil and Environmental Engineering')",0.0004526935264825713,0.0,0.13451467543539156,0.00015024625287653957,0.14447408383578542
"('0034140040', 'Graduate School of Oceanography')",0.00022634676324128565,0.0,0.1114671376308818,9.159301043613793e-07,0.11786432651043888
"('4001926000', 'Unknown Dept')",0.0009053870529651426,0.009014924742904001,0.13245787611680757,2.3140204061744558e-05,0.1424548566467983
"('P269963704', 'Design and Environmental Analysis')",0.00022634676324128565,0.0,0.1307603516145263,1.4136222319183267e-05,0.14209380754446985
"('0010819000', 'School of Social and Family Dynamics')",0.000679040289723857,0.0,0.1257901030693013,0.00021249069013475882,0.1354838191585582
"('0010819000', 'School of Criminology and Criminal Justi')",0.000679040289723857,0.0,0.1257901030693013,0.00021249069013475882,0.1354838191585582
"('0010819000', 'New College of Interdisciplinary Arts an')",0.000679040289723857,0.0,0.1257901030693013,0.00021249069013475882,0.1354838191585582
"('5300003191', 'Machine Learning')",0.00022634676324128565,0.0,0.11085183791243257,1.5054579102184807e-06,0.11657204179139755
"('5300002935', 'Henry M. Rowan College of Engineering')",0.0009053870529651426,0.0004526935264825713,0.1246684350132626,1.624332546174642e-05,0.13336068984835364
"('0024794000', 'Education')",0.0004526935264825713,0.0,0.11310514323750032,6.414179881615087e-06,0.11993944420098737
"('0025163000', 'Learning, Teaching & Curriculum')",0.0009053870529651426,0.0011654454415418064,0.12414645797622727,1.4466240749703873e-05,0.13303834670686138
"('0015644000', 'Yerkes National Primate Research Center')",0.00022634676324128565,0.0,0.11882413060434092,9.647503429057711e-06,0.12554073226855653
"('0018408000', 'Economics and Econometrics')",0.00022634676324128565,0.0,0.14085315309570873,0.00010964446037030452,0.152417794970986
"('0037986000', 'Biomedical Informatics and Medical Educa')",0.0004526935264825713,0.0,0.12168787528232249,2.5967539274161724e-06,0.13140694049143345
"('0037986000', 'Biomedical Informatics and Medical Educ')",0.0004526935264825713,0.0,0.12168787528232249,2.5967539274161724e-06,0.13140694049143348
"('0018408000', 'Department of Computer Science and Engin')",0.001358080579447714,0.0009052845640526493,0.11815045596769448,2.4980998145844465e-05,0.12630883904084364
"('7203592271', 'Unknown Dept')",0.00022634676324128565,0.0,0.10566850035876585,2.350890193021488e-06,0.1110281788529849
"('0022335000', 'Department of Electrical and Computer En')",0.00022634676324128565,0.0,0.1320777279521674,1.291486539038983e-05,0.14105214738985647
"('0021782000', 'Sloan School')",0.000679040289723857,0.0,0.14136695251503903,0.0002729940657615878,0.15514890584492136
"('0017756000', 'Chemical & Biomolecular Engr')",0.000679040289723857,0.00046908529353122125,0.12443668319062641,6.473557521066184e-06,0.13292225982357192
"('0017756000', 'Chemical and Biomolecular Eng')",0.0004526935264825713,0.0,0.11191610092207924,8.191556576034086e-07,0.11825912059015863
"('0036582000', 'Aerospace Engineering & Engineeering Mec')",0.0009053870529651426,0.0,0.16285156106012016,9.693830304265438e-05,0.17826276761315105
"('0037549000', 'Grado Department of Industrial and Syste')",0.0009053870529651426,0.0,0.16285156106012016,9.693830304265438e-05,0.17826276761315102
"('0027854000', 'Computer Science\t')",0.00022634676324128565,0.0,0.12421976044536917,1.736031600988847e-05,0.13211854603321285
"('0031708000', 'Electricial Engineering')",0.0009053870529651426,0.0,0.11948613928329953,3.331952190047755e-06,0.12821794893150606
"('0031708000', 'School of Electrical and Computer Engine')",0.0009053870529651426,0.0,0.11948613928329953,3.331952190047755e-06,0.12821794893150604
"('0031708000', 'Physics')",0.0009053870529651426,0.0,0.11948613928329953,3.331952190047755e-06,0.12821794893150604
"('0037986000', 'Pediatrics')",0.0004526935264825713,0.0,0.1308649289099526,1.4304005695358804e-05,0.14324102936846858
"('0021782000', 'Science Tech. Society Program')",0.00022634676324128565,0.0,0.12725387407108704,0.0001044688519614527,0.13635227568568392
"('4005518000', 'Board on Chemical Sciences and Technolog')",0.00022634676324128565,0.0,0.09023324210612312,8.506626589940954e-09,0.0940094841960008
"('0096354000', 'SUCCEED')",0.000679040289723857,0.0058345437282825005,0.15369629500782744,0.0007014768310475817,0.16951120970473468
"('0031849000', 'School of Geosciences')",0.00022634676324128565,0.0,0.10007475026615625,1.1801187632372518e-07,0.1042887749727062
"('6250038251', 'Unknown Dept')",0.000679040289723857,0.0,0.08740034422045935,1.2897184199018837e-09,0.09162738610115037
"('0013177000', 'Structural Engineering')",0.001358080579447714,0.0049683550109340295,0.09574790862988167,1.1271706815545494e-08,0.10133866675520913
"('0013482000', 'Mechanical Engineering')",0.0011317338162064282,0.00361580883276095,0.08741417858768129,1.3132893349888233e-09,0.09206121739736282
"('0013177000', 'Department of Structural Engineering')",0.000679040289723857,0.0,0.08740034422045935,1.2897184199018835e-09,0.09162738610115037
"('0029744000', 'Anthropology Department')",0.00022634676324128565,0.0,0.09820396550191163,6.84683526701034e-08,0.10198157437026312
"('0035097000', 'Institute for Intelligent Systems')",0.000679040289723857,0.0,0.10808033857670572,2.1115169938789072e-07,0.11403219388067323
"('0035097000', 'Mathematical Sciences')",0.0009053870529651426,0.0004526935264825713,0.10808298267932283,2.1285483130039606e-07,0.11414536726229389
"('0035097000', 'Instruction and Curriculum Leadership (I')",0.000679040289723857,0.0,0.10808033857670572,2.1115169938789072e-07,0.11403219388067326
"('0013201000', 'ISBER')",0.00022634676324128565,0.0,0.11598540337612559,2.0261658214515876e-05,0.1230507213474611
"('0025205000', 'Anthropology')",0.00022634676324128565,0.0,0.11071016889690773,5.609974206375419e-07,0.11601461128928858
"('0023879000', 'Dept. Earth and Environmental Sciences')",0.0004526935264825713,0.0,0.10586600210869357,3.751181605276323e-07,0.11160053370545679
"('0023879000', 'Microbiology & Immunology')",0.0009053870529651426,0.0018067770383430493,0.11836570663094441,3.625863223495475e-06,0.1265549271707228
"('0015693000', 'IBB')",0.0011317338162064282,3.272105906385208e-05,0.1362739049969155,9.195832996799713e-05,0.1468881597503132
"('0035352000', 'Office of the Dean of Engineering')",0.0011317338162064282,3.272105906385208e-05,0.1362739049969155,9.195832996799713e-05,0.14688815975031325
"('0015982001', 'Chemical, Materials and Biomedical Eng')",0.000679040289723857,0.0,0.13102016607354686,5.0735640036551334e-05,0.14011504000752445
"('4000253000', 'Inclusive STEM Ecosystems for Equity & D')",0.0009053870529651426,0.0018095442389803665,0.11433155633766368,1.8092837658493238e-06,0.1218829370839519
"('4000253000', 'STEM Education')",0.0004526935264825713,0.0,0.1143197226103607,1.7751550110448884e-06,0.12158114139963018
"('0010090000', 'Department of Curriculum and Teaching')",0.0004526935264825713,0.0,0.1049331401562834,2.2409419389368703e-07,0.11069779956120462
"('0010090000', 'Curriculum & Teaching')",0.0004526935264825713,0.0,0.1049331401562834,2.2409419389368703e-07,0.11069779956120458
"('4091915000', 'Education')",0.0004526935264825713,0.0,0.12459811608099723,4.094883817251395e-06,0.133054084703586
"('4091915000', 'Unknown Dept')",0.0009053870529651426,0.0,0.12459811608099723,4.4715353817143255e-06,0.133054084703586
"('0013144000', 'Dept. of Information and Comp. Science')",0.0004526935264825713,0.0,0.11146432536078313,5.729990749272674e-07,0.11827141220531802
"('0013144000', 'Public Heath')",0.0004526935264825713,0.0,0.11146432536078313,5.729990749272674e-07,0.11827141220531802
"('0021782000', 'CSAIL')",0.002716161158895428,0.011024092614207087,0.14332522303325224,0.03434450997112058,0.15842977881230386
"('0021782000', 'Computer Science and AI Laboratory')",0.0004526935264825713,0.0,0.12766203369260554,0.0035392334290889277,0.13768917025730656
"('0013201000', 'Ecology, Evolution, and Marine Biology')",0.0011317338162064282,0.0,0.11591541165975756,9.909855687966676e-07,0.12407686648542844
"('0013201000', 'Division of Undergraduate Education')",0.000679040289723857,0.0,0.11591541165975756,9.07265725087641e-07,0.12407686648542841
"('0013201000', 'Marine Science Institute')",0.0009053870529651426,0.0004526935264825713,0.11591845302127883,9.143945251782196e-07,0.12419003986704906
"('0072793000', 'Unknown Dept')",0.000679040289723857,0.0009051820751401561,0.10044561658785013,1.0390687940795783e-07,0.10562074800268002
"('0010090000', 'Chemistry and Biochemistry')",0.0009053870529651426,0.0,0.10579248581212136,1.0431385983358497e-07,0.11281073836778305
"('0010090000', 'Electrical and Computer Engineering')",0.0009053870529651426,0.0,0.10579248581212136,1.0431385983358497e-07,0.11281073836778305
"('0013250000', 'Depts. of Biology & Env. Science')",0.00022634676324128565,0.0,0.1328761767271196,1.3575036622692708e-05,0.14224982363846028
"('0013706000', 'LASP (Lab. for Atmos. & Space Physics)')",0.00022634676324128565,0.0,0.12364613360947077,3.50714389011867e-07,0.13083136369691345
"('0013482000', 'George S. Ansell Department of Metallurg')",0.0004526935264825713,0.0,0.08039890083892923,1.3527945120623073e-10,0.08389749764225456
"('0018259000', 'Engineering Education')",0.00022634676324128565,0.0,0.15173266476628774,9.975072204255942e-05,0.16565380195982163
"('0035303000', 'Department of Civil and Environmental En')",0.00022634676324128565,0.0,0.1114249684741488,5.092866664550161e-06,0.11831462040549773
"('0023879000', 'Educational Psychology')",0.00022634676324128565,0.0,0.102942889763963,1.2039825990119234e-07,0.10767462208375504
"('0025163000', 'Informatics Institute')",0.0015844273426889996,0.0018112487778183103,0.13152332470006847,3.425929887676544e-05,0.14245054928871725
"('0025163000', 'Geography/Civil & Env. Eng/ CGI')",0.0009053870529651426,0.0,0.119586401039411,4.436048021421004e-06,0.1272771092284512
"('0025163000', 'Dermatology')",0.0009053870529651426,0.0,0.119586401039411,4.436048021421004e-06,0.1272771092284512
"('0025163000', 'Dept of Pathology and Anatomical Science')",0.0009053870529651426,0.0,0.119586401039411,4.436048021421004e-06,0.1272771092284512
"('0001024000', 'Unknown Dept')",0.0015844273426889996,0.0047109152784043295,0.1339477912864203,0.00018684985685243772,0.14609454538721137
"('0019893000', 'Robotics & Manufacturing Systems')",0.00022634676324128565,0.0,0.11812834224598931,1.7582972472679022e-05,0.12566752321165997
"('0010827000', 'Informatics and Computing Program')",0.00022634676324128565,0.0,0.10664542448161826,0.00020696117286839543,0.11252499490289897
"('0011312000', 'Chemistry')",0.001358080579447714,0.0015356623681395056,0.1509962746505349,2.376709811818736e-05,0.1648077822534578
"('0011312000', 'Vice Provost; Humanities and Social Scie')",0.0004526935264825713,0.0,0.13269259648595885,4.171523648750043e-06,0.14180775087293784
"('0015982001', 'Mathematics and Science Education')",0.0018107741059302852,0.0022618278098129646,0.14481447489183166,0.0008974504562445281,0.1588356094637209
"('0021782000', 'Department of Mathematics')",0.0004526935264825713,0.0,0.10064469098116044,2.2349099952978246e-08,0.10476688443024804
"('0021030000', 'Department of Mechanical Engineering')",0.000679040289723857,0.0018095442389803665,0.12180194089104543,2.632165929801584e-05,0.13162531524579765
"('0021030000', 'Mechanical Engineering')",0.0011317338162064282,0.001357670623797741,0.10859572794533343,2.717489203296575e-06,0.11543669535469905
"('0032102000', 'Mech, Industrial & Mfg Engr')",0.00022634676324128565,0.0,0.11934089681253376,1.2418425086811404e-06,0.12735555927294875
"('0023309000', 'Office of Research & Innovation')",0.00022634676324128565,0.0,0.08670225292409137,5.230937850684399e-09,0.0900754308961829
"('0001057000', 'Computer Science Department')",0.00022634676324128565,0.0,0.1314098750743605,0.00010675377911820998,0.14118149342232533
"('0026633000', 'Mus SW Biol and Dept Biol')",0.0009053870529651426,0.0,0.10630669650376573,1.2553063690161084e-07,0.11185216894048271
"('0026633000', 'Maxwell Museum of Anthropology')",0.0009053870529651426,0.0,0.10630669650376573,1.2553063690161084e-07,0.11185216894048272
"('0026633000', 'Biology')",0.0018107741059302852,0.0023955940202581836,0.11849269143087032,9.514484405036055e-07,0.12637744467192127
"('0026633000', 'Geography and Environmental Studies')",0.0009053870529651426,0.0,0.10630669650376573,1.2553063690161084e-07,0.11185216894048274
"('0022905000', 'Biochemistry')",0.0004526935264825713,0.0,0.11083793276467636,2.8494648278923725e-06,0.11786696643199313
"('0039545000', 'Joint appt w/Mathematics & Comp. Science')",0.00022634676324128565,0.0,0.11113347084570106,2.3525790293258964e-07,0.11671773150616271
"('0018259000', 'Biological Sciences/Computer Science')",0.00022634676324128565,0.0,0.11790451282324999,1.3800124022173305e-06,0.12376185781822396
"('0018259000', 'Purdue Proteomics Facility')",0.0004526935264825713,0.0004526935264825713,0.1336600713983179,1.4831094753333957e-05,0.14264563463295846
"('0036327001', 'Bush School')",0.0004526935264825713,0.0,0.12747785440170817,1.4119941659034027e-06,0.13638122289661397
"('0032102000', 'Department of Microbiology')",0.00022634676324128565,0.0,0.10801427803041416,2.9664402724726314e-07,0.11308731119964445
"('0014803000', 'Department of Chemical and Biomedical En')",0.00022634676324128565,0.0,0.12838171621189667,9.025338621636523e-06,0.13562068433050803
"('0022194000', 'Computer Science')",0.000679040289723857,0.0009051820751401561,0.13783851241732184,0.0004136548686963101,0.1492171976582336
"('0015644000', 'Anthropology')",0.0009053870529651426,0.0004526935264825713,0.12400011226809621,2.821485222667085e-06,0.13238611835827765
"('P270013672', 'Unknown Dept')",0.00022634676324128565,0.0,0.11032312840233731,2.5961583245581237e-07,0.11582258374641682
"('4000790000', 'Education')",0.0018107741059302852,0.0018502591317332614,0.11464604525638364,1.1316589083033516e-07,0.12170796452428333
"('0026997000', 'Department of Mech. & Aeronautical Engr.')",0.0009053870529651426,0.0,0.11763452884948213,5.154099098708857e-07,0.12476986846860692
"('0026997000', 'Mech. & Aero. Eng.')",0.0009053870529651426,0.0,0.11763452884948213,5.154099098708857e-07,0.12476986846860692
"('0026997000', 'Civil & Environmental Engineering')",0.0009053870529651426,0.0,0.11763452884948213,5.154099098708857e-07,0.12476986846860692
"('4008892000', 'Unknown Dept')",0.0009053870529651426,0.0,0.11763452884948213,5.154099098708857e-07,0.12476986846860695
"('0022335000', 'Electrical Engineering')",0.000679040289723857,0.0,0.12361499720201455,0.0013797838762601023,0.13214754875823853
"('0022335000', 'Social Science & Policy Studies')",0.0015844273426889996,0.0002233493499969718,0.13107069748123534,0.002302198127000548,0.14138252684790178
"('6250021267', 'Unknown Dept')",0.0004526935264825713,0.0,0.13925486982285823,1.6146196256438432e-05,0.14998706903980666
"('0021055000', 'Computer Science')",0.0004526935264825713,0.0,0.10412444025453689,1.529645793073006e-07,0.11055787638467225
"('0021055000', 'Department of Computer Science')",0.0004526935264825713,0.0,0.10412444025453689,1.529645793073006e-07,0.11055787638467225
"('0033787000', 'Electrical & Systems Engineering')",0.001358080579447714,0.0031645501510532835,0.14923154872487757,0.0001567464891157296,0.163067428396762
"('6250004721', 'School of Engineering')",0.0015844273426889996,0.0030810837946992054,0.14937787395185284,0.00016972685929862117,0.16319308677841857
"('0025163000', 'Electrical and Computer Engineering')",0.0009053870529651426,0.001809851705717846,0.13254132541325414,0.00010625127167667978,0.1433119179497624
"('0025163000', 'Biology')",0.00022634676324128565,0.0,0.11703311258278146,9.77857937767535e-06,0.12397797890351697
"('0022103000', 'Department of Mathematics')",0.0011317338162064282,0.0,0.12715132677142693,2.8305140523021277e-05,0.13809554987939476
"('0034140000', 'Physics Department')",0.002489814395654142,0.003991615163031225,0.14463432200615464,0.00011176426126188228,0.16164560503627812
"('0022103000', 'Biology')",0.0011317338162064282,0.0,0.12715132677142693,2.8305140523021277e-05,0.13809554987939476
"('0022103000', 'Math Department')",0.0011317338162064282,0.0,0.12715132677142693,2.8305140523021277e-05,0.13809554987939474
"('0001057000', 'Chemistry')",0.0004526935264825713,0.0,0.0966337846409589,1.81110169754693e-06,0.10161357860571701
"('0010751000', 'Mathematics Faculty')",0.00022634676324128565,0.0,0.11795487918835937,2.6751954885770662e-05,0.12517589799165071
"('0020537000', 'Native American Programs')",0.000679040289723857,0.0,0.11547609712747327,1.1093817439777389e-06,0.12239096757826916
"('0022210000', 'Electrical & Computer Engineering')",0.00022634676324128565,0.0,0.12838917787916654,0.00042757403243664013,0.13807643804814415
"('4006268000', 'Unknown Dept')",0.0022634676324128564,0.0038119880976838936,0.14947895520368115,4.6250152161877566e-05,0.1622738931758838
"('0037986000', 'Surgery')",0.0004526935264825713,0.0,0.130849425423528,1.40075828744811e-05,0.14316558044738814
"('0014894000', 'Department of Biology')",0.0009053870529651426,0.0,0.13297616181073924,0.03854265847881532,0.1452563714390321
"('0029728000', 'Department of Applied Ecology')",0.0009053870529651426,0.0,0.13297616181073924,0.03854265847881532,0.1452563714390321
"('0023259000', 'University of Michigan Biological Statio')",0.0009053870529651426,0.0,0.13297616181073924,0.03854265847881532,0.1452563714390321
"('0037283001', 'Unknown Dept')",0.002037120869171571,0.007914618231424461,0.14209899971052717,2.6220119490999245e-05,0.15311992155020593
"('0037457000', 'Civil and Environmental Engineeering')",0.0009053870529651426,0.0,0.1389745202893992,1.4064885604723308e-05,0.1488743852596267
"('0037283001', 'Civil Engineering')",0.0009053870529651426,0.0,0.1389745202893992,1.4064885604723308e-05,0.14887438525962673
"('0037283000', 'Civil and Environmental Engineering')",0.0009053870529651426,0.0,0.1389745202893992,1.4064885604723308e-05,0.14887438525962673
"('0014449000', 'Political Science')",0.00022634676324128565,0.0,0.11159101816069308,0.018360915228187575,0.11841861007456878
"('0014449000', 'Physics')",0.0022634676324128564,0.0004526935264825713,0.12560413942116336,0.19966355964992547,0.13650460939392495
"('7203584209', 'Unknown Dept')",0.000679040289723857,0.0,0.12300924379106805,1.3560888658010057e-05,0.1316974478416306
"('0013128000', 'Chemistry')",0.0009053870529651426,0.004887810856110629,0.1434555313829269,0.002849520296762184,0.15490594549557743
"('0013128000', 'Department of Chemistry 1460')",0.00022634676324128565,0.0,0.12546146419037882,0.000262041574243677,0.13266048309620046
"('0018408000', 'Department of Electrical Engineering')",0.0009053870529651426,0.0,0.1451904433270893,0.00015231042367409197,0.15878789738001925
"('0013128000', 'Electrical Engineering & Computer Scienc')",0.0011317338162064282,0.0010263053776419992,0.14528593508500773,0.0001545468525438109,0.1592896327052041
"('0013151000', 'Electrical Engineering')",0.0015844273426889996,0.005510766366235713,0.1457845240059396,0.0001562955407787618,0.16012064051335076
"('0026633000', 'ECE')",0.000679040289723857,0.007959301728146998,0.14922650814024185,2.6907943267264348e-05,0.16195001429836078
"('0026633000', 'Language, Literacy, Sociocultural Studie')",0.0004526935264825713,0.0,0.14889959893498703,2.6314339172880695e-05,0.16088052584204585
"('0033787000', 'Mech Engr/Appl Mech & Comp Info Sci')",0.0004526935264825713,0.0,0.10313514018255246,1.727392025060792e-07,0.10745946738710146
"('0020834000', 'GESTAR II')",0.00022634676324128565,0.0,0.11543084077964154,8.88324189900891e-07,0.12182887311621993
"('0017749000', 'Mathematics')",0.001358080579447714,0.0,0.10778238594779214,2.697169795269555e-07,0.11362347468583867
"('0017756000', 'Statistics')",0.002037120869171571,0.0013574656459727544,0.10779027496523289,2.9742844369288926e-07,0.11381209698853974
"('0017392000', 'Department of Mathematics')",0.001358080579447714,0.0,0.10778238594779214,2.697169795269555e-07,0.11362347468583865
"('0080010000', 'Department of Mathematics')",0.001358080579447714,0.0,0.10778238594779214,2.697169795269555e-07,0.11362347468583865
"('0017756000', 'Department of Mathematics')",0.001358080579447714,0.0,0.10778238594779214,2.697169795269555e-07,0.11362347468583867
"('0017392000', 'Institute for Policy Research')",0.002037120869171571,0.0013574656459727544,0.10779027496523289,2.7817594926220354e-07,0.1139629948307006
"('0026278000', 'Ecology and Evolutionary Biology')",0.0004526935264825713,0.0004526935264825713,0.10572160137835315,0.000350457025373667,0.11202243183576112
"('0026278000', 'Department of Chemistry')",0.00022634676324128565,0.0,0.09561528805782799,3.222777327448568e-05,0.10005867785268287
"('0018259000', 'Department of Chemistry')",0.00022634676324128565,0.0,0.1336519845111326,1.4702666867808495e-05,0.1424947367907976
"('0017756000', 'INTEGRATIVE BIOLOGY')",0.000679040289723857,0.0,0.1342082080257602,4.780001107752931e-05,0.14459266966623152
"('0017756000', 'Entomology')",0.000679040289723857,0.0,0.1342082080257602,4.780001107752931e-05,0.14459266966623152
"('0017756000', 'Communication')",0.0015844273426889996,0.004266378166744081,0.1453767686739059,0.00012265781419886247,0.15861809899270166
"('0021998000', 'Khoury College of Computer Sciences')",0.0004526935264825713,0.0,0.12435962393739797,5.12272684241655e-06,0.13161236052815914
"('0021998000', 'College of Computer and Information Sci.')",0.0004526935264825713,0.0,0.12435962393739797,5.12272684241655e-06,0.13161236052815914
"('0019281000', 'Department of Physics')",0.000679040289723857,0.0,0.09880353348988036,5.895965297198343e-08,0.10383354635340607
"('0034017000', 'Department of Chemistry')",0.000679040289723857,0.0,0.09880353348988036,5.895965297198343e-08,0.10383354635340607
"('0022335000', 'Robotics Engineering Department')",0.000679040289723857,0.0,0.13729877556094225,0.004709893395195751,0.14847460773218937
"('0022335000', 'Chemistry & Biochemistry')",0.00022634676324128565,0.0,0.09840958702721968,8.730950718557548e-06,0.10237065100470213
"('0022335000', 'Chemistry')",0.0004526935264825713,0.0004526935264825713,0.10914840526718878,9.494193554050197e-05,0.11482889050460084
"('4203659000', 'ECE')",0.0009053870529651426,0.0,0.12039787436980515,2.707982414671218e-05,0.13023822715658176
"('0022921000', 'Electrical and Computer Engineering')",0.0009053870529651426,0.0,0.12039787436980515,2.707982414671218e-05,0.1302382271565818
"('0022921000', 'Mechanical Engineering-Engineering Mecha')",0.0009053870529651426,0.0,0.12039787436980515,2.707982414671218e-05,0.13023822715658182
"('0010819000', 'School of Computing and Augmented Intell')",0.0011317338162064282,0.0035682576159545855,0.1449475065616798,0.0018230074901536932,0.16140140542019135
"('0021287000', 'Chemistry')",0.0004526935264825713,0.0,0.10037259178480552,1.5730720323445516e-07,0.10578581607955513
"('0021287000', 'Department of Chemistry')",0.0004526935264825713,0.0,0.10037259178480552,1.5730720323445516e-07,0.10578581607955513
"('0037986000', 'Materials Science and Engineering')",0.00022634676324128565,0.0,0.12226711684286268,3.379075464619317e-06,0.1317106544325405
"('0033787000', 'Materials Science and Engineering')",0.00022634676324128565,0.0,0.09975614161849711,4.171186612809519e-08,0.10504695840033983
"('0025320000', 'Microbiology & Immunology Dept')",0.00022634676324128565,0.0,0.09022034348261145,6.797642076358678e-09,0.09380199966302966
"('0025320000', 'Earth Sciences')",0.0004526935264825713,0.0004526935264825713,0.09916502065002694,7.375156380304036e-08,0.10420627569535876
"('0013284000', 'ECE & CS')",0.000679040289723857,0.0,0.11611648444070648,1.2056938067091622e-06,0.12189849126528567
"('0013284000', 'Electrical Engineering')",0.0009053870529651426,0.0023275947610739943,0.13013254786450662,1.025808686782393e-05,0.13832093350540559
"('0032102000', 'EECS')",0.000679040289723857,0.0,0.12640192263675898,3.940995070537199e-06,0.13562812519603532
"('0032102000', 'Electrical and Computer Engineering')",0.000679040289723857,0.0,0.12640192263675898,3.940995070537199e-06,0.13562812519603532
"('0010835000', 'Department of Astronomy')",0.0004526935264825713,0.0,0.14871415107041874,0.00010683395597323362,0.1607428284205098
"('0013144000', 'Mathematics')",0.00022634676324128565,0.0,0.11167846309403438,5.835040657861098e-07,0.11786049195510374
"('0022905000', 'CGCEO')",0.0009053870529651426,0.0,0.11991748547852994,2.1234418029624226e-05,0.12975143149663082
"('0022905000', 'Community Sustainability')",0.0009053870529651426,0.0,0.11991748547852994,2.1234418029624226e-05,0.12975143149663082
"('0022905000', 'School of Journalism')",0.0009053870529651426,0.0,0.11991748547852994,2.1234418029624226e-05,0.12975143149663082
"('0014175000', 'Biomedical Engineering')",0.000679040289723857,0.0004526935264825713,0.11704241396667285,1.0964943114976908e-05,0.12424205012729844
"('0025163000', 'Medicine')",0.0009053870529651426,0.0,0.11703931334110416,1.188121841813263e-05,0.12412887674567782
"('0038950000', 'Department of Botany')",0.00022634676324128565,0.0,0.11944091486658195,2.1473214509520663e-05,0.12699952077498394
"('0021881000', 'Biology')",0.0004526935264825713,0.0,0.14860910222341822,9.859957816234925e-05,0.16205153430142044
"('0014266000', 'Yale School of Public Health')",0.00022634676324128565,0.0,0.09609779440553357,4.134590016977108e-05,0.10045765993055876
"('0014811000', 'ISENSE')",0.0009053870529651426,0.0,0.11783847220740425,5.127954770192707e-06,0.12489693107053769
"('0014811000', 'Electrical Eng. and Computer Science')",0.0009053870529651426,0.0,0.11783847220740425,5.127954770192707e-06,0.12489693107053769
"('0025163000', 'Molecular Microbiology & Immunology, Vet')",0.000679040289723857,0.0,0.12900023359028265,1.1796039691372512e-05,0.13972757506313313
"('0036327040', 'Veterinary Pathobiology')",0.000679040289723857,0.0,0.12900023359028265,1.1796039691372512e-05,0.13972757506313316
"('0036327000', 'Microbial Pathogenesis and Immunology')",0.000679040289723857,0.0,0.12900023359028265,1.1796039691372512e-05,0.13972757506313316
"('0013706000', 'Linguistics')",0.0011317338162064282,0.0008358566071245095,0.10821270237832807,2.772217755608928e-07,0.11486376133741046
"('0013508000', 'Computer Science')",0.0018107741059302852,0.0034741521401148493,0.12086889910264828,2.049103692896875e-06,0.12999953274681575
"('0013706000', 'Cognitive and Computer Science')",0.0011317338162064282,0.0004526935264825713,0.10798523696624544,2.703557575042761e-07,0.11442187072462805
"('0038950000', 'Educational Psychology')",0.0009053870529651426,0.0,0.1079825976438383,2.681916489456297e-07,0.11430869734300741
"('0027078000', 'Sociology')",0.000679040289723857,0.0,0.14326944903849273,2.124454016141042e-05,0.15351398953141734
"('0021782000', 'Department of Brain and Cognitive Scienc')",0.0009053870529651426,0.0,0.1405797562605403,3.564153328722166e-05,0.1535355677218496
"('0020776000', 'Department of Physics & Astronomy')",0.00022634676324128565,0.0,0.10127220630372492,6.005942472679179e-08,0.10716089558458755
"('0018259000', 'Earth and Atmospheric Sciences')",0.00022634676324128565,0.0,0.1336519845111326,1.4702666867808495e-05,0.1424947367907976
"('0024414000', 'Unknown Dept')",0.0011317338162064282,0.0004526935264825713,0.14051269003244068,8.592518596173259e-05,0.15202818847567495
"('5300004629', 'Unknown Dept')",0.001358080579447714,0.0009051820751401561,0.14051715912343754,8.674199066062939e-05,0.15214136185729563
"('5300009754', 'Psychology Department')",0.0004526935264825713,0.0,0.12481988981494561,5.265512723022913e-06,0.13596593715092836
"('5300009754', 'Marine Science')",0.0004526935264825713,0.0,0.12481988981494561,5.265512723022913e-06,0.13596593715092836
"('0037457000', 'Engineering Systems and Environment')",0.0004526935264825713,0.0,0.10040452706695151,1.022914301849267e-07,0.1045482666885623
"('0028829000', 'School of Information Studies')",0.002489814395654142,0.01627463146314395,0.14688476627435335,3.5702276627134066e-05,0.16068467961292673
"('0026393000', 'School of Business')",0.0018107741059302852,0.0018095442389803665,0.1373286500264213,1.1529887545786117e-05,0.1485221131667479
"('0028829000', 'Broadcast and Digital Journalism')",0.000679040289723857,0.0,0.1373115773115773,1.0222426242476192e-05,0.14814486856134582
"('0020297000', 'Mathematics')",0.00022634676324128565,0.0,0.1049082231140028,2.2729728453849373e-07,0.11003403619639203
"('0017749000', 'University of Chicago Library')",0.00022634676324128565,0.0,0.12348025378015037,1.1213453217519274e-05,0.13086537412589838
"('4025938000', 'Economics, Lazaridis School of Business')",0.00022634676324128565,0.0,0.12866212359485119,1.795873203694817e-05,0.13660979129516868
"('0013201000', 'Mechanical Engineering')",0.000679040289723857,0.0,0.1014838976432214,1.8916076142790878e-07,0.1059528165301986
"('0038950000', 'Department of Psychology')",0.00022634676324128565,0.0,0.1249964634318857,3.4829370728969426e-06,0.13184033787247898
"('0018697000', 'Industrial & Manufacturing Systems Engr')",0.0009053870529651426,0.0,0.12100794302930704,5.023363416951312e-06,0.12945630020098076
"('0018697000', 'Genetics, Dev and Cell Biology; Agronomy')",0.0009053870529651426,0.0,0.12100794302930704,5.023363416951312e-06,0.12945630020098076
"('0022335000', 'Mechanical Engineering')",0.002037120869171571,0.0009011612402775533,0.1301248821866164,0.0019805318181270975,0.14046792914742806
"('0022335000', 'Mechanical Engineering Department')",0.0009053870529651426,0.0,0.129674200176108,0.0011162987732099559,0.13919148691353905
"('0021782000', 'Department of Physics')",0.00022634676324128565,0.0,0.11142777875860678,0.0004134862634875453,0.11772018869637517
"('4000840000', 'APS Programs')",0.002037120869171571,0.0,0.12560056858564322,0.19811729654334045,0.13639143601230436
"('4000840000', 'Education')",0.002037120869171571,0.0,0.12560056858564322,0.19811729654334045,0.13639143601230427
"('5300004653', 'Physical and Environmental Sciences')",0.002037120869171571,0.0,0.12560056858564322,0.19811729654334045,0.13639143601230436
"('0022269000', 'Physical and Biological Sciences')",0.002037120869171571,0.0,0.12560056858564322,0.19811729654334045,0.13639143601230433
"('0001479000', 'Physics and Astronomy')",0.002037120869171571,0.0,0.12560056858564322,0.19811729654334045,0.13639143601230433
"('0019992001', 'Industrial Engineering')",0.000679040289723857,0.0,0.1397526334103059,5.1815846165015014e-05,0.15484695187614958
"('0033332000', 'Center for Teaching and eLearning')",0.000679040289723857,0.0,0.1397526334103059,5.1815846165015014e-05,0.15484695187614958
"('0031724000', 'Unknown Dept')",0.0004526935264825713,0.0,0.1095734126984127,4.590392617051752e-07,0.1159529393595234
"('0031708000', 'School of Engineering and Construction T')",0.0004526935264825713,0.0,0.1095734126984127,4.590392617051752e-07,0.1159529393595234
"('0021550000', 'Physics and Mathematics')",0.00022634676324128565,0.0,0.10155154579933341,1.7616796237146498e-06,0.10626326971625458
"('0029744000', 'UNC Eshelman School of Pharmacy')",0.000679040289723857,0.006700699211684382,0.1330081888246628,1.104878433452346e-05,0.14276550495427767
"('0001024000', 'Civil Engineering')",0.0009053870529651426,0.0,0.11814413691670009,2.4555564777337224e-05,0.12608249227760238
"('0001024000', 'Design & Innovation')",0.0009053870529651426,0.0,0.11814413691670009,2.4555564777337224e-05,0.12608249227760235
"('0001024000', 'Electrical Engineering Computer Science')",0.0009053870529651426,0.0,0.11814413691670009,2.4555564777337224e-05,0.12608249227760238
"('0027078000', 'Department of Computer Science')",0.0009053870529651426,0.0,0.13896140659893688,4.701981554444484e-05,0.1491832955787224
"('0027854000', 'Electrical & Computer Engineering')",0.0009053870529651426,0.0,0.13896140659893688,4.701981554444484e-05,0.14918329557872234
"('5300004629', 'HNIP')",0.0004526935264825713,0.0,0.1232116462615389,8.799411727401752e-06,0.1305568820560963
"('5300004629', 'HACU')",0.0004526935264825713,0.0,0.1232116462615389,8.799411727401752e-06,0.1305568820560963
"('0018697000', 'Materials Science and Engineering')",0.002489814395654142,0.005780764847818305,0.1268410324136545,6.607733971030521e-05,0.13695869733103777
"('0031278000', 'Unknown Dept')",0.0011317338162064282,0.0004526935264825713,0.11765019173412868,1.326809073229131e-05,0.12525833686709623
"('0018697000', 'School of Education')",0.0015844273426889996,0.003283770136906353,0.1271659662656151,4.851852473442564e-05,0.13650158817089522
"('0018697000', 'Chemical & Biological Engineering')",0.0011317338162064282,0.0004526935264825713,0.11765019173412868,1.3268090732291308e-05,0.12525833686709625
"('P270019691', 'Unknown Dept')",0.0009053870529651426,0.0,0.11764705882352941,1.316248497774917e-05,0.1251451634854756
"('0020776000', 'Biology')",0.0011317338162064282,0.0006025119463948435,0.1385908777213125,9.558508251460093e-06,0.1487455706106673
"('0016949000', 'Chemistry Physics and Engineering Studie')",0.000679040289723857,0.0,0.13334138170404128,7.097891132416611e-05,0.1437947747137416
"('0010819000', 'Dept. of Physics & Astronomy')",0.0009053870529651426,0.0,0.1440871436957798,0.0018902516905846822,0.16007843635163588
"('0010819000', 'School of Molecular Sciences')",0.0018107741059302852,0.0006169047613308051,0.14491897920356886,0.0021584986111968306,0.1616946110325457
"('0010819000', 'Department of Physics')",0.0009053870529651426,0.0,0.1440871436957798,0.0018902516905846822,0.1600784363516359
"('5300002935', 'Psychology')",0.000679040289723857,0.0,0.12466491718163605,1.6115617850861694e-05,0.13324751646673302
"('0035352000', 'Department of EECS')",0.0009053870529651426,0.0,0.13847359348064567,9.809262059822673e-05,0.15115080583618298
"('0035352000', 'Psychology')",0.0009053870529651426,0.0,0.13847359348064567,9.809262059822673e-05,0.15115080583618298
"('5300011877', 'Computational Science Initiative')",0.0004526935264825713,0.0,0.11880815360619588,2.086514402519522e-06,0.12655979275490306
"('0026294000', 'Rutgers, The State University of NJ, Ins')",0.00022634676324128565,0.0,0.11620811194697249,1.4141857102863096e-06,0.12420783835118225
"('0010819000', 'Computer Science')",0.000679040289723857,0.0,0.148354600402955,0.00020409391601626176,0.16201863186358353
"('0022210000', 'Resource Economic')",0.000679040289723857,0.0,0.148354600402955,0.00020409391601626176,0.1620186318635835
"('0014316000', 'Chemical & Biomolecular Engineering')",0.0009053870529651426,0.0,0.10214792721555571,4.278890098891753e-08,0.10866366093511559
"('0014316000', 'Material Sciences and Engineering')",0.0009053870529651426,0.0,0.10214792721555571,4.278890098891753e-08,0.10866366093511562
"('0010835000', 'Udall Center for Studies in Public Pol')",0.0011317338162064282,0.00022629551878503902,0.1347855268777839,2.7767482252404748e-05,0.1449391040778538
"('0010835000', 'ARL Division of Neurobiology')",0.0009053870529651426,0.0,0.13478141493029072,2.7325455063940496e-05,0.1448259306962332
"('0010835000', 'Law')",0.0009053870529651426,0.0,0.13478141493029072,2.7325455063940496e-05,0.14482593069623317
"('0013508000', 'Forest & Rangeland Stewardship')",0.0018107741059302852,0.002261417854162992,0.1557498413593739,0.00021013113047429625,0.17241167363394488
"('0010835000', 'Native Nations Institute')",0.0011317338162064282,0.00022629551878503902,0.1347855268777839,2.776748225240475e-05,0.14493910407785388
"('0015982001', 'Geography - 204 GG Building')",0.00022634676324128565,0.0,0.1082312591866732,2.396372453777978e-06,0.11363361501432934
"('0015982001', 'Center for Applied Isotope Studies')",0.000679040289723857,0.0004526935264825713,0.12136362387715298,2.5618272510492187e-05,0.12940444068782647
"('0029728000', 'Department of Physics')",0.00022634676324128565,0.0,0.132196289646918,3.1307400446675047e-06,0.14049961531853727
"('0023879000', 'Biochem., Molecular Biology & Biophysics')",0.0004526935264825713,0.0,0.11833083351189201,3.556267985986456e-06,0.12606450918370005
"('0013128000', 'Department of Agr. & Resource Economics')",0.00022634676324128565,0.0,0.11492937228480009,2.007580636482087e-06,0.12224861122169542
"('0013706000', 'Institute for Cognitive Science')",0.00022634676324128565,0.0,0.09746304875358482,2.529324190784148e-08,0.1017788932198211
"('0013151000', 'Physical Sciences Division')",0.00022634676324128565,0.0,0.12836679547897842,0.00010669412109248286,0.13708718598940342
"('0013128000', 'CITRIS and the Banatao Institute')",0.0004526935264825713,0.0,0.11494133257017977,2.2383353221857254e-06,0.12247495798493667
"('0025650000', 'University of Nebraska State Museum')",0.000679040289723857,0.0,0.0963934283158423,1.2104098225599698e-08,0.10067238356772286
"('0025650000', 'Sociology')",0.000679040289723857,0.0,0.0963934283158423,1.2104098225599698e-08,0.10067238356772287
"('0025650000', 'Research')",0.000679040289723857,0.0,0.0963934283158423,1.2104098225599698e-08,0.10067238356772286
"('0015982001', 'Geography')",0.00022634676324128565,0.0,0.10295488441461596,2.6440343719222194e-07,0.10896595371537215
"('0022905000', 'Counseling, Educational Psychology,')",0.0004526935264825713,0.0,0.09975839411113871,5.6256169937593033e-08,0.10381316703797411
"('0022905000', 'Counseling, Educational Psychology, and')",0.0004526935264825713,0.0,0.09975839411113871,5.6256169937593033e-08,0.10381316703797412
"('0030908000', 'Biochemistry')",0.0004526935264825713,0.0,0.1303244837758112,0.028057897459683127,0.14173761013394234
"('0030908000', 'Molecular Genetics')",0.0004526935264825713,0.0,0.1303244837758112,0.028057897459683127,0.14173761013394232
"('0015644000', 'School of Nursing')",0.0004526935264825713,0.0,0.12397923389925634,9.812698796306408e-05,0.13219593645125483
"('0015644000', 'Biostatistics, Rollins School of Public')",0.0004526935264825713,0.0,0.12397923389925634,9.812698796306408e-05,0.13219593645125483
"('0030056000', 'Research and Economic Development')",0.0009053870529651426,0.0,0.12420579139724487,8.90604467502963e-05,0.1332453016667659
"('0029975000', 'ND EPSCoR')",0.0015844273426889996,3.074667374796726e-07,0.12420928336472771,0.00010391345853770613,0.13335847504838652
"('0030056000', 'Anthropology')",0.0009053870529651426,0.0,0.12420579139724487,8.90604467502963e-05,0.1332453016667659
"('0010819000', 'Research Technology Office')",0.0011317338162064282,0.0,0.1284787855875767,0.0004573889394035115,0.13921133064410499
"('0010819000', 'UTO')",0.000679040289723857,0.0,0.1284787855875767,0.0004180429217875621,0.13921133064410499
"('0033787000', '0708 - Statistics')",0.00022634676324128565,0.0,0.11496825231601956,1.6612341746660194e-06,0.12072695009227943
"('0021030000', 'Geographical Sciences')",0.0004526935264825713,0.0,0.13266470482253317,0.030173256115196494,0.14438799028545415
"('0021030000', 'Dept of Civil and Env Engineering')",0.000679040289723857,0.0004526935264825713,0.13266868862796913,0.030408752031788087,0.1445011636670748
"('7203590731', 'Technology')",0.0004526935264825713,0.0,0.11182828359531222,1.7283502904650068e-06,0.11772267229171374
"('7203581792', 'Unknown Dept')",0.0004526935264825713,0.0,0.11182828359531222,1.7283502904650068e-06,0.11772267229171371
"('4005518000', 'DBASSE/BBCSS')",0.00022634676324128565,0.0,0.09023324210612312,8.506626589940954e-09,0.0940094841960008
"('0029728000', 'Friday Institute for Educational Innovat')",0.000679040289723857,0.0,0.11998261908641573,3.98069057974941e-06,0.1283486344147271
"('0029728000', 'Science, Technology, Engineering, and Ma')",0.000679040289723857,0.0,0.11998261908641573,3.98069057974941e-06,0.1283486344147271
"('0015354000', 'College of Education, School of Teaching')",0.000679040289723857,0.0,0.11998261908641573,3.98069057974941e-06,0.1283486344147271
"('4008181000', ""Children's Programming"")",0.000679040289723857,0.0,0.10158190011956222,2.541781247456316e-06,0.10723394229567577
"('4002911000', 'U.S. Division-SIP')",0.0009053870529651426,0.00045132700764932845,0.11302701596397871,1.1747389674836979e-05,0.12088645084577429
"('4008181000', 'Unknown Dept')",0.000679040289723857,0.0,0.10158190011956222,2.541781247456316e-06,0.10723394229567577
"('0031856000', 'Electrical Engineering')",0.0004526935264825713,0.0,0.12163092255595628,1.9627435639067182e-05,0.12968155365983078
"('0031856000', 'Physics and Engineering Physics')",0.0004526935264825713,0.0,0.12163092255595628,1.9627435639067182e-05,0.12968155365983078
"('6250025093', 'Unknown Dept')",0.0004526935264825713,0.0,0.14291721929285414,8.928682100070912e-05,0.15517111466070185
"('0029207000', 'Sanford School of Public Policy')",0.000679040289723857,0.0004526935264825713,0.14728139480614727,0.0001065190040705652,0.15887276108529957
"('0029207000', 'Public Policy')",0.00022634676324128565,0.0,0.12837798570349276,9.860947390911288e-06,0.1356018221002379
"('0020776000', 'Department of Mech.  Engr.')",0.0009053870529651426,0.004496961619895393,0.12361499720201455,4.143514810694641e-06,0.1341603052020657
"('0027110000', 'Plant Pathology & Plant-Microbe Biology')",0.00022634676324128565,0.0,0.11186792596156281,5.587818577499735e-06,0.118533585585984
"('0032102000', 'OSU Botany and Plant Pathology')",0.0011317338162064282,0.0004526935264825713,0.12595506899304368,5.952469257211608e-05,0.13636042293805897
"('0017749000', 'Dept Astron. & Astrophys., Dept Physics')",0.000679040289723857,0.0,0.14195745774693144,0.00013515504408589311,0.15391239400406395
"('0011312000', 'Department of Physics')",0.000679040289723857,0.0,0.14195745774693144,0.00013515504408589311,0.15391239400406395
"('7203589433', 'Unknown Dept')",0.0011317338162064282,0.0,0.1183752210492471,3.2904675124976026e-06,0.12599493239771553
"('0013136000', 'Environmental Science and Policy')",0.0011317338162064282,0.0,0.1183752210492471,3.2904675124976026e-06,0.1259949323977155
"('0021550000', 'Economics')",0.00022634676324128565,0.0,0.12866212359485119,1.795873203694817e-05,0.1366097912951687
"('0028373000', 'Chemical Engineering')",0.0009053870529651426,0.0,0.12936663640888993,0.00013869519389530342,0.13851062799682062
"('0028373000', 'Chemical and Biological Engineering')",0.0009053870529651426,0.0,0.12936663640888993,0.00013869519389530342,0.13851062799682065
"('0033290000', 'Physics Department')",0.001358080579447714,0.0015070571234415736,0.15746516020957338,5.50824236262703e-05,0.1725246322009552
"('P270007334', 'Unknown Dept')",0.0009053870529651426,0.0,0.15608549726196785,4.443119220388027e-05,0.17012850021564246
"('0034140000', 'Natural Resources Sciences')",0.000679040289723857,0.0,0.13267267267267266,0.03361248874051779,0.14453888812761498
"('6250040298', 'Unknown Dept')",0.000679040289723857,0.0,0.13267267267267266,0.03361248874051779,0.14453888812761498
"('0018259000', 'Dept of Forestry and Natural Resources')",0.0009053870529651426,0.0,0.1557223925839766,0.00020073024564364704,0.1719212556469221
"('0018259000', 'Civil Eng/Environ & Ecological Eng')",0.0004526935264825713,0.0,0.15173787608187939,0.00010999278089074688,0.16576697534144227
"('0021303000', 'Biomedical Engineering Department')",0.00022634676324128565,0.0,0.10526817412852343,1.2376171266912728e-06,0.11028853298445432
"('0017756000', 'Department of Electrical & Computer Eng.')",0.00022634676324128565,0.0,0.12926443911287963,1.1889426360890764e-06,0.13849123940794328
"('0019489001', 'Sociology/Environmental Studies')",0.00022634676324128565,0.0,0.10201112932646794,1.86222703848075e-07,0.106793089262198
"('0072793000', 'Natural Sciences')",0.0004526935264825713,0.0,0.09128099173553719,1.0722238041771946e-08,0.09503038032478468
"('0072793000', 'Computer Science')",0.0004526935264825713,0.0,0.09128099173553719,1.0722238041771946e-08,0.0950303803247847
"('0014811000', 'Computer & Electrical Engineering and Co')",0.0004526935264825713,0.0,0.11124540464319888,2.493913012986862e-06,0.11725795424584345
"('0010835000', 'Management Information Systems')",0.0004526935264825713,0.0009051820751401561,0.12092514027644724,2.6385076549106716e-06,0.12788437481737558
"('0036327001', 'University Telecommunications')",0.000679040289723857,0.0,0.1300023540489642,1.6911156480851752e-05,0.14117283017520588
"('0047415000', 'Mathematics')",0.0004526935264825713,0.0,0.1414076753192715,8.005042064142937e-05,0.15517456362861423
"('0014811000', 'Electrical Engineering and Computer Scie')",0.00022634676324128565,0.0,0.10958700235644302,4.1538753911781353e-07,0.1159453944674154
"('0033290000', 'Department of Physics')",0.002037120869171571,0.004148039139185134,0.15725777746137964,6.724943831610771e-05,0.1731113606226768
"('0033290000', 'Meteorology and Atmospheric Sciences')",0.0009053870529651426,0.0,0.14904527359827272,4.806168925930732e-05,0.1632006706135259
"('0033290000', 'Engineering')",0.0009053870529651426,0.0,0.12268473521979395,8.042697991363669e-06,0.13274833685902634
"('0033290000', 'Consortium, Building Energy Innovation')",0.0009053870529651426,0.0,0.12268473521979395,8.042697991363669e-06,0.13274833685902634
"('0033290000', 'Schreyer Institute for Teaching Excellen')",0.0009053870529651426,0.0,0.12268473521979395,8.042697991363669e-06,0.13274833685902634
"('0033290000', 'Information Sciences & Technology')",0.0009053870529651426,0.0,0.12268473521979395,8.042697991363669e-06,0.13274833685902637
"('0039545000', 'School of Modeling, Simulation, and Trai')",0.000679040289723857,0.0,0.15422746631292328,0.00015734315286816488,0.16884060999610903
"('0015362010', 'Atmospheric Sciences')",0.0004526935264825713,0.0004526935264825713,0.13510290205192502,9.019060268680647e-05,0.14495034070350887
"('0015362010', 'Department of Atmospheric Sciences')",0.00022634676324128565,0.0,0.11902580958025756,8.295533045055914e-06,0.12543387441431503
"('0013706000', 'Department of Mathematics')",0.0004526935264825713,0.0,0.12759935304990758,8.734700837568045e-07,0.13630283943208296
"('P270028137', 'Unknown Dept')",0.0004526935264825713,0.0,0.12759935304990758,8.734700837568045e-07,0.13630283943208302
"('0019992001', 'ELEOD')",0.0004526935264825713,0.0,0.0961082468620157,4.688261239395472e-07,0.10108412995266022
"('0019992001', 'Coll of Education & Human Deve')",0.0004526935264825713,0.0,0.0961082468620157,4.688261239395472e-07,0.10108412995266024
"('0036327060', 'Electrical & Computer Engineering')",0.00022634676324128565,0.0,0.128992700729927,9.62461202644709e-06,0.1395012282998919
"('6250001416', 'Instructional')",0.001358080579447714,0.0009051820751401561,0.1036602534021586,2.1738547181589204e-05,0.1098650065084152
"('7203585967', 'Unknown Dept')",0.0009053870529651426,0.0,0.10365538923560602,2.1343424336469387e-05,0.10963865974517392
"('6250016321', 'Unknown Dept')",0.0015844273426889996,0.0006026348054601741,0.11561813043023134,6.724888229718451e-05,0.12422785170917712
"('7203577516', 'Unknown Dept')",0.0015844273426889996,0.0006026348054601741,0.11561813043023134,6.724888229718451e-05,0.12422785170917715
"('0033787000', 'Education')",0.0004526935264825713,0.0007560403298693614,0.12230434902970407,2.230457679875281e-06,0.1294963338446873
"('0037549000', 'Mechanical Engineeering')",0.0009053870529651426,0.0,0.1328322309079976,2.2786649463012072e-05,0.14249374500053535
"('0014316000', 'Chemical Engineering')",0.0004526935264825713,0.0,0.10331602824938028,3.968517906349017e-08,0.10980278324331874
"('0019281000', 'Computing & Information Sciences')",0.00022634676324128565,0.0,0.10958700235644302,4.1538753911781353e-07,0.1159453944674154
"('0022335000', 'Chemical Engineering')",0.0018107741059302852,0.002126993274612734,0.1292493125036569,0.0014686795182937637,0.14005683742239375
"('0022210000', 'Chemistry')",0.0015844273426889996,0.0004526935264825713,0.11387478413279377,9.471415621905924e-05,0.12139774231750844
"('0022210000', 'Physics and Astronomy')",0.0009053870529651426,0.0,0.11387184906438476,8.600256968859298e-05,0.12128456893588782
"('0022210000', 'Economics and Public Policy')",0.0009053870529651426,0.0,0.11387184906438476,8.600256968859298e-05,0.12128456893588781
"('0022210000', 'Environmental Conservation')",0.0009053870529651426,0.0,0.11387184906438476,8.600256968859298e-05,0.12128456893588782
"('0010025000', 'Electrical Eng and Computer Science')",0.0009053870529651426,0.0,0.1378471138845554,7.178411678384535e-05,0.1482752176901103
"('0010025000', 'Winfred Thomas Agricultural Research Sta')",0.0009053870529651426,0.0,0.1378471138845554,7.178411678384535e-05,0.1482752176901103
"('0010025000', 'Dept of Computer Science')",0.0009053870529651426,0.0,0.1378471138845554,7.178411678384535e-05,0.1482752176901103
"('P269972311', 'Archaeology')",0.0004526935264825713,0.0,0.09610406560657805,4.6004921682000464e-05,0.1006274200029897
"('P269972339', 'Archaeology')",0.0004526935264825713,0.0,0.09610406560657805,4.6004921682000464e-05,0.10062742000298971
"('0027078000', 'Marine Biology and Paleo Oceanography')",0.00022634676324128565,0.0,0.12532977787864175,2.176945296705736e-06,0.13190600833199234
"('0027078000', 'Biology and Paleo Environment')",0.0011317338162064282,0.0004526935264825713,0.1432833884672764,2.3642272580582954e-05,0.15377806075519884
"('0022194000', 'Biology')",0.001358080579447714,0.0004526935264825713,0.11786676626737454,5.016435844699614e-06,0.12614280210760506
"('0029744000', 'Mathematics')",0.0011317338162064282,0.012525712995028802,0.14974240780911063,3.2656346981380125e-05,0.16267733574206988
"('0018259000', 'Department of Electrical Engineering')",0.00022634676324128565,0.0,0.15358409233122436,5.1506313136936436e-05,0.16670878038012302
"('0030908000', 'Educational Studies')",0.000679040289723857,0.0,0.1303283282692705,0.031219572025553446,0.141850783515563
"('0015370000', 'Adult, Career and Higher Education')",0.000679040289723857,0.0,0.1303283282692705,0.031219572025553446,0.141850783515563
"('6250014545', 'Research and Evaluation')",0.000679040289723857,0.0,0.1303283282692705,0.031219572025553446,0.14185078351556293
"('0010819000', 'School of Earth & Space Exploration')",0.0004526935264825713,0.0012677627486531028,0.14525727437119842,0.001308714759210247,0.16109498808118
"('0015354000', 'FSRC')",0.0009053870529651426,0.0,0.1499151679674245,0.00019515906297754032,0.16345012753455368
"('0037283000', 'Electrical and Computer Engineering')",0.0011317338162064282,5.4478550818620474e-05,0.12918884145271653,1.4367195690348376e-05,0.13760085294716284
"('0025544000', 'School of Interdisciplinary Informatics')",0.0004526935264825713,0.0,0.12442616948770666,3.7378049966488924e-06,0.13129183451727536
"('0031252000', 'Biomed, Chem & Environmental Engineering')",0.0009053870529651426,0.0,0.14484296111730377,6.52828328735243e-05,0.15729708775204349
"('0029728000', 'Civil, Construction & Environmental Engg')",0.0009053870529651426,0.0,0.14484296111730377,6.52828328735243e-05,0.15729708775204349
"('0020537000', 'School of Computing & Information Scienc')",0.0009053870529651426,0.0,0.14484296111730377,6.52828328735243e-05,0.15729708775204349
"('0021303000', 'ECE')",0.0009053870529651426,0.0,0.09830885625278149,3.7156186887369e-07,0.10345526854993262
"('0021303000', 'Computer Science')",0.0009053870529651426,0.0,0.09830885625278149,3.7156186887369e-07,0.10345526854993262
"('0037986000', 'Applied Physics Lab')",0.000679040289723857,0.002261417854162992,0.12865463016889925,5.100664122774869e-06,0.1398417671699756
"('0037986000', 'Applied Physics Laboratory')",0.0004526935264825713,0.0018095442389803665,0.11401584557020826,4.77309684101745e-07,0.12153997467720655
"('0019489001', 'Department of Mathematics')",0.00022634676324128565,0.0,0.10413180286138544,1.5535985948654244e-06,0.10903831887924215
"('0096354000', 'Electrical and Computer Engineering')",0.002716161158895428,0.025187018636011124,0.15196752889378096,0.0005284183903122808,0.16862678654779018
"('0096354000', 'Applied Research Center')",0.00022634676324128565,0.0,0.13192391531547673,4.971240662100472e-05,0.14159223780092894
"('0037051000', 'Computer Science')",0.0011317338162064282,0.0004526935264825713,0.11114185806646373,2.8882277727382244e-07,0.11698180272994423
"('0037051000', 'Computer Science Department')",0.00022634676324128565,0.0,0.10002716899112479,2.6782437170616412e-08,0.10403787932992072
"('0013128000', 'Civil and Environmental Engineering')",0.0004526935264825713,0.0,0.12866961789375583,1.450404525946248e-05,0.13711288271609634
"('7203597556', 'Unknown Dept')",0.00022634676324128565,0.0,0.13083780021914887,7.182432303823498e-06,0.13993783805350055
"('5300012259', 'Scientific Computing')",0.0009053870529651426,0.0,0.13380175050728368,2.6009531634585423e-05,0.14375046763005037
"('0026278000', 'Department of Civil and Environmental En')",0.0009053870529651426,0.0,0.13380175050728368,2.6009531634585423e-05,0.14375046763005037
"('0037986000', 'Statistics')",0.00022634676324128565,0.0,0.09375265257618198,1.9039503933994912e-08,0.09814825973217514
"('0071043000', 'Teacher Education')",0.0004526935264825713,0.0,0.11559695439441116,3.445971102410481e-07,0.12142621750159734
"('0023879000', 'Family Social Science')",0.00022634676324128565,0.0,0.1447385663740008,0.000515824279153405,0.1579113601804857
"('0013151000', 'Community Health Sciences')",0.0009053870529651426,0.00361580883276095,0.1296247396062553,5.850426399235547e-06,0.13847705975931343
"('5300000720', 'NISS')",0.00022634676324128565,0.0,0.11999565429952741,0.00034992195581205055,0.127509736806597
"('0029728000', 'Teacher Education and Learning Sciences')",0.0004526935264825713,0.0,0.09495765808365215,2.0655563112914044e-08,0.09897762318840299
"('0039545000', 'College of Education & Human Performance')",0.0004526935264825713,0.0,0.09495765808365215,2.0655563112914044e-08,0.09897762318840297
"('0022269000', 'Biomedical Engineering')",0.0009053870529651426,0.0,0.12026677555464815,0.00031241739451376964,0.12775334756684384
"('0022269000', 'Unknown Dept')",0.0009053870529651426,0.0,0.12026677555464815,0.00031241739451376964,0.12775334756684384
"('0022269000', 'Mechanical Engineering')",0.0009053870529651426,0.0,0.12026677555464815,0.00031241739451376964,0.12775334756684384
"('0028365000', 'Unknown Dept')",0.001358080579447714,0.0008293302436656468,0.12376043475824976,0.000361279395298574,0.1321680381888613
"('0014175000', 'Psychological Sciences')",0.0004526935264825713,0.0004526935264825713,0.13327702193127997,0.00036910943879458845,0.1429889303644386
"('0013052000', 'Graduate School of Education')",0.0009053870529651426,0.0,0.12110745614035087,5.857880315260211e-05,0.12937253600732518
"('0017392000', 'School of Education and Social Policy')",0.0009053870529651426,0.0,0.12110745614035087,5.857880315260211e-05,0.12937253600732518
"('0033795000', 'Psychology')",0.0009053870529651426,0.0,0.12110745614035087,5.857880315260211e-05,0.12937253600732518
"('0014175000', 'Geography')",0.000679040289723857,0.0,0.11702691248145794,2.687111023613316e-06,0.12393664405004973
"('0014175000', 'Educational Leadership')",0.000679040289723857,0.0,0.11702691248145794,2.687111023613316e-06,0.12393664405004973
"('0027078000', 'Department of Economics, Columbia Univ.')",0.0004526935264825713,0.0,0.1432787416896384,2.146532728387722e-05,0.1536648873735782
"('0036327040', 'Biological and Agricultural Engineering')",0.0004526935264825713,0.0,0.10885258826717914,0.0004232750087155779,0.11604182016083071
"('0036327060', 'Nuclear /Engineering')",0.0004526935264825713,0.0,0.10885258826717914,0.0004232750087155779,0.11604182016083074
"('0036582000', 'Computer Sciences')",0.00022634676324128565,0.0,0.145405476566614,7.977438641570494e-06,0.1566682073019773
"('0023259000', 'Ecology and Evolutionary Biology')",0.0004526935264825713,0.0,0.1361311394589265,0.0001530981154942978,0.1505695265339959
"('0034140000', 'Unknown Dept')",0.000679040289723857,0.0,0.11561510480726454,9.900713013714013e-06,0.12153904856168936
"('0034017000', 'Psychology')",0.000679040289723857,0.0,0.11561510480726454,9.900713013714013e-06,0.12153904856168939
"('0022103000', 'Computer and Information Science')",0.000679040289723857,0.0,0.11561510480726454,9.900713013714013e-06,0.12153904856168936
"('0014811000', 'School of Urban and Regional Planning')",0.0004526935264825713,0.0,0.12840783584258558,5.60869612120458e-06,0.13690903684113187
"('5300001194', 'Public Management and Policy')",0.0011317338162064282,0.004752264335720996,0.14481447489183166,3.5343071863760104e-05,0.1572725988864502
"('0014662000', 'Physical Sciences')",0.0011317338162064282,0.0,0.09730848861283643,3.512075274384104e-08,0.10150855976588744
"('0014662000', 'Biology')",0.000679040289723857,0.0,0.09730848861283643,3.213145147110644e-08,0.10150855976588741
"('0014662000', 'College of Arts & Sciences')",0.000679040289723857,0.0,0.09730848861283643,3.213145147110644e-08,0.10150855976588741
"('0017749000', 'Committee On Human Development')",0.00022634676324128565,0.0,0.14085315309570873,0.00010964446037030452,0.15241779497098606
"('0022905000', 'Fisheries of Wildlife/ Lyman Briggs')",0.0004526935264825713,0.0,0.13612275080108455,0.00015282873875003227,0.15049407761291547
"('0022905000', 'Lyman Briggs and Fisheries & Wildlife')",0.0004526935264825713,0.0,0.13612275080108455,0.00015282873875003227,0.1504940776129155
"('0027110000', 'Civil & Environmental Engineering')",0.00022634676324128565,0.0,0.1307603516145263,1.4136222319183267e-05,0.14209380754446985
"('6250023909', 'Center for Addiction Research')",0.00022634676324128565,0.0,0.13947908445146015,0.00033803520369871684,0.15156998011796477
"('5300011310', 'Unknown Dept')",0.00022634676324128565,0.0,0.12076647623212967,3.688901054108933e-06,0.12872496574397846
"('0022905000', 'Information Technology Services')",0.00022634676324128565,0.0,0.11986542948613599,1.4424124535983376e-05,0.12898778063112393
"('0030908000', 'Sch of Earth Sci & Sch of Envir')",0.0004526935264825713,0.0,0.11504609134940888,1.1141079315143485e-05,0.12298320517820244
"('0035949000', 'Linguistics')",0.00022634676324128565,0.0,0.09339590732284796,6.397766799985606e-08,0.09724861774298396
"('0022210000', 'Department of Chemistry')",0.00022634676324128565,0.0,0.10223538668024251,8.711586530466255e-06,0.10725164722015651
"('0019893001', 'Chemical & Materials Engineering')",0.0009053870529651426,0.003198278388299142,0.10603624144965798,1.1008433921233867e-07,0.11183100608046546
"('0010819000', 'T. Denny Sanford School of Social and Fa')",0.0004526935264825713,0.0,0.11184243835755152,3.2513533235406736e-05,0.11884619015107806
"('0010819000', 'School of Social Transformation')",0.0004526935264825713,0.0,0.11184243835755152,3.2513533235406736e-05,0.11884619015107808
"('0013151000', 'GSE&IS')",0.00022634676324128565,0.0,0.10630925453582944,4.890680544901269e-08,0.11135207753453849
"('0028035000', 'Department of Computer Science')",0.001358080579447714,0.0,0.14415766632949392,9.288206838727137e-05,0.16035623686710015
"('0034140000', 'IT Services')",0.001358080579447714,0.0,0.14415766632949392,9.288206838727137e-05,0.16035623686710015
"('0026294000', 'Office of Advanced Research Computing')",0.001358080579447714,0.0,0.14415766632949392,9.288206838727137e-05,0.16035623686710015
"('P270085499', 'Unknown Dept')",0.001358080579447714,0.0,0.14415766632949392,9.288206838727137e-05,0.16035623686710015
"('0023259000', 'Biopsychology/Biological Anthropology')",0.000679040289723857,0.0,0.12399663205164188,2.7996095370714574e-06,0.132272944976657
"('0030056000', 'Teaching/Learning')",0.0004526935264825713,0.0,0.12418833450456782,7.243864853173926e-05,0.13290578152190397
"('0020255000', 'College of Sciences and Engineering')",0.0004526935264825713,0.0,0.11756879024961414,8.883065239733613e-07,0.1234027493445841
"('0020255000', 'Office of Research')",0.0004526935264825713,0.0,0.11756879024961414,8.883065239733613e-07,0.12340274934458408
"('0020255000', 'SMED')",0.001358080579447714,0.0009051820751401561,0.13322477534527472,8.698153541747952e-06,0.1421797884224318
"('0031005000', 'Electrical Engineering and Computer Scie')",0.0009053870529651426,0.0,0.11035068438405435,1.285269061152652e-05,0.1174066131056906
"('0031005000', 'SEECS, Russ College of Engineering')",0.0009053870529651426,0.0,0.11035068438405435,1.285269061152652e-05,0.1174066131056906
"('0031005000', 'Physics and Astronomy')",0.0015844273426889996,0.004517711262701322,0.12400359267991468,9.954195735003612e-05,0.1343203065984866
"('0031005000', 'Electrical Engineering & Computer Scienc')",0.0009053870529651426,0.0,0.11035068438405435,1.285269061152652e-05,0.1174066131056906
"('0031005000', 'Chemistry and Biochemistry')",0.002037120869171571,0.002713086491520631,0.11036722458156382,1.4515302589985326e-05,0.1178593066321732
"('0015362010', 'Unknown Dept')",0.00022634676324128565,0.0,0.11939249810831261,6.920565624212893e-07,0.12691213394020037
"('0027078000', 'Chemistry Department')",0.00022634676324128565,0.0,0.12864339166642402,2.762248035319453e-06,0.1364287792083169
"('0036566000', 'Mathematics')",0.00022634676324128565,0.0,0.09649448509337119,3.759471005042734e-08,0.1000153975041116
"('0013128000', 'Mathematics')",0.0004526935264825713,0.0004526935264825713,0.10679752465673951,4.0874751759239144e-07,0.11174892153458926
"('0020834000', 'Transportation')",0.0009053870529651426,0.0,0.14000950720963398,2.7090889791915604e-05,0.15060654098680287
"('0021022000', 'JFI/Department of Finance and Economics')",0.0009053870529651426,0.0,0.14000950720963398,2.7090889791915604e-05,0.15060654098680287
"('0021022000', 'Unknown Dept')",0.0009053870529651426,0.0,0.14000950720963398,2.7090889791915604e-05,0.15060654098680287
"('0001057000', 'Provost Office')",0.0009053870529651426,0.0,0.1332127242575004,0.0009016487647282802,0.1443235295713781
"('0001057000', 'The Robotics Institute')",0.0009053870529651426,0.0,0.1332127242575004,0.0009016487647282802,0.14432352957137812
"('0036756000', 'Mathematics, University of Utah')",0.00022634676324128565,0.0,0.11074902236037301,3.748397143317417e-07,0.11783842121331684
"('5300008543', 'IEN')",0.0009053870529651426,0.0,0.09122256406020937,1.8600186959251262e-07,0.09577098504459855
"('0015693000', 'Electrical and Computing Engineering')",0.0009053870529651426,0.0,0.09122256406020937,1.8600186959251262e-07,0.09577098504459855
"('0029769000', 'Nanoscience')",0.0009053870529651426,0.0,0.09122256406020937,1.8600186959251262e-07,0.09577098504459855
"('0010751000', 'Information Technology')",0.001358080579447714,0.0,0.14699717185160538,0.0024852590823930586,0.16368156075602805
"('0010819000', 'SFAz Center for STEM at ASU')",0.001358080579447714,0.0,0.14699717185160538,0.0024852590823930586,0.16368156075602805
"('0010819000', 'SFAz Center for STEM')",0.001358080579447714,0.0,0.14699717185160538,0.0024852590823930586,0.16368156075602802
"('6250010436', 'Unknown Dept')",0.001358080579447714,0.0,0.14699717185160538,0.0024852590823930586,0.163681560756028
"('0010751000', 'Business')",0.001358080579447714,0.0,0.14699717185160538,0.0024852590823930586,0.163681560756028
"('0033787000', 'Annenberg School of Communication')",0.00022634676324128565,0.0,0.13083780021914887,7.182432303823498e-06,0.13993783805350055
"('0017749000', 'Department of Statistics')",0.00022634676324128565,0.0,0.12264727111209817,8.355733789121606e-05,0.1302395720571359
"('0028035000', 'Industrial and Systems Engineering')",0.000679040289723857,0.0,0.1436561097743383,3.274640410582312e-05,0.15527330046343069
"('0018408000', 'Civil & Environmental Eng & Earth Sci')",0.000679040289723857,0.0,0.1436561097743383,3.274640410582312e-05,0.15527330046343069
"('0028373000', 'School of Social work')",0.0009053870529651426,0.0,0.1374012564533184,0.0001925949233805106,0.14833838386350773
"('0028373000', 'School of Social Work')",0.0009053870529651426,0.0,0.1374012564533184,0.0001925949233805106,0.14833838386350773
"('0030908000', 'Department of Psychology')",0.00022634676324128565,0.0,0.1161378512657396,0.003219161103508033,0.12399721517501652
"('0017392000', 'Managerial Economics')",0.000679040289723857,0.0004526935264825713,0.09589754721076622,1.7727689230225655e-08,0.1003007236249229
"('0027110050', 'Unknown Dept')",0.0004526935264825713,0.0,0.09589546569425451,1.759005174382201e-08,0.10018755024330225
"('0036756000', 'Geography')",0.0011317338162064282,0.0012461885489857354,0.12741535444425217,1.4221295841279984e-05,0.1365339124308113
"('0011510001', 'Teacher Education, CRMSE')",0.0009053870529651426,0.0,0.11323559565306542,1.3705463877920497e-07,0.11978059193710978
"('0011510001', 'Department of Chemistry and Biochemistry')",0.0009053870529651426,0.0,0.11323559565306542,1.3705463877920497e-07,0.11978059193710976
"('0011510000', 'School of Teacher Education')",0.0009053870529651426,0.0,0.11323559565306542,1.3705463877920497e-07,0.11978059193710976
"('0011510001', 'School of Teacher Education')",0.0009053870529651426,0.0,0.11323559565306542,1.3705463877920497e-07,0.11978059193710978
"('0036772000', 'Electrical & Computer Engineering')",0.0011317338162064282,0.0,0.1362066839314342,8.610154005425256e-06,0.14713221238798385
"('0036772000', 'Economics')",0.0011317338162064282,0.0,0.1362066839314342,8.610154005425256e-06,0.14713221238798385
"('4001855000', 'Unknown Dept')",0.000679040289723857,0.0,0.1289625780839512,8.119255189762045e-06,0.1388296961576722
"('4015152000', 'Curriculum Development')",0.000679040289723857,0.0,0.1289625780839512,8.119255189762045e-06,0.13882969615767218
"('0017749000', 'Computation Institute')",0.000679040289723857,0.0,0.1425115318860682,0.00014336368675267356,0.1548785484672759
"('0017749000', 'Dept. of EECS, Computer Science Division')",0.000679040289723857,0.0,0.1425115318860682,0.00014336368675267356,0.1548785484672759
"('0012690000', 'Mathematics')",0.0009053870529651426,0.0,0.11254330548196453,7.866530316773189e-07,0.12036926959636098
"('P270027406', 'Unknown Dept')",0.0004526935264825713,0.0,0.11254330548196453,7.202765349949085e-07,0.12036926959636098
"('0033290000', 'Comp Sci & Engr Dept, and Elec Engr Dept')",0.0004526935264825713,0.0,0.13950991537198434,1.164149715528014e-05,0.1491410009687502
"('0013052000', 'Management Science and Engineering')",0.00022634676324128565,0.0,0.0875076752431319,1.6323601025286183e-09,0.09061689467707543
"('0023879000', 'Astronomy')",0.000679040289723857,0.0004526935264825713,0.1296665884010331,1.1791182574078107e-05,0.1393922211911113
"('0020776000', 'Physics & Astronomy')",0.000679040289723857,0.0,0.10127220630372492,6.614617932002023e-08,0.10716089558458755
"('0025205000', 'Political Science')",0.00022634676324128565,0.0,0.13969518750395243,3.3923569142509306e-05,0.1492716471949153
"('P270041654', 'Unknown Dept')",0.001358080579447714,0.0,0.13050156554616885,1.3691829454867026e-05,0.13943508267297286
"('P270041809', 'Unknown Dept')",0.001358080579447714,0.0,0.13050156554616885,1.3691829454867026e-05,0.13943508267297286
"('P270041866', 'Unknown Dept')",0.001358080579447714,0.0,0.13050156554616885,1.3691829454867026e-05,0.13943508267297286
"('P270069101', 'Unknown Dept')",0.001358080579447714,0.0,0.13050156554616885,1.3691829454867026e-05,0.13943508267297286
"('P270071441', 'Unknown Dept')",0.001358080579447714,0.0,0.13050156554616885,1.3691829454867026e-05,0.13943508267297286
"('0039792000', 'Mathematics, Science and Technology')",0.000679040289723857,0.0,0.12525160887931278,3.3215589732152793e-05,0.13625454093109687
"('0013128000', 'Education')",0.000679040289723857,0.0,0.12525160887931278,3.3215589732152793e-05,0.13625454093109685
"('0039792000', 'Department of Mathematics, Science & Tec')",0.000679040289723857,0.0,0.12525160887931278,3.3215589732152793e-05,0.13625454093109687
"('5300011617', 'Department of Mathematics')",0.0009053870529651426,0.0,0.13717940756380798,0.00016657195792140972,0.14896852116747872
"('0020297000', 'Department of Mathematics')",0.0015844273426889996,0.006031477879780503,0.1379116591228344,0.00017159752121817108,0.15027756874180462
"('0033290000', 'Agricultural Economics, Sociology, and E')",0.00022634676324128565,0.0,0.1396863538636651,4.122340614841761e-05,0.1542056360469659
"('0020834000', 'History, Geography and Museum Studies')",0.00022634676324128565,0.0,0.09198609173624268,7.941165527960139e-09,0.09643210560592724
"('0011080000', 'Mathematics')",0.00022634676324128565,0.0,0.09807969807969807,2.39809367383302e-07,0.10217701038623905
"('0096354000', 'Biomedical Engineering')",0.000679040289723857,0.0,0.13193573433673775,6.129258793257057e-05,0.14185630902471044
"('0096354000', 'Electrical and Computer Engg')",0.000679040289723857,0.0,0.13193573433673775,6.129258793257057e-05,0.14185630902471044
"('0027854000', 'Applied Psychology')",0.000679040289723857,0.0,0.14288486416558863,0.00015006683301351057,0.15622501084248372
"('7203581285', 'Unknown Dept')",0.00022634676324128565,0.0,0.130320639509159,0.02547771349406981,0.1416244367523217
"('0010835000', 'Institute of the Environment')",0.0004526935264825713,0.0,0.11878259934398021,5.180192599619417e-06,0.12535406119856674
"('0033290000', 'ESM')",0.00022634676324128565,0.0,0.13107458612709905,4.641088045882992e-06,0.14058152061207652
"('0010090000', 'Geosciences')",0.0004526935264825713,0.0,0.11807151638248971,7.158091215268383e-07,0.12502515152469848
"('0026633000', 'Unknown Dept')",0.0022634676324128564,0.008742844312843667,0.1338706745045755,6.955034014560508e-06,0.14501800008250829
"('0039545000', 'Department of Sociology')",0.0004526935264825713,0.0,0.11807151638248971,7.158091215268382e-07,0.12502515152469848
"('0014894000', 'Earth, Ocean and Atmospheric Science')",0.00022634676324128565,0.0,0.09008972267536705,1.0529036987456878e-08,0.09380937647562684
"('6250019332', 'Unknown Dept')",0.0011317338162064282,0.0,0.152676504129661,0.00023435424554068418,0.1673298634366983
"('6250019332', 'Virology')",0.0011317338162064282,0.0,0.152676504129661,0.00023435424554068418,0.1673298634366983
"('0021030000', 'Clark School of Engineering')",0.0004526935264825713,0.0,0.12178851030984673,2.609273533986527e-05,0.1314178307128265
"('0021303000', 'Center for Space Physics')",0.0004526935264825713,0.0,0.09822579927964782,2.151353974786418e-07,0.10226073537826072
"('0010637000', 'Department of Geosciences')",0.0009053870529651426,0.0,0.0940020000425541,1.5221289677174123e-06,0.09898423113928298
"('0037549000', 'Virginia Bioinformatics Institute')",0.0009053870529651426,0.0,0.14322300385774953,0.00014195387525119522,0.15498417758490057
"('0037549000', 'Statistics')",0.0009053870529651426,0.0,0.14322300385774953,0.00014195387525119522,0.15498417758490057
"('0023259000', 'Museum of Anthropological Archaeology')",0.00022634676324128565,0.0,0.10945939249789406,2.0211708738655678e-07,0.11477135076331393
"('0029207000', 'Science & Society')",0.00022634676324128565,0.0,0.10716278167220511,1.3141023034812564e-07,0.11224976211295391
"('0018408000', 'Department of Physics')",0.0011317338162064282,0.0004526935264825713,0.14022725830000635,4.244307857678952e-05,0.15028777432014143
"('0034256000', 'Education and Human Development')",0.000679040289723857,0.0,0.14993043065123698,0.0005147396255940152,0.16531858250395934
"('0080010000', 'Mechanical and Industrial Engineering')",0.0004526935264825713,0.0,0.14384319854138178,0.0014297963816435897,0.1592811192630106
"('0080010000', 'Physical Therapy')",0.0004526935264825713,0.0,0.14384319854138178,0.0014297963816435897,0.15928111926301064
"('0022194000', 'Department of Biology')",0.00022634676324128565,0.0,0.10544152744630071,4.7120302022579895e-07,0.1108770812893969
"('0027110000', 'Chemical and Biomolecular Eng')",0.0004526935264825713,0.0,0.10233958767662729,6.105196647872556e-08,0.10812762471567866
"('0015693000', 'Mechanical Engineering and Biomedical En')",0.0004526935264825713,0.0,0.10233958767662729,6.105196647872556e-08,0.10812762471567866
"('0037499000', 'Schar School of Policy and Government')",0.0011317338162064282,0.005456491002490017,0.1299602882776879,2.7189445664755706e-05,0.14024089341823492
"('0014894000', 'Askew School of Public Administration a')",0.000679040289723857,0.0,0.11517205422314912,3.0827941981250054e-06,0.12227490999459904
"('0014894000', 'College of Social Work')",0.000679040289723857,0.0,0.11517205422314912,3.0827941981250054e-06,0.12227490999459902
"('4005658000', 'Education and Child Development')",0.00022634676324128565,0.0,0.10944583446874923,0.0003501037596545391,0.11585304871826495
"('0036525000', 'Department of Mathematics')",0.0018107741059302852,0.0018670360103463964,0.13003679175864608,5.5072469146669725e-06,0.14018358282731197
"('0036525000', 'Biomedical Engineering')",0.00022634676324128565,0.0,0.11507605751198166,5.070635502285442e-07,0.12150961676166001
"('0025650000', 'Mechanical & Materials Eng.')",0.00022634676324128565,0.0,0.13611855685984534,0.00013876953588915872,0.15038090423129485
"('0015982001', 'Mathematics & Science Education')",0.00022634676324128565,0.0,0.12649964209019326,8.255367166121877e-05,0.1350625911877673
"('0015982001', 'Marine Sciences, Skidaway Institute of O')",0.0004526935264825713,0.0,0.14709505576827034,0.0005837993731604759,0.16076141302487934
"('0017749000', 'Computational Institute')",0.00022634676324128565,0.0,0.12779127617725328,2.053029107509545e-05,0.13629525873753937
"('0013706000', 'Electrical, Computer, and Power Eng.')",0.00022634676324128565,0.0,0.12805425929683198,1.6213640114113633e-06,0.13673191465744589
"('0038000000', 'Depts of Teaching & Learning/Mathematics')",0.0009053870529651426,0.0,0.12079619401760813,5.1237970786525455e-06,0.12925310819154148
"('0038000000', 'Teaching and Learning')",0.0009053870529651426,0.0,0.12079619401760813,5.1237970786525455e-06,0.12925310819154145
"('0037713000', 'Science Education')",0.0018107741059302852,0.002713086491520631,0.12081601400131263,5.3544121562956335e-06,0.12978125063910448
"('4009395000', 'CALDER')",0.0009053870529651426,0.0,0.12079619401760813,5.1237970786525455e-06,0.12925310819154145
"('0022335000', 'Bioengineering Institute')",0.0011317338162064282,0.0009051820751401561,0.12251123065831068,0.0010236852477994523,0.1310633461292192
"('0022335000', 'Chemistry and Biochemistry')",0.0009053870529651426,0.0,0.12250443655723159,0.00101568958603598,0.1309124482870583
"('0022335000', 'Biomedical Engineering')",0.0009053870529651426,0.0,0.12250443655723159,0.00101568958603598,0.1309124482870583
"('0025304000', 'Graduate Studies')",0.0011317338162064282,0.0,0.10404597051481325,3.5192425856038194e-07,0.11004631042760275
"('6250031365', 'Unknown Dept')",0.0011317338162064282,0.0,0.10404597051481325,3.5192425856038194e-07,0.11004631042760275
"('0025064000', 'Psychology')",0.0011317338162064282,0.0,0.10404597051481325,3.5192425856038194e-07,0.11004631042760275
"('0015370000', 'Emergency Medicine')",0.0011317338162064282,0.0,0.10404597051481325,3.5192425856038194e-07,0.11004631042760273
"('0027078000', 'Civil Engineering and Engineering Mechan')",0.0011317338162064282,0.0018095442389803665,0.1436187504063455,3.742284601498199e-05,0.15585721305503894
"('0022210000', 'Resource Economics')",0.0004526935264825713,0.0,0.12563271341636809,0.00046381128439812686,0.13437223834462353
"('0022293000', 'Economics')",0.0009053870529651426,0.00099743594719872,0.12730154156461604,0.0005009144544868148,0.13668747629815936
"('0023879000', 'Physics and Astronomy')",0.00022634676324128565,0.0,0.10404107008289375,1.7275061601459448e-07,0.10949176085766166
"('0013177000', 'Division of Biological Sciences')",0.0009053870529651426,0.0005577355856735004,0.10998805018920534,1.1719824573676641e-06,0.11702139743358002
"('0013177000', 'Division of Biology')",0.0004526935264825713,0.0,0.10616364291721735,2.5712941990865606e-07,0.11174555939404751
"('0036327000', 'Geography')",0.00022634676324128565,0.0,0.12352168199737187,7.320741947862505e-07,0.13131331283775738
"('0010835000', 'Mathematics Department')",0.00022634676324128565,0.0,0.10937267911075903,3.95898157684556e-07,0.1156960675657575
"('0036046000', 'Bioengineering')",0.00022634676324128565,0.0,0.12968181284489844,2.1510667639969153e-06,0.13708865789807975
"('0022905000', 'Statistics & Probabilty')",0.0004526935264825713,0.0,0.1366532632230127,0.0001561140646570915,0.15154439355118968
"('0014266000', 'Economics')",0.0004526935264825713,0.0,0.10237753163090328,3.655097590440316e-07,0.1064948025305699
"('0014456000', 'School of Foreign Service')",0.0004526935264825713,0.0,0.10237753163090328,3.655097590440316e-07,0.10649480253056992
"('0037986000', 'Physiology and Biophysics')",0.00022634676324128565,0.0,0.11671774278769946,1.720089646512775e-06,0.12546567022807203
"('0027854000', 'Electrical  and Computer Engineering')",0.0004526935264825713,0.0,0.12190949227373069,5.387434650280248e-05,0.12959625286187038
"('0013706000', 'Civil Engineering')",0.000679040289723857,0.0,0.13563797126366203,0.0002786135853212416,0.14762590095885575
"('0032896000', ""Provost's Office"")",0.000679040289723857,0.0,0.13563797126366203,0.0002786135853212416,0.14762590095885578
"('0011312000', 'Neurobiology')",0.000679040289723857,0.0,0.13563797126366203,0.0002786135853212416,0.14762590095885575
"('6250041978', 'Learning Sciences')",0.0009053870529651426,0.0,0.12143033834483137,8.652909916759644e-05,0.13028502380268508
"('6250041978', 'Learning Sciences Research Group')",0.0009053870529651426,0.0,0.12143033834483137,8.652909916759644e-05,0.13028502380268508
"('4002911000', 'U.S. Division: STEM and Workforce Succes')",0.0011317338162064282,0.0006202104359898837,0.12144035184167125,8.734556926961284e-05,0.13047364610538614
"('0036525000', 'Communication')",0.00022634676324128565,0.0,0.1340900813402938,7.749283130042448e-06,0.1424953510852105
"('0080010000', 'Math, Statistics and Computer Science')",0.00022634676324128565,0.0,0.14957004536529217,6.566352883447546e-05,0.16139804438808386
"('0023259000', 'Department of Pharmaceutical Sciences')",0.000679040289723857,0.0,0.1281099576639796,2.930879368185086e-06,0.1373186996093284
"('0022905000', 'Institute for Research on Math & Science')",0.00022634676324128565,0.0,0.12524450744153082,2.7104831888220676e-05,0.1360281941678556
"('0020834000', 'School of Education & Urban Studies, Adv')",0.00022634676324128565,0.0,0.10483603056333349,3.0510254325717054e-07,0.11056790784641898
"('0036582000', 'Physics and Texas Material Institute')",0.00022634676324128565,0.0,0.13495433301768642,3.633326421576581e-06,0.14338584997819856
"('0037986000', 'Civil and Environmental Engineeing')",0.0004526935264825713,0.0,0.14844931285911092,6.520695497560119e-05,0.1617440717825499
"('0031252000', 'Biological Sciences')",0.0009053870529651426,0.0,0.12595147817658295,5.904512440731201e-05,0.13624724955643835
"('0037549000', 'Aerospace and Ocean Engineering')",0.0009053870529651426,0.0,0.14201677971005175,5.232003835543682e-05,0.1531532856510217
"('0014811000', 'Ocean Engineering')",0.0009053870529651426,0.0,0.14201677971005175,5.232003835543682e-05,0.1531532856510217
"('0029728000', 'Textile & Apparel Technology')",0.0009053870529651426,0.0,0.14201677971005175,5.232003835543682e-05,0.1531532856510217
"('0037549000', 'Kevin T. Crofton Department of Aerospace')",0.0009053870529651426,0.0,0.14201677971005175,5.232003835543682e-05,0.1531532856510217
"('0016105000', 'MATHEMATICS')",0.00022634676324128565,0.0,0.10588630045058,3.1025354189104377e-07,0.11044588751313072
"('0018929000', 'Occupational and Environmental Health')",0.00022634676324128565,0.0,0.10921856072779412,3.360785329619056e-07,0.11365573236578749
"('7203580142', 'Unknown Dept')",0.00022634676324128565,0.0,0.10608971280376525,1.9528596772896733e-07,0.11142810077249228
"('0030908000', 'Dept. of Computer Science and Eng.')",0.0004526935264825713,0.0,0.1153554923105042,0.0035648043826894764,0.12319234345853325
"('0013177000', 'Chemistry & Biochemistry')",0.0004526935264825713,0.0,0.10324118430584442,1.4676223600171954e-07,0.10851921785818334
"('0013177000', 'Department of Physics')",0.0004526935264825713,0.0,0.10324118430584442,1.4676223600171954e-07,0.10851921785818336
"('0026278000', 'The Graduate School')",0.00022634676324128565,0.0,0.10287816691505217,4.8891805117211505e-08,0.10893595268657266
"('7203590432', 'Unknown Dept')",0.00022634676324128565,0.0,0.11395996698307882,2.1939175988955978e-07,0.12181688299525029
"('0026294000', 'ECE')",0.00022634676324128565,0.0,0.14487620921462535,2.7452982240602728e-05,0.15648800548076128
"('0014316000', 'Materials Science')",0.00022634676324128565,0.0,0.09268661100155247,4.096675884812853e-09,0.09715009098276126
"('0033290000', 'Biology')",0.0004526935264825713,0.0,0.12936663640888993,6.096453875436229e-06,0.13966387342349243
"('0010827000', 'Biological Sciences')",0.0011317338162064282,0.0004526935264825713,0.11681341053911848,0.00030332271552936164,0.12526231470606652
"('0010827000', 'Science, Math, and Agriculture')",0.00022634676324128565,0.0,0.10459775557554808,2.791456620238907e-05,0.11008266835464205
"('0020255000', 'Computer Science')",0.0009053870529651426,0.0,0.1332167410445061,8.547472314845923e-06,0.14195344165919058
"('0089763000', 'Computer Science and Information Technol')",0.0009053870529651426,0.0,0.1332167410445061,8.547472314845923e-06,0.14195344165919058
"('0089763000', 'Unknown Dept')",0.0009053870529651426,0.0,0.1332167410445061,8.547472314845923e-06,0.1419534416591906
"('0011361000', 'Research')",0.0004526935264825713,0.0004526935264825713,0.0831983729426387,1.0604156871623383e-09,0.08649885909328368
"('0029744000', 'Department of Geological Sciences')",0.0009053870529651426,0.0,0.12220624031865457,1.100729042259924e-05,0.13030222223578897
"('0029207000', 'Nicholas School of the Env. & Earth Sci.')",0.0009053870529651426,0.0,0.12220624031865457,1.100729042259924e-05,0.13030222223578897
"('0029843000', 'Physics and Physical Oceanography')",0.0011317338162064282,0.0004526935264825713,0.12220962075737878,1.1093494870725492e-05,0.13041539561740964
"('0010819000', 'School of Earth And Space Exploration')",0.00022634676324128565,0.0,0.11760008517887564,2.3905744972338862e-05,0.1254450563017779
"('0039545000', 'Electrical & Computer Engineering')",0.0004526935264825713,0.0,0.13425306916251367,1.4298664337241258e-05,0.14371404713188277
"('0015354000', 'Geography')",0.0004526935264825713,0.0,0.10631181269100272,5.389055876944802e-08,0.11146525091615911
"('0014266000', 'Department of Epidemiology of Microbial')",0.0004526935264825713,0.0,0.10631181269100272,5.389055876944802e-08,0.11146525091615912
"('0020776000', 'Chemistry')",0.0009053870529651426,0.0004526935264825713,0.10126988493100444,5.957998623054689e-08,0.10719107515301972
"('0020776000', 'Environmental Health and Engineering')",0.0004526935264825713,0.0009051820751401561,0.11267246435949096,5.824183919800139e-07,0.12142298617480267
"('0013201000', 'Department of Computer Science')",0.0004526935264825713,0.0,0.1396863538636651,1.7459599599586958e-05,0.14975173146857115
"('0015982001', 'Instructional Technology')",0.0004526935264825713,0.0,0.12216906783176175,1.3598290223543993e-05,0.12890073874116392
"('0029207000', 'School of Law')",0.0004526935264825713,0.0,0.1472764850990066,0.00010568339530129044,0.15875958770367896
"('0037986000', 'Electrical Engineering')",0.00022634676324128565,0.0,0.13083780021914887,1.2287493227968323e-05,0.14297695814468706
"('0010637000', 'Seismology')",0.00022634676324128565,0.0,0.09399400038295427,6.692092029582534e-07,0.09860698653388084
"('0029207000', 'Nicholas School of Environment')",0.0004526935264825713,0.0,0.14727157571919064,0.0001055981244109995,0.15872186324313875
"('0029207000', 'Nicholas School of the Environment')",0.0004526935264825713,0.0,0.14727157571919064,0.0001055981244109995,0.15872186324313875
"('0037499000', 'Computer science')",0.0004526935264825713,0.0,0.11113906218555042,2.6204034010320604e-07,0.11686862934832355
"('4008363000', 'Center for Systematic Biology &Evolution')",0.00022634676324128565,0.0,0.0938502389803505,5.8896305794574153e-08,0.09805730771011918
"('0021030060', 'Chesapeake Biological Laboratory')",0.000679040289723857,0.0,0.11357910432412978,4.972149444836912e-07,0.11942178704521206
"('0020776000', 'Chemical and Biomolecular Engr')",0.00022634676324128565,0.0,0.11266097156700242,5.769358671192616e-07,0.1212155016418315
"('0013201000', 'Ecology, Evolution & Marine Biology')",0.00022634676324128565,0.0,0.1311874573150815,0.000193269661232927,0.14198907638812483
"('0037051000', 'School of Education')",0.0004526935264825713,0.0004526935264825713,0.09490258415139734,4.368652515524672e-08,0.09894979616917991
"('0037051000', 'Unknown Dept')",0.00022634676324128565,0.0,0.08667843829703747,4.05732358587241e-09,0.08956616947657815
"('0023259000', 'Center for Sustainable Systems')",0.000679040289723857,0.0,0.11753125831338122,6.362648259848611e-07,0.12532564348680858
"('0035352000', 'Electrical Engineering/Computer Science')",0.0009053870529651426,0.0,0.1126695909415485,7.969337822211259e-07,0.12155502178669338
"('0033795000', 'Biological Sciences')",0.0009053870529651426,0.0,0.1126695909415485,7.969337822211259e-07,0.12155502178669335
"('0037986000', 'Institute for Health Metrics and Evaluat')",0.0009053870529651426,0.0,0.1126695909415485,7.969337822211259e-07,0.12155502178669335
"('4002751000', 'Microsoft AI + Research')",0.0009053870529651426,0.0,0.1126695909415485,7.969337822211259e-07,0.12155502178669335
"('0022335000', 'Mechanical Engineeing')",0.00022634676324128565,0.0,0.11514503896374677,0.00018213436967661444,0.12156759154502263
"('0026294000', 'Accounting and Information Systems')",0.00022634676324128565,0.0,0.11833717255049017,1.3195520603243537e-06,0.12552644914756378
"('0018697000', ""Industrial & Manuf'g Systems Engineering"")",0.000679040289723857,0.0,0.12324945600624895,5.622963882849127e-05,0.13184419134509687
"('4012365000', 'CSTL')",0.0009053870529651426,0.0,0.12292368047633621,1.5802687150838653e-05,0.1310399642756577
"('4012365000', 'EdGE')",0.0004526935264825713,0.0,0.12292368047633621,1.4471519155891077e-05,0.13103996427565767
"('0018929000', 'Dept. of Civil & Environmental Eng.')",0.000679040289723857,0.0,0.11316598360655737,2.662015687413378e-07,0.11959419182394002
"('0026278000', 'Civil and Environmental Engineering')",0.000679040289723857,0.0,0.11316598360655737,2.662015687413378e-07,0.11959419182394002
"('0035097000', 'Counseling, Educational Psych & Research')",0.00022634676324128565,0.0,0.09754266663722871,1.990942311981485e-08,0.10167952952833424
"('0036582000', 'Geography & The Environment')",0.0004526935264825713,0.0,0.14859910531095488,2.6253236659309107e-05,0.16030100627203284
"('0036582000', 'Dept of Geography and the Environment')",0.0004526935264825713,0.0,0.14859910531095488,2.6253236659309107e-05,0.16030100627203286
"('0025163000', 'Chemistry')",0.0004526935264825713,0.0,0.11606157726054747,1.967264554122442e-06,0.12367067295102273
"('0019505000', 'Chemistry')",0.0004526935264825713,0.0,0.11606157726054747,1.967264554122442e-06,0.12367067295102273
"('0034017000', 'Department of Computer Science')",0.00022634676324128565,0.0,0.11099944726395658,7.917530896145767e-07,0.11848233501758697
"('0033886000', 'School of Law')",0.000679040289723857,0.0,0.1339965424160626,8.357610355453356e-05,0.14466417278209892
"('0033795000', 'School of Law')",0.000679040289723857,0.0,0.1339965424160626,8.357610355453356e-05,0.14466417278209895
"('0017756000', 'School of Information Sciences')",0.0009053870529651426,0.0004526935264825713,0.13400060661207158,8.422845500671569e-05,0.14477734616371954
"('0031849000', 'Oklahoma Biological Survey')",0.0011317338162064282,0.0,0.14032078767667144,6.75617432981383e-05,0.15565112795760033
"('0024414000', 'Department of Biological Sciences')",0.0011317338162064282,0.0,0.14032078767667144,6.75617432981383e-05,0.15565112795760033
"('4003554000', 'Department of Geosciences')",0.0018107741059302852,0.0018099541946303393,0.14033861694355326,6.928995988240194e-05,0.15602837256300245
"('0010512000', 'Biological Sciences')",0.0018107741059302852,0.009009810120758474,0.14043675895610158,7.44535999888169e-05,0.15623962954202764
"('0021055000', 'IFSM')",0.0004526935264825713,0.0,0.10633996052568237,3.679522428557039e-07,0.1136394670313378
"('0028829000', 'Civil and Environmental Engineering')",0.00022634676324128565,0.0,0.10215028901734104,3.8664696349993734e-08,0.10653882011741654
"('0028829000', 'Civil & Environmental Engineering')",0.0009053870529651426,0.0004526935264825713,0.11376921690314938,4.1631046947139714e-07,0.12028729395417753
"('0029272000', 'Biology Department')",0.00022634676324128565,0.0,0.11536754145449797,1.3564446223600843e-05,0.1219976699775239
"('0010637000', 'Electrical and Computer Engineering')",0.00022634676324128565,0.0,0.10366268565663202,5.147440131471711e-06,0.10924632535555573
"('5300010941', 'Unknown Dept')",0.00022634676324128565,0.0,0.11561813043023134,2.9069565394037216e-06,0.121550964251281
"('0021998000', 'CCS/ ECE')",0.00022634676324128565,0.0,0.1341430089570366,4.323795257449321e-05,0.14367338749977868
"('0010835000', 'department of Soil, Water and Environmen')",0.0009053870529651426,0.0,0.11033414914339942,1.4670734001338993e-07,0.11687012154135225
"('4029559000', 'Center for Aerosol and Cloud Chemistry')",0.0009053870529651426,0.0,0.11033414914339942,1.4670734001338993e-07,0.11687012154135222
"('7203582627', 'Unknown Dept')",0.0009053870529651426,0.0,0.11033414914339942,1.4670734001338993e-07,0.11687012154135222
"('0025734000', 'Dept. of  Computer Science')",0.00022634676324128565,0.0,0.12855355428172374,9.697036588286573e-06,0.1364222691322052
"('0022335000', 'Chemistry and Biochemistry Department')",0.0004526935264825713,0.0,0.11817573893272702,0.000244188533120826,0.12521780745757455
"('0022335000', 'STEM Education Center at WPI')",0.0004526935264825713,0.0,0.11817573893272702,0.000244188533120826,0.12521780745757458
"('0011544000', 'Computer Science')",0.0011317338162064282,0.0,0.12948037865244277,0.0004973333349767184,0.13935979203634152
"('0011544000', 'Psychology')",0.000679040289723857,0.0,0.12948037865244277,0.00045541211450657814,0.13935979203634152
"('0013128000', 'College of Chemistry')",0.00022634676324128565,0.0,0.11561813043023134,2.9069565394037216e-06,0.121550964251281
"('0034488000', 'Computer Science & Engineering')",0.00022634676324128565,0.0,0.0982454579821655,6.377210665545755e-09,0.10226873277028818
"('0013706000', 'Electrical, Computer & Energy Engineerin')",0.00022634676324128565,0.0,0.12118718455123985,4.0239117111117377e-07,0.128928592407542
"('0022194000', 'Department of Computer Science')",0.0004526935264825713,0.0,0.12114730722825491,4.189434867219469e-05,0.128509273438107
"('0022194000', 'Physics')",0.0004526935264825713,0.0,0.12114730722825491,4.189434867219469e-05,0.128509273438107
"('0019893000', 'Chemical & Materials Engineering')",0.000679040289723857,0.0,0.09684773554298742,1.9959971172739494e-08,0.10144205966160699
"('0019893000', 'Electrical and Computer Engineering')",0.0018107741059302852,0.0022064862792595136,0.09830229401686581,8.452994136796951e-08,0.10414074019844305
"('5300013181', 'Pharmaceutical Science')",0.000679040289723857,0.0,0.09684773554298742,1.9959971172739494e-08,0.10144205966160699
"('0027078000', 'Seismology, Geology, and Tectonophysics')",0.0004526935264825713,0.0,0.1282847934028282,9.3829957166448e-06,0.13660278155524802
"('0027078000', 'Earth and Environmental Sciences')",0.000679040289723857,0.00045628282204069703,0.13173902671755724,9.786911635513995e-06,0.14063051341797297
"('0037549000', 'Biological Sciences')",0.00022634676324128565,0.0,0.11136037103319638,1.5281996485982617e-06,0.11650910447278136
"('4006771000', 'Sociology')",0.00022634676324128565,0.0,0.11535248041775457,0.0031761817610684697,0.12307917007691258
"('0023887000', 'Unknown Dept')",0.0004526935264825713,0.0031605018390098013,0.11836887793376916,3.2634417111438387e-06,0.1264417537891022
"('0014316000', 'Center for Applied Coastal Research')",0.00022634676324128565,0.0,0.10890356931571682,1.0219438038633926e-06,0.11424646070280113
"('0028373000', 'Mathematics')",0.0009053870529651426,0.004844068981678208,0.15045634109794306,9.028927797173098e-05,0.16361249785876247
"('0025650000', 'Department of Chemistry')",0.0004526935264825713,0.0,0.09638501647140955,1.1725688905898703e-08,0.10048376126502179
"('0025650000', 'Chemical and Biomolecular Engineering')",0.0004526935264825713,0.0,0.09638501647140955,1.1725688905898703e-08,0.10048376126502181
"('0016105000', 'Pacific Biosciences Research Center')",0.00022634676324128565,0.0,0.10747299795660212,2.0281197712206322e-07,0.11309615977701566
"('0036756000', 'Anthropology')",0.0009053870529651426,0.0004526935264825713,0.10404107008289375,4.867882217105926e-08,0.10901104264113314
"('0036756000', 'Department of Anthropology')",0.00022634676324128565,0.0,0.09423860412533862,4.498883396353292e-09,0.09765379060560042
"('0013177000', 'Department of Mathematics')",0.00022634676324128565,0.0,0.1367378520581863,2.4046936024243323e-05,0.14687133260582705
"('4076865000', 'Unknown Dept')",0.0009053870529651426,0.0,0.1391890614662424,0.00013635022123367817,0.15087768060516513
"('0010819000', 'Department of Electrical Engineering')",0.000679040289723857,0.0,0.12526936599750482,6.192464260729726e-05,0.13454454164617088
"('0010819000', 'Electrical, Computer & Energy Engr.')",0.000679040289723857,0.0,0.12526936599750482,6.192464260729726e-05,0.13454454164617086
"('0010819000', 'Electrical, Computer and Energy Engr')",0.000679040289723857,0.0,0.12526936599750482,6.192464260729726e-05,0.13454454164617086
"('0021550000', 'SEAS')",0.00022634676324128565,0.0,0.13067912920018931,6.878874334662534e-05,0.13883603381679352
"('0036582000', 'Civil, Architecture & Envir Engineering')",0.0009053870529651426,0.0,0.12641277289765085,5.300263531127322e-06,0.13474212774801167
"('0034017000', 'Biostatistics')",0.0009053870529651426,0.0,0.12641277289765085,5.300263531127322e-06,0.13474212774801164
"('0026633000', 'Department of Earth & Planetary Sciences')",0.0004526935264825713,0.0,0.0986997900004468,1.685466497265098e-08,0.10294759493458429
"('0030908000', 'Electrical and Computer  Engineering')",0.0009053870529651426,0.0,0.10901374392380388,2.9288719862211542e-06,0.11639157553465218
"('0038638000', 'Electrical and Computer Engineering')",0.000679040289723857,0.0,0.1421081411431696,7.772312625436925e-05,0.1533027727516174
"('0010819000', 'School of Geographical Sciences and Urba')",0.000679040289723857,0.0004526935264825713,0.14385256577233654,0.0014426904966053972,0.1594320171051715
"('0010819000', 'Sustainable Engg & the Built Env')",0.00022634676324128565,0.0,0.12576503743345954,0.00013578212559153398,0.13510657455315603
"('0011510001', 'Department of Mathematics and Statistics')",0.00022634676324128565,0.0,0.11322688946410724,9.909002384456682e-08,0.11944107179224787
"('0029728000', 'ECE')",0.0004526935264825713,0.0,0.1430606825982773,5.363443269056006e-05,0.15421982637351528
"('0114629000', 'Department of Economics')",0.00022634676324128565,0.0,0.1027919962773383,7.624795645943146e-08,0.10705780058844235
"('0114629000', 'Institute of Social & Economic Research')",0.0009053870529651426,0.0004526935264825713,0.11456577548427249,8.213849904180609e-07,0.1208455381211212
"('0017400000', 'Mechanical Engineering')",0.00022634676324128565,0.0,0.09725493649151386,1.7985986028167983e-08,0.10134486972106242
"('0027854000', 'NYU Tandon School of Engineering')",0.0009053870529651426,0.0,0.14553480251671772,4.1178458710984274e-05,0.15829023913564286
"('0027854000', 'Applied Physics & Mechanical Engineering')",0.0009053870529651426,0.0,0.14553480251671772,4.1178458710984274e-05,0.15829023913564286
"('0020107000', 'Social Work')",0.00022634676324128565,0.0,0.10147457393541275,6.260641279851983e-09,0.10570687674580607
"('0013169000', 'Chemical & Environmental Engineering')",0.00022634676324128565,0.0,0.08420370511549898,8.503507936416595e-10,0.08753406433487698
"('0022194000', 'Chemical & Biological Engineering')",0.0009053870529651426,0.0009052845640526493,0.10534347504709221,1.1033060820735618e-07,0.1106248888997591
"('0022194000', 'Electrical and Computer Engineering')",0.00022634676324128565,0.0,0.09530589351971697,1.0175687625282847e-08,0.09893993148988123
"('0010835000', 'Laboratory of Tree-Ring Research')",0.00022634676324128565,0.0,0.11131267321743513,8.795087588634449e-07,0.11732810024990298
"('0034256000', 'Biological Sciences')",0.0009053870529651426,0.0,0.12523740680896903,9.169310125710972e-05,0.13357019816107618
"('0034256000', 'Plant and Environmental Sciences')",0.0004526935264825713,0.0,0.12523740680896903,8.397030238239622e-05,0.13357019816107618
"('0025320000', 'Sociology and Anthropology')",0.000679040289723857,0.0,0.12332170272156315,3.9457122099635183e-05,0.13146750387583322
"('0010819000', 'Mary Lou Fulton Teachers College')",0.0011317338162064282,0.0010137237987533681,0.1336236881105768,0.0001434219565771891,0.1450788780406246
"('0010819000', 'CIDSE: Computer Science Engineering')",0.00022634676324128565,0.0,0.14383851538336317,0.0012952278972486891,0.15916794588139
"('0033795000', 'LRDC and Department of Computer Science')",0.0004526935264825713,0.0,0.12433162604829177,0.0004131579839393837,0.13318231426538282
"('0013714000', 'Unknown Dept')",0.00022634676324128565,0.0,0.10331361223487594,1.3780299779450602e-07,0.1082009517975
"('0010637000', 'Art')",0.00022634676324128565,0.0,0.10366268565663202,5.147440131471711e-06,0.10924632535555573
"('0034140000', 'Electrical and Computer Engineering')",0.00022634676324128565,0.0,0.13509463963550744,8.942759403094807e-05,0.14479944286134802
"('0034256000', 'Electrical and Computer Engineering')",0.002716161158895428,0.0037987940610101794,0.1561903415117019,0.0009722784972473458,0.17278534804564608
"('0014456000', 'Department of Neuroscience')",0.00022634676324128565,0.0,0.09331699898614397,5.242650422796128e-09,0.09797140886020116
"('0010835000', 'UA South')",0.0009053870529651426,0.0,0.14215386595450305,8.68771686014778e-05,0.1544163729485134
"('0010835000', 'College of Science Administration')",0.0009053870529651426,0.0,0.14215386595450305,8.68771686014778e-05,0.1544163729485134
"('0010835000', 'Developmental Mathematics')",0.0009053870529651426,0.0,0.14215386595450305,8.68771686014778e-05,0.1544163729485134
"('0010728000', 'Mathematics')",0.0009053870529651426,0.0,0.14215386595450305,8.68771686014778e-05,0.15441637294851338
"('0020834000', 'Advanced Studies, Leadership, and Policy')",0.0004526935264825713,0.0,0.11707342926040756,3.1461001763899753e-06,0.1252231767698237
"('0020776000', 'School of Education')",0.0018107741059302852,0.01751918172459742,0.13254132541325414,3.0888004362968706e-05,0.14519907152602812
"('0023879000', 'Physics')",0.00022634676324128565,0.0,0.11478604276546546,1.0853370093096931e-06,0.12109543897017534
"('0029744000', 'Sociology')",0.000679040289723857,0.0004526935264825713,0.10890356931571682,8.27233082423016e-07,0.11441622077523211
"('0018093000', 'Sociology')",0.00022634676324128565,0.0,0.09821051461598311,7.620783582385917e-08,0.10204947839923552
"('0096354000', 'School of Computing and Info Sciences')",0.00022634676324128565,0.0,0.11735019124521887,3.1274828322085516e-05,0.12487731887347031
"('0028357000', 'History')",0.00022634676324128565,0.0,0.0825964216941801,1.6084041958999368e-10,0.08589657615769829
"('0023879000', 'St. Anthony Falls Lab')",0.0009053870529651426,0.0,0.13296415565654437,2.7945663028197897e-05,0.14343943585964775
"('0022905000', 'Computational Mathematics in Science and')",0.0004526935264825713,0.0,0.136135334175577,0.00015328419726769554,0.15060725099453612
"('0022210000', 'Department of Resource Economics')",0.0011317338162064282,3.074667374796726e-07,0.11387478413279377,8.978933787385122e-05,0.12139774231750844
"('0022210000', 'MIE')",0.000679040289723857,0.0,0.11386891414727184,7.685290289768396e-05,0.12117139555426716
"('0021030000', 'IREAP')",0.0009053870529651426,0.0,0.13803661813409987,0.0006089535611780139,0.1486421568472264
"('0021030000', 'Division of Information Technology')",0.0009053870529651426,0.0,0.13803661813409987,0.0006089535611780139,0.1486421568472264
"('0036582000', 'Applied Research Laboratories')",0.0004526935264825713,0.0,0.14860410359905818,3.337438844247826e-05,0.16033873073257307
"('0013706000', 'Chemistry, CIRES')",0.0004526935264825713,0.0,0.11007299997508534,3.684514374737576e-08,0.11524663782472627
"('0036327000', 'Epidemiology and Biostatistics')",0.0004526935264825713,0.0,0.13786001809841794,3.514322837516568e-06,0.14799198651054615
"('0036327000', 'TEEX/ESTI')",0.0004526935264825713,0.0,0.13786001809841794,3.514322837516568e-06,0.14799198651054618
"('0029744000', 'Institute of Marine Sciences')",0.0004526935264825713,0.0,0.10890088491212502,8.208045102413857e-07,0.11430304739361147
"('0011502001', 'Civil Engineering')",0.0018107741059302852,0.0034039553847399996,0.09915834362024464,7.766251111265178e-08,0.10628510694783458
"('0011502001', 'Department of Biological Sciences')",0.0011317338162064282,0.0,0.09779745434421694,6.940255868362907e-08,0.10376957949455236
"('0011502001', 'College of Engr and Computer Science')",0.0011317338162064282,0.0,0.09779745434421694,6.940255868362907e-08,0.10376957949455236
"('0011502001', 'College of Natural Sciences & Mathematic')",0.002037120869171571,0.002713086491520631,0.09781044521685227,7.265472138096607e-08,0.1042977219421154
"('0013136000', 'Materials Science and Engineering')",0.001358080579447714,0.01055925813977894,0.10729290623406271,4.451212553047051e-07,0.1147200852232727
"('0011502001', 'Biological Sciences')",0.0018107741059302852,0.0034039553847399996,0.09915834362024464,7.766251111265178e-08,0.10628510694783458
"('0035451020', 'Pediatrics and Medicine')",0.0009053870529651426,0.0,0.12744843502091446,4.266443876176936e-06,0.1375046681350429
"('0027078000', 'Applied  Physics & Applied  Mathematics')",0.0009053870529651426,0.0,0.11597018059638807,1.8522496965950227e-06,0.12291252583239862
"('0027086000', 'Mathematics')",0.0009053870529651426,0.0,0.11597018059638807,1.8522496965950227e-06,0.12291252583239864
"('0020107000', 'Information Technology Services')",0.0009053870529651426,0.0,0.11292590036551389,6.825810114371388e-08,0.1191144364412806
"('0020107000', 'Physics & Astronomy')",0.0009053870529651426,0.0,0.11292590036551389,6.825810114371388e-08,0.1191144364412806
"('0020107000', 'High Performance Computing')",0.0009053870529651426,0.0,0.11292590036551389,6.825810114371388e-08,0.1191144364412806
"('0020107000', 'ITS-HPC')",0.0009053870529651426,0.0,0.11292590036551389,6.825810114371388e-08,0.11911443644128063
"('0026278000', 'Department of Psychology')",0.00022634676324128565,0.0,0.11837204940653216,1.6067877439686414e-06,0.1255946887366144
"('0026278000', 'Princeton Neuroscience Institute')",0.000679040289723857,0.0004526935264825713,0.13426122895520573,1.745037965729846e-05,0.14549635578947379
"('0018408000', 'Electrical Engineering')",0.000679040289723857,0.0,0.10566850035876585,2.5951191535819073e-06,0.1110281788529849
"('7203576470', 'School of Forest Resources')",0.00022634676324128565,0.0,0.08501221882275972,6.346154681938855e-10,0.08819232965541089
"('0037457000', 'Department of Computer Science')",0.000679040289723857,0.0,0.1428894854296711,4.3710590272009385e-05,0.15487626904557517
"('0014449000', 'Electrical & Computer Engineering')",0.000679040289723857,0.0,0.1428894854296711,4.3710590272009385e-05,0.15487626904557517
"('4004875000', 'Molecular Pharmacology and Experimental')",0.0009053870529651426,0.0,0.09385622025832767,8.137080565063907e-08,0.09839682785498109
"('5300007902', 'Department of Psychiatry & Psychology')",0.0009053870529651426,0.0,0.09385622025832767,8.137080565063907e-08,0.09839682785498109
"('4004875000', 'Medicine')",0.0009053870529651426,0.0,0.09385622025832767,8.137080565063907e-08,0.09839682785498108
"('4004875000', 'Health Sciences Research')",0.0009053870529651426,0.0,0.09385622025832767,8.137080565063907e-08,0.09839682785498109
"('0014266000', 'Chemistry')",0.0009053870529651426,0.0004526935264825713,0.10844112810191207,7.12073846275048e-07,0.11379825567107428
"('0014266000', 'Department of Chemistry')",0.00022634676324128565,0.0,0.0978342707825856,6.65474469764558e-08,0.10163297108481029
"('0028829000', 'Mechanical, Aerospace & Mfg Engineering')",0.000679040289723857,0.0,0.11376628727403822,4.130242595619347e-07,0.12017412057255691
"('0035303000', 'Electrical Engineering & Computer Sci')",0.000679040289723857,0.0,0.09336630106299795,3.776931122241625e-08,0.09801236814104883
"('0035303000', 'Electrical Eng. and Computer Sci.')",0.000679040289723857,0.0,0.09336630106299795,3.776931122241625e-08,0.0980123681410488
"('0035303000', 'Civil & Environmental Engineering')",0.000679040289723857,0.0,0.09336630106299795,3.776931122241625e-08,0.09801236814104881
"('0026294000', 'School of Communication and Information')",0.0009053870529651426,0.0013574656459727544,0.12416041368069022,5.425741281549634e-05,0.13422575927668648
"('0015693000', 'Physics')",0.0004526935264825713,0.0,0.12864713761574748,3.198478691970283e-05,0.13752238594361668
"('0015693000', 'Biology')",0.0011317338162064282,0.0018095442389803665,0.14762095696337876,0.0003152835862646685,0.16201771733120576
"('0036616000', 'Sociology and Anthropology')",0.00022634676324128565,0.0,0.11426650113800951,1.5910656519294185e-06,0.12113050885935082
"('0010819000', 'Geographical Sciences & Urban Planning')",0.0004526935264825713,0.0,0.14384788200436296,0.0014310100228402233,0.15931884372355085
"('0018051000', 'Unknown Dept')",0.0004526935264825713,0.0,0.15358943160090388,5.6765096429262615e-05,0.1668219537617437
"('0013854000', 'Unknown Dept')",0.0004526935264825713,0.0,0.15358943160090388,5.6765096429262615e-05,0.16682195376174366
"('0025320000', 'Montana Space Grant Consortium')",0.0009053870529651426,0.0,0.12778018799710775,6.464159762894774e-06,0.1369378430407177
"('6250010451', 'Unknown Dept')",0.0009053870529651426,0.0,0.12778018799710775,6.464159762894774e-06,0.13693784304071774
"('0016261000', 'Chemical and Materials Engineering')",0.0009053870529651426,0.0,0.12778018799710775,6.464159762894774e-06,0.13693784304071774
"('0025320000', 'Physics')",0.001358080579447714,0.008619958083087772,0.136072440556856,9.960912160367702e-06,0.14786727469502425
"('0028373000', 'Linguistics')",0.00022634676324128565,0.0,0.12939694812992414,2.235871041152615e-06,0.13675360779253892
"('0001057000', 'School of Computer Science')",0.0004526935264825713,0.0,0.13158992077202597,0.00020974096383766718,0.1417124202943568
"('5300001194', 'Early Childhood Education')",0.0004526935264825713,0.0,0.08668013890796367,2.889087056945811e-09,0.08967557041214475
"('5300001194', 'ECEE')",0.0004526935264825713,0.0,0.08668013890796367,2.889087056945811e-09,0.08967557041214475
"('4002010000', 'Department of Herpetology')",0.0004526935264825713,0.0,0.1187410971053834,4.7578613413195805e-07,0.12475963564125638
"('4002010000', 'Unknown Dept')",0.000679040289723857,0.0004526935264825713,0.11874428855560931,4.79561458919938e-07,0.12487280902287702
"('0010827000', 'Building # 19')",0.000679040289723857,0.0,0.12974655663563478,0.00010026444711503564,0.1404323865109283
"('0036582000', 'Economics')",0.00022634676324128565,0.0,0.10099209070543592,5.757175932326803e-07,0.10530932995062478
"('0027854020', 'Rehabilitation Medicine')",0.0009053870529651426,0.0,0.13563380714088355,7.177078049237135e-05,0.1461109724237828
"('0027854000', 'ECE')",0.0009053870529651426,0.0,0.13563380714088355,7.177078049237135e-05,0.14611097242378276
"('0114629000', 'Electrical Engineering')",0.000679040289723857,0.0,0.11456280468831034,8.149074522840286e-07,0.12073236473950055
"('0114629000', 'Health Sciences')",0.000679040289723857,0.0,0.11456280468831034,8.149074522840286e-07,0.12073236473950055
"('0028381000', 'Department of Geosciences')",0.0004526935264825713,0.0,0.09662110442864953,1.641307512000743e-06,0.10144381853328606
"('5300008543', 'Interactive Computing')",0.00022634676324128565,0.0,0.1310123954688334,3.3820190920754254e-05,0.13988869324428319
"('0021337000', 'Chemistry')",0.00022634676324128565,0.0,0.11445892380631623,0.00013506150559687948,0.12126508546501513
"('0036582000', 'Department of Mathematics')",0.00022634676324128565,0.0,0.13270056768690114,2.6070962516847483e-06,0.14028760209158528
"('0010637000', 'Civil & Environmental Engineering')",0.0004526935264825713,0.0,0.10366755050801324,5.731097583118683e-06,0.10939722319771654
"('0010637000', 'Civil and Environmental Engineering')",0.0004526935264825713,0.0,0.10366755050801324,5.731097583118683e-06,0.10939722319771657
"('0037986000', 'Human Design and Engineering')",0.0004526935264825713,0.0,0.12536534150563264,5.392565319039353e-06,0.13684295234437632
"('0023259000', 'Civil and Environmental Engineering')",0.0011317338162064282,0.004236393819639994,0.1505691500238566,3.121673113840931e-05,0.1637471790821713
"('0013177010', 'Marine Biology Research Division, 0202')",0.00022634676324128565,0.0,0.0971202462079578,6.878740576453359e-08,0.10109347867416223
"('0021030000', 'Anthropology')",0.00022634676324128565,0.0,0.13265673792937785,0.02737688880761743,0.14423709244329327
"('0013177010', 'Inst. of Geophysics & Planetary Physics')",0.0011317338162064282,0.0009052845640526493,0.11713861491144342,1.5135343158547776e-06,0.12464541079864701
"('0039917000', 'Aircraft Maintenance Technology')",0.0009053870529651426,0.0,0.10050045495905369,3.8475442729958514e-07,0.1058082611688494
"('0014936000', 'Chemical Engineering')",0.001358080579447714,0.00361580883276095,0.11170670037926675,2.851581113335436e-06,0.11906337180499668
"('0039941000', 'Dean of Technologies')",0.0009053870529651426,0.0,0.10050045495905369,3.8475442729958514e-07,0.10580826116884941
"('6250041973', 'Unknown Dept')",0.001358080579447714,0.0,0.10050045495905369,4.2092924751144656e-07,0.10580826116884941
"('0034256000', 'Office of the President')",0.0009053870529651426,0.0,0.12311207713314384,6.341581962148101e-05,0.13157239017606326
"('0034256000', 'Engineering & Science Engineering')",0.0009053870529651426,0.0,0.12311207713314384,6.341581962148101e-05,0.13157239017606326
"('0034462000', 'Biological Sciences')",0.0009053870529651426,0.0,0.12311207713314384,6.341581962148101e-05,0.13157239017606326
"('0034256000', 'Materials Science')",0.0009053870529651426,0.0,0.12311207713314384,6.341581962148101e-05,0.13157239017606326
"('0016915000', 'Applied Math')",0.0004526935264825713,0.0,0.08848210530532134,2.2094248027312394e-09,0.09168694317479445
"('0033712000', 'Statistical Science')",0.0004526935264825713,0.0,0.08848210530532134,2.2094248027312394e-09,0.09168694317479445
"('0029058000', 'Built Environment')",0.0015844273426889996,0.00225794368824412,0.11269258238955208,1.2592806531783951e-05,0.1206196665252859
"('0036582000', 'Communication Studies')",0.0009053870529651426,0.0,0.1449047197349864,3.823559648236443e-05,0.1569406990072438
"('0036582000', 'Civil, Architectual and Environmental En')",0.0009053870529651426,0.0,0.1449047197349864,3.823559648236443e-05,0.1569406990072438
"('0036582000', 'Department of Population Health - Dell M')",0.0009053870529651426,0.0,0.1449047197349864,3.823559648236443e-05,0.1569406990072438
"('0037499000', 'Department of Computer Science')",0.000679040289723857,0.0,0.12075987426540932,1.307461303309927e-06,0.12802577520459538
"('0026393000', 'Quantitative Finance')",0.000679040289723857,0.0,0.12075987426540932,1.307461303309927e-06,0.12802577520459538
"('0080010000', 'Department of Communication')",0.00022634676324128565,0.0,0.13100074128984432,0.002950591725880971,0.14070342507700995
"('0013284000', 'Dept. of Aerospace & Mechanical Eng.')",0.0004526935264825713,0.0,0.10859839732559855,2.8263786546420688e-06,0.11477971848331629
"('0013284000', 'Aerospace and Mechanical Engineering')",0.000679040289723857,0.00041021565925902797,0.11191043112619686,2.9637659169430068e-06,0.11862087129459199
"('0015354000', 'School of Building Construction')",0.000679040289723857,0.0,0.14211728375205068,8.761037608747458e-05,0.15352911951485868
"('0015354000', 'Shimberg Center for Housing Studies')",0.0011317338162064282,0.0,0.14211728375205068,9.58058462217129e-05,0.15352911951485868
"('0033290000', 'Meteorology and Atmospheric Science')",0.00022634676324128565,0.0,0.12913220121006636,6.481387664025565e-06,0.13967990474893976
"('0019992001', 'Electrical and Computer Engineering')",0.002037120869171571,0.0018095442389803665,0.09248482311073895,7.521536617316685e-08,0.09793781075719016
"('0019992001', 'Computer Engineering and Computer Scienc')",0.0009053870529651426,0.0,0.08466196535336501,9.860656677314484e-09,0.08854865716114822
"('0031708000', 'Psychology')",0.0009053870529651426,0.0,0.08466196535336501,9.860656677314484e-09,0.08854865716114822
"('0031708000', 'Center for Health Systems Innovation')",0.0009053870529651426,0.0,0.08466196535336501,9.860656677314484e-09,0.08854865716114822
"('0019992001', 'School of Nursing')",0.0009053870529651426,0.0,0.08466196535336501,9.860656677314484e-09,0.08854865716114822
"('0033795000', 'Chemistry/Arts and Sciences')",0.0004526935264825713,0.0,0.10928880643166357,7.321464862870256e-07,0.11603809890597754
"('0033795000', 'Department of Chemistry')",0.0004526935264825713,0.0,0.10928880643166357,7.321464862870256e-07,0.11603809890597756
"('0034256000', 'Chemistry')",0.0009053870529651426,0.0,0.1396863538636651,0.00029871027379135514,0.15110972411221293
"('0034256000', 'Civil Engineering')",0.0009053870529651426,0.0,0.1396863538636651,0.00029871027379135514,0.151109724112213
"('0021782000', 'Department of Aeronautics and Astronauti')",0.0009053870529651426,0.0,0.1172878836147393,7.348279217553543e-05,0.12511242867988587
"('0021782000', 'Aeronautics & Astronautics Department')",0.0009053870529651426,0.0,0.1172878836147393,7.348279217553543e-05,0.12511242867988584
"('0015982000', 'Anthropology')",0.00022634676324128565,0.0,0.10352180331326007,6.860740596156815e-07,0.1081485045077711
"('4005518000', ""Board on Internat'l Scientific Orgnztns"")",0.0004526935264825713,0.0,0.09917169857909268,8.163162302482371e-08,0.1043194490769794
"('0013201000', 'Biological Sciences')",0.00022634676324128565,0.0,0.10387961438984246,8.437776339977032e-08,0.10937690888127426
"('0036582000', 'Dept. of Electrical and Computer Eng.')",0.00022634676324128565,0.0,0.145405476566614,7.977438641570494e-06,0.1566682073019773
"('0034348000', 'Faculty Development Center')",0.000679040289723857,0.0009051820751401561,0.11099665854332588,4.532079824609408e-07,0.11858041861499154
"('6250001416', 'Engineering')",0.0009053870529651426,0.0,0.09392805510672676,2.439462433549647e-06,0.09817908336718184
"('6250001416', 'Engineering Math & Technology')",0.0004526935264825713,0.0,0.09392805510672676,2.233178537459965e-06,0.09817908336718185
"('0017756000', 'National Center for Supercomputing Appli')",0.0011317338162064282,0.0,0.14283866795990946,4.27559515659155e-05,0.15478736531814735
"('0017756000', 'NRES')",0.000679040289723857,0.0,0.12069389427673816,5.925859157602801e-06,0.12958462784075858
"('0018259000', 'Anthropology')",0.0004526935264825713,0.0,0.15360545163757736,5.686793663264152e-05,0.1669162649130942
"('0018259000', 'Forestry and Natural Resources')",0.0009053870529651426,0.0013574656459727544,0.15362147501651657,5.787487523961605e-05,0.16718033613687572
"('4203634000', 'Electrical and Computer Engineering')",0.00022634676324128565,0.0,0.1301862329090052,3.7586661149272315e-05,0.1394964047069063
"('0037986000', 'Design')",0.00022634676324128565,0.0,0.10308941571775247,1.8629064512553816e-07,0.10809452338773992
"('0013128000', 'Electrical Engineering and Computer Scie')",0.0009053870529651426,0.0,0.12976561123186278,1.530098684518764e-05,0.14026683071216725
"('0014340000', 'Environmental Science')",0.0004526935264825713,0.0,0.10299808831071945,1.5419427487894526e-07,0.10879168196343021
"('0033712000', 'Landscape Architecture & Horticulture')",0.0004526935264825713,0.0,0.10299808831071945,1.5419427487894526e-07,0.10879168196343021
"('0031310000', 'Bioengineering')",0.0011317338162064282,0.0004526935264825713,0.09402600719347905,1.6196900673944902e-08,0.09818836608918684
"('0077370000', 'Dept. of Bioengineering')",0.00022634676324128565,0.0,0.0859466189401603,1.495871652237169e-09,0.08890844870561765
"('0011403001', 'Department of Mechanical Engineering')",0.00022634676324128565,0.0,0.07680940211060693,9.857143436412972e-11,0.0792623067007192
"('4056693000', 'Mathematics')",0.0009053870529651426,0.0,0.1354757597129803,1.2392533524001807e-05,0.14507756842523634
"('0032565000', 'Mathematics Department')",0.0009053870529651426,0.0,0.1354757597129803,1.2392533524001807e-05,0.1450775684252364
"('0038968000', 'Mathematical Sciences')",0.0009053870529651426,0.0,0.1354757597129803,1.2392533524001807e-05,0.1450775684252364
"('0036046000', 'Department of Statistics')",0.000679040289723857,0.0,0.12396879735114204,9.507231529285994e-05,0.1336978529995731
"('0013136000', 'ECE')",0.00022634676324128565,0.0,0.11375164139138495,5.673453908952202e-05,0.12080647020099161
"('6250008669', 'Unknown Dept')",0.001358080579447714,0.0,0.1500577406426194,2.3598690818531008e-05,0.16326074458713546
"('0017749000', 'Sociology')",0.000679040289723857,0.0004526935264825713,0.14087111791339837,0.00012188952641684018,0.1527195906553077
"('0021550000', 'Government')",0.00022634676324128565,0.0,0.12348025378015037,1.1213453217519274e-05,0.13086537412589835
"('0037457000', 'Economics')",0.00022634676324128565,0.0,0.14034753327615235,2.418775096396399e-05,0.15105004208105144
"('0032235000', 'School of Journalism and Communication')",0.000679040289723857,0.0,0.13005210326454916,5.229842033821504e-06,0.13790869233377118
"('0032235000', 'Educational Studies')",0.000679040289723857,0.0,0.13005210326454916,5.229842033821504e-06,0.13790869233377118
"('0019893001', 'Department of Psychology')",0.000679040289723857,0.0,0.13005210326454916,5.229842033821504e-06,0.13790869233377118
"('0015982000', 'Department of Marine Sciences')",0.0004526935264825713,0.0,0.14475753604193972,0.0005705730079636019,0.15813770694372697
"('0029975000', 'Physics')",0.00022634676324128565,0.0,0.11048314494348305,8.910438566006847e-06,0.11640830958911311
"('0018259000', 'Entomology')",0.000679040289723857,0.0004526935264825713,0.13318059867964913,5.960756398182254e-06,0.14162146640643677
"('0025163000', 'Forestry')",0.0004526935264825713,0.0,0.1331765840718635,5.913917773446257e-06,0.14150829302481607
"('0017400000', 'Computer Science')",0.000679040289723857,8.201740067070043e-06,0.1380495578539512,0.0010518451078039273,0.14998508357494159
"('0033290000', 'Biochemistry & Molecular Biology')",0.0004526935264825713,0.0,0.1326487719930343,7.01109143761358e-06,0.1413974518263785
"('0022905000', 'School of Criminal Justice')",0.0009053870529651426,0.0,0.1361269450007703,0.00016859267901069475,0.1505318020734557
"('0013284000', 'Data Sciences and Operations')",0.00022634676324128565,0.0,0.14110507824976046,0.00022116507703382932,0.15425869839631642
"('0024232000', 'Industrial and Systems Engineering')",0.0009053870529651426,0.0,0.13208167658225956,1.5691606420203925e-05,0.1411653207714771
"('0024059000', 'The Communiversity')",0.0004526935264825713,0.0,0.13208167658225956,1.4364541883313764e-05,0.14116532077147706
"('0015693000', 'School of Earth and Atmospheric Science')",0.00022634676324128565,0.0,0.11250031830103639,6.306182931420316e-07,0.11998825254490478
"('0018408000', 'Anthropology')",0.000679040289723857,0.0,0.12648877691250573,7.540539560035044e-05,0.13504750140355123
"('0015354000', 'Physics')",0.0011317338162064282,0.0049683550109340295,0.12466139954853273,6.550641457745536e-06,0.13350668464124738
"('0039321000', 'Economics')",0.0004526935264825713,0.0,0.10664542448161826,4.3953591060315635e-07,0.11304258913654112
"('0027110000', 'Population Medicine & Diagnostic Science')",0.0004526935264825713,0.0,0.08997596839232617,1.9880199872133167e-09,0.09351410768353578
"('0027110000', 'CH Dyson School of Applied Econ & Mgmt')",0.0004526935264825713,0.0,0.08997596839232617,1.9880199872133167e-09,0.09351410768353577
"('0022194000', 'Department of Chemistry')",0.0004526935264825713,0.0,0.10156555323110876,1.983448035832294e-06,0.10652734094003609
"('0025171000', 'Chemistry')",0.00022634676324128565,0.0,0.09434929312774953,2.113083766471928e-08,0.09808738286401904
"('0010827000', 'Mathematics and Statistics')",0.0011317338162064282,0.0,0.1156060288884237,6.360618541402524e-05,0.12392605602485542
"('0010827000', 'Center for Science Teaching and Learnin')",0.0011317338162064282,0.0,0.1156060288884237,6.360618541402524e-05,0.12392605602485539
"('0033886000', 'Department of Chemistry')",0.0004526935264825713,0.0,0.10427189048855322,1.6606401774249882e-07,0.10869923612264218
"('0033886000', 'Chemical Engineering')",0.0004526935264825713,0.0,0.10427189048855322,1.6606401774249882e-07,0.1086992361226422
"('0017749000', 'Chemistry and Inst. for Molecular Eng.')",0.0009053870529651426,0.0,0.13977916284367387,0.0007599669335990397,0.15176156334485819
"('0017749000', 'Department of Chemistry')",0.0009053870529651426,0.0,0.13977916284367387,0.0007599669335990397,0.15176156334485816
"('0022905000', 'Mechanical Engineering (ME)')",0.0004526935264825713,0.0,0.12127700458425979,1.9190353119007468e-05,0.13142851554130203
"('7203579350', 'Unknown Dept')",0.00022634676324128565,0.0,0.09299682152103901,3.271582983473774e-09,0.0971450531663303
"('0027078040', 'Dept. of Earth and Environmental Science')",0.0004526935264825713,0.0,0.1432787416896384,2.146532728387722e-05,0.1536648873735782
"('0022921000', 'Dept of Chemistry')",0.00022634676324128565,0.0,0.12037819132993652,1.9586445789564966e-05,0.1298232580906394
"('0023879000', 'Entomology')",0.0004526935264825713,0.0,0.08351922567960982,8.528426169648221e-10,0.08640062037824593
"('0023879000', 'Plant Pathology')",0.0004526935264825713,0.0,0.08351922567960982,8.528426169648221e-10,0.08640062037824595
"('0010835000', 'Department of Geosciences, University of')",0.0004526935264825713,0.0,0.12541516450449938,8.357388537507072e-06,0.13435356140765742
"('0021998000', 'Dept. of Mechanical & Industial Eng.')",0.0009053870529651426,0.0,0.13776114748986593,2.3579008717092487e-05,0.14859667393619294
"('0013151000', 'Health Policy and Management')",0.0009053870529651426,0.0,0.13776114748986593,2.3579008717092487e-05,0.14859667393619294
"('7203579556', 'Unknown Dept')",0.00022634676324128565,0.0,0.11266097156700242,5.769358671192616e-07,0.1212155016418315
"('0030510000', 'Sociology')",0.0004526935264825713,0.0004526935264825713,0.13363985601500347,7.861304142715885e-06,0.14314977500242254
"('0034256000', 'Park, Recreation, and Tourism Management')",0.00022634676324128565,0.0,0.11788878215391184,7.290306636660205e-07,0.1241191161853289
"('0015362000', 'Civil, Arch. & Environ. Eng.')",0.000679040289723857,0.0,0.11483974942164228,3.0713156210865235e-06,0.121268303804652
"('0015362000', 'Dept. of Civil, Architectural & Environm')",0.000679040289723857,0.0,0.11483974942164228,3.0713156210865235e-06,0.121268303804652
"('0015362000', 'Civil, Architectural and Environmental E')",0.0011317338162064282,0.0,0.11483974942164228,3.353805326720738e-06,0.121268303804652
"('4002010000', 'Entomology')",0.00022634676324128565,0.0,0.106143238113543,4.447680253485631e-08,0.11031388290045846
"('0010819000', 'Economics')",0.0004526935264825713,0.0,0.10749914837704998,4.600489451393165e-06,0.11280001099389565
"('0001057000', 'Tepper School of Business')",0.000679040289723857,0.0009051820751401561,0.12044054304563546,4.54247655036085e-05,0.12819717346935502
"('P270059542', 'Unknown Dept')",0.0004526935264825713,0.0,0.10749914837704998,4.600489451393166e-06,0.11280001099389568
"('0026716000', 'Unknown Dept')",0.00022634676324128565,0.0,0.11997284453496267,7.434752105286534e-06,0.1275148361411435
"('0021550000', 'Engineering and Applied Sciences')",0.0004526935264825713,0.0,0.105411338041611,2.335368266002781e-08,0.11090852742901001
"('0036327000', 'Department of Materials Science and Engi')",0.00022634676324128565,0.0,0.1347649696489034,2.0213857742249123e-06,0.14362239352619546
"('0013284000', 'ISI')",0.000679040289723857,0.0,0.10324359693400635,1.6332059565148628e-07,0.108632391239804
"('4007779000', 'Wildfire')",0.000679040289723857,0.0,0.10324359693400635,1.6332059565148628e-07,0.108632391239804
"('0013177000', 'EES-16')",0.000679040289723857,0.0,0.10324359693400635,1.6332059565148628e-07,0.108632391239804
"('0029975000', 'Mathematics')",0.000679040289723857,0.0,0.11622033987478297,1.6261585378562798e-05,0.12327869178253899
"('0019281000', 'Mathematics Department')",0.000679040289723857,0.0,0.11622033987478297,1.6261585378562798e-05,0.12327869178253899
"('0018408000', 'Kaneb Center for Teaching Excellence')",0.00022634676324128565,0.0,0.13750389044506692,0.00019229246162295887,0.1489490415022321
"('0020776000', 'Center for Educational Outreach')",0.0011317338162064282,0.0,0.1211340206185567,4.1996545506865866e-06,0.13094969357135403
"('0013052000', 'Geballe Laboratory for Advanced Material')",0.00022634676324128565,0.0,0.09935681194620609,6.597640117718605e-09,0.103388629078485
"('0028381000', 'Physics Department')",0.0004526935264825713,0.0,0.09657886107771341,9.901494310448073e-07,0.1009458556541552
"('0028381000', 'Physics')",0.0004526935264825713,0.0,0.09657886107771341,9.901494310448073e-07,0.1009458556541552
"('0018259000', 'Honors College')",0.0009053870529651426,0.0,0.15228706352762744,0.00019198837922623706,0.16678154977158943
"('0018259000', 'Philosophy')",0.0009053870529651426,0.0,0.15228706352762744,0.00019198837922623706,0.16678154977158946
"('0014266000', 'School of Forestry and Environ Studies')",0.00022634676324128565,0.0,0.10630669650376573,0.000445808642985291,0.11243487378183496
"('0027854000', 'Epidemiology')",0.0004526935264825713,0.0,0.09696677055440937,4.440546386929693e-07,0.10179875535040007
"('0027854000', 'Epidemiology, College of Global Public H')",0.0004526935264825713,0.0,0.09696677055440937,4.440546386929693e-07,0.10179875535040007
"('0023879000', 'Chemical Engineering and Materials Scien')",0.0004526935264825713,0.0,0.14028959735805918,9.545426047151478e-06,0.15012510689853284
"('0018093000', 'Physics and Astronomy')",0.0004526935264825713,0.0,0.14028959735805918,9.545426047151478e-06,0.15012510689853284
"('0013508000', 'Computer Science Department')",0.000679040289723857,0.0,0.12070708450588782,1.7990910535141171e-06,0.12912030785219938
"('0001024000', 'Physics')",0.00022634676324128565,0.0,0.06927262179155495,1.3648894011397803e-12,0.07140091420595962
"('0020776000', 'Departments of Mechanical Engineering')",0.00022634676324128565,0.0,0.118683680322364,2.9015491392569095e-06,0.12587080033039685
"('6250041859', 'Unknown Dept')",0.0004526935264825713,0.0,0.15173787608187939,0.00010999278089074688,0.16576697534144227
"('0018259000', 'Deaprtment of Statistics')",0.00022634676324128565,0.0,0.139934118839478,2.6808749186357833e-05,0.1502147706425653
"('0022335000', 'Mathematical Sciences and Data Science')",0.000679040289723857,0.0,0.1255363282470946,0.0013031308581991062,0.13464527549204505
"('0036566000', 'The Department of CSE')",0.00022634676324128565,0.0,0.09992988170364842,8.208021191628086e-07,0.1044285133177812
"('4005518000', 'Policy and Global Affairs')",0.00022634676324128565,0.0,0.09023324210612312,8.506626589940954e-09,0.09400948419600082
"('0022210000', 'Mechanical & Industrial Engineering')",0.00022634676324128565,0.0,0.1138601103035926,6.147036070359515e-05,0.12090732433048566
"('P269774004', 'College of Forest Resources')",0.00022634676324128565,0.0,0.08501221882275972,6.346154681938855e-10,0.08819232965541089
"('0013151000', 'JIFRESSE')",0.00022634676324128565,0.0,0.09975614161849711,4.171186612809519e-08,0.10504695840033984
"('0014811000', 'Wilkes Honors College')",0.0004526935264825713,0.0,0.09197843149501385,1.1957535887741211e-07,0.09589211127765342
"('0029314000', 'Biology')",0.0004526935264825713,0.0,0.09197843149501385,1.1957535887741211e-07,0.09589211127765342
"('0029363000', 'Unknown Dept')",0.000679040289723857,0.0009051820751401561,0.10129078111745421,1.180352853481159e-06,0.10675694603892565
"('0036525000', 'Engineering Technology')",0.001358080579447714,0.0035992877169271882,0.14284790481117435,3.698446422104228e-05,0.15490241047619846
"('0014316000', 'Center for Composite Materials')",0.00022634676324128565,0.0,0.09056062314235933,2.8183271762935335e-09,0.09464137110941671
"('0014340000', 'Physics')",0.0004526935264825713,0.0,0.11266384454531544,6.408775272800303e-07,0.12132867502345214
"('0013052000', 'Aero/Astro')",0.0011317338162064282,0.0,0.13983667785022472,3.581501122853069e-05,0.15181543407550516
"('0013052000', 'Materials Science & Engineering')",0.0011317338162064282,0.0,0.13983667785022472,3.581501122853069e-05,0.15181543407550516
"('0013052000', 'Dept of Applied Physics')",0.0011317338162064282,0.0,0.13983667785022472,3.581501122853069e-05,0.15181543407550513
"('0013052000', 'Materials Science and Engineering')",0.0011317338162064282,0.0,0.13983667785022472,3.581501122853069e-05,0.15181543407550513
"('0031849000', 'School of Civil Engineering and Environm')",0.00022634676324128565,0.0,0.13261293711541347,0.00021190499019815197,0.14365548502601405
"('5300000942', 'Mathematics')",0.00022634676324128565,0.0,0.10058053500284576,3.9368456632083704e-08,0.1053748577653103
"('0021998000', 'College of Engineering')",0.000679040289723857,0.0038817306252636615,0.15254998100894307,6.788064070389508e-05,0.16717543308760943
"('0026278000', 'SPIA and Computer Science')",0.000679040289723857,0.0,0.11611648444070648,1.2056938067091622e-06,0.12189849126528567
"('0022905000', 'Electrical&ComputerEngineering')",0.0004526935264825713,0.0,0.11984917125573068,1.6480748854188456e-05,0.12912736113512266
"('0022905000', 'Radiology')",0.0004526935264825713,0.0,0.11984917125573068,1.6480748854188456e-05,0.12912736113512266
"('0025684000', 'Chemical Engineering Department')",0.0004526935264825713,0.0,0.1126265072526576,6.85721190451698e-06,0.11918160086731754
"('0038950000', 'Department of Pathobiological Sciences')",0.0009053870529651426,0.0,0.09906940239937213,1.3008991204501686e-07,0.10502957035103702
"('5300016339', 'Field and Laboratory Research Branch')",0.0009053870529651426,0.0,0.09906940239937213,1.3008991204501686e-07,0.10502957035103702
"('5300016339', 'National Wildlife Health Center-USGS')",0.001358080579447714,8.199112999457936e-07,0.0990738456708452,1.497677696746657e-07,0.1052559171142783
"('0037986000', 'DO-IT')",0.0004526935264825713,0.0,0.11533140157151435,1.4513757854796427e-06,0.12382355860423447
"('7203579830', 'Machining')",0.00022634676324128565,0.0,0.11989145183175035,1.5314071013828955e-05,0.12926855840171608
"('5300001194', 'Physics and Astronomy')",0.000679040289723857,0.0,0.10661711472561416,1.0098151652464616e-07,0.1120650654234836
"('P269817896', 'Unknown Dept')",0.000679040289723857,0.0,0.10661711472561416,1.0098151652464616e-07,0.11206506542348361
"('5300001194', 'Center for High Angular Resolution Ast.')",0.000679040289723857,0.0,0.10661711472561416,1.0098151652464616e-07,0.11206506542348361
"('0030908000', 'Microbiology')",0.0011317338162064282,0.0,0.1345843360648247,2.882959997286107e-05,0.1449748116678847
"('0037713000', 'Department of Mathematics')",0.0009053870529651426,0.0,0.10780868716447048,6.81578774475968e-07,0.11389208088472952
"('0037713000', 'Curriculum & Instruction')",0.0009053870529651426,0.0,0.10780868716447048,6.81578774475968e-07,0.1138920808847295
"('0037713000', 'Mathematics')",0.0009053870529651426,0.0,0.10780868716447048,6.81578774475968e-07,0.11389208088472952
"('0036582000', 'Dept. of Molec. Cell & Develop. Biol.')",0.00022634676324128565,0.0,0.11509104644801625,1.6258594890633827e-07,0.12079156225545945
"('0016204000', 'Unknown Dept')",0.0004526935264825713,0.0004526935264825713,0.1230777802540673,6.4358735802422726e-06,0.1327442735967014
"('7203579648', 'Unknown Dept')",0.00022634676324128565,0.0,0.10959243916354526,5.927348093859507e-07,0.11604043611406395
"('0010090000', 'Industrial & Systems Engineering')",0.00022634676324128565,0.0,0.11501614078933667,2.500783368648529e-06,0.12154027103565043
"('0013706000', 'Laboratory for Atmospheric and Space Phy')",0.00022634676324128565,0.0,0.12364613360947077,3.50714389011867e-07,0.13083136369691342
"('P269980020', 'Unknown Dept')",0.00022634676324128565,0.0,0.10995520159283226,3.945072542534698e-07,0.11601780509557388
"('0035352000', 'Assoc Provost for Innovations')",0.0009053870529651426,0.0,0.14751744632541988,0.0003444721118606439,0.1625029609241912
"('6250032970', 'Unknown Dept')",0.0009053870529651426,0.0,0.1368606920479539,3.161897426569237e-05,0.14680447250048756
"('0014316000', 'IT-Network & Systems Services')",0.0009053870529651426,0.0,0.1368606920479539,3.161897426569237e-05,0.14680447250048756
"('0021782000', 'Electrical Engineering &Computer Science')",0.0004526935264825713,0.0,0.1375124501992032,0.003573305558695354,0.1486349624421142
"('P269947661', 'Unknown Dept')",0.0004526935264825713,0.0,0.1292228494545029,4.273594514100807e-06,0.1378225460219569
"('0020081000', 'Chemical Engineering')",0.000679040289723857,0.0,0.08369643466070549,5.282994293232088e-09,0.08661536460992918
"('0031252000', 'Physics')",0.00022634676324128565,0.0,0.09335840923018406,2.7122461232432615e-08,0.097691710226457
"('0035303000', 'Materials Science and Engineering')",0.000679040289723857,0.0004526935264825713,0.10296928168554514,2.946031333456695e-07,0.10934319832077428
"('0015693000', 'School of Civil and Environmental Engine')",0.0004526935264825713,0.0,0.10723821544735182,1.5720955945766268e-07,0.11241887648532761
"('0021998000', 'Marine and Environmental Science')",0.0004526935264825713,0.0,0.10723821544735182,1.5720955945766268e-07,0.11241887648532764
"('0028068000', 'Media Sciences')",0.00022634676324128565,0.0,0.1112734233326617,6.6875806241300705e-06,0.11797792481043397
"('0015693000', 'Materials Science and Engineering')",0.00022634676324128565,0.0,0.1310123954688334,3.3820190920754254e-05,0.13988869324428319
"('0027110000', 'Astronomy')",0.00022634676324128565,0.0,0.07822376458506701,3.477213168791811e-11,0.08031396534115197
"('0027110000', 'Department of Astronomy')",0.0004526935264825713,0.0004526935264825713,0.08486035880296569,3.7422370403669915e-10,0.08765015991937722
"('0022905000', 'Department of Statistics and Probability')",0.0004526935264825713,0.0,0.12416390309707155,1.512293605181772e-05,0.13339460134955758
"('0022905000', 'Statistics and Probability')",0.0009053870529651426,0.0,0.12416390309707155,1.6514175369781273e-05,0.13339460134955758
"('0035303000', 'National Institute for Mathematical and')",0.0004526935264825713,0.0,0.12145704467353952,9.427926717964336e-06,0.13003301022200917
"('0021782000', 'Economics')",0.0004526935264825713,0.0,0.12868460911103344,2.1173885330989542e-05,0.13687386251895023
"('0026880000', 'Department of Electrical Engineering')",0.0009053870529651426,0.0,0.1550556276980311,0.00014520687566482339,0.1686249669047307
"('0027078000', 'Health Policy and Management')",0.00022634676324128565,0.0,0.12368074801937236,4.573634140896846e-06,0.13155542586280428
"('0037986000', 'Department of Biostatistics')",0.0009053870529651426,0.0,0.14684570896762614,0.0002947469142838331,0.16006897948387133
"('0037986000', 'Center for Teaching and Learning')",0.0004526935264825713,0.0,0.14684570896762614,0.00026992195854974685,0.16006897948387133
"('7203584597', 'Unknown Dept')",0.0004526935264825713,0.0,0.11168410940896911,2.71187308506058e-06,0.11847864266662335
"('0028068000', 'NTID Liberal Studies')",0.00022634676324128565,0.0,0.1112734233326617,6.6875806241300705e-06,0.117977924810434
"('0022905000', 'Dept. of Philosophy')",0.000679040289723857,0.0,0.13613952915074573,0.00017429582209078928,0.15072042437615676
"('0022905000', 'Center for Interdisciplinarity')",0.000679040289723857,0.0,0.13613952915074573,0.00017429582209078928,0.15072042437615676
"('4003554000', 'SCRIPPS OCEANOGRAPHY')",0.00022634676324128565,0.0,0.09522372618329167,1.3858468334168695e-08,0.09888507141822218
"('0014456000', 'Massive Data Institute')",0.0004526935264825713,0.0,0.10289973215325492,5.4134455540007634e-08,0.10928679016959664
"('0037499000', 'College of Education &Human Development')",0.00022634676324128565,0.0,0.11158256301459817,5.578816952255579e-07,0.11704423055663224
"('0032276000', 'Computer Science')",0.00022634676324128565,0.0,0.1320500941507009,8.937256947058575e-06,0.14076410172494325
"('0018259000', 'Weldon School of Biomedical Engineering')",0.0009053870529651426,0.0,0.16292362724490173,0.00021712734868049028,0.18035856176417386
"('0010637000', 'IAB')",0.0004526935264825713,0.0,0.10367241581602722,1.0349216381492107e-05,0.10947267211879697
"('0010512000', 'Social Work')",0.0004526935264825713,0.0,0.14514751297719955,7.938995261642554e-05,0.15724192122449127
"('0022194000', 'Dept. of Physics & Astronomy')",0.00022634676324128565,0.0,0.09530589351971697,1.0175687625282847e-08,0.09893993148988123
"('0021030000', 'Department of Human Development and Quan')",0.00022634676324128565,0.0,0.10985131035854592,2.1200155522203645e-07,0.11523335253496461
"('0013052000', 'Civil & Environmental Engineering')",0.00022634676324128565,0.0,0.13654345407343305,2.7080426441518123e-05,0.14547049512531593
"('0012328000', 'Department of Chemistry')",0.0009053870529651426,0.0,0.09342948379047096,2.153966725529449e-08,0.09923347886176871
"('5300016244', 'Unknown Dept')",0.001358080579447714,0.0013574656459727544,0.10236329935125116,5.051390281935865e-08,0.1079767818965965
"('0034488000', 'Department of Exercise Science')",0.0004526935264825713,0.0,0.10684401451027811,5.5284016114558446e-08,0.11226071381551517
"('0026575000', 'Mathematical Sciences')",0.000679040289723857,0.0,0.12197344082162281,1.947772092903627e-05,0.13016658156993094
"('0010819000', 'Institute of Human Origins')",0.00022634676324128565,0.0,0.14383851538336317,0.0012952278972486891,0.15916794588138997
"('0028829000', 'Information Technology')",0.0004526935264825713,0.0,0.11377214668314792,3.6995202386409567e-07,0.12007226452909836
"('0030908000', 'Department of Electrical Engineering')",0.0004526935264825713,0.0,0.13415522895663792,0.028636012200506527,0.14660221198247345
"('0014449000', 'Marketing Department')",0.0004526935264825713,0.0,0.10402392220574039,4.799348320813167e-08,0.1086790673883793
"('0014449000', 'Management Department')",0.0004526935264825713,0.0,0.10402392220574039,4.799348320813167e-08,0.1086790673883793
"('4005658000', 'Education and Child Devlopment')",0.00022634676324128565,0.0,0.10944583446874923,0.0003501037596545391,0.11585304871826495
"('0036707000', 'Manufacturing Engineering Technology')",0.00022634676324128565,0.0,0.11128183169189693,1.8344968116803384e-07,0.11669921222553407
"('0010090000', 'Industrial and Systems Engineering')",0.00022634676324128565,0.0,0.10159124356144224,1.6153944262600378e-06,0.10653273014868468
"('0096354000', 'Computing & Information Sciences')",0.0004526935264825713,0.0,0.13261691781233115,0.0003911760076843728,0.14376865840763467
"('6250001885', 'Unknown Dept')",0.00022634676324128565,0.0,0.11816941717709364,7.745939180197198e-06,0.12503682814343692
"('0022921000', 'Department of Chemistry')",0.0009053870529651426,0.0,0.10483354293714259,4.0949608207226047e-07,0.11034949270809087
"('0035352000', 'CEE')",0.0009053870529651426,0.0,0.10483354293714259,4.0949608207226047e-07,0.11034949270809086
"('7203584339', 'Unknown Dept')",0.0009053870529651426,0.0,0.14426122448979592,0.0018069368509592515,0.16012282383377816
"('0010819000', 'Mathematics and Statistics')",0.0009053870529651426,0.0,0.14426122448979592,0.0018069368509592515,0.16012282383377816
"('0010819000', 'School of Mathematics and Statistical Sc')",0.0009053870529651426,0.0,0.14426122448979592,0.0018069368509592515,0.16012282383377816
"('0031252000', 'Political Science')",0.00022634676324128565,0.0,0.10295488441461596,2.6440343719222194e-07,0.10896595371537215
"('0023879000', 'Civil Engineering')",0.0009053870529651426,0.0,0.13296415565654437,2.7945663028197897e-05,0.14343943585964775
"('0013508000', 'Electrical Engineering')",0.00022634676324128565,0.0,0.07631056222471716,2.095820672497991e-11,0.07906761231494619
"('0018259000', 'School of Electrical Engineering')",0.0004526935264825713,0.0,0.11856901317731676,1.709949564234234e-06,0.12463951494305159
"('0018259000', 'Electrical & Computer Eng.')",0.0004526935264825713,0.0,0.11856901317731676,1.709949564234234e-06,0.12463951494305159
"('0033787000', 'Mechanical Engr & Applied Mechanics')",0.0004526935264825713,0.0,0.12988005644402634,1.6156696620322827e-05,0.1384382273076243
"('0013177010', 'Inst of Geophysics & Planetary Physics')",0.00022634676324128565,0.0,0.10485842451285216,1.3926377920519772e-07,0.10974293260079147
"('0014449000', 'Chemistry')",0.00022634676324128565,0.0,0.09195928647253503,5.482524860752331e-09,0.09613408236765958
"('0030908000', 'Horticulture and Crop Science')",0.0004526935264825713,0.0,0.10321706422447025,3.9828491488170214e-07,0.10825129329888046
"('0025163000', 'Plant Sciences')",0.0004526935264825713,0.0,0.10321706422447025,3.9828491488170214e-07,0.10825129329888047
"('0014266000', 'Dept. of Computer Science')",0.00022634676324128565,0.0,0.13424898963809292,1.570811361986157e-05,0.14523228456569234
"('0013177000', 'Computer Sci and Engineering')",0.00022634676324128565,0.0,0.13343803799571113,1.1213463686840112e-05,0.14210253556111338
"('7203579196', 'Unknown Dept')",0.00022634676324128565,0.0,0.12725387407108704,0.0001044688519614527,0.13635227568568392
"('0036756000', 'Medicinal Chemistry')",0.00022634676324128565,0.0,0.1338625621136832,6.38632763994152e-05,0.14340574451201357
"('0001347000', 'Teaching and Learning,School of Educatio')",0.0011317338162064282,0.0,0.1044790237903798,3.571500512736304e-08,0.11009461434144382
"('0028431000', 'Chemistry')",0.0011317338162064282,0.0,0.1044790237903798,3.571500512736304e-08,0.11009461434144384
"('4000790000', 'Paleontology')",0.0015844273426889996,0.0003636991150021535,0.10841717791411043,1.0140125363418287e-07,0.11510418621667909
"('0028431000', 'Research and Sponsored Programs')",0.0011317338162064282,0.0,0.1044790237903798,3.571500512736304e-08,0.11009461434144382
"('4000790000', 'Unknown Dept')",0.0015844273426889996,0.0003636991150021535,0.10841717791411043,1.0140125363418287e-07,0.11510418621667909
"('5300002508', 'Center for 21st Century Skills @EDUCATIO')",0.000679040289723857,0.0,0.10159357969048222,1.5069584627783106e-06,0.10736597790756652
"('0014068000', 'Physics')",0.000679040289723857,0.0,0.10159357969048222,1.5069584627783106e-06,0.10736597790756652
"('0033795000', 'Information Science & Telecommunication')",0.0004526935264825713,0.0,0.13288417000030078,0.00011700124592753321,0.14227647446864283
"('0001057000', 'Engineering and Public Policy')",0.00022634676324128565,0.0,0.09765478216661877,2.467743743756783e-07,0.10290177058196474
"('0029207000', 'Department of Public Policy Studies')",0.00022634676324128565,0.0,0.12368074801937236,4.573634140896846e-06,0.1315554258628043
"('0013136000', 'Viticulture and Enology')",0.0009053870529651426,0.0,0.10619171233535236,6.655013216519456e-07,0.11233857444995572
"('0013136000', 'Department of Chemical Eng.')",0.0015844273426889996,0.0031645501510532835,0.11878579302556933,5.11935348104472e-06,0.12778939441173456
"('0013136000', 'Biomedical Engineering')",0.0009053870529651426,0.0,0.10619171233535236,6.655013216519456e-07,0.11233857444995572
"('0013136000', 'Neuro, Physio and Behavior')",0.0009053870529651426,0.0,0.10619171233535236,6.655013216519456e-07,0.11233857444995572
"('0034256000', 'Department of Physics and Astronomy')",0.00022634676324128565,0.0,0.0943613840239214,5.007217662650643e-09,0.09812590320971576
"('0019489001', 'Electrical Engineering and Computer Scie')",0.00022634676324128565,0.0,0.14383851538336317,0.0012952278972486891,0.15916794588139
"('0026310000', 'Management Science/CIS')",0.000679040289723857,0.0,0.1104555227761388,6.114153650806562e-06,0.11722167437106869
"('0026310000', 'Management Science & information Systems')",0.000679040289723857,0.0,0.1104555227761388,6.114153650806562e-06,0.11722167437106869
"('0026294000', 'Department of Biostatistics and Epidemio')",0.000679040289723857,0.0,0.1104555227761388,6.114153650806562e-06,0.11722167437106869
"('0036582000', 'Department of Special Education')",0.001358080579447714,0.0,0.14893975659913022,4.4519811570599845e-05,0.1611825401096552
"('0036582000', 'Center for STEM Education')",0.001358080579447714,0.0,0.14893975659913022,4.4519811570599845e-05,0.16118254010965524
"('0036137000', 'Department of Teaching and Learning')",0.001358080579447714,0.0,0.14893975659913022,4.4519811570599845e-05,0.16118254010965524
"('0032235000', 'Special Education (CTL)')",0.001358080579447714,0.0,0.14893975659913022,4.4519811570599845e-05,0.16118254010965524
"('0035949000', 'Educational Psychology')",0.001358080579447714,0.0,0.14893975659913022,4.4519811570599845e-05,0.1611825401096552
"('0025650000', 'Center for Science, Math and Computer Ed')",0.0009053870529651426,0.0,0.12763990408228124,9.826400177587684e-07,0.13666122180721507
"('0011569000', 'Dept. Geography, Environment, and Planni')",0.0009053870529651426,0.0,0.1082816597632411,1.0923240803051563e-06,0.11396098025095575
"('0028357000', 'Anthropology')",0.0009053870529651426,0.0,0.1082816597632411,1.0923240803051563e-06,0.11396098025095573
"('0011510001', 'Anthropology')",0.0009053870529651426,0.0,0.1082816597632411,1.0923240803051563e-06,0.11396098025095573
"('0037986000', 'Mechanical Engineering')",0.000679040289723857,0.0,0.09765909944958996,3.0241744746531737e-07,0.10312811734520601
"('0026393000', 'Unknown Dept')",0.000679040289723857,0.0,0.09765909944958996,3.0241744746531737e-07,0.10312811734520601
"('4005351000', 'Radiology')",0.000679040289723857,0.0,0.09765909944958996,3.0241744746531737e-07,0.10312811734520602
"('0013144000', 'Neurobiology & Behavior')",0.000679040289723857,0.0,0.12350786950322887,4.548311056045306e-06,0.13247993989562548
"('0013201000', 'Department of Psychology')",0.000679040289723857,0.0,0.12350786950322887,4.548311056045306e-06,0.13247993989562548
"('0013144000', 'Cognitive Sciences')",0.000679040289723857,0.0,0.12350786950322887,4.548311056045306e-06,0.13247993989562548
"('0028365000', 'Economics')",0.0004526935264825713,0.0,0.11646851026810429,7.928785957349303e-05,0.12325137075589675
"('0029744000', 'Environmental Sciences and Engineering')",0.0009053870529651426,0.0,0.12040443681356117,2.4409855352268436e-06,0.12821095740686034
"('0029744000', 'Economics')",0.0009053870529651426,0.0,0.12040443681356117,2.4409855352268436e-06,0.12821095740686028
"('0015354000', 'Construction Management')",0.0004526935264825713,0.0,0.1482699600630936,0.00015453975419512387,0.16103274083694957
"('0013151000', 'Mechanical & Aerospace Engrg Dept')",0.0004526935264825713,0.0,0.1272685371896065,1.588068098553188e-05,0.13622879308709945
"('0013136000', 'Chemical and Material Sciences')",0.0004526935264825713,0.0,0.11115583958134152,5.956539246216554e-07,0.11790605284450545
"('0013136000', 'Department of Physics')",0.0004526935264825713,0.0,0.11115583958134152,5.956539246216554e-07,0.11790605284450544
"('0001479000', 'Information Systems and Cyber Security')",0.00022634676324128565,0.0,0.1291284269597241,9.82070236646834e-06,0.1370401425318806
"('0037986000', 'School of Interdisciplinary Arts & Scien')",0.000679040289723857,0.0,0.10280395578824898,8.689906810663304e-08,0.10735959627276404
"('0114629000', 'Alaska Center for Conservation Science')",0.000679040289723857,0.0,0.10280395578824898,8.689906810663304e-08,0.10735959627276404
"('0114629000', 'Kodiak College')",0.000679040289723857,0.0,0.10280395578824898,8.689906810663304e-08,0.10735959627276404
"('0029728000', 'Civil, Const., and Env. Engineering')",0.0009053870529651426,0.0,0.1387911535561699,2.1503680764477576e-05,0.14939887837126328
"('0029728000', 'Mechanical & Aerospace Engineering')",0.0009053870529651426,0.0,0.1387911535561699,2.1503680764477576e-05,0.14939887837126328
"('0029728000', 'Civil, Construction, and Environmental E')",0.0009053870529651426,0.0,0.1387911535561699,2.1503680764477576e-05,0.14939887837126328
"('0019992000', 'J.B. Speed School of Engineering')",0.0011317338162064282,0.0,0.0924770795830368,7.18231645018793e-08,0.0974851172307076
"('0019992001', 'Mechanical Engineering')",0.0011317338162064282,0.0,0.0924770795830368,7.18231645018793e-08,0.0974851172307076
"('0010819000', 'School of Manufacturing Systems and Netw')",0.0011317338162064282,0.0,0.0924770795830368,7.18231645018793e-08,0.0974851172307076
"('0018259000', 'School of Materials Engineering')",0.000679040289723857,0.0,0.12868086097923281,0.0004184795006573825,0.1390628673675294
"('0010819000', 'Fulton School of Engineering - MSE')",0.000679040289723857,0.0,0.12868086097923281,0.0004184795006573825,0.1390628673675294
"('0014449000', 'ESIA/IERES')",0.00022634676324128565,0.0,0.116067675493905,3.313818376985766e-07,0.1222976013119274
"('4076212000', 'Instrumentation')",0.00022634676324128565,0.0,0.09937245552081693,9.080898059252682e-08,0.1030744788568709
"('0031237000', 'Polymer Science')",0.00022634676324128565,0.0,0.1332689813278634,0.000365988026223823,0.14283803252227775
"('0015693000', 'Music')",0.0004526935264825713,0.0,0.14684570896762614,0.00026992195854974685,0.1600689794838713
"('0015693000', 'CEISMC')",0.0009053870529651426,0.0,0.14684570896762614,0.0002947469142838331,0.16006897948387136
"('0025734000', 'Environmental Studies Program')",0.000679040289723857,0.0,0.12810624293211936,4.15116934009566e-06,0.13673950124516593
"('0030510000', 'Department of Geography')",0.000679040289723857,0.0,0.12810624293211936,4.15116934009566e-06,0.13673950124516596
"('0025197000', 'Office of the Chancellor')",0.0015844273426889996,0.0,0.15176393803029783,0.00022608661877696184,0.16633284224954537
"('0025197000', 'Chemistry & Biochemistry')",0.0015844273426889996,0.0,0.15176393803029783,0.00022608661877696184,0.16633284224954537
"('0025197000', 'Psychology')",0.0015844273426889996,0.0,0.15176393803029783,0.00022608661877696184,0.1663328422495454
"('0025197000', 'College of Arts and Sciences')",0.0015844273426889996,0.0,0.15176393803029783,0.00022608661877696184,0.1663328422495454
"('0025197000', 'College of Arts & Sciences')",0.0015844273426889996,0.0,0.15176393803029783,0.00022608661877696184,0.1663328422495454
"('0025197000', 'Unknown Dept')",0.0015844273426889996,0.0,0.15176393803029783,0.00022608661877696184,0.1663328422495454
"('0025197000', 'Office of Diversity, Equity & Inclusion')",0.0015844273426889996,0.0,0.15176393803029783,0.00022608661877696184,0.1663328422495454
"('0018697000', 'Computer Science')",0.000679040289723857,0.0,0.12457703586735845,5.784994274831497e-06,0.13260799107335963
"('0010819000', 'School of Interdisciplinary Forensics')",0.00022634676324128565,0.0,0.14383851538336317,0.0012952278972486891,0.15916794588139002
"('0013508000', 'Atmospheric Science Department')",0.00022634676324128565,0.0,0.11612564068865817,1.4260959837531773e-07,0.12313702971240269
"('0017392000', 'Computer Science Division / EECS Dept')",0.00022634676324128565,0.0,0.12454542891776844,1.4214387665092253e-06,0.13147810100866428
"('0026575000', 'Fish, Wildlife & Conservation Ecology')",0.000679040289723857,0.0,0.0990560749758974,1.1665769946420424e-07,0.10478436135752563
"('0026575000', 'Dept of Fish, Wildlife & Conservation Ec')",0.000679040289723857,0.0,0.0990560749758974,1.1665769946420424e-07,0.10478436135752563
"('6250042031', 'Department of Geosciences')",0.0004526935264825713,0.0,0.09863588667366212,4.9197601115067636e-08,0.10325387185341578
"('6250042031', 'Center for Earth Evolution and Dynamics')",0.0004526935264825713,0.0,0.09863588667366212,4.9197601115067636e-08,0.10325387185341577
"('0035303000', 'Art')",0.00022634676324128565,0.0,0.1253048953429009,3.499879370123057e-05,0.13492307199867087
"('0029728000', 'Mechanical & Aerospace Engr')",0.0009053870529651426,0.0,0.13661523238195367,1.5425766910203588e-05,0.14689256030926404
"('0025684000', 'Mechanical Engineering')",0.0004526935264825713,0.0,0.09225307997494257,1.7506491069090916e-07,0.09625225151909444
"('P270035854', 'Unknown Dept')",0.0004526935264825713,0.0,0.09225307997494257,1.7506491069090916e-07,0.09625225151909444
"('6250038401', 'Unknown Dept')",0.0009053870529651426,0.0,0.12692119854060732,4.799337243312646e-06,0.13532851541848767
"('0036525000', 'Physics')",0.0009053870529651426,0.0,0.12692119854060732,4.799337243312646e-06,0.13532851541848767
"('0014316000', 'Department of Computer & Information Sci')",0.00022634676324128565,0.0,0.11706722488672196,1.3327584999860324e-06,0.12362034091606247
"('0013144000', 'Sue & Bill Gross School of Nursing')",0.000679040289723857,0.0,0.11477411477411477,6.694387255357726e-07,0.12091040396801538
"('4005658000', 'Business Ventures and Innovation')",0.000679040289723857,0.0,0.11477411477411477,6.694387255357726e-07,0.12091040396801538
"('0026294000', 'SMLR')",0.0009053870529651426,0.0,0.1355921799711506,0.00014792133434732093,0.14774394033108323
"('0026294000', 'LSER')",0.0009053870529651426,0.0,0.1355921799711506,0.00014792133434732093,0.14774394033108318
"('0026294000', 'Human Resources Department')",0.0009053870529651426,0.0,0.1355921799711506,0.00014792133434732093,0.14774394033108323
"('7203579171', 'GreenFuture Technologies, Inc.')",0.0004526935264825713,0.0,0.1349213620400061,7.2696270641808514e-06,0.144055136302759
"('7203580850', 'Unknown Dept')",0.0004526935264825713,0.0,0.1349213620400061,7.2696270641808514e-06,0.14405513630275898
"('0039545000', 'School of Electrical Engineering')",0.0004526935264825713,0.0,0.13847793380140422,9.263861754321809e-05,0.1488755409873558
"('0039545000', 'Mechanical, Materials and Aerospace Engi')",0.0004526935264825713,0.0,0.13847793380140422,9.263861754321809e-05,0.14887554098735584
"('0028373000', 'Biological Sciences')",0.00022634676324128565,0.0,0.12893246950329773,6.170633197735278e-06,0.13905278050253086
"('0034017000', 'Mathematics')",0.000679040289723857,0.0,0.11432859767616387,3.900116750343771e-06,0.12040456431300618
"('0010827000', 'Applied Physics and materials science')",0.0009053870529651426,0.0,0.11681032203479456,0.00030097021767449156,0.12514914132444588
"('0010827000', 'Chemistry And Biochemistry')",0.0009053870529651426,0.0,0.11681032203479456,0.00030097021767449156,0.12514914132444588
"('0021782000', 'Francis Bitter National Magnet Lab.')",0.0009053870529651426,0.0,0.12735291574183505,0.0001472417437701551,0.1371784413715146
"('0021782000', 'Department of Physics & MPC')",0.0009053870529651426,0.0,0.12735291574183505,0.0001472417437701551,0.1371784413715146
"('5300004468', 'Molecular Genetics and Microbiology')",0.00022634676324128565,0.0,0.11599149360707815,3.3754939298717155e-06,0.1235344078485773
"('0039545000', 'CREOL, the College of Optics & Photonics')",0.000679040289723857,0.0,0.0998372954894694,7.15325158701097e-08,0.10451893617319569
"('0015354000', 'Chemistry')",0.000679040289723857,0.0,0.0998372954894694,7.15325158701097e-08,0.10451893617319569
"('0015354000', 'Department of Medicine')",0.000679040289723857,0.0,0.0998372954894694,7.15325158701097e-08,0.10451893617319569
"('0027078000', 'DEPARTMENT OF STATISTICS')",0.00022634676324128565,0.0,0.12347680268306316,1.1204571440201019e-05,0.1308465118956283
"('0025163000', 'Food Science')",0.00022634676324128565,0.0,0.1047813300445878,1.0091542543576701e-06,0.10971495358894348
"('0015982000', 'ECAM')",0.0004526935264825713,0.0,0.14474330832486976,0.000568078537049254,0.15802453356210636
"('0015982001', 'Dept. of Sociology')",0.0004526935264825713,0.0,0.14474330832486976,0.000568078537049254,0.15802453356210633
"('4008686000', 'Haystack Observatory')",0.00022634676324128565,0.0,0.10498550449123141,8.121933965386948e-06,0.1102657922678946
"('0028944000', 'Chemical Engineering')",0.00022634676324128565,0.0,0.11566656194365903,4.151743004715591e-06,0.12270692281160724
"('0025171000', 'Electrical and Clomputer Engineering')",0.0004526935264825713,0.0,0.09079325935059597,6.773040967615578e-09,0.09440429562952707
"('0025171000', 'Dept. Electrical & Computer Engineering')",0.0004526935264825713,0.0,0.09079325935059597,6.773040967615578e-09,0.09440429562952707
"('0013706000', 'Archaeology')",0.00022634676324128565,0.0,0.11131267321743513,8.795087588634449e-07,0.11732810024990298
"('0027078000', 'LDEO')",0.000679040289723857,0.0008352914983672501,0.13260099645837084,4.779680617308363e-06,0.14176383573169365
"('0027078000', 'LDEO-Biology Paleoenvironment')",0.00022634676324128565,0.0,0.11707963429177157,4.4120336525976127e-07,0.12295358431619156
"('5300017434', 'Dean of Instruction/Mathematics Dept.')",0.0004526935264825713,0.0,0.15073868095124365,3.2479271926424864e-05,0.16386206846822393
"('0021782000', 'Chemical Engineering')",0.0011317338162064282,0.0004526935264825713,0.12539024805585514,0.004414793732418044,0.13498794373874196
"('6250030884', 'Unknown Dept')",0.0009053870529651426,0.0,0.1253866893713637,0.004380603999978646,0.13487477035712137
"('4019519000', 'Unknown Dept')",0.0009053870529651426,0.0,0.1253866893713637,0.004380603999978646,0.13487477035712134
"('0020834000', 'Computer Science')",0.00022634676324128565,0.0,0.11479797323632585,1.0755979359853972e-06,0.12284384255548293
"('4007712000', 'Center for Technology in Learning')",0.0009053870529651426,0.0,0.1129923273657289,1.4065483129381397e-05,0.12055070314696634
"('0290429000', 'Workforce Institute')",0.0009053870529651426,0.0,0.1129923273657289,1.4065483129381397e-05,0.12055070314696634
"('0012823000', 'Unknown Dept')",0.0009053870529651426,0.0,0.1129923273657289,1.4065483129381397e-05,0.12055070314696636
"('0020107000', 'Mechanical and Industrial Engineering')",0.0011317338162064282,0.0018278622917125402,0.12004129985871101,3.511173843865962e-06,0.12783452181086802
"('0022210000', 'Computer Science Department')",0.000679040289723857,0.0,0.1138659793814433,7.679212021332441e-05,0.12113367109372696
"('0022210000', 'Anthropology')",0.000679040289723857,0.0,0.1138659793814433,7.679212021332441e-05,0.12113367109372696
"('0016105000', 'Ocean and Resources Engineering')",0.00022634676324128565,0.0,0.09704984293653758,1.906234110511236e-08,0.10105207171702986
"('0033795000', 'Chemical Engineering')",0.0009053870529651426,0.0,0.12269495667629415,2.1451000338516492e-05,0.13043987373118845
"('0015982001', 'Engineering')",0.0009053870529651426,0.0,0.12269495667629415,2.1451000338516492e-05,0.13043987373118845
"('5300011992', 'National Renewable Energy Laboratory')",0.0009053870529651426,0.0,0.12269495667629415,2.1451000338516492e-05,0.13043987373118845
"('0020834000', 'Industrial and Systems Engineering')",0.00022634676324128565,0.0,0.12556130279088273,2.064070087296041e-06,0.13379523970571916
"('0023879000', 'Technology Commercialization')",0.00022634676324128565,0.0,0.10404107008289375,1.7275061601459448e-07,0.10949176085766164
"('0013177000', 'UC San Diego')",0.0004526935264825713,0.0,0.11775681006450238,1.6034955169374628e-06,0.12379695495641597
"('0013177000', 'Linguistics')",0.0004526935264825713,0.0,0.11775681006450238,1.6034955169374628e-06,0.12379695495641597
"('4101697000', 'VP 62')",0.00022634676324128565,0.0,0.10126524250481342,5.4003009460950516e-08,0.10706658443323701
"('0010819000', 'Natural History Collections, School of L')",0.00022634676324128565,0.0,0.1135878647641085,1.8229548196587636e-06,0.12031775502803022
"('5300008543', 'School of Industrial & Systems Engr')",0.000679040289723857,0.0,0.15123921676023552,0.0003102101755286432,0.16589731944530325
"('0020040000', 'Unknown Dept')",0.000679040289723857,0.0,0.13094638252467472,8.588750592594923e-05,0.14067261990813323
"('0020297000', 'Center for Bioenvironmental Research')",0.000679040289723857,0.0,0.13094638252467472,8.588750592594923e-05,0.14067261990813323
"('6250037136', 'Mechanical Engineering')",0.000679040289723857,0.0,0.13094638252467472,8.588750592594923e-05,0.14067261990813323
"('0037283001', 'Academic Affairs')",0.0009053870529651426,0.0,0.12918506389075704,1.405198876474481e-05,0.13748767956554223
"('0026633000', 'Dept of Earth & Planetary Sciences')",0.0004526935264825713,0.0,0.11599453896240286,3.7256829157191802e-06,0.12364758123019795
"('0026633000', 'Electrical & Computer Engineering')",0.0004526935264825713,0.0,0.11599453896240286,3.7256829157191802e-06,0.12364758123019795
"('4006680000', 'Statistican')",0.0004526935264825713,0.0,0.11287396847295675,7.49778531169062e-06,0.1195213584388542
"('0033290000', 'Curriculum and Instruction')",0.00022634676324128565,0.0,0.12524450744153082,2.7104831888220676e-05,0.1360281941678556
"('0017756000', 'Industrial and Enterprise Systems Eng.')",0.0004526935264825713,0.0,0.12375696798229642,6.800129469945705e-06,0.13163257320115568
"('0029728000', 'Mechanical and Aerospace Engr')",0.0009053870529651426,0.0,0.13661523238195367,1.5425766910203588e-05,0.14689256030926404
"('0013151000', 'Graduate Division')",0.000679040289723857,0.0,0.10149322306455318,2.1480595423739717e-07,0.10625461221452033
"('0013151000', 'Epidemiology')",0.000679040289723857,0.0,0.10149322306455318,2.1480595423739717e-07,0.10625461221452033
"('0010819000', 'The Biodesign Institute')",0.0004526935264825713,0.0,0.1271696266658991,0.0004171163539953245,0.13754712668248123
"('0014266000', 'Peabody Museum of Natural History')",0.00022634676324128565,0.0,0.11753125831338122,5.522942777411736e-07,0.12305945675366821
"('0039859000', 'Computing and Mathematics')",0.0009053870529651426,0.0,0.12302979671400724,3.893110217860934e-06,0.13237660959730338
"('0034744000', 'Information Technology Services')",0.0009053870529651426,0.0,0.12302979671400724,3.893110217860934e-06,0.13237660959730338
"('4000345000', 'Department of Physics & Astronomy')",0.0009053870529651426,0.0,0.12591199270405837,2.311978000849082e-05,0.13480869766519318
"('0500330000', 'College of Science & Math.')",0.0009053870529651426,0.0,0.12591199270405837,2.311978000849082e-05,0.13480869766519318
"('4001434000', 'ODI Programs')",0.0009053870529651426,0.0,0.12591199270405837,2.311978000849082e-05,0.13480869766519318
"('0026294000', 'Educational Psychology')",0.00022634676324128565,0.0,0.1106380847440649,8.8499401236728e-07,0.1162944227081902
"('0023879000', 'Information & Decision Sciences')",0.0009053870529651426,0.0,0.13609339863844994,0.005228098130499609,0.14754227652031948
"('0031005000', 'Unknown Dept')",0.0011317338162064282,0.0009051820751401561,0.09941494149414941,1.6914648022803351e-06,0.10490200187028477
"('0031005000', 'School of Electrical Eng. & Computer Sci')",0.0004526935264825713,0.0,0.09042901588341248,1.7130177219520396e-07,0.09430390001661315
"('0031005000', 'Electrical Engineering Computer Science')",0.0004526935264825713,0.0,0.09042901588341248,1.7130177219520396e-07,0.09430390001661315
"('0029843000', 'Chemistry and Biochemistry')",0.0004526935264825713,0.0,0.12649239843101326,7.540539560035044e-05,0.13516067478517185
"('0029843000', 'Foreign Languages and Literatures')",0.0004526935264825713,0.0,0.12649239843101326,7.540539560035044e-05,0.13516067478517185
"('0011502001', 'Teaching Credentials')",0.000679040289723857,0.0,0.09070564805880059,7.742621070799008e-09,0.0957641692544675
"('0011502001', 'Teacher Preparation')",0.000679040289723857,0.0,0.09070564805880059,7.742621070799008e-09,0.09576416925446748
"('0014449000', 'Division of Infectious Diseases')",0.0009053870529651426,1.3665188332429892e-07,0.11608597403962373,4.5945997449222977e-07,0.12275029483840998
"('0021287000', 'Psychology')",0.00022634676324128565,0.0,0.10647322504458476,6.172972373919838e-06,0.11204091252439465
"('0035303000', 'Physics and Astronomy')",0.00022634676324128565,0.0,0.11113347084570106,9.987437806998555e-07,0.11776300718945047
"('0021030000', 'Materials Science and Engineering')",0.00022634676324128565,0.0,0.09796008869179601,2.4998292533163435e-07,0.1027087678199262
"('0013201000', 'Department of Earth Science')",0.0009053870529651426,0.0,0.130833925610045,3.492596110771376e-05,0.1407538735345424
"('0026294000', 'Marine & Coastal Sciences')",0.0009053870529651426,0.0,0.130833925610045,3.492596110771376e-05,0.1407538735345424
"('0021154000', 'Department of Geology')",0.0009053870529651426,0.0,0.130833925610045,3.492596110771376e-05,0.1407538735345424
"('7203597026', 'Unknown Dept')",0.0004526935264825713,0.0,0.11263799301430283,5.814872824942049e-05,0.11928789221914873
"('6250025863', 'Unknown Dept')",0.000679040289723857,0.0,0.11876344086021505,4.891351562977802e-06,0.1272612519641716
"('0010520000', 'Biology')",0.0004526935264825713,0.0,0.11434931152293198,9.922496953668268e-07,0.12147296731634144
"('0034017000', 'Molecular, Cellular Biology Biochemistry')",0.0004526935264825713,0.0,0.11434931152293198,9.922496953668268e-07,0.12147296731634144
"('0036137000', 'Physics')",0.0009053870529651426,0.0,0.12462271868212463,6.497187924767422e-06,0.13311057780557514
"('0001289000', 'Physics')",0.0009053870529651426,0.0,0.12462271868212463,6.497187924767422e-06,0.13311057780557514
"('0017392000', 'Physics and Astronomy')",0.0009053870529651426,0.0,0.12462271868212463,6.497187924767422e-06,0.13311057780557514
"('0020776000', 'Psychological and Brain Sciences')",0.000679040289723857,0.0,0.12019152293378312,3.615193880084422e-06,0.12858681011408446
"('0020776000', 'Psychology and Brain Sciences')",0.000679040289723857,0.0,0.12019152293378312,3.615193880084422e-06,0.12858681011408446
"('0015354000', 'Computer & Information Science & Enginee')",0.00022634676324128565,0.0,0.12288265235168136,1.2173406535538452e-05,0.13002557863038275
"('0015354000', 'Computer and Information Science and Eng')",0.0011317338162064282,0.0004526935264825713,0.14009386098427196,0.00013172007806141995,0.15157019430446286
"('0019281000', 'Landscape Arch./ Reg & Comm. Planning')",0.0004526935264825713,0.0,0.10958972069256338,4.580114311715774e-07,0.11605856784903604
"('0019281000', 'Electrical & Computer Engineering')",0.0004526935264825713,0.0,0.10958972069256338,4.580114311715774e-07,0.11605856784903604
"('5300016229', 'Unknown Dept')",0.000679040289723857,0.0,0.11608902435819954,2.210292519211872e-06,0.12406677978669499
"('0015354000', 'Department of Mathematics')",0.00022634676324128565,0.0,0.09306930693069307,4.6920180071665463e-07,0.09691199667166786
"('0015644000', 'Wallace H. Coulter Department of Biomedi')",0.00022634676324128565,0.0,0.10533091741369445,9.843633491981321e-08,0.11020991983381676
"('0015982001', 'Geology')",0.0004526935264825713,0.0,0.0980905861456483,2.4728518543774408e-08,0.1032078393805464
"('0015982001', 'University of Georgia')",0.0004526935264825713,0.0,0.0980905861456483,2.4728518543774408e-08,0.1032078393805464
"('7203581410', 'Unknown Dept')",0.00022634676324128565,0.0,0.11872833301980597,3.947688624934174e-06,0.12676706153109482
"('0013144000', 'Nursing')",0.0004526935264825713,0.0,0.12386452842884378,4.231526914115605e-06,0.1331463563723633
"('0026120000', 'Unknown Dept')",0.00022634676324128565,0.0,0.11186509343191371,2.0951454473360496e-07,0.11705886213249048
"('0011312000', 'High Energy Physics')",0.0009053870529651426,0.0,0.13605567873860558,1.4361208136114741e-05,0.14740396103569384
"('0013151000', 'Department of Computer Science')",0.0009053870529651426,0.0,0.13605567873860558,1.4361208136114741e-05,0.14740396103569384
"('0037499000', 'Computational and Data Sciences')",0.0004526935264825713,0.0,0.13329310604917785,0.00011519702723242517,0.14351882085019105
"('0039545000', 'Philosophy/Texts&Technology')",0.0004526935264825713,0.0,0.10490324112548972,1.7766374617894037e-07,0.11038404375754078
"('0039545000', 'Dept. of Chemistry & CREOL')",0.0004526935264825713,0.0,0.10490324112548972,1.7766374617894037e-07,0.11038404375754078
"('0010835000', 'Teaching, Learning, Sociocultural Stds')",0.0009053870529651426,0.0,0.11660068619688572,1.180275086267559e-05,0.12577343584836212
"('0025064000', 'Communication')",0.0009053870529651426,0.0,0.11660068619688572,1.180275086267559e-05,0.1257734358483621
"('0017756000', 'Illinois Natural History Survey')",0.000679040289723857,0.0,0.08770049229791964,5.916973300671005e-10,0.09082220610569118
"('0023879000', 'Department of Plant Biology')",0.000679040289723857,0.0,0.08770049229791964,5.916973300671005e-10,0.09082220610569118
"('0023259000', 'EEB')",0.000679040289723857,0.0,0.08770049229791964,5.916973300671005e-10,0.09082220610569118
"('0038950000', 'Industrial Engineering')",0.0009053870529651426,0.0,0.14197570537952311,0.00012195593760220828,0.15380290827325593
"('0038950000', 'Institute for Research on Poverty')",0.0009053870529651426,0.0,0.14197570537952311,0.00012195593760220828,0.15380290827325593
"('0038950000', 'La Follette School of Public Affairs')",0.0009053870529651426,0.0,0.14197570537952311,0.00012195593760220828,0.15380290827325588
"('0013714000', 'Computer Science')",0.000679040289723857,0.0,0.11417495800491019,3.024002847255063e-07,0.12147405842233756
"('0013169000', 'Botany and Plant Sciences')",0.000679040289723857,0.0,0.1020323325635104,3.003043742967857e-07,0.10633761234578575
"('0028373000', 'MDI')",0.00022634676324128565,0.0,0.1309386206692155,7.006424635478043e-05,0.140446273144892
"('0014449000', 'CASHP')",0.000679040289723857,0.0,0.10403862004003298,4.829818071447012e-08,0.10889786925951253
"('P269987254', 'Unknown Dept')",0.000679040289723857,0.0,0.10403862004003298,4.829818071447012e-08,0.10889786925951253
"('P270030420', 'Unknown Dept')",0.00022634676324128565,0.0,0.1228963253498011,2.159538675676509e-06,0.1306054497034579
"('0010579000', 'Earth Sciences')",0.001358080579447714,0.0,0.12937421300770155,1.446212158810338e-05,0.13874537074514404
"('0020024000', 'Geography & Geology')",0.001358080579447714,0.0,0.12937421300770155,1.446212158810338e-05,0.138745370745144
"('6250040169', 'USGS Wetland and Aquatic Research Center')",0.001358080579447714,0.0,0.12937421300770155,1.446212158810338e-05,0.13874537074514404
"('0020107000', 'Mechanical & Industrial Engineering')",0.0004526935264825713,0.0,0.12000217296827466,3.1879509248865408e-06,0.12757045058708655
"('6250018616', 'Applied Sciences and Technology Div')",0.0009053870529651426,0.0,0.1257256687535572,1.296798746822631e-06,0.13478858949909833
"('0022814000', 'Unknown Dept')",0.0009053870529651426,0.0,0.1257256687535572,1.296798746822631e-06,0.13478858949909833
"('0022814000', 'Engineering and Advanced Technology')",0.0009053870529651426,0.0,0.1257256687535572,1.296798746822631e-06,0.1347885894990983
"('0001057000', 'H. John Heinz III College')",0.00022634676324128565,0.0,0.11579388792787126,0.00015854699196876835,0.12245050954025578
"('0034710000', 'Plant Sciences')",0.0004526935264825713,0.0,0.10038171407797873,8.81642834834208e-08,0.10475588840100143
"('0034710000', 'Plant Science')",0.0004526935264825713,0.0,0.10038171407797873,8.81642834834208e-08,0.10475588840100143
"('0010819000', 'Electrical  Engineering')",0.0009053870529651426,0.0,0.13510290205192502,0.00012371936140104857,0.14619627832054194
"('0010819000', 'Electrical, Computer, and Energy Enginee')",0.0009053870529651426,0.0,0.13510290205192502,0.00012371936140104857,0.14619627832054194
"('0015982001', 'Biochemistry and Molecular Biology')",0.0009053870529651426,0.0,0.14479074492839117,0.0008077192925090561,0.15849608931885897
"('0015982001', 'Dept of Math & Science Education')",0.0009053870529651426,0.0,0.14479074492839117,0.0008077192925090561,0.15849608931885897
"('0013284000', 'Electrical and Computer Engineering')",0.000679040289723857,0.0,0.13146070759068051,1.311868590274253e-05,0.14174055975210287
"('0015354000', 'CISE')",0.000679040289723857,0.0,0.13146070759068051,1.311868590274253e-05,0.14174055975210284
"('0013144000', 'Department of Physics and Astronomy')",0.0009053870529651426,0.0,0.12394097514447625,5.211140640672235e-06,0.13325668817124187
"('0013144000', 'Materials Science and Engineering')",0.0009053870529651426,0.0,0.12394097514447625,5.211140640672235e-06,0.1332566881712419
"('0020776000', 'Hopkins Extreme Materials Institute (HEM')",0.0009053870529651426,0.0,0.12394097514447625,5.211140640672235e-06,0.13325668817124187
"('0033290000', 'School of Engineering Design and Mechani')",0.0004526935264825713,0.0,0.1314137838722151,0.00011756563846450786,0.141294666803946
"('0033290000', 'School of Engineering Design, Technology')",0.0004526935264825713,0.0,0.1314137838722151,0.00011756563846450786,0.14129466680394598
"('6250031759', 'Unknown Dept')",0.0009053870529651426,0.0,0.13260497643845484,3.4634522464100074e-05,0.14365621928998973
"('6250022829', 'Emerging Technologies Program Ofice')",0.0009053870529651426,0.0,0.13260497643845484,3.4634522464100074e-05,0.14365621928998973
"('0013177010', 'SIO CASPO')",0.0004526935264825713,0.0,0.11683812445455266,6.695685566996886e-07,0.12364514603649887
"('0036046000', 'Chemical & Biomolecular Engineering (CHB')",0.000679040289723857,0.0,0.14900003372567536,2.8317455175261757e-05,0.16091812782057122
"('0036046000', 'Materials Science and NanoEngineering')",0.000679040289723857,0.0,0.14900003372567536,2.8317455175261757e-05,0.1609181278205712
"('0036046000', 'Physics and Astronomy')",0.000679040289723857,0.0,0.14900003372567536,2.8317455175261757e-05,0.1609181278205712
"('0023259000', 'Gerald R. Ford School of Public Policy')",0.000679040289723857,0.0,0.10028145996005085,8.506957505976373e-07,0.10552405853879557
"('0023259000', 'Electrical Engr & Computer Science')",0.000679040289723857,0.0,0.10028145996005085,8.506957505976373e-07,0.10552405853879558
"('0023259000', 'UMTRI')",0.000679040289723857,0.0,0.10028145996005085,8.506957505976373e-07,0.10552405853879557
"('4003110000', 'Corporate Headquarters')",0.0011317338162064282,0.0,0.08853707414829659,4.589597739007531e-09,0.09255460576721931
"('4003110000', 'National OIR Astronomy Research Lab')",0.0011317338162064282,0.0,0.08853707414829659,4.589597739007531e-09,0.09255460576721931
"('4003110000', 'US-ELT Program')",0.0011317338162064282,0.0,0.08853707414829659,4.589597739007531e-09,0.09255460576721936
"('6250008359', 'Unknown Dept')",0.0011317338162064282,0.0,0.08853707414829659,4.589597739007531e-09,0.09255460576721931
"('7203579934', 'Unknown Dept')",0.0015844273426889996,0.0,0.08853707414829659,5.01745183395689e-09,0.09255460576721934
"('0010819000', 'Civil and Sustainable Engineering')",0.0004526935264825713,0.0,0.1356504651662624,0.00025512034551491606,0.14766362541939598
"('5300010311', 'Energy Sciences Network')",0.0004526935264825713,0.0,0.12370498963991712,3.43864765835645e-05,0.13231896743666713
"('7203579767', 'Unknown Dept')",0.0004526935264825713,0.0,0.12370498963991712,3.43864765835645e-05,0.1323189674366671
"('0013144000', 'Planning, Policy, and Design')",0.0009053870529651426,0.0,0.1080565474734628,3.5539210008444257e-07,0.11398058576046903
"('5300016440', 'Unknown Dept')",0.0009053870529651426,0.0,0.1080565474734628,3.5539210008444257e-07,0.11398058576046902
"('0013706000', 'Chemistry & Biochemistry, CIMB')",0.0009053870529651426,0.0,0.13896577755410167,5.8414244601979125e-06,0.1498712789398612
"('0013706000', 'Applied Math')",0.0009053870529651426,0.0,0.13896577755410167,5.8414244601979125e-06,0.14987127893986119
"('0013706000', 'Molecular, Cellular & Dev. Biology')",0.0009053870529651426,0.0,0.13896577755410167,5.8414244601979125e-06,0.1498712789398612
"('0022905000', 'Department of Horticulture')",0.0004526935264825713,0.0,0.13618149312619443,0.00015558955341231638,0.15078078351302113
"('0011478001', 'Department of Mathematics')",0.0009053870529651426,0.0,0.08910671426554527,9.463551018843734e-09,0.09372730965692547
"('0011478001', 'Civil and Geomatics Engineering')",0.0009053870529651426,0.0,0.08910671426554527,9.463551018843734e-09,0.09372730965692543
"('0011478001', 'Plant Science')",0.0009053870529651426,0.0,0.08910671426554527,9.463551018843734e-09,0.09372730965692545
"('4018560000', 'Unknown Dept')",0.000679040289723857,0.0,0.11985892566467715,2.388721939319256e-05,0.12931598343782377
"('0022905000', 'Education Administration')",0.000679040289723857,0.0,0.11985892566467715,2.388721939319256e-05,0.12931598343782377
"('0022905000', 'Economics')",0.000679040289723857,0.0,0.11985892566467715,2.388721939319256e-05,0.12931598343782377
"('0015362010', 'Marine & Atmospheric Chemistry')",0.000679040289723857,0.0,0.13251349730053988,5.993550190689577e-06,0.1428328487065464
"('0100511000', 'CAPP/ACE')",0.0009053870529651426,0.0,0.1412268644311607,3.277783085608387e-05,0.15397765744642022
"('0100511000', 'Unknown Dept')",0.0009053870529651426,0.0,0.1412268644311607,3.277783085608387e-05,0.15397765744642022
"('6250024402', 'Unknown Dept')",0.00022634676324128565,0.0,0.11142215833144183,0.00040598154775483707,0.11764473977529473
"('0010835000', 'Optical Sciences')",0.000679040289723857,0.0,0.10653227556605821,1.9038953962193857e-07,0.11307548697437525
"('7203580428', 'Advanced Missile Systems')",0.000679040289723857,0.0,0.10653227556605821,1.9038953962193857e-07,0.11307548697437525
"('0025684000', 'Computer Science')",0.00022634676324128565,0.0,0.10815177478580171,1.6371685067872916e-06,0.114879201191501
"('0036772000', 'School of Teacher Education & Leadership')",0.0004526935264825713,0.0,0.09680105170902717,5.695617797191071e-07,0.10198046777632494
"('0001966000', 'Electrical and Computer Engineering')",0.00022634676324128565,0.0,0.11159383682748168,3.691345429570502e-07,0.1168311298630436
"('0011510001', 'Department of Biological Sciences')",0.00022634676324128565,0.0,0.11397172634403055,7.863702941084144e-06,0.12045986902539614
"('0036046000', 'Department of BioSciences')",0.0009053870529651426,0.0,0.09900280112044818,1.127034094042113e-07,0.1043044253661559
"('0014803000', 'School of the Environment')",0.0009053870529651426,0.0,0.09900280112044818,1.127034094042113e-07,0.1043044253661559
"('0037663000', 'Biology')",0.0009053870529651426,0.0,0.09900280112044818,1.127034094042113e-07,0.1043044253661559
"('0035691000', ""Dean's Office"")",0.00022634676324128565,0.0,0.12145370574004838,3.1242774476205854e-05,0.12861566303418456
"('0031310000', 'College of Graduate Studies')",0.0004526935264825713,0.0,0.09402400612922449,1.4701029021707732e-08,0.09807519270756618
"('0021048000', 'Center for Shock, Trauma and Anesthesiol')",0.00022634676324128565,0.0,0.11713240362691553,0.0027963673075790687,0.12460561474788012
"('0010819000', 'Department of Anthropology')",0.0004526935264825713,0.0,0.1118311142611249,3.142324852833549e-05,0.11869529230891722
"('0024414000', 'Polymer Science')",0.00022634676324128565,0.0,0.12320477425471987,7.913718729298172e-06,0.13040598421393546
"('0014449000', 'Department of Anthropology')",0.00022634676324128565,0.0,0.1040312706037487,3.9335599458484035e-08,0.10863379803573103
"('4003646000', 'Unknown Dept')",0.00022634676324128565,0.0,0.11760634616408454,3.3943227656398416e-05,0.12393774269340108
"('0025734000', 'Anthropology')",0.00022634676324128565,0.0,0.12855355428172374,9.697036588286573e-06,0.1364222691322052
"('0021030000', 'Electrical and Computer Engineering')",0.00022634676324128565,0.0,0.11713240362691553,0.0027963673075790687,0.12460561474788012
"('0029728000', 'Department of Entomology')",0.000679040289723857,0.0,0.14840443399395364,7.256789116030326e-05,0.16167994019963153
"('0029728000', 'Entomology')",0.000679040289723857,0.0,0.14840443399395364,7.256789116030326e-05,0.16167994019963153
"('0029728000', 'Entomology and Plant Pathology')",0.000679040289723857,0.0,0.14840443399395364,7.256789116030326e-05,0.16167994019963153
"('0013177010', 'Earth & Planetary Sciences')",0.00022634676324128565,0.0,0.10485842451285216,1.3926377920519772e-07,0.10974293260079147
"('0013193000', 'Neurology')",0.000679040289723857,0.0,0.09286389910667367,5.747621786889067e-09,0.09702365487191146
"('0013193000', 'Pediatrics')",0.000679040289723857,0.0,0.09286389910667367,5.747621786889067e-09,0.09702365487191145
"('9000167000', 'Computing Directorate')",0.000679040289723857,0.0,0.09286389910667367,5.747621786889067e-09,0.09702365487191142
"('0034488000', 'Department of Mathematics')",0.0004526935264825713,0.0,0.11845139149552254,4.806611619266244e-07,0.12481300356753017
"('0034256000', 'School of Mathematical and Statistical S')",0.0009053870529651426,0.0,0.11845139149552254,5.251061384440626e-07,0.1248130035675302
"('0034587000', 'Physics')",0.0009053870529651426,0.0,0.09880574316768798,6.57036764890318e-08,0.10394671973502671
"('0037457000', 'Department of Physics')",0.0009053870529651426,0.0,0.09880574316768798,6.57036764890318e-08,0.10394671973502671
"('0037465000', 'Physics')",0.0009053870529651426,0.0,0.09880574316768798,6.57036764890318e-08,0.10394671973502671
"('0018408000', 'Department of Chemistry and Biochemistry')",0.00022634676324128565,0.0,0.12298527405840269,3.965109802471428e-06,0.12938007304802185
"('0034348000', 'Integrative Research in the Sciences')",0.0009053870529651426,0.0,0.09991180261878378,5.0704670499891565e-08,0.1052259355900368
"('0034348000', 'Academic Affairs & Psychology')",0.0004526935264825713,0.0,0.09991180261878378,4.642702007772497e-08,0.1052259355900368
"('0015354000', 'Comp. & Info. Science and Engr')",0.0004526935264825713,0.0,0.1308416750577504,7.910505629780425e-06,0.1400510114351212
"('0010819000', 'Computer Science Engineering')",0.0004526935264825713,0.0,0.1308416750577504,7.910505629780425e-06,0.1400510114351212
"('0010819000', 'Social and Behavioral Sciences')",0.0004526935264825713,0.0,0.1444168410041841,0.00017999294203757633,0.16221036646568457
"('0035352000', 'Economics')",0.00022634676324128565,0.0,0.13630754041712945,6.59141983222461e-05,0.14787206845264708
"('0013284000', 'Iovine and Young Academy')",0.0009053870529651426,0.0,0.14608822167846042,0.00044865055334662637,0.15848545976431805
"('6250019456', 'Neurology')",0.0009053870529651426,0.0,0.14608822167846042,0.00044865055334662637,0.15848545976431802
"('0010819000', 'School of Human Evol. & Social Change')",0.00022634676324128565,0.0,0.1118396071184467,2.945311384692096e-05,0.11873301676945745
"('0028365000', 'Chemistry')",0.0004526935264825713,0.0,0.11127902876429399,2.0223370826383746e-07,0.11678220603872252
"('0028365000', 'Physics')",0.0004526935264825713,0.0,0.11127902876429399,2.0223370826383746e-07,0.11678220603872255
"('0033787000', 'Neuroscience and Bioengineering')",0.000679040289723857,0.0,0.11737201455859303,8.771157056667401e-07,0.12710822097671945
"('0001057000', 'Psychology and CNBC')",0.000679040289723857,0.0,0.11737201455859303,8.771157056667401e-07,0.12710822097671945
"('0013136000', 'Graduate School of Management')",0.00022634676324128565,0.0,0.11872833301980597,3.947688624934174e-06,0.12676706153109482
"('0027110000', 'Horticulture')",0.0009053870529651426,0.0,0.10234432913269088,7.661710618269305e-08,0.10835397147891994
"('0027110001', 'Department of Crop & Soil Science')",0.0009053870529651426,0.0,0.10234432913269088,7.661710618269305e-08,0.10835397147891992
"('0027110000', 'Plant Breeding and Genetics')",0.0009053870529651426,0.0,0.10234432913269088,7.661710618269305e-08,0.10835397147891994
"('0027110000', 'Mechanical & Aero Engineering')",0.0009053870529651426,0.0,0.10234432913269088,7.661710618269305e-08,0.10835397147891994
"('0036582000', 'ICES')",0.000679040289723857,0.0,0.15536097337975174,0.00010976183228558039,0.16943080748535608
"('0036582000', 'Department of Computer Science')",0.000679040289723857,0.0,0.15536097337975174,0.00010976183228558039,0.16943080748535608
"('0010512000', 'Geography')",0.000679040289723857,0.0,0.11667150817334354,2.2522088447117534e-06,0.12277308602568822
"('0010512000', 'Department of Geography')",0.000679040289723857,0.0,0.11667150817334354,2.2522088447117534e-06,0.12277308602568822
"('0021998000', 'Biology & Mathematics')",0.00022634676324128565,0.0,0.13398435130709044,6.814421781246143e-05,0.14440010155831742
"('0016204000', 'Department of Geosciences')",0.0004526935264825713,0.0,0.12307435161712678,7.028608389628223e-06,0.13270654913616123
"('0016204000', 'Geosciences')",0.0004526935264825713,0.0,0.12307435161712678,7.028608389628223e-06,0.13270654913616123
"('0021626000', 'Bell Center for Regerative Biology and T')",0.00022634676324128565,0.0,0.13562964327377663,0.00022617899574368182,0.14739955419561449
"('0027110000', 'Department of Physics')",0.00022634676324128565,0.0,0.08485709895513215,3.709922600333168e-10,0.08749926207721635
"('0020776000', 'Chemical & Biomolecular Engineering')",0.00022634676324128565,0.0,0.11492937228480009,2.007580636482087e-06,0.12224861122169542
"('0013284000', 'ECE-Electrophysics')",0.0004526935264825713,0.0,0.1325055485573751,0.004094028567599691,0.14363507198500325
"('0029207000', 'Duke University')",0.00022634676324128565,0.0,0.09687321843617068,1.4829010387336778e-08,0.10065587038731441
"('0013268000', 'Electrical and Computer Engineering')",0.00022634676324128565,0.0,0.11101618253090763,8.847681820560154e-06,0.11742360073302274
"('0018408000', 'Department of Chemistry')",0.00022634676324128565,0.0,0.13969518750395243,3.3923569142509306e-05,0.1492716471949153
"('0023259000', 'Civil & Environmental Engineering')",0.0009053870529651426,0.0,0.1475913676755529,3.040241769196874e-05,0.15973872651667964
"('0023259000', 'Industrial & Operations Engineering')",0.0009053870529651426,0.0,0.1475913676755529,3.040241769196874e-05,0.15973872651667964
"('5300012004', 'Unknown Dept')",0.000679040289723857,0.0,0.14685547134689536,0.0003203350184926611,0.16021987732603218
"('5300012004', 'Quantum Systems Division')",0.000679040289723857,0.0,0.14685547134689536,0.0003203350184926611,0.16021987732603218
"('0026633000', 'Biological Sciences')",0.0009053870529651426,0.0,0.11824532291304231,9.071391997751388e-07,0.12558361926288544
"('0026633000', 'Pediatrics')",0.0009053870529651426,0.0,0.11824532291304231,9.071391997751388e-07,0.12558361926288544
"('0026633000', 'Internal Medicine')",0.0009053870529651426,0.0,0.11824532291304231,9.071391997751388e-07,0.12558361926288544
"('0034256000', 'Computer Science')",0.0004526935264825713,0.0,0.130872682030926,0.00011703604939135496,0.14055029146699535
"('0034256000', 'South Carolina Botanical Garden')",0.0004526935264825713,0.0,0.130872682030926,0.00011703604939135496,0.14055029146699535
"('0031278000', 'Chemistry')",0.00022634676324128565,0.0,0.10526817412852343,1.2376171266912728e-06,0.11028853298445432
"('0014696000', 'College of Engineeering & Science')",0.0009053870529651426,0.0,0.14008941877794337,0.00013069012109304023,0.15145702092284222
"('P270041907', 'Unknown Dept')",0.0009053870529651426,0.0,0.14008941877794337,0.00013069012109304023,0.15145702092284222
"('0037457000', 'Department of Electrical Engineering')",0.0011317338162064282,0.004130264900621665,0.15246048726620196,0.00017788227020911043,0.16752387117937073
"('6250005608', 'Unknown Dept')",0.0009053870529651426,0.0,0.14393692578354075,0.0001557534355199431,0.15695484599400275
"('6250041667', 'Unknown Dept')",0.00022634676324128565,0.0,0.10959243916354526,6.783171935688452e-07,0.11460463075730042
"('0014449000', 'Decision Sciences')",0.000679040289723857,0.0,0.11607377436813619,4.1958698797542704e-07,0.12252394807516873
"('0014449000', 'Law School')",0.0011317338162064282,2.2205931040198575e-07,0.11608902435819954,4.950461220361996e-07,0.12286346822003062
"('0013201000', 'Bren School of Envir. Sci. & Management,')",0.00022634676324128565,0.0,0.11254043864788445,6.477828704625816e-07,0.1202560962147403
"('0027854000', 'Courant Institute')",0.00022634676324128565,0.0,0.11050801670877211,1.623978176920083e-06,0.11594943617068897
"('0052209000', 'Division of Natural Sciences and Enginee')",0.0009053870529651426,0.0,0.12262003885650846,8.73517080427942e-06,0.1323635473615162
"('0052209000', 'School of Science Math and Engineering')",0.0009053870529651426,0.0,0.12262003885650846,8.73517080427942e-06,0.13236354736151618
"('0052209000', 'Biotech')",0.0009053870529651426,0.0,0.12262003885650846,8.73517080427942e-06,0.13236354736151618
"('0052209000', 'EDMT')",0.0009053870529651426,0.0,0.12262003885650846,8.73517080427942e-06,0.13236354736151618
"('0023879000', 'Department of Mechanical Enigneering')",0.0009053870529651426,0.0,0.11469068819604891,3.356939277450573e-06,0.12316609949771636
"('4004842000', 'Surgery Burn & Trauma')",0.0009053870529651426,0.0,0.11469068819604891,3.356939277450573e-06,0.12316609949771636
"('0023879000', 'Curriculum and Instruction')",0.0009053870529651426,0.0,0.11469068819604891,3.356939277450573e-06,0.12316609949771636
"('0013128000', 'Materials Science & Bioeng')",0.0009053870529651426,0.0,0.11469068819604891,3.356939277450573e-06,0.12316609949771636
"('0037549000', 'Materials Science and Engineering')",0.0009053870529651426,0.0,0.14458225611152928,6.913649974071026e-05,0.15638696598406795
"('0035352000', 'Electrical Engineering and Computer Sci')",0.0011317338162064282,0.0,0.1440871436957798,8.291772580507323e-05,0.16132164513219155
"('0035352000', 'Institute of Software Integrated Systems')",0.0011317338162064282,0.0,0.1440871436957798,8.291772580507323e-05,0.16132164513219158
"('0035295000', 'Computer Science and Engineering')",0.0011317338162064282,0.0,0.1440871436957798,8.291772580507323e-05,0.16132164513219155
"('0017756000', 'Chemical and Biomolecular Engineering')",0.0009053870529651426,0.0,0.13123421951581762,1.0152952653038248e-05,0.14093508661752133
"('0017756000', 'Department of Chemistry')",0.0009053870529651426,0.0,0.13123421951581762,1.0152952653038248e-05,0.14093508661752135
"('0017756000', 'Chemical & Biomolecular Eng')",0.0009053870529651426,0.0,0.13123421951581762,1.0152952653038248e-05,0.14093508661752135
"('0013177000', 'Communication')",0.00022634676324128565,0.0,0.14448768682342938,4.798885243390624e-05,0.156134468996623
"('0013706000', 'Geography / College of Arts & Sciences')",0.000679040289723857,0.0,0.13496670128917945,3.2080957513608726e-06,0.1458107991550717
"('0016162000', 'Human-Environment Systems')",0.000679040289723857,0.0,0.13496670128917945,3.2080957513608726e-06,0.14581079915507167
"('0011510001', 'Department of Geography')",0.0004526935264825713,0.0,0.10121188518017915,6.935483135217462e-08,0.10700535316939548
"('5300011947', 'Unknown Dept')",0.0004526935264825713,0.0,0.10121188518017915,6.935483135217462e-08,0.10700535316939551
"('0021030000', 'Economics Department')",0.00022634676324128565,0.0,0.10099209070543592,5.757175932326803e-07,0.10530932995062478
"('0010819000', 'School of Mathematical and Natural Sci')",0.0009053870529651426,0.0,0.12483752472449845,3.084631027660013e-05,0.13375943193168094
"('0010819000', 'Global Institute of Sustainability')",0.0009053870529651426,0.0,0.12483752472449845,3.084631027660013e-05,0.13375943193168094
"('0010819000', 'Nutrition and Health')",0.0009053870529651426,0.0,0.12483752472449845,3.084631027660013e-05,0.13375943193168097
"('0017392000', 'Department of Natural Sciences')",0.0004526935264825713,0.0,0.1282512772875058,0.0004391807861749452,0.1375025721223087
"('0010819000', 'Civil, Environmental and Sustainable Eng')",0.0009053870529651426,0.0,0.14360007800819086,3.708516318994085e-05,0.15563086629179768
"('0013151000', 'Civil and Environmental Engineering')",0.0009053870529651426,0.0,0.14360007800819086,3.708516318994085e-05,0.15563086629179768
"('0023879000', 'Plant & Microbial Biology')",0.0009053870529651426,0.0004526935264825713,0.09112660368796667,1.005768480104559e-08,0.09506739124907496
"('0023887000', 'Mathematics')",0.000679040289723857,0.0,0.09112472413010746,9.977159725395646e-09,0.09495421786745432
"('0023879000', 'Horticultural Science')",0.000679040289723857,0.0,0.09112472413010746,9.977159725395646e-09,0.09495421786745432
"('4200200000', 'Plant Sciences')",0.00022634676324128565,0.0,0.08351764683642413,9.410524730143192e-10,0.08630630922689543
"('0039321000', 'Molecular Biology')",0.0004526935264825713,0.0,0.10533845163443885,1.0861202254509604e-07,0.11039854213651783
"('0015354000', 'Department of Linguistics')",0.0004526935264825713,0.0,0.12165436722105959,1.0610288667790257e-05,0.1284972562159128
"('0014449000', 'Department of Electrical and Computer En')",0.000679040289723857,0.0,0.11608292388134213,4.206867401629776e-07,0.12263712145678936
"('5300010577', 'Intel Labs')",0.0004526935264825713,0.0,0.13425714893487709,1.731490136383021e-05,0.14538318240785317
