node,centrality,label,period,log_centrality
6250002969,0.0014748964767109809,6250002969,Historic,-6.519167476934147
0029744000,0.0722270132327283,University of North Carolina at Chapel Hill,Historic,-2.627941158560334
0011395000,0.014565595020908425,California State University-Long Beach,Historic,-4.229093036613676
0011379000,0.007887386501358217,California State University-Fullerton,Historic,-4.842490440903509
0021303000,0.07905033760193576,Trustees of Boston University,Historic,-2.53767044459655
4012365000,0.013007753421532934,TERC Inc,Historic,-4.342209682265563
0028829000,0.056444172501912034,Syracuse University,Historic,-2.8745032266309916
0019992000,0.017765495450941558,University of Louisville,Historic,-4.030497160737245
0019992001,0.016493136888531136,University of Louisville Research Foundation Inc,Historic,-4.104810930754825
0027110001,0.03243666570901469,Cornell Univ - State: AWDS MADE PRIOR MAY 2010,Historic,-3.4284658383400974
4001926000,0.019683429958758013,"Cary Institute of Ecosystem Studies, Inc.",Historic,-3.9279781160219045
0029231000,0.020090882429879102,East Carolina University,Historic,-3.9074891772832276
0012492000,0.0034051002431006684,Occidental College,Historic,-5.682480899843181
0036756000,0.094420201915005,University of Utah,Historic,-2.3600002253892125
0013151000,0.13116379431193245,University of California-Los Angeles,Historic,-2.0313083985438802
0018259000,0.1308802107367747,Purdue University,Historic,-2.033472795976378
0030908000,0.10666628457668301,Ohio State University,Historic,-2.238050153956487
0030908001,0.07929824304218311,Ohio State University Research Foundation -DO NOT USE,Historic,-2.5345393064230577
0021550000,0.11463987575482021,Harvard University,Historic,-2.165959579248396
0021030000,0.13979964132321915,"University of Maryland, College Park",Historic,-1.9675450148279277
0036525000,0.040012934423920704,University of Houston,Historic,-3.218552516539954
0037655000,0.0031114960850656486,Norfolk State University,Historic,-5.7726516121702725
0013128000,0.11142046625917956,University of California-Berkeley,Historic,-2.194444249699071
0035097000,0.02440224712345458,University of Memphis,Historic,-3.7130800556999373
5300013006,0.010167068502646077,5300013006,Historic,-4.588601359967534
4003869000,0.0018589797295957148,Human Relations Area Files,Historic,-6.287727474231426
0013144000,0.08902400660062881,University of California-Irvine,Historic,-2.418849208536787
0011726000,0.0020176001443244717,Pitzer College,Historic,-6.205846521220874
0500595000,0.0003336393574491951,Mount Sinai School of Medicine,Historic,-8.005449916473323
0025205020,0.007164227400380637,Washington University School of Medicine,Historic,-4.938655053190758
0017749000,0.10680263026638998,University of Chicago,Historic,-2.236772724796853
0021394000,0.010485933288701602,Clark University,Historic,-4.55772060679161
0036327001,0.03106891813065497,Texas A&M Research Foundation,Historic,-3.47154737656788
0018408000,0.0723155573771318,University of Notre Dame,Historic,-2.6267159948579657
0013201000,0.10842660654044987,University of California-Santa Barbara,Historic,-2.221681772303844
0038000000,0.07163133057239114,Washington State University,Historic,-2.636222722898103
0014456000,0.027536240930012456,Georgetown University,Historic,-3.5922522899139397
0013706000,0.14550775689261533,University of Colorado at Boulder,Historic,-1.927525881814885
0033787000,0.0940777505421571,University of Pennsylvania,Historic,-2.3636337051712726
0018903000,0.006180805749040983,University of Northern Iowa,Historic,-5.086306635907566
0020891000,0.0021958935676651705,Prince George's Community College,Historic,-6.12116622296423
0022293000,0.003471150476280866,Williams College,Historic,-5.663269190613232
0039545000,0.054201119362995716,The University of Central Florida Board of Trustees,Historic,-2.915053718296
0036582000,0.1270201221346784,University of Texas at Austin,Historic,-2.063409763068813
0018259002,0.011450663339351677,0018259002,Historic,-4.469707617092141
0015354000,0.13111403158790322,University of Florida,Historic,-2.0316878642837355
0019281000,0.032783094619536254,Kansas State University,Historic,-3.417842304401336
0039446000,0.009316301135520054,University of Puerto Rico Mayaguez,Historic,-4.675989602931154
0092759000,0.004694743390762432,Northern Kentucky University,Historic,-5.361311823670244
0013219000,0.05287685173234597,University of California-Santa Cruz,Historic,-2.9397896212862005
0096354000,0.045221674554065595,Florida International University,Historic,-3.0961787815471533
0010819000,0.13545743461369514,Arizona State University,Historic,-1.9990978237056203
0031708000,0.033950178431300354,Oklahoma State University,Historic,-3.382861169282838
0028365000,0.01037071679442478,SUNY at Binghamton,Historic,-4.5687691371984815
6250002181,0.0002118027029307074,6250002181,Historic,-8.459855363165898
0027110000,0.14565044176996664,Cornell University,Historic,-1.9265457624884912
4100756000,0.017010197398752362,Smithsonian Institution Astrophysical Observatory,Historic,-4.073942267776778
0021717000,0.0005777682628295773,Massachusetts Bay Community College,Historic,-7.456337699046155
0001966000,0.02829367774598824,University of Massachusetts Lowell,Historic,-3.56511690049254
0029785010,0.0019562785811886862,Wake Forest University School of Medicine,Historic,-6.236711293590239
0026633000,0.05605073455372785,University of New Mexico,Historic,-2.881498024220175
0025361000,0.019775425408088448,University of Montana,Historic,-3.9233152531406708
6250014446,8.286490717872771e-05,6250014446,Historic,-9.398298900539908
0031195000,0.001311077343074843,Sinclair Community College,Historic,-6.63690608046031
0067504000,0.0027098183499117186,Valencia Community College,Historic,-5.91087367588998
0023879000,0.14319146557059734,University of Minnesota-Twin Cities,Historic,-1.9435726242023104
0033290000,0.1419512182188432,Pennsylvania State Univ University Park,Historic,-1.9522718140722033
0029769000,0.01791151777740767,University of North Carolina Greensboro,Historic,-4.0223113218096
0010520000,0.03502973364536835,University of Alabama at Birmingham,Historic,-3.351558045416598
0023259000,0.1424710749940213,Regents of the University of Michigan - Ann Arbor,Historic,-1.9486162823752633
0022301000,0.05942140772142699,Woods Hole Oceanographic Institution,Historic,-2.8231007181911614
0015826000,0.0024535576653766395,Morehouse College,Historic,-6.010216199398251
0017756000,0.16109074571178925,University of Illinois at Urbana-Champaign,Historic,-1.8257874348204641
7203590793,0.003358148305929838,7203590793,Historic,-5.696365556343771
0017756010,0.003358148305929838,0017756010,Historic,-5.696365556343771
0025650000,0.05642501567678914,University of Nebraska-Lincoln,Historic,-2.8748426784444754
0025890000,0.0374843713041684,University of New Hampshire,Historic,-3.2838311980987105
0028357000,0.03574828326183886,SUNY at Albany,Historic,-3.3312530316430125
0033795000,0.08643528379051067,University of Pittsburgh,Historic,-2.448359309330418
0022905000,0.10985230911061501,Michigan State University,Historic,-2.208618459793339
0026542000,0.017463476947811158,New Mexico Institute of Mining and Technology,Historic,-4.0476436104915825
0013177000,0.11732642891473374,University of California-San Diego,Historic,-2.1427952382602546
0028589000,0.0001428189043850963,SUNY College of Technology Farmingdale,Historic,-8.853933133171598
0028217000,0.0005766267974150858,St. John Fisher College,Historic,-7.458315298961149
0028647000,0.00013803485411855007,0028647000,Historic,-8.888004338620062
0028480000,0.005519241616359257,SUNY College at Oswego,Historic,-5.19951481647249
0014175000,0.05672330272263956,University of Connecticut,Historic,-2.869570169916112
0027078000,0.1063999138585034,Columbia University,Historic,-2.2405505116754525
0034488000,0.06641879756671504,University of South Carolina at Columbia,Historic,-2.711775166679565
0028035000,0.046890206957027274,Rensselaer Polytechnic Institute,Historic,-3.0599464322195087
0017392000,0.10904758141525515,Northwestern University,Historic,-2.2159709652576147
0021030060,0.013240789349895667,University of Maryland Center for Environmental Sciences,Historic,-4.324453111678211
5300016977,0.003032651043978905,5300016977,Historic,-5.798318109984519
4010898000,0.002802776037882227,Skidaway Institute of Oceanography,Historic,-5.8771449108542955
0036566000,0.026605151285283492,University of Texas at Arlington,Historic,-3.6266504246021616
0023309000,0.043214855827828066,Western Michigan University,Historic,-3.1415709579435065
0018093000,0.0751608323352115,Indiana University,Historic,-2.588125030320284
0032383000,0.0075473237900888475,Bucknell University,Historic,-4.886562243447626
0037457000,0.08638542358406108,University of Virginia Main Campus,Historic,-2.4489363259228214
0026294000,0.09309992554015911,Rutgers University New Brunswick,Historic,-2.3740818944829036
0013169000,0.10057581080039851,University of California-Riverside,Historic,-2.2968434995292797
0021337000,0.032843120371715336,Brandeis University,Historic,-3.4160129815026625
5300004663,7.975614170781672e-05,Edmonds School District No 15,Historic,-9.436536807254353
5300012977,0.003905169477150847,Mathematics Education Collaborative (MEC),Historic,-5.5454540965936125
0014266000,0.10398249807938363,Yale University,Historic,-2.2635326817009624
4026001000,0.0011951427528876302,4026001000,Historic,-6.729489642249887
4100749000,0.03071875881458974,Smithsonian Institution,Historic,-3.4828817746898024
0028944030,0.008686465383630286,University of Rochester School of Medicine and Dentistry,Historic,-4.745989167715071
0028944000,0.05597625480519171,University of Rochester,Historic,-2.882827699505317
0026278000,0.11680036769943666,Princeton University,Historic,-2.1472890604813504
0034280000,0.003917594007046615,College of Charleston,Historic,-5.542277587328558
0032102000,0.10416212981768735,Oregon State University,Historic,-2.261806653172484
0031252000,0.040929145865324215,University of Cincinnati Main Campus,Historic,-3.1959128568772397
6250041438,0.003807260466349466,6250041438,Historic,-5.570845386178674
0037986000,0.13018417084284073,University of Washington,Historic,-2.0388051323064222
0015693000,0.1296809362362455,Georgia Tech Research Corporation,Historic,-2.0426781819922097
0032235000,0.06107613407124573,University of Oregon Eugene,Historic,-2.795634093508953
0038273000,0.021844192634362235,West Virginia University,Historic,-3.823820176091568
0034017000,0.08232864199866496,Brown University,Historic,-2.4970362124189784
0015362010,0.029026471689381324,University of Miami,Historic,-3.539547048484412
0015370000,0.0730343064886084,University of South Florida,Historic,-2.6168259963278095
0026310000,0.004848523677347943,Rutgers University Newark,Historic,-5.329081016793845
0036442000,0.04466461730265072,Texas Tech University,Historic,-3.108573650035853
4002757000,0.006783015658593968,4002757000,Historic,-4.993333488515188
0037853000,0.000453811137085143,Pacific Lutheran University,Historic,-7.697829444083753
0092650000,0.00168436359662128,North Dakota State University Central Office,Historic,-6.386367473984802
0020776000,0.07887580454668638,Johns Hopkins University,Historic,-2.539880757897836
0021782000,0.11022690178740499,Massachusetts Institute of Technology,Historic,-2.205214294202198
0035303000,0.05916903921129984,University of Tennessee Knoxville,Historic,-2.827356860192821
5000263000,0.001765067486702866,5000263000,Historic,-6.339566353235583
6250035800,0.010318511890999273,6250035800,Historic,-4.573815725934648
5300005206,0.008379964500102245,Concord Consortium,Historic,-4.781911600761767
0020107000,0.07313624611561677,Louisiana State University,Historic,-2.6154311922209774
4000758000,0.01731673001425867,American Mathematical Society,Historic,-4.056082191925445
0046888000,0.0005109763912404269,University of Mississippi Medical Center,Historic,-7.579187169922928
0026393000,0.021176777415646154,Stevens Institute of Technology,Historic,-3.8548501026209836
0030841000,0.00176488986006536,Muskingum College,Historic,-6.3396669927732345
0015644000,0.022963001388213503,Emory University,Historic,-3.773870993591044
0027391000,0.0024868307352315312,Ithaca College,Historic,-5.9967461762954875
0029207000,0.11172450750637967,Duke University,Historic,-2.191719192260235
0011502001,0.0009228786910822494,"University Enterprises, Incorporated",Historic,-6.988012761045605
0290999000,0.0013509613902769873,Wentworth Institute of Tech,Historic,-6.606938799037924
0038950000,0.12849565067354551,University of Wisconsin-Madison,Historic,-2.0518602221181603
4002130000,0.0011430658243776885,"HYPRES, Inc.",Historic,-6.774041306695818
0036327060,0.05208316701774383,Texas A&M Engineering Experiment Station,Historic,-2.954913472298153
0034702000,0.01927801117899062,South Dakota School of Mines and Technology,Historic,-3.94879014973721
0018697000,0.08767079765126691,Iowa State University,Historic,-2.4341664150853237
0010835000,0.1359502719461608,University of Arizona,Historic,-1.9954661075661155
0028381000,0.10866172079535247,SUNY at Stony Brook,Historic,-2.2195157014725377
9000183000,0.005525121985340413,9000183000,Historic,-5.198449953027409
0028373000,0.0655076307498897,SUNY at Buffalo,Historic,-2.7255886431282126
0018101000,0.010600023419066969,Indiana University-Purdue University at Indianapolis,Historic,-4.546899068520616
0023077000,0.004127550214511666,Oakland University,Historic,-5.490071216402282
0025692000,0.0373275950818476,University of Nevada Las Vegas,Historic,-3.2880224113334906
0001024000,0.06226160638124696,Case Western Reserve University,Historic,-2.7764103131250506
5300008543,0.06220730145444418,Georgia Institute of Technology,Historic,-2.7772828993988874
0013482000,0.0417357998489234,Colorado School of Mines,Historic,-3.1763960089194283
0022095000,0.02103531645563762,Smith College,Historic,-3.8615525178104764
4002457000,0.007287489395222058,Cold Spring Harbor Laboratory,Historic,-4.921596182507675
0025163000,0.07794427995709415,University of Missouri-Columbia,Historic,-2.551761067093324
0036962000,0.024886163600875092,University of Vermont & State Agricultural College,Historic,-3.693443308637806
0032565000,0.03927281681371411,Drexel University,Historic,-3.237222683560165
6250003001,0.0037405685804608444,6250003001,Historic,-5.58851765224942
0027854000,0.09674632745335243,New York University,Historic,-2.3356629069311885
0036327000,0.10352396391279796,Texas A&M University,Historic,-2.2679521576875428
4002127000,0.03806703373483679,Carnegie Institution of Washington,Historic,-3.2684066277032837
0080010000,0.09717677344264362,University of Illinois at Chicago,Historic,-2.331223552421765
0036046000,0.06987840292132501,William Marsh Rice University,Historic,-2.6609986485663892
0021154000,0.015200037365701895,Amherst College,Historic,-4.186457392863066
4003803000,0.00462224126830355,Law and Society Association,Historic,-5.376875568513187
0031849000,0.04591023456884173,University of Oklahoma Norman Campus,Historic,-3.0810672114149185
0010512000,0.03783362751122125,University of Alabama Tuscaloosa,Historic,-3.274556955132026
0013284000,0.09791975757332666,University of Southern California,Historic,-2.323606935983781
0015362000,0.028421473229471243,University of Miami,Historic,-3.56061031988503
0013508000,0.05881246226093974,Colorado State University,Historic,-2.8334015033210846
0029728000,0.10186014904518055,North Carolina State University,Historic,-2.2841544942911263
0020545000,0.0017144705288600903,University of Southern Maine,Historic,-6.36865097555865
0081554000,0.007674378445127619,Evergreen State College,Historic,-4.869867973136478
4005518000,0.024021094475315488,National Academy of Sciences,Historic,-3.7288228982011877
0001172000,0.010489343983417783,Research Foundation Of The City University Of New York (Lehman),Historic,-4.557395395858568
0031278000,0.005644989439557641,University of Dayton,Historic,-5.176986952142644
0028951000,0.003784098415719569,Vassar College,Historic,-5.576947619748167
4004027000,0.01185217304171231,The Scripps Research Institute,Historic,-4.435244049165427
0018127000,0.0026727998332271327,Indiana University-Purdue University at Fort Wayne,Historic,-5.924628729318043
0011510000,0.039123706183672384,San Diego State University,Historic,-3.2410266994565307
5300016475,0.0026243494857418103,5300016475,Historic,-5.9429222286052505
6250028376,0.0036287564691278446,6250028376,Historic,-5.618865259884249
0027078040,0.027808248397669842,Columbia University Lamont Doherty Earth Observatory,Historic,-3.5824225973416026
5300010290,0.0021781992774317243,William Davidson Institute,Historic,-6.129256763049984
0013714000,0.014915496407930903,University of Denver,Historic,-4.205354579106592
0038968000,0.02320566879915378,University of Wisconsin-Milwaukee,Historic,-3.763358685366088
0025031000,0.005711990014019747,Missouri State University,Historic,-5.165187802192224
0032896000,0.04680033966216965,Lehigh University,Historic,-3.0618648183462054
0022210000,0.08670045819629617,University of Massachusetts Amherst,Historic,-2.445296110361899
0011551000,0.007727158411787624,San Jose State University,Historic,-4.8630140891682805
0011551001,0.007536509622394018,San Jose State University Foundation,Historic,-4.887996118942262
0014795000,0.012617934548234006,Embry-Riddle Aeronautical University,Historic,-4.372636100221326
0016923000,0.008010036032112818,Board of Trustees of Illinois State University,Historic,-4.827060019520873
0037804000,0.0002340089725160483,Green River Community College,Historic,-8.360151099256012
0015206000,0.0027452961644315356,Seminole State College of Florida,Historic,-5.897866317515816
0040519000,6.085767649867636e-05,0040519000,Historic,-9.70697259203107
4306198000,0.000905768724878365,Anchorage School District,Historic,-7.006726555062049
4070546000,0.0012134329304856863,4070546000,Historic,-6.714301803805307
0014316000,0.10294953294783146,University of Delaware,Historic,-2.273516382207979
0037549000,0.10398838243384438,Virginia Polytechnic Institute and State University,Historic,-2.263476093447378
0010827000,0.020605401300634152,Northern Arizona University,Historic,-3.8822020384948575
0011460000,0.0013410166930551714,California State University-Chico,Historic,-6.614327226545926
0026880000,0.022688315161487376,CUNY City College,Historic,-3.785905237619619
0058891000,0.0016908429224997334,University of Oklahoma Health Sciences Center,Historic,-6.382528103682019
0013177010,0.04863733534239468,University of California-San Diego Scripps Inst of Oceanography,Historic,-3.0233638260815714
4025938000,0.062130111335891594,National Bureau of Economic Research Inc,Historic,-2.7785245229253364
0013052000,0.1052386713870504,Stanford University,Historic,-2.2515244474901692
4101358000,0.00637056723080711,Forest Service Pacific NW Forest & Range Experiment Station,Historic,-5.056066766140067
5300005577,0.0022572706326386633,5300005577,Historic,-6.093598880209904
0018077000,0.0065788967706544195,Indiana State University,Historic,-5.023888211736379
0025312000,3.924456375964698e-05,Montana Technological University,Historic,-10.145697626267205
0025379000,0.0019210470099464145,The University of Montana-Western,Historic,-6.254884923893677
0010637000,0.04435032974807082,University of Alaska Fairbanks Campus,Historic,-3.1156351351229414
5300012607,0.001964459391241958,Ilisagvik College,Historic,-6.232538190473912
0001347000,0.014380947027568064,Virginia Commonwealth University,Historic,-4.241851071585961
0018689000,0.009094314701692698,Grinnell College,Historic,-4.700105818757718
0038356000,0.007440159517462328,Beloit College,Historic,-4.900862989847851
0026906000,0.011767183586470102,CUNY Queens College,Historic,-4.4424406738144455
0020321000,0.004668182103784116,Xavier University of Louisiana,Historic,-5.366985554225313
4077681000,0.0017888404521883522,Louisiana Board of Regents,Historic,-6.326187661110961
0026989000,0.002996164623968012,CUNY College of Staten Island,Historic,-5.810422266916849
0034660000,0.0012953506490922904,Northern State University,Historic,-6.648973848982784
0038026000,0.015350259489992343,Western Washington University,Historic,-4.176622900206322
0025171000,0.01918967535814262,Missouri University of Science and Technology,Historic,-3.9533828863467617
0010579000,0.006594568474128704,University of South Alabama,Historic,-5.021508927231324
6250020951,0.00038249532641334037,6250020951,Historic,-7.868794123299545
0020313000,0.005837328687208726,University of Louisiana at Lafayette,Historic,-5.143482003362723
0015982000,0.06007878823700431,University of Georgia,Historic,-2.8120984408873757
0023291000,0.02199230376780109,Wayne State University,Historic,-3.817062715564482
0013136000,0.12221313700505222,University of California-Davis,Historic,-2.1019887338898005
6250007895,0.0022507507254002565,6250007895,Historic,-6.096491462683057
4076121000,0.00791225715920888,4076121000,Historic,-4.839342182762103
0035352000,0.07164845677717298,Vanderbilt University,Historic,-2.635983663290601
5300017254,0.0029980291528431432,5300017254,Historic,-5.809800155251898
0025684000,0.031940466057584174,"Board of Regents, NSHE, obo University of Nevada, Reno",Historic,-3.443881544642862
0038273001,0.012975521624606034,West Virginia University Research Corporation,Historic,-4.344690648456499
0033282000,0.0029296390573171154,West Chester University of Pennsylvania,Historic,-5.832876052170474
0011429000,0.003490215137525423,California State University-San Bernardino,Historic,-5.657791900677622
4306488000,0.0022255139540796717,4306488000,Historic,-6.107767399440549
0036616000,0.01604794459140425,University of Texas at El Paso,Historic,-4.132174500447714
5300001411,0.00841154651472454,University of Maryland,Historic,-4.778149931923833
4000592000,0.011665725324099837,American Geological Institute,Historic,-4.451100195921892
0016105000,0.07012846015696368,University of Hawaii,Historic,-2.657426573654788
4038063000,0.007064087138286171,Fred Hutchinson Cancer Research Center,Historic,-4.952731480212085
0015743000,0.009716916106936997,Georgia State University,Historic,-4.633886983800369
0020990000,0.006017015047083559,Towson University,Historic,-5.113163981985281
0035063000,0.0030948527170816466,Meharry Medical College,Historic,-5.778014961350543
0031005000,0.014371995664382513,Ohio University,Historic,-4.242473711402041
0015727000,0.004456826577061374,Georgia Southern University,Historic,-5.413318296014505
0023234000,0.0015537749487774775,University of Detroit Mercy,Historic,-6.4670678581307115
0291666000,0.0011299592837439615,0291666000,Historic,-6.785573678992049
0036343000,0.0011304215691034672,Texas State Technical College,Historic,-6.78516464582813
0033712000,0.041796931296838695,Temple University,Historic,-3.1749323560975897
0011718000,0.00820272871181934,Harvey Mudd College,Historic,-4.8032884103334315
0023267000,0.01894910369885007,University of Michigan Dearborn,Historic,-3.965998646786014
0014282000,0.007473428485751474,Delaware State University,Historic,-4.8964014178279465
0020834000,0.001897758840157244,Morgan State University,Historic,-6.267081646847581
0071043000,0.011515119768693818,Miami University Oxford Campus,Historic,-4.464094344661207
0019505000,0.004821834413168282,Wichita State University,Historic,-5.334600839678342
0036913000,0.002841479821092488,Middlebury College,Historic,-5.863430298750647
0001057000,0.1070453695947963,Carnegie-Mellon University,Historic,-2.234502519484509
0029785000,0.02120651946772509,Wake Forest University,Historic,-3.8534466225168837
0036137000,0.0260379358249278,Southern Methodist University,Historic,-3.648200734179767
6250005721,0.0034275300710317627,6250005721,Historic,-5.675915373106988
4007944000,0.008420019436253248,National Center For Atmospheric Research,Historic,-4.77714314238695
4000545000,0.0011447519333339917,4000545000,Historic,-6.772567317558444
0030775000,0.006857818934071849,Miami University,Historic,-4.982365827437538
0031450000,0.00278068499659119,Youngstown State University,Historic,-5.885057979979985
0036152000,0.017055393929642303,Texas State University - San Marcos,Historic,-4.071288765773917
5300005042,0.0038328023244525874,SPACE SCIENCE INSTITUTE,Historic,-5.564159065932232
0015941000,0.00022960451767327353,Spelman College,Historic,-8.379152217435115
0098418000,0.007482854491901501,University of North Florida,Historic,-4.89514094322846
4000093000,0.006381933132385407,International Computer Science Institute,Historic,-5.054284228713817
0027011000,0.011423958746683945,Colgate University,Historic,-4.472042484501027
4084086000,6.336199230391081e-05,Meteorological Standards Institute,Historic,-9.66664636676195
4087616000,1.2945849207976916e-06,4087616000,Historic,-13.55732043867227
4005864000,0.003331974265126961,New York Botanical Garden,Historic,-5.7041902782587
4004651000,0.007700001158470619,Los Angeles County Museum of Natural History Foundation,Historic,-4.86653479967178
0019489001,0.06243016264027384,University of Kansas Center for Research Inc,Historic,-2.7737067447497146
4000840000,0.011885467856726185,American Physical Society,Historic,-4.432438813633357
4013165000,0.0022814248080531953,American Bar Foundation,Historic,-6.08295511538156
0021055000,0.039770263504733734,University of Maryland Baltimore County,Historic,-3.224635794068276
4001459000,0.0022564281038327263,Association Computing Machinery,Historic,-6.093972201011718
0018929000,0.0616327997261077,University of Iowa,Historic,-2.7865610870646673
0011411000,0.0032468732314616653,California State University-Dominguez Hills Foundation,Historic,-5.730062828366211
0002261000,0.003043125912069245,University of Houston - Downtown,Historic,-5.79487003131267
0023887000,0.018262453159500956,University of Minnesota Duluth,Historic,-4.002908066754552
0039172000,0.005047396628334145,University of Wisconsin-Eau Claire,Historic,-5.2888826877623005
0033258000,0.007842357282129177,Millersville University,Historic,-4.848215816072145
0012740000,2.3087385580442467e-05,San Diego City College,Historic,-10.676224168360564
0020297000,0.03326818653485039,Tulane University,Historic,-3.4031536979561143
0018259001,0.010716374051707908,Purdue Research Foundation,Historic,-4.535982422001179
0020107010,0.005318770003925751,Louisiana State University Agricultural Center,Historic,-5.236513204629545
0029975000,0.010968490377972982,North Dakota State University Fargo,Historic,-4.5127286278407475
0035238000,0.009824809499535432,Tennessee Technological University,Historic,-4.6228445107750495
0034140000,0.03312994060010035,University of Rhode Island,Historic,-3.407317855605826
5300002795,0.0005330006926774448,Farnet Inc,Historic,-7.536987834216826
4004263000,0.0054674867218618495,Educause,Historic,-5.2089362339738035
4091109000,0.0006487225791946122,NYSERNet Inc,Historic,-7.3405053915148555
5300011474,0.01998588052117788,INTERNET2,Historic,-3.9127292286862025
0010124000,0.003307768474791018,Birmingham Southern College,Historic,-5.711481493752834
4000733000,0.0031754269239714556,4000733000,Historic,-5.75231319143401
0030650000,0.002189370015486853,Kenyon College,Historic,-6.124141440698253
0046615000,0.005096065451894744,Hampshire College,Historic,-5.279286517016352
6250000385,0.0022814248080531953,6250000385,Historic,-6.08295511538156
0026328000,0.00021502456817326326,Seton Hall University,Historic,-8.444758265791679
4000311000,0.006287622168529203,American Association of Physics Teachers,Historic,-5.069172313362668
0031443000,1.4218386323084465e-07,Xavier University,Historic,-15.766144805405823
6250001118,2.912808583062698e-09,6250001118,Historic,-19.65414807240087
0030510000,0.02086637259518356,Kent State University,Historic,-3.8696163825260763
0026898000,0.020364839343325097,CUNY Hunter College,Historic,-3.893945426774892
0040634000,0.008699587265171026,CUNY Graduate School University Center,Historic,-4.744479695231888
0026872000,0.009894722218759325,CUNY Brooklyn College,Historic,-4.615753773211066
0021600000,0.00020206311565614248,Lesley University,Historic,-8.506930455623294
0037333000,1.0678306159773442e-05,Randolph-Macon College,Historic,-11.44729633628257
0020537000,0.044182340886095246,University of Maine,Historic,-3.1194300971947544
0028142000,0.0002587463483907409,Skidmore College,Historic,-8.259662325983829
0020958000,5.283042259052982e-06,St Mary's College of Maryland,Historic,-12.151008440750491
0025320000,0.04767635745260814,Montana State University,Historic,-3.0433196548520653
0012450000,0.0046742864650765195,Mount San Antonio College,Historic,-5.3656787556814125
0036145000,0.004679070414280464,0036145000,Historic,-5.36465581820927
0036772000,0.025917094214301217,Utah State University,Historic,-3.6528525197121393
0011569000,0.00011096971336763745,Sonoma State University,Historic,-9.106253246426775
0014951000,0.0002844959527380526,Jacksonville University,Historic,-8.16479153037587
0078709000,0.00016457311275901293,Hillsborough Community College,Historic,-8.71215563203739
0017376000,0.007887859832822433,Northern Illinois University,Historic,-4.842430431512298
5300012604,0.00016471054694170757,Rock Valley College,Historic,-8.711320885540708
0037697000,0.0029851579970338014,Bellevue College,Historic,-5.814102603208751
0037754000,0.002809310312080799,Eastern Washington University,Historic,-5.874816266302583
0037788000,0.004339568923238553,Gonzaga University,Historic,-5.439980262245751
0022194000,0.025879489928464675,Tufts University,Historic,-3.65430451864472
4007555000,0.0038214053897088307,Southwest Research Institute,Historic,-5.567137020958253
5300010535,0.00019159454172759934,Southwest Research Institute,Historic,-8.56012918068508
4001916000,0.005559714877601777,Planetary Science Institute,Historic,-5.192208453041436
0018275000,0.0026727998332271327,Purdue University Calumet,Historic,-5.924628729318043
0014894000,0.06786168517684868,Florida State University,Historic,-2.690283686794858
5300001194,0.007276713823764436,"Georgia State University Research Foundation, Inc.",Historic,-4.92307591651877
4003315000,0.008938988925686238,Bartol Research Institute,Historic,-4.717332791753323
0030056000,0.004526926178346337,University of North Dakota Main Campus,Historic,-5.39771211763138
0021287000,0.01343444282980756,Boston College,Historic,-4.309933509318562
4012266000,0.00021524664325502557,Exploratorium,Historic,-8.443726009412059
5300016440,0.0002660825372520304,5300016440,Historic,-8.231704006891524
4202727000,0.013030725194362628,4202727000,Historic,-4.340445233648702
0037366000,0.00015416363158743182,Roanoke College,Historic,-8.777495976874137
0011312000,0.0715454768851733,California Institute of Technology,Historic,-2.637421991118037
4004149000,0.0026671766897668923,"Institute of Electrical & Electronics Engineers, Inc.",Historic,-5.926734785595433
0038638000,0.017763977181079863,Marquette University,Historic,-4.030582626112897
0023580000,0.011351620332477573,Macalester College,Historic,-4.478394784673335
4001434000,0.004222457590250106,4001434000,Historic,-5.4673379530864334
0010090000,0.014282936546064795,Auburn University,Historic,-4.248689702731076
0034256000,0.06636387934386427,Clemson University,Historic,-2.7126023562988735
0037283001,0.01570306215797535,Old Dominion University Research Foundation,Historic,-4.153899543736817
0037283000,0.03760407537083497,Old Dominion University,Historic,-3.280642846937585
0014142000,0.002042117773093409,Trinity College,Historic,-6.1937678855387635
5300002894,4.169154625304376e-05,"Connecticut Pre-Engineering Program, Inc.",Historic,-10.085212177456318
0037051000,0.016272014186024267,College of William and Mary,Historic,-4.118308567870495
6250008691,0.006304389337178864,6250008691,Historic,-5.066509167994363
4004321000,0.011445946030966077,Jackson Laboratory,Historic,-4.470119670106284
4301859000,0.00017672133485731895,4301859000,Historic,-8.640936445365101
0014811000,0.00847621187932102,Florida Atlantic University,Historic,-4.770491641328228
5300003142,0.00017672133485731895,Florida Council of Teachers of Mathematics,Historic,-8.640936445365101
4037347000,0.00011298304278890898,Monell Chemical Senses Center,Historic,-9.088272814327599
0001289000,0.00553268084190494,University of Colorado at Denver,Historic,-5.197082799378537
4100160000,0.02343199577174727,NATIONAL INSTITUTE OF STANDARDS AND TECHNOLOGY,Historic,-3.753652849904516
4003554000,0.03926982236588018,Gordon Research Conferences,Historic,-3.2372989338075886
0011080000,0.04359732657624387,University of Arkansas,Historic,-3.1327594475657428
0034587000,0.0012880249543200345,Augustana University Association,Historic,-6.6546452770155815
0027086000,0.01650165511718816,Barnard College,Historic,-4.104294592973711
4077020000,0.0027055284308169455,Carnegie Institution of Washington (California),Historic,-5.912458032410753
0017863000,0.0014269856007711424,Ball State University,Historic,-6.552191031098164
4007712000,0.013289448253643992,SRI International,Historic,-4.320784923022178
0032169000,0.041736207091190095,Portland State University,Historic,-3.176386251342448
0088567000,0.013701732119937445,Oregon Graduate Institute of Science & Technology,Historic,-4.290233022027701
0016261000,0.048455209291722624,Regents of the University of Idaho,Historic,-3.027115427504103
0035303050,0.0031011034671133823,University of Tennessee Space Institute,Historic,-5.775997273695398
0014696000,0.009774758451870345,Florida Institute of Technology,Historic,-4.627951884222127
0024232000,0.014269513114037603,Mississippi State University,Historic,-4.249629967624348
4001276000,0.007721242824918641,Institute for Research on Learning,Historic,-4.863779940218817
5300007810,0.00040386518315028004,Great Falls Public Schools,Historic,-7.814429440768617
0010637040,0.004574266577289719,University of Alaska Geophysical Institute,Historic,-5.387308904080755
4001491000,0.0012473207322405437,Association of American Colleges and Universities,Historic,-6.686757442275453
0011478000,0.006573317654191324,California State University-Fresno,Historic,-5.024736603743614
0011478001,0.0031003116021397696,California State University-Fresno Foundation,Historic,-5.7762526557232325
0032748000,0.0070270841666037,Haverford College,Historic,-4.9579834292425975
0022103000,0.013714534357605121,"University of Massachusetts, Dartmouth",Historic,-4.289299106491925
0011544000,0.024325784700336656,San Francisco State University,Historic,-3.716218392423733
0001354000,0.0004985550722108471,Le Moyne-Owen College,Historic,-7.6037964988151465
0036392000,0.004857065446029099,Texas A&M University-Kingsville,Historic,-5.327320841130538
0026211000,0.03192607504483132,New Jersey Institute of Technology,Historic,-3.444332203555902
0013102000,0.019848894047693858,Naval Postgraduate School,Historic,-3.9196069888825202
4000790000,0.025251331567918745,American Museum Natural History,Historic,-3.67887638928811
0027326000,0.007432992719183395,Hofstra University,Historic,-4.901826712765439
0022798000,0.00022343506381684893,Lawrence Technological University,Historic,-8.406389728332707
0048827000,0.014799387004820587,Oregon Health & Science University,Historic,-4.213169517663045
0031971000,0.0007588630458853554,Lewis and Clark College,Historic,-7.1836892370536845
0015354010,8.550454322441192e-05,0015354010,Historic,-9.366941046305662
4077731000,0.0041014746111257445,Cincinnati Museum Center,Historic,-5.496408708684297
5300010287,2.2323848634442845e-05,Cheboygan Otsego Presque Isle Intermediate School District,Historic,-10.709855005456934
0022434000,0.0007812193344496003,Central Michigan University,Historic,-7.154654609588551
4006672000,0.0034402629831719114,Rancho Santa Ana Botanic Garden,Historic,-5.672207361922389
5300009203,0.00010927292918148705,5300009203,Historic,-9.121661867918485
5300002885,0.0001093178325098244,The University of Texas at Brownsville,Historic,-9.12125102412416
0024919000,0.00010927292918148705,0024919000,Historic,-9.121661867918485
0035998000,0.005130632226032391,The University of Texas Rio Grande Valley,Historic,-5.2725263864510135
0029157000,9.40533461352901e-05,Central Piedmont Community College,Historic,-9.271648424590795
5300011340,0.0046048225267807585,Chico State Enterprises,Historic,-5.3806511492616576
0025189000,0.005431132631249085,University of Missouri-Kansas City,Historic,-5.21560757908067
7203590539,0.007716823296233206,7203590539,Historic,-4.864352489755978
4003679000,0.004679284235937817,Health Research Incorporated/New York State Department of Health,Historic,-5.364610121788183
4005872000,0.005430640320105013,New York State Department of Health and Health Research Inc,Historic,-5.2156982293173515
5300006387,0.0019406585429886962,Berkeley Geochronology Center,Historic,-6.244727908359952
0035691000,0.04543645266100679,University of Texas at Dallas,Historic,-3.0914405740556954
0032243000,0.005486652482838368,University of Portland,Historic,-5.205436957549555
0013789000,6.0284002912258605e-06,Central Connecticut State University,Historic,-12.01902887409191
6250010253,0.006198921118759855,6250010253,Historic,-5.0833800151763775
6250007310,0.0022507507254002565,6250007310,Historic,-6.096491462683057
0033316000,0.0008534404642482494,Pennsylvania State Univ Altoona Campus,Historic,-7.066234772997852
0030189000,0.0069103637660968545,Bowling Green State University,Historic,-4.974732999158818
5300016357,0.0003852885100621037,5300016357,Historic,-7.861518127534392
0047415000,0.01789095461371562,Rutgers University Camden,Historic,-4.02346002269978
6250030262,0.000676526561330766,6250030262,Historic,-7.2985388482553635
6250004721,0.028469228102944378,6250004721,Historic,-3.5589314907065885
4002085000,0.002084597494831652,California Science Center Foundation,Historic,-6.173179490409917
4083696000,0.002084597494831652,St Louis Science Center,Historic,-6.173179490409917
5300016431,0.002084597494831652,5300016431,Historic,-6.173179490409917
5300001032,6.333552626107774e-05,5300001032,Historic,-9.667064149896424
0032656000,0.007279946325412278,Franklin and Marshall College,Historic,-4.922631789683651
0032300000,0.005405683617954528,Allegheny College,Historic,-5.220304357081237
0026997000,0.026750515012938722,Clarkson University,Historic,-3.6212015530053154
0035402000,1.9902185900038243e-05,Amarillo College,Historic,-10.824680988043236
0291500000,0.0009741941879527942,Dallas County Community College Dist Brookhaven College,Historic,-6.9338999025788395
0010892000,0.0014166260022682483,Arkansas Tech University,Historic,-6.559477289407133
6200000507,0.003298481786348579,6200000507,Historic,-5.714292981114811
4102539000,0.0028410479569714493,SMITHSONIAN INSTITUTION,Historic,-5.863582295938777
0013052002,0.0012685895164437685,0013052002,Historic,-6.669849612677097
0029058000,0.011325965765727915,North Carolina Agricultural & Technical State University,Historic,-4.480657333921975
0011403000,0.003143374499681625,California State University-Los Angeles,Historic,-5.762458374691393
0002501000,0.0005814403823826196,Morehouse School of Medicine,Historic,-7.450002115109085
4300604000,0.001336005696580393,Atlanta Public Schools,Historic,-6.618070939969294
0036368000,0.0017200220610985406,Texas Christian University,Historic,-6.3654181620189485
0022244000,0.007144235173975713,Wellesley College,Historic,-4.941449516860215
0035451000,0.011314475198569955,Baylor University,Historic,-4.481672382008951
0019893000,0.020528534819288943,University of Kentucky,Historic,-3.8859394182872373
0036707000,0.05189407651584655,Brigham Young University,Historic,-2.9585506279665683
0019893001,0.03711887856064146,University of Kentucky Research Foundation,Historic,-3.2936295827101203
0025205000,0.09353013121572028,Washington University,Historic,-2.369471635610111
5300002935,0.008566090265282312,Rowan University,Historic,-4.759943862221047
0021048000,0.013145684991393146,University of Maryland at Baltimore,Historic,-4.331661711743908
6250009905,0.006261719516761627,6250009905,Historic,-5.073300448399892
0022921000,0.04370240075219634,Michigan Technological University,Historic,-3.1303522412683833
0022590000,0.014907241839545707,Eastern Michigan University,Historic,-4.205908154605092
4051991000,0.0003566210614878722,"Advanced Fuel Research, Inc.",Historic,-7.9388367923391305
4005302000,0.00850715441205245,Missouri Botanical Garden,Historic,-4.76684777397733
5300001416,0.0027716670681422226,5300001416,Historic,-5.888306310155496
0032185000,0.0021271620804059876,Chemeketa Community College,Historic,-6.152966544253965
4004859000,0.0061865437469139145,Mathematical Association of America,Historic,-5.085378708984091
5300012275,0.000772644569966542,5300012275,Historic,-7.165691421114168
0037713000,0.0011533724073136324,Central Washington University,Historic,-6.765065099980831
6250003657,0.0021271620804059876,6250003657,Historic,-6.152966544253965
0089078000,0.014668719331950431,"Nevada System of Higher Education, Desert Research Institute",Historic,-4.22203798907353
0037903000,0.00043326655879922306,Seattle University,Historic,-7.7441574101353385
0016949000,0.002259761206533103,Chicago State University,Historic,-6.092496132106501
4002788000,0.008815699641886008,Denver Museum of Nature and Science,Historic,-4.731221096810991
0002287000,0.010168796199304908,Rutgers University Busch Campus,Historic,-4.588431443744318
0033886000,0.015262881430781038,Villanova University,Historic,-4.182331448487828
6250011920,0.0015182046373404263,6250011920,Historic,-6.490226801887242
0031310000,0.021781735925152392,University of Toledo,Historic,-3.8266834619375114
0023408000,4.069013732566755e-05,Carleton College,Historic,-10.109524821032124
5300009053,0.005336003113960035,Accreditation Board for Engineering and Technology Inc (ABET),Historic,-5.233278386793266
5300010618,0.0022507507254002565,"GSY-USA, Inc.",Historic,-6.096491462683057
0026153000,5.723560349993873e-05,Middlesex County College,Historic,-9.768334414403094
0039206000,0.0029526396221650534,University of Wisconsin-Oshkosh,Historic,-5.825055721539217
0016915000,0.028793471246128716,Illinois Institute of Technology,Historic,-3.547606610381696
0017400000,0.050166565370712596,Northwestern University at Chicago,Historic,-2.992406502651808
4003830000,0.000676526561330766,Rhode Island Department of Elementary & Secondary Education,Historic,-7.2985388482553635
0023341000,0.0003279585567345204,Augsburg University,Historic,-8.022623308982288
0014449000,0.04770718542835276,George Washington University,Historic,-3.042673254521633
4070660000,0.007464836648986137,MCNC,Historic,-4.897551730482762
0011643000,0.005992164467234784,Chapman University,Historic,-5.117302585341035
5300002780,0.0038005027872153813,5300002780,Historic,-5.572621908577213
4002891000,4.400241037086702e-06,"Museum of Science, Inc.",Historic,-12.333851237384422
0020503000,0.003224787280099842,University of New England,Historic,-5.736888290568799
0016055000,0.0032243584635604353,Chaminade University of Honolulu,Historic,-5.73702127455058
0038562000,0.0009633588275241354,LAWRENCE UNIVERSITY OF WISCONSIN,Historic,-6.94508460131816
0031856000,0.0035411914024039417,University of Tulsa,Historic,-5.6432920541067695
4000949000,0.0007098621212567777,American Society For Engineering Education,Historic,-7.2504398022002725
5300012806,0.004034276957347086,National Inventors Hall of Fame,Historic,-5.512928186044029
5300000998,0.0019230641959254253,GUILFORD COUNTY SCHOOL SYSTEM,Historic,-6.253835429716152
0026575000,0.04003921876256069,New Mexico State University,Historic,-3.2178958361500256
4008686000,0.0038648989918324285,Northeast Radio Observatory Corp,Historic,-5.555819731350894
0037499000,0.03741575711850631,George Mason University,Historic,-3.2856633499601453
5300006352,0.0006409010385733289,5300006352,Historic,-7.352635498963396
0032581000,0.012133029609594264,Duquesne University,Historic,-4.411823825497159
4202768000,0.0026727998332271327,4202768000,Historic,-5.924628729318043
0012385000,0.007538548545634895,Mills College,Historic,-4.887725616071814
0036061000,0.0006979992513568812,Sam Houston State University,Historic,-7.267292527757088
0013607000,0.005848003482173553,Metropolitan State University of Denver,Historic,-5.141654961087923
0023457000,0.004702901668665305,University of St. Thomas,Historic,-5.35957558445271
5300011617,0.0006933710498104542,American Institute of Mathematics,Historic,-7.273945276651501
0021626000,0.03760512764359351,Marine Biological Laboratory,Historic,-3.2806148643844812
6250000582,0.000772644569966542,6250000582,Historic,-7.165691421114168
5300002773,0.004616432616157866,New Jersey Institute of Technology,Historic,-5.378133033163141
0500675000,0.006935680450026916,0500675000,Historic,-4.971076111783933
0016592000,0.0029240721824299,ROSALIND FRANKLIN UNIVERSITY OF MEDICINE AND SCIENCE,Historic,-5.834778051205768
0011734000,0.0029581436336698842,Pomona College,Historic,-5.823193358174686
4056750000,5.0988367299911914e-05,4056750000,Historic,-9.883913043415511
5300005398,0.0024967701782041755,William Lettis & Associates Inc,Historic,-5.992757311085693
4100707000,0.007429166748798521,National Aeronautics & Space Administration Ames Research Center,Historic,-4.902341573405662
4083028000,0.009877654629062795,"Woodwell Climate Research Center, Inc.",Historic,-4.617480181125201
4201638000,0.0071652095326527445,McGill University,Historic,-4.93851797421435
6250017657,0.00107682318118054,6250017657,Historic,-6.833740071463277
4002911000,0.011133432058834493,Education Development Center,Historic,-4.497802800146924
0034512000,0.00335499235175221,Coastal Carolina University,Historic,-5.697305788217659
0028068000,0.013435059879515262,Rochester Institute of Tech,Historic,-4.309887579945436
0030098000,0.001373995950640209,Air Force Institute of Tech,Historic,-6.59003203231863
6250042398,0.0012714004741856012,6250042398,Historic,-6.667636250498687
0011098000,0.0012884084251098414,University of Arkansas Medical Sciences Campus,Historic,-6.65434760132507
6250001186,0.001707543965742131,6250001186,Historic,-6.37269921824635
4001947000,0.0001687824412052994,Buffalo Society of Natural Sciences,Historic,-8.686900002508628
0028423000,0.00655816638198985,SUNY College at Buffalo,Historic,-5.0270442300382925
0019893040,0.003231209959651145,University of Kentucky Medical Center,Historic,-5.734898611381636
6250002896,0.0009246583608259179,6250002896,Historic,-6.986086228322192
0012013000,0.00016298837392751664,0012013000,Historic,-8.72183168529936
6200000751,9.405201232567092e-05,6200000751,Historic,-9.271662606107261
0023416000,0.004730725485547333,College of Saint Benedict,Historic,-5.353676708631429
0023796000,9.661529040412326e-05,Saint John's University,Historic,-9.2447735435147
4002275000,0.02466870963306115,Field Museum of Natural History,Historic,-3.7022196549137707
0500742000,0.0012262324258815206,Colorado Community College System,Historic,-6.70380887878249
5300004833,0.0012272589357037245,Central New Mexico Community College,Historic,-6.702972103974009
4015152000,0.0037124310521518765,BSCS Science Learning,Historic,-5.596068346836719
0036202000,0.0004324894802820048,Southwestern University,Historic,-7.745952554935538
0030429000,6.491548511197617e-05,Denison University,Historic,-9.64242436314638
0033332000,0.004874867573008985,Pennsylvania State University at Erie-Behrend College,Historic,-5.323662339412266
0014480000,0.012666148648696671,Howard University,Historic,-4.368822304915658
0001966001,0.0027635658125466957,University of Massachusetts Lowell Research Foundation,Historic,-5.891233472049
0027961000,0.015646674137369358,Polytechnic University of New York,Historic,-4.157496899764593
4010658000,0.0011530674003987185,Urban Institute,Historic,-6.765329582856708
0082461000,0.002777554203228481,Dine College,Historic,-5.8861845215271416
0068817000,5.6723766935613275e-05,0068817000,Historic,-9.777317265117476
0035949000,0.03815882773141501,University of North Texas,Historic,-3.2659981527005653
0024968000,0.0012006395986816178,0024968000,Historic,-6.724900865280296
0014373000,0.006710487421477327,Catholic University of America,Historic,-5.004083689582037
0011015000,0.011565611586688678,University of Arkansas Little Rock,Historic,-4.4597191021471465
0026179000,0.003626996024363064,Montclair State University,Historic,-5.619350514804646
0032771000,0.000725220348143861,Indiana University of Pennsylvania,Historic,-7.229035020812211
4082822000,0.003810209657834986,BBN Systems & Technologies Corporation,Historic,-5.5700710630543835
0014779000,7.725315366944581e-05,Edison Community College,Historic,-9.468422818819759
5300010493,0.0037825724962600622,Florida Gulf Coast University,Historic,-5.577350946256732
4008363000,0.017290342148598647,Academy of Natural Sciences Philadelphia,Historic,-4.0576071906684685
0014068000,0.0024393758779903767,Southern Connecticut State University,Historic,-6.016013060105144
4000659000,0.00015416363158743182,American Institute of Chemical Engineers,Historic,-8.777495976874137
6250002593,4.2943322485151706e-05,6250002593,Historic,-10.055629393445182
0001982000,0.0021031460484740422,University of Delaware College of Marine Studies,Historic,-6.164320936991525
0033134000,0.0008019809351346678,Widener University,Historic,-7.128425722032843
5300006507,2.7147059802420656e-06,Molecular Geriatrics Corporation,Historic,-12.816826905012798
0017400010,0.00013299124485635096,Northwestern University Medical School,Historic,-8.925227260057024
0018424000,0.0037657478177775656,Valparaiso University,Historic,-5.581808813873633
0039321000,0.04398578431726164,University of Wyoming,Historic,-3.1238887809652574
4103156000,0.002971418020180963,4103156000,Historic,-5.81871599223712
5300009955,0.011927345354350628,WestEd,Historic,-4.428921586128563
0025429000,0.001535547533113126,Creighton University,Historic,-6.478868262448477
0025429010,3.13610274427502e-05,0025429010,Historic,-10.369944600175957
4091857000,0.001079735287318118,4091857000,Historic,-6.831039372224062
0015982001,0.04743894036958848,University of Georgia Research Foundation Inc,Historic,-3.048311860764964
6250008242,0.0008982998635360816,6250008242,Historic,-7.015006621642648
4084116000,0.002340808134279243,Kentucky Educational Television,Historic,-6.057259052704776
0028431000,0.005319304430659412,SUNY College at Cortland,Historic,-5.236412730293255
0025197000,0.022381703403049315,University of Missouri-Saint Louis,Historic,-3.7995114662579974
0026120000,0.007677954074787409,Institute For Advanced Study,Historic,-4.869402163824466
0022335000,0.030986903159660833,Worcester Polytechnic Institute,Historic,-3.474190642486888
4305900000,3.187904271304327e-05,Los Angeles Unified School District,Historic,-10.353561732314834
4017976000,6.519067587856164e-07,4017976000,Historic,-14.243364293243898
5300003918,0.0004491483683892786,WIZDOM SYSTEMS INC,Historic,-7.708157282958957
0031526000,0.0007078324279478717,University of Central Oklahoma,Historic,-7.253303175974006
5300003364,0.002340808134279243,5300003364,Historic,-6.057259052704776
5300004829,5.239204611332597e-07,City College of San Francisco,Historic,-14.46192595587732
0028076000,0.009340488111746467,Rockefeller University,Historic,-4.673396767748617
0031252030,0.008398533473918293,University of Cincinnati College of Medicine,Historic,-4.779698174813154
5300016049,0.0022507507254002565,5300016049,Historic,-6.096491462683057
0017582000,0.026499488488236786,Southern Illinois University at Carbondale,Historic,-3.63062984850694
6250028982,0.0011134971771149967,6250028982,Historic,-6.8002496064160045
5300006290,0.0023388974531469825,5300006290,Historic,-6.058075634518625
0039420000,0.009100605068178273,University of Puerto Rico-Rio Piedras,Historic,-4.69941437666116
0001099000,0.005018184460288799,University of Puerto Rico,Historic,-5.29468707199077
0010504000,0.0025052180506036467,Tuskegee University,Historic,-5.989379502084445
5300002462,0.01241021696882914,Rutgers The State University,Historic,-4.389235196531739
0027318000,0.0005708557081895444,Hobart and William Smith Colleges,Historic,-7.46837408043578
4008900000,0.00024362630352285785,4008900000,Historic,-8.319875049620919
0036541000,0.0002232445617210291,University of Saint Thomas,Historic,-8.40724269809662
0034140040,0.0007509935372509995,University of Rhode Island Graduate School of Oceanography,Historic,-7.194113511761802
0097568000,0.007062189697802631,University of Massachusetts Medical School,Historic,-4.953000120069136
6250031966,0.002101209821963667,6250031966,Historic,-6.1652419944409536
4202594000,0.011092474371963265,4202594000,Historic,-4.501488385107093
4016119000,0.0009248087800379399,Alaska Federation of Natives,Historic,-6.985923566105567
5300005196,0.0009319953266829236,5300005196,Historic,-6.9781827575799635
0018440000,0.00017319115753478982,Wabash College,Historic,-8.661114616633498
6250006065,0.0012749772504977621,6250006065,Historic,-6.6648269432777845
0038125000,0.0008913280481308825,Fairmont State University,Historic,-7.022798018534579
0021022000,0.00301593238114465,University of Baltimore,Historic,-5.803846249132638
9000134000,0.005294757546368603,Brookhaven National Laboratory,Historic,-5.241038090142637
4070108000,0.0019406585429886962,Institute of Human Origins,Historic,-6.244727908359952
0032110000,0.0008499201882499632,Oregon Institute of Technology,Historic,-7.0703681090649475
0023879040,0.005317555789165983,University of Minnesota Medical School,Historic,-5.236741519329313
5300001484,0.005240578014812601,University of Minnesota,Historic,-5.251323478562341
4037362000,0.00013420617967802262,Joint Oceanographic Institutions Inc,Historic,-8.916133286215477
4100467000,0.002169112511940077,Naval Weapons Center Office of Naval Research,Historic,-6.133437175757949
4001715000,0.0009461939472531368,Bernice P Bishop Museum,Historic,-6.963062991687774
0025734010,0.0022507507254002565,0025734010,Historic,-6.096491462683057
0033183000,0.002877337762095146,Clarion University of Pennsylvania,Historic,-5.850889800505904
0026252000,0.000861014346347021,William Paterson University,Historic,-7.05739939125141
4038097000,0.006123653337483237,4038097000,Historic,-5.095596409992861
0033787050,0.0039014417114154516,0033787050,Historic,-5.546409124563801
4101309000,0.00024305409092617719,NOAA Environmental Technology Laboratory,Historic,-8.322226542990608
0037689000,0.00048367507687784993,Washington and Lee University,Historic,-7.634097205454474
0029272000,2.809167541978136e-05,Elon University,Historic,-10.480037273921159
0036574000,0.008579585639844541,"University of Texas, M.D. Anderson Cancer Center",Historic,-4.758369660372858
0025916000,0.002971418020180963,Plymouth State University,Historic,-5.81871599223712
0011452000,0.010931439873681963,California Polytechnic State University,Historic,-4.516112249543118
4087406000,0.008746818748544502,"NorthWest Research Associates, Incorporated",Historic,-4.739065216315704
0020016000,9.587901933103544e-05,Thomas More College,Historic,-9.252423376537221
0025908000,7.361144338342954e-05,Keene State College,Historic,-9.516710063562204
4100319000,0.0036038602277252895,Department of Army Cold Regions Research & Engineering Lab,Historic,-5.62574972252826
0029751000,0.03342696685735511,University of North Carolina at Charlotte,Historic,-3.398392313825436
4030854000,0.002223606998370625,"Edvantia, Inc.",Historic,-6.108624627574467
5300000960,0.002223606998370625,5300000960,Historic,-6.108624627574467
6250041978,0.011757181216165981,6250041978,Historic,-4.443291057745388
5300002832,0.003517587234020898,"University of California, Office of the President, Oakland",Historic,-5.649979969277304
4006912000,0.0005493508357249227,Rocky Mountain Biological Laboratory,Historic,-7.506773275520785
4002657000,0.0011584139547413854,4002657000,Historic,-6.760703489839959
4306068000,0.00026560516544373014,Clark County School District,Historic,-8.233499692344294
0117119000,0.0001613044756926068,University of Houston - Clear Lake,Historic,-8.732216825588765
0049528000,0.007898477387633593,University of Texas Medical Branch at Galveston,Historic,-4.841085273827664
0032276000,0.0010103464388269323,Willamette University,Historic,-6.897461998203481
5300002882,0.0019281588325110069,5300002882,Historic,-6.251189704179211
0020396000,0.0014178390504602902,Colby College,Historic,-6.558621361926263
0022756000,6.931461341772516e-07,Kalamazoo College,Historic,-14.1820249881582
4003707000,0.0008331782975016615,4003707000,Historic,-7.090262896082243
0015362030,0.00014882350496140293,University of Miami School of Medicine,Historic,-8.812749484589906
0025734000,0.05031908907163941,Dartmouth College,Historic,-2.989370769463677
4306349000,0.0028263539635674816,4306349000,Historic,-5.8687677500623625
5300010215,5.894936866455346e-05,Palo Alto Unified School District,Historic,-9.738831640715029
5300003027,5.892525016209949e-05,Mesa Foundation for Educational Excellence,Historic,-9.73924086371877
4070645000,0.002265158649565292,Astrophysical Research Consortium,Historic,-6.090110478541917
4045000000,0.002265158649565292,Universities Research Association Inc,Historic,-6.090110478541917
0032532000,0.006147085928996788,Dickinson College,Historic,-5.091777142141339
0032870000,0.00014872655530686767,La Salle University,Historic,-8.813401137342916
0011247000,0.0011860012699217045,Cabrillo College,Historic,-6.737167907646886
5300005205,0.0016561696175747753,Monterey Peninsula Unified School District,Historic,-6.403247802192537
5300007924,0.003548343053514033,California State University at Monterey Bay,Historic,-5.641274529943399
0001297000,0.005516226266512109,0001297000,Historic,-5.200061299857553
0013292000,0.0047010499494318835,University of the Pacific,Historic,-5.35996940171859
6250000615,0.0003550123967616402,6250000615,Historic,-7.943357848643239
4005658000,0.017387083754038288,National Opinion Research Center,Historic,-4.052027661398665
6250013449,0.00286495408343155,6250013449,Historic,-5.855202955669326
4001443000,0.006114919035944038,4001443000,Historic,-5.097023750168751
0033019000,5.606604534068637e-05,Moravian University,Historic,-9.788980181068977
4002961000,0.003173072687916355,"Liberty Science Center, Inc.",Historic,-5.7530548583811445
4003064000,6.613902121575212e-05,Tech Museum of Innovation,Historic,-9.623751649193366
0033787040,0.005530317536131324,University of Pennsylvania Wharton School of Finance and Com,Historic,-5.19751004445782
4003068000,0.00022623402602620776,4003068000,Historic,-8.393940581075844
0010553000,0.011077103278032678,University of Alabama in Huntsville,Historic,-4.50287506884427
0028498000,0.0009575634740504884,SUNY College at Plattsburgh,Historic,-6.951118547670112
4025045000,0.005893899480541627,Bigelow Laboratory for Ocean Sciences,Historic,-5.133837449351999
0033597000,0.00022807113497764353,0033597000,Historic,-8.385852982154333
0022624000,0.006614198462878705,Kettering University,Historic,-5.0185366583897
0500629000,0.0019498359592743017,University of Tennessee Memphis,Historic,-6.2400100333941335
0035329000,0.0022664777004733185,"The University of Tennessee, Memphis - The Health Science Center",Historic,-6.089528326381686
0024414000,0.007983449747876152,University of Southern Mississippi,Historic,-4.830384661702212
4000851000,0.00011936402425795055,Cypress Systems Inc,Historic,-9.033332706779328
0019489000,0.00584396932856492,University of Kansas Main Campus,Historic,-5.142345033470749
6250011752,0.0021234111347534597,6250011752,Historic,-6.154731457566272
4062980000,0.0021234111347534597,4062980000,Historic,-6.154731457566272
0020156000,0.0040642094989566556,University of New Orleans,Historic,-5.505536020094487
6250003922,0.00265854079214333,6250003922,Historic,-5.9299778810927135
0021568000,0.002909344386720888,Radcliffe College,Historic,-5.83982751984133
6250001999,0.002384964993714755,6250001999,Historic,-6.038570832437284
0027854020,0.005035768210651721,New York University Medical Center,Historic,-5.291189190338294
0114629000,0.016629265631443534,University of Alaska Anchorage Campus,Historic,-4.096591146016118
0036764000,0.0020800516657028113,0036764000,Historic,-6.175362546297203
0028415000,0.006058356566403232,SUNY College at Brockport,Historic,-5.106316709343398
0011452001,0.013090377888281265,California Polytechnic State University Foundation,Historic,-4.3358778310063295
0036327040,0.01221711770381842,Texas A&M AgriLife Research,Historic,-4.40491722017768
0025015000,0.0036881733666068884,Southeast Missouri State University,Historic,-5.6026239660935975
0033787020,0.005572266953376001,University of Pennsylvania School of Medicine,Historic,-5.189953314417528
0023770000,0.00791562199996099,St. Cloud State University,Historic,-4.83891700377647
5300004866,0.004263264994128708,Southeast Community College,Historic,-5.45771998171212
0112102000,0.0002825698331211453,Bunker Hill Community College,Historic,-8.171584841036886
4076436000,0.0006992906598195127,4076436000,Historic,-7.265444079815104
0037457020,0.0019060895370385075,University of Virginia School of Medicine,Historic,-6.262701498442934
7203590407,0.0035421461548228983,7203590407,Historic,-5.643022477112302
0028456000,0.002900099208508811,SUNY College at Geneseo,Historic,-5.843010332744227
0021881000,5.925426925358382e-05,0021881000,Historic,-9.733672725632058
0021923000,0.003090881846793284,Mount Holyoke College,Historic,-5.779298841475953
5300006312,0.008653374136423754,5300006312,Historic,-4.749805960522267
0039693000,0.028019388813933312,University of Minnesota Saint Paul,Historic,-3.5748585508046298
0022707000,0.00030442287903399066,Henry Ford Community College,Historic,-8.097092773717128
0028936000,0.002101973720002341,United States Military Academy,Historic,-6.164878508983106
6250002291,0.0011252803022118057,6250002291,Historic,-6.789723116838729
0037218000,0.00979419964413765,James Madison University,Historic,-4.625964941578786
0023531000,0.001464227084351415,Gustavus Adolphus College,Historic,-6.526427763209785
0020776010,0.006139107927140493,Johns Hopkins University Applied Physics Laboratory,Historic,-5.09307583611785
0013722000,0.003658949282188876,Western Colorado University,Historic,-5.610579254153766
0035220000,0.0012646446934478485,Tennessee State University,Historic,-6.672964071000136
0036475000,0.004981629398586462,Trinity University,Historic,-5.301998252988874
5300001640,8.94218096370549e-05,Twin Cities Public Television,Historic,-9.322145949865396
5300006184,1.826762245973936e-06,"Seward Learning Systems, Inc.",Historic,-13.21296542260305
0015099000,0.00730473260121815,Nova Southeastern University,Historic,-4.9192328393477185
0021998000,0.07473890102035194,Northeastern University,Historic,-2.59375455906887
0026880001,0.0007035615831403987,0026880001,Historic,-7.259355147017341
7203579729,0.0014608155927972803,7203579729,Historic,-6.5287603740312505
0067918000,0.002218906668394002,SUNY College at Purchase,Historic,-6.110740696126239
5300000455,0.007479080660859146,University of Maryland Biotechnology Institute,Historic,-4.895645400851603
5300001239,3.173281244542047e-05,5300001239,Historic,-10.358159319504853
4003110000,0.009696840114901014,"Association of Universities for Research in Astronomy, Inc.",Historic,-4.635955207894965
0022228000,0.009849183863658023,University of Massachusetts Boston,Historic,-4.620366683712346
0020701000,6.40707127004718e-05,"Community College of Baltimore County, Essex",Historic,-9.655523198596974
0020651000,0.00012128716576883026,College of Notre Dame of Maryland,Historic,-9.017349553310106
0080275000,0.001343264933808804,0080275000,Historic,-6.612652110748204
4004826000,0.004520105558947063,4004826000,Historic,-5.399219931661341
0015156000,0.0014685252843905843,Rollins College,Historic,-6.523496589638902
0034710000,0.007282000159201016,South Dakota State University,Historic,-4.92234970736663
0025544000,0.010528115565868388,University of Nebraska at Omaha,Historic,-4.553705927458246
0026286000,0.0033781852156114438,0026286000,Historic,-5.690416632137693
4101408000,0.003305719343482927,4101408000,Historic,-5.71210117626529
5300008009,0.003651678905475291,"Consortium for Ocean Leadership, Inc",Historic,-5.6125682430405766
0290825000,0.0015508851263821475,University of the District of Columbia,Historic,-6.46892946175877
0116491000,0.007675631672837826,Loyola Marymount University,Historic,-4.869704686245674
0001305000,0.0014146575115549745,University of Chicago,Historic,-6.560867818487565
0025064000,0.009648513518608846,Saint Louis University,Historic,-4.6409514150189475
0011510001,0.0248445538279864,San Diego State University Foundation,Historic,-3.695116712310621
0014266010,0.003923287773533355,0014266010,Historic,-5.540825258968846
5300004980,0.001306657851380083,"Ichauway, Inc.",Historic,-6.640282660263426
5300004477,0.001306657851380083,5300004477,Historic,-6.640282660263426
4102852000,0.006619255294288433,National Science Foundation,Historic,-5.017772408670972
5300000720,0.012055752560028887,National Institute of Statistical Sciences,Historic,-4.418213342086476
6250005982,0.0011718840309721268,6250005982,Historic,-6.749142542405645
0029181000,0.0024428777130617117,Davidson College,Historic,-6.014578544012711
5300018430,0.0006706048937882653,5300018430,Historic,-7.3073304263323715
5300017434,0.0004219551712216414,5300017434,Historic,-7.770611478903601
0111450000,0.0004424501072022041,Lone Star College System College District,Historic,-7.723182851958699
5300012049,0.0022140884318617403,Nanosonic Inc.,Historic,-6.1129145033697165
6200000366,0.0022140884318617403,6200000366,Historic,-6.1129145033697165
5300001789,0.0022149941854717856,"Luna Innovations, Incorporated",Historic,-6.1125055005576545
4062394000,0.014581766392031938,Los Alamos National Laboratory,Historic,-4.227983408023033
0032847000,0.008212468987482523,Lafayette College,Historic,-4.8021016714363745
6200000386,0.0019625802476141937,6200000386,Historic,-6.233495218639657
4056693000,0.0044435493545747955,"Association for Women in Mathematics, Inc.",Historic,-5.416301817707832
0014803000,0.009113173186877967,Florida Agricultural and Mechanical University,Historic,-4.698034309272785
0037978000,0.00043672169317777955,University of  Puget Sound,Historic,-7.736214423465453
0025551000,0.002909344386720888,Nebraska Wesleyan University,Historic,-5.83982751984133
5300012834,0.0027404978777748525,5300012834,Historic,-5.8996156678718155
4000069000,0.011234955619490096,Monterey Bay Aquarium Research Institute,Historic,-4.488725323553795
4001707000,0.01214895697825256,"Bermuda Institute of Ocean Sciences (BIOS), Inc.",Historic,-4.41051195829182
4002426000,0.0007989995580415585,"Quantum Magnetics, Inc.",Historic,-7.132150165337628
0017103000,0.0058127177923566805,Loyola University of Chicago,Historic,-5.14770703911787
0015545000,0.0001187134200976294,Berry College,Historic,-9.038798203787106
0034876000,0.009150077575231124,East Tennessee State University,Historic,-4.693992921563311
0001727000,0.0006439466571232389,"Rutgers, The State University of New Jersey-RBHS-Robert Wood",Historic,-7.347894665844537
0500677000,0.006788866437100026,New York University Courant Institute of Mathematical Sciences,Historic,-4.9924712972837515
4005591000,0.002909344386720888,National Council of Teachers of Mathematics,Historic,-5.83982751984133
4002119000,0.005756630055313172,Carnegie Institute,Historic,-5.157403035330093
5300010160,7.017199153085832e-08,5300010160,Historic,-16.472316586570663
0000000000,3.434708200166363e-06,0000000000,Historic,-12.581578584903758
0015693001,0.0043563079069431675,Georgia Tech Research Corporation - GA Tech Research Institute,Historic,-5.436130390701742
4003735000,0.0029240721824299,Midwest Universities Energy Consortium,Historic,-5.834778051205768
5300006550,0.005307240778852654,Cherry Creek School District,Historic,-5.238683206116077
4036521000,0.00010836655861515547,4036521000,Historic,-9.129991016414788
0103630000,0.0001003403256197565,0103630000,Historic,-9.206942893749424
7203582713,0.002898888588028956,7203582713,Historic,-5.843427860954294
5300001408,0.001984402429893633,5300001408,Historic,-6.2224374530402295
0036582030,0.003499672467381635,University of Texas Marine Science Institute of Port Aransas,Historic,-5.655085895613825
0034900000,0.0002650038118567473,Fisk University,Historic,-8.235766347716421
7203592271,0.0028819384738240196,7203592271,Historic,-5.8492921300629375
4062477000,0.004778659150691599,Consortium For Mathematics & Its Applications Inc,Historic,-5.343595284237352
6250000099,9.757628023094074e-05,6250000099,Historic,-9.234876124502595
0026815000,0.001765363810610768,CANISIUS UNIVERSITY OF BUFFALO NEW YORK,Historic,-6.339398484845778
4065413000,0.001999478252708544,Optivision Incorporated,Historic,-6.2148690061013685
0092304000,0.000458515613478738,Wayne County Community College,Historic,-7.687516213458816
0001479000,0.01810734315006658,University of Texas at San Antonio,Historic,-4.011437724085198
0033274000,0.00015601727285442319,Slippery Rock University of Pennsylvania,Historic,-8.765543833418333
0016162000,0.01170393351821676,Boise State University,Historic,-4.447830295542173
0020776050,0.006457162730054943,Johns Hopkins University School of Medicine,Historic,-5.042565263540625
0034785000,0.00013215765331236486,Austin Peay State University,Historic,-8.931515004762957
4007266000,3.1196391406425463e-06,Society For Developmental Biol,Historic,-12.677793222882489
0013052040,0.00015278468463079598,Stanford University School of Medicine,Historic,-8.786480917729213
0013193000,0.005806038044695911,University of California-San Francisco,Historic,-5.148856860749443
4001287000,0.016054131970260302,Science Museum of Minnesota,Historic,-4.131789018909112
6250032824,0.010199128161462801,6250032824,Historic,-4.585453036711446
0019265000,0.0016721255310701297,Pittsburg State University,Historic,-6.393659688746642
4102910000,0.003005226137329226,Agricultural Research Services,Historic,-5.8074024601394525
0026161000,0.0028978244430353157,Monmouth University,Historic,-5.84379501558137
0101485000,0.0003270637661690782,0101485000,Historic,-8.025355402502584
0001271000,0.01601728350292813,University of Colorado at Denver-Downtown Campus,Historic,-4.134086920826
0091355000,0.0001371725879922812,Illinois Eastern Community College District No. 529,Historic,-8.89427065860899
0085472000,0.0001371725879922812,0085472000,Historic,-8.89427065860899
5300005253,0.0005898130007379875,5300005253,Historic,-7.435705019204827
6250001000,0.0005898130007379875,6250001000,Historic,-7.435705019204827
0024406000,0.012999386774139676,University of Mississippi,Historic,-4.342853093853222
4003890000,5.009885950685219e-05,4003890000,Historic,-9.901512314466855
4000253000,0.010438753973625267,American Association for the Advancement of Science,Historic,-4.562230054835883
4000394000,0.01633096945587261,American Chemical Society (ACS),Historic,-4.114692007205083
5300001232,1.0183280788857249e-05,5300001232,Historic,-11.494763320878443
0014241000,0.011996953380448563,Wesleyan University,Historic,-4.423102546390999
4102471000,0.003654546058164173,NASA/GODDARD SPACE FLIGHT CENTER,Historic,-5.611783390986245
0029066000,0.002742610061738712,Appalachian State University,Historic,-5.898845234719072
4057006000,0.035772837653166994,Materials Research Society,Historic,-3.3305663983246667
0023879030,0.005022330154924752,University of Minnesota Institute of Technology,Historic,-5.2938612786862596
7203582078,0.005448843255451796,7203582078,Historic,-5.212351939540596
7203576174,0.004171125595464717,7203576174,Historic,-5.479569352625201
0001933000,0.007683471127241914,Rutgers University Cook College,Historic,-4.868683864237135
4006821000,0.004497940307710017,4006821000,Historic,-5.404135696384557
4003398000,0.002751362342422505,4003398000,Historic,-5.895659092727813
0046110000,0.0006835521002997791,Kansas College of Technology,Historic,-7.288207678955811
5300004870,5.5076137220757055e-05,5300004870,Historic,-9.806794016905169
0077370000,0.00023618464293445826,University of Toledo Health Science Campus,Historic,-8.350896673527007
6250043056,0.0025463777246819007,6250043056,Historic,-5.973083429803307
5300004653,0.0021372164636797655,Texas A&M University Corpus Christi,Historic,-6.148251014522828
0001016000,0.020473942270931723,Wright State University,Historic,-3.888602310116758
4100566000,0.0013875100440084022,UNITED STATES DEPT OF GEOLOGICAL SURVEY,Historic,-6.580244473444911
5300001228,0.0008792999957069665,Union City Board of Education,Historic,-7.036384426461648
0033944000,0.0048857448348209025,Wilkes University,Historic,-5.321433531247319
0020255000,0.003945550965265761,Southern University,Historic,-5.535166672771757
0011429001,7.131302338494303e-05,University Enterprises Corporation at CSUSB,Historic,-9.548431591053323
5300005429,0.0011247150420877657,Mount Wilson Institute,Historic,-6.79022557133257
4029161000,0.002971418020180963,Atkinson-Noland and Associates Inc,Historic,-5.81871599223712
0029934000,9.247970563037013e-05,Mayville State University,Historic,-9.288521336107879
4103245000,0.009177592442348425,SMITHSONIAN INSTITUTION,Historic,-4.690990369928304
4002739000,8.429396730476079e-05,Cranbrook Institute of Science,Historic,-9.381200257738268
0079939000,0.0008523336859374528,California State University-Bakersfield,Historic,-7.067532457648534
0028605000,0.00011803472652980988,SUNY Adirondack,Historic,-9.044531684168682
0023671000,0.00022405336540014001,Minnesota State University Moorhead,Historic,-8.403626296090012
5300006625,0.0004491483683892786,5300006625,Historic,-7.708157282958957
5300006085,0.00014866451724761766,Insightful Corporation,Historic,-8.813818352692504
0020081000,0.009388120000660841,Louisiana Tech University,Historic,-4.668310218729417
0029033000,0.0101065081261139,Yeshiva University,Historic,-4.5945756937292686
5300002380,0.004079238129840192,Ohio State University,Historic,-5.501845040885128
4002929000,0.005548675128573244,Educational Testing Service,Historic,-5.19419609529328
0076398000,5.723560349993873e-05,0076398000,Historic,-9.768334414403094
0026427000,0.0027450443285061145,The College of New Jersey,Historic,-5.8979580553327775
4203386000,0.005369628397741778,4203386000,Historic,-5.2269965725314185
4084616000,0.00024362630352285785,Network Inc,Historic,-8.319875049620919
4004842000,0.011163520872870744,Massachusetts General Hospital,Historic,-4.495103881384999
5300016405,0.0034110411349639633,5300016405,Historic,-5.680737716115569
0035105000,0.003272731146214156,Middle Tennessee State University,Historic,-5.722130429759662
5300004872,0.0003167941264885722,NHMCCD Tomball College,Historic,-8.05725843832033
0011403001,0.0008293755374977729,California State L A University Auxiliary Services Inc.,Historic,-7.094837504802325
4100582000,0.0034646092179188223,Geological Survey-Menlo Park,Historic,-5.6651554325218
0011171000,0.002678315909446093,0011171000,Historic,-5.922567073978101
4037826000,0.0008523984788103319,Math Learning Center,Historic,-7.067456442337448
6250018232,0.00014420950320929605,6250018232,Historic,-8.844243432307843
0011387000,0.002255163528166665,"California State University, East Bay",Historic,-6.094532790622803
4203196000,0.0006342872936878537,4203196000,Historic,-7.363008561547999
5300016415,0.006722415064096366,5300016415,Historic,-5.002307804472084
0022681000,0.0026904615240031958,Grand Valley State University,Historic,-5.918042529823472
0093336000,0.002240749307552597,University of Illinois at Springfield,Historic,-6.100944956751688
0028167000,0.00014556235381339177,Siena College,Historic,-8.83490601460778
0014266030,0.004455990583834974,Yale University Yale School of Medicine,Historic,-5.413505889502346
6250005967,0.0014931069087337863,6250005967,Historic,-6.506896156335143
5300001242,0.0014931069087337863,5300001242,Historic,-6.506896156335143
6250012131,0.0014931069087337863,6250012131,Historic,-6.506896156335143
5300007075,0.011393606241660475,University of Minnesota,Historic,-4.474702936914938
0028340001,0.01797077849729854,0028340001,Historic,-4.019008257071701
0029314000,0.0003657875173875714,Guilford College,Historic,-7.913457946735264
0027805000,0.002218906668394002,The New School,Historic,-6.110740696126239
0015610000,0.0003482939795433297,Columbus State University,Historic,-7.962463666003468
0021832000,0.001739295284332976,BRIDGEWATER STATE UNIVERSITY,Historic,-6.354275256798035
0023820000,0.0003536220609728033,Saint Olaf College,Historic,-7.947281839517969
0028548000,0.00011803472652980988,0028548000,Historic,-9.044531684168682
0023259020,0.0030660673465114532,University of Michigan Medical School,Historic,-5.787359533179673
0500696000,0.001226938800375622,0500696000,Historic,-6.703232991941765
4001897000,0.0058024654191104995,Brookings Institution,Historic,-5.149472379486952
4008371000,0.00011298304278890898,Dana-Farber Cancer Institute,Historic,-9.088272814327599
0028894000,0.0036528819320378507,Union College,Historic,-5.612238852513152
0012823000,0.0009746324941149607,San Jose City College,Historic,-6.933450087134922
5300008941,1.9911419104924823e-05,5300008941,Historic,-10.824217166439993
0021410000,0.00037365777855705975,College of the Holy Cross,Historic,-7.89217021004189
0017244000,7.630418120770181e-06,Millikin University,Historic,-11.783367914592656
6250000406,0.003155007030624833,6250000406,Historic,-5.758764554584206
0013227000,3.389001826600639e-05,University of Redlands,Historic,-10.292390033366221
0103952000,0.0013038013070968285,University of San Diego,Historic,-6.6424711989457075
0023549000,0.0012817653721471898,Hamline University,Historic,-6.659516954279196
0018309000,0.006614931578855322,Rose-Hulman Institute of Technology,Historic,-5.018425824801239
4006060000,0.011656350504911917,Oak Ridge National Laboratory,Historic,-4.451904139769909
0034827000,0.0026380417329296816,Christian Brothers University,Historic,-5.937718404899456
0023036000,0.0003631048711904727,0023036000,Historic,-7.920818864072219
0017152000,0.0003631048711904727,Community College District 502,Historic,-7.920818864072219
0026443000,7.406756348546255e-05,0026443000,Historic,-9.510532861235587
4036307000,0.0021532546315688587,Astronomical Society of the Pacific,Historic,-6.140774799330692
5300013154,2.8931549883871392e-05,5300013154,Historic,-10.450577866824261
4100178000,0.002723036111422246,NATIONAL INSTITUTE OF STANDARDS AND TECHNOLOGY,Historic,-5.90600780374707
5300010312,0.003361009487336336,5300010312,Historic,-5.695513907471258
0039792000,0.010404774998786104,"Teachers College, Columbia University",Historic,-4.565490443706139
0001024010,0.004659367248021142,Case Western Reserve University School of Medicine,Historic,-5.368875623750472
0015511000,0.007397705882787273,Clark Atlanta University,Historic,-4.906585342676415
6250020373,0.0021419096574398127,6250020373,Historic,-6.146057484578157
0029504000,0.0019062330114834258,North Carolina Central University,Historic,-6.262626229656959
0036582020,0.004638768967214297,University of Texas McDonald Observatory,Historic,-5.373306256734598
5300010311,0.010878549230200828,5300010311,Historic,-4.520962389257708
0022731000,0.004349567907097281,Hope College,Historic,-5.437678770517039
0029710000,0.0036373283442406655,0029710000,Historic,-5.616505838184795
6250011356,0.0003566210614878722,6250011356,Historic,-7.9388367923391305
0038208000,0.00012090759270120737,Salem International University,Historic,-9.020484000816639
4010872000,0.002936040557986717,Aerospace Corporation,Historic,-5.830693354297107
0013144020,0.0024967701782041755,University of California-Irvine College of Medicine,Historic,-5.992757311085693
4001020000,5.0988367299911914e-05,American Society of Biolchemistry and Molecular Biology,Historic,-9.883913043415511
6250027947,0.006219949603111577,6250027947,Historic,-5.079993474657511
6250004865,0.0016218105094159164,6250004865,Historic,-6.4242121553811415
0034595000,0.0004907516332052561,Black Hills State University,Historic,-7.619572396835134
0039263000,0.0004639722417197121,University of Wisconsin-Whitewater,Historic,-7.67568583140747
4005690000,0.0043768518091117075,4005690000,Historic,-5.431425578072209
0014183000,0.006510472048246051,University of Connecticut Health Center,Historic,-5.034343314139159
5300006520,0.0004908002793187616,WGTE TV FM,Historic,-7.619473276018549
4003307000,0.0022480260237530305,Franklin Institute Science Museum,Historic,-6.097702770615105
5300007677,0.002054803503871158,ASSET Inc.,Historic,-6.187575054159866
5300006468,0.002054803503871158,5300006468,Historic,-6.187575054159866
0002824000,0.011020888190220648,College of William & Mary Virginia Institute of Marine Science,Historic,-4.507962880481562
4056404000,0.0014637327666512405,Decision Science Research Institute,Historic,-6.5267654165452305
4006268000,2.989105348820598e-05,4006268000,Historic,-10.417951336782478
0013631000,0.0054694280834948735,Regis University,Historic,-5.208581223134282
0023176000,2.3218801726905984e-05,Southwestern Michigan College,Historic,-10.670548188241197
5300006297,0.0033451169044635136,5300006297,Historic,-5.700253636995155
0035451020,0.00412436136038557,Baylor College of Medicine,Historic,-5.490844092906324
0012641000,0.004686597661067262,Pepperdine University,Historic,-5.363048405188231
0012088000,2.6644603828015327e-05,Grossmont College,Historic,-10.532923910856173
0023945000,0.0020456428043470094,Winona State University,Historic,-6.192043209124581
4004925000,0.000767913794453196,McLean Hospital,Historic,-7.17183307792248
0097055000,0.002844238023992096,0097055000,Historic,-5.862460077156426
4215341000,0.0014912537493999578,Internationales Institut fur angewandte Systemanalyse,Historic,-6.5081380702887826
9000003334,0.0011430658243776885,9000003334,Historic,-6.774041306695818
4103178000,0.005348947353626226,4103178000,Historic,-5.230855493764834
0078857000,0.002012432488525782,0078857000,Historic,-6.208411095308383
4304820000,0.0015729189203199851,4304820000,Historic,-6.4548222008498595
0036590000,0.0037844594149357034,University of Texas Health Science Center San Antonio,Historic,-5.576852225295357
4006540000,0.009028770064997107,RUSH UNIVERSITY MEDICAL CENTER,Historic,-4.707339126256722
0035816000,0.0021040234456253973,Lamar University,Historic,-6.163903840810682
6250031080,0.0021857975497185803,6250031080,Historic,-6.1257745057221555
0030320000,0.007066912685464533,Cleveland State University,Historic,-4.952331572597442
0033704000,0.0021766432321458267,Swarthmore College,Historic,-6.1299713906622095
4000075000,4.984526917729767e-05,KCTS Television,Historic,-9.906586967217345
0022418000,0.0012083350802070394,Calvin University,Historic,-6.718511833656069
4025284000,0.0007909616728159128,Commission on Professionals in Science & Technology,Historic,-7.142261045459163
6250001027,0.00291294348673909,6250001027,Historic,-5.838591201557228
0028514000,0.011488155192864667,SUNY College of Environmental Science and Forestry,Historic,-4.466438757639325
5300008875,0.0017456498902264908,5300008875,Historic,-6.350628362733337
0037440000,0.004085326575747006,University of Richmond,Historic,-5.500353608762304
4062600000,0.015945231075261797,University Corporation For Atmospheric Res,Historic,-4.138595486604943
4036729000,0.003950865036419985,MPC Corporation,Historic,-5.533820727483332
0014456010,0.0022181406300645044,Georgetown University School of Medicine,Historic,-6.111085988067289
0010207000,2.5685547732733107e-05,Jacksonville State University,Historic,-10.56958206926821
0011502000,0.0067023690346987375,California State University-Sacramento,Historic,-5.0052942278139945
4202933000,0.0027764227831918544,4202933000,Historic,-5.886591948513262
0017921000,0.0005214879826603145,DePauw University,Historic,-7.558824327585096
4041158000,3.299775891029706e-05,Spire Corporation,Historic,-10.319070910613085
4002097000,6.734156448508904e-07,Implant Sciences Corporation,Historic,-14.210903097862506
0034348000,0.0003079488649625526,Furman University,Historic,-8.085576811622873
4076659000,0.004170676037998614,CARNEGIE INSTITUTE,Historic,-5.479677136887233
0290700000,0.005571001540092164,0290700000,Historic,-5.190180431495433
5300007682,0.0022266495344731418,Midtown Educational Foundation,Historic,-6.1072572742301805
7203576049,0.004240007536623269,7203576049,Historic,-5.463190232234362
0022517000,0.0008924853803739444,0022517000,Historic,-7.021500424978038
9000001864,0.00470802991146032,Courant Institute of Math Sciences,Historic,-5.358485736277967
4100491010,3.893192780428455e-05,4100491010,Historic,-10.15369587780726
0023606000,0.0015917935691161936,"Minnesota State University, Mankato",Historic,-6.442893867608103
4007365000,0.00013293586322589922,Society of General Physiologists,Historic,-8.925643777437685
0032474000,0.00016734759589971812,College of Misericordia,Historic,-8.695437496112438
0029868000,0.0002571250818836518,Winston-Salem State University,Historic,-8.265947891532665
5300009629,0.0022266495344731418,"Perceptual Robotics, Inc",Historic,-6.1072572742301805
9000126000,0.015982751568175423,Argonne National Laboratory,Historic,-4.136245165220431
5300003733,0.002121799913913795,5300003733,Historic,-6.155490534511356
4015707000,0.0003022414738971372,Good Samaritan Hospital and Medical Center,Historic,-8.104284277644295
4000691000,0.0053942834124742125,American Institute of Physics,Historic,-5.2224155134731784
6250000636,4.590813307550854e-05,6250000636,Historic,-9.98886826540673
0013797000,0.0029726579056650808,Connecticut College,Historic,-5.818298808635306
0014936000,0.0014915211878374995,Indian River State College,Historic,-6.507958748386268
6250001918,0.00578938572276218,6250001918,Historic,-5.15172908581266
6250005507,0.002971418020180963,6250005507,Historic,-5.81871599223712
0039552000,0.002306068609750523,University of West Florida,Historic,-6.072211104867325
4000202000,0.000905768724878365,Lunar and Planetary Institute,Historic,-7.006726555062049
5300003002,1.0247813928537369e-05,5300003002,Historic,-11.488446150390907
4008835000,0.0005020149745356757,Oak Ridge Associated Universities,Historic,-7.596880608965101
4214450000,0.0004247149448691911,4214450000,Historic,-7.764092332026617
5300016183,0.010013088211304436,5300016183,Historic,-4.603862220617414
0013490000,0.0018287357510147068,University of Northern Colorado,Historic,-6.304130397313224
5300008992,0.0027558737245228803,H.T. Harvey & Associates,Historic,-5.894020745268343
4040234000,0.006286074987573935,IEEE Computer Society,Historic,-5.069418411378848
4044160000,0.00030442287903399066,4044160000,Historic,-8.097092773717128
5300009526,0.0026482348570633298,5300009526,Historic,-5.93386195259584
4003655000,0.002678315909446093,Lodestar Research Corporation,Historic,-5.922567073978101
0020388000,0.01178942624459556,Bowdoin College,Historic,-4.440552230197546
7203588033,0.0038896005522489627,7203588033,Historic,-5.549448812421511
0040071000,0.001772002333726638,Madison Area Technical College,Historic,-6.335645109798627
5300002833,0.000764124876998603,Institute of Global Environment and Society,Historic,-7.176779330585654
5300001183,0.003776983625247926,Haystack Observatory,Historic,-5.578829570646991
6250026712,0.0025643935156078905,6250026712,Historic,-5.966033274473972
0020362000,0.001658503132716519,Bates College,Historic,-6.401839810693501
4003046000,0.0007793191774183365,4003046000,Historic,-7.157089868899211
8000001816,0.00328957673204043,8000001816,Historic,-5.716996375356596
0023150000,0.000458515613478738,0023150000,Historic,-7.687516213458816
0029843000,0.010253582748896805,University of North Carolina at Wilmington,Historic,-4.580128097993626
5300004975,6.994062440485048e-05,5300004975,Historic,-9.567863898647271
0014886000,6.994062440485048e-05,0014886000,Historic,-9.567863898647271
0015990000,0.006556328292835298,Valdosta State University,Historic,-5.027324544181104
0035659000,0.004881761068750851,Texas A&M University-Commerce,Historic,-5.322249249472684
6250012725,0.007929197240348136,6250012725,Historic,-4.837203479184886
4048880000,0.0030333887332671533,Maxwell Laboratories Inc,Historic,-5.798074890579776
4021002000,0.003034629138222055,"Leidos, Inc.",Historic,-5.797666056921587
4003045000,0.008920332037628513,Computing Research Association,Historic,-4.719422109133628
4001510000,0.00041813577080969963,Alliance for Education of the Dayton Foundation,Historic,-7.779704367629524
0026930000,0.005152774457157742,CUNY John Jay College of Criminal Justice,Historic,-5.2682199798239635
4306497000,0.00027053111635370257,4306497000,Historic,-8.215123433562617
4002955000,0.00027053111635370257,West Virginia Department of Education,Historic,-8.215123433562617
5300010787,5.804255804463134e-05,5300010787,Historic,-9.754334057097466
5300007202,0.002898888588028956,Pennsylvania State University Harrisburg Campus,Historic,-5.843427860954294
4001145000,0.004544648872571798,American Society of Plant Physiologists,Historic,-5.393804810096856
4009221000,0.008374005463459674,4009221000,Historic,-4.782622958954102
0019687000,0.00015259534384673507,Kentucky State University,Historic,-8.787720951724015
4008181000,0.002391875236392376,WGBH Educational Foundation,Historic,-6.035677602952903
0013474000,0.00480551367955599,Colorado College,Historic,-5.337991337059271
6250007604,0.0017268981300478485,6250007604,Historic,-6.361428468211778
4000600000,0.01069047294052275,American Geophysical Union,Historic,-4.53840231352785
0019760000,0.0005403441536383439,Morehead State University,Historic,-7.523304299856599
0015776000,0.0012572129406885747,Kennesaw State University,Historic,-6.678857959832165
4306371000,0.0028239937291823754,Mesa Unified School District #4,Historic,-5.869603179898092
6250000155,0.00027435988583455074,6250000155,Historic,-8.201069861448742
0029819000,0.0030018266857800243,Western Carolina University,Historic,-5.808534280355523
0039354000,0.0020594363573508442,University of Guam,Historic,-6.18532294655598
4002672000,0.0022507507254002565,Computer Museum,Historic,-6.096491462683057
0028407000,0.0011525868452178889,"SUNY, Upstate Medical University",Historic,-6.76574643216419
6250004720,0.001079735287318118,6250004720,Historic,-6.831039372224062
4076212000,0.010793460828870921,EARTHSCOPE CONSORTIUM INC.,Historic,-4.528814807036529
5300013181,0.006963911330978687,The Texas A&M University System HSC,Historic,-4.9670139896416465
0037325000,0.006688671607899674,Radford University,Historic,-5.0073399884000125
0027656000,0.00022650509480423282,Marist College,Historic,-8.392743119677242
5300008820,0.0006835521002997791,Kansas State University at Salina,Historic,-7.288207678955811
5300005048,0.002678315909446093,American Antiquarian Society,Historic,-5.922567073978101
4003166000,0.00964825768524992,Federation of Amer Societies For Exper Biology,Historic,-4.640977930683795
5300007193,0.0005623172337461791,Legacy International,Historic,-7.483444394467489
0001065000,0.00029292365544427763,University of Puerto Rico Cayey,Historic,-8.13559854452291
5999999000,0.016077378835860703,Fellowships,Historic,-4.130342036238624
0500736000,0.0004955086439682394,Navajo Community College,Historic,-7.609925759405446
5300007495,0.0017704934048113435,5300007495,Historic,-6.336497011462268
4000032000,0.005740007794629371,SETI Institute,Historic,-5.160294710702217
0010926000,0.002779904215284768,University of Central Arkansas,Historic,-5.885338806806713
5300006841,5.677867417464706e-05,"Meadowcreek, Inc",Historic,-9.776349757409628
0031237000,0.01014986018856098,University of Akron,Historic,-4.590295348115222
4024642000,0.0009575634740504884,Cache Corporation,Historic,-6.951118547670112
5300010313,0.001079735287318118,5300010313,Historic,-6.831039372224062
5300006975,0.0021726732349903214,5300006975,Historic,-6.131796964077286
0030379000,0.0036365787314240894,College of Wooster,Historic,-5.616711948274307
0038034000,0.0002928911646395035,Whitman College,Historic,-8.135709469694802
6250000689,0.008670831261534917,6250000689,Historic,-4.747790614869311
0039230000,0.0022434300704383173,University of Wisconsin-River Falls,Historic,-6.0997493028854555
5300006915,0.00011169333289195473,Denver Area Youth Services (DAYS),Historic,-9.099753541298476
0049171000,0.0024204755792567837,Roger Williams University,Historic,-6.023791237767094
0016741000,0.003580326497267673,Eastern Illinois University,Historic,-5.632301282373929
0035352020,0.009668609302406999,Vanderbilt University Medical Center,Historic,-4.638870795536029
0013151050,0.0028757878562519277,0013151050,Historic,-5.8514286053169
0500664000,0.001252804282717305,0500664000,Historic,-6.682370814217212
0037275000,0.0016183255951221663,0037275000,Historic,-6.426363247511285
0014340000,0.00535240101338813,American University,Historic,-5.230210031200051
0026682000,3.444481304797576e-05,Alfred University,Historic,-10.276152136485717
5300005489,0.0003022414738971372,Telemedicine Research Center,Historic,-8.104284277644295
0026229000,0.000896708111699093,0026229000,Historic,-7.016780153878913
5300005248,0.00027139342943709654,Geoff Haines-Stiles Productions,Historic,-8.21194102074199
5300011993,0.001999478252708544,5300011993,Historic,-6.2148690061013685
0292102000,2.6910659479198886e-06,University of Kentucky Lexington Community College,Historic,-12.825573179674796
5300005200,2.6910659479198886e-06,Hazardous materials Training and Research Center,Historic,-12.825573179674796
0040758000,0.0001289893089015105,Eastern Iowa Community College,Historic,-8.955781033769545
DDD0000001,0.0008190679745649135,DDD0000001,Historic,-7.1073434805285105
5300000143,4.965542104306169e-05,Scholastic Productions Inc.,Historic,-9.910402988276022
0016113000,0.0014619764918397582,0016113000,Historic,-6.527965997236796
5300007762,0.0014619764918397582,Konawaena High School,Historic,-6.527965997236796
0027284000,0.0018237930250011418,Hamilton College,Historic,-6.306836866903899
5300001714,0.0012714004741856012,ORBITAL RESEARCH INC,Historic,-6.667636250498687
4070843000,0.00292529292265651,"Eltron Research, Inc.",Historic,-5.83436065881449
0033530000,4.121078428039942e-06,University of the Sciences in Philadelphia,Historic,-12.399395674475914
0032789000,0.006367273540161299,Thomas Jefferson University,Historic,-5.056583916696185
0032789010,0.00016052291356183002,Thomas Jefferson University Medical College,Historic,-8.737073861958851
4005344000,0.006693668469131737,Mount Desert Island Biological Laboratory,Historic,-5.00659320399078
5300003145,0.0012347092871172792,Chabot Space and Science Center,Historic,-6.696919731658697
0016204000,0.00424508475201154,Idaho State University,Historic,-5.461993494279955
4007225000,0.002384964993714755,Sloan Kettering Institute For Cancer Research,Historic,-6.038570832437284
0068130000,0.003066046783446809,Pennsylvania State University Milton S Hershey Medical Center,Historic,-5.787366239860015
0010710000,0.0007989995580415585,Arizona Western College,Historic,-7.132150165337628
4014580000,2.59263078851553e-05,New England Board of Higher Education,Historic,-10.560252356320591
0080788000,0.001216211356952953,Springfield Technical Community College,Historic,-6.712014697258262
0010850000,0.0013564483972787237,0010850000,Historic,-6.602885467666108
8000001799,0.0026727998332271327,8000001799,Historic,-5.924628729318043
5300002018,0.0009556872746121038,Metalforming Incorporated,Historic,-6.953079817034421
5300004960,0.0027198945178666147,"St. Paul Public School, ISD 625",Historic,-5.9071621796223
4077384000,0.01626158651535965,Santa Fe Institute,Historic,-4.118949607951944
0032714000,4.4432830922619526e-05,0032714000,Historic,-10.021531926579474
6250000624,0.0012083350802070394,6250000624,Historic,-6.718511833656069
5300002828,0.0011447519333339917,Santa Fe Community College,Historic,-6.772567317558444
5300004650,7.827108889887052e-05,Self Reliance Foundation,Historic,-9.455332258159586
0500330000,0.0007183290828193757,University of The Virgin Islands,Historic,-7.238582761300846
4214484000,0.002898888588028956,4214484000,Historic,-5.843427860954294
0075325000,1.177644860495018e-05,Finger Lakes Community College,Historic,-11.349408901853634
0032359000,3.0375202248446433e-06,Arcadia University,Historic,-12.704469090934706
0028639000,0.005146841121460608,Corning Community College,Historic,-5.269372126971241
4202263000,0.0021236282304539244,4202263000,Historic,-6.154629223665436
4091846000,0.0025336060081073307,Society for Advancement of Chicanos & Native Americans in Sci,Historic,-5.978111691370959
4005450000,0.00490511556325731,Museum of Science,Historic,-5.317476625945243
4028098000,0.0011447519333339917,Metropolitan Museum of Art,Historic,-6.772567317558444
0027573000,0.00046346893904438574,Long Island University Brooklyn Campus,Historic,-7.676771189131868
6200000264,0.0029699887462551543,6200000264,Historic,-5.819197115314386
P000024929,0.0029699887462551543,P000024929,Historic,-5.819197115314386
0500674000,0.004074500063481824,Chandler/Gilbert Community College Center,Historic,-5.503007223623726
4003139000,0.0006580644545772875,4003139000,Historic,-7.326207676151631
4001652000,0.0034269519368036153,4001652000,Historic,-5.676084061048354
7203576544,0.005328865918317762,7203576544,Historic,-5.234616836742565
0080119000,0.0008812509414678224,0080119000,Historic,-7.034168135506086
7203588306,0.0005033099318434846,7203588306,Historic,-7.594304410930437
5300012209,0.00039373109796937597,5300012209,Historic,-7.839842374133856
4003716000,0.0028546464292372874,Dynaflow Inc,Historic,-5.858807286192234
5300006953,0.0027523162243453664,5300006953,Historic,-5.895312458410115
4001038000,0.004073552004067008,American Society of Civil Engineers,Historic,-5.503239931861532
0033209000,0.0012749772504977621,East Stroudsburg University of Pennsylvania,Historic,-6.6648269432777845
0016410000,0.00473571802046029,Bradley University,Historic,-5.352621922771741
4016879000,0.0066724781492318985,"National Technology & Engineering Solutions of Sandia, LLC",Historic,-5.009763951440766
5300006014,0.0022434300704383173,"IC TECH, INC.",Historic,-6.0997493028854555
5300006886,0.003149716908454171,5300006886,Historic,-5.760442700515185
4102232000,0.003693270012056285,4102232000,Historic,-5.601243031228186
0019034000,0.0012749772504977621,0019034000,Historic,-6.6648269432777845
0013284020,0.00010747822348815163,University of Southern California School of Medicine,Historic,-9.138222303120317
7203590374,0.003618683268242025,7203590374,Historic,-5.6216450573678785
5300008699,0.0008924853803739444,5300008699,Historic,-7.021500424978038
5300000796,4.8828544926637634e-05,Unicorn Projects Inc,Historic,-9.927195479092886
6250024590,0.00039197888114472074,6250024590,Historic,-7.844302594255916
0011692000,0.00469296368843,Claremont Graduate University,Historic,-5.361690979589519
5300003062,0.0012923546199970254,5300003062,Historic,-6.651289437600829
5300016549,0.0006539914006427816,5300016549,Historic,-7.332416355457771
6250010808,0.00013828961249581044,6250010808,Historic,-8.886160430604509
0011361000,0.001559755321862365,0011361000,Historic,-6.463226314982171
6250014343,0.0018277650414402645,6250014343,Historic,-6.304661347340227
5300002171,0.0018277650414402645,5300002171,Historic,-6.304661347340227
5300018145,0.00853008492577421,5300018145,Historic,-4.764155961399833
4003056000,0.002395788605945668,Telecordia,Historic,-6.03404283052372
5300009868,0.0028546464292372874,5300009868,Historic,-5.858807286192234
5300003677,0.0015917935691161936,Ozarks Technical Community College,Historic,-6.442893867608103
0021071000,2.4766167228987587e-06,0021071000,Historic,-12.908617153826603
6250006000,0.00018845234972125505,6250006000,Historic,-8.576665369656775
4012746000,0.009228261279616578,IBM Thomas J Watson Research Center,Historic,-4.685484625285525
4002010000,0.012337525077664918,California Academy of Sciences,Historic,-4.395109841587122
0011577000,0.0010188046461271393,California State University-Stanislaus,Historic,-6.889125254477597
4003646000,0.001999478252708544,"Haskins Laboratories, Inc.",Historic,-6.2148690061013685
5300008983,0.0016148216820770233,ION OPTICS INC,Historic,-6.428530741978143
0030866000,0.003910142902758646,Oberlin College,Historic,-5.5441813576326116
6250010489,0.0066480509744929785,6250010489,Historic,-5.013431553815038
0016212000,0.0003135129597653709,Lewis-Clark State College,Historic,-8.06766985978123
0011395001,0.0018396895148474768,California State University-Long Beach Foundation,Historic,-6.298158463530483
5300013107,0.00019863959398748102,5300013107,Historic,-8.524018460727985
6250007417,0.0031682572694638517,6250007417,Historic,-5.754573599531805
4002677000,0.0031682572694638517,Ann Arbor Hands-On Museum,Historic,-5.754573599531805
4038717000,0.003169551584297455,Montshire Museum of Science,Historic,-5.754165157156384
5300002734,0.0031682572694638517,Science and Technology Interactive Center (SCITECH),Historic,-5.754573599531805
5300007293,0.00808420836956699,Earth and Space Research,Historic,-4.817842704220374
0011932000,0.005492982075905979,Cypress College,Historic,-5.204283987706173
0093450000,0.0026973116940132214,Stockton University,Historic,-5.915499670863376
P269692978,0.002898888588028956,P269692978,Historic,-5.843427860954294
0033928000,0.00032125117318588533,Westminster College,Historic,-8.043287269821013
0025239000,9.578747259325549e-05,0025239000,Historic,-9.253378647788054
0020735000,0.0043688418972937125,Goucher College,Historic,-5.433257317057475
4005351000,0.007562213786531991,Icahn School of Medicine at Mount Sinai,Historic,-4.884591302750364
4003059000,0.0011534057484505385,American Association of Engineering Societies Inc,Historic,-6.7650361928778
6250008360,0.005765709907379029,6250008360,Historic,-5.155826991926632
6250020460,0.00179043192664209,6250020460,Historic,-6.325298388437537
4203303000,0.00285215909992972,4203303000,Historic,-5.859678992596932
5300001173,0.005861155140654901,5300001173,Historic,-5.139408571840745
5300001163,0.00015026434066769904,5300001163,Historic,-8.803114543727876
5300006541,0.0020617755444538263,Texas A&M International University,Historic,-6.184187752632483
4012308000,0.003361009487336336,Lockheed Palo Alto Research Laboratory,Historic,-5.695513907471258
6250025572,0.0030052826675746303,6250025572,Historic,-5.807383649670242
0079996000,0.003918605309680442,0079996000,Historic,-5.542019476834282
6250006509,0.0004399206872482381,6250006509,Historic,-7.7289161035540825
4005435000,0.0004399206872482381,4005435000,Historic,-7.7289161035540825
0016998000,0.0007055296040689056,Joliet Junior College,Historic,-7.256561825724839
5300001140,0.0031881628704187722,5300001140,Historic,-5.748310430771074
4001942000,0.0021726732349903214,4001942000,Historic,-6.131796964077286
5999999CA0,0.000905768724878365,CA Fellowships,Historic,-7.006726555062049
7203580205,0.0021022693788576006,7203580205,Historic,-6.164737861142915
0072793000,0.004618771670029203,0072793000,Historic,-5.3776264815268435
0011445000,0.004394447868203774,California State Polytechnic University-Pomona,Historic,-5.427413382994151
5300002030,0.0022752156972585137,5300002030,Historic,-6.0856804190918306
5300016605,4.984526917729767e-05,5300016605,Historic,-9.906586967217345
4070769000,0.0002977936556094065,DOSECC Inc,Historic,-8.119109742140743
0026575010,0.0008177566303230547,0026575010,Historic,-7.108945783571246
0013268000,0.0018177867023637779,Santa Clara University,Historic,-6.310135615542483
0500473000,0.001260081437513286,Northeast State Technical Community College,Historic,-6.676578927160317
5300010072,0.0012151509578038826,Springfield Public Schools,Historic,-6.712886964801333
0014225000,0.0015363126614872707,University of Hartford,Historic,-6.478370109315523
5300000710,0.0011068718981649816,Rhode Island Zoological Society,Historic,-6.806217351766523
6250003744,0.006703593045590253,6250003744,Historic,-5.0051116208682815
6250006669,0.0022266495344731418,6250006669,Historic,-6.1072572742301805
4210516000,0.00190103885240993,4210516000,Historic,-6.265354777804669
5300017430,0.0021655757090635456,5300017430,Historic,-6.13506903645061
0036806000,0.0007264937472291076,Weber State University,Historic,-7.227280681695575
0001461000,0.0006844290264978858,0001461000,Historic,-7.286925605247268
4000157000,0.0045256890277487975,The Salk Institute for Biological Studies,Historic,-5.397985442096648
9000001150,0.0029746681134136923,9000001150,Historic,-5.817622804724064
0011445001,0.006471342034370241,"Cal Poly Pomona Foundation, Inc.",Historic,-5.040371767810239
0099366000,5.889067008771621e-06,0099366000,Historic,-12.042412975433257
5300008841,5.889067008771621e-06,Fiber Optic Association,Historic,-12.042412975433257
0024950000,0.003136537706760527,Truman State University,Historic,-5.764635728577046
4029419000,0.0015917935691161936,American Society Civil Engineers National Capital Section,Historic,-6.442893867608103
6250019712,0.0021726732349903214,6250019712,Historic,-6.131796964077286
0010751000,0.004041118987978746,Maricopa County Community College District,Historic,-5.5112336481377255
4003069000,0.00027982290584858916,4003069000,Historic,-8.181353634006497
5300009103,0.002788649344376006,5300009103,Historic,-5.882197906324405
4003444000,1.4399541615475903e-09,Institute for Manufacturing & Automation Research,Historic,-20.358654556123778
0016105030,0.0014321182472492075,0016105030,Historic,-6.548600638958105
0037143000,0.009900117441682791,Hampton University,Historic,-4.615208659115714
4091230000,0.00020215169230492947,Martingale Research Corporation,Historic,-8.506492190381843
4012845000,0.0021271620804059876,4012845000,Historic,-6.152966544253965
9000003394,0.014446390161066608,9000003394,Historic,-4.237310711476013
0022608000,0.00029470788530846565,Ferris State University (Inc.),Historic,-8.129525911508804
4003448000,0.007031186793091235,4003448000,Historic,-4.957399769044873
5300016057,0.004956915808093425,5300016057,Historic,-5.306971544535502
4076253000,0.003264669333786364,Engineering Foundation,Historic,-5.7245967974050584
5300001158,0.003490750802677398,University of Oregon Charleston,Historic,-5.657638436197888
6250023378,0.003989939905812792,6250023378,Historic,-5.523979109393587
4084436000,0.004728286522764679,Semiconductor Research Corporation,Historic,-5.354192399452957
5300002026,0.003797551971799235,5300002026,Historic,-5.573398637794912
4001500000,0.0048122732985959845,Institute for the Study of Learning and Expertise,Historic,-5.336585687263044
0036426000,4.292372740795456e-05,Texas Southern University,Historic,-10.056085798493722
4300794000,0.0028571230459587234,4300794000,Historic,-5.8579400884219455
0029074000,0.0027934419330972555,University of North Carolina at Asheville,Historic,-5.880480775714885
7203579560,0.0029741678864717495,7203579560,Historic,-5.817790981134754
4001681000,2.0332309001091717e-05,Battelle Memorial Institute,Historic,-10.803299360723525
4008850000,0.0009749270489257092,BATTELLE MEMORIAL INSTITUTE,Historic,-6.9331479113803605
5300004858,2.0332309001091717e-05,Battelle Memorial Institute,Historic,-10.803299360723525
4061875000,0.0011447519333339917,Center For American Archeology,Historic,-6.772567317558444
6250002517,0.0027764227831918544,6250002517,Historic,-5.886591948513262
0013193020,0.009926480900019456,University of California-San Francisco School of Medicine,Historic,-4.612549254469479
6250003246,0.0027662729579340053,6250003246,Historic,-5.890254367335124
0027227000,0.001391260745277385,Fordham University,Historic,-6.5775449319345265
4000295000,0.0012958963563901625,American Association of Community Colleges,Historic,-6.64855265617115
0290668000,0.0017888838258805456,Dallas County Community College Dist North Lake College,Historic,-6.326163414585055
0033290050,6.26193394256731e-05,0033290050,Historic,-9.678436391056929
0014845000,0.00015864396519609227,Florida State College at Jacksonville,Historic,-8.748848079132598
4076246000,0.0052212973686670515,Cleveland Clinic Foundation,Historic,-5.255009369909234
5300006289,0.0038334837235092386,5300006289,Historic,-5.563981300830805
6250004099,0.002678315909446093,6250004099,Historic,-5.922567073978101
5300003989,1.2461647159757056e-06,E. Heller and Company,Historic,-13.595439950528961
0002493000,0.004830264272130663,0002493000,Historic,-5.332854098087607
0021246000,0.00821472295790191,Bentley University,Historic,-4.80182725199317
0015644010,0.0022593387630388964,Emory University School of Medicine,Historic,-6.092683091234771
5300002779,0.0033545452009612555,5300002779,Historic,-5.6974390763282345
9000167000,0.007358096599696898,9000167000,Historic,-4.911953993859381
4031381000,0.00010016510898881233,Childrens Museum Boston,Historic,-9.20869064363848
4035523000,0.00022737419127717866,New York Hall of Science,Historic,-8.388913477912176
6250012812,0.00011753508223703837,6250012812,Historic,-9.048773696713765
0068957000,0.0017041799328605296,University of Nebraska Medical Center,Historic,-6.374671261747991
0037044000,0.0002042189511590375,0037044000,Historic,-8.496317849688689
0037085000,0.0002042189511590375,0037085000,Historic,-8.496317849688689
6250008434,0.0031068138598387015,6250008434,Historic,-5.774157560298727
7203576922,0.0025358970599378004,7203576922,Historic,-5.977207834738191
6250031603,0.002443794634883417,6250031603,Historic,-6.0142032694834695
0013151002,0.004892420090106704,0013151002,Historic,-5.320068191968625
0102988000,0.0011532473470522314,Texas A&M University at Galveston,Historic,-6.765173535938935
0037887000,0.0021236282304539244,Seattle Pacific University,Historic,-6.154629223665436
7203589383,0.004028200932814455,7203589383,Historic,-5.514435421354482
8888885HI0,0.002909344386720888,Individual Award,Historic,-5.83982751984133
0028506000,0.005527764077456241,SUNY College at Potsdam,Historic,-5.197971871166954
6250009638,0.0012586287576110305,6250009638,Historic,-6.677732438244001
6250014365,0.011292984664929838,6250014365,Historic,-4.4835735721685746
0016931000,0.004239219810494171,Northeastern Illinois University,Historic,-5.46337603362855
4076931000,0.005198692017174853,Brigham & Women's Hospital Inc,Historic,-5.259348220193711
0011916000,0.001308363978589283,0011916000,Historic,-6.638977793564625
4003975000,0.0027764227831918544,Ibis Technology Corporation,Historic,-5.886591948513262
0050013000,0.002718748206109432,Edmonds Community College,Historic,-5.907583722949315
0018564000,0.0004224709807925215,Cornell College,Historic,-7.7693897980406765
6250001760,0.013511381430205874,6250001760,Historic,-4.304222879816588
0038307000,1.2106204813180475e-06,West Virginia Wesleyan College,Historic,-13.624377535312057
0020917000,4.10220193539892e-05,Salisbury University,Historic,-10.101401578009314
6250001103,0.0026774521842487923,6250001103,Historic,-5.92288961415896
6200000345,0.004254204007073675,6200000345,Historic,-5.459847606825131
6250016749,0.0014269856007711424,6250016749,Historic,-6.552191031098164
5300003140,0.00034765229983115946,Algebra Project Inc,Historic,-7.964307716077517
0024109000,0.0006179652720194917,Jackson State University,Historic,-7.3890782962287505
6200000349,0.0011447519333339917,6200000349,Historic,-6.772567317558444
5300007146,0.0019209198854112375,Merck Institute for Science Education,Historic,-6.254951100692534
7203581878,0.0012134329304856863,7203581878,Historic,-6.714301803805307
0015354040,0.0026774521842487923,University of Florida College of Medicine,Historic,-5.92288961415896
4002903000,0.0016122525007849337,Educational Broadcasting Corporation,Historic,-6.43012300896013
7203584453,0.00328957673204043,7203584453,Historic,-5.716996375356596
5300005607,0.010199577523160877,Duke University Medical Center,Historic,-4.585408978847668
0103903000,0.0014321182472492075,0103903000,Historic,-6.548600638958105
4006953000,0.0027764227831918544,Russell Sage Foundation,Historic,-5.886591948513262
0022194040,0.003097285233374463,Tufts University School of Medicine,Historic,-5.77722928233712
4001863000,0.01915976551962236,Boyce Thompson Institute Plant Research,Historic,-3.954942744529842
4007159000,0.0026378262977922217,Scripps Clinic and Research Foundation,Historic,-5.937800073029259
5300011953,0.0046520179155023385,5300011953,Historic,-5.370454193193337
4057287000,0.0014608155927972803,EQE International Inc,Historic,-6.5287603740312505
5300012638,0.009530494667572496,Stroud Water Research Center,Historic,-4.653258656307134
0013136050,0.005387392026958554,University of California-Davis School of Medicine,Historic,-5.223693865152907
5300001547,0.0051727044872189034,NASA Goddard Space Flight Center,Historic,-5.264359615589243
0036962030,0.0011930072175061531,University of Vermont College of Medicine,Historic,-6.731278086005235
0013052010,0.00015244548382360083,Stanford University Hopkins Marine Station,Historic,-8.788703508953061
5300010208,0.00746694676431672,5300010208,Historic,-4.8972690964147185
6200000682,0.00029349863931276056,6200000682,Historic,-8.133637554779236
4100434000,0.00010348752294649758,Department of Navy Naval Research Laboratory,Historic,-9.176059503767304
5300008338,0.005068726081426935,Department of Navy Naval Research Laboratory,Historic,-5.284665758942376
6250000639,0.0003698186988013126,6250000639,Historic,-7.902497675656519
5300011084,0.0014945436840548703,5300011084,Historic,-6.505934346787995
5300010718,0.0014945436840548703,5300010718,Historic,-6.505934346787995
4038006000,0.0017704934048113435,Five Colleges Inc,Historic,-6.336497011462268
6250012099,0.0020399469708195783,6250012099,Historic,-6.194831466160165
5300008976,0.0008903813568240261,EPSCoR Foundation,Historic,-7.023860696200549
0017590000,0.004054711935905292,Southern Illinois University at Edwardsville,Historic,-5.5078756331723735
0023895000,0.0037775126466766877,University of Minnesota Morris,Historic,-5.5786895159271035
4203428000,0.0011525868452178889,University of Saskatchewan,Historic,-6.76574643216419
0034306000,8.924724213436758e-07,Columbia College,Historic,-13.929270224225311
0034561000,4.367273259561635e-05,Winthrop University,Historic,-10.038786618675516
5300004128,0.0021271620804059876,Umpqua Research Company,Historic,-6.152966544253965
5300013267,0.002623843334676426,5300013267,Historic,-5.943115114455399
0029454000,0.0025347349664478513,Meredith College,Historic,-5.977666197129407
5300005194,0.0021762701662032605,Jones County Schools,Historic,-6.130142800432788
4001266000,0.0021771596980094004,4001266000,Historic,-6.129734142502713
P000247945,7.088727057091813e-05,P000247945,Historic,-9.55441968115318
5300012489,2.5834056794883548e-05,5300012489,Historic,-10.56381690570198
5300008711,0.0006523423794810637,"Heat Transfer Research, Inc.",Historic,-7.334941011962407
7203576985,0.0004158722280423473,7203576985,Historic,-7.785132489010402
4002995000,0.0005037463374156764,4002995000,Historic,-7.593437715368668
0020024000,0.004554251888110555,Western Kentucky University,Historic,-5.391694001471316
9000003262,0.00018347016043009976,9000003262,Historic,-8.603458517152598
4000212000,0.0004904704752276889,American Academy of Arts and Sciences (AAAS),Historic,-7.620145473986262
0032490000,0.0008534404642482494,Community College of Philadelphia,Historic,-7.066234772997852
4204160000,0.0022141041806620727,Indian Institute of Science,Historic,-6.112907390399839
4306601000,0.0032996912720758428,San Francisco Unified School District,Historic,-5.713926368802555
0010637060,0.0003396928217674195,0010637060,Historic,-7.987468814114849
0028787000,0.005090119273297348,0028787000,Historic,-5.280454015826403
6250012508,0.00328957673204043,6250012508,Historic,-5.716996375356596
5300013131,4.8037624766829235e-05,5300013131,Historic,-9.943526004796867
4009627000,0.002352915100845243,New England Aquarium Corporation,Historic,-6.052100251126596
6250003615,0.003159870369900756,6250003615,Historic,-5.757224274408054
5300005102,0.001969936371861317,Process Instruments Inc,Historic,-6.229754035301404
5300004785,0.0029695165452995644,5300004785,Historic,-5.819356118777943
4303251000,0.00047387622409984955,Milwaukee Public Schools,Historic,-7.654564400960762
5300008993,0.0009022957098015307,5300008993,Historic,-7.010568253711319
0001057002,0.0056870540996375556,0001057002,Historic,-5.1695628978422405
0011536000,7.601125710154871e-05,California State University-Northridge,Historic,-9.484629108889372
5300004520,0.011170655969927737,5300004520,Historic,-4.494464941579879
5300008196,1.082525709620583e-05,Signatron Technology Corp,Historic,-11.433628534130886
5300005256,0.0005300677545111702,5300005256,Historic,-7.542505720888456
4101820000,0.0005927050767141111,4101820000,Historic,-7.430813623804581
0013698000,0.00433107706253634,United States Air Force Academy,Historic,-5.441939023664736
9000000308,0.0044198232607122225,9000000308,Historic,-5.421655569956205
0025510000,0.00011142932596600516,University of Nebraska at Kearney,Historic,-9.102120015869087
4003892000,6.831055972448485e-05,4003892000,Historic,-9.591446195366151
4033080000,0.0033454840230183157,KCET/Community Television of So California,Historic,-5.70014389541614
6250007427,0.0017704934048113435,6250007427,Historic,-6.336497011462268
4000345000,0.0006275719168019146,American Astronomical Society,Historic,-7.3736522850761155
0036608000,0.007056062590166655,University of Texas Southwestern Medical Center,Historic,-4.953868089828518
5300009081,0.000765496670980689,Autonomous Undersea Systems Institute,Historic,-7.174985691692858
4002885000,0.0022752156972585137,Consortium of Universities for Res in Earthquake Engineering,Historic,-6.0856804190918306
0500702000,0.0022796569772904635,Albert Einstein College of Medicine,Historic,-6.0837302958911215
4003708000,0.0026774521842487923,4003708000,Historic,-5.92288961415896
7203582458,0.00265854079214333,7203582458,Historic,-5.9299778810927135
6250009982,0.00032782408808974025,6250009982,Historic,-8.023033410248999
5300005142,0.0005412056357507012,Zoex Corporation,Historic,-7.5217112482874535
5300007636,0.00179043192664209,5300007636,Historic,-6.325298388437537
6250001153,0.0004904704752276889,6250001153,Historic,-7.620145473986262
0500472000,0.0016363413020199246,Mott Community College,Historic,-6.41529244274309
0071050000,0.0005566351886464791,0071050000,Historic,-7.493600490162098
0021014000,0.0023845576804412986,United States Naval Academy,Historic,-6.038741630775934
6250007473,0.0027140621689449094,6250007473,Historic,-5.909308811072453
6250000455,0.0029741678864717495,6250000455,Historic,-5.817790981134754
0031963000,0.0023265994024648366,Lane Community College,Historic,-6.0633475614092704
6250000151,0.000764124876998603,6250000151,Historic,-7.176779330585654
4100095000,0.0022420620817163563,4100095000,Historic,-6.100359264387102
5300005892,0.0012199112271638068,NGIMAT CO.,Historic,-6.708977187504276
5300004246,0.000676526561330766,5300004246,Historic,-7.2985388482553635
0032375000,0.008790569425662685,Bryn Mawr College,Historic,-4.734075788306726
4001202000,0.005734813663774899,American Type Culture Collection,Historic,-5.161200019987952
0106336000,4.367273259561635e-05,Houston Community College,Historic,-10.038786618675516
6250009367,8.924724213436758e-07,6250009367,Historic,-13.929270224225311
4021929000,0.004504095790820638,4021929000,Historic,-5.402768120426716
4045647000,0.004504095790820638,"HYDROCARBON TECHNOLOGIES, INC",Historic,-5.402768120426716
0049379000,3.898416640037975e-05,0049379000,Historic,-10.152354984004626
0500703000,3.898416640037975e-05,Nashville State Community College,Historic,-10.152354984004626
0039982000,3.898416640037975e-05,0039982000,Historic,-10.152354984004626
0500557000,0.0012735750418552125,Pellissippi State Community College,Historic,-6.665927339599452
5300004803,0.002577677822816008,Smithsonian Tropical Research Institute,Historic,-5.960866354029608
0027516000,9.462009098867324e-06,Long Island University,Historic,-11.568225819133785
4306054000,0.00022737419127717866,4306054000,Historic,-8.388913477912176
0026641000,0.001152314373774712,Western New Mexico University,Historic,-6.765982860035546
4091136000,0.0027764227831918544,Uniphase Corporation,Historic,-5.886591948513262
5300007424,0.00012836522813316662,5300007424,Historic,-8.960631012315497
6250040639,0.003333202954487501,6250040639,Historic,-5.703821589074909
0016964000,0.00022737419127717866,Illinois Wesleyan University,Historic,-8.388913477912176
5300016244,0.0029035833827638804,5300016244,Historic,-5.841809655547
4003755000,0.0029035833827638804,Seattle Public Schools,Historic,-5.841809655547
4027470000,0.002844520175869889,4027470000,Historic,-5.862360880858003
4083716000,0.0027764227831918544,Institute for Space Observations,Historic,-5.886591948513262
0292243000,0.0014355960032817272,Salish Kootenai College,Historic,-6.546175182700181
6250014829,0.005109400929111032,6250014829,Historic,-5.276673116646711
0018796000,0.00016015427893490867,MORNINGSIDE UNIVERSITY,Historic,-8.739372963971256
5300013141,1.8208910966731274e-05,5300013141,Historic,-10.913599470146469
0500470000,0.0019289633751918536,Utah Valley University,Historic,-6.250772531660846
7203585711,3.9393986890961707e-05,7203585711,Historic,-10.14189737028821
0017251000,5.677867417464706e-05,0017251000,Historic,-9.776349757409628
6250014409,0.00032575504917464954,6250014409,Historic,-8.02936484192703
4003187000,6.653071221236263e-06,Foundation for Advancements in Science & Education,Historic,-11.920431972130865
4203022000,0.0014936734112173872,4203022000,Historic,-6.50651681642413
7203576367,0.0005164118394370684,7203576367,Historic,-7.568605972381891
5300009771,2.1460668662761323e-06,"Learning Resources, Inc.",Historic,-13.051873755678216
4017885000,0.00010502647953727975,New York City Board of Education,Historic,-9.161298053530981
0019778000,0.00015976249489126776,Murray State University,Historic,-8.741822252483484
6250006524,0.00014880982564109381,6250006524,Historic,-8.812841405211103
5300000274,3.0418801988255026e-06,5300000274,Historic,-12.703034747274309
5300007343,0.0027662729579340053,5300007343,Historic,-5.890254367335124
0033217000,0.0016038359203730307,Edinboro University of Pennsylvania,Historic,-6.435357068801982
4007548000,0.0009722174797118866,Texas Biomedical Research Institute,Historic,-6.935931033971362
5300007991,0.0022814248080531953,"Macro-Vision Communications, LLC.",Historic,-6.08295511538156
4002341000,0.0024518880051332265,Children's Hospital Corporation,Historic,-6.010896936856185
6250006098,0.004880303666395559,6250006098,Historic,-5.322547834332682
4052312000,0.0073048655412695,Mathematical Sciences Research Institute,Historic,-4.919214640345931
5300007429,6.738434722151797e-05,San Francisco Public Library,Historic,-9.605097804086682
0032730000,0.002898888588028956,Harrisburg Area Community College,Historic,-5.843427860954294
0083048000,0.005414507814995873,Scottsdale Community College,Historic,-5.218673295551074
0015677000,0.00039147306511884216,0015677000,Historic,-7.845593844085777
0080309000,0.00017194624722147617,0080309000,Historic,-8.66832864614838
6250002456,0.002909344386720888,6250002456,Historic,-5.83982751984133
4001320000,0.0044123882325921866,Georgia Tech Research Corporation,Historic,-5.4233391867676755
0098962000,0.0006417268303397706,Oakton Community College,Historic,-7.351347842737367
0022905010,0.0008177566303230547,Michigan State University Agricultural Experiment Station,Historic,-7.108945783571246
0038687000,0.00037050199626014466,Milwaukee School of Engineering,Historic,-7.900651725226063
4101309020,0.002971418020180963,NOAA Pacific Marine Environmental Laboratory,Historic,-5.81871599223712
0013383000,0.00010455447156086363,0013383000,Historic,-9.165802363412032
0291286000,4.965811603311694e-05,Mission College,Historic,-9.910348715915271
6250038546,0.0008018841447707988,6250038546,Historic,-7.128546418424578
0039388000,0.0001902973335591144,0039388000,Historic,-8.566922795535877
6250005415,0.004033489333646497,6250005415,Historic,-5.513123438031922
6250011294,0.00265854079214333,6250011294,Historic,-5.9299778810927135
4002671000,4.421206004068125e-05,Council of Chief State School Officers,Historic,-10.026512954498726
5300009754,0.003633200533238088,University Corporation at Monterey Bay,Historic,-5.617641329568064
4002338000,0.0022266495344731418,4002338000,Historic,-6.1072572742301805
0039198000,6.6972432372074715e-06,University of Wisconsin-La Crosse,Historic,-11.91381457337228
4007027000,0.00265854079214333,Santa Barbara Museum of Natural History,Historic,-5.9299778810927135
5300005689,0.004136283187095048,5300005689,Historic,-5.487957675286467
4006334000,0.008001275970192154,Paleontological Research Institute,Historic,-4.82815425374646
0033712010,0.0008534404642482494,Temple University School of Medicine,Historic,-7.066234772997852
5300001413,0.0012473207322405437,5300001413,Historic,-6.686757442275453
0020131000,0.00023618464293445826,Louisiana State University Shreveport,Historic,-8.350896673527007
5300001410,8.850561217240488e-06,5300001410,Historic,-11.635029686577587
0027581000,0.0014220087926972247,Manhattan College,Historic,-6.555684764288823
5300010998,0.00030409578036009,5300010998,Historic,-8.098167839207248
4000425000,0.0012083350802070394,ATOM SCIENCES INC,Historic,-6.718511833656069
5300010442,0.0017641533755303196,5300010442,Historic,-6.340084377597713
5300009016,4.523935956418237e-05,5300009016,Historic,-10.003543063222782
5300009182,0.0004904704752276889,Social and Environmental Research Institute,Historic,-7.620145473986262
0032680000,0.00013437005940176137,Gettysburg College,Historic,-8.914912927000984
5300004738,0.00022528861658642574,Raytheon Technical Services Company,Historic,-8.398128237384313
4038543000,0.004321096771393846,Universities Space Research Association,Historic,-5.4442460266816735
0103457000,0.0009524901756957721,Cincinnati State Technical College,Historic,-6.956430765246771
0025304000,0.0035518331660444697,0025304000,Historic,-5.640291423974304
0024158000,0.00011204657529231307,Mississippi College,Historic,-9.096595922286946
5300005587,0.000835842446169965,SRICO INC,Historic,-7.087070424159857
5300001277,9.374710371521873e-08,5300001277,Historic,-16.182665066277444
P000180678,9.374710371521873e-08,P000180678,Historic,-16.182665066277444
4002101000,0.0014947973294536427,Mote Marine Laboratory,Historic,-6.505764646912179
9000000995,0.0017046500537466493,9000000995,Historic,-6.374395436382133
4003687000,0.00011320608942791039,"Roswell Park Cancer Institute, Division of Health Research, Inc",Historic,-9.086300600109235
4083119000,0.00011320608942791039,4083119000,Historic,-9.086300600109235
0031435000,0.001535547533113126,Wittenberg University,Historic,-6.478868262448477
0014027000,3.138499958533319e-05,0014027000,Historic,-10.36918049940704
6250003090,0.0009575634740504884,6250003090,Historic,-6.951118547670112
4019311000,0.00013725988945875587,Lockheed Missiles and Space Company Inc,Historic,-8.893634425826118
4010195000,0.0006829321589272849,Lovelace Institutes,Historic,-7.289115031398169
9999996MD0,0.0016105379996398808,9999996MD0,Historic,-6.4311869945382005
4103176000,0.0016141482664336348,SMITHSONIAN INSTITUTION,Historic,-6.428947850631299
4091550000,0.0058502267300795194,4091550000,Historic,-5.141274861210865
0013219010,0.001079735287318118,0013219010,Historic,-6.831039372224062
4211142000,0.0025939037425047324,4211142000,Historic,-5.95459130152322
0001057010,0.005404972173702492,Carnegie-Mellon Institute of Technology,Historic,-5.220435976155375
4001913000,6.613902121575212e-05,4001913000,Historic,-9.623751649193366
4014387000,0.001026132743700571,Chesapeake Research Consortium Inc,Historic,-6.881958160777289
4077699000,0.0015366119380768783,4077699000,Historic,-6.478175326410276
0082966000,0.0019353109757137537,Medical College of Wisconsin,Historic,-6.247487254449835
0500523000,0.00029349863931276056,Columbus State Community College,Historic,-8.133637554779236
0002360000,5.448257867597441e-07,Grossmont-Cuyamaca Community College District,Historic,-14.42279975070603
6250003067,0.0003587328769269944,6250003067,Historic,-7.932932521849772
4100574000,0.00648229249825882,Geological Survey-Denver,Historic,-5.038681050588056
4079174000,0.002354718173924214,4079174000,Historic,-6.051334230044707
5300006548,0.00022737419127717866,Waltham Public Schools,Historic,-8.388913477912176
6250043228,0.0022434300704383173,6250043228,Historic,-6.0997493028854555
5300013460,0.00033684099091547926,5300013460,Historic,-7.995899576008094
0021303020,0.0006955406082813073,Boston University School of Medicine,Historic,-7.2708211611286675
4007019000,7.026526942454073e-05,4007019000,Historic,-9.563232915012872
0037135000,0.0005037463374156764,Hampden-Sydney College,Historic,-7.593437715368668
0025809000,0.0009022957098015307,0025809000,Historic,-7.010568253711319
4018560000,0.0005121303294290848,"Sigma Xi, The Scientific Research Honor Society, Inc.",Historic,-7.576931415650854
5300009057,0.002218906668394002,GT EQUIPMENT TECHNOLOGIES,Historic,-6.110740696126239
0015354060,0.0026774521842487923,0015354060,Historic,-5.92288961415896
5300009206,0.0028546464292372874,5300009206,Historic,-5.858807286192234
6250016237,0.00030463945273366864,6250016237,Historic,-8.096381602799111
4005526000,0.0005552677376361772,National Research Council,Historic,-7.496060150384936
0011494001,0.006276434750891946,Humboldt State University Foundation,Historic,-5.070953174539232
4200077000,0.0038709344181096636,4200077000,Historic,-5.554259349377295
5300001205,0.00010622368894136045,Department of Navy NOAA Joint Ice Center,Historic,-9.149963414319062
0014175030,5.413561525739932e-07,0014175030,Historic,-14.429188452011651
0021766000,5.413561525739932e-07,Bristol Community College,Historic,-14.429188452011651
4102738000,0.002971418020180963,4102738000,Historic,-5.81871599223712
4070777000,0.001152314373774712,Whitehead Institute for Biomedical Research,Historic,-6.765982860035546
4201646000,0.0016648269065504628,McMaster University,Historic,-6.3980341209837
5300009767,0.0014748964767109809,"Benjamin Banneker Association, Inc.",Historic,-6.519167476934147
5300001771,0.006138852551439878,UNIVERSITY OF NORTH CAROLINA AT CHAPEL HILL,Historic,-5.093117435160476
0026138000,0.002898888588028956,New Jersey City University,Historic,-5.843427860954294
4083656000,0.0026482348570633298,Hastings Center,Historic,-5.93386195259584
0029207020,0.0022814248080531953,Duke University Marine Laboratory,Historic,-6.08295511538156
0022368000,0.00022392381511681747,Alma College,Historic,-8.404204675045763
0019406000,0.0019099190940343222,Southwestern College,Historic,-6.260694396965106
4003180000,0.00769599318679732,4003180000,Historic,-4.867055450910532
7203593345,0.00033227183716510463,7203593345,Historic,-8.009557137428825
6250001940,0.0013564483972787237,6250001940,Historic,-6.602885467666108
5030140726,0.0002495150441789509,5030140726,Historic,-8.295991347280086
5300013292,0.0008903813568240261,5300013292,Historic,-7.023860696200549
5300010163,0.0005270739506884642,5300010163,Historic,-7.548169695380358
5300010162,0.001481269643466693,5300010162,Historic,-6.514855691756651
6250010800,0.0073256104129013925,6250010800,Historic,-4.91637879473169
0027292000,0.004751920644546454,Hartwick College,Historic,-5.3492063964411845
6250021099,0.0009953987674134936,6250021099,Historic,-6.912367129823194
0010025000,0.0038848839752503106,Alabama A&M University,Historic,-5.5506621604089235
5300002001,1.4197355601503367e-05,Institute for Cardiovascular Diseases and Muscle Research,Historic,-11.162454835945375
0001800000,0.00040386518315028004,University of Texas Health Science Center at San Antonio,Historic,-7.814429440768617
4300141000,0.0021917744684999225,Delaware State Dept of Public Instruction,Historic,-6.123043803647813
5300016036,0.0021917744684999225,5300016036,Historic,-6.123043803647813
5300009965,0.0021917744684999225,5300009965,Historic,-6.123043803647813
0010306000,0.0010172477289148853,0010306000,Historic,-6.890654603658193
5300010113,3.293133100549618e-05,"David Grubin Productions, Inc.",Historic,-10.321086043155175
5300001889,0.0022266495344731418,Biogeneral Incorporated,Historic,-6.1072572742301805
5300011959,2.5696372298493903e-05,Navajo Nation,Historic,-10.56916073172713
0028472000,0.0005207375695295942,SUNY College at Oneonta,Historic,-7.560264348430524
5300010043,0.0012151601473377226,5300010043,Historic,-6.712879402367189
6250008526,3.69416022003245e-05,6250008526,Historic,-10.20617221108762
6200000242,3.69416022003245e-05,6200000242,Historic,-10.20617221108762
7203576321,0.0066862806473363045,7203576321,Historic,-5.007697516493304
5300001226,0.0013656671432329991,5300001226,Historic,-6.596112220123163
4205837000,0.0016687184439799845,4205837000,Historic,-6.395699345969051
5300002794,0.0006019012073935372,International Geosphere,Historic,-7.415417233442239
6250001676,0.006817493897707935,6250001676,Historic,-4.988263338337276
4204509000,0.0007300669703175793,Indian Institute of Technology Kanpur,Historic,-7.222374287868641
0031609000,0.0006933710498104542,0031609000,Historic,-7.273945276651501
0033662000,0.001759486652827775,Saint Francis University,Historic,-6.342733187007039
0027375000,0.00010282254547907056,IONA UNIVERSITY,Historic,-9.182505914990267
4035911000,0.002180774886577923,Aspen Center For Physics,Historic,-6.128075012780754
4032132000,0.0038856298441307872,4032132000,Historic,-5.550470186261498
4091915000,0.0032221393827501824,Maine Mathematics and Science Alliance,Historic,-5.737709735464027
4050555000,0.0009956091271904565,"Harbor Branch Oceanographic Institution, Inc.",Historic,-6.912155819985281
6250021985,0.0021867083952452795,6250021985,Historic,-6.125357881684892
6250019888,0.00190103885240993,6250019888,Historic,-6.265354777804669
4300224000,0.0033360366894725586,Minneapolis Public Schools,Historic,-5.702971796502782
4306232000,0.003917965914953263,Memphis City Schools,Historic,-5.542182659101187
4215298000,0.00020849558192114593,Udaipur Solar Observatory,Historic,-8.475592706776563
4202271000,0.0005124642302905964,Tata Institute of Fundamental Research,Historic,-7.576279643942398
5300007579,0.0008523336859374528,5300007579,Historic,-7.067532457648534
6250017197,0.0014748964767109809,6250017197,Historic,-6.519167476934147
5300010505,0.004992922492405684,5300010505,Historic,-5.299733870835567
4001575000,0.0014619764918397582,Film Arts Foundation,Historic,-6.527965997236796
0016717000,0.006072987299787809,DePaul University,Historic,-5.103904653327273
5300010071,0.001201157548917704,5300010071,Historic,-6.724469563040943
0031849030,0.000937673302889002,0031849030,Historic,-6.972108960788614
0022939000,0.00020729713716107555,Lake Superior State University,Historic,-8.481357348742959
4007357000,0.0022752156972585137,4007357000,Historic,-6.0856804190918306
4018578000,5.299493762257357e-05,Association of Science-Technology Centers,Historic,-9.845314165529365
5300004853,0.0025949861501391703,Academy for Educational Development,Historic,-5.954174099511795
6250010215,0.00030442287903399066,6250010215,Historic,-8.097092773717128
5300009876,0.00019843485523828676,5300009876,Historic,-8.525049696899124
0020057000,4.296120886788981e-05,Nicholls State University,Historic,-10.05521296877666
5300006809,0.004772703601302556,University of Wisconsin,Historic,-5.344842341922313
4001586000,0.00021319340998779792,Triangle Coalition for Science and Technology Education,Historic,-8.453310776151257
5300001559,0.0007123180276118912,Council on Undergraduate Research,Historic,-7.246986078284523
0024547000,1.0028100840337741e-05,University of Central Missouri,Historic,-11.51011932184147
5300007413,0.0014915211878374995,5300007413,Historic,-6.507958748386268
4004974000,0.00011298304278890898,Hauptman-Woodward Medical Research Institute Inc,Historic,-9.088272814327599
4306069000,0.0025939037425047324,Austin Independent School District,Historic,-5.95459130152322
6250009221,0.00023805403963828332,6250009221,Historic,-8.343012852762696
4025474000,0.004855829699418745,4025474000,Historic,-5.327575295976084
5300001723,0.00015192645691820833,Cold Spring Harbor Laboratory,Historic,-8.792113990268854
0029942000,0.0027764227831918544,Minot State University,Historic,-5.886591948513262
4203840000,1.5971394292453888e-05,4203840000,Historic,-11.044711292569431
0026203000,0.002016675553331811,"Rutgers, The State University of New Jersey-RBHS-New Jersey Med",Historic,-6.2063048890063905
4003802000,0.002016675553331811,Hospital For Joint Diseases Orthopaedic Institute,Historic,-6.2063048890063905
0020610000,0.0003567811570660321,Baltimore City Community College,Historic,-7.938387969566552
0011387001,0.000318335028255857,"California State University, East Bay Foundation, Inc.",Historic,-8.05240618180188
0020339000,0.0010545610577596604,0020339000,Historic,-6.854630657626249
0020727000,3.387600524285157e-05,Frostburg State University,Historic,-10.292803604138976
4003455000,0.010008264413921884,"The Geological Society of America, Inc.",Historic,-4.604344085910553
6250006231,0.0026727998332271327,6250006231,Historic,-5.924628729318043
0018085000,0.0016118182414117791,University of Southern Indiana,Historic,-6.430392394721489
4091088000,0.007800638595533715,"Lucent Technologies, Inc",Historic,-4.853549677415585
0070268000,0.0016125087475315234,0070268000,Historic,-6.42996408448331
0014860000,0.0009235324042447469,Florida Memorial University,Historic,-6.987304670424328
5300003394,0.0011430658243776885,CLARK-MXR INC,Historic,-6.774041306695818
0028449000,0.0009680477966316584,SUNY College at Fredonia,Historic,-6.940229095221088
0020248000,1.9769569545597936e-05,Southeastern Louisiana University,Historic,-10.831366694129665
0021550030,0.004976253443434007,Harvard University Medical School,Historic,-5.30307799167631
4201885000,0.001337691716395812,4201885000,Historic,-6.616809750104863
4062527000,0.0027345587292699654,Society of Automotive Engineers Inc,Historic,-5.901785198256874
5300003606,0.0035929204742964635,5300003606,Historic,-5.6287899046062915
5300007321,0.0001292219848676289,5300007321,Historic,-8.953978819577445
P000121275,0.001201157548917704,P000121275,Historic,-6.724469563040943
0018523000,5.8004492234721654e-05,"Clarke University of Dubuque, Iowa",Historic,-9.754990098094344
0022772000,5.8004492234721654e-05,Lake Michigan College,Historic,-9.754990098094344
0022384000,0.002781865952907089,Andrews University,Historic,-5.884633370355961
7203597545,0.004843784458820922,7203597545,Historic,-5.3300589508087635
4015509000,0.0014608155927972803,Princeton University Press,Historic,-6.5287603740312505
5300007362,0.0009932202218981515,Diversa Corporation,Historic,-6.9145581441890105
4076626000,0.002910558075949568,Computational Physics Inc,Historic,-5.8394104375090885
0028233000,0.0029240721824299,Saint John's University,Historic,-5.834778051205768
4003906000,0.0006933710498104542,4003906000,Historic,-7.273945276651501
0016006000,5.677867417464706e-05,Wesleyan College,Historic,-9.776349757409628
6250000368,5.7511567908891e-06,6250000368,Historic,-12.066109542365012
4002962000,0.00028171233445708403,Massachusetts Department of Education,Historic,-8.174624098250371
4076881000,0.003837581553831477,CORD,Historic,-5.562912914481875
5300007950,0.0017704934048113435,ACSIOM Labs Incorporated,Historic,-6.336497011462268
4300679000,0.0008307484250884783,Montgomery County Public Schools,Historic,-7.0931835465020825
6250001885,0.003950865036419985,6250001885,Historic,-5.533820727483332
5300000954,0.0015056394129700664,5300000954,Historic,-6.498537611892054
5300008596,0.0015056394129700664,Elizabeth City Pasquotank County Public Schools,Historic,-6.498537611892054
6250019404,3.293133100549618e-05,6250019404,Historic,-10.321086043155175
0026864000,0.00026869693419459377,CUNY City University of New York,Historic,-8.221926452178693
0017046000,0.00026282327096703486,Knox College,Historic,-8.244028725171276
5300002907,0.0018177867023637779,National Tropical Botanical Garden,Historic,-6.310135615542483
5300007928,0.001999478252708544,5300007928,Historic,-6.2148690061013685
4202206000,0.002395788605945668,4202206000,Historic,-6.03404283052372
6200000299,0.001999478252708544,6200000299,Historic,-6.2148690061013685
0029744010,0.005422673560432951,0029744010,Historic,-5.217166308318958
5300007918,0.00474466129128163,5300007918,Historic,-5.350735231705881
5300008616,0.001385774333759094,5300008616,Historic,-6.581496209826405
4076683000,0.0014915211878374995,"Archbold Expeditions, Inc.",Historic,-6.507958748386268
0015735000,0.00023618464293445826,Georgia Southwestern State University,Historic,-8.350896673527007
0021683000,0.00028009200681902637,Cape Cod Community College,Historic,-8.180392412988558
0036517000,4.296120886788981e-05,University of Dallas,Historic,-10.05521296877666
5300009059,6.029852770797309e-05,5300009059,Historic,-9.716202870649061
4203543000,0.007512367609443819,4203543000,Historic,-4.891204601979078
5300002463,0.002909344386720888,5300002463,Historic,-5.83982751984133
0030924000,0.0016193526943689728,Ohio State University Lima Campus,Historic,-6.425728780964936
4304358000,2.1909097933805553e-06,Community School District 18,Historic,-13.031193669635957
5300010129,2.1909097933805553e-06,5300010129,Historic,-13.031193669635957
4024311000,0.002840160402600065,4024311000,Historic,-5.8638947486151904
4091033000,0.002840160402600065,4091033000,Historic,-5.8638947486151904
0037986040,0.00265854079214333,0037986040,Historic,-5.9299778810927135
6250003371,0.0008924853803739444,6250003371,Historic,-7.021500424978038
5300004963,2.8334689221730967e-05,5300004963,Historic,-10.471423736402453
4203980000,0.000974236322744072,4203980000,Historic,-6.933856652597839
5300010198,0.0004904704752276889,Shishmaref Native Corporation,Historic,-7.620145473986262
5300001181,0.00020270973578027118,Northern California Institute for Research and Education,Historic,-8.503735475170002
0021709000,2.5904477547010075e-05,Holyoke Community College,Historic,-10.56109472593757
5300000687,2.5904477547010075e-05,5300000687,Historic,-10.56109472593757
0071209000,0.00016700847434885006,0071209000,Historic,-8.69746600223109
5300002899,0.00016700847434885006,5300002899,Historic,-8.69746600223109
5300013286,2.482271740875818e-05,5300013286,Historic,-10.603751299541086
0092585000,0.000370350357872445,Waukesha County Technical College,Historic,-7.901061087196695
5300007655,0.002340808134279243,Center for Resource Economics/Island Press,Historic,-6.057259052704776
5300010247,0.00024961929959528117,Inter-American Institute for Global Change Research,Historic,-8.295573602361722
0030734000,1.95246080678548e-05,Marietta College,Historic,-10.843834935789303
6250000327,0.001984402429893633,6250000327,Historic,-6.2224374530402295
0032102020,0.0021271620804059876,Oregon State University Marine Science Center,Historic,-6.152966544253965
5300002990,6.354737819944719e-05,5300002990,Historic,-9.66372481689272
6250015917,0.0030527316605334616,6250015917,Historic,-5.791718462792417
4201489000,0.005219685762433535,4201489000,Historic,-5.25531807766713
5300007286,0.001357015070266895,5300007286,Historic,-6.602467792614878
4064986000,2.772113748276801e-05,Developmental Studies Center,Historic,-10.493315349752583
7203584243,0.0010021697183504117,7203584243,Historic,-6.905587911071338
4011698000,1.4197355601503367e-05,Boston Biomedical Research Institute,Historic,-11.162454835945375
5300002331,0.0022083230293840537,5300002331,Historic,-6.115521861728142
5300000709,0.00023628320599159412,Association of State Supervisors of Mathematics,Historic,-8.350479447005501
4045191000,4.825868946533103e-06,4045191000,Historic,-12.24151974684232
6200000229,0.0018177867023637779,6200000229,Historic,-6.310135615542483
4041075000,0.00018609836745165308,4041075000,Historic,-8.58923516677984
7203581091,0.0029167402207467465,7203581091,Historic,-5.837288649056964
6250041540,0.005826658931052455,6250041540,Historic,-5.145311525046315
0036780000,6.851241523979311e-05,Southern Utah University,Historic,-9.588495584742331
0034322000,1.9632896175382533e-06,Erskine College,Historic,-13.140889115326331
0014878000,9.60913668821266e-05,Eckerd College,Historic,-9.250211080756742
0023010000,0.0007300669703175793,Northern Michigan University,Historic,-7.222374287868641
0038315000,0.00020215977668866115,Wheeling Jesuit University,Historic,-8.50645219951167
6200000795,0.00020215977668866115,6200000795,Historic,-8.50645219951167
6250003822,0.0021781992774317243,6250003822,Historic,-6.129256763049984
0001594000,0.0004324894802820048,0001594000,Historic,-7.745952554935538
5300004945,0.0007153650668353019,5300004945,Historic,-7.2427175625869715
4073466000,0.0017161105393985797,Daniel H Wagner Associates Inc (Sunnyvale Office),Historic,-6.367694863092106
6250009166,0.0017161105393985797,6250009166,Historic,-6.367694863092106
5300007354,0.001539754832050492,5300007354,Historic,-6.476132075197472
0026922000,0.002437998718968441,CUNY Bronx Community College,Historic,-6.016577773366821
5300009884,0.0021488602666275922,"MW Productions, Inc",Historic,-6.142817685945082
0017491000,0.0012452617326123006,Roosevelt University,Historic,-6.688409544162233
6250014878,5.978374174363441e-05,6250014878,Historic,-9.724776811169741
0500311000,0.0011525868452178889,0500311000,Historic,-6.76574643216419
0034314000,0.0013847362073752811,Converse College,Historic,-6.582245621472371
4305974000,0.003099216404303689,4305974000,Historic,-5.776605972248728
6250008410,1.4812058358189124e-05,6250008410,Historic,-11.120068954994318
4203691000,0.00015192645691820833,4203691000,Historic,-8.792113990268854
9000241000,0.008642113796131709,Jet Propulsion Laboratory,Historic,-4.751108073758615
9000001753,0.0013671191897763663,9000001753,Historic,-6.595049534275772
5300011155,0.0021857975497185803,5300011155,Historic,-6.1257745057221555
4002914000,0.0027627339311493606,4002914000,Historic,-5.891534534764451
4007241000,0.002340808134279243,4007241000,Historic,-6.057259052704776
0038372000,7.574354684090917e-06,Cardinal Stritch University,Historic,-11.790742400416756
0037150000,6.0704965966424586e-05,0037150000,Historic,-9.709485051607244
0011569001,2.2673698834756207e-06,Sonoma State University Academic Foundation Inc,Historic,-12.996890039855808
0034355000,6.824377816053532e-05,0034355000,Historic,-9.592424290537755
5300005490,6.824377816053532e-05,Lander University,Historic,-9.592424290537755
4091876000,0.0029699887462551543,"Merit Network, Inc.",Historic,-5.819197115314386
5300007400,0.0029699887462551543,5300007400,Historic,-5.819197115314386
6250013948,0.0021271620804059876,6250013948,Historic,-6.152966544253965
4000444000,0.0021236282304539244,American Council of Learned Societies,Historic,-6.154629223665436
6200000567,0.0022190785231483608,6200000567,Historic,-6.110663248930258
4005856000,0.001975501093759441,New York Academy of Sciences,Historic,-6.226933194450901
6250002241,0.0027764227831918544,6250002241,Historic,-5.886591948513262
5300012091,0.008545169426562449,Alantro Communications Incorporated,Historic,-4.762389135043862
7203588150,0.006489357396028052,7203588150,Historic,-5.0375917676478945
4091862000,0.002488095345682925,4091862000,Historic,-5.996237782619656
5300011163,5.0825108381571894e-05,5300011163,Historic,-9.88712006600606
6250002423,0.0006762147928457376,6250002423,Historic,-7.298999791494197
5300010306,0.0006762147928457376,"Blue Mountain Film Associates, Inc.",Historic,-7.298999791494197
5300004202,0.0010597234417205473,Sensar Corporation,Historic,-6.84974730893676
0021469000,0.00010406250258417417,0021469000,Historic,-9.170518852956606
6250026919,0.00829562786402374,6250026919,Historic,-4.792026666338784
4000931000,0.0029240721824299,American Society For Cell Biology,Historic,-5.834778051205768
5300013207,0.002971418020180963,5300013207,Historic,-5.81871599223712
0033951000,0.0034766568508570704,Pennsylvania College of Technology,Historic,-5.661684121980841
0024703000,0.0006844208667566622,St Louis Community College Florissant Valley,Historic,-7.2869375272867325
0011700000,0.0005227863724639309,0011700000,Historic,-7.556337642996309
0013532000,0.0007793191774183365,Fort Lewis College,Historic,-7.157089868899211
4203097000,0.000968880448220029,4203097000,Historic,-6.939369330134927
4028759000,0.0026065576817482583,Education Commission of the States,Historic,-5.949724824038093
4101119000,0.0012586287576110305,4101119000,Historic,-6.677732438244001
0290874000,5.004962202225146e-05,0290874000,Historic,-9.90249560423453
0002378000,0.001277864157858692,Northern New Mexico College,Historic,-6.6625652214315965
4004018000,3.26947249638822e-07,Society of Photo-Optical Instrumentation Engineers,Historic,-14.933466995151226
0018960000,2.974731151388136e-06,Wartburg College,Historic,-12.72535689233153
5300004859,0.0021280500275213912,5300004859,Historic,-6.152549198605489
5300010022,0.002348261667639458,5300010022,Historic,-6.054079940448972
6250008065,0.005564792429297481,6250008065,Historic,-5.19129559426788
5300011765,0.009981997051351,University of California Div of Agriculture & Natural Resources,Historic,-4.606972103331377
5300004854,9.605118319165131e-05,5300004854,Historic,-9.25062935032843
0032177000,0.007748089958712178,Reed College,Historic,-4.860308922932748
4025268000,0.0002770526477640363,4025268000,Historic,-8.19130300570674
4083596000,0.0002770526477640363,4083596000,Historic,-8.19130300570674
4002643000,0.0034602938455043624,4002643000,Historic,-5.6664017670722036
0012617000,0.0002164863101689264,Pasadena City College,Historic,-8.437983244997078
5300009849,0.0020800516657028113,5300009849,Historic,-6.175362546297203
4306360000,0.0009246583608259179,Fairbanks North Star Borough School District,Historic,-6.986086228322192
6250013460,0.0022507507254002565,6250013460,Historic,-6.096491462683057
6250003894,0.0022434300704383173,6250003894,Historic,-6.0997493028854555
5300012264,0.000662404255463292,5300012264,Historic,-7.319634530603334
0030809000,6.960011330974044e-06,Miami University Middletown,Historic,-11.875329455605758
4000215000,0.000936521248470926,Wadsworth Center,Historic,-6.97333834710002
4002490000,0.000835842446169965,Ranger Scientific Inc,Historic,-7.087070424159857
0035410000,0.0007078324279478717,Angelo State University,Historic,-7.253303175974006
7203576369,0.0022507507254002565,7203576369,Historic,-6.096491462683057
0103879000,0.00032796159740471276,El Paso County Community College,Historic,-8.022614037517847
0020776040,0.00265854079214333,Johns Hopkins University School of Hygiene & Public Hlth,Historic,-5.9299778810927135
5300011224,0.0037100694173011098,NOAA National Marine Fisheries Service,Historic,-5.596704691675006
6250000933,7.568767599293663e-06,6250000933,Historic,-11.791480304390085
4000084000,0.0012749772504977621,"Recording for the Blind, Inc.",Historic,-6.6648269432777845
5300010174,0.001999478252708544,Euphrates Archaeology Inc,Historic,-6.2148690061013685
0034744000,0.0008590116282182115,University of South Dakota Main Campus,Historic,-7.0597280991470654
0036657000,0.0021233340633930015,West Texas A&M University,Historic,-6.154767754239074
0034017002,8.302709076880818e-05,0034017002,Historic,-9.396343608617954
0011742000,0.0001989895975015141,Scripps College,Historic,-8.522258008467846
0017806000,0.0004936457936439851,Western Illinois University,Historic,-7.6136923148709315
4006680000,0.0016746596943547668,Rand Corporation,Historic,-6.392145301895822
0034579000,0.0013847362073752811,0034579000,Historic,-6.582245621472371
5300008906,0.00012888128512359508,Partnership for Environmental Technology Education,Historic,-8.956618847671068
0011338000,8.91418989693702e-05,0011338000,Historic,-9.325281087448968
4009353000,0.00806330841982134,"United Engineering Trustees, Inc.",Historic,-4.820431332761731
P000260320,0.002721716849579346,P000260320,Historic,-5.906492403095531
0039438000,0.0003426014824857073,University of Puerto Rico at Humacao,Historic,-7.978942644921599
5300004468,0.006492476772417045,University of New Mexico Health Sciences Center,Historic,-5.037111192036074
5300003161,0.00265854079214333,Friday Harbor Laboratories,Historic,-5.9299778810927135
0016014000,0.0021958935676651705,University of West Georgia,Historic,-6.12116622296423
5300008195,0.0030789832204091323,5300008195,Historic,-5.783155859743116
6250037159,0.0023989480574339484,6250037159,Historic,-6.032724947116403
4070587000,0.00013520920705045383,National Action Council for Minorities in Engineering Inc,Historic,-8.90868729718847
5300016994,0.0008304079776060947,5300016994,Historic,-7.0935934386550406
5300016327,0.0038697178837155824,5300016327,Historic,-5.554573672862362
7203584089,1.694158327881622e-05,7203584089,Historic,-10.985739409187172
5300007683,6.197071308765215e-05,5300007683,Historic,-9.688848654074825
4305910000,2.5733474173343266e-05,Oakland Unified School District,Historic,-10.56771791655925
6250002446,0.006619535803709552,6250002446,Historic,-5.017730031777329
7203583343,0.004286160696340883,7203583343,Historic,-5.45236388932029
4003008000,0.002909344386720888,4003008000,Historic,-5.83982751984133
4002766000,0.005781317098407003,Southeastern Universities Research Association,Historic,-5.153123750559949
5300002988,6.70582250829639e-06,5300002988,Historic,-11.912534377867232
5300009779,0.00030216360844078326,5300009779,Historic,-8.104541937478933
5300017363,0.001984402429893633,5300017363,Historic,-6.2224374530402295
4008561000,0.002971418020180963,Social Science Education Consortium Inc,Historic,-5.81871599223712
5300006853,0.001260081437513286,Walters State Community College,Historic,-6.676578927160317
6250001195,0.0003135129597653709,6250001195,Historic,-8.06766985978123
0028464000,4.627018903681884e-06,SUNY College at New Paltz,Historic,-12.283597762531898
6250002350,0.001385774333759094,6250002350,Historic,-6.581496209826405
0119347000,0.0025939037425047324,0119347000,Historic,-5.95459130152322
5300012978,0.001362800961979974,Association of American State Geologists,Historic,-6.598213166292788
8888885TX0,0.0004330856770994678,Individual Award,Historic,-7.744574980945197
4076154000,0.0019209198854112375,Acadia Institute,Historic,-6.254951100692534
7203577913,0.005782139388523768,7203577913,Historic,-5.152981528358641
0015461000,0.0009754189321046276,ARMSTRONG STATE UNIVERSITY,Historic,-6.932643505296382
6250010836,0.002395788605945668,6250010836,Historic,-6.03404283052372
0019489020,0.0003168359710637852,University of Kansas Medical Center,Historic,-8.057126359445178
6250032654,0.0018308276206233291,6250032654,Historic,-6.30298716265705
4010732000,0.0022266495344731418,4010732000,Historic,-6.1072572742301805
5300005043,6.471404875215133e-05,Vermont Center for the Book,Historic,-9.645532243209793
5300007672,0.000974236322744072,Old Colorado City Communication,Historic,-6.933856652597839
5300011319,1.2461647159757056e-06,Therasense Inc,Historic,-13.595439950528961
6250000877,0.001671078362400044,6250000877,Historic,-6.394286134956745
9000002047,0.01021888988578003,9000002047,Historic,-4.5835173218499845
4091005000,0.0011430658243776885,4091005000,Historic,-6.774041306695818
5300009259,0.0035631811900496964,5300009259,Historic,-5.637101540423887
0021063000,0.0002650038118567473,University of Maryland Eastern Shore,Historic,-8.235766347716421
6200000578,0.0017641533755303196,6200000578,Historic,-6.340084377597713
5300003029,0.005689379407655384,5300003029,Historic,-5.169154103988047
4306058000,0.0056870540996375556,4306058000,Historic,-5.1695628978422405
0033670000,0.00026730126218306547,St Joseph's University,Historic,-8.227134212858736
0029207030,0.005190769194772622,Duke University Medical Center,Historic,-5.260873385700641
0025395000,0.001152314373774712,Chadron State College,Historic,-6.765982860035546
4039202000,0.002971418020180963,San Diego Society of Natural History,Historic,-5.81871599223712
4070819000,1.2044789137289916e-06,4070819000,Historic,-13.629463521288812
0111633000,0.0006591968777420658,0111633000,Historic,-7.324488315815202
6250000430,0.002991680742205905,6250000430,Historic,-5.811919928371349
0012427000,0.0031395868841922643,Monterey Peninsula College,Historic,-5.763664053261345
0011676000,2.56093548707842e-05,City College of San Francisco,Historic,-10.572552848590073
5300010273,0.00029170022249730204,U.S. Space and Rocket Center,Historic,-8.139783918330169
7203580548,0.0007831758944525551,7203580548,Historic,-7.152153245499782
6250032532,0.002678532962978885,6250032532,Historic,-5.922486036212026
7203585070,0.002678532962978885,7203585070,Historic,-5.922486036212026
6250015181,1.9923829791677555e-05,6250015181,Historic,-10.823594065668791
0029280000,0.0009788478060095756,Fayetteville State University,Historic,-6.929134386140183
5300009178,0.0013680366108931887,5300009178,Historic,-6.594378697791061
P000256513,0.0027764227831918544,P000256513,Historic,-5.886591948513262
0026534000,0.0011447519333339917,New Mexico Highlands University,Historic,-6.772567317558444
5300010839,0.0005880794173573323,"Roadsurv Engineering, Inc.",Historic,-7.438648555653026
4000766000,4.874543617762829e-05,American Meteorological Society,Historic,-9.928898981771914
4203634000,0.007333139115676423,4203634000,Historic,-4.915351598868586
0011379001,0.00338611012652282,CSU Fullerton Auxiliary Services Corporation,Historic,-5.688073471723651
6250006703,0.003914369870956372,6250006703,Historic,-5.54310091499518
0045484000,0.0014321182472492075,0045484000,Historic,-6.548600638958105
6250005162,5.737191546890762e-05,6250005162,Historic,-9.765955651919233
6250018445,0.00017194624722147617,6250018445,Historic,-8.66832864614838
4026498000,8.473093649261209e-05,Palo Alto Research Center Incorporated,Historic,-9.376029775146362
5300011156,0.00414990364955273,5300011156,Historic,-5.484670161984294
0027110050,3.294386988290492e-05,Joan and Sanford I. Weill Medical College of Cornell University,Historic,-10.320705357331343
5300011911,0.0013553154190461814,5300011911,Historic,-6.603721070156004
5300004895,0.000772644569966542,Bevill State Community College,Historic,-7.165691421114168
6250003906,0.004026733987013176,6250003906,Historic,-5.514799656654232
5300010130,0.002951309220876466,Pacific Resources for Education and Learning,Historic,-5.8255064033952
6250005028,0.0002995805865298044,6250005028,Historic,-8.113127106385294
5300005214,0.001226938800375622,5300005214,Historic,-6.703232991941765
0049544000,0.012074279821590274,The University of Texas Health Science Center at Houston,Historic,-4.416677723326487
5300011472,0.00011016250915710575,School District of Riverview Gardens,Historic,-9.113553926414879
0039404000,5.987017751370093e-06,0039404000,Historic,-12.025917141039637
0036251000,0.003922003501601724,Sul Ross State University,Historic,-5.5411526583981505
0033977000,8.569016262009968e-06,Wistar Institute,Historic,-11.667357620506895
0291690000,0.0004194380069633023,Uniformed Services University Health Services,Historic,-7.776594821372305
6250000528,0.0019281588325110069,6250000528,Historic,-6.251189704179211
4013405000,0.0007581427435399499,4013405000,Historic,-7.184638874035373
0031633000,0.0021271620804059876,0031633000,Historic,-6.152966544253965
0015909000,0.0012002642870100396,Savannah State University,Historic,-6.725213507262236
5300010281,0.0012002642870100396,5300010281,Historic,-6.725213507262236
4083486000,0.001320456392070348,4083486000,Historic,-6.629777850573712
4103228000,0.0020421826074363807,4103228000,Historic,-6.193736137461034
5300011981,0.0016866634554975816,5300011981,Historic,-6.385002988207874
4103151000,0.0016866634554975816,4103151000,Historic,-6.385002988207874
5300007227,0.0005127739965161399,5300007227,Historic,-7.57567536246543
0028290000,0.00769635055819712,Saint Lawrence University,Historic,-4.867009015954844
5300000250,0.0028546464292372874,University System of Maryland,Historic,-5.858807286192234
6250011514,0.002340808134279243,6250011514,Historic,-6.057259052704776
0017343000,6.131714906510234e-05,0017343000,Historic,-9.699450997782801
0111138000,0.0012586287576110305,0111138000,Historic,-6.677732438244001
4013660000,0.0028546464292372874,4013660000,Historic,-5.858807286192234
6250001117,0.000446150208311548,6250001117,Historic,-7.714854872709004
0030403000,0.0008825264989984838,Cuyahoga Community College,Historic,-7.03272174241388
8000000719,0.0021271620804059876,8000000719,Historic,-6.152966544253965
4091322000,0.0029196282864989635,4091322000,Historic,-5.836298969949361
4000090000,0.004644589036326386,4000090000,Historic,-5.372052385048859
4208908000,0.0004983469398196531,4208908000,Historic,-7.604214057194418
5300012057,0.003274477926051852,5300012057,Historic,-5.721596834494912
5300005335,0.00018218935037446978,5300005335,Historic,-8.610464025041702
5300001222,0.0027953093562285984,Utah Geological Survey,Historic,-5.879812496486067
4003048000,0.0012714004741856012,4003048000,Historic,-6.667636250498687
6250002562,0.00023129102509023065,6250002562,Historic,-8.371833791510694
6250001462,0.0028546464292372874,6250001462,Historic,-5.858807286192234
4305908000,0.0031042468712801324,Tucson Unified School District,Historic,-5.774984146550529
5300003497,0.0029240721824299,5300003497,Historic,-5.834778051205768
0011536001,0.0037216961164791016,"The University Corporation, Northridge",Historic,-5.593575769318471
5300012378,0.01171100146888648,5300012378,Historic,-4.447226582494215
0030502000,0.0022181373964604706,John Carroll University,Historic,-6.111087445867732
5300011345,6.456646923166159e-05,National Alliance of State Science and Math Coalitions,Historic,-9.647815334071375
6250004979,0.0036046810021516332,6250004979,Historic,-5.625521999774456
5300010804,0.001027503733291263,SYNERGY INNOVATIONS INC,Historic,-6.880622978226993
5300012405,0.0003698186988013126,5300012405,Historic,-7.902497675656519
6250017705,0.0009022957098015307,6250017705,Historic,-7.010568253711319
5300010543,0.002349974372628038,5300010543,Historic,-6.053350856150197
0022350000,0.0003566210614878722,Albion College,Historic,-7.9388367923391305
5300010617,0.010016686442503942,5300010617,Historic,-4.60350293237774
0021212000,0.001765067486702866,0021212000,Historic,-6.339566353235583
6250009469,0.0012473207322405437,6250009469,Historic,-6.686757442275453
6250003886,6.0965029056886186e-05,6250003886,Historic,-9.705210152336296
5300009773,0.00027432124190168825,O-C-M BOCES,Historic,-8.201210722619185
0002121000,0.00022405336540014001,Turtle Mountain Community College,Historic,-8.403626296090012
5300002927,0.0008786396885920904,5300002927,Historic,-7.037135654904612
0016022000,2.3559295071055662e-05,0016022000,Historic,-10.655990120211893
6250000864,0.006211789867937922,6250000864,Historic,-5.0813062010646926
0012229000,6.42124419647956e-05,East Los Angeles College,Historic,-9.65331356597047
4200424000,0.004464132580183488,4200424000,Historic,-5.411680354482267
5300001415,0.004052933523588588,California Institute of Technology,Historic,-5.5083143332497535
0024497000,8.518466733994786e-05,Avila University,Historic,-9.370689101122625
0002907000,0.00019434925662637962,0002907000,Historic,-8.54585372559551
0001941000,3.972153999559003e-06,Inter American University of Puerto Rico San Juan,Historic,-12.436202041244163
5300011384,0.00029170022249730204,Alabama Southern Community College,Historic,-8.139783918330169
5300010212,0.0037188398037889922,5300010212,Historic,-5.594343540043866
5300009180,0.00010016510898881233,Goodman Research Group Inc,Historic,-9.20869064363848
6250002180,0.0014321182472492075,6250002180,Historic,-6.548600638958105
8888885KS0,0.00456483695031231,Individual Award,Historic,-5.389372482919786
0500704000,0.0061950232398589695,Arizona State University West Campus,Historic,-5.084009012518403
0010769000,0.006815158838642117,0010769000,Historic,-4.988605906894374
6250031059,0.001999478252708544,6250031059,Historic,-6.2148690061013685
0027912000,0.0017257220072125778,Pace University New York Campus,Historic,-6.3621097611626425
6250000178,5.606604534068637e-05,6250000178,Historic,-9.788980181068977
4207098000,0.0019209198854112375,4207098000,Historic,-6.254951100692534
6250034632,0.0004192627255160529,6250034632,Historic,-7.777012804671981
9000003455,0.00265854079214333,9000003455,Historic,-5.9299778810927135
4306431000,9.757628023094074e-05,4306431000,Historic,-9.234876124502595
5300012572,9.301121754899509e-05,"NUMAT, Inc.",Historic,-9.282790453278484
5300017227,5.256751621388634e-07,5300017227,Historic,-14.458582377452595
6250000535,0.0022181406300645044,6250000535,Historic,-6.111085988067289
6250015524,0.0014912537493999578,6250015524,Historic,-6.5081380702887826
4103158000,0.00179043192664209,Geological Survey-Cascades Volcano Observatory,Historic,-6.325298388437537
7203577049,0.0007693304711960216,7203577049,Historic,-7.169989939293782
0079996006,0.0026482348570633298,0079996006,Historic,-5.93386195259584
6250004980,0.0008910423545548011,6250004980,Historic,-7.023118595647055
6250000799,0.0021781992774317243,6250000799,Historic,-6.129256763049984
0013854000,0.00018347016043009976,Fairfield University,Historic,-8.603458517152598
5300000108,0.0008825264989984838,Mid-Continent Research for Education and Learning,Historic,-7.03272174241388
5300001526,0.0021857975497185803,MCI Telecommunication Corporations,Historic,-6.1257745057221555
6250012254,4.3943649427292605e-06,6250012254,Historic,-12.33518753266481
5300001636,0.0007315681996083005,5300001636,Historic,-7.2203201093027465
0023291020,0.0007535712474218069,Wayne State University School of Medicine,Historic,-7.190686989063472
6250005660,0.006086761503845596,6250005660,Historic,-5.101639111469169
5300007172,0.00014410196524582968,5300007172,Historic,-8.844989416982193
5300009338,0.0007159340307400728,5300009338,Historic,-7.241922531086282
0096453000,0.00240252942094642,Simon's Rock of Bard College,Historic,-6.031233171223353
4010799000,0.0004522790680249274,Council of Graduate Schools,Historic,-7.701211161514619
5300004709,0.00010436804355613723,American Association for Higher Education,Historic,-9.167587025578323
5300008980,0.0026774521842487923,"Advanced Photonics Technology, Inc.",Historic,-5.92288961415896
4306370000,1.69751240255489e-05,4306370000,Historic,-10.983761578181028
6250015749,0.00021409158910160026,6250015749,Historic,-8.449106648046426
6250014898,0.0009895952836665631,6250014898,Historic,-6.918214502796137
4069969000,0.0002684313611566027,Rhode Island Hospital,Historic,-8.222915314846812
6250014117,0.0011171356967353517,6250014117,Historic,-6.796987283072708
5300011212,0.0011171356967353517,"California State University, Seal Beach",Historic,-6.796987283072708
0028134000,0.0001776251570025935,0028134000,Historic,-8.63583508764821
0001743000,0.0022752156972585137,0001743000,Historic,-6.0856804190918306
7203578371,0.0005463131605148021,7203578371,Historic,-7.512318192582217
4202826000,0.0003396928217674195,4202826000,Historic,-7.987468814114849
0016667000,0.0031027592030972153,Concordia University Chicago,Historic,-5.775463497849231
0500671000,0.0005524926406541588,0500671000,Historic,-7.50107044474405
0080762000,0.0005524926406541588,0080762000,Historic,-7.50107044474405
6250029971,0.0021022693788576006,6250029971,Historic,-6.164737861142915
0013714010,0.00030463945273366864,0013714010,Historic,-8.096381602799111
5300016609,0.002721716849579346,5300016609,Historic,-5.906492403095531
4013033000,0.0021236282304539244,Resources For the Future Inc,Historic,-6.154629223665436
0120154000,0.001253399268228419,Austin Community College,Historic,-6.681896004003119
5300010634,0.001555523707984725,5300010634,Historic,-6.465943000351072
5300006612,0.00012631825807835276,Langley School,Historic,-8.976705977865349
5300011947,0.0007989995580415585,Sweetwater Union High School District,Historic,-7.132150165337628
5300004807,0.005485282697952622,Institute for Genomic Research,Historic,-5.205686646391184
6250007704,0.009535226061756096,6250007704,Historic,-4.6527623315840465
7203576565,0.008488620504831589,7203576565,Historic,-4.769028776568656
4091030000,0.002971418020180963,"Weidlinger Associates, Incorporated",Historic,-5.81871599223712
4015293000,0.000270397094160639,Marine Environmental Sciences Consortium,Historic,-8.21561896030055
5300007656,0.001337691716395812,5300007656,Historic,-6.616809750104863
4003715000,0.0026774521842487923,"NANOPTICS, INC.",Historic,-5.92288961415896
6250003907,0.0021236282304539244,6250003907,Historic,-6.154629223665436
5300001546,0.0006523423794810637,5300001546,Historic,-7.334941011962407
4212132000,0.0025939037425047324,4212132000,Historic,-5.95459130152322
5000418113,0.005892321591006958,5000418113,Historic,-5.1341052009128285
5300001432,0.0005395359832508486,White Mountains Community College,Historic,-7.52480107808368
6250001656,0.0005395359832508486,6250001656,Historic,-7.52480107808368
4212694000,5.0991228797719245e-06,World Meteorological Organization,Historic,-12.186442017383445
5300010670,4.590813307550854e-05,Whitaker Center for Science and Arts,Historic,-9.98886826540673
6250014015,0.003868299002773794,6250014015,Historic,-5.554940402730881
6250029970,0.004185134791291374,6250029970,Historic,-5.476216367365494
5300002984,0.001337691716395812,5300002984,Historic,-6.616809750104863
4003523000,0.0008982998635360816,REACTION ENGINEERING INTERNATIONAL,Historic,-7.015006621642648
0001693000,9.899659567641672e-05,New Jersey Medical School,Historic,-9.220425095527837
4061883000,0.001765067486702866,4061883000,Historic,-6.339566353235583
0080416000,0.000937673302889002,0080416000,Historic,-6.972108960788614
4022943000,0.005062569905892853,4022943000,Historic,-5.28588103807339
4014353001,0.002469550803639121,4014353001,Historic,-6.003719005755795
6250007547,4.991859076071564e-05,6250007547,Historic,-9.905117064255187
4038048000,0.0009932202218981515,Sea Education Association,Historic,-6.9145581441890105
5300009786,0.0046716253941246535,5300009786,Historic,-5.36624821772297
4003960000,0.001027503733291263,4003960000,Historic,-6.880622978226993
5300009147,0.0021781992774317243,5300009147,Historic,-6.129256763049984
5300003866,0.0011430658243776885,Molecular OptoElectronics Corporation,Historic,-6.774041306695818
5300011283,0.0005073926964863435,El Centro School District,Historic,-7.586225304898857
4003575000,0.0009575634740504884,4003575000,Historic,-6.951118547670112
5300012009,0.0013564483972787237,OPS-Alaska,Historic,-6.602885467666108
6250022843,0.0026774521842487923,6250022843,Historic,-5.92288961415896
5300011026,0.0001946966797711369,5300011026,Historic,-8.544067698781669
0081331000,3.604670781852663e-05,Zane State College,Historic,-10.230695021051842
5300009261,8.55045432244119e-05,MacGillivray Freeman Films,Historic,-9.366941046305662
5300011316,0.004019643702356547,5300011316,Historic,-5.51656201153378
7203576514,0.009000076836583795,7203576514,Historic,-4.7105221642841615
5300011309,0.0005172484813500747,"Systemic Research, Inc.",Historic,-7.56698717735052
6250001889,2.8334689221730967e-05,6250001889,Historic,-10.471423736402453
5000000512,0.0016273335978652798,5000000512,Historic,-6.420812433124015
4001211000,4.464396411527314e-05,4001211000,Historic,-10.016791441968433
0500716000,0.0004192627255160529,0500716000,Historic,-7.777012804671981
5300007955,0.0005942032169779706,5300007955,Historic,-7.428289180985477
4001069000,0.0005942032169779706,4001069000,Historic,-7.428289180985477
7203579464,0.0026727998332271327,7203579464,Historic,-5.924628729318043
4003330000,0.001385774333759094,Conductus Inc,Historic,-6.581496209826405
0010884000,3.13610274427502e-05,Lyon College,Historic,-10.369944600175957
4004875000,0.0022814248080531953,Mayo Clinic Rochester,Historic,-6.08295511538156
6250002660,0.0028546464292372874,6250002660,Historic,-5.858807286192234
6250029555,0.0008523336859374528,6250029555,Historic,-7.067532457648534
7203576027,0.0009343369010780229,7203576027,Historic,-6.975673476982532
6250001166,0.000586032738612479,6250001166,Historic,-7.442134902008433
4003540000,0.003652552232188703,House Ear Institute,Historic,-5.612329114047774
5300007043,2.9178010706470727e-06,Bay Shore Union Free School District,Historic,-12.744680283372269
6250035876,0.0022752156972585137,6250035876,Historic,-6.0856804190918306
0015339000,0.0002749928057095523,0015339000,Historic,-8.198765621696083
6250000176,0.0013063250606614102,6250000176,Historic,-6.640537381194771
4008280000,2.6673100166555108e-05,Zoological Society of Philaelphia,Historic,-10.531854984810295
6250033810,0.00012631825807835276,6250033810,Historic,-8.976705977865349
5300012439,0.002971418020180963,American Rock Mechanics Association Foundation,Historic,-5.81871599223712
5300013047,0.000914259311442442,5300013047,Historic,-6.997396316198634
9000000233,0.00190103885240993,9000000233,Historic,-6.265354777804669
9000003120,0.0007111540201668329,9000003120,Historic,-7.248621526913558
6250009331,0.00023901351431870194,6250009331,Historic,-8.338990462364851
0034090000,0.000676526561330766,0034090000,Historic,-7.2985388482553635
0012864000,0.0012083350802070394,0012864000,Historic,-6.718511833656069
5300011619,0.0005832162163949973,Dauphin Island Sea Lab,Historic,-7.446952571766489
0012377000,9.546041102848489e-05,Merced College,Historic,-9.256798940629139
7203577813,0.001558050487096523,7203577813,Historic,-6.464319926990242
6250042891,0.0015012162838829916,6250042891,Historic,-6.50147964351804
6250013175,0.002909344386720888,6250013175,Historic,-5.83982751984133
6250002046,0.0018707416527410073,6250002046,Historic,-6.281420320999057
0117168000,0.0013897586708476164,The University of the State of New York,Historic,-6.578625165008143
6250002740,0.002909344386720888,6250002740,Historic,-5.83982751984133
0021550080,0.002340808134279243,Harvard T. H. Chan School of Public Health,Historic,-6.057259052704776
0032797000,0.0009560859413617587,Juniata College,Historic,-6.952662752131427
0026716000,0.000401970052688503,Bard College,Historic,-7.819132967919947
7203576216,0.0021022693788576006,7203576216,Historic,-6.164737861142915
6200000580,0.0026774521842487923,6200000580,Historic,-5.92288961415896
6250002176,0.0008523984788103319,6250002176,Historic,-7.067456442337448
9000001968,0.002623843334676426,9000001968,Historic,-5.943115114455399
4001426000,1.9916533860328686e-05,Associated Western Universities Inc,Historic,-10.823960323943647
4090576000,0.0009022957098015307,BIODE INC,Historic,-7.010568253711319
0020636000,0.0001409739858139704,"Community College of Baltimore County, Catonsville",Historic,-8.866935182381173
4005567000,0.0021022693788576006,National Biomedical Research Foundation,Historic,-6.164737861142915
0002329000,0.0019096569586457366,University of South Florida Department of Marine Science,Historic,-6.260831655857393
6250010720,0.00031653307102904774,6250010720,Historic,-8.05808283201551
5300009089,0.0004632758815721978,5300009089,Historic,-7.677187824802629
6250004954,0.0014608155927972803,6250004954,Historic,-6.5287603740312505
5300010291,0.00020260203950011636,5300010291,Historic,-8.504266899566025
4102829000,0.0002720699488003692,National Aeronautics & Space Administration Langley Research Ctr,Historic,-8.209451360022213
5300012004,0.003918605309680442,5300012004,Historic,-5.542019476834282
6250000679,0.0028546464292372874,6250000679,Historic,-5.858807286192234
0033290010,0.002898888588028956,0033290010,Historic,-5.843427860954294
4202032000,0.0014748964767109809,4202032000,Historic,-6.519167476934147
8888885AZ0,0.0027764227831918544,Individual Award,Historic,-5.886591948513262
5022051000,0.004464854906060867,5022051000,Historic,-5.411518561024707
4306057000,9.374710371521873e-08,4306057000,Historic,-16.182665066277444
5300013464,0.0001409739858139704,5300013464,Historic,-8.866935182381173
5300005171,0.0001409739858139704,5300005171,Historic,-8.866935182381173
0016105040,0.0016105379996398808,0016105040,Historic,-6.4311869945382005
9000001526,0.0004904704752276889,9000001526,Historic,-7.620145473986262
0036467000,0.0005126053403962158,Texas Woman's University,Historic,-7.576004325836103
6250008056,0.0016972334703602699,6250008056,Historic,-6.378755723901812
5300011771,0.00328957673204043,South Carolina Research Authority,Historic,-5.716996375356596
5300011295,6.332148810462212e-05,Visalia Unified School District,Historic,-9.667285821891195
5300009278,0.000693803125948565,5300009278,Historic,-7.273322317891694
5300007694,0.0029877798337946196,5300007694,Historic,-5.813224697895329
4003612000,0.0011447519333339917,4003612000,Historic,-6.772567317558444
4001822000,7.778683535122164e-05,Bolt Beranek and Newman Inc,Historic,-9.461538352521682
4001053000,7.582102183755685e-05,4001053000,Historic,-9.487134970816323
4001752000,0.0012083350802070394,4001752000,Historic,-6.718511833656069
5300016229,0.0026061881610913197,5300016229,Historic,-5.949866599857862
4003833000,0.0005298510500440366,Vermont State Department of Education,Historic,-7.542914628569349
4003974000,0.0005298510500440366,4003974000,Historic,-7.542914628569349
0036756030,0.0028065090701248725,University of Utah College of Medicine,Historic,-5.875813891759388
4039129000,0.00015259534384673507,4039129000,Historic,-8.787720951724015
4101036000,0.0027764227831918544,Department of Air Force Kirtland Air Force Base,Historic,-5.886591948513262
5300001064,7.601843530299453e-05,South Carolina State Department of Education,Historic,-9.48453467731699
0036327002,0.0006345275454020541,0036327002,Historic,-7.3626298589829435
5300003949,0.001201157548917704,5300003949,Historic,-6.724469563040943
5300011748,3.418957428480196e-05,5300011748,Historic,-10.283589805844167
4200473000,0.003154259510497023,4200473000,Historic,-5.759001514023607
4001573000,0.001975501093759441,Neurosciences Research Foundation Inc,Historic,-6.226933194450901
7203588764,9.58234244404463e-05,7203588764,Historic,-9.253003388884
6250012400,0.00014916740321702844,6250012400,Historic,-8.810441371161875
6250002118,0.00649982423021185,6250002118,Historic,-5.035980143952043
7203589453,0.00265854079214333,7203589453,Historic,-5.9299778810927135
6250002519,0.0019099190940343222,6250002519,Historic,-6.260694396965106
6250009769,0.0012586287576110305,6250009769,Historic,-6.677732438244001
5300005766,5.6018188668165405e-05,Shodor Education Foundation Inc,Historic,-9.78983412231865
P000254652,0.002180774886577923,P000254652,Historic,-6.128075012780754
0500734000,0.00033376035356255586,Athens Technical College,Historic,-8.005087326820705
0113886000,0.004084336045951532,0113886000,Historic,-5.500596098531147
6250018692,0.005252842828232696,6250018692,Historic,-5.248985857840061
6250036639,0.002971418020180963,6250036639,Historic,-5.81871599223712
0011494000,0.0033931010504361547,Humboldt State University,Historic,-5.686011011591055
0029207002,0.0019209198854112375,0029207002,Historic,-6.254951100692534
0011544001,0.0004968132048088468,0011544001,Historic,-7.607296447970287
4024790000,0.0009556872746121038,4024790000,Historic,-6.953079817034421
0034975000,0.00022737419127717866,0034975000,Historic,-8.388913477912176
4035945000,0.0008523984788103319,Hubbs-Sea World Research Institute,Historic,-7.067456442337448
4202677000,0.002218906668394002,4202677000,Historic,-6.110740696126239
0010173000,0.001444889561154253,Gadsden State Community College,Historic,-6.539722388605483
4008652000,0.0034531725047630872,4008652000,Historic,-5.668461903883219
9000001104,0.0021236282304539244,9000001104,Historic,-6.154629223665436
4004073000,0.0021488602666275922,Institute For Cancer Research,Historic,-6.142817685945082
4000186000,1.016950815974311e-06,4000186000,Historic,-13.798701803941158
4101341000,1.016950815974311e-06,4101341000,Historic,-13.798701803941158
P269666084,4.590813307550854e-05,P269666084,Historic,-9.98886826540673
4205951000,0.003674921184349206,4205951000,Historic,-5.606223592982905
4203436000,0.003674921184349206,4203436000,Historic,-5.606223592982905
0010546000,2.950560801885826e-05,0010546000,Historic,-10.43093021035148
5300013381,0.0021857975497185803,5300013381,Historic,-6.1257745057221555
4018842000,0.0021173021471202983,4018842000,Historic,-6.157612572818782
0013029000,0.0003334761712135648,Saint Mary's College of California,Historic,-8.005939145795303
4076949000,0.002609246620352237,"Discovery Place, Inc.",Historic,-5.948693750521352
5300004825,1.6421969335505117e-05,Youth & Family Services,Historic,-11.016890525960804
4206496000,0.0001187134200976294,University of Sao Paulo,Historic,-9.038798203787106
6250004910,0.004361476473754544,6250004910,Historic,-5.434944638177647
0500320000,0.000194269487557211,Inter American University of Puerto Rico Bayamon Campus,Historic,-8.546264251703592
5300013213,0.0027098183499117186,5300013213,Historic,-5.91087367588998
6250003381,0.0003418036910005053,6250003381,Historic,-7.9812739886269135
5300013177,0.0003418036910005053,5300013177,Historic,-7.9812739886269135
6250004402,0.0003418036910005053,6250004402,Historic,-7.9812739886269135
7203587591,3.9934409127750634e-05,7203587591,Historic,-10.128272221553871
7203583740,0.0022507507254002565,7203583740,Historic,-6.096491462683057
5300003119,2.234807915455306e-06,Brownsville Independent School District,Historic,-13.01135527746
0024679000,0.0015917935691161936,Conception Seminary College,Historic,-6.442893867608103
5300004567,0.0029240721824299,5300004567,Historic,-5.834778051205768
5300004799,0.00011165049694359266,Computing Research Association,Historic,-9.10013712878257
4002816000,0.0012083350802070394,4002816000,Historic,-6.718511833656069
5300011002,0.0003278218123005039,5300011002,Historic,-8.023040352378082
5300013002,0.0014915211878374995,5300013002,Historic,-6.507958748386268
0080051000,0.000905768724878365,0080051000,Historic,-7.006726555062049
4037594000,0.004714635438092796,Society For Neuroscience,Historic,-5.357083685484589
5300006410,5.943067067996789e-05,5300006410,Historic,-9.730700123440432
9000050000,0.00265854079214333,Applied Physics Lab - Seattle,Historic,-5.9299778810927135
5300013344,0.0028024898979933594,5300013344,Historic,-5.877247007665541
5300012480,0.003199204024104288,Rocky Mountain School for Expeditionary Learning BOCES,Historic,-5.744853242585405
0030262000,0.00035397234271537174,0030262000,Historic,-7.9462917758053235
0014159000,6.0284002912258605e-06,0014159000,Historic,-12.01902887409191
4091918000,0.00027688619334963275,CBIA Education Foundation,Historic,-8.191903990534158
6250000511,6.0284002912258605e-06,6250000511,Historic,-12.01902887409191
5300012473,6.0284002912258605e-06,Tunxis Community-Technical College,Historic,-12.01902887409191
5300012582,0.002139407866175635,5300012582,Historic,-6.147226186285113
5300004772,0.0004784451600887311,NIST,Historic,-7.644968961604294
0031708001,0.001756981671482908,0031708001,Historic,-6.34415790154308
5300001257,0.0029240721824299,5300001257,Historic,-5.834778051205768
4007282000,0.0003536220609728033,Society For Industrial and Applied Math (SIAM),Historic,-7.947281839517969
5300012140,0.002438267194323552,Science History Institute,Historic,-6.016467658225376
4091395000,0.002384964993714755,"Parelec, Inc.",Historic,-6.038570832437284
5300011717,1.1295095584407588e-05,5300011717,Historic,-11.391141945538495
7203588348,0.00014114059236922588,7203588348,Historic,-8.86575405536748
0029033010,0.0022814248080531953,"Yeshiva University, Albert Einstein College of Medicine",Historic,-6.08295511538156
0028399000,0.00036695833735229987,SUNY Health Science Center at Brooklyn,Historic,-7.910262238554655
5300009028,9.037086600711184e-06,Kingwood College,Historic,-11.614173714185515
5300009576,0.004438234024947971,HELMHOLTZ-ZENTRUM POTSDAM - DEUTSCHES GEOFORSCHUNGSZENTRUM GFZ,Historic,-5.41749872378722
4052973000,0.0021271620804059876,4052973000,Historic,-6.152966544253965
5300000529,0.000970060720555069,5300000529,Historic,-6.9381518899156704
5300016939,0.0012714004741856012,5300016939,Historic,-6.667636250498687
5300007078,0.0015349068161295124,Indiana University,Historic,-6.479285605890219
7203576011,0.0017704934048113435,7203576011,Historic,-6.336497011462268
0032672000,0.0027315698166528774,Geneva College,Historic,-5.902878810633483
6250004415,0.0018854567339539243,6250004415,Historic,-6.273585188252068
5300005751,8.286490717872771e-05,5300005751,Historic,-9.398298900539908
4100111000,0.0004784451600887311,Department of Commerce,Historic,-7.644968961604294
0088963000,3.4332994498474135e-06,Pikes Peak Community College,Historic,-12.581988820421975
0014175070,0.0011584139547413854,University of Connecticut Marine Sciences Institute,Historic,-6.760703489839959
5300001412,0.004599235794855869,5300001412,Historic,-5.3818651208415345
5037200000,0.0029741678864717495,5037200000,Historic,-5.817790981134754
0037598000,0.0015650758170493676,J Sargeant Reynolds Community College,Historic,-6.459821010764504
P269696953,0.0005623172337461791,P269696953,Historic,-7.483444394467489
4067856000,0.00265854079214333,Energy International Inc,Historic,-5.9299778810927135
5300001350,4.4456964230702325e-05,Durham Public Schools,Historic,-10.02098893267035
0029405000,0.00091397329053678,0029405000,Historic,-6.997709209544575
6250014650,0.00016106905639146315,6250014650,Historic,-8.733677363254316
6250013883,0.0012083350802070394,6250013883,Historic,-6.718511833656069
4206553000,0.0027764227831918544,4206553000,Historic,-5.886591948513262
4306361000,0.0007820891869163225,Fayette County Public Schools,Historic,-7.153541774157024
5300004874,0.00016164693134414982,5300004874,Historic,-8.730096037306454
0020164000,0.0016567249082824259,Loyola University New Orleans,Historic,-6.402912572254779
7203583905,0.002971418020180963,7203583905,Historic,-5.81871599223712
5300009418,0.0021857975497185803,5300009418,Historic,-6.1257745057221555
5300013352,4.6599298247551144e-06,5300013352,Historic,-12.276510169005535
5300013353,4.6599298247551144e-06,5300013353,Historic,-12.276510169005535
5300012706,2.559879742494981e-05,College of Southern Nevada,Historic,-10.572965183170043
6250022859,0.0022667795148901475,6250022859,Historic,-6.089395170726519
0015982050,0.0022434300704383173,University of Georgia Savannah River Ecology Lab,Historic,-6.0997493028854555
6200000200,0.0006409010385733289,6200000200,Historic,-7.352635498963396
5300001846,0.000835842446169965,5300001846,Historic,-7.087070424159857
6250025229,2.5733474173343266e-05,6250025229,Historic,-10.56771791655925
5300008799,0.0009364584130414017,5300008799,Historic,-6.973405443855889
6250002823,0.0009364584130414017,6250002823,Historic,-6.973405443855889
5300004869,0.0009364584130414017,5300004869,Historic,-6.973405443855889
0500481000,0.0009364584130414017,Collin County Community College,Historic,-6.973405443855889
5300012556,0.0021857975497185803,Global Wireless Education Consortium,Historic,-6.1257745057221555
4002184000,0.0022434300704383173,4002184000,Historic,-6.0997493028854555
5300013135,0.0026727998332271327,5300013135,Historic,-5.924628729318043
5300009096,0.001140299430124995,5300009096,Historic,-6.776464393059926
0036384000,0.00020215169230492947,0036384000,Historic,-8.506492190381843
5300008595,0.0027662729579340053,Gilbert Unified School District #41,Historic,-5.890254367335124
4001199000,0.0009556872746121038,4001199000,Historic,-6.953079817034421
4084456000,0.000905768724878365,North Slope Borough,Historic,-7.006726555062049
4008801000,0.00328957673204043,Illinois Natural History Survey,Historic,-5.716996375356596
5300013134,0.00020729713716107555,5300013134,Historic,-8.481357348742959
4303301000,6.7235076725356e-06,4303301000,Historic,-11.90990056453112
6250004324,0.0014619764918397582,6250004324,Historic,-6.527965997236796
5300007560,0.00011854205839820373,5300007560,Historic,-9.040242737167832
4076477000,0.002909344386720888,4076477000,Historic,-5.83982751984133
4001096000,0.0016141482664336348,4001096000,Historic,-6.428947850631299
5300012477,0.0002427255725527533,5300012477,Historic,-8.323579083857194
4025136000,0.0029000986998409875,4025136000,Historic,-5.84301050814094
6250001291,0.003548504922228574,6250001291,Historic,-5.641228912870828
5300002340,0.0022434300704383173,5300002340,Historic,-6.0997493028854555
5300001585,0.001201157548917704,5300001585,Historic,-6.724469563040943
5300001426,0.0020161183191206755,5300001426,Historic,-6.20658124045519
5300001409,0.002053804490598067,5300001409,Historic,-6.188061356719819
5300012961,0.0002936753428652286,5300012961,Historic,-8.133035676756142
5300012705,0.00039197888114472074,Linn State Technical College,Historic,-7.844302594255916
6250023344,0.0002883767949375507,6250023344,Historic,-8.151242617172256
6200000031,0.0021488602666275922,6200000031,Historic,-6.142817685945082
5300012007,0.002395788605945668,Internet Multicasting Service,Historic,-6.03404283052372
0025734020,0.001285228381831887,Dartmouth College Thayer School of Engineering,Historic,-6.656818847374838
6250041556,0.0022752156972585137,6250041556,Historic,-6.0856804190918306
P269667317,0.0015366119380768783,P269667317,Historic,-6.478175326410276
4008264000,0.0037338624455441256,"Yale Southern Observatory, Inc.",Historic,-5.590312072906413
5300005163,0.0007300669703175793,SENSOR RESEARCH AND DEVELOPMENT CORPORATION,Historic,-7.222374287868641
5300012650,3.36186763106749e-05,"Big Ideas Entertainment, Inc.",Historic,-10.300428802838772
4005468000,3.36324719671924e-05,Museum of Science and Industry,Historic,-10.300018530090595
4071239000,0.002623843334676426,4071239000,Historic,-5.943115114455399
0029132000,0.001175655384177553,0029132000,Historic,-6.745929513115854
5300010097,0.00028009200681902637,New England Complex Systems Institute,Historic,-8.180392412988558
5300012771,0.0029741678864717495,5300012771,Historic,-5.817790981134754
5300013357,0.0015917935691161936,5300013357,Historic,-6.442893867608103
6250002681,0.00016015427893490867,6250002681,Historic,-8.739372963971256
5300013336,0.0005317570561644483,5300013336,Historic,-7.539323834269198
4019519000,0.006721624154227674,4019519000,Historic,-5.002425464032096
5300012973,0.0017464933720972554,5300012973,Historic,-6.350145288687511
6200000322,0.00190103885240993,6200000322,Historic,-6.265354777804669
4102704000,0.00019962625331605512,4102704000,Historic,-8.519063673096621
0021550050,0.00275245870568562,Harvard University Observatory,Historic,-5.895260691955683
5300007550,0.0026727998332271327,5300007550,Historic,-5.924628729318043
5300011389,0.00022405336540014001,5300011389,Historic,-8.403626296090012
5300013332,0.0022814248080531953,5300013332,Historic,-6.08295511538156
0068213000,0.005355768093693423,0068213000,Historic,-5.2295811505048375
5300008721,0.002623843334676426,Fresh Pond Research Institute,Historic,-5.943115114455399
4003353000,0.0016193526943689728,4003353000,Historic,-6.425728780964936
6250007379,0.0022976611707731763,6250007379,Historic,-6.075863555695113
5300005358,0.0022976611707731763,5300005358,Historic,-6.075863555695113
4091042000,0.00011753508223703837,4091042000,Historic,-9.048773696713765
5300004026,0.0028546464292372874,"NEOCERA, LLC",Historic,-5.858807286192234
5300012496,0.000426127586051534,Stark County Educational Service Center,Historic,-7.760771758761855
6250013232,0.0001370343129700804,6250013232,Historic,-8.895279203860305
6250032141,0.001999478252708544,6250032141,Historic,-6.2148690061013685
5300002534,0.0039035726406961868,5300002534,Historic,-5.545863083458032
5300011758,0.001558050487096523,5300011758,Historic,-6.464319926990242
8888885000,2.426386826970921e-05,Individual Award,Historic,-10.626522216635378
6250003911,0.0009278932599048984,6250003911,Historic,-6.982593853447775
6250001380,5.922951496314834e-05,6250001380,Historic,-9.734090576749141
6250027017,0.0009736882620897408,6250027017,Historic,-6.934419365007816
5300012016,0.00021319340998779792,Delta Research and Educational Foundation,Historic,-8.453310776151257
4022034000,6.9571589075371936e-06,4022034000,Historic,-11.875739369895504
0290205000,0.002194433379323118,University of Hawaii at Hilo,Historic,-6.121831407317707
6250004034,6.734156448508904e-07,6250004034,Historic,-14.210903097862506
6250010311,0.0017339288962856852,6250010311,Historic,-6.357365407066797
0074765000,6.117648828487144e-05,CUNY Baruch College,Historic,-9.701747620613176
5300007157,0.0004121804719683393,5300007157,Historic,-7.794049265767612
5300005209,0.0004121804719683393,5300005209,Historic,-7.794049265767612
0049494000,0.0014631223367150932,0049494000,Historic,-6.527182539992371
5300012725,0.000426127586051534,KENT DISPLAYS INC,Historic,-7.760771758761855
6250018952,0.004207213746107337,6250018952,Historic,-5.4709546684128325
6250001312,0.002914143712602855,6250001312,Historic,-5.838179254442081
4100665000,0.002914143712602855,International Cooperative Administrative Support Services,Historic,-5.838179254442081
4300802000,0.00011618143657623155,Detroit City School District,Historic,-9.060357480385687
5300011457,0.001201157548917704,Huntington Consulting,Historic,-6.724469563040943
4003816000,0.002971418020180963,4003816000,Historic,-5.81871599223712
6250002134,0.0016105379996398808,6250002134,Historic,-6.4311869945382005
5300012259,0.003184996226346058,5300012259,Historic,-5.749304174779416
6250013621,0.001202172305426585,6250013621,Historic,-6.7236251042020125
0021550110,0.0041113015390891235,Harvard University Harvard Forest,Historic,-5.494015624427909
6200000369,0.0009575634740504884,6200000369,Historic,-6.951118547670112
5300012997,0.0022229214069226324,5300012997,Historic,-6.108932999135799
6250016197,0.0021726732349903214,6250016197,Historic,-6.131796964077286
0037424000,0.0015742781922469806,Sweet Briar College,Historic,-6.453958402388628
6250002041,0.005264269372176485,6250002041,Historic,-5.246812913742462
6250007452,0.00328957673204043,6250007452,Historic,-5.716996375356596
0048231000,0.002218906668394002,SUNY Health Sciences Center Stony Brook,Historic,-6.110740696126239
5300004775,0.001765067486702866,5300004775,Historic,-6.339566353235583
5300011242,0.0013233989736074435,5300011242,Historic,-6.627551871959048
4203311000,0.00328957673204043,4203311000,Historic,-5.716996375356596
4102455000,0.00042081203228117807,4102455000,Historic,-7.773324303125477
0019166000,3.414927324611757e-05,Fort Scott Community College,Historic,-10.284769253400349
0033167000,5.0787155827995574e-05,0033167000,Historic,-9.887867073380345
6250002195,6.873453066411526e-07,6250002195,Historic,-14.19042904124586
0012666000,0.00026604052307749077,0012666000,Historic,-8.231861918388917
0012658000,0.00026604052307749077,Peralta Community College District Office,Historic,-8.231861918388917
6250028254,0.002278844813812879,6250028254,Historic,-6.0840866250200305
5300010103,0.002278844813812879,5300010103,Historic,-6.0840866250200305
4003967000,0.002278844813812879,4003967000,Historic,-6.0840866250200305
0091454000,0.00013796097424271332,Governors State University,Historic,-8.88853970814387
0017699000,0.00013796097424271332,0017699000,Historic,-8.88853970814387
5300001220,0.0059649256139316644,5300001220,Historic,-5.121858693932199
5300012654,0.0013057914648900125,New Jersey Academy for Aquatic Sciences,Historic,-6.640945935540338
7203596006,0.0013057914648900125,7203596006,Historic,-6.640945935540338
4067500000,0.002724320949392782,4067500000,Historic,-5.905536074804018
5300013341,4.3463021822603376e-05,U.S. Geological Survey - Biological Resources Division,Historic,-10.043600054430218
9000001609,7.461419052964767e-05,9000001609,Historic,-9.503179847267342
6250019524,2.8334689221730967e-05,6250019524,Historic,-10.471423736402453
5300013097,2.3543313329219766e-05,5300013097,Historic,-10.656668712884018
4202578000,0.00042081203228117807,4202578000,Historic,-7.773324303125477
7203580665,0.0019099190940343222,7203580665,Historic,-6.260694396965106
5300006286,8.82543036178078e-05,5300006286,Historic,-9.335288097132446
4200184000,0.002909344386720888,4200184000,Historic,-5.83982751984133
6250011414,0.00010747822348815163,6250011414,Historic,-9.138222303120317
7203581695,0.000690629432802479,7203581695,Historic,-7.2779071547412295
4202495000,0.000690629432802479,University of the West Indies,Historic,-7.2779071547412295
4305904000,0.00036694322751488237,4305904000,Historic,-7.910303415295904
4009866000,0.0027558737245228803,Point Reyes Bird Observatory,Historic,-5.894020745268343
4200200000,5.679016478457809e-05,4200200000,Historic,-9.77614740243135
4003391000,2.6319252414282743e-05,4003391000,Historic,-10.545209855623213
0030494000,0.000426127586051534,Hiram College,Historic,-7.760771758761855
6250014300,0.007960309764639717,6250014300,Historic,-4.833287364727277
5300003609,0.003981504663347394,5300003609,Historic,-5.5260954750135625
5300004412,0.0029240721824299,5300004412,Historic,-5.834778051205768
0031989000,0.0021958935676651705,0031989000,Historic,-6.12116622296423
5300010892,0.0002579714438426187,5300010892,Historic,-8.262661661948995
4002828000,0.0029240721824299,4002828000,Historic,-5.834778051205768
5300003063,0.0019937636218032343,5300003063,Historic,-6.217731159202053
4044145000,0.0014321182472492075,Hawaii Department of Education,Historic,-6.548600638958105
5300018287,0.0012714004741856012,5300018287,Historic,-6.667636250498687
5300003492,0.000426127586051534,MOXTEK Inc,Historic,-7.760771758761855
5300010353,0.002384964993714755,Universal Display Corporation,Historic,-6.038570832437284
P269670059,0.005552472423831813,P269670059,Historic,-5.193511968649841
5300007616,0.005552472423831813,5300007616,Historic,-5.193511968649841
5300011726,0.0021488602666275922,5300011726,Historic,-6.142817685945082
5300013227,0.0036941999321349834,5300013227,Historic,-5.600991275189749
0022905000,0.1119094252404894,Michigan State University,Modern,-2.190065438073804
0020107000,0.0697599240242637,Louisiana State University,Modern,-2.6626955884837304
0030502000,0.0031686795209881573,John Carroll University,Modern,-5.754440332769364
0017749000,0.0955585128298794,University of Chicago,Modern,-2.348016519330021
0025650000,0.09394316192454705,University of Nebraska-Lincoln,Modern,-2.3650653399701023
0029751000,0.045781928332607635,University of North Carolina at Charlotte,Modern,-3.0838658436190003
0001057000,0.09519947009021026,Carnegie-Mellon University,Modern,-2.351780903479613
0027110000,0.11661461040755194,Cornell University,Modern,-2.1488807092487674
7203576925,0.002339864767272084,7203576925,Modern,-6.057662143046602
0028944000,0.061896724605430026,UNIVERSITY OF ROCHESTER,Modern,-2.7822880149819036
6250021099,0.01669817253677829,Kennesaw State University Research and Service Foundation,Modern,-4.092455994482642
6250037687,0.001221729779242658,6250037687,Modern,-6.70748757260155
4003554000,0.08202392856167018,Gordon Research Conferences,Modern,-2.50074426255896
6250009361,0.007628450893709347,University of Kansas Medical Center Research Institute Inc,Modern,-4.875870482646215
0019489001,0.06876211990162331,University of Kansas Center for Research Inc,Modern,-2.677102268494463
0028720000,0.0010209989194463333,Monroe Community College,Modern,-6.886973798128931
4004651000,0.0032716824763185702,Los Angeles County Museum of Natural History Foundation,Modern,-5.722450907640506
0013128000,0.11995589648333249,University of California-Berkeley,Modern,-2.1206311330611016
0036327000,0.08423186444654715,Texas A&M University,Modern,-2.474181991715858
0010090000,0.06815674826426912,Auburn University,Modern,-2.6859451049895284
0037283001,0.022064804832642664,Old Dominion University,Modern,-3.81377148140998
0036046000,0.08169500584114803,William Marsh Rice University,Modern,-2.5047624069998973
0037549000,0.1195881704386787,Virginia Polytechnic Institute and State University,Modern,-2.1237013517330565
0013284000,0.10547022219101515,University of Southern California,Modern,-2.2493266200208057
0035303000,0.07720119204584196,University of Tennessee Knoxville,Modern,-2.561340381062302
0010512000,0.06325476053053924,University of Alabama Tuscaloosa,Modern,-2.76058488890183
0014894000,0.06323353625569182,Florida State University,Modern,-2.7609204816101816
4002556000,0.0006091950555784123,Conference Board Math Sciences,Modern,-7.403372053229631
6250012812,9.073147041093998e-06,6250012812,Modern,-11.610191381461064
0014449000,0.04227676349538432,George Washington University,Modern,-3.163517670215154
0015982001,0.08705955214511384,University of Georgia,Modern,-2.4411628870807984
0015354000,0.10996423162725252,University of Florida,Modern,-2.207600133092958
0015362000,0.02927487497489933,University of Miami,Modern,-3.53102564021971
6250015158,0.0068826135507863056,New Mexico Consortium,Modern,-4.978756822603944
0002824000,0.003942223981839599,College of William & Mary Virginia Institute of Marine Science,Modern,-5.536010252525432
0010835000,0.11264050290144739,University of Arizona,Modern,-2.1835539219033286
0022210000,0.09270074093374454,University of Massachusetts Amherst,Modern,-2.378378813629492
0021782000,0.10845179370800032,Massachusetts Institute of Technology,Modern,-2.2214495023531726
0021550000,0.08483721288541404,Harvard University,Modern,-2.467021001246609
0021030000,0.11499481465729396,"University of Maryland, College Park",Modern,-2.162868241572043
0014266000,0.07065229192970682,Yale University,Modern,-2.6499847297591477
4077384000,0.01134779747791364,Santa Fe Institute,Modern,-4.478731608695167
0018929000,0.04674436489544465,University of Iowa,Modern,-3.063061567508445
0036327060,0.07063410463239424,Texas A&M Engineering Experiment Station,Modern,-2.6502421826754308
0038638000,0.019327209350677756,Marquette University,Modern,-3.946241365005716
0015693000,0.12598338225605557,Georgia Institute of Technology,Modern,-2.071605267585197
4091322000,0.0018765453437259777,Search Technology Inc,Modern,-6.278322775691813
0032102000,0.09092642091898327,Oregon State University,Modern,-2.397704660857165
6250015181,0.0010705635971704286,Georgia Gwinnett College,Modern,-6.839570042852438
5300001194,0.05057494882094729,"Georgia State University Research Foundation, Inc.",Modern,-2.9842989078725415
4091829000,0.009138101321219904,Horizon Research Inc,Modern,-4.695302648003654
0038273001,0.036108389594151497,West Virginia University,Modern,-3.3212300419137453
0023259000,0.1367642767913587,Regents of the University of Michigan - Ann Arbor,Modern,-1.9894964424613462
0036756000,0.1018345052527049,University of Utah,Modern,-2.2844062808949475
0023879000,0.11214779446110355,University of Minnesota-Twin Cities,Modern,-2.1879376841825158
0033290000,0.12726174253512182,Pennsylvania State Univ University Park,Modern,-2.061509348554578
0032235000,0.06740303470069732,University of Oregon Eugene,Modern,-2.6970652368445833
5300011617,0.0055070223850404365,American Institute of Mathematics,Modern,-5.201731203876127
4018495000,0.001379074392432301,4018495000,Modern,-6.586342734974626
0021998000,0.09258773259506868,Northeastern University,Modern,-2.379598623480974
0031450000,0.0033392875809834226,Youngstown State University,Modern,-5.701997793851778
0013201000,0.09162840346994736,University of California-Santa Barbara,Modern,-2.390013973817757
0013151000,0.1128952443794811,University of California-Los Angeles,Modern,-2.181294931127502
0038000000,0.07221827379138214,Washington State University - Vancouver,Modern,-2.628062165504027
0036582000,0.12886493749416225,University of Texas at Austin,Modern,-2.0489904192731125
0038950000,0.1288333199086866,University of Wisconsin-Madison,Modern,-2.049235803824432
0017392000,0.08347386760964451,Northwestern University,Modern,-2.48322165886714
0013177010,0.03944528987655769,University of California-San Diego Scripps Inst of Oceanography,Modern,-3.23284063358244
0018259000,0.14042758419560314,Purdue University,Modern,-1.963063338058208
0028654000,0.004060010380745416,Erie Community College,Modern,-5.506569748537918
0052209000,0.004816846397969783,Salt Lake Community College,Modern,-5.335635839330578
0026294000,0.0952385393272451,Rutgers University New Brunswick,Modern,-2.3513705942382757
0022194000,0.062340791755329424,Tufts University,Modern,-2.775139304124794
0029207000,0.08871734976894499,Duke University,Modern,-2.4222998082420935
0022921000,0.031209862303425175,Michigan Technological University,Modern,-3.4670211346468562
0018697000,0.081406177244196,Iowa State University,Modern,-2.5083041213321193
0022244000,0.006232992970227306,Wellesley College,Modern,-5.077898648987392
0011429001,0.014148749310017307,University Enterprises Corporation at CSUSB,Modern,-4.258129046783981
0025734000,0.05685948679167735,Trustees of Dartmouth College,Modern,-2.867172198623489
7203576228,0.0008468696540336123,7203576228,Modern,-7.0739637664963695
0026120000,0.0049357880698751785,Institute For Advanced Study,Modern,-5.311242928901462
0013177000,0.10795773960078114,University of California-San Diego,Modern,-2.226015428428504
0019893001,0.059373714850870105,University of Kentucky Research Foundation,Modern,-2.8239036614785045
0033787000,0.09474697602984146,University of Michigan,Modern,-2.3565453507812366
6250002735,0.004236897749681523,Gulf of Maine Research Institute,Modern,-5.463923940345099
5300005206,0.025424287871779836,Concord Consortium,Modern,-3.672050346415983
0049544000,0.01653607884457501,The University of Texas Health Science Center at Houston,Modern,-4.102210688557977
0029728000,0.13103642043631042,North Carolina State University,Modern,-2.032279975823205
0010637000,0.027893785990699818,University of Alaska Fairbanks Campus,Modern,-3.5793513393092447
0021287000,0.03044266483785344,Trustees of Boston College,Modern,-3.4919102058698925
5300006896,0.0011500750036294958,Colorado Christian University,Modern,-6.767928118186358
0021303000,0.06481782672198028,Trustees of Boston University,Modern,-2.7361746097237383
0037986000,0.1323277072851707,University of Washington,Modern,-2.022473802084665
0034256000,0.0952202942360168,Clemson University,Modern,-2.3515621851552497
5300002722,0.007177681384979059,American Indian Higher Education Consortium,Modern,-4.936778874957257
0010819000,0.15732670996265916,Arizona State University,Modern,-1.8494306806457872
0020776000,0.09411826650100699,Johns Hopkins University,Modern,-2.36320313325894
0028589000,0.0014185034023354588,SUNY College of Technology Farmingdale,Modern,-6.558152905173684
6250009729,0.007531663944136379,Sealaska Heritage Institute,Modern,-4.888639286264868
5300013181,0.005542622077625235,The Texas A&M University System HSC,Modern,-5.195287590983356
0036327001,0.009198605451010922,Texas A&M University,Modern,-4.688703387828622
0500470000,0.004869600089580478,Utah Valley University,Modern,-5.3247434623886996
0028829000,0.053703717971210235,Syracuse University,Modern,-2.9242730439010702
6250020266,0.0007998637281242892,6250020266,Modern,-7.131069184650464
6200000174,0.0017866425162407558,6200000174,Modern,-6.327417109688319
0010827000,0.04197789199696916,Northern Arizona University,Modern,-3.1706121803104392
0001347000,0.015436120785879675,Virginia Commonwealth University,Modern,-4.1710450103905234
4025938000,0.04975726589632199,National Bureau of Economic Research Inc,Modern,-3.0005987778742544
0015826000,0.0071580203656394885,Morehouse College,Modern,-4.939521821484557
0026211000,0.030886342885682566,New Jersey Institute of Technology,Modern,-3.477441170589044
0026310000,0.027215465120666475,"Rutgers, The State University",Modern,-3.6039698966424765
0035097000,0.02594516454768523,University of Memphis,Modern,-3.6517700240092856
0027854000,0.08519403083594443,New York University,Modern,-2.462823908212207
0025163000,0.07413555775943886,"Centro de Ciencias Matematicas, UNAM, Morelia",Modern,-2.6018599999761567
6250004934,0.000962866440961677,Truckee Meadows Community College,Modern,-6.9455958463747365
0017582000,0.010535471215091791,Southern Illinois University Carbondale,Modern,-4.553007504193595
0032169000,0.03117114102408833,Portland State University,Modern,-3.468262579389468
0013508000,0.09415936281889106,Colorado State University,Modern,-2.3627665830571427
0014811000,0.026249787190361883,Florida Atlantic University,Modern,-3.6400973970111994
0017756000,0.12676221572589627,University of Illinois at Urbana-Champaign,Modern,-2.0654422646190937
6250004415,0.002834735754674113,"Inclusive Engineering Consortium, Inc.",Modern,-5.865806554374404
7203586007,0.006773053258520866,"MARCONI SOCIETY, INC.",Modern,-4.9948032954227095
0026963000,0.007557080511872855,CUNY New York City College of Technology,Modern,-4.885270339053919
0035352000,0.08212891510965757,Vanderbilt University,Modern,-2.4994651307455347
0026286000,0.0037619221205108084,Rider University,Modern,-5.582825249936184
0028381000,0.04969218021577068,SUNY at Stony Brook,Modern,-3.001907697981671
0037457000,0.08891036836596607,University of Virginia Main Campus,Modern,-2.420126513724548
P270025225,0.0001444864368065495,P270025225,Modern,-8.842324917747641
0013490000,0.009697097404378761,University of Northern Colorado,Modern,-4.635928674915006
0071043000,0.008150273082582876,Miami University Oxford Campus,Modern,-4.809703845225331
0030775000,0.01660659590178802,Miami University,Modern,-4.09795531905845
0028068000,0.0650358495271043,Rochester Institute of Tech,Modern,-2.732816629937705
0011510000,0.005280514899883894,San Diego State University,Modern,-5.2437316671012235
0011510001,0.05105591196252614,San Diego State University Foundation,Modern,-2.97483393377933
0018218000,0.001674967076082126,Marian University,Modern,-6.391961769968663
0010900000,0.005026614653106888,Arkansas State University Main Campus,Modern,-5.293008552649128
0025684000,0.06366760489727952,"Board of Regents, NSHE, obo University of Nevada, Reno",Modern,-2.754079403105715
0014480000,0.054644240035443534,Howard University,Modern,-2.9069114672529155
0011080000,0.04997351865721168,University of Arkansas,Modern,-2.996262040711601
0016105000,0.06017779196537797,University of Hawaii at West Oahu,Modern,-2.8104518989588683
0014936000,0.00840219700884428,Indian River State College,Modern,-4.779262058658822
0032896000,0.05100859411413128,Lehigh University,Modern,-2.9757611484125808
5300004830,0.0008518427929428423,Forsyth Technical Community College,Modern,-7.068108563485308
7203581938,0.0009423494823675418,7203581938,Modern,-6.967134351801367
0018093000,0.10294444606496538,Indiana University-Purdue University Indianapolis,Modern,-2.2735657948512387
0030908000,0.12821835387705954,Ohio State University,Modern,-2.0540205787751336
0010520000,0.016431249792400123,University of Alabama at Birmingham,Modern,-4.108570282120537
0028365000,0.02856746344165235,SUNY at Binghamton,Modern,-3.555486850662353
4076931000,0.007306568219147641,Brigham & Women's Hospital Inc,Modern,-4.918981579318004
0011700000,0.0004561132939778606,Claremont McKenna College,Modern,-7.6927693276030675
0011734000,0.004081964055835407,Pomona College,Modern,-5.501177020161081
0023291000,0.024020532952988494,Wayne State University,Modern,-3.7288462746918305
0013144000,0.11077825304139637,University of California-Irvine,Modern,-2.200224796122424
0034702000,0.015928406915232472,South Dakota School of Mines and Technology,Modern,-4.139651165382296
0026682000,0.008950335662418594,Alfred University,Modern,-4.716064243217788
7203581666,0.00013331937055269594,"Conox, LLC",Modern,-8.922763025862794
0031856000,0.005364295320042314,University of Tulsa,Modern,-5.227990259141928
P269959207,7.99205187202635e-05,University of Tulsa,Modern,-9.434477933151252
0015370000,0.04374933136209967,University of South Florida,Modern,-3.12927894944731
6250021469,0.0023020395102285366,SITKA SOUND SCIENCE CENTER INC,Modern,-6.07395980539423
4006680000,0.01791594172665093,Rand Corporation,Modern,-4.022064363229394
0013482000,0.05097336750735792,Colorado School of Mines,Modern,-2.9764519883927947
0013219000,0.07118495660234476,University of California-Santa Cruz,Modern,-2.6424737665626803
4002766000,4.619742358816677e-05,Thomas Jefferson National Accelerator Facility,Modern,-9.982586527921486
0500306000,0.0031010944647813948,Christopher Newport University,Modern,-5.776000176644348
6250030521,0.0004893711181775081,6250030521,Modern,-7.622389423454992
0028035000,0.032854523115458334,Rensselaer Polytechnic Institute,Modern,-3.415665853561621
0014373000,0.00776958631474477,Catholic University of America,Modern,-4.8575383573655415
5300000942,0.010675158839317507,California State University San Marcos Corporation,Modern,-4.53983584041679
5300009894,0.0001590503042309018,"California State University, San Marcos",Modern,-8.746290026970561
0114629000,0.022069596043396228,University of Alaska Anchorage Campus,Modern,-3.813554362306637
0014456000,0.04427654576781794,Georgetown University,Modern,-3.117300183041417
0013029000,7.413943989829227e-05,Saint Mary's College of California,Modern,-9.509562914919641
7203580516,3.0387222562286884e-05,CHABOT-LAS POSITAS COMMUNITY COLLEGE DISTRICT,Modern,-10.401488348358384
0124529000,0.002039831955874477,Evergreen Valley College,Modern,-6.1948878490903185
7203581393,0.0023068069210152448,7203581393,Modern,-6.071890995960808
0033795000,0.07859543337371327,University of Pittsburgh,Modern,-2.5434416808058997
0010579000,0.01207685968889963,University of South Alabama,Modern,-4.416464079798979
0014316000,0.08626156851502548,University of Delaware,Modern,-2.4503711043545446
0017400000,0.05078689697832837,Northwestern University at Chicago,Modern,-2.9801168911657396
0031252000,0.05440309445237454,University of Cincinnati Main Campus,Modern,-2.911334243422326
0036442000,0.04743518833344463,Texas Tech University,Modern,-3.0483909557974473
7203577374,5.0550014965928984e-05,7203577374,Modern,-9.89254731643594
5300019627,8.278222612711193e-05,Bay area bioscience education community,Modern,-9.399297179916461
6250008888,1.985395577150162e-06,Skyline College,Modern,-13.129692380480305
0034710000,0.022070676435432677,South Dakota State University,Modern,-3.8135054096393337
0039545000,0.059489637870715234,The University of Central Florida Board of Trustees,Modern,-2.8219531350303804
0011544000,0.014715026394937351,San Francisco State University,Modern,-4.2188861035546905
4002275000,0.005339833963703407,Field Museum of Natural History,Modern,-5.232560719432866
0035691000,0.0625455816965988,University of Texas at Dallas,Modern,-2.771859680909424
7203581624,0.0015093246524550338,LELANTOS INC.,Modern,-6.496092978231209
0027078000,0.09664996046411134,Columbia University,Modern,-2.3366594823903606
0014803000,0.042067890130993435,Florida Agricultural and Mechanical University,Modern,-3.1684705340280264
0029058000,0.043078666970891,North Carolina Agricultural & Technical State University,Modern,-3.144727370281077
P269957787,7.95403414272284e-05,P269957787,Modern,-9.439246225671583
0032656000,0.003939623466386868,Franklin and Marshall College,Modern,-5.536670127145989
0013052000,0.07515676326612825,Stanford University,Modern,-2.5881791699446963
0034488000,0.06017795181678844,University of South Carolina at Columbia,Modern,-2.8104492426434247
0026278000,0.08873399824133579,Princeton University,Modern,-2.422112168388958
4000790000,0.012903042590557067,American Museum Natural History,Modern,-4.350292135691939
0016261000,0.039541771052801086,Regents of the University of Idaho,Modern,-3.230397670821399
6250033811,0.0026715736441379726,6250033811,Modern,-5.925087600359099
4038543000,0.007057940569489999,Universities Space Research Association,Modern,-4.953601974069128
0037283000,0.020214688494927205,Old Dominion University,Modern,-3.901345785608567
0029264000,0.005362998508666296,Elizabeth City State University,Modern,-5.228232037059647
0026633000,0.0524920208747017,University of New Mexico,Modern,-2.9470941042742123
0036772000,0.05162188727247106,Utah State University,Modern,-2.9638095244829956
0036913000,0.009152656169762506,Middlebury College,Modern,-4.69371115004389
0015644000,0.05065747851598803,Emory University,Modern,-2.982668408328161
0014175000,0.06480032450888859,University of Connecticut,Modern,-2.7364446677832284
0029744000,0.09202167736515493,University of North Carolina at Chapel Hill,Modern,-2.3857311061536692
4070660000,0.0015666390612802518,4070660000,Modern,-6.45882267954889
0029504000,0.010087059069164744,North Carolina Central University,Modern,-4.596501956957045
0029181000,0.006379150471831892,Davidson College,Modern,-5.05472034537662
0028142000,0.001901586424675841,Skidmore College,Modern,-6.265066780839523
0019034000,0.001846111857670261,Baker University,Modern,-6.294673550116313
0013136000,0.10158789223396014,University of California-Davis,Modern,-2.2868309218647638
0016915000,0.022354912798529785,Illinois Institute of Technology,Modern,-3.800709170062925
7203580215,0.001361096818782445,SMART GIRLS HQ LLC,Modern,-6.5994644198691175
4003045000,0.025165208593265872,Computing Research Association,Modern,-3.682292849765085
4001459000,0.0014179483094292425,Oberlin College,Modern,-6.558544304689495
0025171000,0.022818939938079836,Missouri University of Science and Technology,Modern,-3.7801643888226404
6250027680,0.0035417017344281628,6250027680,Modern,-5.643147951403186
4203634000,0.0073176041753971995,4203634000,Modern,-4.917472303025748
0013474000,0.012231939139021512,Colorado College,Modern,-4.4037047859219145
0036962000,0.02689807894800716,University of Vermont & State Agricultural College,Modern,-3.6157004094967102
6250005028,0.003051494393497577,Nevada State College,Modern,-5.792123843275341
0017954000,0.0014471541405105147,University of Evansville,Modern,-6.538156312810848
0023234000,0.0015721034822765874,University of Detroit Mercy,Modern,-6.455340758721497
0025890000,0.02911932920103598,University of New Hampshire,Modern,-3.536353091597687
0036525000,0.06976410897023395,University of Houston,Modern,-2.6626355995931905
0001479000,0.047190710924344154,University of Texas at San Antonio,Modern,-3.0535582082091066
0033712000,0.04616594823045746,Temple University,Modern,-3.075512803939085
0081554000,0.002566724046523043,Evergreen State College,Modern,-5.9651248832522965
0025320000,0.037538740244578685,Montana State University,Modern,-3.282381806069886
0017376000,0.011497045469429843,Northern Illinois University,Modern,-4.465665192323178
P270024303,0.0006595183400612259,P270024303,Modern,-7.324000777154561
4052312000,0.001893267993782754,Mathematical Sciences Research Institute,Modern,-6.269450845838692
0036327040,0.03985943398460722,Texas A&M AgriLife Research,Modern,-3.222396164383428
0035451020,0.01728732676735498,Baylor College of Medicine,Modern,-4.057781602729539
7203581091,0.0013442697266569678,7203581091,Modern,-6.611904367539708
7203596418,0.0013442697266569678,7203596418,Modern,-6.611904367539708
0021394000,0.009070895508408323,Clark University,Modern,-4.702684286718034
0080010000,0.07725548184708729,University of Illinois Chicago,Modern,-2.560637403300154
0020362000,0.0028427127936907284,President and Trustees of Bates College,Modern,-5.8629964736848414
4004859000,0.007606760111140116,Mathematical Association of America,Modern,-4.878717938742239
0098418000,0.007578940820368754,University of North Florida,Modern,-4.882381822552073
7203595894,0.00102332381958352,7203595894,Modern,-6.884699302918278
0020156000,0.005372956605690186,University of New Orleans,Modern,-5.226376943633191
7203584388,0.0012127284381288205,SOILSERDEM LLC,Modern,-6.714882550317703
0001024000,0.04185310656636674,Case Western Reserve University,Modern,-3.17358925382513
0029066000,0.021010741057159093,Appalachian State University,Modern,-3.8627214931071294
0029413000,0.00031300713532536855,Lenoir-Rhyne College,Modern,-8.069284571117286
6250018445,0.0025662931208231734,GLOBAL ATMOSPHERIC TECHNOLOGIES AND SCIENCES,Modern,-5.965292786723816
0039321000,0.03674044510501491,University of Wyoming,Modern,-3.3038770842708596
0025361000,0.025025571617349276,University of Montana,Modern,-3.687857112189605
4007019000,0.0015376112804301736,4007019000,Modern,-6.477525183387167
0013706000,0.12259356079736816,University of Colorado at Boulder,Modern,-2.0988807789036623
0011098000,0.006795941682386284,University of Arkansas Medical Sciences Campus,Modern,-4.991429656376679
0025205000,0.07319170685329195,Washington University,Modern,-2.6146731587870966
0024109000,0.025017831705636102,Jackson State University,Modern,-3.688166440143379
6250011294,0.0020369697252644605,OFM Research,Modern,-6.196292004261042
P270052132,0.002343418718182795,P270052132,Modern,-6.056144425144643
0015792001,0.009361198223876958,AUGUSTA UNIVERSITY,Modern,-4.671181981314435
0026427000,8.455150885948841e-05,The College of New Jersey,Modern,-9.378149637013237
0026104000,1.2606340985083994e-06,"Felician University, A New Jersey Nonprofit Corporation",Modern,-13.583895710805656
0023010000,0.0005028966608095097,Northern Michigan University,Modern,-7.595125854678135
7203583302,0.0004804041735995864,Intertribal Agriculture Council,Modern,-7.640882780036845
0022608000,0.000533587563285636,Ferris State University (Inc.),Modern,-7.5358873708203165
0021055000,0.03742916877383742,University of Maryland Baltimore County,Modern,-3.2853049647973633
0096354000,0.06808982960644949,Florida International University,Modern,-2.686927421965801
5300008543,0.013511038576624775,Georgia Institute of Technology,Modern,-4.30424825530709
6250002487,0.004686334306581129,CUAHSI,Modern,-5.363104599874613
0108811000,2.9181177897773966e-05,Stark State College of Technology,Modern,-10.441986649071117
0038034000,0.001379074392432301,Whitman College,Modern,-6.586342734974626
0036616000,0.04213717168108971,University of Texas at El Paso,Modern,-3.1668249900609817
0014241000,0.007520329652230244,Wesleyan University,Modern,-4.890145305248445
0021626000,0.018981684810325236,Marine Biological Laboratory,Modern,-3.9642807220726777
0034017000,0.061587385388522035,Brown University,Modern,-2.787298212067357
0029975000,0.02893097071255171,North Dakota State University,Modern,-3.542842606718376
6250002291,0.01365325498692523,"Georgia Southern University Research and Service Foundation, Inc",Modern,-4.2937773251977704
0030429000,0.0028078770434038377,Denison University,Modern,-5.875326581738889
7203580165,0.0009316736953419237,"SILICON DYNAMIX, INC.",Modern,-6.9785279168763745
0018408000,0.10005367030290437,University of Notre Dame,Modern,-2.302048533938561
0036137000,0.03651719073965314,Southern Methodist University,Modern,-3.3099721501009887
0016162000,0.03295368951529303,Boise State University,Modern,-3.41265205115213
0033886000,0.019971898276041813,Villanova University,Modern,-3.9134290796853146
4012365000,0.019925426168407874,TERC Inc,Modern,-3.915758665906844
4007712000,0.00855887541524332,SRI International,Modern,-4.760786474183075
0079541000,6.048914320966822e-05,Normandale Community College,Modern,-9.713046660110614
0022301000,0.04500828325565346,Woods Hole Oceanographic Institution,Modern,-3.1009087338031986
7203590102,0.003786359124361371,7203590102,Modern,-5.5763503748136225
4005864000,0.0011215491806203526,New York Botanical Garden,Modern,-6.79304435242841
6250023888,0.0012310736986271954,6250023888,Modern,-6.699868564662716
4062600000,0.05537462486426802,University Corporation For Atmospheric Res,Modern,-2.8936338250999554
0016931000,0.010076173147573255,Northeastern Illinois University,Modern,-4.597581736481692
0019505000,0.017025324393813438,Wichita State University,Modern,-4.073053373159602
6250038992,0.0027557775993978686,6250038992,Modern,-5.894055625967202
0019281000,0.04632258560171696,Kansas State University,Modern,-3.072125626858266
0011379001,0.012704241611634776,CSU Fullerton Auxiliary Services Corporation,Modern,-4.36581935611013
0023309000,0.02925256560193405,Western Michigan University,Modern,-3.5317879962641876
0013169000,0.0675522581059082,University of California-Riverside,Modern,-2.6948537864757616
6200000580,0.004767820934751721,"Foundation for Applied Molecular Evolution, Inc.",Modern,-5.345865905555249
0030510000,0.014955597565602002,Kent State University,Modern,-4.20266963011897
0031237000,0.01209430679346378,University of Akron,Modern,-4.415020450042265
0012450000,0.0021402613988680402,Mt. San Antonio College,Modern,-6.146827308404202
0022228000,0.021348912680061883,University of Massachusetts Boston,Modern,-3.846754468938733
P269814882,0.0014395195821460668,P269814882,Modern,-6.543445844568608
5300004468,0.0007819878993025983,University of New Mexico Health Sciences Center,Modern,-7.153671291576285
0013193000,0.02368418979330108,University of California-San Francisco,Modern,-3.7429475507785495
0011312000,0.054518369273963585,California Institute of Technology,Modern,-2.9092175832034184
0029843000,0.015338327493770962,University of North Carolina at Wilmington,Modern,-4.177400518076376
0015859000,0.0015253200326046852,University of North Georgia,Modern,-6.48555103349406
0034140000,0.039303830738801705,University of Rhode Island,Modern,-3.236433290587466
0015982000,0.03592410778043125,University of Georgia,Modern,-3.3263466829432375
7203579222,0.0012951853664680667,7203579222,Modern,-6.649101453944426
0015743000,0.016253252736360788,Georgia State University,Modern,-4.119462221845977
4002911000,0.015480507061451243,Education Development Center,Modern,-4.168173655449316
0036152000,0.022378904309452333,Texas State University - San Marcos,Modern,-3.7996365357663744
0103952000,0.007334280507321865,University of San Diego,Modern,-4.915195962543032
0023457000,0.0008799846241954606,University of St. Thomas,Modern,-7.035606123149826
0292243000,0.0036683735510490566,Salish Kootenai College,Modern,-5.608006889247398
0020297000,0.03763300784034845,Tulane University,Modern,-3.2798737455927482
0015156000,0.0007376929809855175,Rollins College,Modern,-7.211982834846791
5300010089,0.0006616092953320568,5300010089,Modern,-7.320835364577104
6250000214,0.0006616092953320568,Institute for Global Environmental Strategies,Modern,-7.320835364577104
5300010147,2.235168954908256e-05,5300010147,Modern,-10.708608644724606
7203577003,0.0014777115804963383,Northland Community & Technical College,Modern,-6.517260617246835
6250001318,2.2351689549082564e-05,Central Lakes College,Modern,-10.708608644724606
7203576408,0.0033090163488023526,Arizona Board of Regents for  on behalf of Arizona State U,Modern,-5.711104309346994
0031708000,0.030309451018015764,Oklahoma State University,Modern,-3.4962957003161184
0011395000,0.003832432974383279,California State University-Long Beach,Modern,-5.564255436116628
4015152000,0.010990116577261448,BSCS Science Learning,Modern,-4.510758903046757
0039420000,0.009226712873287062,University of Puerto Rico-Rio Piedras,Modern,-4.685652428970355
4002861000,0.0036792488003486315,Ecological Society of America,Modern,-5.605046677978777
P270036522,0.0017370005794344777,P270036522,Modern,-6.35559545813976
6250032518,0.000557580852723723,6250032518,Modern,-7.491903037838317
4070777000,0.0032727826273822053,Whitehead Institute for Biomedical Research,Modern,-5.722114699545096
0020537000,0.040971593304307614,University of Maine,Modern,-3.194876298643104
6250026398,0.0022858235952754316,6250026398,Modern,-6.0810288840081475
0026542000,0.00699920911402763,New Mexico Institute of Mining and Technology,Modern,-4.961958120020302
0020834000,0.04219416312106466,Morgan State University,Modern,-3.165473382173241
6250032970,0.022893862201495828,6250032970,Modern,-3.7768864304829206
0036566000,0.047829110862037345,University of Texas at Arlington,Modern,-3.0401208110082485
6250022416,0.005201027105041226,LEARN: Lonestar Education and Research Network,Modern,-5.258899152699066
P270035151,0.0013213834805141788,Duke University,Modern,-6.62907599994945
0027854020,0.008539273038360608,New York University Medical Center,Modern,-4.763079399118685
4103245000,0.0017866425162407558,,Modern,-6.327417109688319
0024406000,0.016738435459183867,University of Mississippi,Modern,-4.0900476795081815
0014795000,0.017489082531472664,Embry-Riddle Aeronautical University,Modern,-4.046178448075805
0029074000,0.003503920239127702,University of North Carolina at Asheville,Modern,-5.65387286897309
0014431000,0.014657483408031538,Gallaudet University,Modern,-4.222804261104608
0025064000,0.02399745422897966,Saint Louis University,Modern,-3.729807528052928
0001289000,0.05320159909235157,University of Colorado at Denver,Modern,-2.9336668249593654
0025544000,0.018802433493854107,University of Nebraska at Omaha,Modern,-3.9737689763605655
0028357000,0.04114726228514322,University at Albany,Modern,-3.1905978842024623
6250031059,9.589407010948422e-05,Institute for Learning Innovation,Modern,-9.252266412090085
0022335000,0.05110423188385955,Worcester Polytechnic Institute,Modern,-2.9738879694704052
5300000807,0.0019258511177615988,Sciencenter,Modern,-6.252387269860145
7203581225,0.0006278005472715769,University of Texas at El Paso,Modern,-7.3732880418276245
0001271000,0.0280459883525401,University of Colorado at Denver-Downtown Campus,Modern,-3.573909674976199
0031849000,0.06668177370248991,University of Oklahoma Norman Campus,Modern,-2.707823621236018
4001863000,0.020259493612115816,Boyce Thompson Institute for Plant Research,Modern,-3.8991317749401158
0014340000,0.01870845470097713,American University,Modern,-3.978779734251519
0014282000,0.003428763565042959,Delaware State University,Modern,-5.675555559455479
0037218000,0.01111712618362605,James Madison University,Modern,-4.499268460284502
P269986338,0.0007457078469896487,P269986338,Modern,-7.201176660485247
0032565000,0.050059834356045045,Drexel University,Modern,-2.9945363018923925
4004027000,0.005855565191855577,The Scripps Research Institute,Modern,-5.140362755104459
0028373000,0.08879735246559127,SUNY at Buffalo,Modern,-2.421398444005151
0028514000,0.005510410406424602,SUNY College of Environmental Science and Forestry,Modern,-5.201116174666494
0020313000,0.02031794740086637,University of Louisiana at Lafayette,Modern,-3.8962506751109784
0020255000,0.016566426727278444,Southern University,Modern,-4.100377117915418
0020081000,0.01008261147345441,Louisiana Tech University,Modern,-4.59694297514552
P269999475,0.0025134332129463214,Washington University,Modern,-5.986105646520924
0013714000,0.015139726090986095,University of Denver,Modern,-4.190433122881136
4009395000,0.02635285441467527,American Institutes for Research in the Behavioral Sciences,Modern,-3.6361786829290565
0026393000,0.026294382900522637,Stevens Institute of Technology,Modern,-3.6383999405363276
0035105000,0.022308125412319132,Middle Tennessee State University,Modern,-3.802804298616628
0013797000,0.0038693630166975706,Connecticut College,Modern,-5.554665380656305
0011502000,0.0030951683696175403,California State University-Sacramento,Modern,-5.777912973802602
7203581198,0.0013213834805141788,"Mente, Inc.",Modern,-6.62907599994945
4000311000,0.003602096905782048,American Association of Physics Teachers,Modern,-5.626239129263762
6250027514,0.008387698475764142,6250027514,Modern,-4.780989113683933
P270023918,0.00132266953002777,North Carolina State University,Modern,-6.628103213390419
7203580351,0.0002487707260247746,INTELLIGENT DOTS LLC,Modern,-8.298978864693938
0020990000,0.011704699359498135,Towson University,Modern,-4.447764863162106
0011551001,0.02066064862060224,San Jose State University,Modern,-3.879524420788189
6250023364,0.00132266953002777,6250023364,Modern,-6.628103213390419
0034793000,6.490754729371593e-05,Belmont University,Modern,-9.642546649895088
0031096000,0.0010496504765464699,Ohio Wesleyan University,Modern,-6.85929804970893
0092759000,0.0020919383984412663,Northern Kentucky University,Modern,-6.169664179464795
0028837000,6.490754729371593e-05,Utica University,Modern,-9.642546649895088
0029819000,0.004038374254644755,Western Carolina University,Modern,-5.511913080215248
4100749000,0.01940186696048613,Smithsonian Tropical Research Institute,Modern,-3.942385982466548
0035634000,0.0014678457743865444,Del Mar College District,Modern,-6.523959412628618
5300004653,0.02240524587288868,Texas A&M University Corpus Christi,Modern,-3.798460156785558
4000949000,0.013412161676711361,American Society For Engineering Education,Modern,-4.3115933958197825
P269910004,0.0014026636954010587,P269910004,Modern,-6.569382210514806
P270041346,0.0034527293934172158,P270041346,Modern,-5.668590232189358
0010553000,0.018978229510512486,University of Alabama in Huntsville,Modern,-3.9644627720000347
0027110001,0.007137380038729653,Cornell University,Modern,-4.942409511324486
6250005014,0.0006514107402487888,6250005014,Modern,-7.336370177310893
P270040656,0.0006514107402487888,P270040656,Modern,-7.336370177310893
4000600000,0.0038272719896192547,American Geophysical Union,Modern,-5.565603003828252
0037499000,0.07053290578273569,George Mason University,Modern,-2.651675929365916
6250028238,0.0007457078469896487,NanoGrass Solar LLC,Modern,-7.201176660485247
0019554000,0.0032348506513876873,Berea College,Modern,-5.733772518590284
4006250000,0.0028452308728171725,Oregon Museum of Science and Industry,Modern,-5.862111064321252
0018309000,0.005601208512688207,Rose-Hulman Institute of Technology,Modern,-5.1847728986865835
0017590000,0.012515683920051084,Southern Illinois University at Edwardsville,Modern,-4.380772707565094
0022798000,0.00229999099304353,Lawrence Technological University,Modern,-6.074850072122731
0067504000,0.00185409843659042,Valencia Community College,Modern,-6.290356719078329
0071910000,3.5399344954237305e-05,0071910000,Modern,-10.248817242113338
4000144000,0.00037245092357794397,American Mathematical Association of Two-Year College,Modern,-7.8954052776083365
0029769000,0.028086808859142054,University of North Carolina Greensboro,Modern,-3.572455248479552
6250035876,0.0017866425162407558,6250035876,Modern,-6.327417109688319
0015776000,0.0005461698616422983,Kennesaw State University,Modern,-7.512580528692562
P270035718,0.002303514655199,Northwestern University,Modern,-6.073319211464412
0019893000,0.008776266961294089,"University Of Kentucky Research Foundation, The",Modern,-4.73570413699898
5300009955,0.02529265449449104,WestEd,Modern,-3.6772412615904977
6250040708,0.0032287106115944557,New Iridium,Modern,-5.735672412902517
0028233000,0.00020714527392430443,Saint John's University,Modern,-8.482090204452248
0027755000,5.827432887261882e-05,Molloy University,Modern,-9.750348889666148
4003166000,0.007114125829395706,Federation of Amer Societies For Exper Biology,Modern,-4.945672918039103
0023887000,0.003822568065445264,University of Minnesota Duluth,Modern,-5.566832813793688
0023432000,0.0017525820620568414,"College of St. Scholastica, Inc.",Modern,-6.34666511444178
0037648000,0.004556416196516505,Virginia State University,Modern,-5.391218886270859
5300002935,0.017849910620274956,Rowan University,Modern,-4.025756778036535
0047415000,0.015710726893704112,Rutgers University Camden,Modern,-4.153411558293975
7203585035,0.00023398607088367156,7203585035,Modern,-8.36024897051648
0035238000,0.013202590793440265,Tennessee Technological University,Modern,-4.327342196418363
P270035604,0.00340762902562137,University of Michigan,Modern,-5.6817385299244325
0025692000,0.02377909308887904,National Institute of Standards and Technology,Modern,-3.738948526004408
4087406000,6.691023694078166e-05,"NorthWest Research Associates, Incorporated",Modern,-9.612158583989425
4001681000,0.004038875488796751,Battelle Memorial Institute,Modern,-5.511788970111299
0082966000,0.004058368649043104,"The Medical College of Wisconsin, Inc",Modern,-5.506974196696515
7203578370,0.0006102853219765326,PARAMOUNT PLANET PRODUCT,Modern,-7.401583969208478
P270032697,0.000543890127117636,P270032697,Modern,-7.516763303717693
6250003886,0.003966141089855852,Corporation for Education Network Initiatives in California,Modern,-5.529961674667113
5300011474,0.02599510311198757,INTERNET2,Modern,-3.64984710054584
6250040394,0.00029941198996545127,Bridgerland Technical College,Modern,-8.113690040135797
0021907000,0.0011500750036294958,Worcester State University,Modern,-6.767928118186358
7203583602,0.0012233974254936132,7203583602,Modern,-6.706123515544477
4003887000,0.007592446756349905,QUALITY EDUCATION FOR MINORITIES NETWORK,Modern,-4.880601373732785
7203578636,0.0001130914078325654,7203578636,Modern,-9.087314147378212
7203587565,7.27922885096292e-05,"DENTUIT, INC.",Modern,-9.527900535437835
0021048000,0.004887702311746969,University of Maryland at Baltimore,Modern,-5.321032960819529
7203578218,0.005583595791137622,ATOM COMPUTING INC.,Modern,-5.187922303116051
6250029921,0.0017721130099961283,6250029921,Modern,-6.335582653439963
4000642000,0.004834362543672385,American Institute of Biological Sciences,Modern,-5.332006000822088
4003455000,0.008415983594389415,"The Geological Society of America, Inc.",Modern,-4.777622572324542
0030908001,0.030775876324974905,Ohio State University,Modern,-3.481024132094451
6250036798,0.004827604273931641,6250036798,Modern,-5.333404943909041
0028894000,2.8339221500276553e-05,Union College,Modern,-10.471263794076346
6250041221,0.00132266953002777,"Ferric Contrast, Inc.",Modern,-6.628103213390419
7203588893,0.0013511610002327886,"CULTURALLY RESPONSIVE SOLUTIONS, LLC",Modern,-6.606791055947629
6250040189,0.0018067901976574995,CodeVA,Modern,-6.316203379448985
0030189000,0.009916369508215143,Bowling Green State University,Modern,-4.613568401665721
7203593337,8.18717227738155e-05,7203593337,Modern,-9.410356892000006
0049171000,0.0019672178358520523,Roger Williams University,Modern,-6.231135000484822
0015909000,0.0035290962275559097,Savannah State University,Modern,-5.646713467005359
0045096000,0.004583898087675811,University of Colorado Colorado Springs,Modern,-5.385205531999252
9000167000,0.00888542766891022,9000167000,Modern,-4.723342684722975
7203583126,0.00035776600714908273,"JULIAN C. MADISON BUILDING LLC, THE",Modern,-7.935631396575983
0028340001,0.00318020650898749,SUNY Polytechnic Institute,Modern,-5.750809144365385
0028456000,0.0024594154117136315,SUNY College at Geneseo,Modern,-6.0078315947929175
0011395001,0.016389851041777145,California State University-Long Beach,Modern,-4.111092974627848
6250022634,0.0013806709827033717,6250022634,Modern,-6.585185678629081
0028738000,0.0016286773978741215,Nassau Community College,Modern,-6.419987005883813
0034900000,0.005383364997160573,Fisk University,Modern,-5.224441636173386
0039156000,0.006357970587009043,University of Wisconsin-Stout,Modern,-5.0580460426431
5300007120,0.005411901760421226,Eureka Scientific Inc,Modern,-5.219154721014766
5300012473,0.0004889340626264629,Connecticut College of Technology,Modern,-7.6232829188359785
5300008811,0.002648107639874383,College of the Canyons,Modern,-5.933909992234154
0029686000,0.0075444225412116235,Saint Augustine's University,Modern,-4.886946724984656
P270006494,0.002566724046523043,P270006494,Modern,-5.9651248832522965
0035303040,0.008965058688982322,University of Tennessee Institute of Agriculture,Modern,-4.714420625489991
6250018031,0.00013357189557143263,6250018031,Modern,-8.920870681480297
4057006000,0.01850009911759308,Materials Research Society,Modern,-3.9899791892044765
0026880000,0.033562336367077436,CUNY City College,Modern,-3.3943507821937673
0010595000,0.000244831378527697,Lawson State Community College,Modern,-8.314940835280291
4002365000,0.001263541468107706,Aurora Flight Sciences Corporation,Modern,-6.673836811644748
P270030038,0.003187703275049428,University of Michigan,Modern,-5.748454597966449
0029868000,0.004845054999173986,Winston-Salem State University,Modern,-5.329796681965141
0015362010,0.013756417856114611,University of Miami,Modern,-4.286249810592963
6250020394,0.0021865422521210394,6250020394,Modern,-6.125433863208805
0034231000,0.004084455464509855,Citadel Military College of South Carolina,Modern,-5.500566860777146
7203595488,0.00022649025801696273,7203595488,Modern,-8.39280862492882
5300003166,0.004306415684779904,5300003166,Modern,-5.447649348521878
P270025498,0.002618787056973075,P270025498,Modern,-5.945044023759836
4203741000,0.006158195673414575,4203741000,Modern,-5.08997145450324
0037143000,0.019446941736078478,Hampton University,Modern,-3.940065458500365
0103879000,0.0006373015478280953,El Paso County Community College,Modern,-7.358267626919382
0035220000,0.021715673849552683,Tennessee State University,Modern,-3.8297209819524043
0025189000,0.011536888100919672,University of Missouri-Kansas City,Modern,-4.462205716232876
0034595000,0.017589435037945106,SOUTH DAKOTA - STATEWIDE,Modern,-4.040456839114303
4003838000,0.003980324582241145,South Dakota Board of Regents,Modern,-5.526391909684161
6250008441,0.00032940811106434354,6250008441,Modern,-8.018213116770575
6250003345,0.004978165982906272,California State University Channel Islands,Modern,-5.302693732300874
0036707000,0.04080322401953199,Brigham Young University,Modern,-3.198994180607375
6250030009,0.0031007515414583717,6250030009,Modern,-5.776110764144595
0021063000,0.005806231209161362,University of Maryland Eastern Shore,Modern,-5.148823591719722
7203579300,0.0012324769059836582,AUI LABS,Modern,-6.698729389761593
4001434000,0.017121965248066404,"Associated Universities, Inc.",Modern,-4.067393122329456
4005658000,0.019585054595532655,National Opinion Research Center,Modern,-3.9329885242484854
7203582078,0.0070749958586770675,Regents of the University of Michigan - Dearborn,Modern,-4.951188420799005
4076212000,0.004313066668776166,EARTHSCOPE CONSORTIUM INC.,Modern,-5.446106103801731
6250005185,0.004602549544348627,Eastern Connecticut State University,Modern,-5.381144880254768
5999999000,5.873427882825042e-05,5999999000,Modern,-9.742487035162538
0011445001,0.006059536190631361,"Cal Poly Pomona Foundation, Inc.",Modern,-5.106122018029404
6250010019,0.0017866425162407558,University of California Pavement Research Center,Modern,-6.327417109688319
P269934620,0.0020369697252644605,P269934620,Modern,-6.196292004261042
6250019500,0.0016318607096829983,"Broad Institute, Inc.",Modern,-6.418034375541641
7203576822,0.002460241582691251,7203576822,Modern,-6.007495729513559
4100566000,0.00496819370303836,4100566000,Modern,-5.304698944966458
0012641000,0.0002492110415672385,Pepperdine University,Modern,-8.29721046397782
4012266000,0.0017870850359206268,Exploratorium,Modern,-6.32716945808328
0036301000,0.013790199246417756,Prairie View A & M University,Modern,-4.283797138665081
6250009560,0.0019709063587109144,6250009560,Modern,-6.2292617614729355
5300019682,0.002213077034719737,5300019682,Modern,-6.113371408433344
0024232000,0.04310520554620641,Mississippi State University,Modern,-3.144111510831295
0035451000,0.033257194006896,Baylor University,Modern,-3.403484174173309
5300006491,0.0055428175584821045,5300006491,Modern,-5.195252322944683
6250024884,0.0008120352766673938,California Institute of Technology,Modern,-7.115966774574599
0037051000,0.010844672257152051,College of William and Mary,Modern,-4.524081355800611
4000840000,0.01871600878969516,American Physical Society,Modern,-3.9783760363429304
0015941000,0.014350312419197646,Spelman College,Modern,-4.243983565640842
P270038425,0.004464335905501053,Arizona State University,Modern,-5.411634809086004
0010058000,0.0013105751360542716,Alabama State University,Modern,-6.637289202960879
0021709000,3.513654651564709e-05,Holyoke Community College,Modern,-10.256268757904941
7203581699,0.0016670508710107676,7203581699,Modern,-6.396699159175939
0027326000,0.008142225242249246,Hofstra University,Modern,-4.810691765043118
6250017086,0.006880983130065551,Allen Institute,Modern,-4.9789937404338085
7203591180,0.0036636667700589054,WEST TEXAS A & M UNIVERSITY,Modern,-5.6092907833425105
0018606000,0.0058949998434055795,Drake University,Modern,-5.133650771556742
0038968000,0.026364245312479835,Board of Regents of UW System for U of Wisconsin-Milwaukee,Modern,-3.635746531007164
5300017151,2.8244290009359046e-05,5300017151,Modern,-10.474619244364057
0500438000,0.0018954701111963145,Front Range Community College,Modern,-6.268288391427476
7203581601,0.000547336258769412,"WYONANO, LLC",Modern,-7.5104472117449905
4002127000,0.01119581308536769,Carnegie Institution of Washington,Modern,-4.4922154022371625
5300011340,0.011135685096992625,Chico State Enterprises,Modern,-4.4976004537180065
0013292000,0.0010392311704352948,University of the Pacific,Modern,-6.869274098412512
0011502001,0.009590402988394323,"California State University, Sacramento",Modern,-4.6469923692393005
0027110050,0.006389733305519182,Joan and Sanford I. Weill Medical College of Cornell University,Modern,-5.053062747689154
0011403001,0.008475734547303646,California State University Los Angeles,Modern,-4.770547957223227
6250006850,0.0016379688235408764,6250006850,Modern,-6.414298326979722
0032847000,0.003895879801020917,Lafayette College,Modern,-5.547835745571793
0026898000,0.018911014624738844,CUNY Hunter College,Modern,-3.9680107422916895
7203579490,0.00027866732525381067,7203579490,Modern,-8.18549187019948
7203579602,0.0020369697252644605,7203579602,Modern,-6.196292004261042
5300001310,0.004555401376028655,California Association for Research in Astronomy,Modern,-5.391441634473172
0049528000,0.00011363923817909857,University of Texas Medical Branch at Galveston,Modern,-9.082481704810169
0031526000,0.00045158024237789546,University of Central Oklahoma,Modern,-7.70275747691622
0037853000,0.0017211024928062122,Pacific Lutheran University,Modern,-6.3647902093097395
6250027947,0.011497909800736355,Research Foundation CUNY - Advanced Science Research Center,Modern,-4.4655900165903475
0026864000,0.007573390899281959,CUNY Queens College,Modern,-4.883114372688602
0018598000,0.0014623116387345162,"Dordt University, Incorporated",Modern,-6.527736781180606
5300005042,0.007535427946876946,SPACE SCIENCE INSTITUTE,Modern,-4.888139653974032
7203589360,0.0003036312176403048,"SUPERIOR STATISTICAL RESEARCH, LLC",Modern,-8.099696692826727
0290825000,0.0066349753741219465,University of the District of Columbia,Modern,-5.015400322716241
0001966000,0.029212596661161775,University of Massachusetts Lowell,Modern,-3.5331552702253557
0011387001,0.004364463661240202,The University of Iowa,Modern,-5.434259969808133
5300011933,0.0004893711181775081,5300011933,Modern,-7.622389423454992
6250036639,0.01001302807951693,Vanderbilt University Medical Center,Modern,-4.603868225954308
0029785010,0.005526099607322242,Wake Forest University School of Medicine,Modern,-5.198273027431233
0023531000,9.034995085564707e-05,Gustavus Adolphus College,Modern,-9.311820084859255
7203578639,0.0021244344341821513,7203578639,Modern,-6.15424966064975
0032383000,0.0022422435373850823,Bucknell University,Modern,-6.1002783351711924
6250004721,0.04342744251099192,University of California - Merced,Modern,-3.136663721781786
4001707000,0.0026261375481719668,"Bermuda Institute of Ocean Sciences (BIOS), Inc.",Modern,-5.942241125123714
P270031513,0.0010040056841011458,P270031513,Modern,-6.903757596273301
7203590649,0.0018956090391778712,ASTRO America,Modern,-6.268215099377319
9000241000,0.010282739554726568,9000241000,Modern,-4.5772885608077996
6250026896,0.006550727776350265,"US Ignite, Inc.",Modern,-5.028179124614164
0012492000,0.004291871497257524,Occidental College,Modern,-5.451032394723052
7203594188,0.0018956090391778712,7203594188,Modern,-6.268215099377319
7203591509,0.0009802759597406581,7203591509,Modern,-6.927676434367022
5300020135,0.0015995391291802842,5300020135,Modern,-6.43803973549144
P269967367,0.0009802759597406581,P269967367,Modern,-6.927676434367022
7203581569,0.004459132358804021,7203581569,Modern,-5.412801070259959
5300001651,0.004613567235874571,"Noble Research Institute, LLC",Modern,-5.3787539173280985
0036061000,0.003605766841527473,Sam Houston State University,Modern,-5.625220814769699
0111450000,0.0002983320528245084,0111450000,Modern,-8.117303420575091
4022158000,0.004699017187694463,4022158000,Modern,-5.3604019011336375
0035998000,0.019672947815163624,The University of Texas Rio Grande Valley,Modern,-3.928510794303552
0101428000,0.0013213834805141788,0101428000,Modern,-6.62907599994945
5300006541,0.0032302428235158596,Texas A&M International University,Modern,-5.735197967014173
4010658000,0.005010346651199734,Urban Institute,Modern,-5.2962501744227755
6250033094,0.00046495729578004705,"StabiLux Biosciences, Inc",Modern,-7.6735649936263535
6250037479,0.0012859530172184114,6250037479,Modern,-6.656255187878875
4005450000,0.008799792782943502,Museum of Science,Modern,-4.733027105168004
6250000948,0.0012859530172184114,Children's Museum of Pittsburgh,Modern,-6.656255187878875
0014704000,7.986955930790868e-05,Eastern Florida State College,Modern,-9.435115762667468
P270035736,0.0004643921642685356,"Department of Geography, Portland State University",Modern,-7.674781181089656
5300013006,0.02739112036701687,Donald Danforth Plant Science Center,Modern,-3.5975363923079673
4000069000,0.014285622087543293,Monterey Bay Aquarium Research Institute,Modern,-4.248501695942155
0026930000,0.00599806240018028,CUNY John Jay College of Criminal Justice,Modern,-5.116318795211557
0037713000,0.0061559547868070595,Central Washington University,Modern,-5.090335407605728
0023408000,0.003332024026695895,Carleton College,Modern,-5.704175343810413
4076246000,0.003898438177385523,Cleveland Clinic Foundation,Modern,-5.54717927339204
0024026000,1.0060640564025552e-06,0024026000,Modern,-13.809464813957435
0069385000,1.0060640564025552e-06,Linn-Benton Community College,Modern,-13.809464813957435
7203590108,6.646447413980872e-05,Marine Technology Society,Modern,-9.618842976512184
0017103000,0.024466863796227964,Loyola University of Chicago,Modern,-3.7104355749956968
7203583583,0.0024790107849208265,7203583583,Modern,-5.99989567542591
P270038410,0.0014231719367243268,P270038410,Modern,-6.554867140241344
P269729711,0.0030322403645636695,P269729711,Modern,-5.79845353843268
P269949267,0.0018956090391778712,Penn State University,Modern,-6.268215099377319
P269925279,0.0017813435739776455,P269925279,Modern,-6.33038738256773
0019992001,0.022088331148541737,"University of Louisville Research Foundation, Inc.",Modern,-3.8127058122291735
P269872176,0.0018536682108449113,P269872176,Modern,-6.290588786405293
7203581718,0.0018536682108449113,7203581718,Modern,-6.290588786405293
0013789000,0.006272589585699898,Central Connecticut State University,Modern,-5.0715659975299685
0021030060,0.024672469257840487,University of Maryland Center for Environmental Science,Modern,-3.7020672619279877
0026906000,0.0084743660294727,CUNY Queens College,Modern,-4.770709433295623
5300010219,0.0021331025570656467,Cincinnati Children's Hospital Medical Center,Modern,-6.1501777595115845
0010504000,0.02728496184165424,Tuskegee University,Modern,-3.601419576854935
7203580126,0.0030143534830862125,7203580126,Modern,-5.804369905267708
6250011399,0.001808283724230266,6250011399,Modern,-6.315377102205415
P270043292,0.001808283724230266,P270043292,Modern,-6.315377102205415
0037440000,0.0005212947271637504,University of Richmond,Modern,-7.559194981024122
0034348000,0.006243239717105031,Furman University,Modern,-5.076256045897428
0021923000,0.011628995760122869,Mount Holyoke College,Modern,-4.454253665266458
4076881000,2.991137495375654e-05,CORD,Modern,-10.417271716678004
0500481000,0.0011539626713829613,Collin County Community College,Modern,-6.764553458574556
4004875000,0.003443251577135443,Mayo Clinic Rochester,Modern,-5.67133902813007
6250025126,0.00209173827165104,6250025126,Modern,-6.169759849759686
7203577084,0.002040268540463756,7203577084,Modern,-6.194673842307232
5300005209,0.002088062583194615,5300005209,Modern,-6.171518636616565
6250036693,0.0020055779438115603,6250036693,Modern,-6.211823008482436
5300016339,0.004518405807178085,5300016339,Modern,-5.399596044877371
0032276000,0.002052102135287542,Willamette University,Modern,-6.188890579380335
0030320000,0.01460281032837757,Cleveland State University,Modern,-4.226541280546292
7203582666,0.004469384125844291,7203582666,Modern,-5.410504659302299
0026179000,0.008987273086255855,Montclair State University,Modern,-4.711945803958195
0030122000,9.034995085564707e-05,0030122000,Modern,-9.311820084859255
0023820000,0.003166417358543723,St. Olaf College,Modern,-5.755154501023962
6250004777,0.003384731717814399,6250004777,Modern,-5.688480631943651
7203579647,0.0015649394634981114,7203579647,Modern,-6.459908137209023
0027086000,0.008419601229867327,Barnard College,Modern,-4.777192811722655
6250009469,0.0017992675604064602,SUNY System Administration,Modern,-6.320375607776017
4203543000,0.01897958690340439,University of Toronto,Modern,-3.9643912508736516
7203577688,0.001379074392432301,UNAR Labs LLC,Modern,-6.586342734974626
0001305000,0.0075373506783028175,Nevada System of Higher Education,Modern,-4.887884527632153
0068718000,0.004250757384129966,0068718000,Modern,-5.4606581038923965
5300016959,0.002262499873215889,Germanna Community College - Fredericksburg Campus,Modern,-6.09128493842737
5300005201,0.0022070720399284547,5300005201,Modern,-6.116088510677754
4001509000,0.0018811641742977792,Association of American Geographers,Modern,-6.2758644521435185
7203579739,0.0017947002871084073,SAN DIEGO COMMUNITY COLLEGE DISTRICT,Modern,-6.322917241953346
6250035748,0.004170141235945415,Arizona Technology Council Foundation DBA SciTech Institute,Modern,-5.479805374213712
5300016325,6.356701759371427e-05,5300016325,Modern,-9.66341581342697
9000001104,0.001399463881980453,9000001104,Modern,-6.571666057144256
0074765000,0.005426100392836276,CUNY Baruch College,Modern,-5.21653456273516
6250036932,0.0032421567321626937,6250036932,Modern,-5.731516512555062
7203589839,0.0026336184266168385,7203589839,Modern,-5.939396550765099
6250009391,7.985733155938965e-05,Texas Lutheran University,Modern,-9.435268870869557
4203105000,0.0018260469162008424,4203105000,Modern,-6.305601803710711
4003448000,0.005328752886585633,UC Santa Barbara,Modern,-5.234638048184671
0001016000,0.016716621155684355,Wright State University,Modern,-4.091351775737473
0026997000,0.007195415574552326,Clarkson University,Modern,-4.934311181512681
0026575000,0.04237264805207948,New Mexico State University,Modern,-3.1612522180176468
0025197000,0.012138617403602493,University of Missouri-Saint Louis,Modern,-4.411363387513374
0034207000,0.004940143321640844,Benedict College,Modern,-5.310360935725256
0019760000,0.0032991619538016077,Morehead State University,Modern,-5.7140867961547785
6250032740,4.913226902958081e-05,6250032740,Modern,-9.920994528653537
6250026509,0.0016152586872673932,The Fab Foundation,Modern,-6.428260157260076
0028498000,0.0010308446628632425,SUNY College at Plattsburgh,Modern,-6.87737675177465
0033894000,0.0010308446628632425,0033894000,Modern,-6.87737675177465
0027011000,0.00011199498067916873,The City University of New York,Modern,-9.097056503037983
0030056000,0.00999842960930103,University of North Dakota Main Campus,Modern,-4.605327237389914
4002929000,0.012333661907020272,Educational Testing Service,Modern,-4.395423014251138
0016923000,0.018599994872643005,Board of Trustees of Illinois State University,Modern,-3.984593973927374
0036442030,0.0002770886903973613,Texas Tech University Health Science Center,Modern,-8.191172921084302
6250036956,0.0010061779624881537,FARMSENSE INC.,Modern,-6.901596321868078
0021337000,0.01128347892307265,Brandeis University,Modern,-4.48441566529639
0015669000,0.0009485168307365964,Fort Valley State University,Modern,-6.960611024164038
7203596848,0.0012546377983403652,7203596848,Modern,-6.680908354953483
0029231000,0.015828684666841362,East Carolina University,Modern,-4.145931499707532
6250010816,0.0013099366583913213,University of Puerto Rico-Arecibo Campus,Modern,-6.637776495311128
7203583507,0.0013706593003643545,7203583507,Modern,-6.59246341375962
0010751000,0.011289134681349735,Maricopa County Community College District,Modern,-4.483914548456793
6250033819,0.0012947800077257794,Research Foundation d/b/a Stella & Charles Community College,Modern,-6.649414476465604
6250029719,0.0014026636954010587,Colorado State University,Modern,-6.569382210514806
6250015637,0.003772154382896405,6250015637,Modern,-5.580108986390897
4003110000,0.010149111330299169,Association of Universities for Research in Astronomy,Modern,-4.590369130992493
0023341000,0.0037678576159551184,Augsburg University,Modern,-5.58124871067968
0039446000,0.0263107697169735,University of Puerto Rico Mayaguez,Modern,-3.637776928676632
4002962000,0.00023405674454167686,4002962000,Modern,-8.359946973963115
7203586034,0.00023405674454167686,7203586034,Modern,-8.359946973963115
0031443000,0.0015262107695528254,Xavier University,Modern,-6.484967236684401
0026534000,0.007496213962680758,New Mexico Highlands University,Modern,-4.893357190872699
0010025000,0.013773743775475848,Alabama A&M University,Modern,-4.284991124074479
0022186000,0.00030189294010070513,Suffolk University,Modern,-8.105438106418237
0014696000,0.015280516879034086,Florida Institute of Technology,Modern,-4.181176668653972
0036475000,0.008954626215946287,Trinity University,Modern,-4.715584984603449
0035980000,0.00016010198504307004,Our Lady of the Lake University,Modern,-8.739699539268512
0036236000,0.00016372584350881763,St Mary's University San Antonio,Modern,-8.717317214887979
0035782000,0.0016267842106388348,University of The Incarnate Word,Modern,-6.421150089757237
6250032923,0.0010758494277206298,6250032923,Modern,-6.83464476409726
7203579837,0.002179765786768398,7203579837,Modern,-6.1285378452151384
5300010311,0.025491586554456665,5300010311,Modern,-3.6694068203005323
4004321000,0.0023439388877540034,The Jackson Laboratory,Modern,-6.055922479384548
0035949000,0.04001737392867921,University of North Texas,Modern,-3.2184415709531016
0011452000,0.002233443409491999,0011452000,Modern,-6.104210754635694
4001543000,0.0013634629741550368,4001543000,Modern,-6.597727511049142
7203583249,0.006347324891141546,7203583249,Modern,-5.0597218318251995
0014860000,0.0018693505540928045,Florida Memorial University,Modern,-6.282164205713883
6250011709,0.0017813435739776455,6250011709,Modern,-6.33038738256773
0027987000,0.002854107322179548,Pratt Institute,Modern,-5.858996156507128
0033019000,0.007178484567447594,Moravian University,Modern,-4.936666981228523
0039354000,0.0030003441224920827,University of Guam,Modern,-5.809028289395068
P270035230,0.0013213834805141788,Duke University,Modern,-6.62907599994945
4203501000,0.001770195079865378,4203501000,Modern,-6.336665523856376
4207205000,0.0028584449174315057,4207205000,Modern,-5.857477537191756
6250031560,0.0010197274733732614,HudsonAlpha Institute for Biotechnology,Modern,-6.888219870353076
0001099000,0.006341592302478909,University of Puerto Rico,Modern,-5.060625390255785
7203590684,0.005250288329268109,7203590684,Modern,-5.249472284026053
7203579808,0.0020369697252644605,7203579808,Modern,-6.196292004261042
0031310000,0.0041411182973825,University of Toledo,Modern,-5.4867894074800905
0015362030,0.00043610989001142145,University of Miami Miller School of Medicine,Modern,-7.7376163050617155
0290205000,0.0008966617311421812,University of Hawaii at Hilo,Modern,-7.016831878354048
0029132000,0.002569838824724961,Campbell University,Modern,-5.963912096156422
6200000795,0.0010380779733706312,The Learning Partnership,Modern,-6.870384378205547
5300006290,0.0017552374603128683,5300006290,Modern,-6.3451511261956295
0024661000,0.004421220892089304,Harris-Stowe State University,Modern,-5.421339401104524
4001916000,0.0044918689209119435,Planetary Science Institute,Modern,-5.405486423094492
4027496000,0.00063924095119187,"Delaware Museum of Natural History, Inc.",Modern,-7.355229099244172
6250025611,0.0019589359101132423,6250025611,Modern,-6.235353856168356
0018903000,0.003018712657408979,University of Northern Iowa,Modern,-5.80292481085639
7203586236,0.00018016329433925198,Zsense Systems LLC,Modern,-8.621646927549289
6250008360,0.0017083467779717264,High Point University,Modern,-6.372229172624514
P269871187,0.00040072834217671664,P269871187,Modern,-7.822226811162157
0029546000,0.0013706593003643545,University of North Carolina at Pembroke,Modern,-6.59246341375962
4000659000,0.028921607401452807,American Institute of Chemical Engineers,Modern,-3.5431663022730393
7203588964,0.0036042765027447434,7203588964,Modern,-5.625634221106608
0035295000,0.015536283511942495,University of Tennessee Chattanooga,Modern,-4.1645771188907075
6250020070,0.005813506707179002,6250020070,Modern,-5.147571326131498
4008124000,0.0033751241437966384,Westat Inc,Modern,-5.691323171986983
7203580150,0.00016179949083148409,NEXTFLEX LEARNING PROGRAMS,Modern,-8.729152700245427
0033704000,0.011704196453249096,Swarthmore College,Modern,-4.4478078302677
0020917000,8.649362839637369e-05,Salisbury University,Modern,-9.355439806897012
0500523000,0.00442712594719865,Columbus State Community College,Modern,-5.420004675851718
4202602000,0.0071287871251699605,4202602000,Modern,-4.943614167697868
0024414000,0.016090005317226434,University of Southern Mississippi,Modern,-4.129556987510129
6250002119,0.0028038648161384304,Baltimore Algebra Project,Modern,-5.876756522049577
4301859000,0.0010503375603242628,School Board of Broward County Florida,Modern,-6.858643680455156
6250021189,0.004681760658373055,Alaska Native Tribal Health Consortium,Modern,-5.364081030747393
0020024000,0.009657891841977219,Western Kentucky University,Modern,-4.639979890394776
6250030471,4.2218980166888335e-07,SUNTHRU LLC,Modern,-14.677810857037379
6250010264,2.490083008532115e-05,Science Museum of Minnesota,Modern,-10.600609418289384
4001287000,0.0016718701959461714,Science Museum of Minnesota,Modern,-6.393812401336788
0029157000,0.0026634490431707756,0029157000,Modern,-5.928133363319881
0500730000,0.001991505371011656,0500730000,Modern,-6.21886445837827
4023263000,0.0042708102559821685,Franklin County Historical Society,Modern,-5.4559517142435645
6250004499,0.0058106533642777,Ivy Tech Community College of Indiana,Modern,-5.1480622593156715
0015420000,0.0033752879781281204,Agnes Scott College,Modern,-5.691274631444997
7203577324,0.0020721985287376708,Citrus College,Modern,-6.179145144147034
5300011486,0.00018401582070923903,5300011486,Modern,-8.600488821936109
0027318000,0.0011782527622094274,Hobart and William Smith Colleges,Modern,-6.743722647830971
5300019526,0.003486074267550421,5300019526,Modern,-5.658979027593053
0120154000,0.0022066509647365516,Austin Community College,Modern,-6.116279313404946
6250013722,0.0019522231300127385,6250013722,Modern,-6.238786489115779
0040634000,0.011515588425062553,CUNY Graduate School University Center,Modern,-4.464053646271487
5300017254,0.005395521367540755,Franklin W. Olin College of Engineering,Modern,-5.222186045916126
P270035537,0.0007545617037444504,Emory University,Modern,-7.189373502126825
6250016062,0.003351797521851745,Riverside Community College District/Riverside City College,Modern,-5.69825850336226
4003831000,0.0007848496796181017,Arkansas Science & Technology Authority,Modern,-7.150018349450949
7203576105,0.0023956857036048435,Indiana University Southeast,Modern,-6.034085782790264
4010872000,0.005674376453225698,Aerospace Corporation,Modern,-5.171794597735067
6250039889,0.004168318250587419,Coastal and Estuarine Research Federation,Modern,-5.480242621738865
0500330000,0.012936642831277847,University of The Virgin Islands,Modern,-4.347691464738701
0031005000,0.019019640331832215,Ohio University,Modern,-3.9622831320419953
0021550030,0.0015389632404919332,Harvard University Medical School,Modern,-6.476646309731035
7203590557,0.0013754139517642165,PITCH AERONAUTICS INC.,Modern,-6.589000537343294
0103648000,0.000753614702264937,Whatcom Community College,Modern,-7.19062932551751
0039016000,0.00020342707637930935,University of Wisconsin-Parkside,Modern,-8.500202964333685
0011569000,0.010306371927159831,Sonoma State University,Modern,-4.5749929413166575
4076683000,0.005212081568273936,Archbold Biological Station,Modern,-5.256775969751068
0013920000,3.9689652663693415e-06,0013920000,Modern,-12.437005135431333
5300002508,0.00025843812351835645,Education Connection,Modern,-8.26085426010257
6250000511,3.968965266369341e-06,6250000511,Modern,-12.437005135431333
4091918000,3.968965266369341e-06,4091918000,Modern,-12.437005135431333
0020032000,0.0033906874830931743,0020032000,Modern,-5.686722580777768
0027284000,0.006879868234270632,Hamilton College,Modern,-4.9791557792158345
0022681000,0.009583045066170814,Grand Valley State University,Modern,-4.6477598809110425
0019992010,0.001221729779242658,Gordon Research Conferences,Modern,-6.70748757260155
7203589834,0.00026999437964110416,7203589834,Modern,-8.217109415326616
0069013000,8.043387887772816e-06,0069013000,Modern,-11.73066018445241
0026013000,0.00026999437964110416,Rowan College of South Jersey - - Cumberland Campus,Modern,-8.217109415326616
6250019415,0.0017866425162407558,6250019415,Modern,-6.327417109688319
0032581000,0.006371893624976823,Duquesne University,Modern,-5.055858581207892
4062105000,0.0011500750036294958,4062105000,Modern,-6.767928118186358
7203580701,0.0013213834805141788,7203580701,Modern,-6.62907599994945
4005518000,0.009363402288643234,National Academy of Sciences,Modern,-4.6709465621635715
7203590223,0.002521261346990707,7203590223,Modern,-5.9829959681643015
5300009132,0.0020745257444188905,5300009132,Modern,-6.178022708329144
0078709000,0.0007731967797864068,Hillsborough Community College,Modern,-7.164976975426139
0015040000,1.2515579432947723e-05,0015040000,Modern,-11.28853633507538
0015289000,6.648831770444866e-05,"Board of Trustees, St. Petersburg College",Modern,-9.618484299352197
5300011953,0.002943304026453991,Department of Chemistry and Biochemistry,Modern,-5.828222510121099
0021246000,0.01075292630081562,Bentley University,Modern,-4.532577347422622
0002121000,0.0044488495007303985,Turtle Mountain Community College,Modern,-5.415109755392707
7203584326,0.001136519071459603,7203584326,Modern,-6.779785133941727
P270030413,0.001263541468107706,P270030413,Modern,-6.673836811644748
0016055000,0.0030141633135053565,Chaminade University of Honolulu,Modern,-5.804432995273869
6250013172,0.0009172800130448014,6250013172,Modern,-6.994097774583024
5300002779,0.0022175931026234105,5300002779,Modern,-6.111332859262393
7203577299,0.002343418718182795,7203577299,Modern,-6.056144425144643
6250035312,0.0014018375204180407,6250035312,Modern,-6.56997138837093
0039792000,0.0029097499619938406,"Teachers College, Columbia University",Modern,-5.839688125203846
6250016864,0.0027999213265318948,6250016864,Modern,-5.878163959862906
6250015364,0.0006373015478280953,6250015364,Modern,-7.358267626919382
0030379000,0.0032158198675637014,College of Wooster,Modern,-5.739672940563805
5300007943,0.0016814632960883388,5300007943,Modern,-6.388090855099296
6250006433,0.000962866440961677,6250006433,Modern,-6.9455958463747365
6250014308,0.000962866440961677,6250014308,Modern,-6.9455958463747365
7203577717,0.0012233974254936132,"THIRD FLOOR MATERIALS, INC.",Modern,-6.706123515544477
0028662000,0.002179765786768398,Fashion Institute of Technology,Modern,-6.1285378452151384
0040071000,0.002876156233200429,Madison Area Technical College,Modern,-5.851300517511011
0039438000,0.005253639225986614,University of Puerto Rico at Humacao,Modern,-5.248834256618771
7203589053,0.003325415476847066,"ORTHOMECHANICA, INC.",Modern,-5.706160657237874
4004974000,0.00132266953002777,Hauptman-Woodward Medical Research Institute Inc,Modern,-6.628103213390419
0037978000,0.0043387520504401264,University of  Puget Sound,Modern,-5.440168518200633
7203579650,0.0007029511862648013,7203579650,Modern,-7.260223104887607
P269965597,0.0020369697252644605,University of Michigan,Modern,-6.196292004261042
0039552000,0.0024724860208970613,University of West Florida,Modern,-6.0025311483167325
P270038655,0.0017866425162407558,P270038655,Modern,-6.327417109688319
7203580028,0.0004155558506472092,7203580028,Modern,-7.785893534778563
0029033000,0.0011580647674733736,Yeshiva University,Modern,-6.761004970934785
6250042820,0.0009653267745573528,"Automated Controversy Detection, Inc.",Modern,-6.943043887461993
0032375000,0.011860963881986748,Bryn Mawr College,Modern,-4.434502617046561
0500744000,0.012701744303836412,0500744000,Modern,-4.366015948190022
0036921000,0.00040072834217671664,Norwich University,Modern,-7.822226811162157
6250030176,0.0027354310517445453,Data & Society Research Institute,Modern,-5.901466249769986
7203581258,0.0012127284381288205,Iowa State University,Modern,-6.714882550317703
4009866000,0.002343418718182795,Point Reyes Bird Observatory,Modern,-6.056144425144643
P270010121,0.0011193544035888177,Stanford University,Modern,-6.795003185239232
0034744000,0.008508418043175087,University of South Dakota Main Campus,Modern,-4.766699247546229
P270035692,0.0001489802668185555,P270035692,Modern,-8.811696698248788
0034876000,0.002109381682734848,East Tennessee State University,Modern,-6.161360415797063
4008686000,0.0035162551404016498,Northeast Radio Observatory Corp,Modern,-5.650358736262477
0022103000,0.012940198003276396,"University of Massachusetts, Dartmouth",Modern,-4.347416688382217
6250012383,0.0014868358505903722,6250012383,Modern,-6.511105007247557
7203581027,0.000537914941178413,West Virginia University Research Corporation,Modern,-7.527810112200773
0026666000,0.0037049104013282194,Adelphi University,Modern,-5.598096203703773
0028415000,0.0022445859878706116,SUNY College at Brockport,Modern,-6.099234189996894
4019519000,0.006953969619007766,4019519000,Modern,-4.968442614257353
6250024764,0.0017739356511207464,6250024764,Modern,-6.334554669078039
0033225000,2.0329972902146813e-05,Kutztown University,Modern,-10.80341426322472
0048447000,2.005272368972524e-06,Wake Technical Community College,Modern,-13.119730661557744
0033852000,0.0012929774486956553,Ursinus College,Modern,-6.65080762041516
5300013255,0.001101012285339559,Central Carolina Community College,Modern,-6.811525262957291
4056404000,0.001971493442130209,Decision Science Research Institute,Modern,-6.228963930987296
7203577584,0.0010110136641458042,7203577584,Modern,-6.896801823559563
5300006898,4.0368292795842385e-06,United Tribes Technical College,Modern,-12.420051005918998
4013165000,0.007824010357172806,American Bar Foundation,Modern,-4.850558022480967
0016717000,0.009517266488238271,DePaul University,Modern,-4.654647604998021
0012161000,0.00023344495799053255,University of La Verne,Modern,-8.36256423459366
0034991000,0.0004535095022217666,Lane College,Modern,-7.698494335548625
4069415000,0.003216413123962928,Rehabilitation Institute of Chicago,Modern,-5.739488476971864
7203579977,0.000547336258769412,ASIMICA LLC,Modern,-7.5104472117449905
6250001303,0.0010370258722299803,6250001303,Modern,-6.871398400933164
4006821000,0.018965394278541884,Research Triangle Institute,Modern,-3.9651393142581766
0016410000,0.004760511042297645,Bradley University,Modern,-5.347400254674441
P270039043,0.0012689099487443584,P270039043,Modern,-6.669597055144227
6250021712,0.0008845071761227366,6250021712,Modern,-7.030479931200357
0034561000,0.0008861828823499179,Winthrop University,Modern,-7.028587215172034
4007258000,0.004783675427714685,4007258000,Modern,-5.342546110012774
0038026000,0.009601757116822407,Western Washington University,Modern,-4.6458091642545085
0018424000,0.0024921323091371067,Valparaiso University,Modern,-5.994616585912127
4004149000,0.0026458337837691574,4004149000,Modern,-5.93476903318799
7203580368,0.0009440029124060953,7203580368,Modern,-6.9653813066475845
0022269000,0.009507499876545927,Western New England University,Modern,-4.655674331146773
0038356000,0.003589958095607357,0038356000,Modern,-5.629614749082844
7203581015,0.001918961936462411,7203581015,Modern,-6.2559708972432295
7203582901,0.0011882966766807944,7203582901,Modern,-6.735234361372705
7203582844,0.0011882966766807944,7203582844,Modern,-6.735234361372705
0036467000,0.007776142696407416,Texas Woman's University,Modern,-4.856694861116935
0037903000,0.006066295944148474,Seattle University,Modern,-5.105007083542068
7203596476,0.0028380099886530508,7203596476,Modern,-5.864652180640525
4202933000,0.0007444722151993675,4202933000,Modern,-7.202835026618063
6250013252,0.0033324205287675736,Foundation for California Community Colleges,Modern,-5.704056353527323
6250023369,0.003534220623722359,6250023369,Modern,-5.645262478136133
6250001416,0.013688750290888809,Navajo Technical University,Modern,-4.291180930124096
5300011901,0.00017256900876366486,5300011901,Modern,-8.664713350687993
0011536000,0.003206552198385142,California State University Northridge,Modern,-5.742559000579074
0032136000,0.002871542826033431,Portland Community College,Modern,-5.852905823603131
0032110000,0.0004492382979795342,Oregon Institute of Technology,Modern,-7.707957080542954
0500692000,0.00035747129893818106,Lewis and Clark Community College,Modern,-7.936455481743442
4006334000,0.0025195480392396787,Paleontological Research Institution,Modern,-5.983675743051915
0037424000,0.0010902612762294396,Sweet Briar College,Modern,-6.8213379085024615
0020628000,0.003816705108469229,Bowie State University,Modern,-5.568367765612714
4001443000,0.002644798980458132,4001443000,Modern,-5.935160216386801
0029785000,0.026695798612401466,Wake Forest University,Modern,-3.623249081298353
7203585737,0.007192186893890511,7203585737,Modern,-4.934759995791933
0013979000,0.003045969268314478,University of New Haven,Modern,-5.79393611375426
0012260000,0.005822615115311357,Los Angeles Pierce College,Modern,-5.146005785630696
0037804000,0.0003289581192263661,Green River Community College,Modern,-8.019580112486175
0037879000,7.933492463128909e-06,Seattle Community College District Office,Modern,-11.744417207778527
0050005000,5.102887242211276e-06,0050005000,Modern,-12.18570405249904
6250017128,0.0006870352423988185,Predictive Science Incorporated,Modern,-7.283124968078315
6250011530,0.0009616129530429791,6250011530,Modern,-6.946898523971456
7203582129,0.0006870352423988185,7203582129,Modern,-7.283124968078315
0026252000,3.298721787173563e-06,William Paterson University,Modern,-12.621975501746409
7203578956,0.0019518271063105777,URU THE RIGHT TO BE INC,Modern,-6.238989367500814
0011411000,0.0035953709568656606,California State University-Dominguez Hills Foundation,Modern,-5.62810810624361
6250036404,0.0009654186516275434,Digital Harbor Foundation,Modern,-6.9429487148214015
0010868000,0.006867258422109926,University of Arkansas at Pine Bluff,Modern,-4.9809903175906465
6250015917,0.0009047581512131055,6250015917,Modern,-7.007842886206925
0021204000,0.0017256858179426277,Merrimack College,Modern,-6.362130731892144
6250030588,0.0029011286719136855,6250030588,Modern,-5.842655420495682
7203581108,0.0006819520789988329,ECOCLOSURE LLC,Modern,-7.290551167987147
0019687000,6.387326705185205e-06,Kentucky State University,Modern,-11.96119473310617
0036574000,0.00734605176535,The University of Texas MD Anderson Cancer Center,Modern,-4.913592284869767
5300016026,0.0016922681386099796,5300016026,Modern,-6.38168555599806
6250007332,0.0016922681386099796,6250007332,Modern,-6.38168555599806
4012746000,0.012082926219265641,IBM Thomas J Watson Research Center,Modern,-4.415961879115863
0033845000,0.0024183791509509896,University of Scranton,Modern,-6.024657735545536
0016204000,0.006503916541527257,Idaho State University,Modern,-5.03535073868746
7203582775,0.0012168060225945167,7203582775,Modern,-6.71152586749617
0011643000,0.012690039714679423,Chapman University,Modern,-4.366937867656371
7203576985,2.0805271101191556e-05,Lehman College,Modern,-10.780304185035485
0001172000,0.0013964807737120613,Research Foundation Of The City University Of New York (Lehman),Modern,-6.573799940155332
0020750000,0.0017204538294699025,Harford Community College,Modern,-6.365167168617244
6250043392,0.00046001095806404586,Solsona Enterprise LLC,Modern,-7.6842602468865095
0117119000,0.004745536914477601,University of Houston - Clear Lake,Modern,-5.350550699585588
7203586800,0.002343418718182795,"SOLESTIAL, INC.",Modern,-6.056144425144643
0011478001,0.00878749647724667,California State University-Fresno Foundation,Modern,-4.734425422727748
0050013000,0.0018540881864212292,Edmonds College,Modern,-6.290362247478182
4015574000,0.0023692446027684176,Morton Arboretum,Modern,-6.045184107650365
4091033000,0.0022087565006216055,4091033000,Modern,-6.115325591212297
5300010018,0.0014142044851360607,"CAST, Inc.",Modern,-6.561188107298625
7203581086,0.000986485024568856,7203581086,Modern,-6.921362412982913
0089078000,0.014103657432986364,"Nevada System of Higher Education, Desert Research Institute",Modern,-4.261321122824029
P270040916,3.340101199574323e-05,P270040916,Modern,-10.306924359166883
4007266000,0.00191935628547667,Society For Developmental Biol,Modern,-6.255765417138223
0013532000,0.007213314045014211,Fort Lewis College,Modern,-4.931826787656935
0026609000,0.00010745546595365162,0026609000,Modern,-9.13843406642875
0015511000,0.024774482436199226,Clark Atlanta University,Modern,-3.6979410895514313
6250000877,0.0018332431036209062,6250000877,Modern,-6.301668692829757
6250041249,0.0017663645877743963,6250041249,Modern,-6.338831749764522
P270041009,0.0017663645877743963,P270041009,Modern,-6.338831749764522
0021832000,0.010961660154707651,BRIDGEWATER STATE UNIVERSITY,Modern,-4.513351534963615
0026989000,0.005892243011134268,CUNY College of Staten Island,Modern,-5.134118536980022
P270042206,0.0016703765270328988,P270042206,Modern,-6.394706212677791
7203582322,0.000244831378527697,The University of Alabama at Birmingham,Modern,-8.314940835280291
7203580067,0.0020369697252644605,University of Michigan,Modern,-6.196292004261042
5300004772,0.006153885372689763,5300004772,Modern,-5.090671628728013
7203582706,0.006153885372689763,7203582706,Modern,-5.090671628728013
6250031365,0.007683772427004413,Ronin Institute for Independent Scholarship Incorporated,Modern,-4.868644650989623
6250036498,0.0018880231033369963,6250036498,Modern,-6.272224974396731
0020776010,0.008427226078255187,0020776010,Modern,-4.776287614706144
0025445000,0.00045355279347211855,DOANE UNIVERSITY,Modern,-7.698398881795139
0026948000,0.0016555101867636378,CUNY Kingsborough Community College,Modern,-6.403646047710711
7203580665,4.736489036483351e-05,Dartmouth College,Modern,-9.957629313326809
4013520000,0.00553864600388786,Association of Public and Land-Grant Universities,Modern,-5.196005211724729
0027805000,0.001082132564779044,The New School,Modern,-6.828821587782521
7203580604,0.0007597909202737461,7203580604,Modern,-7.182467267435158
4002457000,0.006399269979864338,Cold Spring Harbor Laboratory,Modern,-5.051571360768689
4020665000,0.0007690099439535376,4020665000,Modern,-7.170406657523331
7203581077,0.0019709063587109144,WYMO LLC,Modern,-6.2292617614729355
4008850000,0.009210755220280354,4008850000,Modern,-4.6873834320463
7203582458,0.003280950041170673,"ALLEN INSTITUTE FOR ARTIFICIAL INTELLIGENCE, THE",Modern,-5.719622251827215
6250014542,0.008342444586455482,Las Cumbres Observatory Global Telescope Network,Modern,-4.786398989679597
0038687000,0.0017816309701942181,Milwaukee School of Engineering,Modern,-6.3302260588121815
6250000933,0.0019513261913917303,6250000933,Modern,-6.23924603941882
0023465000,9.76592371099534e-05,Concordia College at Moorhead,Modern,-9.234026311055379
0500729000,0.0006631541389068443,Dona Ana Branch Community College,Modern,-7.318503107760354
6250000724,0.0021234740861677173,Bellarmine University,Modern,-6.154701811644149
4029559000,0.0017030984741829207,"Aerodyne Research, Inc",Modern,-6.375306055025633
4200473000,0.005266653466126089,4200473000,Modern,-5.246360134052222
0018085000,0.002375172539841795,University of Southern Indiana,Modern,-6.042685195779857
7203590120,0.009650849937125245,7203590120,Modern,-4.640709291123704
5300004339,0.015187763494922575,Wepan Inc,Modern,-4.187265208571947
4000253000,0.003506418666375062,American Association for the Advancement of Science,Modern,-5.653160085358255
0020735000,0.0055543405455287295,0020735000,Modern,-5.193175576613767
P270039299,0.0017370005794344777,P270039299,Modern,-6.35559545813976
9000126000,0.013197258623145188,The University of Chicago,Modern,-4.327746151023061
6250031050,0.0020443418552056523,6250031050,Modern,-6.192679372481425
4056693000,0.006209532041956138,"Association for Women in Mathematics, Inc.",Modern,-5.081669741438741
P270033524,0.000557580852723723,P270033524,Modern,-7.491903037838317
7203583868,0.001066346176681725,"UNIVERSITY OF CENTRAL FLORIDA BOARD OF TRUSTEES, THE",Modern,-6.843517262352406
0032417000,0.00047420998168283253,0032417000,Modern,-7.653860335033561
6250033098,0.0004999709765382403,"Vivoz Biolabs, LLC",Modern,-7.60096050815039
7203580862,0.002284030672918655,7203580862,Modern,-6.081813557804531
6250014562,3.54488662204821e-06,South Central College,Modern,-12.550004380988613
0290080000,0.00023790064869081277,Central Community College,Modern,-8.343657413921742
7203588150,0.00244333427590237,7203588150,Modern,-6.0143916659799865
7203596251,0.0005013567211141764,7203596251,Modern,-7.598192692052134
P270024961,0.008137329324988857,University of South Carolina,Modern,-4.8112932455551025
6250017845,0.006106960245159788,"SageFox Consulting Group, LLC",Modern,-5.0983261344790805
7203580998,0.0059627132329679805,7203580998,Modern,-5.122229661064496
5300011835,0.005739290082283488,Georgia Research Alliance,Modern,-5.160419755344234
6250003100,0.0032888432845274134,Eduworks Corporation,Modern,-5.717219361275467
7203580025,0.0020110193501520503,"CREDENTIAL ENGINE, INC.",Modern,-6.209113546083738
7203580127,0.0016330848808923642,7203580127,Modern,-6.417284487843503
6250027519,0.0012233974254936132,6250027519,Modern,-6.706123515544477
0019638000,0.003040125149340139,Eastern Kentucky University,Modern,-5.795856596865269
0034140040,0.000585450023475184,0034140040,Modern,-7.443129735571866
4001926000,0.016608426947204137,"Cary Institute of Ecosystem Studies, Inc.",Modern,-4.097845065007065
P269963704,0.0017370005794344777,P269963704,Modern,-6.35559545813976
P270017979,0.00022554013997350323,P270017979,Modern,-8.397012410545342
5300003191,0.0002658530848262548,H. Lee Moffitt Cancer Center and Research Institute Hospital Inc,Modern,-8.232566714446662
0024794000,0.002684102800274731,Lincoln University of Missouri,Modern,-5.920408759460594
7203592271,0.0028946010923114798,7203592271,Modern,-5.844907969399037
0001065000,0.0003919217730463119,University of Puerto Rico Cayey,Modern,-7.844448296643597
6250038251,0.0023672316881831867,6250038251,Modern,-6.046034070611337
0022095000,0.0033147999362538247,Smith College,Modern,-5.709358008220162
4091915000,0.00020860899310422805,Maine Mathematics and Science Alliance,Modern,-8.475048904609588
0032904000,0.001962630329214808,Lincoln University,Modern,-6.233469700721758
0072793000,0.0014571113606204056,Hawaii Pacific University,Modern,-6.531299323241344
0013250000,0.00043377978782347136,University of San Francisco,Modern,-7.742973553963892
4201638000,0.007092563781816263,4201638000,Modern,-4.948708398467806
4001475000,0.0017866425162407558,Association For Symbolic Logic,Modern,-6.327417109688319
0023077000,0.008510854535871425,Oakland University,Modern,-4.766412925942098
0015610000,0.00028010516365550544,Columbus State University,Modern,-8.180345440825274
0011452001,0.009150692935952137,California Polytechnic State University Foundation,Modern,-4.693925671856981
P270013672,0.0007545617037444504,P270013672,Modern,-7.189373502126825
4008892000,0.0010758772438726133,4008892000,Modern,-6.834618909371051
4001194000,0.004401133334039483,American Statistical Association,Modern,-5.425893195306839
6250021267,0.002513358969637991,6250021267,Modern,-5.986135185561187
P270034767,0.0014395195821460668,Columbia University,Modern,-6.543445844568608
0068957000,0.0016799423990198805,University of Nebraska Medical Center,Modern,-6.388995772452448
5300016549,0.00041574082437152363,Owensboro Community and Technical College,Modern,-7.7854485101972655
4006268000,0.009763528214300328,Oregon Research Institute,Modern,-4.6291014465147295
0019778000,0.003391282272733193,Murray State University,Modern,-5.686547177565144
7203584209,0.0010949901749940081,7203584209,Modern,-6.817009888362139
5300005447,0.003048585781666717,NUETA HIDATSA SAHNISH COLLEGE,Modern,-5.793077474036828
P270022880,0.0007457078469896487,P270022880,Modern,-7.201176660485247
6250008410,0.002102138385632769,Indiana University of Pennsylvania,Modern,-6.164800173474264
0500464000,0.003977242358740069,CUNY Borough of Manhattan Community College,Modern,-5.527166574522818
4203659000,0.0006500489402956039,4203659000,Modern,-7.338462905146481
P270027949,0.0008964623081032505,P270027949,Modern,-7.017054309190273
7203584115,0.002572551753679513,COLERIDGE INITIATIVE INC,Modern,-5.962856972410033
0037333000,0.0023881565296942206,Randolph-Macon College,Modern,-6.037233537151821
0018440000,0.00209173827165104,Wabash College,Modern,-6.169759849759686
0033258000,0.0008978662268421092,Millersville University,Modern,-7.015489468640729
0021881000,0.0026778531991650634,Salem State University,Modern,-5.92273985055509
7203577607,0.002116097335472088,"FloridaMakes, Inc.",Modern,-6.158181766293526
0014712000,0.0007250841966335965,College of Central Florida,Modern,-7.2292227765648285
5300004629,0.008018454709368843,Hispanic Association of Colleges and Universities,Modern,-4.826009555298639
5300009754,0.008287104599044044,University Corporation at Monterey Bay,Modern,-4.793054635130928
6250019464,0.002737758750768531,6250019464,Modern,-5.900615667477643
0033332000,0.0022246971935549384,0033332000,Modern,-6.1081344654096945
0014670000,0.002161569412667034,Bethune-Cookman University,Modern,-6.136920741179036
0031724000,0.00045158024237789546,OSU Institute of Technology,Modern,-7.70275747691622
0031278000,0.008863846782517573,University of Dayton,Modern,-4.7257744344924
P270019691,0.0013447941084023091,P270019691,Modern,-6.6115143569009485
0037655000,0.017657104679798197,Norfolk State University,Modern,-4.036617045163549
0016949000,0.011737121420515658,Chicago State University,Modern,-4.444998688811103
5300011877,0.002858022984474081,5300011877,Modern,-5.857625157353517
0039453000,0.0037298271917680296,University of Puerto Rico Medical Sciences Campus,Modern,-5.5913933756843575
6250036172,0.0004643921642685356,LuxNour Technologies Inc,Modern,-7.674781181089656
4004925000,0.0014188179008126657,McLean Hospital - PEAR,Modern,-6.557931218276154
7203578729,2.1127939963626058e-05,7203578729,Modern,-10.764914224528475
0014266010,0.0056974816531269465,YALE UNIVERSITY,Modern,-5.16773101701163
6250009905,0.007003345276968066,"Florida Institute for Human and Machine Cognition, Inc.",Modern,-4.961367347373364
0001123000,0.0030387566531219637,Parkland College,Modern,-5.796306842909118
0023267000,0.00010538293599457982,0023267000,Modern,-9.157909832548473
4100756000,0.01332385977891344,Smithsonian Institution Astrophysical Observatory,Modern,-4.318198882654337
7203581792,2.989159998687774e-05,7203581792,Modern,-10.417933053931517
7203590731,0.0007743840772332665,7203590731,Modern,-7.163442583637281
4008181000,0.0022014773120546693,WGBH Educational Foundation,Modern,-6.118626638497395
6250025093,0.001918961936462411,6250025093,Modern,-6.2559708972432295
7203585321,0.0010521691226823245,7203585321,Modern,-6.8569014145815945
7203580847,0.004970469917235662,7203580847,Modern,-5.304240892591598
7203589433,0.014399222763483885,Rocky Mountain Innovation Initiative (DBA: Innosphere Ventures),Modern,-4.240581048614935
5300002988,1.0973546307008003e-05,ALAMO COMMUNITY COLLEGE DISTRICT - St. Philip's College,Modern,-11.420023062718293
5300010146,1.0973546307008003e-05,Palo Alto College,Modern,-11.420023062718293
5300007283,1.0973546307008003e-05,San Antonio College,Modern,-11.420023062718293
7203596474,1.0973546307008003e-05,7203596474,Modern,-11.420023062718293
6250006270,0.0007036056928206958,Northwest Vista College,Modern,-7.259292454143416
P270033820,0.0017508889811306495,P270033820,Modern,-6.347631630812043
P270007334,0.0031124150617649433,P270007334,Modern,-5.772356306956462
6250040298,0.003936179686342592,6250040298,Modern,-5.537544648816217
0035766000,0.00045604165001606833,HOUSTON CHRISTIAN UNIVERSITY,Modern,-7.692926414866391
6250002184,0.0032431373464454462,ETR Associates,Modern,-5.731214100890042
0036988000,0.0013040974956271762,0036988000,Modern,-6.6422440516873
7203579631,0.003759447871375553,OKLAHOMA STATE REGENTS FOR HIGHER EDUCATION,Modern,-5.5834831750820495
6250019884,0.002765414880465077,6250019884,Modern,-5.890564608079315
5300011386,9.72444052753417e-05,5300011386,Modern,-9.23828310642299
P270028137,0.0018260469162008424,P270028137,Modern,-6.305601803710711
6250019529,0.0028115616675667434,6250019529,Modern,-5.874015196427841
7203585540,0.0016703765270328988,FRONTLINE BIOTECHNOLOGIES INC.,Modern,-6.394706212677791
6250016321,0.0008644282896092928,6250016321,Modern,-7.053442206415324
7203585967,0.0014961992975005482,COMPUTER SCIENCE ALLIANCE,Modern,-6.5048271880485045
7203577516,0.0008644282896092928,"COCONINO, COUNTY OF",Modern,-7.053442206415324
0014142000,4.6949992478390305e-05,Trinity College,Modern,-9.966427512514695
0028290000,0.003152724386803118,Saint Lawrence University,Modern,-5.759488315242452
7203588454,0.00010514015700100666,7203588454,Modern,-9.160216269317413
P270031960,0.00191935628547667,The University of Texas at Austin,Modern,-6.255765417138223
0036301001,0.00216303250232208,0036301001,Modern,-6.13624410562292
P269972311,0.0010681756673782906,P269972311,Modern,-6.841803069405965
P269972339,0.0010681756673782906,P269972339,Modern,-6.841803069405965
7203590928,0.0005890532262854478,7203590928,Modern,-7.436994011187666
6250014545,0.0025615632766135933,6250014545,Modern,-5.9671375519373315
0022731000,0.00039075973531029645,Hope College,Modern,-7.847417674551303
P270008339,0.00037282494956337775,P270008339,Modern,-7.894401552597734
0002914000,0.0015425284816127198,0002914000,Modern,-6.474332337776451
6250003227,0.009118305954204655,Society for Personality and Social Psychology,Modern,-4.697471242785137
0032094000,0.003504190383115127,Western Oregon University,Modern,-5.6537957743031795
7203597556,0.005117130826783935,7203597556,Modern,-5.275161382399062
4000032000,0.015635341252881227,SETI Institute,Modern,-4.1582214620949
4007944000,0.0008849579789420035,National Center for Atmospheric Research,Modern,-7.029970395505088
5300012259,0.002999312959000292,5300012259,Modern,-5.809372030208231
5300000720,0.0018956090391778712,National Institute of Statistical Sciences,Modern,-6.268215099377319
0023770000,1.267267678286321e-05,St. Cloud State University,Modern,-11.276062316579772
0014662000,0.0012432533801668543,Barry University,Modern,-6.690023641558037
6250023909,0.0014184295427933293,6250023909,Modern,-6.558204975168692
5300011310,0.0020437579267738233,Tides Center,Modern,-6.192965044782466
0012617000,0.007080999424300882,Pasadena City College,Modern,-4.950340219614455
P270085499,0.005441205855603135,P270085499,Modern,-5.213754578045331
0021022000,0.003197957614552425,University of Baltimore,Modern,-5.745242918394158
0011577000,0.006402667705946604,California State University-Stanislaus,Modern,-5.051040546411451
0012583000,0.0019404969783053427,0012583000,Modern,-6.244811164329758
6250010436,0.002511606520444171,6250010436,Modern,-5.986832682596072
0014183000,0.004611384795868921,University of Connecticut Health Center,Modern,-5.379227077522072
0013581000,5.592517761044331e-05,Colorado Mesa University,Modern,-9.791495874724669
7203596788,0.003753907771872986,7203596788,Modern,-5.5849579090809955
4001855000,0.0016696927613322318,Botanical Society of America,Modern,-6.395115644729156
P270027406,0.0014091574623619645,P270027406,Modern,-6.56476329761702
0012690000,0.0029821019347823297,University of Southern California,Modern,-5.815126879862886
P270041866,0.003671442051827997,P270041866,Modern,-5.6071707644388935
P270071441,0.003671442051827997,P270071441,Modern,-5.6071707644388935
P270041809,0.003671442051827997,P270041809,Modern,-5.6071707644388935
P270069101,0.003671442051827997,P270069101,Modern,-5.6071707644388935
P270041654,0.003671442051827997,P270041654,Modern,-5.6071707644388935
7203581285,0.0019098137806428381,University of Maine,Modern,-6.260749538722379
0028811000,0.002552226873372082,Westchester Community College,Modern,-5.9707890172268145
0027375000,0.0009798305656372565,IONA UNIVERSITY,Modern,-6.928130893454118
0039172000,0.007501618460222681,University of Wisconsin-Eau Claire,Modern,-4.892636487023841
0032177000,0.012728059339682423,Reed College,Modern,-4.363946325820308
7203584702,0.0003179258638969574,7203584702,Modern,-8.053692334763184
6250019332,0.011530071147633249,"Morgridge Institute for Research, Inc.",Modern,-4.462796774066847
4027819000,0.0051258859089509485,National Audubon Society,Modern,-5.27345190861317
0025304000,0.00363477669394352,Montana State University Billings,Modern,-5.617207602086298
7203579755,0.0001254198813594895,7203579755,Modern,-8.983843398795553
0022293000,0.0045302657800300825,Williams College,Modern,-5.396974670119957
4061446000,0.000543890127117636,4061446000,Modern,-7.516763303717693
7203582107,0.0006517494959781998,7203582107,Modern,-7.335850278487057
6250041978,0.009251085928512004,Digital Promise Global,Modern,-4.683014336671397
7203578883,0.0019386896269810718,"DYNAMIC ENTROPY TECHNOLOGY, LLC",Modern,-6.245742984135788
7203578434,0.0019386896269810718,7203578434,Modern,-6.245742984135788
7203588453,0.0008963901429112091,7203588453,Modern,-7.017134812404065
0077297000,0.0038016144411935106,County College of Morris,Modern,-5.5723294495285955
0015149000,0.0007250841966335965,0015149000,Modern,-7.2292227765648285
7203580142,0.0010902612762294396,ThermoAI,Modern,-6.8213379085024615
6250016311,4.8305001138904305e-05,Cyber Innovation Center,Modern,-9.937975459417443
0035378000,0.0007066856678197509,0035378000,Modern,-7.254924590903637
0027391000,0.0017325967837790823,Ithaca College,Modern,-6.358133964807382
7203590432,0.0014018375204180407,7203590432,Modern,-6.56997138837093
0089763000,0.003218917610438422,Clayton College and State University,Modern,-5.738710121762069
0011361000,0.00138434236657862,CSU Office of the Chancellor,Modern,-6.5825300776832
4008363000,0.00344200515678505,Academy of Natural Sciences Philadelphia,Modern,-5.671701082999533
P270046799,0.0012168060225945167,P270046799,Modern,-6.71152586749617
6250016896,0.00046495729578004705,6250016896,Modern,-7.6735649936263535
4002751000,0.005766744277542074,4002751000,Modern,-5.155647607703771
6250036433,0.0011700350173646193,6250036433,Modern,-6.750721601248878
7203576987,0.0015709281588683383,Los Angeles City College,Modern,-6.456088650309763
7203577065,0.0014500240152203708,7203577065,Modern,-6.536175160465861
0029272000,0.004590617005965867,Elon University,Modern,-5.383740839986069
5300010941,0.0017866425162407558,5300010941,Modern,-6.327417109688319
7203582627,0.0017030984741829207,7203582627,Modern,-6.375306055025633
4001723000,0.0037155855570496082,Beth Israel Deaconess Medical Center,Modern,-5.5952189935696675
0020958000,0.000221393128332436,St Mary's College of Maryland,Modern,-8.41557057551361
4091024000,0.0006876706359728096,Coriell Institute for Medical Research,Modern,-7.282200561440889
4006771000,0.0019098137806428381,The Ohio State University,Modern,-6.260749538722379
0028951000,0.003635333720228241,Vassar College,Modern,-5.617054364720129
4076865000,0.005125766453245855,American Indian Science and Engineering Society (AISES),Modern,-5.273475213286579
0035402000,7.038033021218972e-05,Amarillo College,Modern,-9.561596734234872
0036657000,0.0010617955610197718,West Texas A&M University,Modern,-6.847793878441475
6250002355,0.002376945531214763,Friends of the North Carolina State Museum of Natural Sciences,Modern,-6.0419390057952125
4203295000,0.00326635022454567,4203295000,Modern,-5.724082056702965
4008835000,0.0030553766506069284,Oak Ridge Associated Universities,Modern,-5.79085240407045
P270030693,0.004266645236953097,University of Colorado Boulder,Modern,-5.456927419326406
0010728000,0.0016777312464275175,0010728000,Modern,-6.390312846799444
4004842000,0.008744561065993799,Massachusetts General Hospital,Modern,-4.7393233643391515
7203581211,0.00013024585195637933,Athinoula A. Martinos Center for Biomedical Imaging,Modern,-8.946086724621953
P269710029,5.61296528476499e-05,P269710029,Modern,-9.787846313820848
0290452000,0.00022277280074831562,Northeast Ohio Medical University,Modern,-8.409358136590011
0036210000,0.004631177489542014,St. Edward's University,Modern,-5.374944125821498
0020784000,0.0012035849221377188,"Loyola University Maryland, Inc.",Modern,-6.722450740590175
6250009705,0.000986051475184822,6250009705,Modern,-6.921801998654529
7203576470,0.0019709063587109144,School of Enviromental and Forest Sciences,Modern,-6.2292617614729355
5300007902,5.129476970560544e-05,5300007902,Modern,-9.877921766041744
6250008548,0.0014231719367243268,Innovations for Poverty Action,Modern,-6.554867140241344
6250010606,0.0011022360400546039,6250010606,Modern,-6.810414398760292
7203581054,0.0014951128879501674,"IDAHO, STATE OF",Modern,-6.505553564655689
0018051000,0.0021551587048568117,Indiana Institute of Technology,Modern,-6.139890913192925
0013854000,0.00425659629675034,Fairfield University,Modern,-5.459285429437749
0011718000,0.010755998893107957,Harvey Mudd College,Modern,-4.532291643484788
6250010451,0.006939754833465449,6250010451,Modern,-4.970488831677415
0035816000,0.0017921833714009954,Lamar University,Modern,-6.324320641873795
0036244000,0.002153331721471989,Stephen F. Austin State University,Modern,-6.140738998398437
4002010000,0.004691297210903502,California Academy of Sciences,Modern,-5.362046143957154
0022590000,0.0022189333035904763,Eastern Michigan University,Modern,-6.110728692450287
0500704000,0.0017966021270666114,0500704000,Modern,-6.321858105229865
0039206000,0.004039236555095688,University of Wisconsin-Oshkosh,Modern,-5.511699576377413
4101408000,0.001970691070836538,4101408000,Modern,-6.229371000368301
7203581654,0.0005886193023148672,7203581654,Modern,-7.43773092909936
P270036819,0.0013213834805141788,P270036819,Modern,-6.62907599994945
6250041110,0.000690145862477137,Precision Microwave Inc.,Modern,-7.2786075878193195
7203582898,0.0016814632960883388,7203582898,Modern,-6.388090855099296
0039917000,0.0015909919202940928,Greenville Technical College,Modern,-6.443397608021473
6250041973,0.0015909919202940928,Spartanburg Community College,Modern,-6.443397608021473
0039941000,0.0015909919202940928,0039941000,Modern,-6.443397608021473
6250000772,0.0018956090391778712,Association of Research Libraries,Modern,-6.268215099377319
0034462000,0.0048428799446594735,South Carolina State University,Modern,-5.330245705325366
6250017339,0.00010620786912573683,6250017339,Modern,-9.15011235467234
0020396000,0.0071299308991502105,Colby College,Modern,-4.943453736166681
4004685000,0.0001042746392183685,Lowell Observatory,Modern,-9.168482377792612
P269845280,0.0010506939683163003,P269845280,Modern,-6.858304410919599
0040758000,1.66532843471348e-05,Eastern Iowa Community Colleges,Modern,-11.002903102904465
0077370000,0.0014801231480218516,University of Toledo Health Science Campus,Modern,-6.515629986544845
0114637000,0.0014806209779657882,University of Alaska Southeast Juneau Campus,Modern,-6.515293699498451
6250020701,0.0016703765270328988,Cellulose Sciences International,Modern,-6.394706212677791
6250008669,0.00689148116250743,6250008669,Modern,-4.977469244272183
P269969361,0.0007402462046297762,P269969361,Modern,-7.208527718142254
4204855000,0.000281700399223764,4204855000,Modern,-8.17466646588819
7203595176,0.0016703765270328988,"MOLECULAR INTERFACES, LLC",Modern,-6.394706212677791
0020206000,0.002142639666376108,The University of Louisiana at Monroe,Modern,-6.145716721110083
6250002125,0.0009572994646249209,Van Andel Research Institute,Modern,-6.951394295267402
6250042504,0.0013545091181435967,Association of Children's Museums,Modern,-6.604316164720478
7203582194,0.0008861828823499179,7203582194,Modern,-7.028587215172034
0024059000,0.0006421488758588436,0024059000,Modern,-7.350690387296411
4010799000,0.00043377978782347136,Council of Graduate Schools,Modern,-7.742973553963892
0033134000,0.0006393807306107203,Widener University,Modern,-7.355010458466533
0083105000,0.0019483735796380966,Auburn University at Montgomery,Modern,-6.240760316153543
6250032666,0.0029806522362650556,National Girls Collaborative,Modern,-5.815613131183753
5300001640,0.003212134081292081,Twin Cities Public Television,Modern,-5.740819739904588
6250006090,0.0019709063587109144,Seattle Children's Hospital,Modern,-6.2292617614729355
7203579350,0.00209173827165104,Purdue University,Modern,-6.169759849759686
0027078040,0.0027167958394669627,Columbia University Lamont-Doherty Earth Observatory,Modern,-5.908302093257811
7203579556,0.0014018375204180407,7203579556,Modern,-6.56997138837093
P270059542,0.0037613670276045925,P270059542,Modern,-5.582972816484883
0026716000,0.005982397072612292,Bard College,Modern,-5.1189339430748735
4007779000,0.003208566312519878,4007779000,Modern,-5.741931073223565
0036392000,0.008395101108071838,Texas A&M University-Kingsville,Modern,-4.780106944680986
6250041859,0.00209173827165104,Miftek Corporation,Modern,-6.169759849759686
P269774004,0.0019709063587109144,P269774004,Modern,-6.2292617614729355
0029363000,0.003774486731851698,Johnson C. Smith University,Modern,-5.579490870597636
0029314000,0.0008657396987602027,Guilford College,Modern,-7.051926273383542
4306350000,0.0010475224828972573,4306350000,Modern,-6.8613274430119136
7203584089,0.00012627162574948295,INNOTECH SYSTEMS LLC,Modern,-8.977075211412576
7203579830,0.0016670508710107676,7203579830,Modern,-6.396699159175939
P269817896,0.0009954702615135925,P269817896,Modern,-6.9122953078207505
6250041044,0.001379074392432301,6250041044,Modern,-6.586342734974626
7203579648,9.689711345601266e-05,7203579648,Modern,-9.24186082840689
5300009203,0.0002930838314888169,South Texas College,Modern,-8.135051875573794
0023945000,0.002414765480109187,Winona State University,Modern,-6.026153106278689
7203579258,0.002352555160582608,7203579258,Modern,-6.052253239135589
P269980020,0.0016500054832627462,"University of California, Irvine",Modern,-6.406976667885626
0037200000,0.00011468769961963982,Environmental Health and Education Center,Modern,-9.073297779164182
P269947661,0.0014395195821460668,P269947661,Modern,-6.543445844568608
7203581411,0.0006517494959781998,University of South Florida,Modern,-7.335850278487057
4000758000,0.0001394846212251723,American Mathematical Society,Modern,-8.877556204893423
0010926000,0.0022145335531035017,University of Central Arkansas,Modern,-6.112713483167599
0025429000,3.299785526160021e-05,Creighton University,Modern,-10.31906799068259
P270035413,0.0014111789805556069,University Of Pennsylvania Graduate School of Education,Modern,-6.563329767553679
7203584597,0.0008504604705694722,IMPACT ALLIES INC,Modern,-7.069732625080948
7203576047,0.0034437438497468935,7203576047,Modern,-5.671196070982062
0013656000,0.003732099984373258,Colorado State University-Pueblo,Modern,-5.590784205259115
0036814000,0.001273356103859181,Westminster College of Salt Lake City,Modern,-6.666099262579733
6250003246,1.898019147130633e-05,Central Utah Education Service Center,Modern,-10.872114676777194
5300000250,0.005119725560810384,University System of Maryland,Modern,-5.274654442771549
4203980000,0.0014185034023354588,4203980000,Modern,-6.558152905173684
0012328000,0.00018896122978354202,0012328000,Modern,-8.573968697367782
5300016244,0.0024575131576658363,Institute for Systems Biology,Modern,-6.008605351871492
0011379000,0.00024956545519897025,California State University-Fullerton,Modern,-8.295789331692406
P269897961,0.0037488716359401334,P269897961,Modern,-5.586300381361059
6250001885,0.0018880231033369963,Carnegie Learning,Modern,-6.272224974396731
7203584339,0.002343418718182795,7203584339,Modern,-6.056144425144643
4100160000,0.0018260469162008424,NATIONAL INSTITUTE OF STANDARDS AND TECHNOLOGY,Modern,-6.305601803710711
7203579196,0.0016152586872673932,7203579196,Modern,-6.428260157260076
9000003334,0.004412053895945203,9000003334,Modern,-5.423414961902754
0028431000,0.004090504697336597,SUNY College at Cortland,Modern,-5.49908691865851
0037754000,0.004662173843702379,Eastern Washington University,Modern,-5.368273449552358
0038042000,6.944164859069733e-05,Whitworth University,Modern,-9.575023746668517
0014068000,0.0013696485514075895,Southern Connecticut State University,Modern,-6.593201103871297
P270014458,4.97606269742171e-05,P270014458,Modern,-9.908286509648558
0038695000,0.0017519415614299873,"Mount Mary University, Inc.",Modern,-6.34703064237242
7203581591,0.0008104330270453217,7203581591,Modern,-7.11794185185563
4036638000,0.0010319688018049424,Atmospheric and Environmental Research Inc,Modern,-6.876286843188891
0013219010,0.0010602612750395908,0013219010,Modern,-6.84923991534441
7203585040,0.0019943501848064295,Susteon Inc,Modern,-6.21743700360075
0015313000,0.0003147040394405621,Stetson University,Modern,-8.063877918130846
4005351000,0.0052936272220049955,Icahn School of Medicine at Mount Sinai,Modern,-5.241251592842554
5300005468,3.388719216702044e-06,5300005468,Modern,-12.595058520143207
0080747000,0.0002273986347946174,0080747000,Modern,-8.38880598020756
0001354000,0.00035425288202519387,Le Moyne-Owen College,Modern,-7.945499543857929
6250000105,0.0036371352079113575,Miami Dade College,Modern,-5.616558937998402
6250002231,0.0017181284127928,Miami Dade College,Modern,-6.366519712699527
0015065000,7.978389043983065e-05,Miami Dade College,Modern,-9.436188948075433
7203596180,5.703867429326438e-05,7203596180,Modern,-9.771781023831265
0036368000,0.012624467004083009,Texas Christian University,Modern,-4.372118522210273
0111633000,0.006913742727719921,University of Texas at Tyler,Modern,-4.974244148513481
0019992000,0.0028088119502733453,University of Louisville,Modern,-5.874993678535883
4025045000,0.0045960250015225565,Bigelow Laboratory for Ocean Sciences,Modern,-5.382563479166525
7203580872,0.00209173827165104,DENCODA LLC,Modern,-6.169759849759686
0028753000,0.002553863964151513,SUNY Onondaga Community College,Modern,-5.9701477866307995
6250042031,0.0008964623081032505,6250042031,Modern,-7.017054309190273
P270035854,0.0009485168307365964,P270035854,Modern,-6.960611024164038
0011536001,0.0037574138253189445,"The University Corporation, Northridge",Modern,-5.584024370646988
6250038401,0.0010391504138148246,6250038401,Modern,-6.86935180947493
7203580850,0.0019813456143811074,North Carolina State University,Modern,-6.223979061878608
7203579171,0.0019813456143811074,7203579171,Modern,-6.223979061878608
0020057000,0.0033374273980362216,0020057000,Modern,-5.702555008889765
7203581618,0.0008120352766673938,7203581618,Modern,-7.115966774574599
P270024775,0.0013213834805141788,Smithsonian Conservation Biology Institute and National Zoo,Modern,-6.62907599994945
5300017434,0.007021832453898792,San Jacinto Community College District,Modern,-4.95873106168877
6250030884,0.0035065227971916297,6250030884,Modern,-5.653130388599166
0012823000,0.00013185760390719864,0012823000,Modern,-8.933787975935209
0290429000,0.00013185760390719864,0290429000,Modern,-8.933787975935209
6250013175,0.0004533885970095339,"ATMOSPHERIC & SPACE TECHNOLOGY RESEARCH ASSOCIATES, L.L.C",Modern,-7.698760970164027
4001715000,0.000957264711794764,Bernice P Bishop Museum,Modern,-6.9514305989135154
5300011992,0.005225580342299375,5300011992,Modern,-5.25418941700258
7203595412,0.0007931527861512569,7203595412,Modern,-7.13949468634884
4101697000,0.0033494228487411003,4101697000,Modern,-5.698967231945629
6250037136,0.0019280029858050986,6250037136,Modern,-6.251270534140885
0020040000,0.0029998684971086565,Dillard University,Modern,-5.809186825571893
0039859000,0.00165575708883731,Oral Roberts University,Modern,-6.403496919263153
4101374000,0.007864642772295294,4101374000,Modern,-4.845378163427723
4000345000,0.0012680614819233732,American Astronomical Society,Modern,-6.670265936821303
6250000287,0.0004643921642685356,Teachers Development Group,Modern,-7.674781181089656
6250018355,0.004938222140080397,American Society for Biochemistry and Molecular Biology,Modern,-5.31074990323048
6250041415,0.0010244064438323856,"Avium, LLC",Modern,-6.883641913310791
0021154000,0.01267204507333161,Amherst College,Modern,-4.368356886993128
7203597026,0.0016676230979199048,7203597026,Modern,-6.396355961058171
6250025863,0.0015131321038774185,6250025863,Modern,-6.493573535444529
5300016229,0.0056510412494191675,Keck Graduate Institute,Modern,-5.175915458870864
6250000388,0.0006517494959781998,Fish and Wildlife Research Institute,Modern,-7.335850278487057
7203576901,0.004132473320424675,7203576901,Modern,-5.488879184327521
7203581410,0.0015131321038774185,"STORX TECHNOLOGIES, INC.",Modern,-6.493573535444529
6250040689,0.0014026636954010587,Nikira Labs Inc.,Modern,-6.569382210514806
P270035540,0.0017370005794344777,Cornell University,Modern,-6.35559545813976
0013268000,0.015124387482876341,Santa Clara University,Modern,-4.191446772885169
P269987254,0.002146530675315911,P269987254,Modern,-6.143902379548797
P270030420,0.00328022310542387,Northwestern University,Modern,-5.719843838953034
6250040169,0.0019114503174639018,6250040169,Modern,-6.259892996552509
0022814000,0.002486238735700296,Macomb Community College,Modern,-5.996984258444749
6250018616,0.00243177125895179,6250018616,Modern,-6.019135374008961
6250022829,0.002270117966322431,6250022829,Modern,-6.087923481296171
6250031759,0.004119119544538159,6250031759,Modern,-5.492115841240396
6250008359,0.0001534545300550054,6250008359,Modern,-8.782106255959201
7203579934,0.0001534545300550054,GMTO CORPORATION,Modern,-8.782106255959201
0016154000,0.0008964623081032505,Hawai'i Community College,Modern,-7.017054309190273
7203579767,0.001750393467847496,7203579767,Modern,-6.347914677549165
0097568000,0.0011145600006526807,University of Massachusetts Medical School,Modern,-6.799295570201043
5300016440,0.0024105122298223613,5300016440,Modern,-6.027916010568986
0038158000,0.0007344783988905842,0038158000,Modern,-7.216349972053621
0038158001,0.007160735717397851,Marshall University Research Corporation,Modern,-4.93914254946188
0035311000,5.1490083430198354e-06,University of Tennessee Martin,Modern,-12.176706416583105
0010165000,0.0003401497477828904,University of North Alabama,Modern,-7.986124602661381
4018560000,0.0016670508710107676,4018560000,Modern,-6.396699159175939
0100511000,0.0034336028726451953,CUNY Laguardia Community College,Modern,-5.67414516890045
6250024402,0.0016152586872673932,"Kalion, Inc.",Modern,-6.428260157260076
7203580428,0.002962636080774074,7203580428,Modern,-5.8216758391373356
0037663000,0.0032939098118891772,Virginia Union University,Modern,-5.715680027112996
0026229000,0.01136532152895286,Kean University,Modern,-4.477188530924904
4003646000,0.0009653267745573528,University of Connecticut,Modern,-6.943043887461993
0037465000,0.003775747453235111,University of Mary Washington,Modern,-5.5791569150237486
0034587000,0.0040665539926652595,Augustana University Association,Modern,-5.504959323016531
0012948000,0.0056671511806201755,Southwestern College,Modern,-5.173068724786774
P269895361,4.5669674033257003e-05,P269895361,Modern,-9.994076068229733
5300001485,4.5669674033257003e-05,5300001485,Modern,-9.994076068229733
6250019456,0.003352271732838539,6250019456,Modern,-5.698117033765342
5300001416,0.0016795690456285132,University of Nebraska,Modern,-6.389218038933189
0035659000,0.005945742235201772,Texas A&M University-Commerce,Modern,-5.125079906304241
6250010349,2.490083008532115e-05,6250010349,Modern,-10.600609418289384
7203583062,0.0010142910835174949,7203583062,Modern,-6.893565350395394
7203580588,0.0013706593003643545,MIZAR IMAGING LLC,Modern,-6.59246341375962
0033696000,0.0038562809647639446,Susquehanna University,Modern,-5.55805204058231
0015800000,0.0022292952554267323,The Corporation of Mercer University,Modern,-6.106069772414406
0500717000,0.0011372704451481897,Marion Technical College,Modern,-6.779124233967963
5300012004,0.004632429203784399,Georgia Institute of Technology (GIT),Modern,-5.3746738824289535
P270041907,0.003220118202752062,P270041907,Modern,-5.738337211170364
6250005608,0.0028225344446960055,6250005608,Modern,-5.870120058402518
6250041667,0.001918961936462411,Boydston Chemical Innovations,Modern,-6.2559708972432295
P269958094,0.000537914941178413,P269958094,Modern,-7.527810112200773
6250039505,0.00039276179958678143,CLC GLOBAL-USA,Modern,-7.84230723777435
0032789000,0.0004967708720264985,Thomas Jefferson University,Modern,-7.607381660250478
0032789010,0.0004967708720264985,0032789010,Modern,-7.607381660250478
6250026155,0.002343418718182795,"HelioBioSys, Inc.",Modern,-6.056144425144643
0025916000,0.0005092306291150083,University of Colorado,Modern,-7.582609541646591
5300011947,0.00076050674656706,5300011947,Modern,-7.1815255750786875
4200200000,0.0016703765270328988,4200200000,Modern,-6.394706212677791
4010583000,0.0017324101520808384,4010583000,Modern,-6.358241688515807
5300010577,0.0023738539850396674,5300010577,Modern,-6.043240490566736
6250041879,0.005675207390201805,University Industry Demonstration Partnership,Modern,-5.1716481717534535
P269993465,0.0037235465430887787,New York University,Modern,-5.593078693069277
4202859000,0.007464760286157545,4202859000,Modern,-4.897561960206837
6250002636,0.006172803293536364,The Alexandria Archive Institute,Modern,-5.087602201696701
5300011765,0.006110688754525825,University of California Div of Agriculture & Natural Resources,Modern,-5.097715786370066
P269910292,0.0014395195821460668,P269910292,Modern,-6.543445844568608
0048041000,0.0070917860046376445,New York Institute of Technology,Modern,-4.948818065416395
P269935091,0.0011044704058826731,University of Missouri Research Reactor,Modern,-6.808389329593743
0018770000,0.0012947800077257794,North Iowa Area Community College,Modern,-6.649414476465604
0026690000,7.166147528795346e-05,Bank Street College of Education,Modern,-9.543557258970978
0037788000,0.00480984906410751,The Corporation of Gonzaga University,Modern,-5.337089574960245
4000329000,0.0026891935765726593,4000329000,Modern,-5.918513915973815
P270059116,0.0009653267745573528,P270059116,Modern,-6.943043887461993
6250000129,0.000901904681360063,6250000129,Modern,-7.011001718252736
P270080126,0.0037869763104487254,University of Colorado Boulder,Modern,-5.576187385574856
7203576475,0.0019700540798460527,Riverside Community College District,Modern,-6.229694284910527
5300008804,0.0019307454261774512,5300008804,Modern,-6.249849119453379
0026872000,0.005317284858124716,CUNY Brooklyn College,Modern,-5.236792470923288
0025312000,0.0011379043990200706,Montana Technological University,Modern,-6.778566954697833
0500664000,0.0001325788782184089,Shoreline Community College,Modern,-8.928332782354355
6250021220,0.0010244064438323856,6250021220,Modern,-6.883641913310791
0031195000,0.0007046306622632773,Sinclair Community College,Modern,-7.257836775741315
0097683000,0.004767181001737316,University of North Texas Health Science Center at Fort Worth,Modern,-5.346000133743063
0023416000,0.0015638335862648116,College of Saint Benedict,Modern,-6.460615045164163
P270051675,0.0016814632960883388,"University of California, Los Angeles",Modern,-6.388090855099296
7203580860,0.0009127342564956584,SARKAR-KLEIN-LABS,Modern,-6.9990657860071295
6250007704,0.010303671018075167,"J. Craig Venter Institute, Inc.",Modern,-4.575255037723473
P270054048,0.00040072834217671664,P270054048,Modern,-7.822226811162157
7203584019,0.0008409665278506736,7203584019,Modern,-7.080958699198754
P270047406,0.0016777312464275175,P270047406,Modern,-6.390312846799444
P270051849,0.00334933336278146,New York University,Modern,-5.698993949132168
0023580000,0.001914564628009625,Macalester College,Modern,-6.258265030494916
4077731000,3.753739728784614e-05,4077731000,Modern,-10.190172860913083
0011676000,0.002171810198687098,City College of San Francisco,Modern,-6.132194266231961
P269892750,0.0005099308992043801,P269892750,Modern,-7.581235333181858
P270057744,0.002691465373546289,P270057744,Modern,-5.917669485159788
4202727000,0.00841832962940778,University of British Columbia,Modern,-4.777343851713565
P270057328,0.0012127284381288205,P270057328,Modern,-6.714882550317703
7203584201,0.0034918040309859263,7203584201,Modern,-5.657336761999373
7203590634,0.0020570870208285745,7203590634,Modern,-6.18646436447664
7203583083,0.0010153414509985854,NANOXORT LLC,Modern,-6.892530318135122
0071092000,0.0010124587072969397,SUNY at Old Westbury,Modern,-6.895373542731829
P270047251,0.0015709281588683383,University of Southern California,Modern,-6.456088650309763
0020321000,0.004564842642292728,Xavier University of Louisiana,Modern,-5.389371236001893
6250001083,0.0019640192008372167,Alamance Community College,Modern,-6.232762292703956
4000766000,0.0014026636954010587,American Meteorological Society,Modern,-6.569382210514806
P270052900,0.0012689099487443584,Harvard University,Modern,-6.669597055144227
0033282000,0.006997792171277685,West Chester University of Pennsylvania,Modern,-4.962160583780347
6250044030,0.0024071491118026855,6250044030,Modern,-6.029312172867453
6250019404,0.00023057095335119943,WNET,Modern,-8.374951919246095
7203581093,0.0009206121529044094,7203581093,Modern,-6.990471725598954
0020891000,0.0036297052972767752,Prince George's Community College,Modern,-5.618603819324287
7203595360,0.0019420766694699476,7203595360,Modern,-6.243997430247635
6250035678,0.0011225127766993487,6250035678,Modern,-6.792185556052422
P269778248,0.00016023202652200132,P269778248,Modern,-8.738887627442855
0013722000,0.000547336258769412,Western Colorado University,Modern,-7.5104472117449905
6250018819,0.0003329797538002874,National-Louis University,Modern,-8.007428869230726
0039909000,0.0023830597172996995,Florence-Darlington Technical College,Modern,-6.039370021465002
7203582851,0.0011193544035888177,VAPOR CELL TECHNOLOGIES LLC,Modern,-6.795003185239232
0022434000,0.002410888740352797,Central Michigan University,Modern,-6.027759827528609
0012427000,0.001821759112013633,Monterey Peninsula College,Modern,-6.307952699634909
7203586140,0.00016122765121002412,7203586140,Modern,-8.732693209041
6250031346,0.002265793287650551,The New York City Foundation for Computer Science Education,Modern,-6.08983034399262
7203591399,0.0014179483094292425,7203591399,Modern,-6.558544304689495
4091896000,0.00029337877073967413,4091896000,Modern,-8.134046050907047
5300016324,0.00029337877073967413,Aaniiih Nakoda College,Modern,-8.134046050907047
7203596368,0.0014111789805556069,7203596368,Modern,-6.563329767553679
7203583677,0.0020307306231202127,7203583677,Modern,-6.199359637814441
6250043385,0.00010717312327544923,Clarkson University,Modern,-9.141065056476105
0102988000,0.005209611970834447,Texas A&M University Galveston,Modern,-5.257249903757369
7203579190,7.866389613888147e-05,7203579190,Modern,-9.450326260800503
0035329000,0.0014029755114011188,"The University of Tennessee, Memphis - The Health Science Center",Modern,-6.569159932468087
6250009817,0.0006417035934375338,Louisiana State University at Alexandria,Modern,-7.351384053351996
0030262000,0.001068503497396232,Central State University,Modern,-6.841496210027245
5300008992,0.003403679993214941,H.T. Harvey & Associates,Modern,-5.682898081733926
0100974000,0.002984914971049909,CUNY Medgar Evers College,Modern,-5.814184017953704
0026922000,0.0027595576894148786,CUNY Bronx Community College,Modern,-5.892684869554055
6250007305,0.0003287880924165616,6250007305,Modern,-8.020097110716135
0035410000,0.00016263940513148818,Angelo State University,Modern,-8.72397504622903
0013748000,2.3850949014326427e-06,0013748000,Modern,-12.946271643458525
0025213000,6.794665437482378e-05,Webster University,Modern,-9.596787655152882
P270035395,0.0004533885970095339,Boston College,Modern,-7.698760970164027
P270039655,0.0013215817125802193,Princeton University,Modern,-6.628925992626667
7203595283,9.88363783804494e-05,7203595283,Modern,-9.222044818748989
0012096000,0.00016865106118148148,Hartnell College,Modern,-8.68767870426484
7203578804,0.001213354357002371,7203578804,Modern,-6.714366558951955
6250034221,0.002243944716026087,Imperial Valley College,Modern,-6.099519927977179
5300004505,0.002829605281277581,Pacific Northwest National Laboratory,Modern,-5.8676180536351135
6250002164,7.702660535015891e-08,University of Tennessee at Martin,Modern,-16.37911495074437
7203579986,0.001379074392432301,Northeastern University,Modern,-6.586342734974626
4003687000,0.00132266953002777,"Health Research, Inc - Division of Roswell Park Cancer Institute",Modern,-6.628103213390419
6250031716,0.00012627162574948295,6250031716,Modern,-8.977075211412576
5300010617,0.005068063877558521,National Center for Genome Resources,Modern,-5.284796412506677
0036798000,0.0006803605170127721,Snow College,Modern,-7.292887728208077
7203586083,0.0008104330270453217,7203586083,Modern,-7.11794185185563
P269930879,0.0016777312464275175,P269930879,Modern,-6.390312846799444
0036426000,0.007958743031817636,Texas Southern University,Modern,-4.833484202170707
6250041441,0.0003910933749858679,Pi Radio Inc,Modern,-7.846564215784102
7203585048,0.000690145862477137,THEROMICS INC.,Modern,-7.2786075878193195
5300002818,2.0561453019693625e-05,Botanical Research Institute of Texas,Modern,-10.792092447710383
P270047949,0.00043377978782347136,P270047949,Modern,-7.742973553963892
7203581099,0.007915181066537944,FUTURE EARTH,Modern,-4.8389727095320545
6250002767,0.0036402766492840857,6250002767,Modern,-5.615695597670962
7203585453,0.0003916404500097555,Stevens Institute of Technology,Modern,-7.845166358439753
7203594788,0.004440263434442166,7203594788,Modern,-5.417041572216513
7203592738,0.000690145862477137,7203592738,Modern,-7.2786075878193195
6250021321,0.008425226850834883,"General Electric Company, GE Research",Modern,-4.776524877191088
5300002477,0.0016921844735275462,Nathan S Kline Institute for Psychiatric Research,Modern,-6.381734996833574
6250041969,0.0010142910835174949,6250041969,Modern,-6.893565350395394
7203588021,0.0014179483094292425,7203588021,Modern,-6.558544304689495
4000093000,0.0030555524649776692,International Computer Science Institute,Modern,-5.7907948631081965
4007415000,0.0018901927910508632,Society of Women Engineers,Modern,-6.271076449265811
6250010534,0.0002543932294530913,6250010534,Modern,-8.276629340637479
0034280000,0.008923147373213692,College of Charleston,Modern,-4.719106550094528
0038125000,0.003152075383737637,Fairmont State University,Modern,-5.759694191112073
6250026919,0.0020809121025996405,"BioQUEST Curriculum Consortium, Inc",Modern,-6.17494897052149
4000881000,0.001137348296991959,American Psychological Assoc,Modern,-6.779055781314903
6250008489,0.001516813651329339,6250008489,Modern,-6.491143426418747
6250036924,0.0004899059122064047,6250036924,Modern,-7.621297201202313
0076927000,0.0004899059122064047,0076927000,Modern,-7.621297201202313
P270058507,0.0007673451348788957,P270058507,Modern,-7.172573877522393
P270058216,0.0007673451348788957,P270058216,Modern,-7.172573877522393
7203586142,0.0007673451348788957,7203586142,Modern,-7.172573877522393
P270052843,0.0004053520720567558,"Rutgers University, Newark",Modern,-7.810754554771683
6250003697,0.0015278202375337549,6250003697,Modern,-6.483913240751686
0011726000,2.4877351957352608e-05,0011726000,Modern,-10.601552728339936
6250042896,0.0015131321038774185,Dark Enterprises Inc.,Modern,-6.493573535444529
7203594177,0.0015513272648834883,7203594177,Modern,-6.468644414541772
7203585324,0.0015513272648834883,7203585324,Modern,-6.468644414541772
P270020257,0.0015513272648834883,P270020257,Modern,-6.468644414541772
7203580086,0.0014902224102874108,SOUTH BEND WOODWORKS LLC,Modern,-6.508829901514956
6250036617,0.0010399035196963133,6250036617,Modern,-6.8686273396549895
7203580507,0.0010399035196963133,7203580507,Modern,-6.8686273396549895
6250024327,0.0013129000710637288,6250024327,Modern,-6.6355167938969135
0028464000,0.0013799529565460683,SUNY College at New Paltz,Modern,-6.585705869853453
7203579193,0.0012127284381288205,HALOMINE INC.,Modern,-6.714882550317703
5300004956,0.0015229634722954682,Southwestern Indian Polytechnic Institute,Modern,-6.487097189404358
7203586674,0.0009653267745573528,7203586674,Modern,-6.943043887461993
0001727000,0.007091632196009312,"Rutgers, The State University of New Jersey-RBHS-Robert Wood",Modern,-4.948839753929864
0119305000,0.0009654186516275434,0119305000,Modern,-6.9429487148214015
7203585295,0.0013213834805141788,Duke University,Modern,-6.62907599994945
P269950464,0.002343418718182795,Arizona State University,Modern,-6.056144425144643
4077681000,0.0002467719824088219,Southern University and A&M College,Modern,-8.307045795842383
6250035344,0.0015709281588683383,Graduate School of Public Health & Health Policy,Modern,-6.456088650309763
7203582548,0.0020369697252644605,University of Michigan,Modern,-6.196292004261042
7203579828,0.002343418718182795,Aural Analytics Inc,Modern,-6.056144425144643
7203592722,0.00209173827165104,7203592722,Modern,-6.169759849759686
0011015000,0.0080671895196696,University of Arkansas Little Rock,Modern,-4.819950120100137
0033167000,0.0006593338144649367,PENNSYLVANIA WESTERN UNIVERSITY,Modern,-7.32428060472562
0032771000,2.0329972902146813e-05,Indiana University of Pennsylvania,Modern,-10.80341426322472
0033266000,0.0006643260826233432,Shippensburg University of Pennsylvania,Modern,-7.316737440744062
0033217000,2.0329972902146813e-05,Edinboro University of Pennsylvania,Modern,-10.80341426322472
6250037693,0.0022786856806914866,International Society of Service Innovation Professionals,Modern,-6.084156458067401
P270050673,0.0006714642306073038,"Teachers College, Columbia University",Modern,-7.3060498113165595
7203580548,0.0011782137485671067,"TUMBLEHOME, INC.",Modern,-6.743755759816349
7203588985,0.0019483735796380966,7203588985,Modern,-6.240760316153543
P270059840,0.0019483735796380966,P270059840,Modern,-6.240760316153543
6250020147,0.0047914678646676576,6250020147,Modern,-5.340918470940366
6250040125,0.003307970132141345,6250040125,Modern,-5.711420530839281
6250029424,0.003307970132141345,6250029424,Modern,-5.711420530839281
7203587931,4.97606269742171e-05,7203587931,Modern,-9.908286509648558
6250017736,0.004352596112342898,SUNY Polytechnic Institute,Modern,-5.436982804465128
0047886000,8.673397938954162e-05,0047886000,Modern,-9.35266483181683
7203591669,0.0009485168307365964,7203591669,Modern,-6.960611024164038
0013987000,0.0032287106115944557,Northwestern Connecticut Community College,Modern,-5.735672412902517
6250022923,0.0021974517507618997,Texas A&M University-San Antonio,Modern,-6.120456885068331
P270052818,0.001423027938818003,P270052818,Modern,-6.554968326322957
7203585198,0.001423027938818003,7203585198,Modern,-6.554968326322957
P270000108,0.0009653267745573528,University of Connecticut,Modern,-6.943043887461993
6250043044,0.0014018375204180407,"Neurologic, LLC",Modern,-6.56997138837093
5300019399,0.0006297170239940171,5300019399,Modern,-7.370240007748442
P270051806,0.0016814632960883388,University of California Los Angeles,Modern,-6.388090855099296
7203581364,0.0018260469162008424,"Think Bioscience, Inc.",Modern,-6.305601803710711
0021717000,0.00019383926694268655,Massachusetts Bay Community College,Modern,-8.548481263228082
7203580825,0.0016079622178825968,7203580825,Modern,-6.4327876048430745
P270002799,0.004673967408949797,P270002799,Modern,-5.365747015728934
0011924000,2.0665220015148935e-05,SAN LUIS OBISPO COUNTY COMMUNITY COLLEGE DISTRICT,Modern,-10.787058463304342
0011114000,2.190940292675592e-05,Allan Hancock College,Modern,-10.728594655903212
6250028881,0.0013656854032810522,Santa Barbara City College,Modern,-6.596098849422939
P269921989,0.0015333731079479908,Indiana University-Bloominton,Modern,-6.480285324525552
6250030281,0.000557580852723723,LASARRUS CLINIC AND RESEARCH CENTER,Modern,-7.491903037838317
0066621000,7.069737274954051e-05,Galveston College,Modern,-9.557102146296199
0020107010,0.0055406169577219356,Louisiana State University Agricultural Center,Modern,-5.195649420213742
5300011126,0.0011217738503935329,5300011126,Modern,-6.792844051561504
4000157000,0.0012546377983403652,The Salk Institute for Biological Studies,Modern,-6.680908354953483
6250026352,0.002693407996996408,6250026352,Modern,-5.916947973844398
0015099000,0.005516588503865609,Nova Southeastern University,Modern,-5.199995634411124
5300007240,0.0003438456399102802,5300007240,Modern,-7.975317722487402
4103202000,0.0003438456399102802,4103202000,Modern,-7.975317722487402
6250040818,0.0010521691226823245,6250040818,Modern,-6.8569014145815945
0025015000,0.002017686031322885,Southeast Missouri State University,Modern,-6.205803953237
0011494001,0.010917030517945353,Humboldt State University Foundation,Modern,-4.51743127623629
7203594316,0.0009687041206046091,7203594316,Modern,-6.939551337794096
6250027747,0.0006297170239940171,6250027747,Modern,-7.370240007748442
7203584767,1.772215693524156e-05,7203584767,Modern,-10.940694896987244
6250018304,1.772215693524156e-05,Georgia Biomedical Partnership,Modern,-10.940694896987244
7203593105,1.772215693524156e-05,"GEORGIA BIOSCIENCES ORGANIZATION, INC.",Modern,-10.940694896987244
7203584771,0.0013647488930465153,"PSEUDOLITHIC, LLC",Modern,-6.596784828406224
7203592418,0.0016079622178825968,LIMAR AI INC,Modern,-6.4327876048430745
P270040959,0.0013242520711963831,P270040959,Modern,-6.626907453488466
7203584243,0.004410625478230643,BIODIVERSITY OUTREACH NETWORK,Modern,-5.423738767782229
6250013290,0.0017813435739776455,6250013290,Modern,-6.33038738256773
0038059000,3.402834204225439e-05,Yakima Valley Community College,Modern,-10.288316791112793
6250017738,0.0017127608393414223,6250017738,Modern,-6.3696486844827405
5300004866,0.0031023797055471894,Southeast Community College,Modern,-5.775585815030551
6250036686,0.0018956090391778712,6250036686,Modern,-6.268215099377319
7203581103,0.0019778859222406788,7203581103,Modern,-6.225726720730589
6250035738,0.0019778859222406788,6250035738,Modern,-6.225726720730589
6250011275,0.0019778859222406788,6250011275,Modern,-6.225726720730589
0027227000,0.010150031329451971,Fordham University,Modern,-4.59027848685359
0018549000,0.00013533395725731466,Coe College,Modern,-8.907765076765555
7203593514,0.00013533395725731466,7203593514,Modern,-8.907765076765555
P270052697,0.0016152586872673932,Massachusetts Institute of Technology,Modern,-6.428260157260076
6250043842,0.00528294888261808,PECAN STREET INC.,Modern,-5.243270836671475
6250035800,0.0017866425162407558,"Center for the Advancement of Science in Space, Inc.",Modern,-6.327417109688319
6250024024,3.224917841896519e-05,6250024024,Modern,-10.34201799042792
6250009120,0.00010086443394839431,"COMMUNITY & TECHNICAL COLLEGES, WASHINGTION STATE BOARD FOR",Modern,-9.201733180866203
0037697000,3.233143144993142e-05,Bellevue College,Modern,-10.339470690995174
0097055000,0.002031765793304791,0097055000,Modern,-6.1988500151091515
6250033895,0.0016379688235408764,6250033895,Modern,-6.414298326979722
7203586634,0.005346492071388209,7203586634,Modern,-5.2313146207223316
7203585480,0.0014018375204180407,LUMO IMAGING LLC,Modern,-6.56997138837093
7203593845,0.003010039941726924,7203593845,Modern,-5.805801930632676
7203587186,0.0007457078469896487,7203587186,Modern,-7.201176660485247
P270019175,0.0008104330270453217,P270019175,Modern,-7.11794185185563
P270061877,0.00046495729578004705,P270061877,Modern,-7.6735649936263535
0017863000,0.007969912620280632,Ball State University,Modern,-4.832081749818454
7203577816,0.00209173827165104,Kurz Purdue Technology Center,Modern,-6.169759849759686
5300003492,0.0014015382833088166,5300003492,Modern,-6.570184871779015
6250005534,0.0014015382833088166,6250005534,Modern,-6.570184871779015
7203581778,0.0021373813819039276,7203581778,Modern,-6.148173852539315
6250007569,0.0007661017551983578,UTAH TECH UNIVERSITY,Modern,-7.174195557361553
7203583753,0.0034164695400923325,"INSTITUTE FOR FUTURE INTELLIGENCE, INC.",Modern,-5.679147559313016
7203586268,0.002879779309132143,7203586268,Modern,-5.850041616543979
P270051994,0.0014325070854202917,Science History Institute,Modern,-6.548329163195437
5300012140,0.0014325070854202917,5300012140,Modern,-6.548329163195437
7203585087,0.0006819520789988329,"LIGHT AND CHARGE SOLUTIONS, LLC",Modern,-7.290551167987147
6250040672,0.0013215817125802193,"OPTIMEOS LIFE SCIENCES, INC.",Modern,-6.628925992626667
P270046528,5.207687643585304e-05,P270046528,Modern,-9.862789538132711
0023275000,0.0034955104337301215,Regents of the University of Michigan - Flint,Modern,-5.656275867113207
6250041300,0.0007402462046297762,Mechanismic Inc.,Modern,-7.208527718142254
P270018126,0.0005351212940194699,P270018126,Modern,-7.533017118971461
0026971000,0.00037284263627390863,CUNY Queensborough Community College,Modern,-7.8943541140048
6250042587,8.23770328792078e-05,6250042587,Modern,-9.404203887094573
6250009669,6.195447646049632e-06,Owensboro Community and Technical College,Modern,-11.991695786244406
4007555000,0.0009759748617438551,Southwest Research Institute,Modern,-6.932073728292869
P270000579,0.0013545091181435967,P270000579,Modern,-6.604316164720478
P270038608,0.0024707756747949067,Yale University,Modern,-6.003223139263477
5300010247,0.00046495729578004705,Inter-American Institute for Global Change Research,Modern,-7.6735649936263535
6250003362,0.0016670508710107676,6250003362,Modern,-6.396699159175939
P270024316,0.0019518271063105777,North Carolina State University,Modern,-6.238989367500814
6250015581,6.76208570811502e-06,Hinds Community College-Utica,Modern,-11.904179178793656
7203586020,0.002417500866195075,7203586020,Modern,-6.025020972334893
6250019409,0.007561623248828868,NJEDge.Net,Modern,-4.884669396385205
6250036457,0.002191387221411999,6250036457,Modern,-6.123220501253937
7203586826,0.002191387221411999,7203586826,Modern,-6.123220501253937
6250015496,3.605492874611616e-05,"Pellet Productions, Inc.",Modern,-10.230466983852777
P270059002,3.605492874611616e-05,P270059002,Modern,-10.230466983852777
6250018197,0.00018807064553931445,Digital World Biology,Modern,-8.578692891574457
5300004873,0.0013341956251734046,Waubonsee Community College,Modern,-6.619426696682839
0032995000,0.00011105792575526116,Montgomery County Community College,Modern,-9.1054586391192
4002773000,0.007470043025233363,4002773000,Modern,-4.8968545201172695
7203580330,0.0018260469162008424,7203580330,Modern,-6.305601803710711
7203582407,0.0006876706359728096,7203582407,Modern,-7.282200561440889
6250037524,0.0018765453437259777,6250037524,Modern,-6.278322775691813
P270055345,0.0014185034023354588,P270055345,Modern,-6.558152905173684
6250041059,0.000769727269285424,6250041059,Modern,-7.169474301591885
7203580669,0.0019291186290533225,7203580669,Modern,-6.250692049254623
4016911000,0.00046001095806404586,4016911000,Modern,-7.6842602468865095
5300005217,0.0025589313075571507,5300005217,Modern,-5.968165565635997
4000968000,0.0012615135863129566,4000968000,Modern,-6.675443019974486
P270057441,0.00191935628547667,P270057441,Modern,-6.255765417138223
7203586592,4.90074761325157e-06,7203586592,Modern,-12.226122790352969
4011599000,0.012320536531257075,Mitre Corporation Virginia,Modern,-4.396487772209998
7203596902,0.005118779372247851,7203596902,Modern,-5.274839272211279
7203597664,0.001263541468107706,7203597664,Modern,-6.673836811644748
6250037159,0.00028205128902155486,Soka University of America,Modern,-8.173421627600629
0034512000,0.0035980042167693582,Coastal Carolina University,Modern,-5.627375971478563
7203588217,2.7022948538775475e-05,7203588217,Modern,-10.518824107078833
6250035835,0.0017874468790209698,6250035835,Modern,-6.326967001867928
7203585064,2.7022948538775472e-05,7203585064,Modern,-10.518824107078833
7203584168,0.0009654186516275434,Boston University,Modern,-6.9429487148214015
7203585894,0.0005075404160607672,7203585894,Modern,-7.585934212661072
4005724000,0.0072380746956472,Nature Conservancy,Modern,-4.928400033964685
P269804245,0.0006779623215435555,P269804245,Modern,-7.29641884451272
6250020047,0.004003786993596297,6250020047,Modern,-5.520514617346771
7203580016,0.0017127608393414223,7203580016,Modern,-6.3696486844827405
P270022069,0.0016500054832627462,"University of California, Irvine",Modern,-6.406976667885626
P269843097,0.0005938226536036006,P269843097,Modern,-7.428929846137323
7203584022,0.0032032134329357054,7203584022,Modern,-5.743600775253356
7203584064,0.0032032134329357054,7203584064,Modern,-5.743600775253356
0290221000,0.002404178073590765,0290221000,Modern,-6.03054719117948
7203579549,0.002404178073590765,7203579549,Modern,-6.03054719117948
P270048462,0.0021805864472945477,P270048462,Modern,-6.128161425838085
6250032639,2.9723214839060824e-05,6250032639,Modern,-10.423582173067699
P269981363,0.0014018375204180407,P269981363,Modern,-6.56997138837093
7203580310,0.00046001095806404586,NEW JERSEY INSTITUTE OF TECHNOLOGY,Modern,-7.6842602468865095
7203581520,0.0015532404833715244,7203581520,Modern,-6.467411895952793
5300016036,0.0012849048343540014,5300016036,Modern,-6.657070622245929
6250042388,0.0010758494277206298,6250042388,Modern,-6.83464476409726
7203578769,0.003273871770095133,7203578769,Modern,-5.721781966928755
0022624000,0.004540663868598505,Kettering University,Modern,-5.394682051055395
4101309010,0.0009933783354252707,4101309010,Modern,-6.9143989640397345
0024828000,0.0009285506032379627,0024828000,Modern,-6.981885678669548
5300001064,1.2003538272189235e-05,5300001064,Modern,-11.330309095621995
7203583775,1.2003538272189235e-05,7203583775,Modern,-11.330309095621995
7203583778,1.2003538272189235e-05,7203583778,Modern,-11.330309095621995
6250012164,1.2003538272189235e-05,National Alliance for Partnerships in Equity Education Foundatio,Modern,-11.330309095621995
6250034231,0.0008257537661021696,6250034231,Modern,-7.099213932877654
0033597000,0.00029337337401022073,Robert Morris University,Modern,-8.134064446168153
0040519000,0.006106750623485799,Community College of Allegheny County Allegheny Campus,Modern,-5.098360460111358
7203586293,0.0012516613125200238,7203586293,Modern,-6.683283560057127
6250032658,0.0028360310520173762,Phoenix Bioinformatics Corporation,Modern,-5.865349721141812
P269727350,0.0019098137806428381,P269727350,Modern,-6.260749538722379
6250006573,0.0007612054920890345,HealthPartners Institute,Modern,-7.180607207527538
P270023892,0.0016500054832627462,P270023892,Modern,-6.406976667885626
6250000134,0.0004926477470639304,6250000134,Modern,-7.615716148302908
7203583144,0.0004926477470639304,7203583144,Modern,-7.615716148302908
6250022001,6.040069812474423e-05,Hudson County Community College,Modern,-9.71450989473361
7203580174,0.0019709063587109144,University of Washington,Modern,-6.2292617614729355
4002291000,0.006509989627247195,Adler Planetarium,Modern,-5.034417416119735
0027912000,0.0015193991490360529,Pace University New York Campus,Modern,-6.4894403189610905
P270020772,0.0016814632960883388,"University of California, Los Angeles",Modern,-6.388090855099296
6250030396,0.0010602612750395908,6250030396,Modern,-6.84923991534441
7203585562,0.0032111043543680633,EARTHSHOT Labs PBC,Modern,-5.74114036537822
5300019693,0.0009485168307365964,5300019693,Modern,-6.960611024164038
5300019155,0.003154106370459836,5300019155,Modern,-5.7590500654361625
P270057480,7.500078411644561e-05,P270057480,Modern,-9.498011989596675
6250001041,0.0023840047148372236,Antelope Valley College,Modern,-6.038973552080812
7203578838,0.004947032819492988,7203578838,Modern,-5.308967312537228
P270059086,0.00355839963036245,P270059086,Modern,-5.63844437722553
6250015963,0.00209173827165104,6250015963,Modern,-6.169759849759686
P270038479,0.0033314687793436397,P270038479,Modern,-5.704341997356745
4201687000,0.00031300713532536855,4201687000,Modern,-8.069284571117286
0032680000,0.003810466300907811,Gettysburg College,Modern,-5.570003708642698
4040424000,0.0029135469513630074,4040424000,Modern,-5.838384056404417
P270035507,0.0014018375204180407,Johns Hopkins University,Modern,-6.56997138837093
6250018456,0.00040072834217671664,University of Vermont,Modern,-7.822226811162157
7203584299,0.0013242520711963831,"CytoRecovery, Inc.",Modern,-6.626907453488466
7203581423,0.0020369697252644605,S2A Technologies LLC,Modern,-6.196292004261042
0019216000,0.0002296145288170483,0019216000,Modern,-8.379108616700986
0029702000,0.0002296145288170483,0029702000,Modern,-8.379108616700986
0025031000,0.0002296145288170483,Missouri State University,Modern,-8.379108616700986
P269968634,0.0014231719367243268,University of Oregon,Modern,-6.554867140241344
0012286000,0.00176531991369763,Los Angeles Valley College,Modern,-6.339423350801818
5300010634,0.0016777312464275175,5300010634,Modern,-6.390312846799444
5300016569,3.5883851405458154e-05,Dakota County Technical College,Modern,-10.235223185245097
6250018219,5.359410243106962e-07,Minnesota State Community & Techncial College,Modern,-14.439241711200363
6250002815,0.0027367190865206768,6250002815,Modern,-5.9009954897333
7203584093,0.0023842013323633255,7203584093,Modern,-6.038891081850177
7203586062,0.00032885134138563044,7203586062,Modern,-8.019904759205527
4012498000,0.004506618476525222,4012498000,Modern,-5.402208190171323
7203585451,0.0009285506032379627,Tufts University,Modern,-6.981885678669548
6250005040,0.0010506939683163003,Children's Research Institute,Modern,-6.858304410919599
0020065000,0.0018576095763922075,Grambling State University,Modern,-6.288464791784039
0035907000,0.0010672006751025341,0035907000,Modern,-6.842716250210786
6250030081,9.528620530393967e-05,The Water Institute of The Gulf,Modern,-9.258625508002432
0097576000,2.810080882907466e-05,Community College of Denver,Modern,-10.47971219808599
7203589504,0.0027618304145611717,7203589504,Modern,-5.891861625387243
5300012886,0.006784258925890895,Texas A&M AgriLife Extension Service,Modern,-4.993150214078946
6250015199,6.691023694078166e-05,Planetary Science Institute,Modern,-9.612158583989425
5300012706,0.00035425288202519387,College of Southern Nevada,Modern,-7.945499543857929
0010447000,0.002343418718182795,Stillman College,Modern,-6.056144425144643
4007241000,0.0027325624610623407,Social Science Research Council,Modern,-5.902515479597582
6250013688,0.0012168060225945167,The Methodist Hospital Research Institute,Modern,-6.71152586749617
7203583653,0.0008964623081032505,7203583653,Modern,-7.017054309190273
0020404000,0.0016379688235408764,University of Maine Farmington,Modern,-6.414298326979722
7203591410,0.000982792818002632,Spelman College,Modern,-6.9251122250335815
5300008009,0.0008248055200682704,"Consortium for Ocean Leadership, Inc",Modern,-7.100362932669625
P270025888,0.0011044704058826731,Missouri University Research Reactor,Modern,-6.808389329593743
P270050188,0.001052272272466893,Yale University,Modern,-6.856803384021191
7203578250,0.00169647838039177,7203578250,Modern,-6.37920071747473
P269952959,0.0018956090391778712,P269952959,Modern,-6.268215099377319
0016550000,1.545636640486038e-05,0016550000,Modern,-11.077489574456497
0022277000,0.00010717312327544923,0022277000,Modern,-9.141065056476105
5300009951,0.003443040968026772,5300009951,Modern,-5.67140019576341
0021584000,0.004000891674026477,0021584000,Modern,-5.521238024198266
7203585170,4.925117190793977e-05,7203585170,Modern,-9.918577395544203
0032300000,0.0023788738438342717,Allegheny College,Modern,-6.041128078140853
4007688000,0.007711286383595604,St Jude Children's Research Hospital,Modern,-4.865070259202816
7203596171,0.00033339772516659824,7203596171,Modern,-8.006174410806436
0034272000,3.5517879842297854e-05,Coker College,Modern,-10.24547433074627
0031500000,5.6881708324849166e-05,0031500000,Modern,-9.77453673907977
0031666000,5.6881708324849166e-05,0031666000,Modern,-9.77453673907977
P269947724,0.0009654186516275434,P269947724,Modern,-6.9429487148214015
P269789960,1.553699069087328e-06,P269789960,Modern,-13.374871974007206
7203590374,0.002929930092556552,BIOTRONIC INNOVATIONS LLC,Modern,-5.832776715433512
4201968000,0.013951010591040112,University of Oxford,Modern,-4.272203329536529
0038380000,0.00012141715249188107,Carroll University,Modern,-9.01627840025926
7203590404,0.0012689099487443584,7203590404,Modern,-6.669597055144227
0039396000,0.002001653000274303,0039396000,Modern,-6.2137819396482
P270008333,0.0018412520781917864,Cornell University,Modern,-6.297309461502783
7203586225,0.0011507335497924125,7203586225,Modern,-6.767355670574478
5300007300,0.002405556192232604,5300007300,Modern,-6.029974137200449
5300019668,0.0019724367675930145,5300019668,Modern,-6.228485562745146
6250036836,0.0007457078469896487,6250036836,Modern,-7.201176660485247
P269852558,3.274471265228319e-05,P269852558,Modern,-10.326769054648588
P269968646,0.0004909067756489249,P269968646,Modern,-7.619256314492109
0037275000,0.004157211918739487,Northern Virginia Community College,Modern,-5.482910641242791
P270052847,0.0017866425162407558,"University of California, Berkeley",Modern,-6.327417109688319
5300019525,5.598152473638505e-05,California State University Northridge,Modern,-9.790488837084887
0014951000,0.001379074392432301,Jacksonville University,Modern,-6.586342734974626
7203596371,0.000557580852723723,7203596371,Modern,-7.491903037838317
5300001173,0.007383067884323509,5300001173,Modern,-4.908566024267235
7203584722,0.0016703765270328988,7203584722,Modern,-6.394706212677791
0048827000,0.005105038975642152,Oregon Health & Science University,Modern,-5.277527192596974
P269992911,1.3115328864196175e-05,P269992911,Modern,-11.241728869535025
6250012472,2.040475002273822e-05,6250012472,Modern,-10.799742839966246
6250036762,0.00010717312327544923,6250036762,Modern,-9.141065056476105
0028787000,0.002358214690328444,Suffolk Community College,Modern,-6.049850433374374
7203579487,0.00541678143560176,7203579487,Modern,-5.218253470987871
6250044009,0.0019518271063105777,"Onda Vision Technologies, LLC",Modern,-6.238989367500814
7203590930,0.003531257853789662,7203590930,Modern,-5.646101138989968
7203589166,0.0012024542238739248,7203589166,Modern,-6.723390624173454
0035063000,0.009185505903710102,Meharry Medical College,Modern,-4.6901284824948855
5300007144,0.0006253176674281948,5300007144,Modern,-7.377250769467131
P270048410,0.0014238792533276098,P270048410,Modern,-6.554370263599078
6250021053,0.0014238792533276098,6250021053,Modern,-6.554370263599078
0039230000,0.00023494638992225324,University of Wisconsin - River Falls,Modern,-8.356153197835676
7203583966,0.0006128986495861036,"University at Albany, SUNY",Modern,-7.397310970793495
P270056509,0.000675507831033453,P270056509,Modern,-7.3000458076875425
7203582539,0.0008861828823499179,SILICON ASSURANCE LLC,Modern,-7.028587215172034
0017350000,5.165909355401226e-05,North Park University,Modern,-9.87084431683046
4002168000,0.0027095975366238307,Cedars-Sinai Medical Center,Modern,-5.91095516559021
0033977000,3.2553275504617585e-06,Wistar Institute,Modern,-12.635217657424427
0032490000,0.000107498581562118,Community College of Philadelphia,Modern,-9.138032905254605
7203593020,0.001053679178688695,7203593020,Modern,-6.855467259743175
P269965375,2.997281277594782e-08,P269965375,Modern,-17.32297510697045
5300008906,1.66532843471348e-05,5300008906,Modern,-11.002903102904465
P269849941,0.0031601725161513597,P269849941,Modern,-5.757128659154715
7203583829,0.0016152586872673932,7203583829,Modern,-6.428260157260076
7203591364,0.0004556098121055669,7203591364,Modern,-7.693873789955978
7203586282,0.0009654186516275434,"BIOSENS8, INC.",Modern,-6.9429487148214015
6250015440,0.0019098137806428381,6250015440,Modern,-6.260749538722379
P269983452,0.00101138271455666,Wellons                 Sarah          A,Modern,-6.896436860074819
7203581604,0.0010012244819276909,Ziker Enterprises LLC,Modern,-6.906531546121025
4002995000,0.004007428709076413,Chicago Horticultural Society,Modern,-5.519605463014616
4102910000,0.008482863856626395,4102910000,Modern,-4.769707167250739
7203586492,0.0029863055305750516,METADATA GAME CHANGERS LLC,Modern,-5.813718264076452
P270054801,0.0011193544035888177,P270054801,Modern,-6.795003185239232
6250006425,0.004138635033400668,Dallas College,Modern,-5.487389247585726
7203577591,0.0007683438854892005,7203577591,Modern,-7.1712731574705195
7203576544,0.0003399957143162678,7203576544,Modern,-7.986577545385663
0026005000,7.918688160866062e-05,0026005000,Modern,-9.443699909117377
0030866000,0.0005034132509551377,Oberlin College,Modern,-7.594099152695043
6250041447,0.0019518271063105777,6250041447,Modern,-6.238989367500814
7203586187,0.0007125133707028073,7203586187,Modern,-7.246711880098869
P270009930,0.004902030997999612,P270009930,Modern,-5.3181056703548775
7203577999,0.004902030997999612,7203577999,Modern,-5.3181056703548775
P270021090,7.464042211972693e-05,University of Wisconsin-Madison,Modern,-9.502828346032189
0047597000,0.001922626475284814,CUNY York College,Modern,-6.254063071864168
7203583773,2.8644523399030577e-05,MACAULAY HONORS COLLEGE FOUNDATION,Modern,-10.460548288432738
6250039172,0.002087724954433631,6250039172,Modern,-6.171680344442299
5300002832,0.003509162711713112,The Regents of the University of California,Modern,-5.652377813631908
7203579630,0.0018833694619535587,7203579630,Modern,-6.274692839337722
0036806000,0.0064410354242876566,Weber State University,Modern,-5.04506597162073
6250000457,0.00209173827165104,6250000457,Modern,-6.169759849759686
0023424000,0.00191935628547667,St. Catherine University,Modern,-6.255765417138223
7203580756,0.0016814632960883388,Battery Streak,Modern,-6.388090855099296
7203586419,0.0013035699273574437,7203586419,Modern,-6.642648680185766
5300003010,0.00010582065795291634,5300003010,Modern,-9.153764802846341
6250042965,0.0029554237653088692,6250042965,Modern,-5.824113232209866
6250002761,0.0029554237653088692,University of Washington,Modern,-5.824113232209866
7203591369,0.0029554237653088692,7203591369,Modern,-5.824113232209866
4003803000,0.0039035825819412006,Law and Society Association,Modern,-5.54586053675703
7203585714,0.0017866425162407558,7203585714,Modern,-6.327417109688319
7203583138,0.001959532821742799,Silvec Biologics,Modern,-6.235049190404752
0002261000,0.0016926865070838921,University of Houston - Downtown,Modern,-6.381438363039906
5300020195,0.0001363264229226901,5300020195,Modern,-8.900458379482872
6250013802,0.0022527540106358234,6250013802,Modern,-6.095601806521859
7203583716,0.0029943330796922494,HISPANIC FEDERATION INC,Modern,-5.8110337501102105
7203578618,0.0009671527523938732,"COMPUTER SCIENCE TEACHERS ASSOCIATION, LLC.",Modern,-6.94115410973915
0106336000,0.0015343291324039954,Houston Community College,Modern,-6.479662040769795
7203589803,0.0019518271063105777,7203589803,Modern,-6.238989367500814
7203589836,0.0014363379117907174,7203589836,Modern,-6.545658521420755
7203582112,0.0002708229076014978,7203582112,Modern,-8.214045428179297
6250002222,0.0002708229076014978,6250002222,Modern,-8.214045428179297
7203576949,0.0030359813723105657,7203576949,Modern,-5.797220555070157
P269987877,0.002067772347080243,P269987877,Modern,-6.181283412012505
P270053832,0.002067772347080243,P270053832,Modern,-6.181283412012505
4102471000,0.000115738831171222,,Modern,-9.064174360614848
5300019781,0.0017888406809971739,5300019781,Modern,-6.326187533201954
7203582530,0.0002463449595740951,University of Texas Health Science Center Houston,Modern,-8.308777729609456
0013227000,0.00024045931281865192,University of Redlands,Modern,-8.332959660199803
7203585495,0.00024045931281865192,7203585495,Modern,-8.332959660199803
7203582079,0.003625111379591586,Indiana University-Purdue University Indianapolis,Modern,-5.619870265742939
7203587259,0.0009333891936879482,7203587259,Modern,-6.976688301880107
0036319000,0.00026914976473183905,Tarleton State University,Modern,-8.220242587073093
0001461000,4.012457464081898e-06,University of Texas Permian Basin,Modern,-12.426106670416193
0025874000,0.0030658303894663848,0025874000,Modern,-5.787436819871457
P270042006,0.0010758494277206298,P270042006,Modern,-6.83464476409726
6250040546,0.00022277280074831562,6250040546,Modern,-8.409358136590011
7203577028,0.0004155558506472092,7203577028,Modern,-7.785893534778563
0001941000,0.003463429116139059,Inter American University of Puerto Rico Ponce Campus,Modern,-5.665496106673494
0500320000,0.002658742026554564,"Inter American University of Puerto Rico, Bayamon Campus",Modern,-5.929902190399481
7203583307,0.0007925025040090366,"Ancilia, Inc.",Modern,-7.140314892584977
0017343000,0.0001315204479022226,North Central College,Modern,-8.93634822107961
0125500000,0.00013198631671839932,Los Angeles Mission College,Modern,-8.932812301975346
6250040838,0.002922502486335768,Texas A & M AgriLife Research,Modern,-5.835315013861948
6250016749,0.005303032003350235,"Engineering Conferences International, Inc.",Modern,-5.239476545893396
P269930900,0.003429362058223764,P269930900,Modern,-5.675381023958406
P269964643,0.005025722536358917,P269964643,Modern,-5.293186047043416
7203584049,0.0016670508710107676,7203584049,Modern,-6.396699159175939
6250004283,0.0001438779830289142,Morgan State University,Modern,-8.846544957660782
7203585868,0.00025502899334765817,7203585868,Modern,-8.274133319866554
7203583097,0.0017866425162407558,"E4THEFUTURE, INC.",Modern,-6.327417109688319
0017418000,0.0023787041728645666,0017418000,Modern,-6.0411994047567
7203585068,0.0017813435739776455,7203585068,Modern,-6.33038738256773
7203585353,0.0006234250885070482,Biochip Labs,Modern,-7.380281946803282
7203589383,0.0020120528853453373,"RUTGERS, THE STATE UNIVERSITY OF NEW JERSEY",Modern,-6.208599742127197
7203580884,7.985733155938965e-05,7203580884,Modern,-9.435268870869557
0036285000,7.985733155938965e-05,0036285000,Modern,-9.435268870869557
5300001143,0.0001045808591943993,South Plains College,Modern,-9.165550013571568
7203587284,4.349497053449461e-05,7203587284,Modern,-10.042865246450807
6250025586,4.349497053449461e-05,6250025586,Modern,-10.042865246450807
7203584775,0.0010521691226823245,TEALE ENGINEERING LLC,Modern,-6.8569014145815945
0020685000,0.002735052851986167,Coppin State University,Modern,-5.90160451898552
4001897000,0.004552294019820593,Brookings Institution,Modern,-5.39212399289505
4038063000,0.003090658474753354,Fred Hutchinson Cancer Research Center,Modern,-5.779371112149089
6250012534,0.0035719853519083464,6250012534,Modern,-5.634633716785826
7203582780,0.0020241067038097886,"AQUAGGA, INC.",Modern,-6.202626809672919
7203591767,0.004219726645799792,ENCORE CO2 LLC,Modern,-5.4679849289090905
6250002236,0.006395627789007585,Tidewater Community College,Modern,-5.052140680042812
7203584872,0.00024590862814379894,7203584872,Modern,-8.310550521338994
4035523000,0.0010295853728286759,New York Hall of Science,Modern,-6.878599108437628
7203589478,0.004956824346327772,7203589478,Modern,-5.306989996051121
7203584154,0.00046495729578004705,MICHIGAN TECHNOLOGICAL UNIVERSITY,Modern,-7.6735649936263535
P270051823,0.0012849048343540014,University of Delaware,Modern,-6.657070622245929
6250023881,0.0030435334500585613,6250023881,Modern,-5.794736119435669
6250003964,0.0009485168307365964,6250003964,Modern,-6.960611024164038
6250013374,0.003145416255346561,6250013374,Modern,-5.76180904294664
7203586247,0.002177494675558998,7203586247,Modern,-6.129580294448873
4083028000,0.008489061784246235,"Woodwell Climate Research Center, Inc.",Modern,-4.768976793099154
P270006922,0.0014026636954010587,P270006922,Modern,-6.569382210514806
0020503000,0.0022387543961561967,University of North Florida,Modern,-6.101835640925755
P269789261,0.0007899393116082522,P269789261,Modern,-7.14355443620312
6250001852,0.002180415572338131,The Childrens Hospital of Philadelphia,Modern,-6.128239790835732
7203576443,0.0007899393116082522,7203576443,Modern,-7.14355443620312
0020727000,0.0007374166515850522,0020727000,Modern,-7.212357490936882
0023671000,0.0001169419412940188,Minnesota State University Moorhead,Modern,-9.053832974584754
7203586866,0.0007557352957191855,7203586866,Modern,-7.1878193810349265
7203586865,0.0007557352957191855,7203586865,Modern,-7.1878193810349265
P270063350,0.0018956090391778712,P270063350,Modern,-6.268215099377319
P270052795,0.0002843419559507205,P270052795,Modern,-8.165332973865278
0025403000,0.0002843419559507205,College of Saint Mary,Modern,-8.165332973865278
0013607000,0.0018295486253764486,Metropolitan State University of Denver,Modern,-6.303685995352367
0013466000,2.810701738110032e-05,Arapahoe Community College,Modern,-10.479491283936856
6250001254,0.0019553124752219883,6250001254,Modern,-6.237205264443741
6250041556,0.0025307739162813135,6250041556,Modern,-5.979230127255914
7203584723,0.00209173827165104,7203584723,Modern,-6.169759849759686
P270039416,0.0021425335486888876,Washington University in St. Louis,Modern,-6.145766248950343
P269805260,0.0019098137806428381,P269805260,Modern,-6.260749538722379
0036251000,0.0007220015038682063,Sul Ross State University,Modern,-7.233483336153664
0036145000,1.0756694630211724e-05,0036145000,Modern,-11.439982240924072
0025908000,0.0014880254764387411,Keene State College,Modern,-6.5103052214552095
P269936924,0.00037282494956337775,P269936924,Modern,-7.894401552597734
7203586285,0.0013809768312420798,7203586285,Modern,-6.584964181493628
P270055994,0.0032591214317319135,P270055994,Modern,-5.726297619393767
P270056039,0.0032591214317319135,P270056039,Modern,-5.726297619393767
7203585186,0.00012748247826069824,SRI International,Modern,-8.967531628215818
7203585772,0.00023057095335119943,7203585772,Modern,-8.374951919246095
P270046657,0.0008861828823499179,P270046657,Modern,-7.028587215172034
6250026371,0.0004563888619954695,6250026371,Modern,-7.692165344315615
P270030621,0.0016500054832627462,"University of California, Irvine",Modern,-6.406976667885626
5300013154,0.0029015676428561688,National University,Modern,-5.842504121541021
P270032856,0.003080684714533763,P270032856,Modern,-5.7826033967902815
7203577490,0.0020208807258828964,University of Houston - Victoria,Modern,-6.204221859678349
P270032900,0.0019483735796380966,P270032900,Modern,-6.240760316153543
7203589598,0.0019483735796380966,"INDUSTRIAL ANALYTICS AND MODELING, INC.",Modern,-6.240760316153543
0012039000,0.0002268826924140595,0012039000,Modern,-8.391077447562665
0001701000,0.00046001095806404586,"Rutgers, The State University of New Jersey",Modern,-7.6842602468865095
5300019713,0.0018995887886267082,5300019713,Modern,-6.266117843272029
0010611000,0.004936822195693342,Alaska Pacific University,Modern,-5.311033434999824
4063053000,0.0035731084490223664,4063053000,Modern,-5.634319348030269
7203583923,0.0012546377983403652,"PhenoTarget Biosciences, Inc.",Modern,-6.680908354953483
7203596666,0.00027866732525381067,7203596666,Modern,-8.18549187019948
7203586771,0.0017068797524181808,7203586771,Modern,-6.3730882814600305
7203586807,0.0017068797524181808,7203586807,Modern,-6.3730882814600305
7203595688,0.0036919194210821155,7203595688,Modern,-5.601608787855406
P270000487,0.0017370005794344777,Cornell University,Modern,-6.35559545813976
4008371000,0.003811214161177977,Dana-Farber Cancer Institute,Modern,-5.569807463135874
0038927000,0.002052359675458351,St. Norbert College,Modern,-6.188765086595642
P270049708,0.00010879356227797497,P270049708,Modern,-9.12605839553226
7203584453,0.00010879356227797497,PHARMACOUSTICS TECHNOLOGIES LLC,Modern,-9.12605839553226
7203589503,0.0014018375204180407,FRED HUTCHINSON CANCER CENTER,Modern,-6.56997138837093
7203579568,0.0009653267745573528,PERCEV LLC,Modern,-6.943043887461993
P270051883,0.0016814632960883388,"University of California, Los Angeles",Modern,-6.388090855099296
5300003140,0.0018113938845217253,Algebra Project Inc,Modern,-6.313658628135051
0022087000,0.00029650319666329,Simmons University,Modern,-8.12345255825817
0026898002,0.000281700399223764,Hunter College,Modern,-8.17466646588819
6250033083,0.0017813435739776455,6250033083,Modern,-6.33038738256773
7203583963,0.0017127608393414223,7203583963,Modern,-6.3696486844827405
7203588987,0.0019518271063105777,7203588987,Modern,-6.238989367500814
6250018656,0.0016777312464275175,6250018656,Modern,-6.390312846799444
0011429000,0.00021080015132625554,California State University San Bernardino,Modern,-8.464600023430837
P270039233,2.3286462684478398e-05,College of Saint Benedict/Saint John's University,Modern,-10.667638366905072
0030791000,0.0030890438311289925,0030791000,Modern,-5.779893675722926
P270016177,0.0017866425162407558,University of California,Modern,-6.327417109688319
P269986643,0.003045380837734127,P269986643,Modern,-5.794129315777436
0036202000,0.0034026382395195443,Southwestern University,Modern,-5.683204195455885
5300004833,0.001721477958114062,Central New Mexico Community College,Modern,-6.364572079151452
P270046751,0.0013806709827033717,P270046751,Modern,-6.585185678629081
7203593108,0.001918961936462411,7203593108,Modern,-6.2559708972432295
6250009095,0.000785233904595959,6250009095,Modern,-7.149528916927242
6250011244,0.0017813435739776455,BENJAMIN FRANKLIN CUMMINGS INSTITUTE OF TECHNOLOGY,Modern,-6.33038738256773
7203583951,0.0010954258494497986,7203583951,Modern,-6.816612087709958
6250014119,0.002152295723063558,American Society of Plant Biologists,Modern,-6.1412202283430934
0032623000,0.0020271606216740075,Elizabethtown College,Modern,-6.201119173569292
6250037101,0.0007563537212164469,6250037101,Modern,-7.187001406001953
7203595388,0.008149837543916015,7203595388,Modern,-4.809757285189875
4003067000,7.31766051798171e-05,Entomological Society of America,Modern,-9.522634789449029
4002440000,7.31766051798171e-05,Cleveland Museum of Natural History,Modern,-9.522634789449029
5300012472,7.31766051798171e-05,5300012472,Modern,-9.522634789449029
4005203000,7.31766051798171e-05,4005203000,Modern,-9.522634789449029
0018077000,0.001991982547570825,Indiana State University,Modern,-6.218624881117737
4005930000,0.006021240913527189,4005930000,Modern,-5.112461909088503
P270051626,0.003637546396144689,Virginia Commonwealth University,Modern,-5.6164458916120035
P270047634,0.0005075659159539983,P270047634,Modern,-7.5858839718292845
5300002950,0.0005075659159539983,James A. Rhodes State College,Modern,-7.5858839718292845
7203590314,0.002980253959593887,Genspace,Modern,-5.815746760755726
7203580410,0.0013684591649747756,7203580410,Modern,-6.594069869187216
0014027000,0.002048971076187667,0014027000,Modern,-6.190417525887639
6250032532,0.003223666293088952,Florida Polytechnic University,Modern,-5.73723596680139
7203584321,8.232827036774268e-05,Koda Health Inc,Modern,-9.404796005404409
6250038736,0.0021233726548624036,6250038736,Modern,-6.154749579464142
7203585763,0.0021233726548624036,7203585763,Modern,-6.154749579464142
P270061075,0.0014111789805556069,P270061075,Modern,-6.563329767553679
7203588577,0.0015709281588683383,"ELLISON INSTITUTE, LLC",Modern,-6.456088650309763
P000217797,0.0015131321038774185,P000217797,Modern,-6.493573535444529
6250016061,7.92576273191485e-05,Riverside Community College District/Moreno Valley Campus,Modern,-9.442806906063275
6250041966,0.000389776772561822,6250041966,Modern,-7.84993636075804
7203594994,0.003920527702577222,7203594994,Modern,-5.541529016235563
P270004036,0.0016670508710107676,P270004036,Modern,-6.396699159175939
7203584242,0.000281700399223764,7203584242,Modern,-8.17466646588819
6250036492,0.0015264066201048938,6250036492,Modern,-6.484838920208841
6250002000,0.0015264066201048938,6250002000,Modern,-6.484838920208841
P270022061,9.99278916334535e-05,University of Maryland Easternshore,Modern,-9.21106171574752
6250006916,0.0005979643239728442,Nez Perce Tribe,Modern,-7.421979464701593
6250007443,0.0005979643239728442,6250007443,Modern,-7.421979464701593
7203596630,0.002662318293067614,7203596630,Modern,-5.928557997010676
7203578653,0.002662318293067614,7203578653,Modern,-5.928557997010676
6250044022,0.0017601619488543142,6250044022,Modern,-6.342349457770829
7203586037,0.0028136715824306296,Public Broadcasting Service,Modern,-5.873265035547727
7203586038,0.0008248055200682704,7203586038,Modern,-7.100362932669625
5300009627,0.0022998961664002157,5300009627,Modern,-6.074891302109486
4082954000,3.477019257104895e-05,The National GEM Consortium,Modern,-10.266750073534505
6250042406,3.477019257104895e-05,6250042406,Modern,-10.266750073534505
P270051784,0.0009172800130448014,Brown University,Modern,-6.994097774583024
P270032329,0.003721655955371268,Pennsylvania State University,Modern,-5.593586560453283
0030650000,0.001958517657319375,Kenyon College,Modern,-6.235567389162815
0291021000,0.002949411541884662,UNIVERSITY OF HAWAII WEST OAHU,Modern,-5.82614960585589
7203577511,0.0019518271063105777,International Research And Exchanges Board Inc.,Modern,-6.238989367500814
0037135000,0.004468516087810543,0037135000,Modern,-5.410698896878403
5300016827,0.0006313019693763348,Western Interstate Commission for Higher Education,Modern,-7.367726253038559
4003889000,0.00016372319674522304,4003889000,Modern,-8.717333380845238
5300002899,0.00023318784941245535,Heartland Community College,Modern,-8.363666208565558
P270054902,0.0010902612762294396,P270054902,Modern,-6.8213379085024615
7203585450,0.00209173827165104,RCAM TECHNOLOGIES,Modern,-6.169759849759686
0038273000,0.0022734399682682025,West Virginia University,Modern,-6.086461190032122
7203586095,0.0016152586872673932,7203586095,Modern,-6.428260157260076
7203579639,0.00499046224531057,Los Alamos National Laboratory,Modern,-5.300226739178229
6250015197,0.0014026636954010587,6250015197,Modern,-6.569382210514806
P270054595,0.0011193544035888177,P270054595,Modern,-6.795003185239232
7203585485,0.00132266953002777,QAS.AI INC,Modern,-6.628103213390419
5300016183,0.001918961936462411,5300016183,Modern,-6.2559708972432295
6250036692,0.003250118157314023,6250036692,Modern,-5.729063927204735
4305910000,0.00037672202579421845,4305910000,Modern,-7.8840029745901035
P269666084,0.0012620409989603444,P269666084,Modern,-6.675025028100528
6250011296,0.0012620409989603444,Giant Screen Films,Modern,-6.675025028100528
0097048000,5.577221681603442e-06,North Seattle Community College,Modern,-12.096819812090349
0016477000,0.0003487541061029156,Kennedy King College,Modern,-7.961143451126208
5300011957,5.2003988046239225e-06,5300011957,Modern,-12.166775242120757
7203591590,1.4513179336720892e-06,7203591590,Modern,-13.443038494575388
6250000607,1.4513179336720892e-06,The High Desert Museum,Modern,-13.443038494575388
4091876000,0.005973891184380515,"Merit Network, Inc.",Modern,-5.1203567742217855
7203591753,0.0008248055200682704,7203591753,Modern,-7.100362932669625
7203589944,0.0010521691226823245,TERASPATIAL INC,Modern,-6.8569014145815945
0116491000,0.0031152119937219672,Loyola Marymount University,Modern,-5.771458073288917
P270062715,4.857410219679824e-05,P270062715,Modern,-9.932420045696114
P270062689,4.857410219679824e-05,P270062689,Modern,-9.932420045696114
P269892360,4.857410219679824e-05,P269892360,Modern,-9.932420045696114
P270062728,4.857410219679824e-05,P270062728,Modern,-9.932420045696114
7203585870,0.0023764641793489827,7203585870,Modern,-6.0421415348834815
7203578861,0.0003824163970249908,SANTA CLARA COUNTY OFFICE OF EDUCATION,Modern,-7.869000498456864
6250010758,0.0003824163970249908,6250010758,Modern,-7.869000498456864
0011551000,0.003491050444680101,San Jose State University Foundation,Modern,-5.65755260104095
0029280000,0.0036681515533151647,Fayetteville State University,Modern,-5.608067407743771
7203586498,0.002507847313094868,7203586498,Modern,-5.988330538010947
6250035397,0.0006668277648963246,6250035397,Modern,-7.312978768937832
6250012346,0.0014018375204180407,6250012346,Modern,-6.56997138837093
7203587256,0.0035519014702251428,7203587256,Modern,-5.64027219347537
P270057455,0.0014018375204180407,P270057455,Modern,-6.56997138837093
7203586504,0.0014026636954010587,7203586504,Modern,-6.569382210514806
7203586169,0.0004909067756489249,7203586169,Modern,-7.619256314492109
6250041636,0.0009316736953419237,6250041636,Modern,-6.9785279168763745
0014878000,0.0016909622682535642,Eckerd College,Modern,-6.382457522588699
7203583634,0.0007707483560313077,7203583634,Modern,-7.168148624147019
7203583515,0.0007707483560313077,7203583515,Modern,-7.168148624147019
6250035207,0.0033903421186442496,6250035207,Modern,-5.686824442727798
6250039042,0.0010758494277206298,6250039042,Modern,-6.83464476409726
7203581878,0.0006703987941140902,"SALIENT PREDICTIONS, INC.",Modern,-7.30763780755385
0038323000,0.0002879323777688167,Alverno College,Modern,-8.152784904811858
0036541000,8.204287508538688e-05,University of Saint Thomas,Modern,-9.408268580452324
4062394000,0.0043127636260480865,Los Alamos National Laboratory,Modern,-5.446176367815245
0039693000,0.0054133203101097895,0039693000,Modern,-5.218892638687505
7203581230,0.0014902224102874108,7203581230,Modern,-6.508829901514956
4200143000,0.002279232586371936,4200143000,Modern,-6.083916477597796
6250039365,0.002087724954433631,Nurture Nature Center,Modern,-6.171680344442299
6250040303,0.0001808679831636298,6250040303,Modern,-8.617743167608223
4008298000,0.003951380936057946,Zoological Society of San Diego,Modern,-5.5336901571010655
5300012682,0.005848494348871325,Archaeology Southwest,Modern,-5.141571027126638
0012856000,2.0339040987750428e-05,0012856000,Modern,-10.802968317533564
7203586138,0.0016379688235408764,7203586138,Modern,-6.414298326979722
P270046870,0.001263541468107706,P270046870,Modern,-6.673836811644748
0021188000,4.419907842735624e-06,Assumption College,Modern,-12.329391712151846
6250029275,0.0012233974254936132,"Looking Glass Ventures, LLC",Modern,-6.706123515544477
7203581582,0.0018880231033369963,REVIVE BIOTECHNOLOGY INC.,Modern,-6.272224974396731
4210482000,0.0006149942683083177,4210482000,Modern,-7.39389761002506
7203586701,0.0007444722151993675,7203586701,Modern,-7.202835026618063
6250024974,0.0013545091181435967,6250024974,Modern,-6.604316164720478
7203591887,0.00019285658596423765,"RETHINK LEARNING, INC.",Modern,-8.553563723184123
5300007039,0.00046569732858060494,5300007039,Modern,-7.671974644344973
7203587310,0.003399852875038409,7203587310,Modern,-5.68402312034381
6250023418,0.002872115374357096,6250023418,Modern,-5.85270645647313
P270052035,0.0020369697252644605,University of Michigan,Modern,-6.196292004261042
6250028185,0.001999607101375856,6250028185,Modern,-6.2148045670329575
7203583498,0.0007545617037444504,"CHS HEALTHCARE VENTURES, INC",Modern,-7.189373502126825
7203579619,0.0031197987238853874,7203579619,Modern,-5.769986790816904
0002485000,0.002117911435831342,Louisiana Universities Marine Corsortium,Modern,-6.15732484767656
6250005936,0.000585450023475184,6250005936,Modern,-7.443129735571866
5300002828,0.0022875731181467847,Santa Fe Community College,Modern,-6.080263797108269
P269923355,0.0014395195821460668,P269923355,Modern,-6.543445844568608
P270058664,0.0019258880817721094,P270058664,Modern,-6.252368076447197
P270051543,0.0016079622178825968,"University of California, San Diego",Modern,-6.4327876048430745
7203585567,0.0013215817125802193,Princeton University School of Mech. & Aerospace Engineering,Modern,-6.628925992626667
5300003243,0.0017813435739776455,5300003243,Modern,-6.33038738256773
6250000545,0.0035587526099055814,6250000545,Modern,-5.638345185995244
4000931000,0.00029659767943058385,American Society For Cell Biology,Modern,-8.12313395219333
7203576298,0.00029659767943058385,7203576298,Modern,-8.12313395219333
6250012332,0.00026220217122657546,Southern University at Shreveport,Modern,-8.24639470586585
5300004777,0.0018979492388013209,5300004777,Modern,-6.266981323724583
0011692000,0.003095385949323699,Claremont Graduate University,Modern,-5.777842679707748
7203582481,1.3206171082652794e-05,Space Domain Awareness,Modern,-11.234826331357379
7203588073,0.0008863798363740676,PROTIUM POWER SYSTEMS INC.,Modern,-7.0283649900029275
0035436000,1.9068872204626395e-05,Austin College,Modern,-10.86745327986866
0037689000,0.0012793356739068244,Washington and Lee University,Modern,-6.661414340540494
P270068257,0.0013215817125802193,Princeton University,Modern,-6.628925992626667
7203581169,0.0024562580916950264,7203581169,Modern,-6.0091161880233654
7203583855,0.001379074392432301,Northeastern University,Modern,-6.586342734974626
P270021871,0.001288090967928091,P270021871,Modern,-6.654594026520601
6250019358,0.001288090967928091,6250019358,Modern,-6.654594026520601
6250038467,0.0006421488758588436,Secure Food Solutions,Modern,-7.350690387296411
7203597160,0.001102970989700674,7203597160,Modern,-6.80974784032531
7203588379,0.003090260762292287,7203588379,Modern,-5.779499802541687
0030890000,0.0015927151197089172,Ohio Northern University,Modern,-6.442315096621117
6250009518,0.0010040056841011458,6250009518,Modern,-6.903757596273301
P270073960,0.00019299767656256878,P270073960,Modern,-8.552832407667765
6250011343,0.0002536682556958348,6250011343,Modern,-8.279483224549182
P269851267,0.0018956090391778712,P269851267,Modern,-6.268215099377319
7203586923,0.0006963198418410737,JUGGERNAUT LIFE SCIENCES LLC,Modern,-7.2697014603122385
7203579048,0.0021326588847619594,7203579048,Modern,-6.150385775037693
P270058153,0.0004893711181775081,P270058153,Modern,-7.622389423454992
6250010460,0.0006517494959781998,6250010460,Modern,-7.335850278487057
7203583520,0.0017866425162407558,"University of California, Berkeley Sensors and Actuators Center",Modern,-6.327417109688319
7203590608,0.0003527638809558409,IIAM Corporation,Modern,-7.949711617315729
6250005675,4.333935781712236e-05,6250005675,Modern,-10.046449379291118
6250019652,0.0003690405542728026,6250019652,Modern,-7.904604016784332
7203588571,0.00046495729578004705,7203588571,Modern,-7.6735649936263535
0025668000,2.5029566742781506e-05,Wayne State College,Modern,-10.59545276218772
8888885CA0,0.001060824397576309,8888885CA0,Modern,-6.848708939573635
P270056183,0.0020369697252644605,P270056183,Modern,-6.196292004261042
0001958000,6.085373836046351e-05,Trident Technical College,Modern,-9.707037304748752
0021535000,0.00023578314508793495,Gordon College,Modern,-8.35259805211073
7203577789,0.0014231719367243268,"OXALO THERAPEUTICS, INC.",Modern,-6.554867140241344
0036962030,0.0010285288894408484,0036962030,Modern,-6.879625760358749
5300019847,0.0017632675940653273,5300019847,Modern,-6.340586603723398
P269892764,0.0014026636954010587,P269892764,Modern,-6.569382210514806
6250040632,0.0031867280324661186,6250040632,Modern,-5.748760583722314
6250001091,0.0008223772194294862,6250001091,Modern,-7.103311363757089
7203585685,0.002481327024205183,7203585685,Modern,-5.9989617715097525
7203581746,0.0005938226536036006,Texas A&M University,Modern,-7.428929846137323
0036947000,0.004054199423431081,Saint Michaels College,Modern,-5.508002040393314
6250018692,0.006032635179662478,6250018692,Modern,-5.110571352152131
0023606000,0.003352271732838539,"Minnesota State University, Mankato",Modern,-5.698117033765342
7203586587,0.001918961936462411,"AIRMETTLE, INC.",Modern,-6.2559708972432295
0021857000,0.00016331309944663013,Framingham State University,Modern,-8.719841344140589
P270047026,0.0012783110504248562,Texas Christian University,Modern,-6.662215564202101
7203597291,0.004397171520916354,7203597291,Modern,-5.426793780921048
7203579242,0.0007563537212164469,Northwestern University,Modern,-7.187001406001953
P270051864,0.0012689099487443584,New York University,Modern,-6.669597055144227
6250021847,0.0021301353387446005,6250021847,Modern,-6.151569761962627
9000003394,0.0016814632960883388,9000003394,Modern,-6.388090855099296
7203580380,0.0012635686957864118,7203580380,Modern,-6.673815263174803
0011403000,0.0002691126532735686,0011403000,Modern,-8.220380480624966
7203588096,0.005433126187994975,7203588096,Modern,-5.215240585473203
6250021985,5.990869846846814e-08,Stochastic Research Technologies LLC,Modern,-16.63044412586593
7203583288,0.0006517494959781998,UNIVERSITY OF SOUTH FLORIDA,Modern,-7.335850278487057
0039263000,0.0014346645106994938,University of Wisconsin-Whitewater,Modern,-6.546824247557115
0035303050,0.0011500750036294958,University of Tennessee Space Institute,Modern,-6.767928118186358
6250022580,0.003619427511837885,6250022580,Modern,-5.621439411551975
7203580545,7.27922885096292e-05,"NOSTOPHARMA, LLC",Modern,-9.527900535437835
7203589006,0.0009653267745573528,University of Connecticut,Modern,-6.943043887461993
7203587587,0.0014018375204180407,CPR THERAPEUTICS INC.,Modern,-6.56997138837093
7203580619,6.948596997266731e-05,7203580619,Modern,-9.574385696669074
6250003884,6.948596997266731e-05,Pacific Northwest Research Institute,Modern,-9.574385696669074
5300001373,0.0006127882884111748,5300001373,Modern,-7.397491051321085
0038562000,0.006727675099987344,Lawrence University,Modern,-5.0015256482047326
0025825000,2.10663729487576e-05,0025825000,Modern,-10.767832487882577
0028936000,0.004570432791170949,United States Military Academy,Modern,-5.388147375896811
6250007085,0.0036326096186049036,University of Puerto Rico at Aguadilla,Modern,-5.617803985795557
0018689000,0.006367089829428549,Grinnell College,Modern,-5.056612769451117
0027516000,0.0010927895070280368,Long Island University,Modern,-6.819021671108162
0031880000,0.0011371166862820805,Central Oregon Community College,Modern,-6.779259443022058
5300019753,0.0009418580770437392,5300019753,Modern,-6.967655956050845
P270011485,0.0007444722151993675,University of Arkansas,Modern,-7.202835026618063
0021014000,0.0007410668651559263,United States Naval Academy,Modern,-7.207419700361476
0082446000,0.001221729779242658,Johnson County Community College,Modern,-6.70748757260155
0028167000,0.0011512486088637332,Siena College,Modern,-6.766908178765752
7203586105,0.0010061779624881537,7203586105,Modern,-6.901596321868078
P270058369,0.001399920643193092,P270058369,Modern,-6.571339727400996
P270058372,0.001399920643193092,P270058372,Modern,-6.571339727400996
6250022589,0.0011836653832927866,Great Minds in STEM,Modern,-6.739139397925772
7203587050,7.782638017849635e-05,National Renewable Energy Laboratory,Modern,-9.461030107409064
0093336000,0.00434044052751197,0093336000,Modern,-5.439779431985993
P269722780,0.0007597909202737461,P269722780,Modern,-7.182467267435158
7203592516,0.001186686173788572,7203592516,Modern,-6.736590584335544
7203588126,0.0022047736151699898,7203588126,Modern,-6.117130444211283
6250041590,0.0013806709827033717,6250041590,Modern,-6.585185678629081
4091862000,0.00020342707637930935,4091862000,Modern,-8.500202964333685
P270063849,0.0010602612750395908,P270063849,Modern,-6.84923991534441
7203583964,0.0009933783354252707,"Filtravate, Inc.",Modern,-6.9143989640397345
0016485000,0.0014231719367243268,City Colleges of Chicago Harry S Truman College,Modern,-6.554867140241344
0018101000,0.003625111379591586,Indiana University Purdue University Indianapolis,Modern,-5.619870265742939
7203589201,0.00154616053894073,7203589201,Modern,-6.4719804927198785
6250015946,0.003756039005754648,6250015946,Modern,-5.58439033277134
4035911000,0.005310802141422289,Aspen Center For Physics,Modern,-5.238012392722323
0047365000,0.00019227962357356941,0047365000,Modern,-8.556559872639777
7203585992,0.0001128173118803795,7203585992,Modern,-9.089740756559424
P270072020,0.004041159257009683,P270072020,Modern,-5.511223683365488
7203586927,0.0014018375204180407,ONCOSTING LLC,Modern,-6.56997138837093
7203581563,0.0013647488930465153,7203581563,Modern,-6.596784828406224
0012609000,0.0002927554944158611,0012609000,Modern,-8.13617278737611
P270048999,0.0014185034023354588,"Rutgers, The State University of New Jersey",Modern,-6.558152905173684
6250021164,0.00022154406240322788,6250021164,Modern,-8.414889060934158
5300012915,0.0017403011340483,Hubbard Brook Research Foundation,Modern,-6.353697115184813
0026161000,0.0065042696823136925,MONMOUTH UNIVERSITY      BIOLOGY DEPT,Modern,-5.035296443525867
6250042173,0.00018222827435510262,Midwestern University,Modern,-8.610250402109443
7203587855,0.0019709063587109144,University of Washington,Modern,-6.2292617614729355
P270068268,0.0013806709827033717,"Department of Linguistics, University of Massachusetts, Amherst",Modern,-6.585185678629081
0038265000,0.005231441225358089,West Virginia State University,Modern,-5.253068469965322
7203582743,0.0016814632960883388,7203582743,Modern,-6.388090855099296
4200986000,0.0017632675940653273,4200986000,Modern,-6.340586603723398
P270050193,0.00016805494395325177,P270050193,Modern,-8.691219584688556
5300004564,0.0004533885970095339,5300004564,Modern,-7.698760970164027
0032243000,0.005042653915660359,University of Portland,Modern,-5.28982276492096
7203584826,0.0007597909202737461,Lehigh University,Modern,-7.182467267435158
7203589802,0.00026196937305783465,RUNESTONE ACADEMY LTD,Modern,-8.247282957761954
5300000627,0.002558497422717366,5300000627,Modern,-5.968335137060903
7203591201,0.0007612054920890345,7203591201,Modern,-7.180607207527538
P270009958,0.0022737551866001855,University of North Texas Health Science Center,Modern,-6.086322547056947
6250027672,0.000931702448272965,6250027672,Modern,-6.9784970557631825
0021550080,0.0047010821843870634,0021550080,Modern,-5.3599625447728
7203583983,0.0019702295087903657,7203583983,Modern,-6.229605241094019
5300012964,0.0018956090391778712,National Collegiate Inventors and Innovators Alliance,Modern,-6.268215099377319
0036608000,0.0007563537212164469,University of Texas Southwestern Medical Center,Modern,-7.187001406001953
0011338000,0.0016777312464275175,California Lutheran University,Modern,-6.390312846799444
0022939000,2.9877268005091348e-05,Lake Superior State University,Modern,-10.418412634105696
0093369000,6.740728815506585e-05,Johnston Community College,Modern,-9.604757413027471
7203589796,6.016932758236151e-05,7203589796,Modern,-9.718347844091756
5300012607,0.001043356397911341,Ilisagvik College,Modern,-6.865312456718244
7203592163,0.0016500054832627462,"NEOCARE INNOVATIONS, INC.",Modern,-6.406976667885626
0035352020,0.0003234867529826899,Wayne State University,Modern,-8.036352393910626
0035923000,6.666383147682161e-05,Midwestern State University,Modern,-9.615848008836357
5300013155,6.666383147682161e-05,5300013155,Modern,-9.615848008836357
7203580058,0.0011706029729418412,SAFEBVM CORP.,Modern,-6.750236301436843
P269976365,0.0014026636954010587,"Department of Anthropology, Colorado State University",Modern,-6.569382210514806
7203588162,0.002554084850752442,7203588162,Modern,-5.970061299232796
6250014480,0.0019518271063105777,6250014480,Modern,-6.238989367500814
7203576763,0.0026617567824948683,Rutgers University New Brunswick,Modern,-5.928768929639108
5300010745,0.0015084566562992793,5300010745,Modern,-6.496668232758218
P270046760,0.0012689099487443584,P270046760,Modern,-6.669597055144227
7203578736,0.0004909067756489249,"IRIS LIGHT TECHNOLOGIES, INC.",Modern,-7.619256314492109
7203588664,0.0013215817125802193,Princeton University,Modern,-6.628925992626667
6250028082,0.0009316736953419237,"APOGEE SEMICONDUCTOR, INC.",Modern,-6.9785279168763745
0003000000,0.0028388948850096843,"Arecibo Observatory, Puerto Rico",Modern,-5.8643404275343896
6250029880,0.0020369697252644605,6250029880,Modern,-6.196292004261042
4002341000,0.009857657731649682,Children's Hospital Corporation,Modern,-4.6195066911587
5300005275,8.120734679227204e-09,Riverland Community College,Modern,-18.628845209128347
6250004409,0.0009654186516275434,Ecohealth Alliance inc.,Modern,-6.9429487148214015
6250015417,0.00010210451060554901,6250015417,Modern,-9.189513655458526
0032730000,0.00011203014379453479,0032730000,Modern,-9.096742581858495
0033670000,0.0014165306591161716,Saint Joseph's University,Modern,-6.559544594652489
7203586060,0.0011500750036294958,7203586060,Modern,-6.767928118186358
0024398000,0.0003728232574840092,Tougaloo College,Modern,-7.8944060911438
7203586836,5.558514361579254e-06,7203586836,Modern,-12.100179686561182
5300009103,0.004529801207235417,5300009103,Modern,-5.397077224062599
6250030060,0.0008364670018807183,Coeur d Alene Tribe,Modern,-7.086323486156823
P270055663,0.001221729779242658,P270055663,Modern,-6.70748757260155
P270027161,0.0011235392780798545,Missouri University Research Reactor,Modern,-6.791271506487283
6250010400,0.00038827088451386853,Society for In Vitro Biology,Modern,-7.853807305974924
P270069631,0.00013513566356920407,P270069631,Modern,-8.909231368787797
7203587446,0.0011500750036294958,"Endeavor Composites, Inc.",Modern,-6.767928118186358
7203589240,0.004664979683454659,7203589240,Modern,-5.367671799793137
P270071340,0.003608369878511849,The Pennsylvania State University,Modern,-5.624499165818935
P270023743,0.0017370005794344777,P270023743,Modern,-6.35559545813976
4306054000,0.001379074392432301,4306054000,Modern,-6.586342734974626
7203587435,0.00018288850773581861,"NEW UNIVERSITY OF BRIDGEPORT, INC., THE",Modern,-8.606633838134686
0014167000,0.00018288850773581861,0014167000,Modern,-8.606633838134686
7203590867,5.603229474853779e-05,COLLEGE OF MUSCOGEE NATION,Modern,-9.789582341513842
P270065137,0.0009654186516275434,P270065137,Modern,-6.9429487148214015
P270068063,0.001414707793428728,"Fordham University, Rose Hill Campus",Modern,-6.560832275623114
P270074389,0.00020380390280009766,P270074389,Modern,-8.498352287211329
P270067764,0.0013590137355394083,P270067764,Modern,-6.600996036771191
6250043038,0.0019518271063105777,6250043038,Modern,-6.238989367500814
7203579046,0.0011507335497924125,University of Illinois at Chicago,Modern,-6.767355670574478
0500473000,0.0001325788782184089,Northeast State Technical Community College,Modern,-8.928332782354355
P270056470,0.00015116632532846704,P270056470,Modern,-8.797129835105318
5300013097,0.00019893074537634847,5300013097,Modern,-8.522553806994601
6250023936,1.7025725505531662e-05,The POGIL Project,Modern,-10.98078509270851
6250000550,9.023889984408617e-05,Lehigh Carbon Community College,Modern,-9.313049961732922
6250031080,0.0021606585843702937,Keystone Initiative for Network Based Education and Research,Modern,-6.1373422035872425
P270017236,0.0006411872306912677,P270017236,Modern,-7.352189052131999
0036376000,0.0010355041020072336,Jarvis Christian University,Modern,-6.872866915758178
7203592685,0.001918961936462411,"ROCA WATER, INC.",Modern,-6.2559708972432295
6250007434,0.003289860623747592,6250007434,Modern,-5.716910078704775
6250019097,0.00029263275021998344,"Independence Science, LLC",Modern,-8.136592147343794
7203587649,0.001292032320826372,7203587649,Modern,-6.651538857815142
0019612000,3.339015381021067e-05,Centre College of Kentucky,Modern,-10.307249497544008
0037671000,3.339015381021067e-05,Virginia Wesleyan University,Modern,-10.307249497544008
5300019585,0.0004255628021726967,Dimien Inc.,Modern,-7.762098024666539
7203587462,0.0007402462046297762,7203587462,Modern,-7.208527718142254
7203584960,0.0018880231033369963,7203584960,Modern,-6.272224974396731
0031575000,0.0009933783354252707,Langston University,Modern,-6.9143989640397345
7203589258,0.0010665825910393413,7203589258,Modern,-6.843295581851714
7203580455,0.0010665825910393413,7203580455,Modern,-6.843295581851714
0029710000,0.0022582831864445085,University of North Carolina General Administration Office,Modern,-6.093150406395447
0036558000,0.0022582831864445085,0036558000,Modern,-6.093150406395447
5300016407,0.00027102034988209613,Sisseton Wahpeton Community College,Modern,-8.21331664808797
7203589296,0.0019518271063105777,"SONOGEN MEDICAL, INC.",Modern,-6.238989367500814
7203579945,0.0018260469162008424,7203579945,Modern,-6.305601803710711
0034249000,0.004851554583870322,Claflin University,Modern,-5.328456092635627
6250042415,0.0033969750750617355,6250042415,Modern,-5.6848699271689265
7203586296,0.0030633201017386405,7203586296,Modern,-5.788255950637363
P269791068,0.0032919355489119465,P269791068,Modern,-5.7162795744537584
6250001290,1.1571257058007218e-05,6250001290,Modern,-11.366986374604522
P270067139,0.0013706593003643545,University of North Carolina at Chapel Hill,Modern,-6.59246341375962
5300001252,0.0012814047875969754,5300001252,Modern,-6.65979831254269
7203587999,0.0012814047875969754,7203587999,Modern,-6.65979831254269
6250026601,0.0012814047875969754,6250026601,Modern,-6.65979831254269
4005427001,0.0018260469162008424,4005427001,Modern,-6.305601803710711
P269886234,2.8100808829074662e-05,P269886234,Modern,-10.47971219808599
7203584795,0.00048455387110526456,7203584795,Modern,-7.632281943742746
7203579671,0.0021559784630443644,7203579671,Modern,-6.139510615296799
6250035115,0.0021559784630443644,6250035115,Modern,-6.139510615296799
7203587544,0.0021559784630443644,7203587544,Modern,-6.139510615296799
5300019564,0.0010123827062296568,5300019564,Modern,-6.8954486113933156
6250021412,0.0007761056043202443,6250021412,Modern,-7.161221958998641
6250033166,0.0007690099439535376,6250033166,Modern,-7.170406657523331
7203583552,0.0014179483094292425,"AMCYT, INC.",Modern,-6.558544304689495
0032193000,0.001930329014541163,Southern Oregon University,Modern,-6.250064816738835
7203584503,0.0006819520789988329,ARCHAIC LLC,Modern,-7.290551167987147
0012435000,5.165909355401226e-05,Mount Saint Mary's Universtity,Modern,-9.87084431683046
P270045359,0.00131508962353089,P270045359,Modern,-6.633850460898498
4006664000,5.598152473638505e-05,4006664000,Modern,-9.790488837084887
7203585184,0.0009653267745573528,7203585184,Modern,-6.943043887461993
7203586817,0.00033339772516659824,Texas State University,Modern,-8.006174410806436
0037812000,0.003140602333841088,Highline Community College,Modern,-5.763340671394201
0028688000,0.001118939518723639,Hudson Valley Community College,Modern,-6.79537390051107
4007845000,0.0009316736953419237,4007845000,Modern,-6.9785279168763745
7203588215,0.0003338224634507268,7203588215,Modern,-8.004901252863235
7203585674,2.040475002273822e-05,TOPOS INSTITUTE,Modern,-10.799742839966246
7203589401,0.0010364562685136413,7203589401,Modern,-6.871947818475254
7203589361,0.0010364562685136413,7203589361,Modern,-6.871947818475254
0020545000,0.0012818538281307462,University of Southern Maine,Modern,-6.659447945603039
0034660000,0.0005149294829661296,Northern State University,Modern,-7.571480592955157
7203586560,0.0017370005794344777,7203586560,Modern,-6.35559545813976
7203581219,0.0014200762740653806,7203581219,Modern,-6.55704469468097
7203586102,0.002343418718182795,"GLOBAL COOLING TECHNOLOGY GROUP, LLC",Modern,-6.056144425144643
4051157000,0.0018034165153352918,"Child Trends, Incorporated",Modern,-6.318072349052361
7203582772,0.004237646334340458,"AIR COMPANY HOLDINGS, INC.",Modern,-5.4637472736941355
7203583416,0.0013806709827033717,7203583416,Modern,-6.585185678629081
6250037167,0.0009316736953419237,University of Texas at Dallas,Modern,-6.9785279168763745
P270065059,0.000942350809553722,P270065059,Modern,-6.9671329434223415
P270060640,0.0012546377983403652,P270060640,Modern,-6.680908354953483
7203579028,0.0013349740919280791,BioAesthetics Corporation,Modern,-6.618843394113685
P270053383,0.0008120352766673938,California Institute of Technology,Modern,-7.115966774574599
6250007307,0.001892585457173259,6250007307,Modern,-6.269811417966341
0080127000,0.0006102853219765326,University of Maine,Modern,-7.401583969208478
0034389000,0.005317153705445814,Medical University of South Carolina,Modern,-5.236817136575005
6250009699,0.0020369697252644605,6250009699,Modern,-6.196292004261042
0002501000,0.0029724484949222264,Morehouse School of Medicine,Modern,-5.818369256741304
6250005699,0.0016777312464275175,The Translational Genomics Research Institute,Modern,-6.390312846799444
6250022062,0.0003399957143162678,6250022062,Modern,-7.986577545385663
P269872095,8.720021659804535e-05,P269872095,Modern,-9.347303743129887
7203583168,4.9359060501943895e-05,7203583168,Modern,-9.916389212139372
7203585654,0.00041841169638582177,OPTERA LLP,Modern,-7.7790446905712605
7203587754,0.00010925969740840604,7203587754,Modern,-9.121782964464147
P270075775,0.0016814632960883388,P270075775,Modern,-6.388090855099296
6250004705,0.003370353173045519,6250004705,Modern,-5.692737740985612
0500726000,0.0007113536586508855,0500726000,Modern,-7.248340841630327
P270057297,0.0007113536586508855,P270057297,Modern,-7.248340841630327
0019133000,0.0007113536586508855,0019133000,Modern,-7.248340841630327
P270068788,0.0017519415614299873,P270068788,Modern,-6.34703064237242
P270068772,0.0037234240697188122,P270068772,Modern,-5.593111585201218
P269775146,1.715147453114845e-05,P269775146,Modern,-10.973426409555643
7203588087,0.0013806709827033717,"Optical Waters, Inc.",Modern,-6.585185678629081
7203587483,0.0006421488758588436,Mississippi State University,Modern,-7.350690387296411
7203587025,0.0010061779624881537,BICURE LLC,Modern,-6.901596321868078
7203582725,0.0018260469162008424,University of Colorado,Modern,-6.305601803710711
0014753000,5.495103770260169e-05,0014753000,Modern,-9.809067992805206
6250024482,5.495103770260169e-05,6250024482,Modern,-9.809067992805206
6250014191,0.0011500750036294958,6250014191,Modern,-6.767928118186358
6250003368,0.0040157803884379225,Missouri Research and Education Network (MOREnet),Modern,-5.517523582241846
5300002735,0.0016379688235408764,5300002735,Modern,-6.414298326979722
7203581657,0.0018908663130966935,7203581657,Modern,-6.270720188210693
7203580922,0.000557580852723723,University of Maryland Baltimore County,Modern,-7.491903037838317
0034066000,0.00632129324939055,Providence College,Modern,-5.063831463688714
0086116000,0.0005207762476319869,CUNY Hostos Community College,Modern,-7.56019007557543
6250001033,0.0018550754327858311,6250001033,Modern,-6.289829919174948
0028449000,4.8117072376853344e-05,SUNY College at Fredonia,Modern,-9.941873508757393
6250001366,0.0029349103176093023,6250001366,Modern,-5.831078382349744
0034637000,0.002133735741797005,Dakota State University,Modern,-6.149880966105481
0032748000,0.0004954119342051883,Haverford College,Modern,-7.610120951160442
7203588757,0.0035847078905279013,7203588757,Modern,-5.631078289274607
6250036058,0.0010153414509985854,6250036058,Modern,-6.892530318135122
P269982676,0.0013706593003643545,P269982676,Modern,-6.59246341375962
P269991448,0.002343418718182795,Arizona State University,Modern,-6.056144425144643
6250025128,0.0016852218245823494,6250025128,Modern,-6.385858077206061
P270068138,0.0030311341545994786,The University of Chicago,Modern,-5.798818421048118
7203578873,0.0014238792533276098,7203578873,Modern,-6.554370263599078
6250029362,0.0014238792533276098,6250029362,Modern,-6.554370263599078
4008694000,0.002407297075633099,4008694000,Modern,-6.029250706262697
P270017695,9.284904249271149e-05,P270017695,Modern,-9.284535582628948
P270067991,0.0013806709827033717,University of Massachusetts Amherst,Modern,-6.585185678629081
P270067598,0.00140916837365996,P270067598,Modern,-6.5647555545109135
7203585430,3.307292708414126e-05,Eastern Michigan University,Modern,-10.316795523120309
0017491000,0.0006593888980145773,Roosevelt University,Modern,-7.324197063964319
6250043908,0.0006593888980145773,6250043908,Modern,-7.324197063964319
P269986218,0.001243803552494535,P269986218,Modern,-6.689581213136371
7203579765,1.9321996938554818e-05,"INTERNATIONAL ALLIANCE FOR PHYTOBIOMES RESEARCH, INC.",Modern,-10.854266373312463
6250044062,0.0012971459313139181,International Wheat Genome Sequencing Consortium,Modern,-6.647588865471393
7203584221,0.004736507513001655,7203584221,Modern,-5.352455226457257
7203583510,0.0008104330270453217,7203583510,Modern,-7.11794185185563
6250029715,0.0020369697252644605,6250029715,Modern,-6.196292004261042
6250001717,1.6713469425465812e-05,6250001717,Modern,-10.99929561120708
7203582346,0.0011500750036294958,FEATHER RIVER COMMUNITY COLLEGE DISTRICT,Modern,-6.767928118186358
7203587641,0.0002879323777688167,Marquette University,Modern,-8.152784904811858
7203586089,0.0018938156395087603,7203586089,Modern,-6.26916162818054
7203589340,0.002355149579217519,7203589340,Modern,-6.051151037939483
P270071074,0.0009413600215691303,P270071074,Modern,-6.968184896895868
0019497000,7.101940562485778e-05,Washburn University of Topeka,Modern,-9.55255739960773
0025551000,0.002034213464171749,0025551000,Modern,-6.197646038892044
0040766000,0.002034213464171749,0040766000,Modern,-6.197646038892044
7203584945,0.00029678113206430543,7203584945,Modern,-8.122515619903693
P270061350,0.0006703987941140902,P270061350,Modern,-7.30763780755385
P270061868,0.0033425282221935513,University of Chicago,Modern,-5.701027805585213
7203577468,0.001787616598792501,7203577468,Modern,-6.326872055429795
7203585099,0.00209173827165104,Purdue University,Modern,-6.169759849759686
7203579110,0.0010758494277206298,Washington State University - CMEC,Modern,-6.83464476409726
7203588342,0.00046001095806404586,7203588342,Modern,-7.6842602468865095
6250000618,0.0010392127722828094,Baton Rouge Community College,Modern,-6.869291802188021
P270071056,6.169360523596724e-05,P270071056,Modern,-9.693330275277267
7203590747,0.0018260469162008424,7203590747,Modern,-6.305601803710711
7203587672,0.000194088962297091,7203587672,Modern,-8.54719393546966
P270051452,0.0016500054832627462,"University of California, Irvine",Modern,-6.406976667885626
7203588207,0.00209173827165104,"LIFESPAN DIGITAL HEALTH, LLC",Modern,-6.169759849759686
7203588279,1.793925147461616e-05,7203588279,Modern,-10.928519426027043
7203586663,0.001453067141427371,7203586663,Modern,-6.534078686633388
0033522000,0.001200216393272914,0033522000,Modern,-6.725253410717844
P270037173,0.001221729779242658,P270037173,Modern,-6.70748757260155
5300011389,0.005143421008819208,5300011389,Modern,-5.270036854987697
6250017679,0.0007443439430563258,6250017679,Modern,-7.203007340899645
6250010808,6.195447646049632e-06,Bluegrass Community & Technical College Adv Manufacturing Center,Modern,-11.991695786244406
P270062539,0.0020369697252644605,P270062539,Modern,-6.196292004261042
7203578622,0.0007402462046297762,MULTIPLIER,Modern,-7.208527718142254
7203583656,0.0006234250885070482,Wexford Science & Technology,Modern,-7.380281946803282
0050187000,0.0021619331657016486,Central Wyoming College,Modern,-6.136752473424419
0014688000,0.0018693505540928045,0014688000,Modern,-6.282164205713883
6250016949,0.002343418718182795,6250016949,Modern,-6.056144425144643
5300000108,2.7273755301606413e-05,5300000108,Modern,-10.509585662424625
6250032568,2.7273755301606413e-05,Child Trends Inc.,Modern,-10.509585662424625
P269984332,0.002710554092316134,P269984332,Modern,-5.910602202880781
7203576514,0.002642126417741788,University of South Carolina,Modern,-5.936171224767929
0039933000,0.0009357553234796007,0039933000,Modern,-6.974156522198215
6250013747,0.003562659910181194,6250013747,Modern,-5.637247847326357
7203587408,0.0023596833254189054,7203587408,Modern,-6.049227853092647
6250003653,0.0030365982653785305,6250003653,Modern,-5.797017381754403
0015131000,3.682959744602938e-05,0015131000,Modern,-10.209208757623255
5300010167,0.006571691521169067,Bay Area Environmental Research Institute,Modern,-5.024984018257952
0072835000,0.00019494906452193018,0072835000,Modern,-8.542772241101014
5300007032,0.0019028743005985124,5300007032,Modern,-6.264389746134809
7203589453,4.8863304869914764e-05,THE ALLEN INSTITUTE FOR ARTIFICIAL INTELLIGENCE,Modern,-9.926483854841397
0015198000,4.195516519120721e-07,Santa Fe College,Modern,-14.684079191295522
7203589249,0.0018260469162008424,7203589249,Modern,-6.305601803710711
7203579726,0.00043573508948041264,7203579726,Modern,-7.738476092209463
6250036437,0.00043610989001142145,6250036437,Modern,-7.7376163050617155
6250019032,0.0008757775255189575,Haskell Foundation,Modern,-7.040398465585345
6250043735,0.0034226012906264035,6250043735,Modern,-5.677354405731529
7203597263,0.0004427072140120011,7203597263,Modern,-7.722601922872161
7203576902,0.0004427072140120011,7203576902,Modern,-7.722601922872161
6250029534,0.0004999709765382403,6250029534,Modern,-7.60096050815039
6250019330,0.0015709281588683383,6250019330,Modern,-6.456088650309763
0038661000,0.002199128776968521,Milwaukee Area Technical College,Modern,-6.119694007519574
0012658000,0.002199128776968521,0012658000,Modern,-6.119694007519574
7203576416,0.0013548102995307686,Swinomish Indian Tribal Community,Modern,-6.604093834797732
P270062249,0.0007998637281242892,P270062249,Modern,-7.131069184650464
7203587508,0.004678861334544955,The Pennsylvania State University,Modern,-5.364700503240355
4306058000,0.00017178547834545158,Chicago Public Schools,Modern,-8.669264078497445
7203588140,0.0013684591649747756,BLACK IN MARINE SCIENCE,Modern,-6.594069869187216
4030409000,0.004695982773576625,Fund For the City of New York,Modern,-5.361047864781506
0116723000,0.00015355185387744567,0116723000,Modern,-8.781472237705549
7203589348,0.0019709063587109144,7203589348,Modern,-6.2292617614729355
P270067814,0.0016777312464275175,"University of California, Berkeley",Modern,-6.390312846799444
7203587997,0.001808283724230266,7203587997,Modern,-6.315377102205415
7203588090,0.001808283724230266,7203588090,Modern,-6.315377102205415
4006912000,0.000547336258769412,Rocky Mountain Biological Laboratory,Modern,-7.5104472117449905
6250040373,0.0008783202240957125,6250040373,Modern,-7.037499310896523
7203587488,0.001713811024301469,7203587488,Modern,-6.369035719084833
4016879000,0.0021723030202241136,4016879000,Modern,-6.131967374567635
7203588084,0.0020581853218751118,7203588084,Modern,-6.185930596122494
7203597545,0.00037095215169910073,7203597545,Modern,-7.899437474835788
4018578000,0.0014181361805522847,Association of Science-Technology Centers,Modern,-6.5584118184226154
7203581013,0.000690145862477137,Kansas State University,Modern,-7.2786075878193195
0032664000,9.523927205297987e-06,Gannon University,Modern,-11.561703272659713
0022707000,0.0016670508710107676,0022707000,Modern,-6.396699159175939
7203587035,0.002343418718182795,Arizona State University,Modern,-6.056144425144643
6250027547,0.0018956090391778712,Anomalee Incorporated,Modern,-6.268215099377319
4201646000,0.0020867241750002247,4201646000,Modern,-6.172159823013746
7203589129,0.0033774667389752846,7203589129,Modern,-5.69062933600216
5300005431,0.0017206749438498853,5300005431,Modern,-6.365038655914086
7203589861,0.0010698366394013845,SOCIEDAD AMBIENTE MARINO INC.,Modern,-6.840249315620751
0058891000,0.001460084381012648,University of Oklahoma Health Sciences Center,Modern,-6.529261049717829
0033209000,0.0001485295966315443,East Stroudsburg University of Pennsylvania,Modern,-8.814726315663783
7203586014,0.004562197937070322,7203586014,Modern,-5.389950767838841
7203585454,0.0015709281588683383,University of Michigan,Modern,-6.456088650309763
0029629000,0.005108585677364365,Shaw University,Modern,-5.276832688542779
0112102000,0.002573175822334951,0112102000,Modern,-5.962614414424101
P270071845,0.0022169270211615417,P270071845,Modern,-6.111633266723983
7203583601,0.0017370005794344777,"INTERMIX PERFORMANCE MATERIALS, INC.",Modern,-6.35559545813976
0039404000,0.00019599968477486144,0039404000,Modern,-8.537397507026574
7203582274,0.0009653267745573528,"NANOIONIX, LLC",Modern,-6.943043887461993
7203585329,0.0017068797524181808,7203585329,Modern,-6.3730882814600305
7203589205,0.0017068797524181808,7203589205,Modern,-6.3730882814600305
6250040245,0.0032772450996520174,6250040245,Modern,-5.720752118149655
6250018093,3.0201602949036305e-05,6250018093,Modern,-10.407615557209366
7203587369,0.0006819520789988329,7203587369,Modern,-7.290551167987147
7203587633,0.0007624789400790617,7203587633,Modern,-7.178935669432579
0017103020,0.00036445388063908806,Loyola University Stritch School of Medicine,Modern,-7.917110542259998
P269949013,0.0008468696540336123,P269949013,Modern,-7.0739637664963695
P270068110,0.002878800155367654,Massachusetts Institute of Technology,Modern,-5.850381684361037
P270075098,0.0005778763161794401,P270075098,Modern,-7.456150698038854
4003451000,0.0017866425162407558,4003451000,Modern,-6.327417109688319
P270071427,0.0008468696540336123,P270071427,Modern,-7.0739637664963695
5300005189,0.001081445118118205,5300005189,Modern,-6.829457059935342
7203578997,0.003697077718001161,7203578997,Modern,-5.600212577338629
5300019854,0.0009485168307365964,5300019854,Modern,-6.960611024164038
7203586072,0.0012127284381288205,7203586072,Modern,-6.714882550317703
6250042334,0.0004206763156650555,6250042334,Modern,-7.773646866397162
0010207000,0.0029829964118484238,Jacksonville State University,Modern,-5.814826976317019
6250001726,7.944852168335761e-05,St. Cloud Technical College,Modern,-9.440401272034991
P270033622,0.0015709281588683383,University of Southern California,Modern,-6.456088650309763
7203584118,0.003593849589021559,7203584118,Modern,-5.628531342074838
0053876000,9.612832566215448e-05,Northcentral Technical College,Modern,-9.249826533471351
0035360000,0.0022647773263093952,0035360000,Modern,-6.09027883556013
P270066369,0.001052272272466893,Yale University,Modern,-6.856803384021191
P270066648,0.00209173827165104,Purdue University,Modern,-6.169759849759686
4001446000,0.0017081625468093682,4001446000,Modern,-6.372337020222762
5300001121,0.0033098161701543487,MiraCosta College,Modern,-5.710862628853161
6250004419,3.0567145458201033e-05,6250004419,Modern,-10.395584803647461
0500718000,3.0567145458201033e-05,0500718000,Modern,-10.395584803647461
7203588000,0.0010391504138148246,"FEMTOMAG, INC.",Modern,-6.86935180947493
7203588786,0.004102636295383871,7203588786,Modern,-5.496125513032964
6250043463,0.003491050444680101,6250043463,Modern,-5.65755260104095
7203583343,0.0012127284381288205,7203583343,Modern,-6.714882550317703
0023358000,0.0001466533451915698,0023358000,Modern,-8.827438952084508
7203581174,0.0017370005794344777,"Dynamic Locomotion, Inc.",Modern,-6.35559545813976
6250026177,0.00209173827165104,6250026177,Modern,-6.169759849759686
0053041000,9.612832566215448e-05,Chippewa Valley Technical College,Modern,-9.249826533471351
0032433000,0.00010693487898728071,0032433000,Modern,-9.143290516374655
6250014609,0.0001325788782184089,6250014609,Modern,-8.928332782354355
4012001000,0.001973221159275891,Education NorthWest,Modern,-6.228087965331611
6250031298,0.001516813651329339,6250031298,Modern,-6.491143426418747
0037366000,0.0017813435739776455,Roanoke College,Modern,-6.33038738256773
7203586462,0.0018536682108449113,7203586462,Modern,-6.290588786405293
P269852775,0.0018536682108449113,P269852775,Modern,-6.290588786405293
5300008784,0.004130061234416105,Lincoln Park Zoological Society,Modern,-5.489463045383976
7203587480,0.0017068797524181808,7203587480,Modern,-6.3730882814600305
7203580175,0.0017068797524181808,7203580175,Modern,-6.3730882814600305
7203579660,0.0014761921939763873,7203579660,Modern,-6.518289348559668
P270026901,0.0014761921939763873,P270026901,Modern,-6.518289348559668
7203586172,5.2003988046239225e-06,Richard J. Daley College City Colleges of Chicago,Modern,-12.166775242120757
7203589759,0.0012689099487443584,"ORALIVA, INC.",Modern,-6.669597055144227
7203583657,0.0011507335497924125,ZQAI LLC,Modern,-6.767355670574478
7203591392,0.0013242520711963831,7203591392,Modern,-6.626907453488466
4002788000,0.00018223123056914536,Denver Museum of Nature and Science,Modern,-8.610234179653983
7203589858,0.0006421488758588436,7203589858,Modern,-7.350690387296411
7203591440,0.00030732543344934147,7203591440,Modern,-8.087603328017847
7203591537,0.00030732543344934147,7203591537,Modern,-8.087603328017847
6250033442,8.48344734686924e-05,Yale University,Modern,-9.374808571022582
7203588421,0.0013545091181435967,7203588421,Modern,-6.604316164720478
7203592427,0.00028010516365550544,7203592427,Modern,-8.180345440825274
P270075107,0.0031055956451665834,P270075107,Modern,-5.774549747802384
6250040232,0.0006517494959781998,University of South Florida,Modern,-7.335850278487057
5300010493,0.001593607573014494,Florida Gulf Coast University,Modern,-6.441754919002602
7203590583,0.0013215817125802193,Princeton Innovation Center BioLabs,Modern,-6.628925992626667
6250040541,0.0002397269369679625,6250040541,Modern,-8.336010044999043
4050506000,0.00046591795643882033,Beckman Research Institute City of Hope,Modern,-7.671500998483021
7203584264,0.002246152025454577,7203584264,Modern,-6.098536737755057
7203589712,0.0016670508710107676,"Motion Grazer AI, Inc.",Modern,-6.396699159175939
6250025253,0.0016570539440344586,6250025253,Modern,-6.402713985826548
7203589846,0.00191935628547667,7203589846,Modern,-6.255765417138223
7203585580,0.0019540359799286315,7203585580,Modern,-6.237858312056849
0024497000,0.0016670508710107676,Avila University,Modern,-6.396699159175939
5300001137,0.001778256190534593,The College of Idaho,Modern,-6.332122063105707
6250017757,0.002215349167275681,MGH Institute of Health Professions,Modern,-6.112345250312294
7203580979,3.298600289624109e-05,7203580979,Modern,-10.319427241136186
0099945000,6.040069812474423e-05,Passaic County Community College,Modern,-9.71450989473361
6250007247,0.0019709063587109144,6250007247,Modern,-6.2292617614729355
P270085064,0.0004533885970095339,Boston College,Modern,-7.698760970164027
P269916889,0.000289008991204232,P269916889,Modern,-8.149052758902464
7203586702,0.0006561312953165229,"AQUAVEO, LLC",Modern,-7.329149643747006
0039370000,0.00017531655533270952,"Universidad del Sagrado Corazon, Inc.",Modern,-8.648917330492214
4005344000,0.00027111975349594603,Mount Desert Island Biological Laboratory,Modern,-8.212949939872345
7203589875,0.0020622667700304805,7203589875,Modern,-6.183949527346941
7203589872,0.0020622667700304805,7203589872,Modern,-6.183949527346941
0032409000,9.23252504714035e-05,Butler County Community College,Modern,-9.290192884297797
6250000549,9.23252504714035e-05,6250000549,Modern,-9.290192884297797
7203592600,0.003612689432434153,7203592600,Modern,-5.623302788874357
7203592797,1.4295435439051198e-06,7203592797,Modern,-13.458155364713992
6250002397,0.0017632675940653273,6250002397,Modern,-6.340586603723398
7203589851,0.0017632675940653273,7203589851,Modern,-6.340586603723398
7203587438,0.0019709063587109144,7203587438,Modern,-6.2292617614729355
7203596807,0.006616403785385091,7203596807,Modern,-5.018203291474811
7203585525,0.00014772890088194908,LLC BG BIOLOGICS,Modern,-8.820131714704809
0030239000,0.0007105333356874151,0030239000,Modern,-7.249494692896637
0030403000,0.0007105333356874151,Cuyahoga Community College,Modern,-7.249494692896637
0030148000,0.0007105333356874151,Baldwin Wallace University,Modern,-7.249494692896637
7203590316,0.0014018375204180407,OPEN MOLECULAR SOFTWARE FOUNDATION,Modern,-6.56997138837093
P270079507,0.0017127608393414223,P270079507,Modern,-6.3696486844827405
4305905000,0.003020664783619656,4305905000,Modern,-5.802278344793382
4083656000,0.002343418718182795,Hastings Center,Modern,-6.056144425144643
4003720000,0.0023068069210152448,4003720000,Modern,-6.071890995960808
0024034000,0.0016670508710107676,0024034000,Modern,-6.396699159175939
7203588607,0.0014179483094292425,Carnegie Mellon University,Modern,-6.558544304689495
7203591242,0.0005386866562327999,7203591242,Modern,-7.526376498896808
6250000984,0.0005386866562327999,6250000984,Modern,-7.526376498896808
6250016269,0.0013213834805141788,Cape Rey Carlsbad Beach Hilton,Modern,-6.62907599994945
4062568000,0.007292398715277582,4062568000,Modern,-4.920922745207765
5300002893,0.0016777312464275175,5300002893,Modern,-6.390312846799444
7203591749,0.002378718860038736,7203591749,Modern,-6.041193230332408
7203585194,0.00011854177417993444,7203585194,Modern,-9.040245134786145
P269855432,0.00012642489875642622,P269855432,Modern,-8.975862111817799
5300019944,0.0012310736986271954,5300019944,Modern,-6.699868564662716
7203580172,0.0008861828823499179,KISMET TECHNOLOGIES LLC,Modern,-7.028587215172034
7203580090,0.0006819520789988329,CUBRC/SUNY Buffalo (University at Buffalo),Modern,-7.290551167987147
7203590254,0.0007592694703080348,Colorado School of Mines,Modern,-7.183153810234149
7203591495,0.0004954119342051883,7203591495,Modern,-7.610120951160442
5300006746,0.000398727408405023,5300006746,Modern,-7.827232561507794
7203590541,0.000537914941178413,West Virginia University Research Corporation,Modern,-7.527810112200773
7203592597,0.0009358526460140599,7203592597,Modern,-6.97405252335216
0028217000,0.0009358526460140599,St. John Fisher College,Modern,-6.97405252335216
6250014015,0.003702492957735883,6250014015,Modern,-5.5987489138536
7203589798,0.00045158024237789546,7203589798,Modern,-7.70275747691622
P269966290,0.002331071576719774,P269966290,Modern,-6.061427212956461
6250001889,0.002331071576719774,6250001889,Modern,-6.061427212956461
P269870317,0.0016701327064573355,P269870317,Modern,-6.394852190766133
6250040039,0.0008964623081032505,6250040039,Modern,-7.017054309190273
6250038221,0.0017127608393414223,6250038221,Modern,-6.3696486844827405
7203591798,0.0018141718806500623,7203591798,Modern,-6.312126179490111
7203583630,0.0030302659687606137,7203583630,Modern,-5.799104884844314
5300019732,0.0030302659687606137,5300019732,Modern,-5.799104884844314
0083188000,7.4971342904771475e-06,0083188000,Modern,-11.800989705041799
0017806000,0.00049563551877626,Western Illinois University,Modern,-7.609669742544361
0098962000,7.497134290477149e-06,Oakton Community College,Modern,-11.800989705041799
6250035890,0.00033233200134940617,6250035890,Modern,-8.009376084654287
7203591545,0.002343418718182795,"BEYOND SILICON, INC.",Modern,-6.056144425144643
7203588026,0.00044297743161535505,7203588026,Modern,-7.7219917336517145
P270004719,0.0013242520711963831,P270004719,Modern,-6.626907453488466
P269873550,0.0010902612762294396,P269873550,Modern,-6.8213379085024615
0010710000,0.000715833632310874,0010710000,Modern,-7.242062775110441
0001180000,6.676662425243244e-05,Cape Fear Community College,Modern,-9.614307239221436
0032524000,0.0017813435739776455,Delaware Valley University,Modern,-6.33038738256773
6250004980,0.0007225490203494207,Higher Education Policy Commission,Modern,-7.2327252920447815
4004453000,0.005789797912196008,4004453000,Modern,-5.151657890908598
5300007468,3.493495703322563e-05,5300007468,Modern,-10.262022595866853
7203580547,0.0007029511862648013,"Forward Edge AI, Inc.",Modern,-7.260223104887607
P269966628,0.0007819878993025983,P269966628,Modern,-7.153671291576285
6250032620,0.0009844517680296701,6250032620,Modern,-6.923425652421247
6250035271,0.0016832708107926168,6250035271,Modern,-6.387016467156159
4202529000,0.0014902224102874108,4202529000,Modern,-6.508829901514956
0024901000,6.793172611742476e-05,Missouri Western State University,Modern,-9.597007384846526
0024950000,0.002473563649373127,Truman State University,Modern,-6.002095395113688
0019257000,0.0018956090391778712,Kansas City Kansas Community College,Modern,-6.268215099377319
0033274000,0.002040758733626266,Slippery Rock University of Pennsylvania,Modern,-6.194433612026009
7203588992,0.0013213834805141788,Duke University,Modern,-6.62907599994945
7203589534,0.001379074392432301,"LITTLE ROOM INNOVATIONS, LLC",Modern,-6.586342734974626
6250034473,0.00238231096670713,6250034473,Modern,-6.039684267994131
6250003657,0.00238231096670713,6250003657,Modern,-6.039684267994131
7203592371,0.0006819520789988329,7203592371,Modern,-7.290551167987147
7203591886,0.0010506939683163003,7203591886,Modern,-6.858304410919599
7203579596,0.0019098137806428381,7203579596,Modern,-6.260749538722379
4007225000,0.0007597909202737461,Sloan Kettering Institute For Cancer Research,Modern,-7.182467267435158
7203589613,0.0021027859604837353,7203589613,Modern,-6.164492165623096
7203589952,0.00355358744352906,7203589952,Modern,-5.639797638281204
P269946738,0.00355358744352906,P269946738,Modern,-5.639797638281204
0021899000,0.0005660334835692556,Westfield State College,Modern,-7.476857323261303
5300019907,0.0022230879424610644,5300019907,Modern,-6.108858084521176
7203588819,8.453640417103628e-05,GUARDIANSAT LLC,Modern,-9.378328297784686
6250025847,0.0032367319406571343,Ednovo,Modern,-5.733191118509026
7203594285,0.0006733869565685665,7203594285,Modern,-7.30319042093994
P270080207,0.0014231719367243268,University of Oregon,Modern,-6.554867140241344
7203596369,0.0004954119342051883,7203596369,Modern,-7.610120951160442
6250002105,0.0015131321038774185,6250002105,Modern,-6.493573535444529
7203590447,0.001918961936462411,"SIXLINE SEMICONDUCTOR, INC.",Modern,-6.2559708972432295
6250015942,0.0015018845349437997,6250015942,Modern,-6.5010346028003605
6250005704,0.00039276179958678143,University of Puerto Rico in Ponce,Modern,-7.84230723777435
7203591259,0.00048637459989833,7203591259,Modern,-7.628531449279622
P270068251,0.001135568640943035,University of Missouri,Modern,-6.780621748273838
7203577343,3.7931262162727026e-05,7203577343,Modern,-10.179734926710406
7203586353,0.0017388993827058897,7203586353,Modern,-6.354502904567464
7203580170,0.0016703765270328988,REVTERRA CORPORATION,Modern,-6.394706212677791
0011023000,0.00047822328517170874,Ouachita Baptist University,Modern,-7.645432810750986
7203589037,0.0010142910835174949,Himet Materials LLC,Modern,-6.893565350395394
7203589273,0.0016868469178491596,7203589273,Modern,-6.384894221770866
7203589234,0.0016868469178491596,"FOUNDATION FOR PUERTO RICO, INC.",Modern,-6.384894221770866
5300018568,0.00032908815438451223,5300018568,Modern,-8.019184896632659
P270011331,0.0016703765270328988,University of Minnesota Twin Cities,Modern,-6.394706212677791
0002378000,3.407806237228081e-05,Northern New Mexico College,Modern,-10.286856712892932
7203578808,0.0019709063587109144,University of Washington,Modern,-6.2292617614729355
7203589003,0.00015694029773424706,Southern Illinois University at Carbondale,Modern,-8.759645094145254
P270036105,0.0013706593003643545,P270036105,Modern,-6.59246341375962
7203587822,0.002399174315622466,7203587822,Modern,-6.032630635979214
7203588560,2.9969399097879213e-05,Rutgers School of Dental Medicine,Modern,-10.415333726957522
7203587542,0.0016703765270328988,LAKRIL TECHNOLOGIES CORPORATION,Modern,-6.394706212677791
7203577101,0.0014608072802048688,7203577101,Modern,-6.528766064425098
6250007423,5.6881708324849166e-05,6250007423,Modern,-9.77453673907977
0089607000,5.6881708324849166e-05,Rose State College,Modern,-9.77453673907977
7203591378,0.0017813435739776455,7203591378,Modern,-6.33038738256773
P269967650,0.002877880996916489,P269967650,Modern,-5.850701020601715
6250029469,0.004630500424997682,6250029469,Modern,-5.37509033357171
0034074000,0.003603328121800426,University of Utah,Modern,-5.625897382309031
0500639000,0.00033339772516659824,Texas State University - San Marcos,Modern,-8.006174410806436
4015293000,0.0003851542858514033,Marine Environmental Sciences Consortium,Modern,-7.861866561481131
0033159000,0.0017866425162407558,Bloomsburg University of Pennsylvania,Modern,-6.327417109688319
6250040982,0.00010538293599457982,Systems Research and Consulting,Modern,-9.157909832548473
7203591426,0.00010717312327544923,RESET WATER LLC,Modern,-9.141065056476105
5300004980,0.0025803183059009732,5300004980,Modern,-5.959842513278382
7203582081,0.000244831378527697,"Aidar Health, Inc",Modern,-8.314940835280291
7203586055,0.0014185034023354588,7203586055,Modern,-6.558152905173684
7203585713,0.0027880581134846687,7203585713,Modern,-5.88240994215308
7203589848,0.0013937873200566401,7203589848,Modern,-6.575730546392082
6250036796,0.0021394063971891513,6250036796,Modern,-6.147226872917622
0036434000,0.0002930838314888169,0036434000,Modern,-8.135051875573794
7203588059,0.0002493627251982644,SimplyBreathe LLC,Modern,-8.2966019937942
P270084478,0.0030926422766365006,University of Pennsylvania,Modern,-5.778729447759478
7203589733,0.0002441548523593997,7203589733,Modern,-8.31770789315318
7203582133,0.0014018375204180407,VIRTUAL APPRENTICE LLC,Modern,-6.56997138837093
6250005910,8.208523347273866e-05,Strategic Energy Innovations,Modern,-9.407752417941657
7203581080,0.001052272272466893,7203581080,Modern,-6.856803384021191
6250001272,0.0015333731079479908,6250001272,Modern,-6.480285324525552
0015222000,0.0016379688235408764,South Florida State College,Modern,-6.414298326979722
7203591570,0.00040072834217671664,7203591570,Modern,-7.822226811162157
7203591675,0.0011997297285751217,7203591675,Modern,-6.725658973742807
7203586742,0.0033781626144439303,7203586742,Modern,-5.690423322488185
7203593840,0.0033781626144439303,7203593840,Modern,-5.690423322488185
7203590687,0.0033781626144439303,7203590687,Modern,-5.690423322488185
6250032876,0.0033781626144439303,6250032876,Modern,-5.690423322488185
7203589742,0.0007570780315667377,7203589742,Modern,-7.186044229830304
6250035623,0.00012748247826069824,6250035623,Modern,-8.967531628215818
7203584806,0.0003077793219880175,7203584806,Modern,-8.086127518842108
P269985365,0.000547336258769412,University of Wyoming,Modern,-7.5104472117449905
P270024260,0.0011500750036294958,"University of Tennessee, Knoxville",Modern,-6.767928118186358
6250031597,0.0019518271063105777,6250031597,Modern,-6.238989367500814
P270079627,0.0015333731079479908,Indiana University Bloomington,Modern,-6.480285324525552
0002477000,0.0017131404111270742,Rowan University School of Osteopathic Medicine,Modern,-6.369427095032576
0023325000,0.0033604795472535593,American Mathematical Association of Two-Year Colleges,Modern,-5.695671592794004
6250026572,0.002968736385603545,6250026572,Modern,-5.819618876093802
5300008809,5.147864831854705e-06,5300008809,Modern,-12.17692852501358
7203583692,0.0028011010820463266,7203583692,Modern,-5.8777426955130005
7203593775,0.0004893711181775081,7203593775,Modern,-7.622389423454992
P270067539,0.003566816143668963,Vanderbilt University,Modern,-5.6360819176206665
4000028000,0.00033074843301227595,4000028000,Modern,-8.014152492660626
7203588676,0.0019518271063105777,North Carolina State University,Modern,-6.238989367500814
6250001940,0.0001438779830289142,6250001940,Modern,-8.846544957660782
0011080010,0.002496282351084623,University of Arkansas Agricultural Experiment Station,Modern,-5.992952713444568
5300001181,0.00031243331155811203,5300001181,Modern,-8.071119514575523
7203591391,0.00031243331155811203,7203591391,Modern,-8.071119514575523
7203588597,0.002383919232235013,7203588597,Modern,-6.039009409448995
7203588622,0.002235455506730485,7203588622,Modern,-6.103310265538862
0024695000,1.0129399612314986e-06,0024695000,Modern,-13.802653602735012
P270079936,0.0008468696540336123,Dartmouth College,Modern,-7.0739637664963695
5300001789,0.0017866425162407558,5300001789,Modern,-6.327417109688319
6250043310,0.0007597909202737461,Lehigh University,Modern,-7.182467267435158
P269991977,0.002700949835757564,P269991977,Modern,-5.914151776814487
6250042123,0.004904981994788943,6250042123,Modern,-5.317503856758716
P270016478,0.0009423494823675418,P270016478,Modern,-6.967134351801367
P270059418,2.5511783320246107e-05,P270059418,Modern,-10.576370121541013
0038844000,0.00011199498067916873,Ripon College,Modern,-9.097056503037983
7203589776,0.0014179483094292425,"GAIA AI, INC",Modern,-6.558544304689495
7203584169,0.000607829255201116,"CARE WEATHER TECHNOLOGIES, LLC",Modern,-7.4056165456996315
5300006919,0.005441021175694816,College of the Menominee Nation,Modern,-5.2137885196103815
5300019426,0.0005778763161794401,5300019426,Modern,-7.456150698038854
7203589389,0.0005778763161794401,7203589389,Modern,-7.456150698038854
7203589046,0.0017813435739776455,"FERMI ENERGY, INC.",Modern,-6.33038738256773
6250013449,0.001918961936462411,6250013449,Modern,-6.2559708972432295
7203591885,0.00041508267999909804,7203591885,Modern,-7.787032828663531
0023895000,0.0016703765270328988,Marian University,Modern,-6.394706212677791
P270078270,0.0006102853219765326,P270078270,Modern,-7.401583969208478
7203582703,0.0015159542222197143,INTELLIGENT MEDICINE INC,Modern,-6.491710188642869
6250020502,0.0015159542222197143,6250020502,Modern,-6.491710188642869
0103457000,0.0008104330270453217,0103457000,Modern,-7.11794185185563
7203589624,0.0010244064438323856,University of Kansas Center for Research,Modern,-6.883641913310791
7203589048,0.0010142910835174949,AI-NEOTECH LLC,Modern,-6.893565350395394
P270065202,0.0014111789805556069,University of Pennsylvania,Modern,-6.563329767553679
5300016405,0.005022975040452937,5300016405,Modern,-5.2937328832783495
7203582907,0.0011706029729418412,7203582907,Modern,-6.750236301436843
7203592234,0.0016152586872673932,7203592234,Modern,-6.428260157260076
6250028010,0.0017482323321930217,NEXTCORPS INC,Modern,-6.349150097427061
0032797000,0.0021486325823928515,Juniata College,Modern,-6.142923647370943
5300013288,0.0022821093582196935,5300013288,Modern,-6.08265510659596
7203590490,0.0014026636954010587,MECHANO THERAPEUTICS LLC,Modern,-6.569382210514806
7203588422,0.00461322238008133,BIOINDUSTRIAL MANUFACTURING AND DESIGN ECOSYSTEM,Modern,-5.378828668310348
6250040173,6.873057648814048e-05,6250040173,Modern,-9.585316385143829
7203591762,0.0032022288032048773,7203591762,Modern,-5.743908210619186
7203576394,0.0005852955117060469,7203576394,Modern,-7.443393690061362
0030098000,0.00013206567028093365,Air Force Institute of Tech,Modern,-8.932211256962772
6250039387,0.00244028182954519,6250039387,Modern,-6.015641742435127
7203594194,0.00244028182954519,7203594194,Modern,-6.015641742435127
7203591828,0.0012968579311087355,7203591828,Modern,-6.647810916186535
P270078389,0.0012233974254936132,Vanderbilt University,Modern,-6.706123515544477
6250026118,0.0016703765270328988,6250026118,Modern,-6.394706212677791
P270068081,0.001516813651329339,P270068081,Modern,-6.491143426418747
4014353000,0.0017866425162407558,4014353000,Modern,-6.327417109688319
0046268000,6.873057648814048e-05,0046268000,Modern,-9.585316385143829
7203592460,0.0007444722151993675,7203592460,Modern,-7.202835026618063
6250011253,0.0003527638809558409,6250011253,Modern,-7.949711617315729
7203587012,0.0001427393552844425,2INNOVATE LLC,Modern,-8.85449028114416
7203589841,0.0012127284381288205,7203589841,Modern,-6.714882550317703
4200127000,0.0034601416619813425,4200127000,Modern,-5.666445747981462
0049262000,0.0025269841529765615,0049262000,Modern,-5.980728721677436
7203589773,0.0015131321038774185,7203589773,Modern,-6.493573535444529
7203588921,4.0751584806469957e-05,COPPIN STATE UNIVERSITY,Modern,-10.108015828077319
6250039962,0.0011193544035888177,Onai Inc.,Modern,-6.795003185239232
0050278000,0.00017531655533270952,0050278000,Modern,-8.648917330492214
P270076918,0.0014231719367243268,P270076918,Modern,-6.554867140241344
6250008723,1.9094112595756785e-05,6250008723,Modern,-10.866130511487585
6250035813,0.0015565558524164998,6250035813,Modern,-6.465279685387823
4003064000,0.0015565558524164998,4003064000,Modern,-6.465279685387823
0037598000,7.867739308465893e-05,0037598000,Modern,-9.45015469813088
7203590252,6.192412223412939e-05,7203590252,Modern,-9.68960075735012
6250002041,0.0037081676112218653,Conservation International,Modern,-5.597217429705242
7203589691,0.00191935628547667,"LA LUCE CRISTALLINA, INC.",Modern,-6.255765417138223
0080788000,0.00022867552108325048,0080788000,Modern,-8.38320649771776
6250032571,0.0006445927927974203,6250032571,Modern,-7.346891769536818
7203591085,0.0011706029729418412,7203591085,Modern,-6.750236301436843
6250039004,0.0006517494959781998,University of South Florida,Modern,-7.335850278487057
6250030777,0.003070835299321446,6250030777,Modern,-5.785805669921771
7203579667,0.0015431790481083727,7203579667,Modern,-6.473910673377588
0016006000,0.0008995860065037635,Wesleyan College,Modern,-7.01357589324269
7203576320,0.0008995860065037635,Wesleyan College,Modern,-7.01357589324269
6250006255,0.000962866440961677,6250006255,Modern,-6.9455958463747365
7203588246,0.0009653267745573528,"VALCON LABS, INC.",Modern,-6.943043887461993
5022051000,0.0017813435739776455,5022051000,Modern,-6.33038738256773
0028852000,0.001118939518723639,Albany College of Pharmacy and Health Sciences,Modern,-6.79537390051107
0002238000,0.0018260469162008424,Oglala Lakota College,Modern,-6.305601803710711
7203591231,0.00016370017842644798,7203591231,Modern,-8.717473983627803
P270025573,0.0016703765270328988,P270025573,Modern,-6.394706212677791
7203590095,0.0019709063587109144,BANYU CARBON INC,Modern,-6.2292617614729355
7203587073,0.002343418718182795,7203587073,Modern,-6.056144425144643
7203590053,0.0009485168307365964,7203590053,Modern,-6.960611024164038
6250042862,0.0006392388321654345,OPAL HTM INC,Modern,-7.3552324141600005
0032102020,0.0013545091181435967,Oregon State University,Modern,-6.604316164720478
5300019738,0.001288090967928091,5300019738,Modern,-6.654594026520601
7203579796,0.001288090967928091,7203579796,Modern,-6.654594026520601
6250005348,0.0031159531545258017,National Society of Black Engineers,Modern,-5.771220184935874
P270067840,0.0006253176674281948,Northern Arizona University,Modern,-7.377250769467131
7203586689,0.0009653267745573528,SOFI TEC LLC,Modern,-6.943043887461993
7203589734,0.0013706593003643545,SYZYGY OPTICS LLC,Modern,-6.59246341375962
7203590650,2.0903742879447993e-05,ORION THERAPEUTICS INC.,Modern,-10.775582329886285
0023549000,0.004362168998234788,Hamline University,Modern,-5.4347858686623285
0024240000,0.0011312385380101806,Mississippi Valley State University,Modern,-6.784442195147165
P270067658,0.0007444722151993675,University of Arkansas,Modern,-7.202835026618063
6250032771,0.0047482749212919995,6250032771,Modern,-5.349973901364247
7203586242,0.00191935628547667,7203586242,Modern,-6.255765417138223
P270078367,0.0019098137806428381,P270078367,Modern,-6.260749538722379
7203596775,2.0189483530337778e-05,7203596775,Modern,-10.810348706435372
6250016001,0.005320609312214949,6250016001,Modern,-5.236167449815684
P270084686,0.0018260469162008424,University of Colorado Boulder,Modern,-6.305601803710711
6250028687,0.0018139449771382458,6250028687,Modern,-6.31225126008757
7203591336,0.0018139449771382458,7203591336,Modern,-6.31225126008757
7203589954,0.0017866425162407558,7203589954,Modern,-6.327417109688319
P270062316,0.0010061779624881537,"Cecchini, Gabriel George",Modern,-6.901596321868078
6250003000,0.0012432533801668543,Ann & Robert H. Lurie Children's Hospital of Chicago,Modern,-6.690023641558037
5300002265,0.0011500750036294958,5300002265,Modern,-6.767928118186358
7203588629,2.5277051914458076e-05,COSMIC PICTURE DISTRIBUTION LLC,Modern,-10.585613612793773
4083696000,2.5277051914458076e-05,4083696000,Modern,-10.585613612793773
5300019923,0.0006392388321654345,5300019923,Modern,-7.3552324141600005
7203577956,0.0016703765270328988,7203577956,Modern,-6.394706212677791
P270078135,0.0006128986495861036,State University of New York Albany,Modern,-7.397310970793495
6250016109,0.0009653267745573528,6250016109,Modern,-6.943043887461993
6250027852,0.0027880438271629267,6250027852,Modern,-5.882415066278103
5300019622,0.003404482522893043,5300019622,Modern,-5.682662326585626
7203579870,0.0014185034023354588,RenewCO2 Inc.,Modern,-6.558152905173684
7203591602,0.0011507335497924125,7203591602,Modern,-6.767355670574478
7203591215,0.0004155558506472092,7203591215,Modern,-7.785893534778563
6250016518,3.335947045632278e-05,"Inanovate, Inc.",Modern,-10.308168854211143
7203583632,0.001918961936462411,7203583632,Modern,-6.2559708972432295
7203582403,0.0010151378371079343,"HEXAKIT, INC.",Modern,-6.892730875602047
6250032865,0.0007592694703080348,6250032865,Modern,-7.183153810234149
7203588491,0.0012968579311087355,University of Georgia,Modern,-6.647810916186535
7203587789,0.000607829255201116,Brigham Young University,Modern,-7.4056165456996315
6250007467,8.714617903782262e-05,6250007467,Modern,-9.347923630472621
P270051897,0.0013647488930465153,"University of Califonia, Santa Barbara",Modern,-6.596784828406224
0013078000,0.0014956423961350906,Fresno City College,Modern,-6.505199468021121
P270020286,0.001052272272466893,P270020286,Modern,-6.856803384021191
P270085131,0.0008468696540336123,P270085131,Modern,-7.0739637664963695
7203585627,0.00022991737053076381,VIRGINIA COMMONWEALTH UNIVERSITY,Modern,-8.377790572151792
5300010874,0.0006421488758588436,5300010874,Modern,-7.350690387296411
6250028671,0.0009423494823675418,6250028671,Modern,-6.967134351801367
6250019580,0.0017866425162407558,6250019580,Modern,-6.327417109688319
9000002027,0.0020824616438280337,9000002027,Modern,-6.174204602422772
7203591326,0.0019246734852119934,PSI CHI INC,Modern,-6.252998943700853
P269791300,0.003059594389018463,P269791300,Modern,-5.789472924412067
7203591805,0.0029401922260118758,7203591805,Modern,-5.829280316771685
P270034757,0.002343418718182795,P270034757,Modern,-6.056144425144643
P270084655,0.0010902612762294396,P270084655,Modern,-6.8213379085024615
7203583532,0.0018765453437259777,VORTEX SPACE SYSTEMS LLC,Modern,-6.278322775691813
7203590213,0.0007029511862648013,7203590213,Modern,-7.260223104887607
7203591502,0.001516813651329339,"SONOVOICE, INC.",Modern,-6.491143426418747
P270098298,0.0020369697252644605,The University of Michigan,Modern,-6.196292004261042
7203589386,0.0004909067756489249,7203589386,Modern,-7.619256314492109
0036780000,0.0005890532262854478,Southern Utah University,Modern,-7.436994011187666
7203592817,0.0014184295427933293,7203592817,Modern,-6.558204975168692
7203591997,0.0019518271063105777,FREESCALE LLC,Modern,-6.238989367500814
0500727000,7.490146229310769e-05,0500727000,Modern,-9.499337144359211
7203590291,0.0008690262477874542,7203590291,Modern,-7.0481372285664765
7203589509,0.0014179483094292425,ADVANCED OPTRONICS,Modern,-6.558544304689495
7203593430,0.0028576243790625296,7203593430,Modern,-5.857764636011609
6250011716,0.0016635663263773756,6250011716,Modern,-6.398791591718161
7203594328,0.0004053520720567558,7203594328,Modern,-7.810754554771683
7203592469,0.0011706029729418412,University of Pittsburgh,Modern,-6.750236301436843
7203592803,0.0020924244859895926,7203592803,Modern,-6.169431844189897
7203576623,0.0015834231913126788,7203576623,Modern,-6.448166198806046
4202842000,0.0022156461875984853,4202842000,Modern,-6.112211185480597
0020800000,0.0003674527069354302,0020800000,Modern,-7.908915936203547
6250008414,0.0022827249142890024,Denver Health and Hospital Authority,Modern,-6.082385411778453
7203590734,0.0004375963583667747,7203590734,Modern,-7.734213628722083
7203585014,0.0004375963583667747,7203585014,Modern,-7.734213628722083
7203577263,0.0003690405542728026,7203577263,Modern,-7.904604016784332
6250004893,0.0003234867529826899,6250004893,Modern,-8.036352393910626
7203593542,0.0013545091181435967,7203593542,Modern,-6.604316164720478
7203594396,0.0019709063587109144,HENSUN INNOVATION LLC,Modern,-6.2292617614729355
7203591986,5.627968980621884e-05,SANGTERA INC,Modern,-9.785176837349855
6250002089,0.003779241181678822,6250002089,Modern,-5.5782320350903465
7203590820,0.006940512119760796,"PURDUE APPLIED RESEARCH INSTITUTE, LLC",Modern,-4.970379714713217
7203591561,0.002653685018615213,7203591561,Modern,-5.931806031873002
0010470000,0.0002562501498775806,Troy University,Modern,-8.269356442623709
6250015977,0.00041841169638582177,6250015977,Modern,-7.7790446905712605
7203591318,0.0017813435739776455,"MITO-BIOTHERAPEUTICS, INC.",Modern,-6.33038738256773
6250015848,0.0007592694703080348,6250015848,Modern,-7.183153810234149
P269870269,0.0030264656202106106,P269870269,Modern,-5.8003598022838325
7203591556,0.004175301457107978,Thomas Jefferson Foundation Inc,Modern,-5.478568717990671
7203593670,0.004175301457107978,7203593670,Modern,-5.478568717990671
P270097762,0.0016152586872673932,Massachusetts Institute of Technology,Modern,-6.428260157260076
6250030005,0.0017801505188465361,6250030005,Modern,-6.3310573571034965
6250022588,0.000529858735944652,6250022588,Modern,-7.5429001228986134
7203592859,0.00010631488254041869,7203592859,Modern,-9.149105277332268
7203592374,0.00011119377028812813,7203592374,Modern,-9.104236200305891
P270065647,0.0017370005794344777,Columbia University,Modern,-6.35559545813976
7203591858,0.00022554013997350323,7203591858,Modern,-8.397012410545342
7203594747,0.0012127284381288205,7203594747,Modern,-6.714882550317703
7203591530,0.0010391504138148246,GFORCE ANIMATION INC,Modern,-6.86935180947493
6250009806,0.001147736642922685,6250009806,Modern,-6.769963412521754
0021840000,0.00018804977420286168,Fitchburg State University,Modern,-8.578803873777915
6250041648,0.0003674527069354302,6250041648,Modern,-7.908915936203547
7203592646,0.0012630085984861137,7203592646,Modern,-6.674258627651119
7203591214,0.0032152626750773282,7203591214,Modern,-5.73984622165111
7203590785,0.0007819878993025983,NEW MEXICO TRADE ALLIANCE,Modern,-7.153671291576285
P270036979,0.0011442117763040278,P270036979,Modern,-6.773039284010088
7203593964,0.0011442117763040278,7203593964,Modern,-6.773039284010088
0010835040,0.0016777312464275175,0010835040,Modern,-6.390312846799444
P270050662,0.00045158024237789546,Oklahoma State University,Modern,-7.70275747691622
7203592528,0.00035776600714908273,SIGNAL-WISE LLC,Modern,-7.935631396575983
6250012558,0.00028246416849297474,6250012558,Modern,-8.171958852615305
6250035690,0.0018880231033369963,6250035690,Modern,-6.272224974396731
4303251000,0.00037672202579421845,4303251000,Modern,-7.8840029745901035
7203593072,0.0013213834805141788,DINYA DNA LLC,Modern,-6.62907599994945
0034090000,0.001585710397541304,Rhode Island School of Design,Modern,-6.446722771723148
7203591684,0.0012432533801668543,"TEMPRIAN ONCOLOGY, INC.",Modern,-6.690023641558037
7203576294,0.0018260469162008424,7203576294,Modern,-6.305601803710711
P270066899,0.0019709063587109144,University of Washington,Modern,-6.2292617614729355
P270062048,0.0007125133707028073,University of Texas Southwestern Medical Center,Modern,-7.246711880098869
6250017056,0.00014772890088194908,6250017056,Modern,-8.820131714704809
P270051692,4.9628299656706844e-05,P270051692,Modern,-9.910949329344595
7203594873,0.0008964623081032505,7203594873,Modern,-7.017054309190273
0001610000,0.00013338200283947158,SUNY Empire State College,Modern,-8.92229334483243
7203582193,0.0019098137806428381,"Corsha, Inc.",Modern,-6.260749538722379
7203591652,1.5337674800044516e-05,7203591652,Modern,-11.085198351086271
6250036181,0.00037872669897659245,6250036181,Modern,-7.878695723887062
P270101737,0.0009933783354252707,CIWRO,Modern,-6.9143989640397345
6250028495,0.0018928212286124801,6250028495,Modern,-6.269686849348438
P270077787,0.0018260469162008424,"University of California, Davis",Modern,-6.305601803710711
4037347000,0.002892886105681024,4037347000,Modern,-5.845500622694666
7203593431,0.0007125133707028073,Adavance Nanolytics Inc,Modern,-7.246711880098869
P270089690,0.0006703987941140902,P270089690,Modern,-7.30763780755385
5300004604,6.38881778507812e-06,Kentucky Science & Technology Corporation,Modern,-11.96096131685124
7203595385,9.595787026738806e-08,7203595385,Modern,-16.1593565931834
7203593399,0.00022846210150339463,DURAVAX INC,Modern,-8.384140219139129
0019265000,0.0024700980908592377,0019265000,Modern,-6.003497416232311
7203589800,0.0002658530848262548,7203589800,Modern,-8.232566714446662
7203581821,0.0007125133707028073,"SEMERGYTECH, INC.",Modern,-7.246711880098869
P270049622,0.0005890532262854478,University of Idaho,Modern,-7.436994011187666
P270101112,0.0016079622178825968,P270101112,Modern,-6.4327876048430745
5300020205,0.002372463329027625,5300020205,Modern,-6.043826484279257
7203591008,0.0019813456143811074,THE INDUSTRIAL COMMONS,Modern,-6.223979061878608
0029736000,0.0019813456143811074,0029736000,Modern,-6.223979061878608
5300001275,2.4656081739119897e-05,5300001275,Modern,-10.610486964210313
P270096140,0.0015709281588683383,University of Southern California,Modern,-6.456088650309763
P270069659,0.0014399458398233348,P270069659,Modern,-6.543149777335343
7203593599,0.0014399458398233348,7203593599,Modern,-6.543149777335343
7203592761,0.00012638165259285203,SHAKOPEE MDEWAKANTON SIOUX COMMUNITY,Modern,-8.976204240324874
7203580713,0.00011487410551919322,7203580713,Modern,-9.07167376387636
0025791000,0.0005092306291150084,0025791000,Modern,-7.582609541646591
0022418000,0.0007630428043438986,Calvin University,Modern,-7.178196428195832
7203591260,0.0012233974254936132,7203591260,Modern,-6.706123515544477
7203594038,0.00040804544016195257,7203594038,Modern,-7.8041320168156565
7203593039,0.0022954777998239603,7203593039,Modern,-6.076814265494074
7203582676,0.001918961936462411,ATRILITY MEDICAL INC,Modern,-6.2559708972432295
7203578773,0.0008646807137262629,7203578773,Modern,-7.053150236252337
7203591047,0.0014018375204180407,7203591047,Modern,-6.56997138837093
P270022104,0.0008964623081032505,P270022104,Modern,-7.017054309190273
0028878000,0.0006128986495861036,0028878000,Modern,-7.397310970793495
0032821000,2.5703632294231656e-05,King's College,Modern,-10.568878241643965
7203590894,0.00022991737053076381,VIRGINIA BIOTECHNOLOGY RESEARCH PARK,Modern,-8.377790572151792
6250044020,0.0012233974254936132,6250044020,Modern,-6.706123515544477
7203586957,0.00030406416625196,INA SOLUTIONS INC.,Modern,-8.09827180563363
P270090891,0.0012689099487443584,New York University,Modern,-6.669597055144227
7203579216,0.0020369697252644605,NEWHAPTICS CORP.,Modern,-6.196292004261042
7203593751,3.1078392455871544e-06,7203593751,Modern,-12.681582849580598
7203594816,0.0011217738503935329,7203594816,Modern,-6.792844051561504
7203590665,0.00191935628547667,"GROUP1, INC.",Modern,-6.255765417138223
0021410000,0.001312517385290092,College of the Holy Cross,Modern,-6.6358083176509135
6250034057,0.0011500750036294958,Three3,Modern,-6.767928118186358
7203585809,0.0010391504138148246,Data Elevate LLC (dba Data Elevates),Modern,-6.86935180947493
7203590431,0.005337600253956453,7203590431,Modern,-5.23297911766113
6250031260,0.0006963198418410737,"Elsevier, Inc.",Modern,-7.2697014603122385
4003430000,0.0014874520101494767,Genetics Society of America,Modern,-6.510690683149307
7203593098,0.0016777312464275175,7203593098,Modern,-6.390312846799444
0075325000,0.0010508709464634343,0075325000,Modern,-6.858135985812853
7203592261,0.001263541468107706,ADDEN ENERGY INC,Modern,-6.673836811644748
7203576034,0.0016379688235408764,7203576034,Modern,-6.414298326979722
7203589806,0.0010602612750395908,7203589806,Modern,-6.84923991534441
6250008639,0.0010506939683163003,6250008639,Modern,-6.858304410919599
0025510000,0.0020247815494012027,0025510000,Modern,-6.202293461081672
7203592558,0.0011193544035888177,"SONOVANCE, INC.",Modern,-6.795003185239232
7203584024,0.0037073462522899145,7203584024,Modern,-5.597438954187679
7203587467,0.00029678113206430543,7203587467,Modern,-8.122515619903693
0010975000,0.0012968579311087355,Harding University Main Campus,Modern,-6.647810916186535
7203590367,0.0017370005794344777,ECHOICS,Modern,-6.35559545813976
0033944000,3.602189198304262e-05,Wilkes University,Modern,-10.231383693692441
7203593104,0.0010506939683163003,7203593104,Modern,-6.858304410919599
6250023327,0.0012033206514550261,6250023327,Modern,-6.7226703343180345
P270092990,0.002343418718182795,P270092990,Modern,-6.056144425144643
6250035718,0.0023991848988129012,6250035718,Modern,-6.032626224808661
7203590539,0.0013242520711963831,7203590539,Modern,-6.626907453488466
6250005021,0.0002709610143276983,6250005021,Modern,-8.213535606002589
7203593878,4.25181558476118e-05,7203593878,Modern,-10.065579376841917
7203593549,0.0010521691226823245,7203593549,Modern,-6.8569014145815945
7203593776,0.0017370005794344777,Retrn Bioworks Inc.,Modern,-6.35559545813976
0002709000,0.00043377978782347136,0002709000,Modern,-7.742973553963892
P270101643,0.0006595183400612259,P270101643,Modern,-7.324000777154561
0019802000,6.387326705185205e-06,0019802000,Modern,-11.96119473310617
P270080094,0.001379074392432301,"Harvard University, Department of Mathematics",Modern,-6.586342734974626
6250013794,6.501253363486699e-05,6250013794,Modern,-9.640930481505217
7203589581,0.001813374614763914,7203589581,Modern,-6.31256574154672
7203593788,0.00010538293599457982,7203593788,Modern,-9.157909832548473
7203579633,0.0006552211391448153,UNITED STATES COAST GUARD ACADEMY SPONSORED PROGRAMS AND RESEARC,Modern,-7.330537762293837
0035022000,0.0006552211391448153,0035022000,Modern,-7.330537762293837
0021089000,0.0017057932943861124,Washington College,Modern,-6.373725001153874
0020438000,0.0006552211391448153,0020438000,Modern,-7.330537762293837
7203577105,0.0019177563979967407,University of Minnesota-Twin Cities,Modern,-6.2565993189308555
7203577434,0.0008378986312985792,7203577434,Modern,-7.084613429836546
7203591646,0.0010142910835174949,7203591646,Modern,-6.893565350395394
7203593825,0.0011706029729418412,"INFORMUTA, INC.",Modern,-6.750236301436843
5300009667,0.0024937977371424272,5300009667,Modern,-5.993948534795565
5300005360,0.001399463881980453,5300005360,Modern,-6.571666057144256
7203589577,0.0023788738438342717,7203589577,Modern,-6.041128078140853
7203587287,8.775222646504443e-05,7203587287,Modern,-9.340993323119164
7203588661,0.00010880723802975299,"INIA BIOSCIENCES, INC.",Modern,-9.12593269974643
7203592564,0.0010521691226823245,PIRVISION LENS LLC,Modern,-6.8569014145815945
7203576397,0.0010602612750395908,7203576397,Modern,-6.84923991534441
7203594878,0.0006819520789988329,7203594878,Modern,-7.290551167987147
P270084572,0.0011193544035888177,Stanford University,Modern,-6.795003185239232
0026864001,0.0030259105273043943,Research Foundation of the City University of New York,Modern,-5.80054323202919
7203592741,9.092753570591038e-05,7203592741,Modern,-9.305447679595447
7203596506,0.002881418440840204,7203596506,Modern,-5.849472591898957
0034835000,0.00033233200134940617,Columbia State Community College,Modern,-8.009376084654287
6250022183,0.0004954119342051883,6250022183,Modern,-7.610120951160442
4004743000,0.00016263940513148818,Nantucket Maria Mitchell Association,Modern,-8.72397504622903
P269992958,0.0009704798021007153,P269992958,Modern,-6.937719967420604
7203593533,0.00048664495088588316,7203593533,Modern,-7.627975754392932
0107649000,5.159067987073756e-05,0107649000,Modern,-9.872169524451119
P269744032,0.0016670508710107676,P269744032,Modern,-6.396699159175939
P269788935,0.0027599357520740153,P269788935,Modern,-5.892547877758073
7203589906,0.0018765453437259777,"GROUND CONTROL ROBOTICS, INC.",Modern,-6.278322775691813
0077313000,0.0010756138557844388,0077313000,Modern,-6.834863751740636
0039867000,0.0010756138557844388,0039867000,Modern,-6.834863751740636
7203593152,0.00209173827165104,7203593152,Modern,-6.169759849759686
5300019565,0.0010506939683163003,"Puerto Rico Science, Technology & Research Trust",Modern,-6.858304410919599
7203587696,0.0017127608393414223,"AERHART, LLC",Modern,-6.3696486844827405
0036889000,0.0006195131842207472,0036889000,Modern,-7.386576575086432
0036830000,0.0006195131842207472,0036830000,Modern,-7.386576575086432
P270097222,0.0005592534289860003,Montana State University,Modern,-7.4889078262118485
0026047000,0.0009687627087727061,Fairleigh Dickinson University,Modern,-6.939490858649651
7203586403,0.00191935628547667,7203586403,Modern,-6.255765417138223
P270068463,0.0014026636954010587,Colorado State University,Modern,-6.569382210514806
7203579458,0.0006703987941140902,7203579458,Modern,-7.30763780755385
0031559000,0.0005076125371189882,0031559000,Modern,-7.5857921236130785
7203580752,0.0018765453437259777,"AUDIOT, INC.",Modern,-6.278322775691813
7203585052,0.004463134655163167,7203585052,Modern,-5.411903922344227
4301396000,0.00264312140895165,4301396000,Modern,-5.935794708375796
5300019911,1.3359709882702025e-05,HAWAII SCIENCE AND TECHNOLOGY MUSEUM,Modern,-11.223267105458172
7203593810,0.0001313985338882293,7203593810,Modern,-8.937275609599837
7203593808,0.0001313985338882293,7203593808,Modern,-8.937275609599837
7203578806,0.0001313985338882293,Sierra Streams Institute,Modern,-8.937275609599837
7203588125,6.169360523596724e-05,7203588125,Modern,-9.693330275277267
7203589286,0.0006234250885070482,"FLO MATERIALS, INC.",Modern,-7.380281946803282
P270094049,0.0033005111933647217,University of Michigan,Modern,-5.713677915426347
7203596733,0.0003234867529826899,7203596733,Modern,-8.036352393910626
P270048786,0.0019575889845977216,P270048786,Modern,-6.236041672845043
5300004960,0.0018990820662613875,5300004960,Modern,-6.266384632571593
7203594106,0.002068976613943928,7203594106,Modern,-6.180701183354661
7203594294,0.0018260469162008424,7203594294,Modern,-6.305601803710711
0012211000,0.00013198631671839932,Los Angeles Pierce College,Modern,-8.932812301975346
0010991000,0.00010126658454607848,Hendrix College,Modern,-9.197754067405091
P270098491,0.0014231719367243268,University of Chicago,Modern,-6.554867140241344
0102566000,0.00019191828133402014,0102566000,Modern,-8.558440894589543
6250008292,0.0023068069210152448,The Texas A&M University System,Modern,-6.071890995960808
6250025461,0.0028258552885161207,Pontchartrain Conservancy,Modern,-5.868944203208527
7203587654,0.00013331937055269594,"ETHAR, INC.",Modern,-8.922763025862794
P270085459,0.0021502202533587333,University of Illinios Urbana-Champaign,Modern,-6.142184998666868
P270053963,0.0021502202533587333,P270053963,Modern,-6.142184998666868
6250015395,0.0005174053563868,6250015395,Modern,-7.566683935759554
7203587560,0.003612689432434153,7203587560,Modern,-5.623302788874357
7203594600,0.0014940603265685148,7203594600,Modern,-6.50625781385747
P269853154,0.0007066856678197509,P269853154,Modern,-7.254924590903637
7203590424,0.00011871429763282742,"CENTER ON RURAL INNOVATION, INC",Modern,-9.038790811767283
P270095617,0.0013215817125802193,Princeton University,Modern,-6.628925992626667
0033423000,0.003134501830692334,0033423000,Modern,-5.765285023204375
7203594576,0.0013242520711963831,7203594576,Modern,-6.626907453488466
P270099507,0.0034357755877843046,P270099507,Modern,-5.673512589046515
5300008338,0.0010902612762294396,5300008338,Modern,-6.8213379085024615
7203592282,5.09013947325131e-05,7203592282,Modern,-9.88562023335859
6250018970,0.002837958521537968,6250018970,Modern,-5.864670315735881
6250015886,0.0011500750036294958,6250015886,Modern,-6.767928118186358
7203596926,0.0011507335497924125,7203596926,Modern,-6.767355670574478
P270065814,0.0012689099487443584,New York University,Modern,-6.669597055144227
0012872000,0.00013287362048263282,0012872000,Modern,-8.926112103424671
7203578716,0.00013287362048263282,7203578716,Modern,-8.926112103424671
0088542000,0.0006313019693763348,New Mexico State University Dona Ana Branch Community College,Modern,-7.367726253038559
6250007597,0.0017813435739776455,6250007597,Modern,-6.33038738256773
6250041304,0.002969900274823321,6250041304,Modern,-5.819226904231831
7203590443,0.0017182604556303127,MICHIGAN STATE UNIVERSITY RESEARCH FOUNDATION,Modern,-6.36644286293506
7203590788,0.0017182604556303127,7203590788,Modern,-6.36644286293506
4049219000,0.0017182604556303127,4049219000,Modern,-6.36644286293506
7203587338,0.0008963901429112091,UNIVERSITY OF SOUTH CAROLINA,Modern,-7.017134812404065
7203594090,0.00019299767656256878,7203594090,Modern,-8.552832407667765
6250002003,0.002902905613955988,6250002003,Modern,-5.842043107745516
4000394000,0.0012272386986476149,4000394000,Modern,-6.702988593748394
0023960000,0.0010270679439539241,Alcorn State University,Modern,-6.881047192527911
6250038504,0.0001799264979798927,6250038504,Modern,-8.622962135025556
7203592077,0.0013706593003643545,7203592077,Modern,-6.59246341375962
7203591280,0.00302155998914692,7203591280,Modern,-5.801982028265122
0024141000,0.00014858511383617604,Millsaps College,Modern,-8.814352606767375
6250028942,0.00039246280373202033,6250028942,Modern,-7.843068792794272
6250015122,0.0008964623081032505,6250015122,Modern,-7.017054309190273
7203590879,0.0007395807558271196,7203590879,Modern,-7.209427078493555
5300000725,0.0007395807558271196,5300000725,Modern,-7.209427078493555
6250044029,0.0014231719367243268,CURRENT INNOVATION NFP,Modern,-6.554867140241344
6250037033,0.0013647488930465153,6250037033,Modern,-6.596784828406224
7203591994,0.0009933783354252707,AMERICAN PRIME SUSTAINABLE SOLUTIONS LLC,Modern,-6.9143989640397345
6250033834,0.0015424429169370879,6250033834,Modern,-6.474387809717419
P270033903,0.0020369697252644605,"Prokhorov, Andrei",Modern,-6.196292004261042
4004826000,0.001918961936462411,4004826000,Modern,-6.2559708972432295
7203586078,0.0001417407738091138,7203586078,Modern,-8.861510705241106
7203585013,0.0016777312464275175,7203585013,Modern,-6.390312846799444
6250036869,0.0034104373152920686,Rich Earth LLC,Modern,-5.680914750955707
6250033270,0.0034104373152920686,6250033270,Modern,-5.680914750955707
7203585746,0.0024344691200630796,7203585746,Modern,-6.018026566725485
0018259001,0.00209173827165104,0018259001,Modern,-6.169759849759686
P270099717,0.00132266953002777,P270099717,Modern,-6.628103213390419
7203579584,0.0018260469162008424,7203579584,Modern,-6.305601803710711
6250012499,0.000597595259476093,Sitka Tribe of Alaska,Modern,-7.422596856780722
P270065719,0.0019483735796380966,P270065719,Modern,-6.240760316153543
7203592219,0.001379074392432301,7203592219,Modern,-6.586342734974626
7203593232,0.0003919217730463119,iHnnova LLC,Modern,-7.844448296643597
P270096437,0.00017150172316163828,"The Graduate Center, City University of New York",Modern,-8.670917243819028
7203594944,0.0016814632960883388,7203594944,Modern,-6.388090855099296
7203592431,0.0019709063587109144,7203592431,Modern,-6.2292617614729355
6250038797,0.0019397234449494562,6250038797,Modern,-6.245209870218473
7203595298,0.002343418718182795,7203595298,Modern,-6.056144425144643
7203594828,0.0020369697252644605,"NEW GROWTH INNOVATION NETWORK, INC",Modern,-6.196292004261042
P269971349,0.00016510086058089363,P269971349,Modern,-8.708953994569077
0011627000,0.00016510086058089363,Chabot College,Modern,-8.708953994569077
6250018667,0.0018880231033369963,6250018667,Modern,-6.272224974396731
0020164000,0.0005606490525246,0020164000,Modern,-7.48641542301761
7203593574,7.92055138535418e-05,ONCOBLAZE LLC,Modern,-9.443464642204308
7203592762,0.003956326010733685,7203592762,Modern,-5.532439459432672
7203594851,0.0016152586872673932,7203594851,Modern,-6.428260157260076
7203594675,0.0007457078469896487,7203594675,Modern,-7.201176660485247
P270083002,0.001263541468107706,Harvard University,Modern,-6.673836811644748
5300020271,0.0015709281588683383,5300020271,Modern,-6.456088650309763
P270097613,0.0016152586872673932,Massachusetts Institute of Technology,Modern,-6.428260157260076
7203591098,0.0026400812543697937,7203591098,Modern,-5.936945584127174
7203589475,0.000690145862477137,"MATHINVESTMENTS, INC.",Modern,-7.2786075878193195
6250016762,0.0006128986495861036,6250016762,Modern,-7.397310970793495
7203588880,0.0016379688235408764,"MICRO-GRX, INCORPORATED",Modern,-6.414298326979722
7203592499,0.0020369697252644605,7203592499,Modern,-6.196292004261042
7203591015,0.0005460536191592862,7203591015,Modern,-7.512793383452589
0101766000,0.0005460536191592862,0101766000,Modern,-7.512793383452589
7203591856,0.0017688809252751538,PROVIZIGEN LLC,Modern,-6.3374081779551945
P269967065,0.0030462121891274086,P269967065,Modern,-5.793856365370284
7203589555,0.0012432533801668543,7203589555,Modern,-6.690023641558037
5300001770,0.00191935628547667,5300001770,Modern,-6.255765417138223
0068361000,0.00023148104768493203,Motlow State Community College,Modern,-8.371012555241006
7203588972,0.0004999709765382403,NEARABL INC.,Modern,-7.60096050815039
7203592880,0.0017866425162407558,7203592880,Modern,-6.327417109688319
7203589783,0.0018956090391778712,Vytal plant science Research LLC,Modern,-6.268215099377319
7203589843,0.006617625229700585,Purdue University,Modern,-5.018018700022341
7203590656,0.0018880231033369963,"SAMARA AEROSPACE, INC.",Modern,-6.272224974396731
0018671000,8.582261160002405e-05,Grand View College,Modern,-9.363228047728699
P270087967,0.0017813435739776455,P270087967,Modern,-6.33038738256773
6250041512,0.002343418718182795,Goeppert LLC,Modern,-6.056144425144643
7203588977,0.0011044704058826731,LASER GRAPHICTRONICS LLC,Modern,-6.808389329593743
7203589612,0.0023605663349504733,7203589612,Modern,-6.048853716296756
5300009053,0.0001544381855287631,5300009053,Modern,-8.775716635350262
7203592759,0.001379074392432301,7203592759,Modern,-6.586342734974626
7203593050,0.0018260469162008424,IRRADIANT SENSING CORPORATION,Modern,-6.305601803710711
6250034155,0.000537914941178413,6250034155,Modern,-7.527810112200773
7203594524,0.00013357189557143263,"GREENKEY, LLC",Modern,-8.920870681480297
P270076387,6.0802403698958355e-05,Pomona College,Modern,-9.70788123525128
7203588780,0.0017813435739776455,"LITERASEED, INC.",Modern,-6.33038738256773
7203590700,0.0014766811893985236,7203590700,Modern,-6.517958148834437
7203591729,0.0019709063587109144,"VUEMEN, INC.",Modern,-6.2292617614729355
7203586988,0.0010244064438323856,ZENOLEAP LLC,Modern,-6.883641913310791
7203588636,0.00209173827165104,EARTHEN INC.,Modern,-6.169759849759686
7203577407,0.0007781880163912047,7203577407,Modern,-7.15854239666988
7203591864,0.000537914941178413,VIADUCT TECHNOLOGIES LLC,Modern,-7.527810112200773
